domain units: Hz
measurement data type: std::complex<double>
segment length (sec): 8
sampling rate (Hz): 2048
domain bounds (Hz): [0, 1024.125)
support bounds (Hz): [22, 1024)support indexes: [176, 8192)
---------------
domainValue measuredValue
0 (0,0)
0.125 (0,0)
0.25 (0,0)
0.375 (0,0)
0.5 (0,0)
0.625 (0,0)
0.75 (0,0)
0.875 (0,0)
1 (0,0)
1.125 (0,0)
1.25 (0,0)
1.375 (0,0)
1.5 (0,0)
1.625 (0,0)
1.75 (0,0)
1.875 (0,0)
2 (0,0)
2.125 (0,0)
2.25 (0,0)
2.375 (0,0)
2.5 (0,0)
2.625 (0,0)
2.75 (0,0)
2.875 (0,0)
3 (0,0)
3.125 (0,0)
3.25 (0,0)
3.375 (0,0)
3.5 (0,0)
3.625 (0,0)
3.75 (0,0)
3.875 (0,0)
4 (0,0)
4.125 (0,0)
4.25 (0,0)
4.375 (0,0)
4.5 (0,0)
4.625 (0,0)
4.75 (0,0)
4.875 (0,0)
5 (0,0)
5.125 (0,0)
5.25 (0,0)
5.375 (0,0)
5.5 (0,0)
5.625 (0,0)
5.75 (0,0)
5.875 (0,0)
6 (0,0)
6.125 (0,0)
6.25 (0,0)
6.375 (0,0)
6.5 (0,0)
6.625 (0,0)
6.75 (0,0)
6.875 (0,0)
7 (0,0)
7.125 (0,0)
7.25 (0,0)
7.375 (0,0)
7.5 (0,0)
7.625 (0,0)
7.75 (0,0)
7.875 (0,0)
8 (0,0)
8.125 (0,0)
8.25 (0,0)
8.375 (0,0)
8.5 (0,0)
8.625 (0,0)
8.75 (0,0)
8.875 (0,0)
9 (0,0)
9.125 (0,0)
9.25 (0,0)
9.375 (0,0)
9.5 (0,0)
9.625 (0,0)
9.75 (0,0)
9.875 (0,0)
10 (0,0)
10.125 (0,0)
10.25 (0,0)
10.375 (0,0)
10.5 (0,0)
10.625 (0,0)
10.75 (0,0)
10.875 (0,0)
11 (0,0)
11.125 (0,0)
11.25 (0,0)
11.375 (0,0)
11.5 (0,0)
11.625 (0,0)
11.75 (0,0)
11.875 (0,0)
12 (0,0)
12.125 (0,0)
12.25 (0,0)
12.375 (0,0)
12.5 (0,0)
12.625 (0,0)
12.75 (0,0)
12.875 (0,0)
13 (0,0)
13.125 (0,0)
13.25 (0,0)
13.375 (0,0)
13.5 (0,0)
13.625 (0,0)
13.75 (0,0)
13.875 (0,0)
14 (0,0)
14.125 (0,0)
14.25 (0,0)
14.375 (0,0)
14.5 (0,0)
14.625 (0,0)
14.75 (0,0)
14.875 (0,0)
15 (0,0)
15.125 (0,0)
15.25 (0,0)
15.375 (0,0)
15.5 (0,0)
15.625 (0,0)
15.75 (0,0)
15.875 (0,0)
16 (0,0)
16.125 (0,0)
16.25 (0,0)
16.375 (0,0)
16.5 (0,0)
16.625 (0,0)
16.75 (0,0)
16.875 (0,0)
17 (0,0)
17.125 (0,0)
17.25 (0,0)
17.375 (0,0)
17.5 (0,0)
17.625 (0,0)
17.75 (0,0)
17.875 (0,0)
18 (0,0)
18.125 (0,0)
18.25 (0,0)
18.375 (0,0)
18.5 (0,0)
18.625 (0,0)
18.75 (0,0)
18.875 (0,0)
19 (0,0)
19.125 (0,0)
19.25 (0,0)
19.375 (0,0)
19.5 (0,0)
19.625 (0,0)
19.75 (0,0)
19.875 (0,0)
20 (0,0)
20.125 (0,0)
20.25 (0,0)
20.375 (0,0)
20.5 (0,0)
20.625 (0,0)
20.75 (0,0)
20.875 (0,0)
21 (0,0)
21.125 (0,0)
21.25 (0,0)
21.375 (0,0)
21.5 (0,0)
21.625 (0,0)
21.75 (0,0)
21.875 (0,0)
22 (0.1106310696749713,-0.03499331269610254)
22.125 (-0.1310587930886619,-0.08559400189766529)
22.25 (0.1411477943085871,0.1596871975283677)
22.375 (-0.05886386912582096,-0.1351645312307583)
22.5 (-0.1482075287281926,-0.001826332321931237)
22.625 (0.3453309117410445,0.2095644295685143)
22.75 (-0.3346267408267832,-0.3726718642927904)
22.875 (0.09865837537637001,0.3620859420490195)
23 (0.1392578022281605,-0.1701577835830288)
23.125 (-0.1606999330795663,-0.04731216414074761)
23.25 (0.001283500928274669,0.1282567595583671)
23.375 (0.1302878254847326,-0.09003569340837263)
23.5 (-0.1443394818522766,0.0866678430042111)
23.625 (0.1565638121941912,-0.181869610564763)
23.75 (-0.2630777390413037,0.2589792382329009)
23.875 (0.3698518728558501,-0.2001942140412771)
24 (-0.3460629259431349,0.06637160947325771)
24.125 (0.2425865491155904,-0.006158450028290046)
24.25 (-0.199798815827676,0.03941780322118682)
24.375 (0.1816779108984482,-0.0509236105463651)
24.5 (-0.00429010087731931,-0.005466180076688562)
24.625 (-0.3207093839551896,0.02567205731293193)
24.75 (0.4730163463930619,0.06876342092275321)
24.875 (-0.2184829509455281,-0.1806481097087215)
25 (-0.2066748332324777,0.1639932414335774)
25.125 (0.337088446408761,-0.04214750192498899)
25.25 (-0.08517824257563847,-0.02462592264086792)
25.375 (-0.1396713484983793,-0.0135834227381143)
25.5 (0.008059173580605501,0.003794478497341262)
25.625 (0.2607965460538489,0.1958297234019361)
25.75 (-0.2268598292288082,-0.4900871548083368)
25.875 (-0.1042068794725851,0.6302532429899006)
26 (0.2524659743166346,-0.5075335735785904)
26.125 (0.05266630124619421,0.2856520775812443)
26.25 (-0.442437021352398,-0.2133816713138886)
26.375 (0.3741552700950014,0.3486121042980927)
26.5 (0.1248887893370542,-0.5110843346819335)
26.625 (-0.4601625713488929,0.5003397304159174)
26.75 (0.2314429105932751,-0.319122316924402)
26.875 (0.2584788868069394,0.1450942443313253)
27 (-0.4007161429210232,-0.08688352512534488)
27.125 (0.03774023209705235,0.02841281697017138)
27.25 (0.3740510161139664,0.2104513398495315)
27.375 (-0.3393453295106422,-0.5614041587536427)
27.5 (-0.1198359514796697,0.6722088055323079)
27.625 (0.5497123459506363,-0.3026654049272187)
27.75 (-0.5925175734776388,-0.2802070122416025)
27.875 (0.3149408998433722,0.4756637547419782)
28 (-0.04776003388357031,-0.01203603775744468)
28.125 (0.01261301507596564,-0.6747145470067217)
28.25 (-0.1511533150976538,0.8887396002776681)
28.375 (0.2669774466672841,-0.4719750697049089)
28.5 (-0.2624508951635269,-0.03893909109274037)
28.625 (0.2136935905581652,0.1135088969499859)
28.75 (-0.2432042688293784,0.1104311901817831)
28.875 (0.3615256786350584,-0.05653042788986112)
29 (-0.44965554945295,-0.4953899142953095)
29.125 (0.3820962744199521,1.093246125568978)
29.25 (-0.1569689015881187,-1.141991292625297)
29.375 (-0.08172462959685774,0.5656038019646132)
29.5 (0.1460740633237137,0.1638632769104078)
29.625 (0.03828030876499333,-0.5293837102252429)
29.75 (-0.3399707410539649,0.3853942115136409)
29.875 (0.5028035897066416,0.02328608375006455)
30 (-0.3615845985680353,-0.3081664618631828)
30.125 (-0.01930812347066703,0.2550257756283096)
30.25 (0.4369641089787658,-0.02999106273503841)
30.375 (-0.7401142868777475,0.03053579713483214)
30.5 (0.8697357924347563,-0.4001786634007147)
30.625 (-0.7616316985207839,0.7541627668525462)
30.75 (0.3594937588890572,-0.59767577687124)
30.875 (0.2149088641097507,0.01661917348699123)
31 (-0.6347799792211014,0.3162653282973522)
31.125 (0.6440342955284503,0.05406591482861454)
31.25 (-0.3237562181083276,-0.7798313835150944)
31.375 (-0.01666599467925574,1.150292854202634)
31.5 (0.1723171018963482,-0.9660356518283248)
31.625 (-0.1589293262601042,0.6856350367206114)
31.75 (0.06016788784576891,-0.7340606889787138)
31.875 (0.05554154463948449,0.9678344472815296)
32 (-0.0661363355561259,-0.9359542131105666)
32.125 (-0.1301960037306552,0.451145163642275)
32.25 (0.3789056975074263,0.2692629686138082)
32.375 (-0.3222835261204495,-0.8920049242596422)
32.5 (-0.1368965718504764,1.190014012443586)
32.625 (0.6109483974695398,-1.034965477750781)
32.75 (-0.714443109650476,0.4063445337345032)
32.875 (0.6148860187492052,0.48814102561439)
33 (-0.7180295908807849,-1.20934011066765)
33.125 (0.8753039420551353,1.382991243499242)
33.25 (-0.4172597426149984,-1.001355001641724)
33.375 (-0.7641421699612784,0.4502910163023821)
33.5 (1.690677738681528,-0.1463834589485421)
33.625 (-1.370038426637028,0.146003251184177)
33.75 (0.158327944636979,-0.1450236113454167)
33.875 (0.5972198170348397,-0.09565872496656333)
34 (-0.2605442406123397,0.3853546732257725)
34.125 (-0.4106318297918388,-0.2966340315067518)
34.25 (0.529705867005817,-0.2536852044684968)
34.375 (-0.3284374109640668,0.7781964645096279)
34.5 (0.5331650534000416,-0.7209618191852017)
34.625 (-1.027979219247427,0.08656242636083353)
34.75 (1.024552991712415,0.5643941873124654)
34.875 (-0.3731201310218867,-0.7512339776439382)
35 (-0.1967647035181526,0.5071844089484163)
35.125 (0.2018943189669284,-0.1791767762746432)
35.25 (0.03286209425852032,0.003105895968238665)
35.375 (-0.06513259961854113,0.02640513100866304)
35.5 (-0.09580767572727979,0.002785124410429623)
35.625 (0.1614275336008002,-0.02638630858844262)
35.75 (-0.06647082709883349,0.02319590309884264)
35.875 (-0.001117101855662985,-0.004997221153501925)
36 (0.04329675365870667,0.007872880173392868)
36.125 (-0.1424573361283255,0.004955805396789698)
36.25 (0.1394591425938311,-0.02499229329047662)
36.375 (-0.05397848302398537,0.01833305329008753)
36.5 (0.009613995927376176,-0.009504245502777018)
36.625 (-0.002346604942479718,0.005229492092950749)
36.75 (0.007293088244175334,-0.01072265316913224)
36.875 (-0.02744561710813463,0.03525921070894186)
37 (0.0149855206567777,-0.02710393098827673)
37.125 (0.07594330283767235,-0.08841726253708718)
37.25 (-0.1623471287918275,0.3299312168646854)
37.375 (0.04133808120491191,-0.5463681238897248)
37.5 (0.2882858051397363,0.4824108128795735)
37.625 (-0.5301541168038643,-0.05872988257450357)
37.75 (0.1179914695006082,-0.3268606732840364)
37.875 (0.2156290400803378,-0.1187782271797868)
38 (-0.1177819746486992,1.063310111706973)
38.125 (0.04167592841924703,-1.542893682568014)
38.25 (-0.3913537589254972,0.9500070038837178)
38.375 (0.8193488586891476,0.2667713140795763)
38.5 (-0.7371033579372591,-1.064306368816349)
38.625 (0.1371035982678273,0.9105601322684541)
38.75 (0.4921600862299623,-0.2565872825860513)
38.875 (-0.805865274654752,-0.08699297530946465)
39 (0.8079744737849346,-0.2316593504983769)
39.125 (-0.4807300644541686,0.9356590728378703)
39.25 (-0.2394699058396025,-1.579693766681267)
39.375 (1.010536490603815,1.84902128985924)
39.5 (-1.122698145597377,-1.59514691221047)
39.625 (0.3688702462472111,0.9152899033953505)
39.75 (0.4444552226566792,-0.1958738021468328)
39.875 (-0.3748769307258935,-0.2154603969637697)
40 (-0.3948487315558704,0.392191483094276)
40.125 (0.7565697129653454,-0.6223855448079002)
40.25 (-0.2031205075467051,0.877577948488995)
40.375 (-0.5385808816404143,-0.7971194199595615)
40.5 (0.5396436667588717,0.3205415884248036)
40.625 (0.04335533922461759,0.08449064342419331)
40.75 (-0.3572485307119057,-0.07622401496152865)
40.875 (0.1928221984620358,-0.07612867968134199)
41 (-0.04889374091780075,0.1523668366235969)
41.125 (-0.1026841451947715,-0.2385939033716076)
41.25 (0.2911144318596945,-0.08488492836362596)
41.375 (-0.5875293738662393,0.6108860820410906)
41.5 (1.124422884400873,-0.7007037240105637)
41.625 (-1.579193734248093,0.07187204366749426)
41.75 (1.487567714689554,0.7799566127663935)
41.875 (-0.9452938342203536,-1.066026076855581)
42 (0.5084035516012954,0.5352783226318594)
42.125 (-0.5169687640595803,0.1346459456394079)
42.25 (0.6882669774999287,-0.04560357873505833)
42.375 (-0.5459001103935462,-0.8439546232233378)
42.5 (-0.0004189537392338001,1.587243089218305)
42.625 (0.6230488790224445,-1.254850171097464)
42.75 (-0.9375949365257258,-0.1081998033202073)
42.875 (0.7941921313863177,1.567530322764987)
43 (-0.310800519318301,-2.158080481661825)
43.125 (-0.2644925139346546,1.590024214183673)
43.25 (0.7048257295598835,-0.3465179280748397)
43.375 (-0.841401185423294,-0.705906509901166)
43.5 (0.5519037345390342,0.9181763540820158)
43.625 (0.09414472240433627,-0.3107044415057679)
43.75 (-0.6332845338261539,-0.5312628379355281)
43.875 (0.4427074480600072,1.06292857187059)
44 (0.525334312281405,-1.211708049271959)
44.125 (-1.413304078830683,1.169918419974388)
44.25 (1.290789903545935,-0.9817818188992965)
44.375 (-0.3262287661282674,0.5913326180551582)
44.5 (-0.3417111266818201,-0.1824467338197745)
44.625 (0.07841915524422342,0.1148205943105847)
44.75 (0.4097608531501759,-0.4445822719695097)
44.875 (-0.1210666427103633,0.7784227864635003)
45 (-0.7732837417089402,-0.7525568341191733)
45.125 (1.175245047675797,0.4753323090362918)
45.25 (-0.6458070110392495,-0.3409998349607777)
45.375 (-0.02362542547316171,0.5431176430077146)
45.5 (0.04042424104735933,-0.9342398466294823)
45.625 (0.2813356209860299,1.254816088759467)
45.75 (-0.1598909946741585,-1.315109148183802)
45.875 (-0.3690731488253208,1.012921505134958)
46 (0.5239370559783786,-0.3854842862038793)
46.125 (-0.01812569013546391,-0.3158838339438759)
46.25 (-0.4793687274668775,0.7247434049136725)
46.375 (0.3152984124840533,-0.598837537835661)
46.5 (0.2490789665665112,-0.03150379123480809)
46.625 (-0.4646042067856179,0.865488949975355)
46.75 (0.09183610263703476,-1.413224034247256)
46.875 (0.4267916377620759,1.234050267989564)
47 (-0.641487316692688,-0.3398722556020349)
47.125 (0.5611269548507335,-0.6508104887664714)
47.25 (-0.4445143410851226,1.009083374172614)
47.375 (0.4246792462597698,-0.6233803021642181)
47.5 (-0.4471133960060558,0.04098217067491244)
47.625 (0.4307570482062545,0.2897828178192307)
47.75 (-0.3921424623049596,-0.5468865681326924)
47.875 (0.4254418362908975,1.07313591654861)
48 (-0.5250909065099179,-1.613940427566334)
48.125 (0.4195753077115155,1.460192194813685)
48.25 (0.2164424752927911,-0.4243743748820575)
48.375 (-1.193574635462588,-0.7104478229510174)
48.5 (1.655240097731684,1.022167834187384)
48.625 (-0.8987759202015327,-0.5523936039069034)
48.75 (-0.6483991073497581,0.1982652651282914)
48.875 (1.703220326348351,-0.4636178319706729)
49 (-1.548814195377305,0.711851366260087)
49.125 (0.8096751302163561,-0.006178003356190936)
49.25 (-0.539334946494584,-1.464160978814666)
49.375 (0.9045914062774496,2.304139905825918)
49.5 (-1.248112695948659,-1.50600907960225)
49.625 (1.21331861994513,-0.1995514588286212)
49.75 (-1.129364107235665,1.03795158204308)
49.875 (1.186531622666406,-0.2077087018532742)
50 (-0.8951439747666373,-1.261878305023296)
50.125 (-0.1789605732627384,1.84927540737555)
50.25 (1.519530766263337,-1.297700221136045)
50.375 (-2.070768842971773,0.5917844311150483)
50.5 (1.49114776909819,-0.4499988240177745)
50.625 (-0.5400400670055684,0.5266051962739074)
50.75 (0.1389237304483706,-0.2505063901070582)
50.875 (-0.4100028881595768,-0.189094077180784)
51 (0.807828141791169,0.2093132989323843)
51.125 (-0.8956901356133944,0.1571152275155999)
51.25 (0.7110074546493286,-0.2729044808845439)
51.375 (-0.5097226913345294,-0.1078830700408333)
51.5 (0.4452314208038321,0.4836524805107136)
51.625 (-0.497251174646641,-0.4658682020732983)
51.75 (0.5068306053251818,0.4283156022929172)
51.875 (-0.2502949379267755,-0.8045593366032276)
52 (-0.3241514307523005,1.118384118018983)
52.125 (0.8467260518599966,-0.463208641912715)
52.25 (-0.7069321311727572,-1.016688592830116)
52.375 (-0.290865473526363,1.855555010088046)
52.5 (1.505516687583523,-0.9247073193691504)
52.625 (-1.950450265769444,-1.048166403714034)
52.75 (1.32109155866245,2.186857089394056)
52.875 (-0.3471906293587963,-1.568696275271356)
53 (-0.0717701018509045,0.08287184225558861)
53.125 (-0.06598292478438393,0.8461483811653128)
53.25 (0.008827584876591941,-0.8148658863357786)
53.375 (0.5391579767083103,0.4291603960522875)
53.5 (-0.8502003537507269,-0.2152098840599772)
53.625 (0.1938635540478296,0.1417118120436496)
53.75 (0.9039694973860305,-0.1210519692101494)
53.875 (-1.088191753060076,0.3647122775850122)
54 (-0.05794531425582477,-0.9738844687255891)
54.125 (1.295830702718105,1.539354494056148)
54.25 (-1.18286790786852,-1.534752580370143)
54.375 (-0.1628635669155279,1.009784130210684)
54.5 (1.286205378900958,-0.5763260034460966)
54.625 (-1.180985702733679,0.6683504723236597)
54.75 (0.246149487541877,-1.044634434879637)
54.875 (0.5351785975626903,1.128350804211509)
55 (-0.7101261282577085,-0.6867460219856166)
55.125 (0.3893235614774325,0.03030015675316147)
55.25 (0.2541681941284936,0.4050029315112825)
55.375 (-0.9694836392132155,-0.4872412119912318)
55.5 (1.232161533091215,0.3576148114732466)
55.625 (-0.6974010138929702,-0.1101279763567389)
55.75 (-0.1857528110511885,-0.3037504173063152)
55.875 (0.5581986353741454,0.8184093974479578)
56 (-0.2431923912383346,-1.108999955785455)
56.125 (-0.04305407359552985,0.9370981751762673)
56.25 (-0.222016892325539,-0.5869201225776615)
56.375 (0.5666039810077166,0.6393505031195467)
56.5 (-0.2541170704060802,-1.171911646052625)
56.625 (-0.4934348582459242,1.48341731160467)
56.75 (0.6006793777025683,-0.9544800886822999)
56.875 (0.479472406716507,0.01676149519506558)
57 (-1.948208706559234,0.2369262898212434)
57.125 (2.460332017789239,0.5081206598026058)
57.25 (-1.531998958628182,-1.240218802961505)
57.375 (-0.05625469267757797,0.8774764443326944)
57.5 (1.122765541726922,0.2747226683614341)
57.625 (-1.156981140653639,-0.8683957343862274)
57.75 (0.5818611247759372,0.2320773959162226)
57.875 (-0.1544132861340352,0.828934348703388)
58 (0.223301838986549,-1.120846457828923)
58.125 (-0.5446681489162951,0.4699195227548615)
58.25 (0.7220256752490931,0.3336755155261569)
58.375 (-0.6587783172092289,-0.6604963045259906)
58.5 (0.5220436985807043,0.6197846306033302)
58.625 (-0.4170924634683413,-0.5991984584196444)
58.75 (0.276080525070834,0.6826512952882733)
58.875 (-0.03110063526316327,-0.6839976868769305)
59 (-0.2803181725414656,0.4743271577216835)
59.125 (0.549665998255825,-0.128358268703035)
59.25 (-0.6629493952281548,-0.1411799911529424)
59.375 (0.5570083961033764,0.1903821713597933)
59.5 (-0.2967021797468535,-0.07121803650643482)
59.625 (0.0773251723080601,-0.03315906359611042)
59.75 (-0.01749001129253362,0.02534771722056177)
59.875 (0.02971185777278208,0.01481935594238202)
60 (-0.008366791277757435,-0.0064758351596094)
60.125 (0.0372325776785849,0.03271121276035908)
60.25 (-0.01874582994255013,-0.008557664529302511)
60.375 (0.06576108372820072,-0.001725646244565396)
60.5 (-0.2210684385569177,-0.09189911494121294)
60.625 (0.2201989974458129,0.2212734332229165)
60.75 (0.1198803135937342,-0.2521281820688334)
60.875 (-0.4307542846631849,0.2163241300297984)
61 (0.1935078585763881,-0.2827581709439653)
61.125 (0.4071297905417814,0.4764364933742348)
61.25 (-0.6044161054101838,-0.5519227879016934)
61.375 (0.1047394420119631,0.1664478759766828)
61.5 (0.4355963825216798,0.7487680700570478)
61.625 (-0.3771877776595087,-1.754592088353316)
61.75 (0.06661030121524089,2.120724019476507)
61.875 (-0.1603883698060631,-1.461217520133379)
62 (0.4498990528386597,0.2053821826938687)
62.125 (-0.2365975967180707,0.7560671504815704)
62.25 (-0.3217350316424032,-1.012293926809524)
62.375 (0.1926827118856968,0.9571411022036967)
62.5 (0.9987996075654771,-0.9975155726574273)
62.625 (-2.196392203668182,0.8384675028591708)
62.75 (2.116492816645832,-0.05353318706287039)
62.875 (-0.7523017150913583,-0.8882136768781187)
63 (-0.7670334344982199,0.9087802574637961)
63.125 (1.50338120221395,0.2358613888593964)
63.25 (-1.42533008952398,-1.456447872014256)
63.375 (0.9708164880045775,1.638540014597765)
63.5 (-0.4367231916177428,-0.9382636722329436)
63.625 (-0.07059859144246955,0.3043878729907903)
63.75 (0.4339543908156234,-0.1344051482609985)
63.875 (-0.5230387370635377,0.07820039928791385)
64 (0.3273525028479955,0.03950922024832906)
64.125 (-0.004687687721961379,0.09934513928276316)
64.25 (-0.1699212504677796,-0.5832918584752902)
64.375 (-0.04835794519334471,0.9277519592659473)
64.5 (0.6222433860806045,-0.7867218980462509)
64.625 (-1.118576341420007,0.4749644110492383)
64.75 (1.039029493488145,-0.3621744152717907)
64.875 (-0.3608429283838952,0.2056215690578653)
65 (-0.3743301168245306,0.3413888312075626)
65.125 (0.6525391052061342,-0.8781558779070614)
65.25 (-0.5378408628421019,0.6372646202904219)
65.375 (0.467809199943695,0.3203151470250568)
65.5 (-0.5883654918024505,-1.006560256064872)
65.625 (0.5621890375541583,0.8155334360707458)
65.75 (-0.1199592065933008,-0.3240891489012136)
65.875 (-0.4472755106365157,0.3881849054224568)
66 (0.6055120513360484,-0.9062728249040721)
66.125 (-0.2995604372856417,1.036051315904028)
66.25 (0.02435002375113814,-0.4040733285295706)
66.375 (-0.07543071669126854,-0.4940123690895157)
66.5 (0.06854994718306996,1.069468469870251)
66.625 (0.4434738047462648,-1.264438141642178)
66.75 (-1.068322263246007,1.27134370017486)
66.875 (0.8644003090192549,-1.122318928826906)
67 (0.2931275747938143,0.857362724065187)
67.125 (-1.178078622818665,-0.7531140639652817)
67.25 (0.5862754408887867,0.9943888361613614)
67.375 (1.00348756838421,-1.291423452429831)
67.5 (-1.828027327186898,1.204353858309007)
67.625 (0.9991571725598647,-0.7870222172649273)
67.75 (0.3859913675028213,0.5454314926657712)
67.875 (-0.6968943504161871,-0.7120813345070929)
68 (-0.1716081319124776,0.8992759848902069)
68.125 (0.8696776508611,-0.6402244224548672)
68.25 (-0.544977234211651,0.03821599833557265)
68.375 (-0.0767995784781564,0.3668436189795899)
68.5 (-0.1570677220622454,-0.2978716775383909)
68.625 (1.194089566769835,0.09326625436553661)
68.75 (-1.878156671973738,-0.3090375031668846)
68.875 (1.479892496384343,1.046234451260776)
69 (-0.5473310503275444,-1.733641989925278)
69.125 (0.129188024368358,1.637883891509559)
69.25 (-0.5599988622404,-0.6617833188563232)
69.375 (1.261819322267173,-0.4096001544540313)
69.5 (-1.511654047606276,0.6274220772138719)
69.625 (1.100904499392301,0.09039124152771023)
69.75 (-0.3136617997680872,-0.7942547870183196)
69.875 (-0.4318570495292994,0.4863186648767808)
70 (0.8175827245948608,0.8266501230796083)
70.125 (-0.7151613377807363,-2.170188476302454)
70.25 (0.2621322388871792,2.582632160254016)
70.375 (0.1736422770574651,-1.928116631479663)
70.5 (-0.2672607783782986,0.8611369178814473)
70.625 (0.04413759145727746,-0.200483008393749)
70.75 (0.1448157567859681,0.292416235608933)
70.875 (-0.002404395684515684,-0.7615299306944591)
71 (-0.3888132005796028,0.861515104393774)
71.125 (0.6440645265014717,-0.2320454628280409)
71.25 (-0.4635112501253331,-0.7026272986125371)
71.375 (-0.04495240433400917,1.262735409723954)
71.5 (0.3883915960473991,-1.35687390642143)
71.625 (-0.09056048043888822,1.45663378647942)
71.75 (-0.7815710436440527,-1.7088604712301)
71.875 (1.49143847201418,1.565633836802135)
72 (-1.268701970684493,-0.6242616345368031)
72.125 (0.2253892638793027,-0.5397603943843682)
72.25 (0.5775606929887076,0.9142997577606002)
72.375 (-0.2712767486540125,-0.3119833357600353)
72.5 (-0.7453352611466645,-0.4391593575425935)
72.625 (1.259052154792432,0.6025957058694765)
72.75 (-0.7607995568366395,-0.3138657592345349)
72.875 (0.02029050971702646,0.05750495752251384)
73 (0.06245832477344212,0.1324549322697331)
73.125 (0.3274753672943512,-0.5016572496244012)
73.25 (-0.3572912895158515,0.8987801219949288)
73.375 (-0.1146789384980526,-0.8376498629449376)
73.5 (0.3477318403389881,0.2383771461984675)
73.625 (0.0911863824486146,0.3683590319252)
73.75 (-0.6191553959463607,-0.5416035192772686)
73.875 (0.4651420458435201,0.4719168161998742)
74 (0.2504521494127095,-0.5549289514570444)
74.125 (-0.7322859358591101,0.6793992841434912)
74.25 (0.5641803249535089,-0.3446212131290734)
74.375 (-0.0731371867355798,-0.5113849389567759)
74.5 (-0.261045583131248,1.159980340548807)
74.625 (0.2864554123115888,-0.8043397389162037)
74.75 (-0.0278945939741651,-0.4413193935252712)
74.875 (-0.4883918284866569,1.533025172641227)
75 (1.031417300403153,-1.560689123516285)
75.125 (-1.100076024365058,0.7264968314972885)
75.25 (0.3996519920965051,-0.1005608712127027)
75.375 (0.6957308296694039,0.3780331879745857)
75.5 (-1.397789737999415,-1.054212912351509)
75.625 (1.245246116738693,1.016921883194381)
75.75 (-0.4909575609091466,0.1038620547147162)
75.875 (-0.2012510294809549,-1.443468041560675)
76 (0.3291868487509129,1.871088169542295)
76.125 (0.1176190058579777,-1.226286912420737)
76.25 (-0.7190147669984528,0.326382555733025)
76.375 (0.9624931971207208,0.1455668141799)
76.5 (-0.6382664547368962,-0.3645642562463557)
76.625 (-0.002343853186421514,0.812096489306168)
76.75 (0.4872653909629397,-1.352525802375297)
76.875 (-0.5590277757486434,1.304874081750267)
77 (0.3776536960189273,-0.4333971716597998)
77.125 (-0.2936168834081975,-0.5796878777611473)
77.25 (0.4499361563483708,0.8690246134694785)
77.375 (-0.628157955643778,-0.3389892067864839)
77.5 (0.4761336009863344,-0.32640591753833)
77.625 (0.1002885299130476,0.5185364105882738)
77.75 (-0.7981584605676624,-0.2958374043096006)
77.875 (1.177216823694904,0.08940374631447447)
78 (-1.045000846155741,-0.1194324826649261)
78.125 (0.5505648579229908,0.2715442455819811)
78.25 (-0.01653484667124374,-0.3612615583078087)
78.375 (-0.2837325839316508,0.3062087616152331)
78.5 (0.2206547137328233,-0.1194136541180578)
78.625 (0.1678512923760035,-0.1149454918818972)
78.75 (-0.6905926347182358,0.246968753103811)
78.875 (1.06569670295385,-0.144864191163478)
79 (-0.9202844747880192,-0.1653827124574856)
79.125 (0.1798024151629841,0.3441834011968884)
79.25 (0.6375300789479957,-0.05938866491701374)
79.375 (-0.7762374229628464,-0.4962551833054781)
79.5 (-0.01799480882792584,0.6515731372902408)
79.625 (1.101905254803697,-0.03164789856998834)
79.75 (-1.445545506508008,-0.902049853006276)
79.875 (0.6659406023550457,1.319926674245717)
80 (0.5061870965761882,-0.9641090403719819)
80.125 (-0.9447458374404469,0.3452639658351198)
80.25 (0.345363046505927,-0.02853408633015924)
80.375 (0.4740053656241324,0.04091962386920505)
80.5 (-0.5607896307512268,-0.07633904644030412)
80.625 (-0.04060584076832991,0.01685253828375775)
80.75 (0.4526831632323516,-0.009716329949225458)
80.875 (-0.2093388267133394,0.1117919842563412)
81 (-0.1627357822255082,-0.1419203923030735)
81.125 (-0.01544499179947224,-0.02446582608855721)
81.25 (0.6011604145762066,0.1805695792066901)
81.375 (-0.9104772057626147,0.03759808723685045)
81.5 (0.7153925016087277,-0.7127759322293359)
81.625 (-0.4342943414138523,1.459425784580692)
81.75 (0.3485565385541587,-1.714285951178307)
81.875 (-0.1574036377374028,1.231621035506312)
82 (-0.4555420588441724,-0.3187588260888333)
82.125 (1.184433704895213,-0.4153602687711554)
82.25 (-1.382594267355423,0.5639369848661756)
82.375 (0.8288383403545218,-0.1998023409861731)
82.5 (0.08292500322563856,-0.3207549857344847)
82.625 (-0.842651380184943,0.7579920145294985)
82.75 (1.227071910158972,-1.121877314230407)
82.875 (-1.21807401527109,1.460141124620967)
83 (0.8249607778077153,-1.674415014390707)
83.125 (-0.1483926409296577,1.618915445030455)
83.25 (-0.5155176102395105,-1.264839154736424)
83.375 (0.8019059244299129,0.6522577846457568)
83.5 (-0.5343674933027452,0.2143510466728956)
83.625 (-0.1323701795496657,-1.217846185303085)
83.75 (0.7639822864952411,1.911114965599041)
83.875 (-0.8773340868296964,-1.753410427603656)
84 (0.2915334937864038,0.7608350327057662)
84.125 (0.6523598155475356,0.2462376878368857)
84.25 (-1.312462336023288,-0.3412711584124348)
84.375 (1.293823951481798,-0.5267420077819978)
84.5 (-0.7527850965308515,1.449530397612674)
84.625 (0.1322882575388077,-1.545668334611026)
84.75 (0.2928002172161152,0.883598363976173)
84.875 (-0.5109705384398903,-0.2952546939070834)
85 (0.5512660794268573,0.3725941572661663)
85.125 (-0.3995641536094848,-0.8304701399728146)
85.25 (0.1562439986775262,0.8863732688472132)
85.375 (-0.06243142785571996,-0.1460275096115912)
85.5 (0.2380737471127505,-0.9764383082669896)
85.625 (-0.4867647061489015,1.685761244984953)
85.75 (0.4701818249901069,-1.581112877555845)
85.875 (-0.03204275821133966,0.9709670346659361)
86 (-0.697835900752786,-0.439195837335251)
86.125 (1.408155447548313,0.2103048567475597)
86.25 (-1.720918547414066,-0.07841915350300487)
86.375 (1.369866320050003,-0.07994047990694925)
86.5 (-0.5296802322124398,0.01012047704930114)
86.625 (-0.07872688479697884,0.484808223852687)
86.75 (-0.2313948312034367,-0.9943723045450695)
86.875 (1.23559941550394,0.7913159044276528)
87 (-1.753746571864407,0.229906818095806)
87.125 (0.8319190591294965,-1.241414833133074)
87.25 (1.0562128852972,1.379127154621067)
87.375 (-2.307443414815101,-0.7676601838142376)
87.5 (1.824381307629591,0.3237810197704623)
87.625 (-0.1701004585046904,-0.6031397787951702)
87.75 (-1.065751965834389,1.205790317569017)
87.875 (0.9119094460841758,-1.425940746789253)
88 (0.1711276208052654,1.155380841776869)
88.125 (-1.037059390397568,-0.863716801978863)
88.25 (1.102054572171381,0.8533138964743542)
88.375 (-0.6988207319647333,-0.8914579138095544)
88.5 (0.3913938919386107,0.6400512478083367)
88.625 (-0.2783118981264903,-0.1953591099728356)
88.75 (0.09428962099830761,0.004481277541707942)
88.875 (0.2102776812617708,-0.3091388155975142)
89 (-0.3040358300215473,0.8333758429748728)
89.125 (-0.04351154284931263,-1.083852762895984)
89.25 (0.5501471628432343,0.8939759258040265)
89.375 (-0.7163688505033993,-0.5695613591071144)
89.5 (0.4450951759337131,0.4666282221085882)
89.625 (-0.1098647564550606,-0.5383561672720056)
89.75 (-0.003195759614372809,0.452256351647545)
89.875 (0.02334068932016019,-0.130763239892244)
90 (-0.120941044428815,-0.0556642254916799)
90.125 (0.09794054818893233,-0.2304048928234017)
90.25 (0.3143266584198547,0.7871166399813938)
90.375 (-0.8880564382060926,-1.063671163650536)
90.5 (1.053108351833355,0.7774385942743892)
90.625 (-0.686599293827971,-0.1241546785631811)
90.75 (0.3702801991764297,-0.5520666678305076)
90.875 (-0.632935476369433,0.9955444476974513)
91 (1.19548924976002,-0.9540937348976262)
91.125 (-1.279367820019063,0.2810116360279767)
91.25 (0.5513987520594144,0.6566600831443279)
91.375 (0.5302294856982589,-1.029223346329054)
91.5 (-1.287202172263328,0.4182185600973327)
91.625 (1.473310189434079,0.5224107000810985)
91.75 (-1.315315167547564,-0.7193192182888847)
91.875 (1.122441462984892,-0.02618476370197568)
92 (-0.9653543074945812,0.8296050583368343)
92.125 (0.6529560745267824,-0.883534281695089)
92.25 (-0.01076221884170253,0.3627499534078438)
92.375 (-0.738498969701305,0.07230298860937281)
92.5 (0.9884380683241486,-0.2422189163373255)
92.625 (-0.4105992276170503,0.4467536454425572)
92.75 (-0.4429209634096192,-0.7300008333950393)
92.875 (0.6095715131568608,0.742908216068813)
93 (0.05634813508247179,-0.4075067194360446)
93.125 (-0.5518782269633512,0.2035536303279517)
93.25 (-0.006523139522417775,-0.5005817739098873)
93.375 (1.111143608869406,0.9236861666831536)
93.5 (-1.434026546731974,-0.7655511424568217)
93.625 (0.5794443016874482,-0.07527898099743757)
93.75 (0.3837018323359754,0.9076962528717591)
93.875 (-0.3354294245767193,-1.037920103760748)
94 (-0.5198052853646326,0.5058567530808789)
94.125 (1.118772677150819,0.06841336228861908)
94.25 (-0.9889272816889337,-0.2181612716850044)
94.375 (0.6399148190004847,0.06695185539883498)
94.5 (-0.6228821097067629,-0.0709238191828083)
94.625 (0.8061708877073422,0.4360387851535147)
94.75 (-0.7610763894486383,-0.8607626989702982)
94.875 (0.4314110901293513,0.8811459759632394)
95 (-0.1095522791230089,-0.4256444475553181)
95.125 (-0.02852302730794808,-0.09598657492693377)
95.25 (0.07215768777893106,0.3014800122182505)
95.375 (-0.1630338420370109,-0.2777883421976778)
95.5 (0.3620660170012306,0.3556156261541031)
95.625 (-0.6623966958171064,-0.5769713828040239)
95.75 (0.9268045703903204,0.6759077635072919)
95.875 (-0.8596426034222271,-0.5653150353267905)
96 (0.2808342941847107,0.4671469064316368)
96.125 (0.5307252441248612,-0.4103643775859795)
96.25 (-0.9765477423156992,0.003714490510103278)
96.375 (0.7451865626090693,0.8891727456155938)
96.5 (-0.1692270666875013,-1.517461407590623)
96.625 (-0.1452202461708058,0.9173806728936599)
96.75 (-0.01083011038723595,0.7006606764417339)
96.875 (0.2661273421245212,-1.839463231330385)
97 (-0.1554481746877706,1.376424487278201)
97.125 (-0.3138069144084533,0.0527567498019797)
97.25 (0.6639789389103504,-0.8489756804568908)
97.375 (-0.5150002235789262,0.4234916865102333)
97.5 (0.06370823578518577,0.2524713919255364)
97.625 (0.1221490542296238,-0.1341181702365658)
97.75 (0.1953462002834369,-0.5136017428700362)
97.875 (-0.5860924973562665,0.650171777200142)
98 (0.4737963005508852,0.01300830136287649)
98.125 (0.08403921621260996,-0.6389495666086276)
98.25 (-0.3886374449582378,0.4233611373997447)
98.375 (-0.0460339849450405,0.3740129415863563)
98.5 (0.8338440919210075,-0.8069059634878791)
98.625 (-1.101173419567803,0.4002037661648739)
98.75 (0.4601066329506204,0.3571525363571204)
98.875 (0.5633930815156469,-0.6314420848095482)
99 (-1.058791590191766,0.1633373872091294)
99.125 (0.5807693872520207,0.4792033273596099)
99.25 (0.4831667909394717,-0.4944149197296668)
99.375 (-1.251630318551286,-0.3354851147360833)
99.5 (1.082633614378546,1.394349072854865)
99.625 (-0.1441143396809819,-1.788549036816389)
99.75 (-0.7062408595469724,1.155466756716997)
99.875 (0.7469826850641387,0.0596442784850159)
100 (-0.1307776913381485,-1.046134362030185)
100.125 (-0.3515287623228283,1.264687504054378)
100.25 (0.2569260813323729,-0.7326261221172125)
100.375 (0.02521670741933153,-0.09997888412064558)
100.5 (0.06513962322577256,0.6722470042585568)
100.625 (-0.3983100578184225,-0.6714840396199617)
100.75 (0.3548160890727873,0.2368290057299283)
100.875 (0.1926239397054135,0.226427996742228)
101 (-0.5842509627241913,-0.4945196013990871)
101.125 (0.2697990745542644,0.6778558869939464)
101.25 (0.3709089608199654,-0.8401137656822631)
101.375 (-0.5083792300266951,0.6781268118011347)
101.5 (0.01828195602685142,0.1089445320312507)
101.625 (0.3143911957093881,-1.189003158610297)
101.75 (0.1394865043791261,1.73043307791987)
101.875 (-0.9597317874303681,-1.337982907345586)
102 (1.154664922087045,0.5642856603434593)
102.125 (-0.3660835743089138,-0.2127568069715968)
102.25 (-0.7384263025285634,0.3335912486909181)
102.375 (1.277520205257473,-0.3017089911991522)
102.5 (-1.061304578193644,-0.1567408633825346)
102.625 (0.5608818590834153,0.488953554503484)
102.75 (-0.2155216216324991,-0.1006863589058228)
102.875 (0.03779263202603547,-0.7121111464641795)
103 (0.1528726723149276,1.035281651848773)
103.125 (-0.3759064585924086,-0.4825483623165168)
103.25 (0.4849324809790948,-0.3200615699847406)
103.375 (-0.3877441656892814,0.5200999712286878)
103.5 (0.1453047734692884,-0.0124266097069124)
103.625 (0.1048264523280621,-0.6119912823113748)
103.75 (-0.2357999304298207,0.8876505343638795)
103.875 (0.1779459396988613,-0.8889762764732736)
104 (0.02188875275351467,0.8460860879271734)
104.125 (-0.1778500156628784,-0.732360120514487)
104.25 (0.08778790138203955,0.4370208575036003)
104.375 (0.2600773404741085,-0.09421869840680543)
104.5 (-0.6189689793830381,-0.06552910671486499)
104.625 (0.6708365036483127,0.08270672880185397)
104.75 (-0.326423356797122,-0.1632204799712352)
104.875 (-0.1413762318731268,0.2254828542293336)
105 (0.3025735760886997,0.06427152938277693)
105.125 (0.01540932936541436,-0.656287901690548)
105.25 (-0.5179566412503576,0.8959960780870857)
105.375 (0.7483530172395269,-0.3204645269541365)
105.5 (-0.6286246220630893,-0.5225969805827693)
105.625 (0.5356130268026831,0.5697442025120295)
105.75 (-0.7151359645923716,0.3638347443082198)
105.875 (0.8127619435092631,-1.16579191433822)
106 (-0.3070217784959421,0.7466415322170129)
106.125 (-0.62630734271404,0.5105928617578853)
106.25 (1.098921268284881,-1.116549809656253)
106.375 (-0.5782573296240385,0.2888916286323941)
106.5 (-0.3433277111880807,1.077562137910953)
106.625 (0.6277725478239544,-1.515569168563891)
106.75 (-0.1021802718117597,0.7443498759457571)
106.875 (-0.3602724173756982,0.1296330332032177)
107 (0.03819891222517794,-0.1373528618449409)
107.125 (0.6835554757567006,-0.330174283448699)
107.25 (-0.8439516853558742,0.1671764638019455)
107.375 (0.1495184426652348,0.831832915607765)
107.5 (0.6800470863062855,-1.559863042501434)
107.625 (-0.7873964917284987,0.9940360287689651)
107.75 (0.1035261718662213,0.392582732469263)
107.875 (0.7048998318711212,-1.097643475507426)
108 (-1.025818194307891,0.4263749427805633)
108.125 (0.8602326808918154,0.6358779083286975)
108.25 (-0.6237836942267162,-0.6632107370222051)
108.375 (0.5514966659936693,-0.4261468876212481)
108.5 (-0.4427508194339727,1.304183841890318)
108.625 (0.03106386221500218,-0.9143392149361443)
108.75 (0.522389459062562,-0.2872717279643829)
108.875 (-0.7121838498935265,1.028362579287706)
109 (0.3098185961065161,-0.7925471115595992)
109.125 (0.2941171421171812,0.217000997487543)
109.25 (-0.5267226902988253,-0.01615753384399241)
109.375 (0.2858749512732938,0.07629489779248941)
109.5 (0.04431976286977694,0.09769742716894303)
109.625 (-0.1530026600986459,-0.4247910392904353)
109.75 (0.1245452504992999,0.2838425352780163)
109.875 (-0.1825992933198928,0.4918975118383843)
110 (0.3551134238601024,-1.151785419091423)
110.125 (-0.501286934234448,0.8670037958095543)
110.25 (0.5109558824281557,0.2078481934983589)
110.375 (-0.3822927051099268,-1.08481780978321)
110.5 (0.2359119492890477,1.104225763446996)
110.625 (-0.3080919140843891,-0.5825632081127171)
110.75 (0.73829182029933,0.2101657084897868)
110.875 (-1.270476087748302,-0.1690767654421428)
111 (1.400579576587828,0.1637976110260004)
111.125 (-0.9871188278302081,-0.1160019165089188)
111.25 (0.4634697247557016,0.3507093488789188)
111.375 (-0.1955629543693453,-0.986123568114189)
111.5 (-0.07266713337030439,1.517733634347483)
111.625 (0.6831765870353439,-1.334074991072977)
111.75 (-1.195950686061532,0.5204213330668498)
111.875 (0.767120357808612,0.1625252899198862)
112 (0.4891148057381347,-0.1414038486704882)
112.125 (-1.258592550155691,-0.3362261489667658)
112.25 (0.6386787320607691,0.5216027729621917)
112.375 (0.5406451539873117,0.006872863703567151)
112.5 (-0.7210861845947709,-0.9205160323205385)
112.625 (-0.323905602328965,1.463336746726977)
112.75 (1.267542766312264,-1.136024852624807)
112.875 (-1.116079551169422,0.1468558879447054)
113 (0.4575057273215429,0.7403588819622094)
113.125 (-0.3977812906064593,-0.8837856066072903)
113.25 (0.9362349149879421,0.3782688378021734)
113.375 (-1.149821049112719,0.06538279419775077)
113.5 (0.6786031394419881,0.07274884740238277)
113.625 (-0.1764017144960716,-0.5416440834106102)
113.75 (0.1998422260702396,0.6818579334956012)
113.875 (-0.3905472674715729,-0.2533442039545673)
114 (0.1571445771262369,-0.3521551557895312)
114.125 (0.3236548605376113,0.7060988178890198)
114.25 (-0.3512864652632879,-0.8245419816018995)
114.375 (-0.2271995098737582,0.9118343160319895)
114.5 (0.7272481509943591,-0.9277363643046832)
114.625 (-0.5010575271412387,0.7286674055848784)
114.75 (-0.259292140310016,-0.4774910268781619)
114.875 (0.7850301030138079,0.5109798406740635)
115 (-0.6039135995017946,-0.7843759686155284)
115.125 (-0.03217511573686604,0.8304868268600262)
115.25 (0.4960108368107294,-0.4211258438400837)
115.375 (-0.3989009016859342,-0.06261428974567163)
115.5 (-0.1203881624873669,0.1774244655990264)
115.625 (0.5887456373606846,-0.06935807952305952)
115.75 (-0.6303267486104331,0.2072284018258045)
115.875 (0.2518864960400744,-0.6027354204005478)
116 (0.2330185947712962,0.7465234911532249)
116.125 (-0.5028005206544912,-0.3798219460255733)
116.25 (0.4375602757401615,-0.08005721257937821)
116.375 (-0.1204385530387198,0.09829462239879773)
116.5 (-0.2519985078961477,0.2861301151760618)
116.625 (0.47022483679931,-0.6043566464585231)
116.75 (-0.4430726771560365,0.5991865616482098)
116.875 (0.2675125149680688,-0.4148575116082698)
117 (-0.09057083753888685,0.2556370966686224)
117.125 (-0.09482468969724867,-0.1860717055444761)
117.25 (0.3770468413173556,0.2566005291878443)
117.375 (-0.6246787218183221,-0.4968435547223558)
117.5 (0.4804842779069936,0.6994145161778802)
117.625 (0.1643011738948245,-0.5047536289447478)
117.75 (-0.8401037215875529,-0.1321471959477398)
117.875 (0.9134957825498436,0.7815486628411238)
118 (-0.3240181756244319,-1.035547684785283)
118.125 (-0.3209781328229602,0.9739356863810732)
118.25 (0.430726383971665,-0.901025956000877)
118.375 (-0.01625935973907473,0.7901490371056938)
118.5 (-0.4564168626113828,-0.3437426819318221)
118.625 (0.5726836161359471,-0.410410508567136)
118.75 (-0.2151073493337818,0.9453961723359183)
118.875 (-0.4606085875242499,-0.8180925907979461)
119 (1.06936971220064,0.2027337853327749)
119.125 (-1.179268531203538,0.3446078127773967)
119.25 (0.747724220586253,-0.511608396223769)
119.375 (-0.3239389320560625,0.4346362038601823)
119.5 (0.5086176806026966,-0.3755992753839032)
119.625 (-1.170528406796165,0.4055521270697266)
119.75 (1.502832426633518,-0.4068184673673425)
119.875 (-0.9998279029993968,0.2341534111243948)
120 (0.008039687063651846,0.009601646743268048)
120.125 (0.297415860391555,-0.5234896158709401)
120.25 (-0.01752034782802517,0.5517205144001154)
120.375 (-0.4194737843807917,-0.0175987649682467)
120.5 (0.5303714506375652,-0.7791882302748474)
120.625 (-0.4575943101065683,1.165482657911459)
120.75 (0.584056779430206,-0.7317680101985153)
120.875 (-0.8733068798974872,-0.1993282749012763)
121 (0.8916054632899929,0.8457390322460105)
121.125 (-0.4094153114049682,-0.7031554409223805)
121.25 (-0.283287906666047,-0.03766119969844927)
121.375 (0.711734580016555,0.7479969636024583)
121.5 (-0.6972160779379234,-0.9249836820437778)
121.625 (0.4266205570762708,0.5249918152932673)
121.75 (-0.1725073913382671,0.1063957689244409)
121.875 (0.06611794519178651,-0.5407248229305516)
122 (-0.08855413612646665,0.5688836443257759)
122.125 (0.1538643299085009,-0.3097587913967301)
122.25 (-0.1732120553413809,0.05525556321994005)
122.375 (0.1026768920228455,0.009224597686841775)
122.5 (0.03833653725401954,0.0635973260767688)
122.625 (-0.20521507170072,-0.1133617048435635)
122.75 (0.3558085371362831,0.07995906418395887)
122.875 (-0.3980601689080755,-0.04402553605415261)
123 (0.1722834255366978,0.09333840987132461)
123.125 (0.3698278050480186,-0.2014884734494464)
123.25 (-0.9425927249661386,0.2348335467822123)
123.375 (1.059302727404943,-0.05054890976064017)
123.5 (-0.5458828409307095,-0.3792960945574769)
123.625 (-0.1684886714507186,0.8727651068020943)
123.75 (0.47884121365404,-1.088655961300319)
123.875 (-0.3049553532728305,0.7985204084800243)
124 (0.1268087098542073,-0.1798798469834907)
124.125 (-0.2596119811517891,-0.254711642358364)
124.25 (0.3959354160090525,0.152838073367988)
124.375 (-0.1349787088658834,0.2701206794699984)
124.5 (-0.2525832712862049,-0.4451993719413326)
124.625 (0.05792261654539205,0.09434677381010605)
124.75 (0.8109779652687691,0.4688729857254881)
124.875 (-1.473748076171938,-0.7539131666414192)
125 (1.107944153579662,0.6773373151378669)
125.125 (-0.05748803821571853,-0.5758621867509393)
125.25 (-0.5399356218502789,0.69824554381603)
125.375 (0.1663441352159417,-0.8890640576755624)
125.5 (0.512719038458102,0.8304139105963603)
125.625 (-0.6274081593094012,-0.4320021942257384)
125.75 (0.2009157624317147,-0.1324796256762251)
125.875 (0.08898734121555091,0.6560073550589572)
126 (0.03305430020894074,-1.005433674215778)
126.125 (-0.1330042428712172,1.060492153725758)
126.25 (-0.1705281766185849,-0.7477869610069107)
126.375 (0.5980079832465476,0.1946867084451958)
126.5 (-0.6124395617115488,0.2828321757950484)
126.625 (0.1756560368681885,-0.4492851441035232)
126.75 (0.2103107261018523,0.3659261944113676)
126.875 (-0.1600907637267365,-0.2823069734167719)
127 (-0.1409665613607227,0.3469113502709297)
127.125 (0.1942061642502752,-0.468667373217644)
127.25 (0.2219193027447885,0.4377941059246995)
127.375 (-0.7779271717957797,-0.155983176229871)
127.5 (0.8959827561968302,-0.2189130281668926)
127.625 (-0.3659484154123994,0.3455096198248334)
127.75 (-0.3208962213585618,0.01021696621589141)
127.875 (0.3855477084312276,-0.7011487326672615)
128 (0.3639066566167363,1.271947644274807)
128.125 (-1.192660258403865,-1.367951150908274)
128.25 (1.199595111702795,1.029334597282357)
128.375 (-0.3707685963281181,-0.5417219113617494)
128.5 (-0.4097331154755218,0.108662826756186)
128.625 (0.4527275523358097,0.2032099548366204)
128.75 (-0.04572321703104545,-0.3044879088959275)
128.875 (-0.0699722421702046,0.1224389416958508)
129 (-0.2626885866749258,0.1635631970585272)
129.125 (0.4885773342069198,-0.1706534357662766)
129.25 (-0.2020377068566192,-0.2376211729628273)
129.375 (-0.2589839923561955,0.6900598712438818)
129.5 (0.2610749232454904,-0.6894724205975996)
129.625 (0.2951913703734843,0.1997749845685067)
129.75 (-0.8207646282964409,0.3181016502134413)
129.875 (0.6801109969227858,-0.4316229598668423)
130 (0.1296905911111675,0.1337248848324698)
130.125 (-0.9390976219480602,0.2775943841819193)
130.25 (1.01571552934427,-0.5205952592310016)
130.375 (-0.2723391935966121,0.4670230627258297)
130.5 (-0.5997685892428194,-0.1457695302910251)
130.625 (0.7841787203936332,-0.2340774382635803)
130.75 (-0.1721735949445771,0.3607662846395305)
130.875 (-0.5416933476787152,-0.09419343454213235)
131 (0.6370747258087121,-0.3439155091662726)
131.125 (-0.1102972566228136,0.5777355881386135)
131.25 (-0.4545731650488145,-0.4877509687023179)
131.375 (0.6031816386392469,0.3112218270434844)
131.5 (-0.395908369822868,-0.3076457435337955)
131.625 (0.1458763730115246,0.4268916387164233)
131.75 (-0.0205971661690415,-0.3915801176103234)
131.875 (-0.03272862762932589,0.06893073078920392)
132 (0.1279634206315578,0.3298737662843854)
132.125 (-0.2921791626861615,-0.4588794363509319)
132.25 (0.3987585812812399,0.2172036679477019)
132.375 (-0.2487565671667055,0.1376892138573215)
132.5 (-0.1500207837381826,-0.287219382641163)
132.625 (0.4108230203543822,0.2070367868259245)
132.75 (-0.1230583283789576,-0.120235910597278)
132.875 (-0.5351300976159149,0.1078480028627994)
133 (0.8226249268994129,0.03770423176048678)
133.125 (-0.3148788079791019,-0.4259652878169389)
133.25 (-0.4512888742516692,0.7062140091001206)
133.375 (0.5624695242359303,-0.4113267491905757)
133.5 (0.1225599929833555,-0.3246376132835705)
133.625 (-0.8050756097000028,0.7528646787989786)
133.75 (0.7853585739935165,-0.4352614265861833)
133.875 (-0.2693801415096447,-0.08996389059566649)
134 (-0.07303434466007941,-0.05009799374156643)
134.125 (0.001885115627715981,0.8555248304145877)
134.25 (0.2191722898276686,-1.349753946383807)
134.375 (-0.4248196825771952,0.8221999740222202)
134.5 (0.7120389430767636,0.221919043419202)
134.625 (-0.9784392081739469,-0.6867125571278052)
134.75 (0.8129569843821163,0.2334426136451545)
134.875 (-0.1401947903584047,0.4173459346049557)
135 (-0.3797386785877277,-0.4966799499066483)
135.125 (0.0554373994387937,0.07523793227879413)
135.25 (0.8304658001046938,0.2195438165993148)
135.375 (-1.190488267052104,-0.04814534958226204)
135.5 (0.4414220004432359,-0.3727203157186031)
135.625 (0.7148065165276443,0.681409455195622)
135.75 (-1.096852998619941,-0.7239010061450978)
135.875 (0.4247537185768962,0.5079502425172432)
136 (0.439701666929411,-0.0965598513512787)
136.125 (-0.5685933708218001,-0.338428371376714)
136.25 (-0.0634761811229517,0.5393884402787541)
136.375 (0.7598223782906449,-0.3934113095339474)
136.5 (-0.9274373074554527,0.07331240307908496)
136.625 (0.5025720863737692,0.1399104011415782)
136.75 (0.2188831558352595,-0.1194047605373218)
136.875 (-0.8374285798161175,-0.06870951127956358)
137 (0.9836472492889048,0.2784077917519137)
137.125 (-0.5286977112632205,-0.3409434132199267)
137.25 (-0.2188847167967391,0.1290278238413427)
137.375 (0.7231484426247435,0.2593302156938082)
137.5 (-0.7483859844116415,-0.4367824522887724)
137.625 (0.5351863028895425,0.06948049983205248)
137.75 (-0.369736316080804,0.6618053990573253)
137.875 (0.1942542139445984,-1.128851318780645)
138 (0.1555099049449693,0.9092783757416755)
138.125 (-0.5119018982587806,-0.2620085420127123)
138.25 (0.511189144564926,-0.1778338683474246)
138.375 (-0.1493111485849419,0.0952976712529687)
138.5 (-0.1327631171405825,0.2601744449632856)
138.625 (0.03776728232092296,-0.4713839836444396)
138.75 (0.185640920271202,0.4002723476966207)
138.875 (-0.1368227044007546,-0.1980678412538036)
139 (-0.1378131907154945,0.03504330879535845)
139.125 (0.2291476074434185,0.05792698813669034)
139.25 (0.01544336669030677,-0.1424326939090113)
139.375 (-0.2566219265709243,0.2675559528099717)
139.5 (0.127649670890477,-0.3996564853122522)
139.625 (0.2747967744808083,0.420709775284125)
139.75 (-0.5071786887787919,-0.2494426122353732)
139.875 (0.2847572707497435,0.008985515963268558)
140 (0.2466306531283956,0.01833596449003572)
140.125 (-0.6819711918155212,0.2793475891244566)
140.25 (0.7012662896146401,-0.6180299070603621)
140.375 (-0.297007058564314,0.5943641918702544)
140.5 (-0.2225074089900941,-0.2031820594864555)
140.625 (0.4633882760621085,-0.1122796670084992)
140.75 (-0.2865550627368948,0.03579431502119818)
140.875 (-0.04484053907406718,0.1688680181081748)
141 (0.1184659066272629,-0.01001203008475735)
141.125 (0.1935040121832412,-0.4854509633847968)
141.25 (-0.596722183411649,0.6769774873501792)
141.375 (0.6950256948709996,-0.1021027629880065)
141.5 (-0.3988053679234346,-0.8459189287011831)
141.625 (-0.03234763286860345,1.298559628006529)
141.75 (0.3095769138596018,-0.924883052957751)
141.875 (-0.3857390295548766,0.2881468617949539)
142 (0.3919844870002142,-0.09811672133848626)
142.125 (-0.4043387927338131,0.3501132250538783)
142.25 (0.3813665018338628,-0.4488938434711003)
142.375 (-0.3115413851355964,0.06547558012857767)
142.5 (0.2804868657162021,0.4670779522916883)
142.625 (-0.3097630747403321,-0.6864182336532838)
142.75 (0.2332765183151911,0.6217520001600184)
142.875 (0.1013667535627759,-0.6302505124456875)
143 (-0.5216573859372654,0.7882704259408907)
143.125 (0.6104531928232712,-0.8000328426674722)
143.25 (-0.1953922440625086,0.5280090720988894)
143.375 (-0.3808354853099113,-0.2669908300536149)
143.5 (0.6386092539813077,0.3034739767091914)
143.625 (-0.532279419646364,-0.4574777986904748)
143.75 (0.4462509197114134,0.3622071052020744)
143.875 (-0.6241593041298484,-0.07103058229154263)
144 (0.8233409501407803,0.01946873161787065)
144.125 (-0.6527562716055454,-0.34309302985849)
144.25 (0.1035598057655179,0.5849715148183112)
144.375 (0.4287260809589356,-0.2894686943302547)
144.5 (-0.5884644119257864,-0.3456967954733815)
144.625 (0.3630558830089425,0.6922804023122123)
144.75 (0.04028963245305919,-0.4621092272016107)
144.875 (-0.4406389439295306,-0.02708726828633231)
145 (0.7278509432106326,0.3357285568208392)
145.125 (-0.7823850428361775,-0.3648873719403932)
145.25 (0.5051238085704625,0.2574627239453074)
145.375 (0.03396641885434643,-0.1003695692279491)
145.5 (-0.5324265458011365,-0.085175085091032)
145.625 (0.6247740219441287,0.2117726465898428)
145.75 (-0.203425912302395,-0.1993352710142787)
145.875 (-0.405700152311519,0.1166110682821652)
146 (0.672701152232603,-0.07156748965541894)
146.125 (-0.3746584677007743,0.006098568873275771)
146.25 (-0.1584153189338985,0.2043168501326446)
146.375 (0.4092815028361103,-0.4581349125331595)
146.5 (-0.2441632528577554,0.463817604173986)
146.625 (-0.03628052673862747,-0.1504186870040017)
146.75 (0.1901046080137757,-0.1549665852019798)
146.875 (-0.3149567164070289,0.1198815894934969)
147 (0.5141282715896014,0.1445547538273962)
147.125 (-0.5518736407297116,-0.2205162939208954)
147.25 (0.1576438868903457,-0.0647264083880339)
147.375 (0.4354733740248156,0.4042100317094903)
147.5 (-0.6371857450461063,-0.372141439897304)
147.625 (0.2595224933126198,-0.09620005471541522)
147.75 (0.1965654215886008,0.643568403667978)
147.875 (-0.2009635425531742,-0.846227797004095)
148 (-0.1200300800926463,0.5999443140266065)
148.125 (0.2430945467000491,-0.2108015660893846)
148.25 (-0.02955787661437159,0.1205758147396344)
148.375 (-0.1234415329394042,-0.4706109701941159)
148.5 (-0.07554962650804312,0.9140077906718292)
148.625 (0.3691378689733709,-0.9466171786794384)
148.75 (-0.3182212866167173,0.4732250692600924)
148.875 (-0.1179490840981308,0.04608736843139273)
149 (0.5909856062515222,-0.1029224085050708)
149.125 (-0.8204474416736918,-0.2718051436727931)
149.25 (0.7982520516107545,0.547778654381435)
149.375 (-0.5855296429345626,-0.3104745651610336)
149.5 (0.1748943011965364,-0.2758639497377053)
149.625 (0.3516439699409061,0.6510981318752654)
149.75 (-0.7182910705994766,-0.4354313945469672)
149.875 (0.6868394671027807,-0.199887326362796)
150 (-0.3438430897290645,0.682399126791345)
150.125 (0.02617642336681254,-0.5505135676226616)
150.25 (0.03953615602302804,-0.1180406442286273)
150.375 (0.06995519646247894,0.7762710657541182)
150.5 (-0.1508603367489232,-0.9609053865828407)
150.625 (0.144455080215772,0.7475426112563952)
150.75 (-0.1696876740794036,-0.5412617818269831)
150.875 (0.3304437085047937,0.4594208597097069)
151 (-0.5668844657368498,-0.1914734939335023)
151.125 (0.7107531389300145,-0.398088808675485)
151.25 (-0.6507083389705486,0.8240071123902841)
151.375 (0.4273123022072453,-0.5196702971054464)
151.5 (-0.1890181161716163,-0.2687089081629308)
151.625 (0.07546557922991999,0.6012982095393551)
151.75 (-0.1311405245440909,-0.02992529547988792)
151.875 (0.3028969196662882,-0.7282848637831173)
152 (-0.4966655756497068,0.6622588581387019)
152.125 (0.6232361513319336,0.218661876966295)
152.25 (-0.6028368329073218,-0.9073899353904756)
152.375 (0.3860123222024808,0.7078462853147164)
152.5 (-0.03982849550393706,-0.03812563582837803)
152.625 (-0.2063875337578858,-0.2579279856513361)
152.75 (0.1273591005814516,-0.006505402449167123)
152.875 (0.1981530813171962,0.3374860606661714)
153 (-0.3472354035270178,-0.3819565900065538)
153.125 (-0.009710055463210835,0.2920571740177785)
153.25 (0.6238839365230796,-0.2661785037668389)
153.375 (-0.823006779324932,0.1847660000608852)
153.5 (0.2826770023309797,0.06948494908231025)
153.625 (0.5018717101385486,-0.2376710355309657)
153.75 (-0.7264096080847415,-0.01812997872125863)
153.875 (0.2076630581848944,0.5447975306234749)
154 (0.4344221671519207,-0.7624757096538728)
154.125 (-0.5482630547006974,0.3568891117770643)
154.25 (0.1396695284588301,0.3362111650800844)
154.375 (0.3423930688126133,-0.7561517376879153)
154.5 (-0.6368217321935175,0.7415220245867444)
154.625 (0.7782916253501918,-0.5623766534875975)
154.75 (-0.7209078845689671,0.4629940196733445)
154.875 (0.2923533513055571,-0.4195478464751892)
155 (0.3685652239107378,0.3530549316316111)
155.125 (-0.7029027107790397,-0.3357313242270673)
155.25 (0.3577828679347261,0.4360699158403311)
155.375 (0.2694896685291178,-0.4974236531099439)
155.5 (-0.4481294068260404,0.2842851361589842)
155.625 (0.02226557633519302,0.1526288505811579)
155.75 (0.4182085389336604,-0.4430590002472993)
155.875 (-0.3245560103665091,0.3240090777244627)
156 (-0.153667677080941,0.01358324498782186)
156.125 (0.4590370397384049,-0.1478218011369192)
156.25 (-0.3435794862904847,-0.03469169029529542)
156.375 (0.05563837928425638,0.1765151689514962)
156.5 (0.06540171943960794,0.1015978278054569)
156.625 (0.08331354322662841,-0.6791455917617581)
156.75 (-0.4161181940578229,0.9904208807085951)
156.875 (0.7710088936190957,-0.6265466896905043)
157 (-0.9049424617960373,-0.185519630131934)
157.125 (0.6041714559777999,0.7728693434246561)
157.25 (0.02797787999785885,-0.6908818977597929)
157.375 (-0.5027343513664633,0.1713885282933328)
157.5 (0.3554646862186591,0.1331715560583149)
157.625 (0.353080995849493,0.1574462047860662)
157.75 (-1.028339646085814,-0.7579748180170532)
157.875 (1.06434515082386,1.03946708751871)
158 (-0.3827142923513875,-0.7027257251547598)
158.125 (-0.4844067220105734,0.06573357927138192)
158.25 (0.8245522330624893,0.3169940287233005)
158.375 (-0.3741443979727948,-0.235953867259074)
158.5 (-0.3738030276805615,-0.03250216056912414)
158.625 (0.5828252977430023,0.1095429958250068)
158.75 (0.03983894072658103,0.07576984950972346)
158.875 (-0.8193318227643012,-0.2923630095475121)
159 (0.7961195457992484,0.3347293363146479)
159.125 (0.1381355574200368,-0.241060314302829)
159.25 (-1.041591337035446,0.1814696211972627)
159.375 (1.011973312378174,-0.2187852412877666)
159.5 (-0.2475152012999352,0.2542273752481685)
159.625 (-0.2750512577059706,-0.1864519114726429)
159.75 (0.07307865725638356,0.04263117512304306)
159.875 (0.2968066944913093,0.07680041658906833)
160 (-0.09461409805458833,-0.1231761884842151)
160.125 (-0.5499703145498054,0.1187957738403105)
160.25 (0.7947478595026763,-0.1005124849068894)
160.375 (-0.2012172151505611,0.1187473117570052)
160.5 (-0.6600028136932631,-0.2503025479804227)
160.625 (0.8426554564539104,0.4879546070221159)
160.75 (-0.08101365173090058,-0.6155047357488735)
160.875 (-0.9284006538535247,0.3664110738478482)
161 (1.232854114281597,0.1824879074977639)
161.125 (-0.5445549889935394,-0.5230217527763374)
161.25 (-0.4691724183296388,0.2449540705907261)
161.375 (0.7826363406058027,0.374755364196397)
161.5 (-0.03273140605042497,-0.5698966565821499)
161.625 (-0.9823010824183902,-0.0007460854553999935)
161.75 (1.01278076712223,0.7188067577416972)
161.875 (0.2356267295583921,-0.6246213788730847)
162 (-1.563662045077884,-0.4371748317379258)
162.125 (1.494756193086937,1.490068387214376)
162.25 (-0.03339488394508436,-1.3756194267018)
162.375 (-1.195870466884244,-0.004515759703109775)
162.5 (0.7903837774934748,1.496331936251304)
162.625 (0.7692623848767568,-1.811450205426936)
162.75 (-1.69722449236605,0.8404133763553038)
162.875 (1.001959106643347,0.2297554275942396)
163 (0.4684331957819602,-0.2030411688409497)
163.125 (-1.161769215326877,-0.7797985118628863)
163.25 (0.5507781759354509,1.402869622076387)
163.375 (0.5711799572265447,-0.7664100673384997)
163.5 (-1.208164351102562,-0.4577170188059907)
163.625 (1.112130791437599,0.8035716058057983)
163.75 (-0.6769827200077181,0.1488137270960058)
163.875 (0.3422675006767264,-1.189343878720568)
164 (-0.2817159950921246,0.9610145169320682)
164.125 (0.4027604205249221,0.3388640022243393)
164.25 (-0.4221955829790955,-1.207125830023278)
164.375 (0.09882837480389968,0.7013515126328967)
164.5 (0.4019788301204134,0.4499756837838441)
164.625 (-0.5170290684829081,-0.825239929343811)
164.75 (-0.07422312880049235,0.04588702952882992)
164.875 (0.8924993490108867,0.8814476139367373)
165 (-1.081705742924181,-0.8892932697834492)
165.125 (0.4613789093407063,0.09058888680980917)
165.25 (0.1739113211476948,0.5161983584668498)
165.375 (-0.03099807896064678,-0.3385064522022072)
165.5 (-0.6634440159729762,-0.1853584613129688)
165.625 (0.9864833596934434,0.3019879059654439)
165.75 (-0.5545118481046853,0.0372688161339236)
165.875 (-0.02883374042923303,-0.1809275254842528)
166 (0.09529779232557055,-0.2701430643926012)
166.125 (0.1521458467903294,0.8840590474574175)
166.25 (-0.02596686301899128,-0.9707134394996432)
166.375 (-0.5509894594076755,0.491780602474806)
166.5 (0.8846711424903174,-0.04722451818849101)
166.625 (-0.5238154515777305,0.01110363641677522)
166.75 (-0.06478010490059301,-0.09436028102032859)
166.875 (0.1683340564642745,-0.07582211133661694)
167 (0.1634706539935901,0.3200589735559726)
167.125 (-0.2860965605270519,-0.2222966943357968)
167.25 (0.02653705799934273,-0.130087550637673)
167.375 (0.01271552078344351,0.2151459795430432)
167.5 (0.5774138788406878,0.09783132895492218)
167.625 (-1.236437649790325,-0.2861127684562241)
167.75 (1.09513457906829,-0.03259590796459984)
167.875 (-0.1717002652499,0.4559856068894751)
168 (-0.6374748135333476,-0.3669796961582562)
168.125 (0.7451112330207716,-0.08407471920636736)
168.25 (-0.4939314760093282,0.09792271070061023)
168.375 (0.3926591681115351,0.6450082374237693)
168.5 (-0.2734498970756047,-1.445938937104408)
168.625 (-0.2813300999534429,1.401043888384021)
168.75 (0.9816320007796897,-0.4549430050172462)
168.875 (-1.009523360536423,-0.6086922230838224)
169 (0.2418494804378453,1.030842285292126)
169.125 (0.3503417196459447,-0.694353202609246)
169.25 (0.06667856172427548,0.05201550671709454)
169.375 (-0.9676111988646635,0.2836105022045292)
169.5 (1.063206190828419,0.003520492804466938)
169.625 (-0.009530717694911811,-0.5825652926652621)
169.75 (-1.080634905877348,0.6515434706875032)
169.875 (1.022244882684153,0.1976797858979723)
170 (0.01358540031825721,-1.307975478288716)
170.125 (-0.8372516426086225,1.557034502029871)
170.25 (0.7412246596689253,-0.7321299248673343)
170.375 (-0.1820632294304011,-0.130366100492912)
170.5 (-0.01768040834061629,0.0483044400902569)
170.625 (-0.3103352387153864,0.6648079972511494)
170.75 (0.6808393120188407,-0.9212660610675835)
170.875 (-0.6931080334994945,0.3510416135753007)
171 (0.4362872405261822,0.3623797751176485)
171.125 (-0.2129103037107153,-0.6224946534672203)
171.25 (0.137607097883965,0.6934851385022804)
171.375 (-0.1095335016457306,-1.003737883395366)
171.5 (0.04737299183996314,1.243246447725334)
171.625 (-0.02660902044127604,-0.7893880308270002)
171.75 (0.1814098809077681,-0.1733886830926362)
171.875 (-0.4951332095639749,0.6431271120005772)
172 (0.7075833892280334,-0.06163917780003876)
172.125 (-0.5112236214490251,-0.9110252522289461)
172.25 (-0.07304462927531623,1.203975320935737)
172.375 (0.5752733945781084,-0.6226470640448301)
172.5 (-0.4979980481573225,-0.04814992390810365)
172.625 (-0.105634659340988,0.1042446876690091)
172.75 (0.6268575350745453,0.3126023399584171)
172.875 (-0.5622093274545134,-0.5873429805678994)
173 (0.04722343638351571,0.4579896063755156)
173.125 (0.3956004566823818,-0.2261007093580428)
173.25 (-0.5075028555803964,0.2486477188834528)
173.375 (0.4735882829343644,-0.4740250662135156)
173.5 (-0.5120421652896506,0.5703494734371138)
173.625 (0.5707511263067979,-0.3883431877023306)
173.75 (-0.523739136757987,0.1408071827075014)
173.875 (0.4265416001593079,-0.1009422935369136)
174 (-0.383506350259968,0.2384469720531898)
174.125 (0.3162594204783061,-0.2706410362291503)
174.25 (-0.1025947843864176,0.0549880754699365)
174.375 (-0.1306986871614046,0.2017369678658077)
174.5 (0.1226715760124408,-0.1974945945565565)
174.625 (0.09186425988417025,-0.08511882141221006)
174.75 (-0.1280511372818152,0.3665660755747174)
174.875 (-0.2476434273198389,-0.4154132283863444)
175 (0.7537721464555642,0.2875167502949248)
175.125 (-0.9058958851947989,-0.1881382588679134)
175.25 (0.5719927393663075,0.1988199597947881)
175.375 (-0.04516994291776812,-0.2302329865223559)
175.5 (-0.3333684827266398,0.2001252785309763)
175.625 (0.4139879369926988,-0.144745072192583)
175.75 (-0.1825192608327253,0.1167991167793778)
175.875 (-0.2371928153592989,-0.04773262736638827)
176 (0.4866940902473093,-0.1903687304465745)
176.125 (-0.2022286288923117,0.567485608747784)
176.25 (-0.4606185809141284,-0.8268286232031997)
176.375 (0.7809907588525503,0.7410273687777829)
176.5 (-0.272236536166161,-0.4377458076932558)
176.625 (-0.5881981260675428,0.3424690163713257)
176.75 (0.808104044675851,-0.6975446902674367)
176.875 (-0.1118846233973851,1.20513700676543)
177 (-0.6530334204987266,-1.294440169766096)
177.125 (0.5636022723582748,0.7546039691593887)
177.25 (0.2215821336017266,0.01916505321012789)
177.375 (-0.732391237031172,-0.4523434056338397)
177.5 (0.4842476657916348,0.3516367206847343)
177.625 (-0.02399252708261828,0.0126055163435394)
177.75 (0.0498848431283628,-0.2571175408231454)
177.875 (-0.421747315721218,0.2097056143485831)
178 (0.4520811994910443,0.02433604224640245)
178.125 (0.00640966673310762,-0.1838820261642818)
178.25 (-0.2819509926037409,0.08254526922812735)
178.375 (-0.1645936076787473,0.1778640579231613)
178.5 (0.8955772214603593,-0.2924135265491929)
178.625 (-0.9699726608909471,0.1619679498386317)
178.75 (0.1487619705590653,-0.08323025669347128)
178.875 (0.7511983137618274,0.3112543456140542)
179 (-0.8120528327361418,-0.5678995866757695)
179.125 (0.06399947288455318,0.367319054070487)
179.25 (0.6359949275336694,0.1825272962845523)
179.375 (-0.6435478846218828,-0.4106578241174786)
179.5 (0.1535384346100874,0.07981328456882526)
179.625 (0.2264829658982052,0.2226948358941399)
179.75 (-0.2325929015904749,-0.0675798407524389)
179.875 (0.07585204884567037,-0.1303669356927893)
180 (-0.004481698972809899,0.09671186472165502)
180.125 (-0.03325087790761136,-0.09130188819638375)
180.25 (0.005202440244531118,-0.1857169299802498)
180.375 (0.2036519364777602,0.2082192500385655)
180.5 (-0.4639212087433845,0.1723687248603432)
180.625 (0.3922702995367353,-0.3022379273556279)
180.75 (0.1752042264198258,-0.07028885480879618)
180.875 (-0.7327504601000558,0.2574464022858864)
181 (0.5279476430536274,0.1833470370691899)
181.125 (0.4083001507168954,-0.5920326777836122)
181.25 (-1.054155306566866,0.2182585607708366)
181.375 (0.5904964120282647,0.5045373481844736)
181.5 (0.4749178809024909,-0.5438081820481266)
181.625 (-0.8971659037738643,-0.158200163438576)
181.75 (0.3323686682082878,0.6030806308410546)
181.875 (0.2435381008996595,-0.2866566309047589)
182 (0.03748410053430015,-0.05781541042129928)
182.125 (-0.7030389976740038,-0.3180690617849255)
182.25 (0.6868245920257507,0.9290748628183223)
182.375 (0.06684090540911591,-0.7723152199129908)
182.5 (-0.5233556620613951,-0.06713739303262561)
182.625 (0.1051139778634401,0.4310090908098682)
182.75 (0.451372879807697,0.2028896312305358)
182.875 (-0.1938749966615405,-0.8536214663243284)
183 (-0.6255249356658772,0.3994455693848752)
183.125 (0.8729781318732582,0.7147323861238781)
183.25 (-0.09802535047674334,-0.9146191038988062)
183.375 (-0.8709579030834419,-0.3951970343593049)
183.5 (1.018162911901886,1.897227975560528)
183.625 (-0.3280872772493048,-1.922923385501065)
183.75 (-0.4094041026349186,0.5081432335953421)
183.875 (0.6427693485538597,0.708065639286077)
184 (-0.5048866975214986,-0.5658608626134012)
184.125 (0.3394061872536075,-0.2709224560036523)
184.25 (-0.214291450233171,0.3834078960132952)
184.375 (0.03865650274111863,0.4320206263198352)
184.5 (0.1139360279632123,-0.9309691181764939)
184.625 (-0.06447414188454904,0.1882359217373417)
184.75 (-0.1457467832840337,1.063056754867439)
184.875 (0.2178822729324138,-1.358442190298612)
185 (0.02317168059138586,0.4512894571047031)
185.125 (-0.3412862750016069,0.3598115282439445)
185.25 (0.3492288045331054,0.03149573883058299)
185.375 (-0.03187317897107521,-1.094077290222079)
185.5 (-0.1880056871567813,1.422738854350085)
185.625 (0.002144356519067185,-0.5952811971655889)
185.75 (0.3459139219467794,-0.3916936412227681)
185.875 (-0.3937648856887133,0.5429498474199381)
186 (0.1275686575109365,-0.07163443628419211)
186.125 (0.003009067803638341,-0.1440548825998297)
186.25 (0.2196030446850548,-0.1545870091414967)
186.375 (-0.4213099471447483,0.4162039338046893)
186.5 (0.2000772479342078,-0.2137845817050774)
186.625 (0.2218134587764873,-0.1989856754908357)
186.75 (-0.2763308762928718,0.372652091844212)
186.875 (-0.129961363478212,-0.2579381495579671)
187 (0.4765089217816922,0.06886203336303091)
187.125 (-0.3528454799832649,0.1406943074446478)
187.25 (-0.04120901094391195,-0.4375200830900284)
187.375 (0.2627713231521698,0.7090882751182203)
187.5 (-0.1815384601057847,-0.7405159926955625)
187.625 (-0.04787467752664026,0.5608024567286934)
187.75 (0.3062358213881095,-0.4274120990917208)
187.875 (-0.5091207432852294,0.4298006617023807)
188 (0.472170318193975,-0.3533906065133521)
188.125 (-0.1258635690349937,0.03085701974596114)
188.25 (-0.223035517270212,0.3645845850934868)
188.375 (0.2080110705293026,-0.508750200024587)
188.5 (0.03545873396020625,0.2903784720232897)
188.625 (-0.01689118342082517,0.1239647185281058)
188.75 (-0.3233199588042044,-0.4931754967463244)
188.875 (0.4115526713295918,0.6698071519438175)
189 (0.1170244776828109,-0.6545361183477116)
189.125 (-0.7520180114297338,0.5929277993951103)
189.25 (0.7298037495536053,-0.6518215084362307)
189.375 (-0.1231978282795248,0.8075443657616512)
189.5 (-0.2342525620860245,-0.8395926818498903)
189.625 (-0.05758000397907341,0.642123683632428)
189.75 (0.3985069085053963,-0.4362641861223602)
189.875 (-0.1088810338279424,0.4977012076393726)
190 (-0.5036043474330261,-0.7390831302332499)
190.125 (0.5262546039898974,0.7898391156908628)
190.25 (0.2270636474854489,-0.5066143316711582)
190.375 (-0.8416671954626264,0.1760810326402814)
190.5 (0.4798297812791751,-0.1152031305987167)
190.625 (0.4696918532135183,0.2639755586953292)
190.75 (-0.8481500362432228,-0.3325119239289573)
190.875 (0.2016840731651596,0.2169546773759638)
191 (0.6685413594077078,-0.06876082331286185)
191.125 (-0.7617618364096763,0.002898363369094329)
191.25 (0.09698245915745045,0.06098569465273578)
191.375 (0.4661895750562575,-0.228266942667064)
191.5 (-0.4149884179651702,0.4409979842050686)
191.625 (0.1053513791572131,-0.5405231167964896)
191.75 (-0.03909921664524584,0.4630618393061421)
191.875 (0.1112139183053063,-0.3185077125743963)
192 (0.06231957471781816,0.2801243478817652)
192.125 (-0.3628856529571037,-0.3974339411043856)
192.25 (0.2532128408969798,0.5198459179647877)
192.375 (0.345845984095087,-0.4553829353414291)
192.5 (-0.7622582859602108,0.2230962861712524)
192.625 (0.4126528132171804,-0.04856504543562225)
192.75 (0.3896970887577864,0.03728824390439169)
192.875 (-0.8112266122932783,0.007652652559357337)
193 (0.5120329802596183,-0.26075253129401)
193.125 (0.07363720081782435,0.4774670985897366)
193.25 (-0.4020982586336169,-0.2321614328301149)
193.375 (0.3880142146181447,-0.4110225288852437)
193.5 (-0.2544721559949338,0.8005841526992246)
193.625 (0.1780435629240152,-0.4706587340009128)
193.75 (-0.2648997499431518,-0.2436006862901874)
193.875 (0.5873125762220096,0.6482278835260994)
194 (-0.9656401439291837,-0.5664737103875329)
194.125 (0.9183385674802222,0.4053090247035423)
194.25 (-0.200280949132357,-0.4227123493125032)
194.375 (-0.657321141973422,0.379790070672318)
194.5 (0.7420813552011052,-0.05468319870000687)
194.625 (0.1489539059105091,-0.294395879487058)
194.75 (-1.093831122615835,0.2898061026466769)
194.875 (0.9972988679145063,-0.03069571143338408)
195 (0.1307130138132805,-0.03167970048742406)
195.125 (-1.107751803571428,-0.2486803436422185)
195.25 (0.8551013774574986,0.5058889900227957)
195.375 (0.4043435299981876,-0.3712121922889324)
195.5 (-1.350517727727647,-0.0500274436469525)
195.625 (0.9597927446450157,0.3287194074288324)
195.75 (0.389209405943569,-0.2114377986801948)
195.875 (-1.2895466272324,-0.1244133042789493)
196 (0.8040196408390747,0.2576474320825371)
196.125 (0.5178637409060275,0.05229781656599843)
196.25 (-1.261480617107081,-0.5618850289606589)
196.375 (0.7278495700130782,0.7085767675237959)
196.5 (0.3680911063003341,-0.2192603297212505)
196.625 (-0.8754795326484971,-0.4883596535396875)
196.75 (0.5678989757522386,0.730632686357366)
196.875 (-0.171260968607549,-0.3928620505279385)
197 (0.2014885011401035,0.0528886031673139)
197.125 (-0.3374928701164395,-0.1632849940317642)
197.25 (0.1363203776982531,0.4457508541070267)
197.375 (0.143570353195349,-0.3873233549523122)
197.5 (0.04411300315747861,0.06973265324791579)
197.625 (-0.5228840780009301,-0.04470848114710633)
197.75 (0.4563529326489389,0.4540241480660135)
197.875 (0.4325580975981643,-0.7746979574330197)
198 (-1.262572234689878,0.5830266061298141)
198.125 (1.04062682572882,-0.1513861552602079)
198.25 (-0.008142740072741145,0.0009838557779354813)
198.375 (-0.5855529435420478,-0.157820128443974)
198.5 (0.03116393812004225,0.2167777296087891)
198.625 (0.988696103525293,0.006617760982359776)
198.75 (-1.269044257012736,-0.2601052767287345)
198.875 (0.4749327398485252,0.2668384084410394)
199 (0.6060168485076484,-0.04496031424277734)
199.125 (-1.024996137125246,-0.2144732876931608)
199.25 (0.5905967782522938,0.3304792931481404)
199.375 (0.1405684396465502,-0.1569028758812788)
199.5 (-0.5331597469796879,-0.3114017705881406)
199.625 (0.4253699015225052,0.7804255829910239)
199.75 (-0.1221616279795172,-0.8650947931122994)
199.875 (-0.03650024430037517,0.5741809659770579)
200 (0.03399806300147936,-0.3358839669409574)
200.125 (-0.06889458083416351,0.3911860419010834)
200.25 (0.1640949567985606,-0.4499554892823141)
200.375 (-0.09505824675852591,0.2022806338102436)
200.5 (-0.197347625384734,0.12037777508088)
200.625 (0.3501364490497437,-0.1165984469764708)
200.75 (-0.009340394322254118,-0.03486789139333381)
200.875 (-0.584221800326524,-0.226921001171254)
201 (0.7901588155941598,0.8445876058942763)
201.125 (-0.3991957130929388,-0.9669801228904763)
201.25 (-0.07177616094726209,0.1451333505624255)
201.375 (0.08794829640602504,0.7759612260916317)
201.5 (0.2031913885874897,-0.5947266395347505)
201.625 (-0.2832182296811036,-0.570076236333666)
201.75 (0.06627947871724127,1.236986764810303)
201.875 (0.03261331891085938,-0.4073311279759163)
202 (0.1796967175281478,-1.093965954700558)
202.125 (-0.3180427393810289,1.596094567481825)
202.25 (-0.0009669815877153468,-0.6332889204045358)
202.375 (0.5077723881204,-0.563892497049589)
202.5 (-0.5428933284056532,0.6834411468100891)
202.625 (-0.08606805347609783,0.09698418819422777)
202.75 (0.791761085643936,-0.5407705143965875)
202.875 (-0.8514275335528959,0.07031533571116845)
203 (0.2295030589996597,0.5397028534913857)
203.125 (0.3739535406540618,-0.3281398920077166)
203.25 (-0.2970681908371311,-0.4978865559485034)
203.375 (-0.3364444255384233,0.8829461325372134)
203.5 (0.7284941953063347,-0.4290167863765732)
203.625 (-0.3043047854633883,-0.06714113061871713)
203.75 (-0.5820455501048218,-0.176738796231818)
203.875 (0.990752262623173,0.7305330331628472)
204 (-0.4610406033863615,-0.5614687150006084)
204.125 (-0.4459006950457671,-0.3864286809373415)
204.25 (0.7901347393475833,0.9869464017059481)
204.375 (-0.2964902298676395,-0.4966385246436174)
204.5 (-0.440780644935047,-0.3493351802069186)
204.625 (0.7124367731528908,0.338470107675306)
204.75 (-0.3902567748662859,0.5354363481701041)
204.875 (-0.1485341548889459,-1.107848096137437)
205 (0.4944141854547309,0.6811293713226778)
205.125 (-0.4368418754524075,0.1069534963764484)
205.25 (-0.03218343396117125,-0.2930664634603758)
205.375 (0.6396085012620704,-0.1275450828898133)
205.5 (-0.8572098092539594,0.3961539843881724)
205.625 (0.3696391239717769,-0.1107923481121246)
205.75 (0.4111109680163962,-0.4095392173227522)
205.875 (-0.6334579884045556,0.75857701793679)
206 (0.0303057089461006,-0.892307427522228)
206.125 (0.6007879718400605,0.8670776049938883)
206.25 (-0.3065956917884453,-0.5989683557662039)
206.375 (-0.7330644079038795,0.1265598378315456)
206.5 (1.2897570718889,0.2001144521971552)
206.625 (-0.6120617697654073,-0.1025294689264452)
206.75 (-0.5496404862828719,-0.2019669906350925)
206.875 (0.8437204817945309,0.2336555331501481)
207 (-0.02619332573247531,0.1375571125177756)
207.125 (-0.7748699176714132,-0.5294436262442969)
207.25 (0.5772750873741834,0.5078139824028929)
207.375 (0.2089057558186289,-0.06385768649862324)
207.5 (-0.4416049558183227,-0.3950762261975587)
207.625 (-0.1738095700702037,0.4566018372395239)
207.75 (0.7571074515692424,-0.1129647277974232)
207.875 (-0.5307014503819466,-0.2053517476306754)
208 (-0.1354689431547776,0.08430249811964306)
208.125 (0.3047135052304821,0.3353332724884497)
208.25 (0.2283271032565055,-0.4363792565952049)
208.375 (-0.7289611351622832,-0.1021812063719937)
208.5 (0.5940784045860736,0.7824295666068241)
208.625 (-0.147895911883878,-0.8283329446429476)
208.75 (0.09830917127394025,0.171750126841277)
208.875 (-0.4901753347417565,0.4694243573728559)
209 (0.640877923152869,-0.5441602026921351)
209.125 (-0.1365873820043489,0.2926040702971983)
209.25 (-0.50776276768492,-0.2098131660313636)
209.375 (0.4697134934307953,0.269169952292845)
209.5 (0.2822153513247266,-0.09199508879835808)
209.625 (-0.8977532735412918,-0.3217583234000457)
209.75 (0.7165056874335445,0.5422178322894602)
209.875 (-0.08152246853281923,-0.3963298113203198)
210 (-0.1912050162118211,0.2295221334376717)
210.125 (-0.06253927910856372,-0.3083981261209456)
210.25 (0.1963222241302077,0.3624600352247661)
210.375 (0.2566146489362294,-0.03669091109874566)
210.5 (-0.8887773533870733,-0.461908421515793)
210.625 (1.000130722277092,0.5653840334948133)
210.75 (-0.5612310496180274,-0.1073488152903666)
210.875 (0.1534748432857325,-0.4758641834295927)
211 (-0.07353788906639834,0.7252977468060131)
211.125 (0.02696981457194217,-0.6205698726579513)
211.25 (0.1793363297467339,0.3744048176383597)
211.375 (-0.1760160710889006,-0.0798426743925499)
211.5 (-0.3410635442913103,-0.2243538023718441)
211.625 (0.8757229176793584,0.355264576441078)
211.75 (-0.6128111984283943,-0.1549951152411569)
211.875 (-0.4061130367697443,-0.1994497052358425)
212 (1.15287018371345,0.3228356810631306)
212.125 (-0.8627536051678601,-0.0975775038231174)
212.25 (-0.01764904669428154,-0.1799765297971241)
212.375 (0.4707850344026652,0.2017827938979102)
212.5 (-0.1913707341785442,-0.02350778846915666)
212.625 (-0.2252252868578394,-0.07606565959345933)
212.75 (0.2492929059845608,-0.02721573508636315)
212.875 (-0.04579529700835593,0.222652856917333)
213 (0.01057723006166272,-0.3797371688411675)
213.125 (-0.1212972588107677,0.4622144169695133)
213.25 (0.09025907788053594,-0.4424279319950775)
213.375 (0.06568565251347597,0.279550353091381)
213.5 (-0.01313025871058712,-0.03390961593764826)
213.625 (-0.3464079312392057,-0.1324928980782553)
213.75 (0.6485089130331461,0.138481192866561)
213.875 (-0.5302207591123697,-0.05717645515730032)
214 (0.1134815347080778,-0.04980685683891679)
214.125 (0.1718747730307644,0.2164123338508823)
214.25 (-0.1498353518489955,-0.3685473391760832)
214.375 (0.061838852754364,0.2197508527203976)
214.5 (-0.1431367061710791,0.3550132500559228)
214.625 (0.236221513188888,-0.9171219182667256)
214.75 (-0.0008062100544401542,0.8121354819174439)
214.875 (-0.5486699438365136,-0.04742186535117149)
215 (0.9312559016508353,-0.5236682845982962)
215.125 (-0.7381072299658317,0.2060488973831995)
215.25 (0.1576738718382354,0.5696371840436127)
215.375 (0.2264222522580498,-0.7261039939550206)
215.5 (-0.1374452042460387,-0.03926512374648514)
215.625 (-0.1126061885822803,0.8072208565600296)
215.75 (0.1175838563996319,-0.6400167993767116)
215.875 (0.07683957622816429,-0.1728322176100139)
216 (-0.1416555070692747,0.5279101165170124)
216.125 (0.02805747074621173,0.001820735168218485)
216.25 (-0.01823593336974441,-0.6370503782653826)
216.375 (0.1838350508173239,0.4834775982490735)
216.5 (-0.1558049834153706,0.293132704238873)
216.625 (-0.3233975642690396,-0.734069813569574)
216.75 (0.8510074148247682,0.3128957376158128)
216.875 (-0.7394763065163275,0.5038654154744346)
217 (-0.06994588691112952,-0.9100775717690053)
217.125 (0.8069998993679871,0.6469405129253308)
217.25 (-0.739630917950402,-0.1296960238099657)
217.375 (0.02222137932830668,-0.08425885490087955)
217.5 (0.5423389914619887,-0.1957925474047437)
217.625 (-0.4695992195929131,0.6734902240545878)
217.75 (0.055266706636457,-0.8149729680939392)
217.875 (0.1390132679280631,0.3328053390572782)
218 (0.01394168827232919,0.442572725153732)
218.125 (-0.2056893444697295,-0.7893616773614854)
218.25 (0.2348078188034305,0.3667701988125991)
218.375 (-0.255718738566958,0.3380410110764548)
218.5 (0.4287785447447232,-0.565813341071198)
218.625 (-0.5671676095946983,0.2261723110334857)
218.75 (0.3585213901048551,0.03820723273456985)
218.875 (0.1399903243297167,0.2065082133120701)
219 (-0.4854893424172699,-0.5454635167267644)
219.125 (0.4019006112156961,0.301959241784859)
219.25 (-0.143473035073923,0.4704325532996268)
219.375 (0.131034727843378,-1.003913883025176)
219.5 (-0.3538228703461826,0.8179483641428286)
219.625 (0.3935263304733618,-0.3059141877388445)
219.75 (-0.05042464014819019,0.1397046001513508)
219.875 (-0.3335248480180971,-0.3767188425921312)
220 (0.3459907613989612,0.4750138418649701)
220.125 (-0.1045161685852596,-0.1021840799371261)
220.25 (0.09797101508655791,-0.3986425839083864)
220.375 (-0.4620334158945134,0.4557146675297593)
220.5 (0.7281551155688419,0.009793409276887075)
220.625 (-0.4432563192245175,-0.4891045585889935)
220.75 (-0.1911869674805439,0.4806096114339214)
220.875 (0.5662868862618897,-0.04217724798446567)
221 (-0.4503873123100349,-0.3121189080348257)
221.125 (0.2039928201043247,0.208689623174711)
221.25 (-0.1681552630554755,0.189493538327573)
221.375 (0.184032109037954,-0.4070798118310444)
221.5 (0.0369885618698368,0.1870370069943288)
221.625 (-0.3152303084219342,0.2954984540587745)
221.75 (0.1835855138988317,-0.6938023800078862)
221.875 (0.3636637192853881,0.8080641121439599)
222 (-0.7268188139080105,-0.6257599063579937)
222.125 (0.4781478424428786,0.2312590235319781)
222.25 (0.05421663828155363,0.1925915228340012)
222.375 (-0.2797601734234157,-0.3943214264292438)
222.5 (0.1802248729944933,0.2658258266660599)
222.625 (-0.2239102784032069,0.01032378757769625)
222.75 (0.5231212527189075,-0.1630242112663935)
222.875 (-0.5872996505829458,0.1365333181963193)
223 (0.1055919183668994,-0.04831017455710451)
223.125 (0.4414207697802129,-0.07067369201791272)
223.25 (-0.350676107570103,0.2420890794929553)
223.375 (-0.3138978610750401,-0.2711821158135482)
223.5 (0.7508899271494606,-0.1353273595652662)
223.625 (-0.4667388274093771,0.8324725197347583)
223.75 (-0.1065951121453377,-1.149725405088254)
223.875 (0.236413724433764,0.6624810300089933)
224 (0.1525658307875026,0.1406806839715364)
224.125 (-0.468366103506774,-0.3537375596944093)
224.25 (0.2914334119275205,-0.2231470306307288)
224.375 (0.1422856113350636,0.8375441180450249)
224.5 (-0.3895932112513611,-0.7449899632921256)
224.625 (0.4141740852971663,0.07812695804184573)
224.75 (-0.4667083590165043,0.4240172762127222)
224.875 (0.5104157919427817,-0.2962505776772567)
225 (-0.1886660225366214,-0.2827269580708549)
225.125 (-0.5139182766274197,0.829602643281636)
225.25 (0.9522582008138472,-1.000719329777349)
225.375 (-0.5379361995730778,0.7655150984232176)
225.5 (-0.3721367608515024,-0.3657058970937681)
225.625 (0.7626670932024221,0.1068381321807909)
225.75 (-0.2224180493502148,-0.06460460107751648)
225.875 (-0.4992415352011282,0.04372063567746261)
226 (0.4694263652975274,0.08234627838138722)
226.125 (0.2148056538166724,-0.1530413161821163)
226.25 (-0.615769145249802,0.03705912232880936)
226.375 (0.2198097063935061,0.03118227149105772)
226.5 (0.4731511608777859,0.2085545440751071)
226.625 (-0.6980749054319563,-0.4882481480818824)
226.75 (0.339587394001205,0.3062972543961086)
226.875 (0.1212490089068513,0.1817294398563636)
227 (-0.2690395331999672,-0.1864726270036979)
227.125 (0.07790736326088664,-0.4845078476372213)
227.25 (0.2345992842632427,0.8286115226492256)
227.375 (-0.3813442360755679,0.05390407549331987)
227.5 (0.1428723075125113,-1.429070730112206)
227.625 (0.3784219152143185,1.599540857020924)
227.75 (-0.6856905801998124,-0.152280004408073)
227.875 (0.349511022012526,-1.344867517689203)
228 (0.4357896335843426,1.300130398310422)
228.125 (-0.9912432571947376,-0.03606020395293068)
228.25 (0.885285909994791,-0.882628804016371)
228.375 (-0.3186990737220825,0.7575833116990528)
228.5 (-0.2340625689883439,-0.3096312745673495)
228.625 (0.4937614194389336,0.2699491734418039)
228.75 (-0.4029066482223901,-0.3840258900818359)
228.875 (-0.001424638095260495,0.1291921529661452)
229 (0.5000467175072066,0.3302102913506055)
229.125 (-0.6875085185039476,-0.4906361492674974)
229.25 (0.3635366936680306,0.3734894147792687)
229.375 (0.1452327733338699,-0.3837924210941799)
229.5 (-0.3226457884202498,0.4825799199504494)
229.625 (0.09476356315368291,-0.1617899544781686)
229.75 (0.1359902852455687,-0.6669555622781587)
229.875 (-0.1013864716292351,1.300364954068995)
230 (0.02258724319251166,-1.040438458696733)
230.125 (-0.2222656043717507,0.05451509568648644)
230.25 (0.6043848615579955,0.8328110387386189)
230.375 (-0.7413673413687715,-1.026043342564861)
230.5 (0.4052952818747649,0.6174367711533254)
230.625 (0.1566149495416354,-0.1111395338194697)
230.75 (-0.4645741462338093,-0.07461793582287433)
230.875 (0.2380658997241324,-0.09512058022886408)
231 (0.361367070451875,0.2748220836266365)
231.125 (-0.8192153042235438,-0.08008250350998922)
231.25 (0.6647219345444156,-0.4294010267276275)
231.375 (0.0778637450272537,0.7002062148795104)
231.5 (-0.8398307487445715,-0.3130295133083024)
231.625 (1.03071848196124,-0.422688473771878)
231.75 (-0.6241858502434428,0.7685502162773605)
231.875 (0.1289451563890087,-0.449489965340935)
232 (0.006923155800389887,-0.04245125041568072)
232.125 (0.1813965640017905,0.1256229191278055)
232.25 (-0.3654047286504803,0.1692204171779681)
232.375 (0.3448052505606188,-0.3675227791679687)
232.5 (-0.1542496180281116,0.2077039651968387)
232.625 (-0.1064584111878205,0.140217976099456)
232.75 (0.3423345963815883,-0.4056133772374381)
232.875 (-0.4028375770995764,0.4799682620541081)
233 (0.170311321933056,-0.3570479164914999)
233.125 (0.2176349287529743,0.07854972972825229)
233.25 (-0.3914644991840101,0.1795427904323336)
233.375 (0.1356834038449791,-0.1719094838428034)
233.5 (0.3045595603246946,-0.1390249794345698)
233.625 (-0.4306601692885997,0.4959012946583288)
233.75 (0.02283494521330825,-0.631793427932308)
233.875 (0.5995671307590978,0.5254627065320358)
234 (-0.8734151636437276,-0.2904062973275207)
234.125 (0.5266931794309164,-0.02644701533616991)
234.25 (0.1731276625606789,0.3739449524464182)
234.375 (-0.6781984579669964,-0.5592492101511)
234.5 (0.6777523064847119,0.4183310001597049)
234.625 (-0.3761028110806221,-0.08545105118654968)
234.75 (0.2269069102450571,-0.1370064800637265)
234.875 (-0.3771876622952111,0.1850075197585322)
235 (0.4656065971220037,-0.2661745906845411)
235.125 (-0.07858462450555292,0.4247942026359622)
235.25 (-0.6551092809036747,-0.3550439192730137)
235.375 (1.114147862683299,-0.1438953619515713)
235.5 (-0.8800873629565993,0.7292448536730647)
235.625 (0.2117536309948161,-0.8409297175569281)
235.75 (0.298620286587136,0.4146351335028126)
235.875 (-0.3918611336358576,0.03062742251076823)
236 (0.2569276802176082,-0.06747159156626804)
236.125 (-0.08436973397763434,-0.1460729146185745)
236.25 (-0.1626013920879166,0.180318566310985)
236.375 (0.451364009613345,0.08528698130390931)
236.5 (-0.4863402077152543,-0.4098937161033283)
236.625 (0.09743594624705899,0.5726784584240349)
236.75 (0.3565528892677306,-0.5428225909078297)
236.875 (-0.3408605510100509,0.3276350437576794)
237 (-0.1119023412207876,0.0517812413843568)
237.125 (0.3847638319425118,-0.3765092548748001)
237.25 (-0.130204954440078,0.3105885860476317)
237.375 (-0.2213397952431954,0.1459503588662851)
237.5 (0.1090105871466232,-0.4893732454560746)
237.625 (0.2761711683381957,0.2681034333928155)
237.75 (-0.2423391729058591,0.2898445461194666)
237.875 (-0.3162016188871808,-0.5163089452458699)
238 (0.6352869507213066,0.1871023775570613)
238.125 (-0.1344520769388929,0.1684887491728874)
238.25 (-0.6732508845948307,-0.01350068242465258)
238.375 (0.7854455135075755,-0.4328656278382672)
238.5 (-0.03500699660268308,0.5170335789007321)
238.625 (-0.7041253734042625,-0.09798789321028084)
238.75 (0.6630985042889184,-0.2614155640031876)
238.875 (-0.04881820898699293,0.1268869992950599)
239 (-0.4373062880035714,0.19485619789574)
239.125 (0.5400411797934803,-0.1562422365231385)
239.25 (-0.522315000301848,-0.2087149477011957)
239.375 (0.5330149549558637,0.3882431055052096)
239.5 (-0.3966119157279819,-0.2172244201253853)
239.625 (0.05274140553567504,0.1064367083835474)
239.75 (0.2164391306972051,-0.3207646340886712)
239.875 (-0.1841285082999414,0.4798326662362078)
240 (0.02271195573362323,-0.135925929526467)
240.125 (-0.01309909000017041,-0.4290654379113075)
240.25 (0.09354542128754635,0.4769602473146506)
240.375 (0.0230251555208918,0.1487946893139293)
240.5 (-0.347672905779751,-0.7397693691832767)
240.625 (0.509372670523429,0.6551126963045476)
240.75 (-0.2173580150587157,-0.1461307975231881)
240.875 (-0.3466338420829103,-0.0957201884034295)
241 (0.6988590444845764,-0.0307092641521979)
241.125 (-0.5335451777575608,-0.0519226515313375)
241.25 (-0.01792281611740281,0.6307147644653307)
241.375 (0.5212301555784353,-1.119753599583921)
241.5 (-0.5823907918341974,0.7734918799869612)
241.625 (0.1566631255606679,0.2354983657938044)
241.75 (0.387632510171539,-0.8715092745318745)
241.875 (-0.564289673810636,0.4475303603316806)
242 (0.2291254046909806,0.5078909303444241)
242.125 (0.2570641746132806,-0.8333851714397758)
242.25 (-0.3870707613202311,0.09368672217840947)
242.375 (0.02649330840956161,0.8983723875840504)
242.5 (0.4635371175886207,-1.011881712456049)
242.625 (-0.5911752969422581,0.09394364856550526)
242.75 (0.1670511553363363,0.8601611912862313)
242.875 (0.5686277528459672,-0.8329732689905103)
243 (-1.125145767195981,-0.1061036493926489)
243.125 (1.080184786662037,0.9522768177285863)
243.25 (-0.4027826278924309,-0.9251548312884221)
243.375 (-0.4371538347545715,0.2563853692833076)
243.5 (0.8138246002907132,0.2357659897019277)
243.625 (-0.5613374241660704,-0.1486039397812396)
243.75 (0.1701582424947572,-0.1579344667628147)
243.875 (-0.1888245473430396,0.1748519721123509)
244 (0.5021508744362865,0.06988833707193903)
244.125 (-0.4997974088497001,-0.1209658423369026)
244.25 (0.007385642237221192,-0.220805442259551)
244.375 (0.3425734983908878,0.5707940190037236)
244.5 (0.01998873865726932,-0.4062452348945325)
244.625 (-0.6452045041339929,-0.2829982748472282)
244.75 (0.5137227109901524,0.9250467220727344)
244.875 (0.5421404181698753,-0.9398384617344814)
245 (-1.429246231031168,0.3029989239838857)
245.125 (1.12235260905045,0.4669317873932942)
245.25 (-0.003303921264187936,-0.8066652709011796)
245.375 (-0.6240178346475228,0.558555818720186)
245.5 (0.1865658524089028,0.0005614113580223282)
245.625 (0.5523974418248226,-0.4676014743286549)
245.75 (-0.6147258302224584,0.6180801036078627)
245.875 (0.01731350462119192,-0.483387803208394)
246 (0.4392580116075254,0.2388921657757389)
246.125 (-0.2446248269058558,-0.05684551925498754)
246.25 (-0.3680104121230569,0.004791231090396802)
246.375 (0.8926958845742017,-0.006042217149995465)
246.5 (-1.063147605304704,-0.08815699794576867)
246.625 (0.8847885309733159,0.3040122544544663)
246.75 (-0.5107594774935349,-0.4215570319235435)
246.875 (0.2138636436801095,0.1758005992783464)
247 (-0.2261509179015009,0.3410901291912712)
247.125 (0.433393963495426,-0.618781209691594)
247.25 (-0.4116600445202926,0.2676869121188187)
247.375 (-0.03220533906373781,0.4279400731877585)
247.5 (0.4842006105693521,-0.7504996572917482)
247.625 (-0.3427236783830444,0.4176667843828452)
247.75 (-0.3880552413972466,0.04727170331000329)
247.875 (0.9624630759584255,-0.025297358388734)
248 (-0.6808012776526631,-0.322383059093813)
248.125 (-0.3027943142026092,0.2572211089652423)
248.25 (1.112679131788703,0.4675183468559132)
248.375 (-1.077228020202107,-1.141999542250403)
248.5 (0.3921670961051324,0.9317280783960065)
248.625 (0.191422833216882,0.07184078007485943)
248.75 (-0.2310740052511163,-0.9485693487676049)
248.875 (-0.008681012760020389,1.013684742617152)
249 (0.02228415293046367,-0.4752646119440948)
249.125 (0.2637864009167287,0.001239921104309384)
249.25 (-0.4593230259539314,0.07196448834526314)
249.375 (0.28524115864599,0.07464600215833631)
249.5 (0.05780057217868923,-0.1524085977696159)
249.625 (-0.1938052109560611,0.09938703736527199)
249.75 (0.07276921971897425,-0.02029733796539736)
249.875 (0.02716541624382698,-0.009991546605863369)
250 (0.05787559754266099,0.005772219556031067)
250.125 (-0.152840356743195,-0.02440458894162844)
250.25 (0.03500713050847926,0.1226164024876148)
250.375 (0.2083099558617075,-0.3033945744806556)
250.5 (-0.2725251505304035,0.4537941024857842)
250.625 (0.04772361304021747,-0.3844904594864365)
250.75 (0.2150493455323772,0.02017875180764112)
250.875 (-0.2075411004953192,0.4280953454460167)
251 (-0.05434935906694226,-0.5512271314264272)
251.125 (0.2497785033993817,0.1071675953139002)
251.25 (-0.1285941096057797,0.6536868390760032)
251.375 (-0.2342795751079879,-1.099583170960759)
251.5 (0.5810411887888522,0.7943571542268265)
251.625 (-0.7523805974810641,-0.006550440055779822)
251.75 (0.7298627565298142,-0.4850031890535209)
251.875 (-0.4895965553094289,0.2198185665011577)
252 (0.009948810908475136,0.3947690602084415)
252.125 (0.5401318765313744,-0.5573248328088956)
252.25 (-0.810551061323557,0.07893684353758097)
252.375 (0.6196463267221797,0.3577253126921934)
252.5 (-0.2051988409192831,-0.09956077391759627)
252.625 (-0.03164956404284633,-0.5592558039687436)
252.75 (-0.005642615104243529,0.7070668873068635)
252.875 (0.05579859555763377,-0.01989334452300531)
253 (0.09338221888534548,-0.7551657072554685)
253.125 (-0.3231043692420179,0.7121632311703904)
253.25 (0.3703584821641084,0.09358737072410611)
253.375 (-0.1538922469159435,-0.7601050523188918)
253.5 (-0.1796599066682109,0.6673353805164992)
253.625 (0.4296243488733524,-0.1288075185014045)
253.75 (-0.4668850579694361,-0.1553351940150967)
253.875 (0.2843885937744782,-0.02190442268111501)
254 (-0.03638506583400575,0.2792722912159867)
254.125 (-0.05459673076305854,-0.2658726154777857)
254.25 (-0.04419585121197223,0.07043723234865268)
254.375 (0.0934927074162738,0.01991244576634895)
254.5 (0.08156104581372742,0.0525182394225262)
254.625 (-0.2560028106280009,-0.07649224250561105)
254.75 (0.05683878283240287,-0.110218101627709)
254.875 (0.4486900431735986,0.392629352714138)
255 (-0.727261579049222,-0.499656464739912)
255.125 (0.4926598750215019,0.3037706183273353)
255.25 (-0.1576443497592397,0.05114174164694145)
255.375 (0.2592543823824701,-0.328223652797398)
255.5 (-0.6059030445982352,0.4474964593140555)
255.625 (0.4547123287972562,-0.4843725578752245)
255.75 (0.3874714102601169,0.4487924773249177)
255.875 (-1.092667158159822,-0.219539046227848)
256 (0.7850446880528733,-0.2146186480729463)
256.125 (0.2660515923824708,0.5860505403353966)
256.25 (-0.9022677134114384,-0.6080867524810862)
256.375 (0.5276222133555045,0.3559022490505375)
256.5 (0.1620012476340261,-0.1738390410906812)
256.625 (-0.1524420622304436,0.1844393691344669)
256.75 (-0.530648745848176,-0.1323441008051999)
256.875 (0.8914411132563718,-0.1652037259547824)
257 (-0.3145091457026465,0.4486325266126657)
257.125 (-0.6377941942312577,-0.3474434344012881)
257.25 (0.9774694380379657,-0.04609470482949673)
257.375 (-0.5036194782815532,0.2488037483095237)
257.5 (-0.08906745020332509,-0.04730287335294918)
257.625 (0.1812682616685633,-0.2095067093671832)
257.75 (0.08058368568029214,0.1151413399990745)
257.875 (-0.1443723835691817,0.2250396818571106)
258 (-0.1938567940960138,-0.3583549675639698)
258.125 (0.6100122517922172,0.1114321195678489)
258.25 (-0.6973641526055744,0.2003836119178437)
258.375 (0.3850697253094662,-0.2108627217724916)
258.5 (0.07063040687837789,-0.05461333220696902)
258.625 (-0.3671069974959729,0.2846454653000777)
258.75 (0.4006003671274146,-0.3121598866612252)
258.875 (-0.3133003568884562,0.2837322355901022)
259 (0.3146256169421976,-0.4001935996190886)
259.125 (-0.4165462929331876,0.6145623480828463)
259.25 (0.3858555754712364,-0.6839338251875906)
259.375 (-0.04543887715282249,0.4908030681559222)
259.5 (-0.4126877772108996,-0.1925629202051408)
259.625 (0.5602252570747003,-0.01564916002218931)
259.75 (-0.2226665354177985,0.1927598889607692)
259.875 (-0.286364034828198,-0.5431113473073742)
260 (0.5142146779003876,1.010386276374722)
260.125 (-0.3698544400102978,-1.177146908708117)
260.25 (0.1559204315959971,0.7218296544836733)
260.375 (-0.1425725512771714,0.1188753321988899)
260.5 (0.2598003473491249,-0.7249492272398098)
260.625 (-0.2596988395934768,0.7233460653944951)
260.75 (0.07087941249534803,-0.3029313015628046)
260.875 (0.1212429150618344,-0.09172094904534442)
261 (-0.1273878505533407,0.2107324730739548)
261.125 (-0.01083221854512654,-0.1044276810948546)
261.25 (0.09138430206477778,-0.03495496630003794)
261.375 (-0.02420326724032838,0.01630348529922504)
261.5 (-0.03796717011431794,0.227275452744341)
261.625 (-0.1125003307992528,-0.5048553691111461)
261.75 (0.4415661030320622,0.4601672585949766)
261.875 (-0.6485598989020629,0.0160720728835644)
262 (0.4991838680672102,-0.528787679843438)
262.125 (-0.136603277346263,0.5567703606567126)
262.25 (-0.05243314409640013,-0.09587322604199235)
262.375 (-0.09097554269412567,-0.3072992619038389)
262.5 (0.2745197246861049,0.2399251889565015)
262.625 (-0.1065057669504433,0.09035735875814573)
262.75 (-0.3931942902945151,-0.2132116053410838)
262.875 (0.7855022783556294,0.03109141839111273)
263 (-0.7289027934102122,0.1756064379688348)
263.125 (0.349109002111787,-0.2630460104389936)
263.25 (-0.01118060037820391,0.381338521680822)
263.375 (-0.1306473951337972,-0.5642254382088028)
263.5 (0.1787218655296,0.5239780083290093)
263.625 (-0.1735656506753405,-0.09819290560874122)
263.75 (-7.39631321145502e-05,-0.3456375521186368)
263.875 (0.3139093332088806,0.3146314702842146)
264 (-0.4501746166117224,0.07869688253799377)
264.125 (0.1794491002190556,-0.1908180588201193)
264.25 (0.2361558041207888,-0.2477248969131099)
264.375 (-0.2919569087037533,0.6774764898954491)
264.5 (-0.1006278339428792,-0.4527610571900085)
264.625 (0.4672652541080289,-0.2097605570522807)
264.75 (-0.3915859631766,0.4657391019160088)
264.875 (0.05341516000319856,-0.002191293895266348)
265 (0.06441355392362641,-0.5042608645758849)
265.125 (0.1435064295396353,0.3110279097881156)
265.25 (-0.3136586777720924,0.3666313210172569)
265.375 (0.1890320328484604,-0.6706185597724887)
265.5 (0.02333555485168683,0.2938695670358701)
265.625 (-0.01271941804911234,0.1420110558763795)
265.75 (-0.1504612594565026,-0.0272776861498944)
265.875 (0.1446206270319163,-0.3589794694016856)
266 (0.08408517843156892,0.289211406248251)
266.125 (-0.2232773966684061,0.3133541390675125)
266.25 (0.0726911551548913,-0.706950231235131)
266.375 (0.1215817816755799,0.3402757482836407)
266.5 (0.005356553244169181,0.3741938837073758)
266.625 (-0.3985431135156412,-0.5794976363666335)
266.75 (0.6067583504143249,0.05758599128769186)
266.875 (-0.3621188258645797,0.5548157595741009)
267 (-0.0666493762353824,-0.6078677981711238)
267.125 (0.2253769791114076,0.1714167273441697)
267.25 (-0.05170491929830636,0.2018202468553048)
267.375 (-0.09607861128470911,-0.2089145496710913)
267.5 (-0.02706409272829316,0.05393717235668585)
267.625 (0.2085536957487484,-0.05498323835816875)
267.75 (-0.09547473433320017,0.2312242490128269)
267.875 (-0.2849155210057685,-0.3363212170311678)
268 (0.5352744183000508,0.1671884737646433)
268.125 (-0.4019788133373146,0.2312682197487763)
268.25 (0.06538395915437108,-0.5972683578836658)
268.375 (0.160717758170047,0.6483065413108192)
268.5 (-0.2279067476613555,-0.3209197167692397)
268.625 (0.277246104321571,-0.1421822167446982)
268.75 (-0.2937247218508525,0.4107832000972675)
268.875 (0.1026922306183004,-0.4062161940542189)
269 (0.2692441422146066,0.3377918684109139)
269.125 (-0.4822775379522057,-0.365117647500754)
269.25 (0.2869786042777145,0.3651026479482491)
269.375 (0.104168892341828,-0.1600258713202588)
269.5 (-0.2430175455869731,-0.1458104641752275)
269.625 (0.002068990365666375,0.2725956389792767)
269.75 (0.2693717113108424,-0.1728297546018717)
269.875 (-0.1738885812534687,0.08668638329701064)
270 (-0.2728138178713084,-0.1335546664152403)
270.125 (0.6616576090809467,0.09945063533162617)
270.25 (-0.595034690734195,0.1964715947618238)
270.375 (0.0392516235714234,-0.5171403654569989)
270.5 (0.6465195330487546,0.4596710423503648)
270.625 (-0.9835157324219017,-0.02580969924270313)
270.75 (0.7488430080594466,-0.3414829115633954)
270.875 (-0.1569632339806673,0.3352764786659267)
271 (-0.3512342497491348,-0.1431177149791344)
271.125 (0.5254637691416028,0.09056321730572246)
271.25 (-0.4645315175770951,-0.1332494969896172)
271.375 (0.3513541834809751,-0.04896752896692919)
271.5 (-0.171461959759056,0.5136672455010429)
271.625 (-0.1654309870767817,-0.8694266697822668)
271.75 (0.5127186588349766,0.7211162658181262)
271.875 (-0.5397788930441443,-0.1577234683750214)
272 (0.1783485781586176,-0.3370649539687101)
272.125 (0.1702435248628306,0.4127707860848678)
272.25 (-0.06304452707691031,-0.1737154087994058)
272.375 (-0.4074499105753191,-0.03046772342079653)
272.5 (0.6581715148749506,0.0208479562458096)
272.625 (-0.286481504804763,0.08650962381507621)
272.75 (-0.4409218077302177,-0.1115591490706265)
272.875 (0.8717253526587389,0.02575593274882331)
273 (-0.664305465620196,0.1076997796891251)
273.125 (0.0782992654558529,-0.282597098239548)
273.25 (0.4051612496429747,0.4938154181181292)
273.375 (-0.5932338784248972,-0.5759510159489406)
273.5 (0.622521943439581,0.2945448151656554)
273.625 (-0.5983581180264822,0.3111382802642761)
273.75 (0.3892944134568463,-0.8133988180398852)
273.875 (0.1420147844014636,0.7873864670529708)
274 (-0.8102714663735161,-0.2853904138455727)
274.125 (1.162908047328722,-0.2179173408308681)
274.25 (-0.9094804439333829,0.35897288186501)
274.375 (0.2395019984257313,-0.2304899884885719)
274.5 (0.3341694482918235,0.147914097732704)
274.625 (-0.4397921980589488,-0.2065484762883127)
274.75 (0.1466959954992403,0.2087503770882973)
274.875 (0.1655626133914136,0.004984989563129677)
275 (-0.2037645875157907,-0.3019880348511593)
275.125 (0.02690638688023272,0.4097116646977718)
275.25 (0.06825269814911072,-0.2573288306940973)
275.375 (0.09170996359083056,0.05680667980512626)
275.5 (-0.3510518804156118,-0.01931304277072564)
275.625 (0.4171960994803642,0.08302747252398943)
275.75 (-0.2209629683517058,-0.0234845669463729)
275.875 (-0.009909830074745451,-0.2023003567178479)
276 (0.05227202820297593,0.3732657233147401)
276.125 (0.04950091018740716,-0.3163041765014928)
276.25 (-0.1042830680748687,0.1471702080240018)
276.375 (0.06951184321715437,-0.06499870344409857)
276.5 (-0.08716205563808245,0.03499988707581688)
276.625 (0.2439808451138501,0.09564833145434444)
276.75 (-0.4296359889752214,-0.2207284775899162)
276.875 (0.458458754386644,0.02638624121371671)
277 (-0.2324671549524828,0.4807740610838973)
277.125 (-0.215538243567039,-0.7919131074438955)
277.25 (0.6946490535535564,0.4878089494376587)
277.375 (-0.8520428718937637,0.1721278142703663)
277.5 (0.4276553370589303,-0.5511123353657246)
277.625 (0.3263495515682472,0.4263507222098598)
277.75 (-0.6849467949913572,-0.1452852321171621)
277.875 (0.2130698902806354,0.01152858968296521)
278 (0.57993746297727,0.08721922750893675)
278.125 (-0.7112878583862511,-0.2932829026839087)
278.25 (-0.05847185684204414,0.3931583078435958)
278.375 (0.8273912391372766,-0.1415955837568705)
278.5 (-0.6284192606396168,-0.2450494016604506)
278.625 (-0.3433397083862506,0.3075173095523106)
278.75 (0.9646647116406183,0.003048560310519592)
278.875 (-0.5765849456592419,-0.2596305379480228)
279 (-0.2745390888878916,0.194035614344053)
279.125 (0.6158869619179521,-0.04492653701617783)
279.25 (-0.2188414050541802,0.1102744778381365)
279.375 (-0.3014073851133051,-0.2513567241966941)
279.5 (0.3713428878795728,0.1266262130821879)
279.625 (-0.07776423769086281,0.2431439580240865)
279.75 (-0.1258373717827044,-0.4606630874982508)
279.875 (0.03951937264941846,0.279796681878434)
280 (0.1325581416767991,0.1150978754497305)
280.125 (-0.1322332795123202,-0.3965998473699438)
280.25 (-0.02934808038183024,0.4384678634400079)
280.375 (0.1192292953310909,-0.2996849001481505)
280.5 (0.01720429610197559,0.07135178617606464)
280.625 (-0.2510349209234981,0.1287296312300534)
280.75 (0.3005274895686735,-0.1674935797488836)
280.875 (-0.08824819250370644,0.06339022850724266)
281 (-0.1044156026018287,-0.02532983545806314)
281.125 (-0.03947155458023976,0.1531132046675595)
281.25 (0.4166533420040747,-0.2105333501005996)
281.375 (-0.5585433622151718,-0.06005738691307565)
281.5 (0.2261041445304421,0.4477591044246129)
281.625 (0.2316508489528804,-0.4177186795915281)
281.75 (-0.3066785698493392,-0.1512942585758218)
281.875 (0.007435952947975022,0.6670805930291034)
282 (0.1635959681417993,-0.5120769137676933)
282.125 (0.0850205751804079,-0.1446057856450501)
282.25 (-0.4386951055965204,0.5429061999046594)
282.375 (0.4339186939167159,-0.2982480117527618)
282.5 (-0.08654427657281938,-0.1655265469937412)
282.625 (-0.1884352116398384,0.2502129564369167)
282.75 (0.1791427291377972,0.04985307504574324)
282.875 (-0.1039389018484052,-0.2603023788115484)
283 (0.2008621991421393,0.1314313347113225)
283.125 (-0.3485012325480348,0.09393684099268834)
283.25 (0.2552137303669608,-0.1227630961276617)
283.375 (0.1103327904735125,0.03294215075321465)
283.5 (-0.4515896653315666,-0.09423533031622228)
283.625 (0.4693390056620357,0.322473472155463)
283.75 (-0.1413495333834738,-0.4213656566411884)
283.875 (-0.2854466672723546,0.174943976308316)
284 (0.4751335680561453,0.2367811527355477)
284.125 (-0.2210250833306379,-0.3965455722392942)
284.25 (-0.357110477537128,0.1064799790116837)
284.375 (0.8096321345069365,0.3641963508621007)
284.5 (-0.7066824036072111,-0.5316430912083843)
284.625 (0.09616853766949292,0.2096096579507302)
284.75 (0.4707198696716056,0.2772596536015716)
284.875 (-0.4895404469196986,-0.4484280523769625)
285 (0.04870730086995208,0.1992355556723837)
285.125 (0.2834421459687111,0.1254531301676128)
285.25 (-0.1212869107957309,-0.1881350845115549)
285.375 (-0.302762997308526,0.03959360510685122)
285.5 (0.4353449369443226,0.04687585656604933)
285.625 (-0.06473669790949403,0.009259179735644427)
285.75 (-0.4318648191561696,-0.03080188542029061)
285.875 (0.5290021970662503,-0.09487612837010505)
286 (-0.1524745047706179,0.221900429742301)
286.125 (-0.2570418354151166,-0.148506215467812)
286.25 (0.2706685500440931,-0.107282432862811)
286.375 (0.04532124558104922,0.3283668341228999)
286.5 (-0.2515834095379286,-0.3299362248746683)
286.625 (0.08664868662243116,0.1039770317884356)
286.75 (0.2385026444619411,0.196319109439742)
286.875 (-0.341701420187527,-0.3398484657927759)
287 (0.1545335750098518,0.1646721611615385)
287.125 (0.02609201720948385,0.2349717183345524)
287.25 (0.04456139417150103,-0.5054877468615051)
287.375 (-0.2354342601083112,0.356020004648424)
287.5 (0.2268973391535049,0.1026989396247679)
287.625 (0.04631612592321107,-0.4597342329763853)
287.75 (-0.2790943581069645,0.4693139031581791)
287.875 (0.1690888670489394,-0.2862570952332729)
288 (0.1861186911634324,0.1806138696095802)
288.125 (-0.3797359242658187,-0.1703422249046386)
288.25 (0.1849034064967434,0.09102800903095458)
288.375 (0.1585883830340843,0.06005873859830587)
288.5 (-0.2288004903134516,-0.0726799472904717)
288.625 (-0.06823325256214582,-0.1400377944818392)
288.75 (0.3989576632823452,0.3335648625018516)
288.875 (-0.4198958624643307,-0.1964763472913178)
289 (0.1569972911986923,-0.2468162934112507)
289.125 (0.1142878596659402,0.6233294265324957)
289.25 (-0.248090911632917,-0.595815220780161)
289.375 (0.3217237824722253,0.1835607634940548)
289.5 (-0.3916428198596618,0.29133910299336)
289.625 (0.3642985031944601,-0.5002942570887269)
289.75 (-0.186907397325467,0.3520567716544226)
289.875 (0.003231560331275275,-0.03217562217851751)
290 (0.02669720168628287,-0.1573385298321441)
290.125 (0.03380278055006457,0.05713510265314922)
290.25 (-0.008518481687933082,0.1978078019020513)
290.375 (-0.09004001265158729,-0.3131665174494907)
290.5 (0.07146197567867565,0.1510108846794781)
290.625 (0.09420461461981866,0.1320797147488795)
290.75 (-0.1623150949420096,-0.297883090587283)
290.875 (-0.03141612097378877,0.3099053070880914)
291 (0.259572985966473,-0.31363040319503)
291.125 (-0.1559934495698211,0.3721145112378988)
291.25 (-0.2693642500536462,-0.3608115570461367)
291.375 (0.5829180517102661,0.1736520874296106)
291.5 (-0.4438813707378566,0.08156472981320564)
291.625 (0.004114750485436284,-0.2056280846204007)
291.75 (0.3012790472195643,0.173949363630103)
291.875 (-0.2460927836548407,-0.1500745097719222)
292 (-0.01985982757881156,0.2232739389619864)
292.125 (0.2140334560964527,-0.2611328438165524)
292.25 (-0.1907185887013169,0.1093174145527531)
292.375 (-0.003096703779626615,0.1390115849837091)
292.5 (0.1993379205544143,-0.2055748924094389)
292.625 (-0.2158045499722605,-0.02738666124546098)
292.75 (0.01074202356980752,0.3405473981547458)
292.875 (0.221326697506237,-0.4166051688894114)
293 (-0.2063061113273746,0.1997262650708642)
293.125 (-0.09202817540914118,0.07039371564357512)
293.25 (0.393557429541617,-0.1602002227822818)
293.375 (-0.4214257764798539,0.07119485760708946)
293.5 (0.2277255922723374,0.05637682651944055)
293.625 (-0.09165191852559959,-0.1448833995662063)
293.75 (0.1419062521242494,0.1746977154179464)
293.875 (-0.2232971843692491,-0.06002559862704627)
294 (0.1459940320872261,-0.2786463526936614)
294.125 (0.07670535306343046,0.6759536990003477)
294.25 (-0.301737876918404,-0.739399346809868)
294.375 (0.4440876574512589,0.2745692300047298)
294.5 (-0.4821110982004861,0.3773767607829873)
294.625 (0.3616040143641996,-0.6209804583145768)
294.75 (-0.05457141267176874,0.2589730701806739)
294.875 (-0.2865919202071453,0.2833567386627943)
295 (0.3819055377101116,-0.4600789239791832)
295.125 (-0.1138577219558504,0.2024259216928706)
295.25 (-0.3000667959671179,0.1080563174315723)
295.375 (0.5039741296874165,-0.1671569420412063)
295.5 (-0.3562710186605781,0.05294646413588465)
295.625 (0.04204871284303372,0.005283244320116995)
295.75 (0.1449631464899902,0.03242174342190965)
295.875 (-0.0799973506689982,-0.03193967969564544)
296 (-0.1285529833064014,-0.06258542958968411)
296.125 (0.2933388376470125,0.1486422609121694)
296.25 (-0.3243081142969028,-0.1255129623630649)
296.375 (0.2613326940097443,0.009557784178858853)
296.5 (-0.1714254329865423,0.1344145236706899)
296.625 (0.05684303527042747,-0.2707672868807916)
296.75 (0.1128130971169008,0.3522021285800309)
296.875 (-0.2990654131594418,-0.2986791323935561)
297 (0.3761875582007918,0.1130885825244888)
297.125 (-0.2435803941722234,0.03976133105124204)
297.25 (-0.05762559160393548,0.006360893995800587)
297.375 (0.3557690330325236,-0.1810763530993937)
297.5 (-0.472150503120913,0.2187086947003059)
297.625 (0.3476010544929247,0.01323627880104768)
297.75 (-0.09364285109062911,-0.3210531763681488)
297.875 (-0.06553504706265975,0.4040297974956073)
298 (-0.03814797183693965,-0.209079458572572)
298.125 (0.3433192894843063,-0.02973282738364685)
298.25 (-0.5762393654252737,0.08668618701970093)
298.375 (0.5045782381288333,0.02302517555822614)
298.5 (-0.1694036471509723,-0.1196343778430828)
298.625 (-0.1811187067470634,0.08023576779613341)
298.75 (0.3706321690258635,0.05803705730657301)
298.875 (-0.4228823528519142,-0.1601341846912157)
299 (0.4058758768906501,0.1196255035459624)
299.125 (-0.2860805651318373,0.03239048460375202)
299.25 (0.03840630822327741,-0.1271806099893809)
299.375 (0.1862382932360742,0.04065086162108991)
299.5 (-0.1966539283600747,0.1100189073576976)
299.625 (0.05296273656378937,-0.1004767072361999)
299.75 (0.01279046799707772,0.09779249940232476)
299.875 (-0.1743432844734095,-0.1422291351067048)
300 (0.3093126030501737,-0.04547478897001277)
300.125 (-0.208130038877646,0.2773683015726437)
300.25 (-0.07054692724895428,-0.2850309038892901)
300.375 (0.2814145985417291,0.008343062775851813)
300.5 (-0.2762359765280274,0.3421768451260274)
300.625 (0.1261598599193025,-0.4489189321662168)
300.75 (0.01849875062599822,0.1797857789313541)
300.875 (-0.1011636366476696,0.2362460038617094)
301 (0.1341296183518948,-0.4161709511168237)
301.125 (-0.06453994153006881,0.2488510203672281)
301.25 (-0.1809056920768717,-0.01392341451615443)
301.375 (0.4824777795225574,0.004998259120934977)
301.5 (-0.5247378870987411,-0.1464622474765845)
301.625 (0.1609341000684922,0.1369244207921862)
301.75 (0.2951993697348385,0.09063240526112538)
301.875 (-0.3450219466253723,-0.2608205683103704)
302 (-0.09475532399489264,0.1525984149502212)
302.125 (0.5388857528688168,0.08061999238085625)
302.25 (-0.492482428408146,-0.1263795563703184)
302.375 (0.04520302036465943,-0.05616120329669998)
302.5 (0.2601223508573293,0.1970787917611363)
302.625 (-0.1179128222858357,-0.1026186579876491)
302.75 (-0.1737039411331444,-0.0796564610436284)
302.875 (0.1385532207226404,0.07709872161596154)
303 (0.1976228006418855,0.1005430192106634)
303.125 (-0.3159502739038533,-0.151230715341417)
303.25 (0.07308134241968769,0.01627161987421334)
303.375 (0.03933786923925573,0.07335961100775977)
303.5 (-0.3098184614435244,-0.2915900978273737)
303.625 (0.3355271461892705,0.1631563305839183)
303.75 (-0.07064714986980378,0.3076271206698773)
303.875 (-0.09431380362642584,-0.5756916895505637)
304 (0.06083572644737929,0.314265893933828)
304.125 (-0.05595381543989637,0.2145017731221907)
304.25 (0.168722189479015,-0.4903404920719858)
304.375 (-0.1817471714078856,0.3350750927963587)
304.5 (-0.05625334661255776,-0.06840745408916175)
304.625 (0.3104623862434849,0.06653105933245289)
304.75 (-0.2251652848523391,-0.2916638146818221)
304.875 (-0.1728899101510054,0.3813750966043541)
305 (0.4589642977216459,-0.1504182103568295)
305.125 (-0.3276309123982297,-0.1595143808769087)
305.25 (-0.0487110900277813,0.1987629302348402)
305.375 (0.2654817497657579,0.02848159199540854)
305.5 (-0.1606974936788167,-0.1588817853756839)
305.625 (-0.0770308358315164,-0.07106601460482705)
305.75 (0.2025470909469822,0.4756356783882561)
305.875 (-0.1719399058511424,-0.6075700836218699)
306 (0.09882238818758574,0.2594004803459309)
306.125 (-0.06220844362834185,0.2968803499350106)
306.25 (0.02135238134892463,-0.5828397704298959)
306.375 (0.1017220352994478,0.3836175345714036)
306.5 (-0.2858575328697724,0.07389219867323331)
306.625 (0.3737397982386882,-0.3803171385744349)
306.75 (-0.2112168392745308,0.3407795433976292)
306.875 (-0.1458309255389424,-0.108814734134981)
307 (0.4130089569787303,-0.04219290112748489)
307.125 (-0.3445382233887119,0.02584642117328333)
307.25 (0.01393534467874962,0.01784776418153523)
307.375 (0.251579079780252,0.03562873945115622)
307.5 (-0.2338131663224387,-0.1076561463985553)
307.625 (0.04482404075307822,0.03861386552495443)
307.75 (0.05216149435466625,0.1550972247755815)
307.875 (0.03122589252485324,-0.2672493928343996)
308 (-0.1396408469914744,0.17390247401444)
308.125 (0.09855533118653416,-0.01201536370893296)
308.25 (0.07730352183005207,-0.005453465615303759)
308.375 (-0.217300536823857,-0.1097683098911961)
308.5 (0.187198778346621,0.1355514167465527)
308.625 (-0.02331821529439259,0.03868607230020452)
308.75 (-0.1093856428596974,-0.2318661635360995)
308.875 (0.08610788933335643,0.1956157285064256)
309 (0.04596323949703891,0.05157376083250799)
309.125 (-0.1216015249444902,-0.2274237358202141)
309.25 (0.05566548303778559,0.124599245095299)
309.375 (0.05419914321107398,0.1443471196831754)
309.5 (-0.07028811449134333,-0.2863471951789076)
309.625 (0.01680538329633468,0.1608130970023111)
309.75 (-0.04003525023038468,0.08765295835903808)
309.875 (0.1638606594770591,-0.2150493079192509)
310 (-0.2097153839335327,0.1364231473515733)
310.125 (0.04298013104947276,0.02568931321894499)
310.25 (0.1892084436564975,-0.1105950981095035)
310.375 (-0.205326074282904,0.0841054701150054)
310.5 (-0.0374904272724086,-0.0302271873714468)
310.625 (0.2589335100778988,0.02540665318555512)
310.75 (-0.2010426490525449,-0.06082175337537355)
310.875 (-0.04673897789484952,0.07677737881881119)
311 (0.1740029047226482,-0.03579304114547523)
311.125 (-0.05016586387452906,-0.04627896716967553)
311.25 (-0.1314891858971599,0.1145126630406152)
311.375 (0.132089734701311,-0.1121806026563805)
311.5 (0.02250076992872311,0.03406474309047195)
311.625 (-0.1006801395696678,0.04192299814488901)
311.75 (-0.0120763446332167,-0.01278107449009284)
311.875 (0.1610958151120443,-0.1231576035256312)
312 (-0.1312019359921654,0.2258401800742076)
312.125 (-0.0617255747451511,-0.1566403700503675)
312.25 (0.1717546222078705,-0.04182883705201762)
312.375 (-0.02065704053776995,0.1723212420095415)
312.5 (-0.2722518110606926,-0.1125991068943687)
312.625 (0.410881186722374,-0.03849993829801049)
312.75 (-0.2545954778278048,0.09055001354274529)
312.875 (-0.02918345988540941,0.003046050499317199)
313 (0.1659592130036722,-0.1074370571912026)
313.125 (-0.07897956135154426,0.09324387079407741)
313.25 (-0.05947530232683935,0.01219036154805521)
313.375 (0.06399139084207132,-0.08541970864399204)
313.5 (0.0500244511706329,0.06243915468542663)
313.625 (-0.1220727492722718,0.01309631637665913)
313.75 (0.06533094268979781,-0.06890316759953)
313.875 (0.03972613570146079,0.07961457309579729)
314 (-0.06894039596144289,-0.06534699607904593)
314.125 (0.006570117557836439,0.05303211325013074)
314.25 (0.06203326534642884,-0.05129212783740682)
314.375 (-0.07340359354337155,0.04537193084088263)
314.5 (0.04788083568834379,-0.01348856027622747)
314.625 (-0.03137130173543583,-0.03816151304382382)
314.75 (0.02398450518690162,0.06532471683953776)
314.875 (0.006002390859630998,-0.0367619256163125)
315 (-0.06118025648456148,-0.008361617964271328)
315.125 (0.1021917691787949,-0.005769974595055479)
315.25 (-0.09528251308966507,0.08657740899126627)
315.375 (0.04832827304237468,-0.1409971375853138)
315.5 (0.008369788599442424,0.08420689584986529)
315.625 (-0.05792766623208746,0.04379641963536475)
315.75 (0.09792744621149724,-0.117317035155814)
315.875 (-0.1177564662526875,0.07773192256643753)
316 (0.09940999020142123,-0.001080788183055303)
316.125 (-0.04667757287757418,-0.004573351688693864)
316.25 (-0.00350835561012513,-0.06689514138166618)
316.375 (0.01442107715633767,0.1229952227419746)
316.5 (0.009613498913567208,-0.09580274641719093)
316.625 (-0.0279958949222891,0.02408797592908186)
316.75 (0.01115068674097257,-0.0002538901241962156)
316.875 (0.02612682138644162,0.05490244174827629)
317 (-0.04356265845242419,-0.116817999155035)
317.125 (0.02210800374093292,0.0932877245754309)
317.25 (0.01454793392985281,0.02025268480091133)
317.375 (-0.02441004221181808,-0.1272532733473843)
317.5 (-0.009942889482268876,0.1357690091108663)
317.625 (0.06298162629153774,-0.06280680187989345)
317.75 (-0.0888817716573136,0.008164568791678086)
317.875 (0.06246768061269015,-0.0263343892878217)
318 (0.0006093282280290922,0.0600739592895763)
318.125 (-0.06252707054135835,-0.02665541532993519)
318.25 (0.09743915593378567,-0.05684336133715952)
318.375 (-0.1039313692667273,0.08267938624545475)
318.5 (0.08992205748960798,0.008052291826394279)
318.625 (-0.05911674494531449,-0.1399506745518228)
318.75 (0.01857306939042736,0.1870322532523683)
318.875 (0.01152096606740937,-0.1176015876850179)
319 (-0.01139325824483095,0.01869108506043186)
319.125 (-0.01419400605779528,0.01713477256573188)
319.25 (0.03600508380198086,0.009747489491949455)
319.375 (-0.02938261983391332,-0.03231051149280013)
319.5 (-0.001917502059164562,0.009793641818039687)
319.625 (0.03284966297301553,0.03490586093475789)
319.75 (-0.04166714111898663,-0.05795146059835377)
319.875 (0.02462452335937259,0.04294819664550396)
320 (0.005992959865729421,-0.001437214444239738)
320.125 (-0.02985419302067091,-0.04983928058005939)
320.25 (0.02725326587411825,0.09496135624703973)
320.375 (0.009765672216688592,-0.1135362923135237)
320.5 (-0.06665939509348726,0.08920289330732682)
320.625 (0.1067251672586516,-0.02545630023842703)
320.75 (-0.09167982914505719,-0.05559715736657247)
320.875 (0.01773045958654577,0.1285660229720834)
321 (0.06226492652409214,-0.1705006752460045)
321.125 (-0.07023984474592213,0.1570131205262665)
321.25 (-0.01687380559947229,-0.07307804758240795)
321.375 (0.1196717409183964,-0.06164436347945359)
321.5 (-0.1222218591908591,0.1872320796444775)
321.625 (0.005922568397967269,-0.2367470249438491)
321.75 (0.1078130776518877,0.1825468446217972)
321.875 (-0.08485532569995305,-0.05780656371946587)
322 (-0.06150418935136356,-0.05649520654159667)
322.125 (0.1777179730682024,0.07559726296643551)
322.25 (-0.1427423040939632,0.02401582338416838)
322.375 (-0.003870663795880215,-0.1641812442613912)
322.5 (0.1234722265490582,0.2164550524776291)
322.625 (-0.1306938467260619,-0.1304451480529369)
322.75 (0.05021311275122384,0.001465706822698977)
322.875 (0.04892496457252753,0.02982813930967375)
323 (-0.1213050065397931,0.05120372775145768)
323.125 (0.146972811778435,-0.1088614014652165)
323.25 (-0.1177781760380675,0.02906747320657591)
323.375 (0.05257269889685407,0.1240803482302694)
323.5 (-0.002626036336569062,-0.1744944745843316)
323.625 (0.01209201477144629,0.04765312618981161)
323.75 (-0.07360103254478638,0.1314404708655266)
323.875 (0.131137604353549,-0.172141118133235)
324 (-0.1225301796087073,0.02213423420189987)
324.125 (0.02462463662328889,0.1851753664820134)
324.25 (0.1191180627347748,-0.2718283961417213)
324.375 (-0.2131572687106601,0.1807796534125555)
324.5 (0.1882040914400256,-0.005362399593599378)
324.625 (-0.08301532235349744,-0.1184189161498637)
324.75 (0.01102137520308086,0.12796205426159)
324.875 (-0.01804625690603536,-0.05132664471708997)
325 (0.02419494766687869,-0.0543848952798112)
325.125 (0.03240102125687366,0.1440257915208283)
325.25 (-0.04980889593173492,-0.1687824544981013)
325.375 (-0.1123611228245789,0.07881497293686582)
325.5 (0.3565549388658995,0.1064558969501947)
325.625 (-0.3635789835072324,-0.2548398074178218)
325.75 (0.004527965621508554,0.2220012079847745)
325.875 (0.3802153204802282,-0.02537976523620207)
326 (-0.3252705315550838,-0.1355341273438372)
326.125 (-0.1416738671331353,0.08510317758980546)
326.25 (0.4481370140066319,0.1258638836214969)
326.375 (-0.1649251450476374,-0.279979653864016)
326.5 (-0.4184728651365045,0.2538531675498691)
326.625 (0.6169277206799822,-0.1536252225069409)
326.75 (-0.1929497882271231,0.155164185921584)
326.875 (-0.3623622151378066,-0.2585822077827923)
327 (0.455016646971138,0.2805936998151358)
327.125 (-0.08701548482546696,-0.1028000042398577)
327.25 (-0.2364913475602579,-0.1435934095893709)
327.375 (0.1802257817658946,0.214468062888693)
327.5 (0.07088882603011097,-0.06248445886351686)
327.625 (-0.1480126706554812,-0.07800791393405063)
327.75 (-0.01778166461215868,-0.02408418217310537)
327.875 (0.1751741938296687,0.2789430074317728)
328 (-0.1214654016947942,-0.3531334470413514)
328.125 (-0.05666882755991516,0.08849173701725369)
328.25 (0.1274375415722822,0.2647543802444218)
328.375 (-0.01161349496603217,-0.3325317876978273)
328.5 (-0.1247058234271397,0.07753466666865916)
328.625 (0.0748358811959644,0.1581803113396635)
328.75 (0.1371342863457448,-0.09119499197724187)
328.875 (-0.2453714896064015,-0.1586088469840784)
329 (0.05256010179026389,0.2537506482607924)
329.125 (0.2821799324103048,-0.07853756609430206)
329.25 (-0.3819651757281238,-0.1506272740046156)
329.375 (0.1126745357192661,0.197008986518145)
329.5 (0.2165077372671343,-0.07503283203839477)
329.625 (-0.2184582967557822,-0.03940758700292053)
329.75 (-0.08677001851272589,0.05144054799762589)
329.875 (0.3086754826029713,-0.00197178017009737)
330 (-0.1862294714355238,-0.05398262764118842)
330.125 (-0.1135605544741786,0.1064372378696611)
330.25 (0.2490145789143044,-0.139049603848053)
330.375 (-0.1212342626789974,0.1143945828118642)
330.5 (-0.07192556302465283,-0.03434932043636222)
330.625 (0.1203143298325772,-0.04252206371729475)
330.75 (-0.02095883642266119,0.06839744813740621)
330.875 (-0.08078611188818777,-0.05025222652924057)
331 (0.08133918616637345,0.01597727892386514)
331.125 (-0.008422132641985543,0.02020075721776336)
331.25 (-0.04573028305585716,-0.04339604069205596)
331.375 (0.03626923272966962,0.03208546202145414)
331.5 (-0.000278215922900323,0.006280011203304966)
331.625 (-0.01045564978605307,-0.02857489154196133)
331.75 (-0.001403569012118758,0.01422128606237982)
331.875 (0.002851769447114818,0.001874215964770825)
332 (-0.0050366741193981,-0.01737169043300163)
332.125 (-0.00565393371194248,0.04788553546387941)
332.25 (0.02149109123158511,-0.04258715913864421)
332.375 (0.001271464428645015,-0.0001006194161774544)
332.5 (-0.05064272307575925,0.03988890712726947)
332.625 (0.05035723532202319,-0.05324774605046236)
332.75 (0.02687392652896077,0.04686338594588919)
332.875 (-0.09526274381451336,-0.02553395523388418)
333 (0.06159495165901141,-0.01054186240452543)
333.125 (0.0377749136115989,0.03686353097340962)
333.25 (-0.06777357469929597,-0.01371145806134564)
333.375 (-0.02919631938621201,-0.06066579488959482)
333.5 (0.146821304043233,0.1293976749196614)
333.625 (-0.1321556919427866,-0.1213922883851077)
333.75 (-0.02762097247456744,0.01467113789718572)
333.875 (0.172760704613486,0.1329824485630786)
334 (-0.1483873341422316,-0.2100111481216753)
334.125 (0.002480937691288363,0.1395120203251695)
334.25 (0.04335562008862998,0.02543931105365798)
334.375 (0.1328655943371419,-0.1337793426070398)
334.5 (-0.3627948368120869,0.1122934866672818)
334.625 (0.3704058743224277,-0.06706374296800255)
334.75 (-0.1226621641815802,0.1298175068135841)
334.875 (-0.1311960275596537,-0.2370193116052018)
335 (0.1969162294279037,0.1851468295995039)
335.125 (-0.1555945255413846,0.06907713088413611)
335.25 (0.1503690898337005,-0.2890788156513182)
335.375 (-0.11798763919648,0.2307422720199151)
335.5 (-0.06329062067419522,0.04344179349336509)
335.625 (0.250058996423707,-0.234825327381781)
335.75 (-0.132938754593172,0.1624380851161076)
335.875 (-0.2817956399796193,0.06065340882409158)
336 (0.5448303683863067,-0.2149615809044144)
336.125 (-0.2987946742833194,0.2241830575261382)
336.25 (-0.213572003165208,-0.1542125534645144)
336.375 (0.4179334677366212,0.04973705978136383)
336.5 (-0.136494452057643,0.1076246657471169)
336.625 (-0.202903218175001,-0.2851797891964052)
336.75 (0.1497114179150845,0.3573078015523894)
336.875 (0.1896806082712372,-0.2498842831006662)
337 (-0.3349427478126363,0.07092406635120797)
337.125 (0.08856051617618996,-0.005055737408648221)
337.25 (0.2255149868441323,0.08119726230391083)
337.375 (-0.2150813956988882,-0.1370353355895332)
337.5 (-0.08025268893709525,0.05371635832595864)
337.625 (0.2892880238385119,0.06309865898940152)
337.75 (-0.2137219391378877,-0.03456139994000411)
337.875 (0.03531035847587784,-0.1092165130740429)
338 (0.003394841174910236,0.1426816161233203)
338.125 (0.06196618362767547,0.03152497724287271)
338.25 (-0.03715542387951096,-0.2132151396632782)
338.375 (-0.07744036369022995,0.1656441651734166)
338.5 (0.06629771175914397,0.04882358317367044)
338.625 (0.1458291146375722,-0.1477407953281221)
338.75 (-0.3190353209325515,0.01914545871176699)
338.875 (0.2132802454815326,0.1335545807715606)
339 (0.0500515444019176,-0.08593841360620434)
339.125 (-0.13783131783146,-0.1090413759313607)
339.25 (-0.02411583158807292,0.220960164691012)
339.375 (0.1525155159588389,-0.1452003729765132)
339.5 (-0.03935348855455864,-0.02246446024723987)
339.625 (-0.1262069447500942,0.1607814165559613)
339.75 (0.03944256284002091,-0.222345215657093)
339.875 (0.243139735830545,0.1633889799112302)
340 (-0.3460136004638412,0.05752988634711331)
340.125 (0.09190379365325764,-0.3359017625949915)
340.25 (0.2458738823896554,0.4105466619468743)
340.375 (-0.30391806351459,-0.1394158753285059)
340.5 (0.08257805763608564,-0.2606184684230907)
340.625 (0.1100466758956719,0.4013363473054597)
340.75 (-0.07952945482426484,-0.1725789374399646)
340.875 (-0.06522673318209871,-0.1196715853508545)
341 (0.1306204781907603,0.1308531150312316)
341.125 (-0.07742519766473162,0.09867390674981918)
341.25 (-0.01368060923927567,-0.2141104232060439)
341.375 (0.08266796907617055,0.00804681256495657)
341.5 (-0.09921024958685559,0.3194353964218042)
341.625 (0.02004973063824789,-0.4134516829831952)
341.75 (0.1413480824705008,0.189656975575641)
341.875 (-0.2412100560257621,0.09375600151008941)
342 (0.1326893369243703,-0.1709173683046377)
342.125 (0.1165158418917409,0.06202368267636561)
342.25 (-0.2488834533719028,0.01994545515535387)
342.375 (0.1199056660148678,0.02126341225981349)
342.5 (0.1048202124282516,-0.06095315688989112)
342.625 (-0.142818255620046,-0.03578018655907156)
342.75 (-0.05522223184323495,0.200809702679631)
342.875 (0.2505004548516499,-0.2377600018610089)
343 (-0.2166651453783893,0.07545815969513178)
343.125 (0.002082177905546833,0.1372733255141421)
343.25 (0.1589211974497633,-0.2070620439419806)
343.375 (-0.1353526849152368,0.1122152235230646)
343.5 (0.0189405087909069,-0.005056009159376543)
343.625 (0.03263550293556325,0.0239847870170016)
343.75 (0.011169419426426,-0.1451595872366465)
343.875 (-0.05605506875323115,0.2252366594711073)
344 (0.0296826161728103,-0.1678379615159108)
344.125 (0.03632283143704539,0.02971356227113435)
344.25 (-0.06962791200459473,0.04445688398283016)
344.375 (0.05206874148269027,0.00999890098775336)
344.5 (-0.02427765550786767,-0.09695283233234425)
344.625 (0.01989411125780465,0.07455063769023541)
344.75 (-0.02971498228111303,0.06102788088259853)
344.875 (0.03114017597357577,-0.163109624564522)
345 (-0.02581057426478974,0.1293691681351204)
345.125 (0.03124583442371175,-0.04753498191781547)
345.25 (-0.04497865810379287,0.07501469555120306)
345.375 (0.03630276550562247,-0.2042168372384721)
345.5 (0.01721564747329506,0.2502723560565632)
345.625 (-0.08878703943811038,-0.09887767880910281)
345.75 (0.1099211027062414,-0.1265160577069748)
345.875 (-0.03372776744815474,0.2160977179119782)
346 (-0.1032538940975297,-0.1324218698214597)
346.125 (0.1960583853912623,0.02441978716321898)
346.25 (-0.1698475372596686,-0.009876601186999151)
346.375 (0.06486408838196275,0.05270442432561377)
346.5 (0.0005153327237525248,-0.07354228152767789)
346.625 (0.03434039107375512,0.07299380659916491)
346.75 (-0.09596476884511079,-0.07827558866131727)
346.875 (0.06810271570790158,0.04920614717192181)
347 (0.05093416303297083,0.0595628922243787)
347.125 (-0.1327027834449956,-0.1776721795995392)
347.25 (0.08471680015728478,0.1738492398211134)
347.375 (0.01315401861255904,-0.04409284163024228)
347.5 (-0.002048935316252967,-0.05525249375144196)
347.625 (-0.1337143588843247,0.008336732223495756)
347.75 (0.2185093785598024,0.1060650771530639)
347.875 (-0.1092329412146656,-0.1312232115527386)
348 (-0.08929692563957968,0.04613781360025465)
348.125 (0.1280144494854961,0.030744061693671)
348.25 (0.06582046794283508,-0.0311309087583941)
348.375 (-0.2720469342148673,0.02688038215171166)
348.5 (0.2433842001385183,-0.1003283488830719)
348.625 (-0.01742242562295845,0.2043507377523009)
348.75 (-0.1393389618932287,-0.2160933747569593)
348.875 (0.07759705086794552,0.09719659042519875)
349 (0.0656416574177027,0.05756719033535487)
349.125 (-0.08259145224074518,-0.1265470867549656)
349.25 (-0.02888017998324547,0.07763219894403441)
349.375 (0.1016788415893232,0.02203677461878176)
349.5 (-0.05196910192850419,-0.08424082274496685)
349.625 (-0.0314932262618042,0.08133039398470504)
349.75 (0.05020389666094493,-0.0622928832906229)
349.875 (-0.02639988425209311,0.08318922821792768)
350 (0.01829919950889764,-0.1189274282427007)
350.125 (-0.001788741520983041,0.07757787673350748)
350.25 (-0.06927697040800654,0.06641695052127466)
350.375 (0.1355245725839545,-0.189861772291494)
350.5 (-0.07812090118754314,0.1415568843971421)
350.625 (-0.09976452589980546,0.05626439338949166)
350.75 (0.2319019402719091,-0.2062682950106251)
350.875 (-0.1777008955880471,0.1702504234750634)
351 (-0.003261643105138999,-0.03423855715396806)
351.125 (0.1231810701550805,-0.02654974558806163)
351.25 (-0.0852921524613824,-0.008999522698465072)
351.375 (-0.02818766989060975,0.006003831295142152)
351.5 (0.08634347153429547,0.09222181084116443)
351.625 (-0.06748317859320625,-0.1522455942501812)
351.75 (0.04648409906975834,0.04038577830238119)
351.875 (-0.05392525972818156,0.158908140797251)
352 (0.01713510640948425,-0.2250150314792685)
352.125 (0.1225005023797549,0.0828442281710214)
352.25 (-0.276265479055439,0.105430467780869)
352.375 (0.2736722779427715,-0.1623424845065164)
352.5 (-0.08163414562099981,0.1175448957670786)
352.625 (-0.1176799076467147,-0.1290439138040474)
352.75 (0.1391806771838367,0.2298441085225298)
352.875 (-0.03825504295321295,-0.2637260478908909)
353 (0.03313151448959144,0.1036997903819463)
353.125 (-0.183795544050774,0.144820044702458)
353.25 (0.2811478282956357,-0.2387453787153966)
353.375 (-0.1345700700687722,0.08214902263099266)
353.5 (-0.1338656292805247,0.1522297629910264)
353.625 (0.2241920878438962,-0.2166342464070442)
353.75 (-0.05497043307645122,0.06489593388475239)
353.875 (-0.1311508755716301,0.1131783810341563)
354 (0.09686535278752939,-0.1296038785610791)
354.125 (0.09257452093471247,0.01836569875577036)
354.25 (-0.1996068703023727,0.02269452390889102)
354.375 (0.1450987801172087,0.1072812010183123)
354.5 (-0.0635107423970005,-0.2701659673759521)
354.625 (0.0543195794895949,0.2486505294863686)
354.75 (-0.03615835092738465,-0.02208348676967715)
354.875 (-0.09201131800095567,-0.1851587081729329)
355 (0.2575678622394757,0.1607853002230326)
355.125 (-0.2914720375552941,0.03938097672275968)
355.25 (0.1567835862465294,-0.1615885251601961)
355.375 (0.006904280644843194,0.07246144134369947)
355.5 (-0.07388940665550878,0.08012980412767753)
355.625 (0.07596352880950094,-0.0773668144047087)
355.75 (-0.1135530830784527,-0.06521914084591639)
355.875 (0.1909752334645896,0.1146911160776359)
356 (-0.2154651724411252,0.04868901520789186)
356.125 (0.1398171299305972,-0.2367090291106393)
356.25 (-0.03088716581194914,0.1842614230231847)
356.375 (-0.02278256114848217,0.08168447282642292)
356.5 (0.01766251907093485,-0.2398945717052497)
356.625 (-0.0139526988945147,0.07378082396719907)
356.75 (0.04244264801094848,0.2401261487052919)
356.875 (-0.07715064972530174,-0.3416941104035235)
357 (0.08417197556527899,0.1316318861022462)
357.125 (-0.05149545531484742,0.1227076015236459)
357.25 (-0.02443852553811608,-0.1439969444849853)
357.375 (0.1287738673063894,-0.01739791258179029)
357.5 (-0.1919628910531065,0.0975942907203388)
357.625 (0.1213419294273767,0.00252450441501522)
357.75 (0.08347463529509803,-0.1032849736358979)
357.875 (-0.2786103364605243,0.03177637673413101)
358 (0.2996927114502827,0.1200732823009589)
358.125 (-0.1403227825485702,-0.1365162431193271)
358.25 (-0.03638063442267901,0.005059193698974894)
358.375 (0.07271626161939115,0.05783331799573238)
358.5 (0.0329940690587054,0.06851288115946157)
358.625 (-0.1577749767906735,-0.2091015071456307)
358.75 (0.1907792835017728,0.1300685807677927)
358.875 (-0.1131827559362515,0.1154364348258372)
359 (-0.01798452336447967,-0.2425891502420127)
359.125 (0.1189170790979446,0.1296597291065955)
359.25 (-0.12805764059662,0.01725218654685772)
359.375 (0.05308545093487133,0.02376948877162684)
359.5 (0.02675776218663058,-0.159184488454704)
359.625 (-0.03691253528900273,0.1254437614269708)
359.75 (-0.009884681439049248,0.1018106165384093)
359.875 (0.03499529417135736,-0.2510195909939238)
360 (0.001150745002760143,0.1439116385916414)
360.125 (-0.05093450948929805,0.04856745510084662)
360.25 (0.04737019397039841,-0.06402181839123917)
360.375 (0.01588866730347466,-0.07333346009050419)
360.5 (-0.09439804759278869,0.1180949488360376)
360.625 (0.1509149493360004,0.009067189006258664)
360.75 (-0.1715869052898181,-0.114953723189529)
360.875 (0.1483718751303924,0.05597663556145309)
361 (-0.08601543055558142,0.03090879150124212)
361.125 (0.0167299848799763,0.04692053199241956)
361.25 (0.02969845927168699,-0.2121030720508716)
361.375 (-0.06362901503555676,0.2041354684540931)
361.5 (0.1035975306619867,0.04359792018025586)
361.625 (-0.1151825159439408,-0.2965551574875254)
361.75 (0.04271329207038197,0.3273060036451287)
361.875 (0.08177938049580619,-0.1820850812700741)
362 (-0.1294467463303437,0.05665731438653657)
362.125 (0.02961411776187068,-0.02544242511234716)
362.25 (0.1100402350207055,0.02347740919354111)
362.375 (-0.1148913901150644,-0.02871210801239756)
362.5 (-0.03372371146195299,0.09529259993396166)
362.625 (0.1645079595368493,-0.1904110297732972)
362.75 (-0.1288832304847158,0.1538950741194927)
362.875 (-0.01568637622163094,0.08194210549763416)
363 (0.08456292475923317,-0.3228021687653934)
363.125 (0.006661679399559883,0.2965257064758087)
363.25 (-0.1501321055193561,0.003443597125046894)
363.375 (0.1763491049621622,-0.2755659054610528)
363.5 (-0.03447817896166986,0.2534149497248746)
363.625 (-0.1647628538652239,-0.005510990879391648)
363.75 (0.2558518270519827,-0.1810984714530058)
363.875 (-0.158799295475917,0.1616015742608728)
364 (-0.06113223750504468,-0.06695901203580143)
364.125 (0.2533296153466212,0.06874675324610637)
364.25 (-0.3083927752325242,-0.1261051378168028)
364.375 (0.2377417427270664,0.0635960348220192)
364.5 (-0.1323357603810344,0.1405033692088105)
364.625 (0.05270134961007376,-0.2695415891953193)
364.75 (0.02160204148786085,0.1297106508698559)
364.875 (-0.1301156945777565,0.1736071524284346)
365 (0.2409700629778234,-0.3227773113531046)
365.125 (-0.2499972211592098,0.1614804207125255)
365.25 (0.08538100876448379,0.1052288666927259)
365.375 (0.1889337049712509,-0.1554457107693511)
365.5 (-0.3928522923232466,-0.04454734841570568)
365.625 (0.3783114761347672,0.188006818373943)
365.75 (-0.1657917748789766,-0.02226716157463299)
365.875 (-0.08145607022244269,-0.2940549091024875)
366 (0.2219750114792997,0.3481469996638862)
366.125 (-0.2473267287219341,0.01557942969257684)
366.25 (0.2198235608750585,-0.4679453944190705)
366.375 (-0.1543028607636815,0.5616935180794744)
366.5 (0.02574613130817791,-0.2522854766784048)
366.625 (0.1279710708017549,-0.07273851848836151)
366.75 (-0.1995324735772377,0.07798744880888242)
366.875 (0.1376474872461613,0.1408635692588919)
367 (-0.01502497689554696,-0.2338019772828553)
367.125 (-0.06950834437207234,0.05591039223879052)
367.25 (0.09986601506076166,0.1819704966206572)
367.375 (-0.1016717114315605,-0.211389102211055)
367.5 (0.05293303545035771,0.02622280316570599)
367.625 (0.07391570862166789,0.1612492053735173)
367.75 (-0.2083850077891777,-0.2029786845531267)
367.875 (0.2272096916215724,0.1425107651894401)
368 (-0.1189554040045407,-0.06930347460918242)
368.125 (0.01120093973804646,-0.03269285247334724)
368.25 (0.0005417118824204828,0.2075033351014618)
368.375 (0.0351651622815651,-0.359273869746314)
368.5 (-0.03481433908347487,0.2989393183172262)
368.625 (0.01191107819820778,-0.005391479922519498)
368.75 (-0.01484903460175479,-0.2627682813848322)
368.875 (0.007421328897764039,0.2316564929316476)
369 (0.06525185559239007,0.0433636784626094)
369.125 (-0.1281090935599203,-0.227074653911559)
369.25 (0.04268044632671564,0.1243548623428177)
369.375 (0.1578997755834498,0.07966435420127915)
369.5 (-0.2475730268732607,-0.08831913348352727)
369.625 (0.09696793158521348,-0.1036578006627599)
369.75 (0.1344394201412517,0.2293894475588774)
369.875 (-0.2082181271857302,-0.1345520440749443)
370 (0.1215904401635719,-0.03584430011364274)
370.125 (-0.06718199348389044,0.08107389883688911)
370.25 (0.1235614884822633,-0.01809239923454776)
370.375 (-0.1609556131966136,-0.001183353608895185)
370.5 (0.08092474445353376,-0.05759395612233606)
370.625 (0.01665205357152195,0.08896391826551127)
370.75 (0.0008915397059618629,-0.04056124596029356)
370.875 (-0.08677161533983672,-0.01670156472835617)
371 (0.09477849307153209,0.02539672783631641)
371.125 (-0.003243824095960151,-0.02459965992382304)
371.25 (-0.07395223802704437,0.05062472782582152)
371.375 (0.07128698073124963,-0.0589632206842201)
371.5 (-0.03675942782661695,0.01838247707482482)
371.625 (0.01334329583443471,-0.001179293369728976)
371.75 (0.01832456954244268,0.07583969187436478)
371.875 (-0.05255244896399301,-0.1516929013680434)
372 (0.03563498011237464,0.05701003391622825)
372.125 (0.01800436104656253,0.203251020255328)
372.25 (-0.003298652914164753,-0.375562132788389)
372.375 (-0.1012199187001089,0.2309869312731853)
372.5 (0.1457569911843984,0.1315028206411852)
372.625 (-0.01585910243385812,-0.3545801374355079)
372.75 (-0.1566705675696016,0.2179990508165739)
372.875 (0.1462463043057574,0.1114954682445762)
373 (0.04028350122977725,-0.2874813436876712)
373.125 (-0.1650316797572985,0.1926211125464937)
373.25 (0.09996218066183897,-0.03828048556432571)
373.375 (0.01547456788619774,0.04963880572948252)
373.5 (-0.02821310775152901,-0.1741532320038576)
373.625 (0.007449939422407671,0.1966510290210532)
373.75 (-0.08379536406325214,-0.06606023907356109)
373.875 (0.1831419001709656,-0.04193954301951194)
374 (-0.123099906541241,-0.008225324900042529)
374.125 (-0.07253833154821619,0.1276448718209236)
374.25 (0.1701731134912733,-0.1536649905646082)
374.375 (-0.07011729979284112,0.07546912428554696)
374.5 (-0.03933474151226854,-0.004665986787471176)
374.625 (-0.03103460747363808,-0.01064524134175544)
374.75 (0.1842320445959856,0.02012584490868165)
374.875 (-0.1869823068098982,-0.04515005348085287)
375 (0.01305333016313174,0.04043987696534421)
375.125 (0.1407239158756895,0.00418805176411148)
375.25 (-0.1561051892282596,-0.02619991537165391)
375.375 (0.1316197146642412,-0.009945794526592912)
375.5 (-0.1780405806943006,0.05555168038801107)
375.625 (0.2352570703582308,-0.06170338103422388)
375.75 (-0.1986523671511093,0.05513900406263177)
375.875 (0.1176470399793579,-0.08638846525736989)
376 (-0.1180992902118223,0.1540689505004423)
376.125 (0.1664329654302678,-0.215689482855635)
376.25 (-0.07590389654615154,0.2218059289329653)
376.375 (-0.2071503397947163,-0.1189032524494617)
376.5 (0.4533297652105515,-0.09744725132483349)
376.625 (-0.393799253274194,0.2900575559731656)
376.75 (0.05756138506798129,-0.2536004474220868)
376.875 (0.2457718810347102,-0.01655103230903995)
377 (-0.2745150595181861,0.2250202619603248)
377.125 (0.08944657068647004,-0.1022251516234242)
377.25 (0.07925171101696393,-0.2196469201489951)
377.375 (-0.0996452620983594,0.343325906336336)
377.5 (0.006884551497264189,-0.1257300070055587)
377.625 (0.1153712526581216,-0.1451213055653364)
377.75 (-0.2049011270941084,0.1715555360313493)
377.875 (0.1916277034062897,-0.04263381762310495)
378 (-0.02952805719011217,0.03610807260194065)
378.125 (-0.1919136163689766,-0.1668147932458735)
378.25 (0.2704614373305303,0.1823131163246139)
378.375 (-0.1207101828569224,0.01524184174947183)
378.5 (-0.07715791701327249,-0.1945683669165354)
378.625 (0.07570296014635294,0.1315906179700159)
378.75 (0.1062038987097607,0.06765858580027191)
378.875 (-0.1811104097222073,-0.1340317739397307)
379 (-0.02587063933332601,0.01960511417700271)
379.125 (0.3106272425209083,0.06089295974510223)
379.25 (-0.3205793943375483,0.04723421765892402)
379.375 (-0.0006686404618816729,-0.2303035728353112)
379.5 (0.3350084575590926,0.2697367667707173)
379.625 (-0.3697200629048676,-0.1171373958985786)
379.75 (0.1322094809045,-0.06542582641231903)
379.875 (0.1186253429792736,0.1008255966731424)
380 (-0.2329395060176506,0.02211220102783759)
380.125 (0.2721440702227508,-0.1582436088795827)
380.25 (-0.3030165501205467,0.170442974754182)
380.375 (0.2488734321918483,-0.07704317552583567)
380.5 (-0.02689660441070942,0.0225056464470167)
380.625 (-0.25457395744905,-0.08661300898495625)
380.75 (0.3625808114119642,0.1583309343071976)
380.875 (-0.2076873400718858,-0.06669255088252907)
381 (-0.04666407551489795,-0.1688570807836492)
381.125 (0.1818014727507855,0.3156393107781412)
381.25 (-0.1631049690411766,-0.2057761187599869)
381.375 (0.1180682850160078,-0.04522794479306351)
381.5 (-0.1210304943247103,0.1898749646970808)
381.625 (0.1013328951589414,-0.163896279502298)
381.75 (0.01404811533324116,0.1218610661739687)
381.875 (-0.1551912577424523,-0.1633738646686091)
382 (0.1833132418088295,0.176831169913759)
382.125 (-0.07722138388963236,-0.03458602339580702)
382.25 (-0.03847040980551082,-0.1740813612314689)
382.375 (0.06290888895450207,0.2438746907828452)
382.5 (-0.0446040440164564,-0.1410585056987404)
382.625 (0.09190303570769968,0.04041964308308089)
382.75 (-0.2043897856505696,-0.0596586828656657)
382.875 (0.2621333428168398,0.09865565195048734)
383 (-0.1795063096807786,-0.01977197672353864)
383.125 (0.01183195050030236,-0.1191805580660597)
383.25 (0.1128449987754667,0.1379079539587862)
383.375 (-0.1309432504426027,0.001507637709957846)
383.5 (0.08395184765245835,-0.1345015175838004)
383.625 (-0.04474500461786639,0.1186018047615375)
383.75 (0.03576865760107947,-0.01040553293988667)
383.875 (-0.01802202457233067,-0.04098876326936832)
384 (-0.05483590186968233,0.002365913435506843)
384.125 (0.1676236478023637,0.02808296133811567)
384.25 (-0.2245972868171612,0.01547103739158346)
384.375 (0.1247338956404874,-0.07774697048825564)
384.5 (0.1176246039034856,0.07714094422372779)
384.625 (-0.3460391801166567,-0.02477666110069226)
384.75 (0.3957549899796019,0.0002070503208923899)
384.875 (-0.2545259143746101,-0.03172683103600639)
385 (0.05896361272816841,0.05050182056358678)
385.125 (0.06352387247011447,0.01978830254808701)
385.25 (-0.1030062349402364,-0.1475576658835873)
385.375 (0.1141543550375936,0.196796167768135)
385.5 (-0.1230189724654066,-0.06755272332096693)
385.625 (0.130617398355194,-0.1671500975685116)
385.75 (-0.1545707281108655,0.2969150668582614)
385.875 (0.1905294718021236,-0.185628771101057)
386 (-0.1547031377019818,-0.05598779866758014)
386.125 (-0.04117559098344312,0.160488651052632)
386.25 (0.3328652387668419,0.0009403942335280069)
386.375 (-0.5016504049765992,-0.2504748651794954)
386.5 (0.3926208053497947,0.2919706107369788)
386.625 (-0.09771082108343455,-0.06073702224954651)
386.75 (-0.1384041480459711,-0.1910270814674158)
386.875 (0.1751866620906334,0.1982948316705352)
387 (-0.08234606534259641,-0.007333829783463633)
387.125 (0.004816002407716891,-0.09467556492496904)
387.25 (0.000892529641195306,-0.04136508602820539)
387.375 (0.0271762029490764,0.2317385682166365)
387.5 (-0.04549610581605726,-0.2045115767499821)
387.625 (0.04171722497188795,-0.04245670332984675)
387.75 (-0.0134555633899922,0.2413616091681857)
387.875 (-0.02674610054652335,-0.1977712464359928)
388 (0.02833265113110405,0.01268403058489176)
388.125 (0.05715257231558761,0.08847781435541945)
388.25 (-0.1914050223864224,-0.05035654820531194)
388.375 (0.2501788303003177,0.00400988466361565)
388.5 (-0.1517469363030006,-0.03059326756272798)
388.625 (-0.03300413805092255,0.0446547435986132)
388.75 (0.1425111897015352,0.0438341680179356)
388.875 (-0.09895151465111451,-0.1552018316017098)
389 (-0.01593239472141438,0.1306771483099076)
389.125 (0.07160195482477733,0.03435559274866568)
389.25 (-0.03684280915408402,-0.1535586340961816)
389.375 (-0.01759772542580616,0.07742223038338455)
389.5 (0.03872110667295588,0.1128872724083827)
389.625 (-0.0549459802707284,-0.200382597687632)
389.75 (0.107144548613971,0.09176922239808141)
389.875 (-0.1665778710403926,0.08474913387085158)
390 (0.1657899735970118,-0.1502254970475569)
390.125 (-0.09262912878661918,0.08701646306880643)
390.25 (0.008702358387108403,-0.03535400319650637)
390.375 (0.02795699322651726,0.09933626796974369)
390.5 (-0.02318955498744154,-0.2126848502232205)
390.625 (0.02019742896265868,0.2220167748117514)
390.75 (-0.04385781405708816,-0.07442112533083178)
390.875 (0.08893758809770967,-0.1181488854870175)
391 (-0.1388774820036312,0.2037879579381622)
391.125 (0.1720833154037809,-0.1486059094594412)
391.25 (-0.1646306152767009,0.05155176700273764)
391.375 (0.1121561189719719,-0.02078982560186484)
391.5 (-0.04450912324458765,0.064350281063544)
391.625 (0.001841924565052834,-0.1031862205534522)
391.75 (-0.00128155276479987,0.06577673977928383)
391.875 (0.0356110657121461,0.04435529481631352)
392 (-0.08357539579947822,-0.1581192595982162)
392.125 (0.09983713016486141,0.197997711748317)
392.25 (-0.02450390713328841,-0.134069461546106)
392.375 (-0.1445437294245437,0.005566240740116015)
392.5 (0.2945313379021116,0.1095576315968252)
392.625 (-0.2779947608602964,-0.159886105850359)
392.75 (0.08060437241546756,0.1564755358635909)
392.875 (0.1357371737275924,-0.1330119748976474)
393 (-0.1980992292254971,0.08273962706358484)
393.125 (0.1006947268462153,0.0268430500593121)
393.25 (0.02229634259582642,-0.1684685596917904)
393.375 (-0.0691266691711092,0.2364378302334557)
393.5 (0.05306740507240067,-0.1627499350628831)
393.625 (-0.02630868245260628,0.02367464878360516)
393.75 (0.001361268992868572,0.03841212424112479)
393.875 (0.02298713606386586,-0.0001030850793583167)
394 (-0.01903206209719461,-0.01366138053072326)
394.125 (-0.03301126898875658,-0.08000142339001162)
394.25 (0.09348849947681274,0.1786278478104748)
394.375 (-0.0969708117091876,-0.1246555979497393)
394.5 (0.02857757771500255,-0.05834896536798662)
394.625 (0.06444484263284003,0.1665435367157897)
394.75 (-0.1218870131549963,-0.0718397532324177)
394.875 (0.09993269162467269,-0.1137360092373098)
395 (0.02164467165947532,0.1856605926104897)
395.125 (-0.204065433714566,-0.09775564313477166)
395.25 (0.3296094466930342,-0.01068896212922493)
395.375 (-0.2885388741756643,0.01382420118042706)
395.5 (0.1122920238113147,0.05304939402336163)
395.625 (0.03524247516712642,-0.05848224886306624)
395.75 (-0.03748403852635079,-0.06356138744923201)
395.875 (-0.04788429288416434,0.2399384650728593)
396 (0.085908726868373,-0.3197808012270482)
396.125 (-0.04304379825288113,0.2031313696179363)
396.25 (-0.002610534180143088,0.0582056295107679)
396.375 (0.007230648210483352,-0.2781578804164213)
396.5 (-0.02371898151413272,0.2937256408140417)
396.625 (0.09042054610457456,-0.1292410100272054)
396.75 (-0.1343686275301811,-0.02612611224716427)
396.875 (0.0533421304620339,0.03094713705415795)
397 (0.1337797174133383,0.05110262161234366)
397.125 (-0.2826282411279747,-0.04858030558835877)
397.25 (0.2749263480777603,-0.08841407145313393)
397.375 (-0.1352654762174255,0.2238114535029396)
397.5 (-0.01314804106230804,-0.2131525574452077)
397.625 (0.07770952139343283,0.08173590346240056)
397.75 (-0.06085167311092312,0.02513745605330637)
397.875 (0.0139438230665853,-0.03335370353200489)
398 (0.03729025024007872,0.006310715192638088)
398.125 (-0.09830760335972198,-0.01341497212955869)
398.25 (0.1460717860335242,0.01271886664048827)
398.375 (-0.109728646054268,0.06901419763505438)
398.5 (-0.04384835523106455,-0.1791532583673016)
398.625 (0.2215189176631553,0.1611702666064929)
398.75 (-0.2711127863503352,0.04036614416859689)
398.875 (0.1625261443226228,-0.2767595304637777)
399 (-0.03310794003222532,0.3600355134008237)
399.125 (-0.005471350504102536,-0.2775341587659121)
399.25 (0.037654215734113,0.1605651374077967)
399.375 (-0.2076921435471719,-0.07902875725100637)
399.5 (0.4380280812181164,-0.01036500901670965)
399.625 (-0.4438971342513368,0.1041582105247862)
399.75 (0.1028387391638056,-0.09204566456961172)
399.875 (0.3151701196436912,-0.05013445144565207)
400 (-0.4262528258021259,0.1297705224376732)
400.125 (0.1877563099630911,0.03210114978171661)
400.25 (0.07845859014730515,-0.2865788627569041)
400.375 (-0.1187698017831313,0.2768687246765495)
400.5 (0.03698118657805282,0.07522003316682715)
400.625 (-0.06894607156409088,-0.389143902895109)
400.75 (0.206961809308298,0.2777691176345291)
400.875 (-0.2189048154979963,0.1373040783874182)
401 (0.008796625494180402,-0.3630875056688564)
401.125 (0.2193845195594724,0.1641891830074384)
401.25 (-0.2280039937032147,0.1585958576474001)
401.375 (0.05877427477104051,-0.1980658941874312)
401.5 (0.04073035903909015,-0.02791370082884429)
401.625 (0.03947699333591261,0.1513191203727714)
401.75 (-0.1347928691119743,0.01631480123263506)
401.875 (0.04752122625635768,-0.2441897914627594)
402 (0.1759735796738134,0.2240517063200417)
402.125 (-0.3014494901134917,0.01702668678418538)
402.25 (0.2032590066056942,-0.1865667994900124)
402.375 (-0.003997582579366997,0.1331248437764558)
402.5 (-0.09890028662627254,-0.01211120389090978)
402.625 (0.05823930861340146,0.02242887540496051)
402.75 (0.02879532428461056,-0.1251758201997257)
402.875 (-0.08537730766093328,0.1326525628546304)
403 (0.1145019982677086,-0.002926813569870457)
403.125 (-0.1089230150342823,-0.09726292867201132)
403.25 (0.01649316342507403,0.03663727260666462)
403.375 (0.1513645769933914,0.09406362642502997)
403.5 (-0.2553357358009358,-0.1141343214193108)
403.625 (0.1617323313972201,0.003237067503946269)
403.75 (0.0812511195016437,0.07812803769915151)
403.875 (-0.276167920895929,-0.004769118277941474)
404 (0.2873370717068457,-0.1655738506871906)
404.125 (-0.1607013393473809,0.2830511755169156)
404.25 (0.02960815341869922,-0.2752006643153159)
404.375 (0.03285563061142048,0.1843671486843998)
404.5 (-0.04146893514618638,-0.08763551572531919)
404.625 (0.0365608768636939,0.03618275101217853)
404.75 (-0.0407119089645304,-0.04264312557578283)
404.875 (0.0483707855863753,0.06373895523716069)
405 (-0.02488031362701135,-0.009810814929023672)
405.125 (-0.05465556139621136,-0.1525638321198999)
405.25 (0.1382074706909947,0.2981995816929448)
405.375 (-0.1194912168592113,-0.2314246239307)
405.5 (-0.01523349900810094,-0.06681800713336566)
405.625 (0.1132833604043978,0.3470912237098676)
405.75 (-0.02826276031533095,-0.3405445400003553)
405.875 (-0.1478891897881242,0.07718896658051609)
406 (0.1541404001015859,0.1455863540625161)
406.125 (0.08876642525465027,-0.1226790155152552)
406.25 (-0.3158162204068897,-0.03757891293220319)
406.375 (0.2230949201000921,0.1023667561545435)
406.5 (0.128098960135972,-0.01734654479912882)
406.625 (-0.3622997098693893,-0.08893797666999542)
406.75 (0.2516279355478701,0.1338984215375558)
406.875 (0.02083901768778043,-0.1580280318602007)
407 (-0.1327579692994492,0.1746667768557251)
407.125 (0.03697127967560473,-0.1094059249781868)
407.25 (0.03768708734660893,-0.03735331543818993)
407.375 (0.04577873730655023,0.1073595186772355)
407.5 (-0.1379019771230062,0.004162807270182391)
407.625 (0.04164718104895623,-0.1444100852516552)
407.75 (0.1741898342126904,0.07852548754371708)
407.875 (-0.2343051540717377,0.1586641978676511)
408 (0.01104337989425928,-0.2682471480754859)
408.125 (0.2978213848247143,0.08680397436966067)
408.25 (-0.3934163202730557,0.1827798621729117)
408.375 (0.2109007919266116,-0.2408996284370745)
408.5 (0.03884684165210698,0.07033931817522818)
408.625 (-0.1360749739231505,0.09178282824736601)
408.75 (0.07959319233506403,-0.08945149170194652)
408.875 (-0.02259378777183972,-0.002108369686566396)
409 (0.04631293826182947,0.04735366020667132)
409.125 (-0.07395349245318328,-0.01961911840430967)
409.25 (0.008199752499000259,-0.03652466591873968)
409.375 (0.1180341568813707,0.08614751115103177)
409.5 (-0.1789997808963853,-0.08168934863869409)
409.625 (0.115979665109481,-0.03882672546405797)
409.75 (-0.002726951875824796,0.2420187144515119)
409.875 (-0.05170921581540497,-0.3604697429919486)
410 (0.01816938692140496,0.27154557620423)
410.125 (0.05129965256646537,-0.07798633251224313)
410.25 (-0.09474302393341084,-0.002116350980690308)
410.375 (0.08182282334245496,-0.08039811685903479)
410.5 (-0.01874322609884361,0.1469487318639751)
410.625 (-0.04384200880869736,-0.04894725746855237)
410.75 (0.03029504328155594,-0.12448589089601)
410.875 (0.07722191087004714,0.1781142265301172)
411 (-0.1810639563943324,-0.07894555806913228)
411.125 (0.1553956399746824,-0.02003102018518723)
411.25 (-0.008247165216382274,0.008872848377875442)
411.375 (-0.1020003594825674,0.04512509678889264)
411.5 (0.04995694076254911,-0.03682438125315995)
411.625 (0.1027888564636759,0.0003979366065399226)
411.75 (-0.1887434683849688,-0.04517030180940356)
411.875 (0.1370296313748261,0.1505299586390896)
412 (-0.02934104843901325,-0.1510014188038544)
412.125 (-0.03470856336806979,-0.03015819523305204)
412.25 (0.051239778056727,0.2287181008951858)
412.375 (-0.06610827479164721,-0.2183387824026766)
412.5 (0.07785945669858921,0.002855837752739814)
412.625 (-0.04322582178735013,0.1807542268171328)
412.75 (-0.04101841103291117,-0.1592731763933491)
412.875 (0.11285493541728,0.01134023605873596)
413 (-0.112169295361773,0.09295707449846816)
413.125 (0.04906726082475867,-0.1313487017768025)
413.25 (0.009992157977902613,0.1908081026480119)
413.375 (-0.02138689866424426,-0.2508555826622502)
413.5 (0.01835022646096449,0.1700327988888463)
413.625 (-0.06517363257002483,0.0792747733807732)
413.75 (0.146962042791977,-0.3021360435639479)
413.875 (-0.1418051208068333,0.3007589881844621)
414 (-0.03817482028925796,-0.120252068554827)
414.125 (0.2859918388117669,-0.02993833428261898)
414.25 (-0.3672944981896011,0.04903505353494354)
414.375 (0.1938505302091685,-0.02103623951632783)
414.5 (0.04708934855454969,0.03601638936092384)
414.625 (-0.1207810977310163,-0.06837878494904165)
414.75 (0.04484719565811401,0.06906912869432957)
414.875 (-0.03567337635544157,-0.06181546401908639)
415 (0.1705003263738586,0.068082647987343)
415.125 (-0.2656423885556289,-0.02153256281937492)
415.25 (0.159842878839107,-0.1316687554850141)
415.375 (0.02847318266233917,0.2871460744663239)
415.5 (-0.07463688643027108,-0.2623596318114562)
415.625 (-0.008380404025623294,0.04085530313560524)
415.75 (-0.003693757220679017,0.1676212660793276)
415.875 (0.1760881620460057,-0.1701317672609152)
416 (-0.2789158347534957,0.02657157143889572)
416.125 (0.12236080275663,0.0351328184107387)
416.25 (0.1351784701681555,0.08592525716522244)
416.375 (-0.1915463906752636,-0.2339421950902067)
416.5 (0.03158214919594061,0.1850914870239008)
416.625 (0.05979031967528863,0.07961645951608799)
416.75 (0.07311013737600615,-0.3334054234026138)
416.875 (-0.2276172960005672,0.338447623037504)
417 (0.1568381291850064,-0.1013933954503169)
417.125 (0.04808520208191752,-0.1282789211695397)
417.25 (-0.08580274625539697,0.1254229322033852)
417.375 (-0.1050569402780377,0.066947314836254)
417.5 (0.246206216978657,-0.1996521722137032)
417.625 (-0.1256037984243703,0.1190696577650032)
417.75 (-0.08486526170006355,0.0574652180085785)
417.875 (0.06955277852557805,-0.1088081597522941)
418 (0.1734749873898348,-0.00498008996850012)
418.125 (-0.3163227477261384,0.1135368747982943)
418.25 (0.1579988368481231,-0.0806733846707679)
418.375 (0.08726256173058237,-0.02622034987695221)
418.5 (-0.08080838999618009,0.05702529581352706)
418.625 (-0.1665245710155774,0.01219604447532261)
418.75 (0.2971388773422814,-0.07675431181213808)
418.875 (-0.09987991952773365,0.0717135068137259)
419 (-0.1736682891006356,-0.04311063683034203)
419.125 (0.1236624275847212,0.04136599059920346)
419.25 (0.2458356942229191,-0.03322754582558031)
419.375 (-0.4831309066305068,-0.02850744401575774)
419.5 (0.2523946182129665,0.1042510423659018)
419.625 (0.2175589010563228,-0.1091596474501116)
419.75 (-0.4044261102991911,0.03989023811077326)
419.875 (0.1436694183082862,0.0108591024331293)
420 (0.1951642250231671,0.01245687362608395)
420.125 (-0.2237200390764065,-0.03401865637823202)
420.25 (0.02207758544142562,-0.06129597926711291)
420.375 (0.0539752163633365,0.2542351435451896)
420.5 (0.07699410636279466,-0.3675163027950678)
420.625 (-0.1261552674599956,0.2500618997507806)
420.75 (-0.08903587462447694,0.03865316927151479)
420.875 (0.3264772871129525,-0.272127294126831)
421 (-0.2459352719528403,0.2873651118397084)
421.125 (-0.09563745733028964,-0.1322556079642477)
421.25 (0.3055559692406868,-0.03095960346554531)
421.375 (-0.1814045558291552,0.1163580921900179)
421.5 (-0.05053218695555096,-0.1535719739398636)
421.625 (0.08819054246246091,0.1699529023747962)
421.75 (0.0460209265772738,-0.1279414259130784)
421.875 (-0.1074973725379385,0.01166338939994257)
422 (0.01487568098790296,0.09642949178922577)
422.125 (0.06812052553098168,-0.09474059673894039)
422.25 (-0.02399254164482869,-0.008202363295110253)
422.375 (-0.03956440288907274,0.1051718149878955)
422.5 (-0.01343683566105425,-0.1211042535201901)
422.625 (0.1080126272766276,0.07557748406730648)
422.75 (-0.06294490064003641,-0.01751665844924108)
422.875 (-0.1132151088139228,-0.03555047752288127)
423 (0.1900799010710037,0.07033259241114741)
423.125 (-0.02325753469331637,-0.0506253662260426)
423.25 (-0.2238346324878948,-0.03387946855701451)
423.375 (0.2706823196319309,0.125229664742988)
423.5 (-0.08308666509075166,-0.1540114890577674)
423.625 (-0.08016829565871607,0.1217350913374104)
423.75 (0.01093936876728067,-0.08058463087405855)
423.875 (0.1670609102884081,0.04435175022232194)
424 (-0.1599107691146759,0.02211996537313157)
424.125 (-0.09640143699477352,-0.1163449538950892)
424.25 (0.3257917325226048,0.1619909507326259)
424.375 (-0.2473991213624302,-0.1013590717297536)
424.5 (-0.07023571593875799,-0.01032931854917137)
424.625 (0.2885171493337096,0.05811005081215499)
424.75 (-0.205535911617041,-0.01053753910281246)
424.875 (-0.0218271239936829,-0.04182072228738301)
425 (0.09552493560825277,0.01173458979354781)
425.125 (0.06468849535255916,0.06324305311061396)
425.25 (-0.2579482015669934,-0.07368949865664486)
425.375 (0.2696279158129317,-0.0006478412281697911)
425.5 (-0.1130309264373297,0.04768422543101067)
425.625 (-0.02756336447924694,0.02571710055157819)
425.75 (0.03620110404750809,-0.1476926037242719)
425.875 (0.0221702732418679,0.1576263579389526)
426 (-0.02522687284890212,-0.02173339398635171)
426.125 (-0.03972077871261812,-0.1102065102277313)
426.25 (0.08576353798077188,0.103939863669686)
426.375 (-0.07668339185687545,-0.02505148958060529)
426.5 (0.08725245863285341,0.03695619714787535)
426.625 (-0.1773283621216246,-0.1454325054430966)
426.75 (0.2658089906192102,0.1626370193364559)
426.875 (-0.2141971671049323,0.03371186224089174)
427 (0.03000802228996784,-0.3000303777000877)
427.125 (0.1033774018990784,0.3764710807725407)
427.25 (-0.04644846466070349,-0.1960994659216546)
427.375 (-0.1098767300646828,-0.0538667762925095)
427.5 (0.1517640588952506,0.1781842521107076)
427.625 (-0.009452136623938392,-0.179057990200467)
427.75 (-0.1637820876380796,0.1705380227573111)
427.875 (0.1839458296282087,-0.1745943980757299)
428 (-0.03381643092146721,0.1049153856196021)
428.125 (-0.1574157211020035,0.06486818993389876)
428.25 (0.2643030734291892,-0.2215021887040624)
428.375 (-0.2444056573951267,0.2447235010064397)
428.5 (0.1192736969210645,-0.1571195354190798)
428.625 (0.04632061799670407,0.07811067756011503)
428.75 (-0.155280496660291,-0.05850155718913078)
428.875 (0.1384721991995413,0.03630652360425294)
429 (-0.02886252999775502,0.03586347778736262)
429.125 (-0.06122390574188205,-0.09457501271642754)
429.25 (0.0573281175207385,0.04933497050167699)
429.375 (0.006270800861855753,0.07701613735562826)
429.5 (-0.04419235214291391,-0.1607884872144125)
429.625 (0.02064651987138957,0.1301674898215995)
429.75 (0.02571291801161783,-0.04584352526166958)
429.875 (-0.0353112447954279,0.00712236114948277)
430 (-0.01545659912158559,-0.02706540986434031)
430.125 (0.09584739065138552,0.04394978900783731)
430.25 (-0.1399384415676121,-0.02699870430241955)
430.375 (0.097952057943082,0.01374756196522601)
430.5 (0.009273150157815,-0.04035944924331449)
430.625 (-0.09519042784975283,0.08221770751494471)
430.75 (0.08844618221749267,-0.08795678514273525)
430.875 (-0.005375104612623212,0.04930806165724844)
431 (-0.07622921932539982,-0.01202458726482036)
431.125 (0.1092065529578939,0.02082066898373421)
431.25 (-0.1170731283650383,-0.06476976795314032)
431.375 (0.1392743806740992,0.07938511428562924)
431.5 (-0.1650238780907425,-0.008202430334209188)
431.625 (0.144055685699055,-0.1282922382867862)
431.75 (-0.05580222094413174,0.2326603983148102)
431.875 (-0.05105209672831078,-0.218924509082016)
432 (0.0958904111212214,0.09913849813494714)
432.125 (-0.04177411384698917,0.03924534249575054)
432.25 (-0.0681556251241664,-0.1361860431298814)
432.375 (0.152073239766613,0.2004215294025546)
432.5 (-0.1663009422000241,-0.2398524259539547)
432.625 (0.132757703303261,0.2044108053654704)
432.75 (-0.0884733184432355,-0.04932988290735904)
432.875 (0.02914821089827494,-0.1649570102854808)
433 (0.07097088660850373,0.2931904089950265)
433.125 (-0.1897708725610131,-0.2409616447935039)
433.25 (0.2452910144479409,0.05512762784106819)
433.375 (-0.1750372156940775,0.125547369068806)
433.5 (0.01190175570074996,-0.1882365716902608)
433.625 (0.1385356258481244,0.1197688763332755)
433.75 (-0.1902185062673206,-7.562960564383606e-05)
433.875 (0.1367514843139785,-0.06546810483334731)
434 (-0.03724957057112538,0.03592892346394676)
434.125 (-0.03401859523412475,0.027069983271762)
434.25 (0.03300547938593486,-0.03203460172039643)
434.375 (0.02831678667431982,-0.02445334069421809)
434.5 (-0.09416999276671117,0.0465864121508162)
434.625 (0.1216270856159531,0.03448631911057679)
434.75 (-0.1280648326168563,-0.1619441824295295)
434.875 (0.1588136884821496,0.2211585601516305)
435 (-0.2053852470438231,-0.1807045131363776)
435.125 (0.1925572892174146,0.1106699493644612)
435.25 (-0.07704960278428302,-0.06582072673106157)
435.375 (-0.06825380754852639,0.01289311034778091)
435.5 (0.1184948459608715,0.09634058451659855)
435.625 (-0.04737690120731113,-0.2211339784302617)
435.75 (-0.03316860282210478,0.2501990940702638)
435.875 (0.008234310220797078,-0.123763181643892)
436 (0.09880430413971837,-0.08900202492669014)
436.125 (-0.1594950593123279,0.24265429776894)
436.25 (0.1001617038919054,-0.241022528981755)
436.375 (0.01646551042598993,0.1169649405474009)
436.5 (-0.07644685999658965,0.003801888001290859)
436.625 (0.04146828588854824,-0.02432967086353015)
436.75 (0.03471522661138349,-0.03029624300132282)
436.875 (-0.08963595961504622,0.05014845253594806)
437 (0.1131899400172207,0.02141926629466517)
437.125 (-0.1284969804178866,-0.1069650104379781)
437.25 (0.1447530590827529,0.08206231650348854)
437.375 (-0.1420902425460362,0.06221554594669999)
437.5 (0.08932998296779093,-0.186509305217943)
437.625 (0.0251934967984457,0.1593072612448634)
437.75 (-0.1601842532213718,-0.01866093661390679)
437.875 (0.2181002450430774,-0.06988263098749156)
438 (-0.1165559221631802,0.02047591178777169)
438.125 (-0.1022205400160812,0.05975657081444747)
438.25 (0.2594671564870984,-0.008190629838008997)
438.375 (-0.1971621430326414,-0.1677101708693506)
438.5 (-0.03798367464135157,0.2704967541867977)
438.625 (0.2146215865724139,-0.1438541044768973)
438.75 (-0.1573872403818662,-0.1258303369385177)
438.875 (-0.05961575564650181,0.2936705556089312)
439 (0.2036776342319636,-0.2268403432389424)
439.125 (-0.1518464630939637,0.03560447821122212)
439.25 (0.008485889042623479,0.07289981057835732)
439.375 (0.05677714036919045,-0.01938029579975369)
439.5 (-0.02086270181695969,-0.09716418848901127)
439.625 (-0.00196214380406778,0.1340191911708237)
439.75 (-0.05468642310804683,-0.04654549454874494)
439.875 (0.1201486096877974,-0.08711948489474385)
440 (-0.1034401629775983,0.1432898627800397)
440.125 (0.02789419308520581,-0.06094716577264746)
440.25 (0.01209678213635017,-0.09332367417360467)
440.375 (0.003599532558559235,0.172699893083443)
440.5 (0.005103893459283828,-0.09615210409778703)
440.625 (-0.08651695771917359,-0.05539502655922235)
440.75 (0.1633009571627416,0.1258176266300118)
440.875 (-0.1221268216896397,-0.06449879745938636)
441 (-0.02595295236953065,-0.0309837590590455)
441.125 (0.1322672467810568,0.06529672267570263)
441.25 (-0.07631252635840809,-0.0718031316702905)
441.375 (-0.08649933174740808,0.1335711951075927)
441.5 (0.1760092499240854,-0.2233951023984365)
441.625 (-0.08406149518086735,0.2114511836849906)
441.75 (-0.1067765750951642,-0.04365014592690245)
441.875 (0.2169208649829559,-0.1595775761169924)
442 (-0.1654817633592144,0.2277787645821)
442.125 (0.04130372492534613,-0.1292868867570091)
442.25 (0.02361532595427598,-0.008958479597012179)
442.375 (-0.009339089755461882,0.05551875141234854)
442.5 (-0.001680692770759253,-0.006354031890841432)
442.625 (-0.0355493618647062,-0.03970459718554922)
442.75 (0.06582100985422422,0.002904793609554932)
442.875 (-0.03087222715683141,0.09772064077743106)
443 (-0.03080467457254871,-0.1711857681793168)
443.125 (0.03829250673462867,0.145711883460941)
443.25 (0.006396495946310456,-0.03864861641590477)
443.375 (-0.01735041933633787,-0.05563184079949348)
443.5 (-0.04654336468088374,0.05245590732799959)
443.625 (0.1180474340544642,0.03906334545522701)
443.75 (-0.1191223345078043,-0.1196783131623746)
443.875 (0.07154633217333699,0.09594577414176142)
444 (-0.05735316147996244,0.02441901494234032)
444.125 (0.09455631183045685,-0.1372288591385071)
444.25 (-0.114080007395586,0.1455234712337744)
444.375 (0.06569171712361786,-0.05762851083136176)
444.5 (0.005367905186647277,-0.0211421874829769)
444.625 (-0.01710911211353982,-0.004261444313542525)
444.75 (-0.0401142381658435,0.120806247671783)
444.875 (0.08573494417846435,-0.2188233924700303)
445 (-0.03826456205116843,0.2026848785389593)
445.125 (-0.093210803711211,-0.08767051989452745)
445.25 (0.2081775080172596,-0.02081113372581782)
445.375 (-0.2031029836047545,0.04791863630719961)
445.5 (0.06919440484209011,-0.03613374971294663)
445.625 (0.09411730835262677,0.08835965024423127)
445.75 (-0.1739969169051505,-0.221956481300234)
445.875 (0.1553241423776169,0.3143353711886965)
446 (-0.118420698331338,-0.2315794091955825)
446.125 (0.117972065891734,1.588645044372641e-08)
446.25 (-0.09814805138210551,0.2006055560440837)
446.375 (-0.02895425399681117,-0.2318901165220442)
446.5 (0.2307663174829593,0.1399030347292936)
446.625 (-0.3407686754770814,-0.06567835830110405)
446.75 (0.235174619386617,0.05418830453376415)
446.875 (0.006362096746878984,-0.02586458107075165)
447 (-0.1680929981295769,-0.06513781202668523)
447.125 (0.1305504666871639,0.132227010425131)
447.25 (0.005219119794278785,-0.07033469503527999)
447.375 (-0.04791717225471093,-0.08239544906642933)
447.5 (-0.05930869881478313,0.1745081670246324)
447.625 (0.1853528140659851,-0.128255074557527)
447.75 (-0.1787806406824299,0.02975291317365463)
447.875 (0.04491678737491142,-0.008504679213857062)
448 (0.07379511959544094,0.07533229152090086)
448.125 (-0.07339334280627115,-0.1232503009648836)
448.25 (0.0001132995338946696,0.06939332087229029)
448.375 (0.02747074229171565,0.04857695394512643)
448.5 (0.0247192862724284,-0.124020362467315)
448.625 (-0.06851644061648164,0.1001015003297852)
448.75 (0.01489741303106189,-0.01919031908168901)
448.875 (0.1055500509426462,-0.03437526674278198)
449 (-0.1770823448981074,0.02162103479309391)
449.125 (0.1422989047040568,0.02235983262908453)
449.25 (-0.07042771755064776,-0.03124790770574448)
449.375 (0.06505950978984215,-0.03237555324205428)
449.5 (-0.1320924534937029,0.1490574959903114)
449.625 (0.174436634758761,-0.2533926605532057)
449.75 (-0.1121529014441569,0.2735612648024588)
449.875 (-0.02727999719061767,-0.1877836121501589)
450 (0.148120587319172,0.05626572984731618)
450.125 (-0.1845684726272347,0.02656109247833998)
450.25 (0.1371690412077842,-0.03320517627016906)
450.375 (-0.03626958174311837,0.03198706728759209)
450.5 (-0.08905315285784822,-0.08268378408564329)
450.625 (0.2026009490559098,0.1331830175083757)
450.75 (-0.2561114054664897,-0.08336070228584486)
450.875 (0.2154826302552097,-0.05521488441768244)
451 (-0.08570604764864323,0.1462570437135522)
451.125 (-0.09335818201233102,-0.1066992175098607)
451.25 (0.2604431259287333,0.01797713279308712)
451.375 (-0.3417384195712655,0.006581574549686658)
451.5 (0.2825119506974598,0.002002183691568155)
451.625 (-0.104249727926356,0.06687046747489599)
451.75 (-0.08114404239353816,-0.1886130897575267)
451.875 (0.1507292298426754,0.1888392600564358)
452 (-0.07404060437580647,0.01175343475811531)
452.125 (-0.07781794086992054,-0.2466466005039581)
452.25 (0.2190274747572782,0.2877515800683088)
452.375 (-0.3108609995795022,-0.1206281606957085)
452.5 (0.3339046643535524,-0.06135921315550227)
452.625 (-0.254586994992773,0.1075623138464104)
452.75 (0.07321524748208005,-0.04851849208875361)
452.875 (0.1135244379775567,-0.01999754127380614)
453 (-0.1665687467140133,0.07715704465492663)
453.125 (0.05208362699988487,-0.1380088350567696)
453.25 (0.1008391704925779,0.1518031061940411)
453.375 (-0.1310558540830534,-0.04195368047468181)
453.5 (0.02203488485454058,-0.1593988496003465)
453.625 (0.09017966971003433,0.2986064483047641)
453.75 (-0.08487719603967049,-0.2555064527459263)
453.875 (-0.01060271579098633,0.07179044611510561)
454 (0.07898803568850156,0.1039774700259896)
454.125 (-0.06864761347757375,-0.1704572065153608)
454.25 (0.04106737165033812,0.1392649220819933)
454.375 (-0.06536414907169766,-0.06971720850907623)
454.5 (0.1189464716668701,-0.005823071397778502)
454.625 (-0.1273154068814823,0.0747251672291732)
454.75 (0.0728302541876977,-0.1074092000332427)
454.875 (-0.01431485735839574,0.07689190758519338)
455 (0.0009103931461560523,-0.007259079438484992)
455.125 (-0.01562238495383872,-0.04309719968354912)
455.25 (0.02316934094250245,0.05848123010183443)
455.375 (-0.02858623322802285,-0.08550317446993444)
455.5 (0.04630731123633737,0.1496999675473406)
455.625 (-0.04297816952209688,-0.1917323315633004)
455.75 (-0.02291182522020518,0.1377045159072037)
455.875 (0.1041012519633533,-0.0140560150614536)
456 (-0.08089339534744584,-0.07263363765702475)
456.125 (-0.08185100615137214,0.07870840850150347)
456.25 (0.244044533263873,-0.07969175386813467)
456.375 (-0.2275140805346352,0.1454476949234599)
456.5 (0.03424524893090222,-0.2145074024711569)
456.625 (0.1409685086211125,0.1636169116133835)
456.75 (-0.1366859131222482,0.01219858475897052)
456.875 (0.007218270527959782,-0.1597878824661984)
457 (0.06593529133072011,0.1315917272213483)
457.125 (-0.008871073717888905,0.04943947040134497)
457.25 (-0.06691742268384689,-0.2136015299244792)
457.375 (0.0313599603933969,0.213131341366602)
457.5 (0.0783236895999254,-0.05186314814013035)
457.625 (-0.09547579108082342,-0.1348059913059847)
457.75 (-0.05464349997737783,0.2109468115909782)
457.875 (0.2246896414137935,-0.1574268881027173)
458 (-0.1893718832386943,0.06827217704808054)
458.125 (-0.07786431081485876,-0.03459891919846253)
458.25 (0.3273496042433968,0.05181085387890402)
458.375 (-0.2879610007165114,-0.06059412370017286)
458.5 (-0.01539065225212179,0.04864344304864292)
458.625 (0.2708586977644844,-0.05201272927152235)
458.75 (-0.2327211581084217,0.061247612804063)
458.875 (-0.003819249525341126,-0.009247399979796116)
459 (0.1489873501804928,-0.1087120403934856)
459.125 (-0.08912064684471013,0.1784992073543366)
459.25 (-0.00563219085099787,-0.1066630807484851)
459.375 (-0.04334146312582949,-0.03203187840185649)
459.5 (0.1678809255159467,0.08181991769094044)
459.625 (-0.1690324426280331,-0.01943591773966583)
459.75 (0.01524360639954738,-0.02833753605851312)
459.875 (0.1123905087022581,-0.009766132533335031)
460 (-0.07870000612536865,0.04698799342736704)
460.125 (-0.02583991425713066,0.0004970141662911393)
460.25 (0.02928833246618442,-0.05873696425689533)
460.375 (0.08059342284043541,0.01006401181588434)
460.5 (-0.1570052352476755,0.1035724081391387)
460.625 (0.1059345762940809,-0.1250889246012355)
460.75 (0.003116760530582296,0.01862620025401147)
460.875 (-0.055803828214391,0.07038256782308767)
461 (0.04146393171479099,-0.02728468861084545)
461.125 (-0.03180566943321336,-0.07215427026397687)
461.25 (0.05822366842521828,0.08616292352018474)
461.375 (-0.07571598681775374,-0.008617890312959791)
461.5 (0.04206495888117606,-0.05079007147344396)
461.625 (0.01982333721710511,0.04479684349170501)
461.75 (-0.05633566596113632,-0.03936464823388897)
461.875 (0.05236505728917885,0.08328122138442505)
462 (-0.04569531481216526,-0.1208787072261725)
462.125 (0.07759258068287125,0.07567596116467322)
462.25 (-0.1338137261253745,0.03672665958419493)
462.375 (0.1355558260065813,-0.12764758760142)
462.5 (-0.01028246257009744,0.1374427872853352)
462.625 (-0.2015025049482105,-0.07841303018739262)
462.75 (0.3294892693407291,-0.003976375401304987)
462.875 (-0.2245730125963205,0.06948229740254334)
463 (-0.05252421979634898,-0.0862670504746475)
463.125 (0.2518480228165673,0.03764174769429598)
463.25 (-0.19742255084025,0.05228231068609315)
463.375 (-0.007831431752655648,-0.1162454359688252)
463.5 (0.1127152952935817,0.09372491994095521)
463.625 (-0.03260932081291624,0.005795889507427468)
463.75 (-0.06783833136535117,-0.09756708322888576)
463.875 (0.03114672290406381,0.09730478871285264)
464 (0.06859482530357315,-0.009628827821182649)
464.125 (-0.05536158077075073,-0.07451182620891943)
464.25 (-0.0676468070721412,0.08321205065781823)
464.375 (0.1152352891979829,-0.04615444446364179)
464.5 (-0.00492125042645197,0.03865871974056406)
464.625 (-0.1049847918610889,-0.05974767945449156)
464.75 (0.0459314929731977,0.03002529956019822)
464.875 (0.09915222928883215,0.06867452918210404)
465 (-0.1015834099508396,-0.1224864522990974)
465.125 (-0.08204911201622175,0.02513380312210489)
465.25 (0.2344543437211501,0.1474634669960368)
465.375 (-0.1713371093114476,-0.197371716514239)
465.5 (-0.01205936068807224,0.0530331777587502)
465.625 (0.08047198715512993,0.1291625081110429)
465.75 (0.02591264237863692,-0.1617802656393296)
465.875 (-0.1332253374762954,0.05788812137585396)
466 (0.08249566668987839,0.01509524782572175)
466.125 (0.07186610653577258,0.02152572057801313)
466.25 (-0.153276732236216,-0.06470267206025732)
466.375 (0.07963245487420184,0.001263653891760368)
466.5 (0.07286386637316621,0.1173323345989649)
466.625 (-0.1822669755721484,-0.1420848858111839)
466.75 (0.1895230851643204,0.02688534953765336)
466.875 (-0.1065115471498367,0.1168970199026992)
467 (-0.01735532930311757,-0.166210122833704)
467.125 (0.1165344324104915,0.1204803981359362)
467.25 (-0.141133910678248,-0.0642311020472372)
467.375 (0.09634212317511398,0.0452201475591078)
467.5 (-0.02979389720748404,-0.03704734809460014)
467.625 (-0.03188198593889799,0.003981352994448375)
467.75 (0.1003352192448956,0.04487093506455499)
467.875 (-0.1607715200164502,-0.07360639400977331)
468 (0.1415855163328682,0.06222052117010876)
468.125 (-0.01101123063586081,-0.01978916862480622)
468.25 (-0.1201857886202095,-0.02585413748086394)
468.375 (0.08221712144397413,0.04225963262344726)
468.5 (0.1353080574647913,-0.01424649156941224)
468.625 (-0.3172634067263865,-0.03564353120695481)
468.75 (0.243548178165805,0.0624494437859448)
468.875 (0.04931226324541827,-0.04716214687050635)
469 (-0.2930349715348237,0.01692685889396667)
469.125 (0.2750554220098269,-0.004187715801082111)
469.25 (-0.0458775279636351,0.00235911983071723)
469.375 (-0.1713785957533337,0.0165014310603004)
469.5 (0.2188630149269224,-0.05393220372246823)
469.625 (-0.1136136301301413,0.08510344769402607)
469.75 (-0.03336308060235409,-0.1000045315035703)
469.875 (0.1374689460314877,0.1075458603004131)
470 (-0.1772205929245437,-0.09454413394820677)
470.125 (0.1658499126964666,0.0259131426980706)
470.25 (-0.1229978974353949,0.08600217942543915)
470.375 (0.0651684528151039,-0.1482811119651673)
470.5 (-0.005875593475398917,0.07453655210110459)
470.625 (-0.03790810563818397,0.09890779103564339)
470.75 (0.04294258767969242,-0.2280336514228179)
470.875 (0.003598378698997982,0.2080925852215591)
471 (-0.08016908200015385,-0.08024248498144268)
471.125 (0.1357368904787004,-0.02424237780459888)
471.25 (-0.1297125273841697,0.0274024150201488)
471.375 (0.06623591883730001,0.02701099668368438)
471.5 (0.01277959902924898,-0.04029843103568932)
471.625 (-0.06427824077691752,-0.0243896050397709)
471.75 (0.0738220670659058,0.09916753779080634)
471.875 (-0.05733400014811568,-0.08629179993198201)
472 (0.03869381836450807,-0.02609350241141418)
472.125 (-0.02458210769738458,0.1380601654633092)
472.25 (0.003378194970225124,-0.1438197170620884)
472.375 (0.0286047378291084,0.05007430771542511)
472.5 (-0.04999993910775254,0.04288558242045093)
472.625 (0.03812916885606685,-0.07164686125453655)
472.75 (-0.00372903084256316,0.06955947551461467)
472.875 (-0.02056309633711068,-0.07713289378531686)
473 (0.02783537539983616,0.05322841224423735)
473.125 (-0.04493793142269361,0.05998353956141713)
473.25 (0.07993902482054852,-0.2124585779417245)
473.375 (-0.09166824613239144,0.2705478155747444)
473.5 (0.04355965752200603,-0.1804056851348999)
473.625 (0.02862813436048527,0.0374569743339806)
473.75 (-0.04445848714261032,0.04129557255310615)
473.875 (-0.02146384469389401,-0.05283620150664804)
474 (0.1030756617527896,0.06222556584141382)
474.125 (-0.1233960515118915,-0.07452337135582071)
474.25 (0.085175421722458,0.03969268952480556)
474.375 (-0.0549082170110665,0.02979374914271084)
474.5 (0.0695142014342689,-0.04390149214534943)
474.625 (-0.0897409005151015,-0.03141839734659937)
474.75 (0.0542265386039671,0.1042351437356736)
474.875 (0.03691715472142524,-0.07950383486302581)
475 (-0.108936764922134,-0.001153215567543404)
475.125 (0.08766964220983341,0.01920648217722674)
475.25 (0.01572120567289893,0.04507102744533196)
475.375 (-0.1066939558157155,-0.08225052377202502)
475.5 (0.104724922876861,0.01189425980561633)
475.625 (-0.03077075592899193,0.1036233947418979)
475.75 (-0.0238041243335657,-0.144412788783799)
475.875 (0.01411365574219555,0.08143353982269039)
476 (0.007057021187766746,0.01122918538849335)
476.125 (0.02506258193454037,-0.05949658191348947)
476.25 (-0.08435907851907289,0.04733817522383302)
476.375 (0.08452388203162199,0.01107322977942349)
476.5 (-0.004822312147931302,-0.09034512304055825)
476.625 (-0.06934256107156066,0.1341649202167596)
476.75 (0.05328020601316638,-0.07773079342947729)
476.875 (0.02992078756857185,-0.07029590762157603)
477 (-0.0853515847114395,0.200533329174048)
477.125 (0.06488372968316367,-0.2004369402013104)
477.25 (-0.006766329357464696,0.07106967864071444)
477.375 (-0.03400636325728019,0.08031946200554806)
477.5 (0.04694077355443795,-0.1539811319774863)
477.625 (-0.04707928512954201,0.1366039452696665)
477.75 (0.03843264338351916,-0.07694629846476879)
477.875 (-0.0260465275468876,0.02107757890616087)
478 (0.03533196389517297,0.01728045818587352)
478.125 (-0.0789508525606349,-0.04629765035936827)
478.25 (0.1166478407520359,0.07123667519929294)
478.375 (-0.09240405520290629,-0.07289265405007582)
478.5 (0.01627600998700186,0.01552251834803019)
478.625 (0.03422506499862983,0.1010835519698426)
478.75 (-0.0155358619113873,-0.2005568040224799)
478.875 (-0.01860614587708905,0.1825166808543377)
479 (-0.0043517437881491,-0.04118370182088606)
479.125 (0.06113428202066477,-0.09895568400512667)
479.25 (-0.05794855494318178,0.1067947474507602)
479.375 (-0.02699013715416584,0.005830271270795872)
479.5 (0.09304360844570068,-0.09820448906464703)
479.625 (-0.04854413192879212,0.06764072105443313)
479.75 (-0.05686138539412993,0.03713221093751259)
479.875 (0.09662114260510463,-0.08969546755350651)
480 (-0.04354441331361724,0.04273375028153692)
480.125 (0.001932640355663694,0.02619705681418413)
480.25 (-0.04509772637432245,-0.0216433084944155)
480.375 (0.096388916668917,-0.05054334735144436)
480.5 (-0.03421849056829527,0.09114820552383444)
480.625 (-0.1244687424952353,-0.02647990667444448)
480.75 (0.2257532063724203,-0.1005211150413429)
480.875 (-0.1677376205157017,0.1708889850535925)
481 (0.01982693406153266,-0.1188701408227563)
481.125 (0.07763136081181585,0.005007599246941649)
481.25 (-0.08001288007878363,0.05169722802962799)
481.375 (0.0502850625065676,-0.004887114765268611)
481.5 (-0.03198930129398905,-0.07622209253472781)
481.625 (-0.01434138609896769,0.09409953203941976)
481.75 (0.1232601888345725,-0.0279580299024961)
481.875 (-0.2270393825661414,-0.06000861775815251)
482 (0.2090537775531402,0.1005500007449066)
482.125 (-0.05520140161637242,-0.07577360229554835)
482.25 (-0.09917476119884014,0.01424291589275781)
482.375 (0.1090334865976715,0.04255501017740846)
482.5 (0.01353688831584465,-0.06576076050399884)
482.625 (-0.1135970990928318,0.05332808427931857)
482.75 (0.07675843414873766,-0.02796408843156964)
482.875 (0.04379006566846887,0.01084581411300103)
483 (-0.1082745110734789,0.002531586941601318)
483.125 (0.06307118831605514,-0.02659252144951502)
483.25 (0.01609944352812368,0.05111182443103259)
483.375 (-0.04137849137147506,-0.0495396936225874)
483.5 (0.01315049221512465,0.02626817389639597)
483.625 (0.01535307187623599,-0.02140366244689125)
483.75 (-0.0211522229834126,0.0481229006511588)
483.875 (0.01517711517748872,-0.05887493525733542)
484 (0.006129733022058344,0.01361188120881394)
484.125 (-0.05796051762029723,0.04062697135199958)
484.25 (0.1215666911933591,-0.01639293899535902)
484.375 (-0.1502956627754998,-0.08345456162991671)
484.5 (0.1299634064625541,0.1430826546344957)
484.625 (-0.09502024547841605,-0.07753858097057705)
484.75 (0.07359480615846348,-0.04633830100268715)
484.875 (-0.05403142882173915,0.0893320745709715)
485 (0.02300919974945183,-0.01749537911473103)
485.125 (0.001749717685221561,-0.06777247410266395)
485.25 (-0.006126988946365174,0.08092276320749014)
485.375 (0.01409831880306551,-0.05899194352139499)
485.5 (-0.04743112397202505,0.07691186190030816)
485.625 (0.07369980323453749,-0.1189437779508516)
485.75 (-0.04439134571641246,0.1119653400557325)
485.875 (-0.02126216916997449,-0.05939835925992763)
486 (0.04317880732443366,0.04500259962729946)
486.125 (0.01481535711780105,-0.08500473296507506)
486.25 (-0.09036513932522332,0.07405280421589525)
486.375 (0.09969130928372971,0.05086272611540017)
486.5 (-0.03980573081624301,-0.1635107133378473)
486.625 (-0.01871361728917709,0.08229545802677353)
486.75 (0.02492872721558451,0.15872783766844)
486.875 (3.388673967385729e-05,-0.2984532921088313)
487 (-0.003082483344869281,0.1645476806724887)
487.125 (-0.03269183171088362,0.09526599385043229)
487.25 (0.06762246776523793,-0.1972806518893514)
487.375 (-0.04517791708316371,0.08437557847218316)
487.5 (-0.04559196502652491,0.02344016839296658)
487.625 (0.1406644690924443,0.05099442822361284)
487.75 (-0.1469066544766227,-0.2007630079513167)
487.875 (0.03787234758621885,0.1939430729494328)
488 (0.1003451843573789,0.005099364853213904)
488.125 (-0.1427128468185279,-0.1898385934078678)
488.25 (0.05108125869281571,0.1780737068784955)
488.375 (0.08997074306887215,-0.02065593081647139)
488.5 (-0.1676810065229539,-0.09651619087419758)
488.625 (0.1508831368717942,0.08805866626510114)
488.75 (-0.09294455164110738,-0.03569864424297004)
488.875 (0.04827807925905937,0.04295771664289762)
489 (-0.0205769942424907,-0.09821853222346076)
489.125 (-0.003562127024052288,0.112209483859745)
489.25 (0.005338516177044201,-0.05352685021323302)
489.375 (0.04696970004016576,-0.004053643745007889)
489.5 (-0.1329781460122217,-0.02008810979276517)
489.625 (0.1717247699655158,0.09954231418500174)
489.75 (-0.1068562182170582,-0.1216310491825438)
489.875 (-0.01344223418866384,0.02435839484406589)
490 (0.07897851382659569,0.1199911712275825)
490.125 (-0.04712171298805871,-0.1824692358427654)
490.25 (-0.007704018656210928,0.1204925417256685)
490.375 (0.0001328400122770188,-0.01129652868399402)
490.5 (0.0459232749101695,-0.04913477302358581)
490.625 (-0.03802647033316028,0.0397190141564529)
490.75 (-0.03447941671123197,0.0005790585029019196)
490.875 (0.06408137607284073,-0.0367319156496957)
491 (0.02656149716490002,0.05592307859381627)
491.125 (-0.1570200835597902,-0.05176586276383104)
491.25 (0.1770425968896763,0.03166929688908777)
491.375 (-0.06194313588204222,-0.02749529228913138)
491.5 (-0.05327181298858522,0.05856888979324952)
491.625 (0.04876467628343217,-0.08700239512455143)
491.75 (0.0351947669850173,0.05084154551957459)
491.875 (-0.06866369434195324,0.04964487546879971)
492 (0.003368891211523319,-0.135530261122247)
492.125 (0.08483676588902979,0.1364515029073854)
492.25 (-0.1101085081690558,-0.06537639944481484)
492.375 (0.07292802919581394,-0.01167612299224001)
492.5 (-0.02902601243464506,0.05005706675426432)
492.625 (0.01060516274558387,-0.04413390717681336)
492.75 (-0.01290683368633878,0.0006084298590073971)
492.875 (0.03255171093446863,0.0616615484873369)
493 (-0.07491234366475455,-0.09661218416111061)
493.125 (0.1205304390324245,0.06319473725481278)
493.25 (-0.1171255942251911,0.01868315867455109)
493.375 (0.02817605811150773,-0.07964800429553091)
493.5 (0.1143745578374627,0.08082010982625366)
493.625 (-0.2190178069552776,-0.05277910102438971)
493.75 (0.2060063991957796,0.04194521789218358)
493.875 (-0.0781507608414673,-0.05128322900954968)
494 (-0.07516995150950705,0.05793552912254761)
494.125 (0.1497117138421881,-0.0590983857121419)
494.25 (-0.1111139979010308,0.06308470758579542)
494.375 (0.01216059964204253,-0.05424048823526926)
494.5 (0.06944425249693757,0.01312063874835137)
494.625 (-0.09918612324104782,0.0320572414490058)
494.75 (0.09125807778213546,-0.02443922107354121)
494.875 (-0.07107370212945044,-0.03484297986655492)
495 (0.05660007768085608,0.06452817798533299)
495.125 (-0.06228900182660901,-0.003853766018217559)
495.25 (0.08422795422930639,-0.09440844820371425)
495.375 (-0.08097526144366349,0.1208607378417263)
495.5 (0.01325409120239897,-0.05261131654777217)
495.625 (0.07979524481707095,-0.01198409908702385)
495.75 (-0.09321309289400621,-0.01997929387164024)
495.875 (-0.008242579082728343,0.1146078325403508)
496 (0.1033015151411227,-0.1545237162982173)
496.125 (-0.03771420722159047,0.08627055462169902)
496.25 (-0.1656423479994973,0.01915034133248987)
496.375 (0.2991504762291822,-0.06076069188826373)
496.5 (-0.2089581479675257,0.02692465932016237)
496.625 (-0.02158001861552394,0.007231272360233448)
496.75 (0.182195354298627,0.01445464328844844)
496.875 (-0.1791892111860101,-0.06141084706716769)
497 (0.09076865965804555,0.06363015088850613)
497.125 (-0.01130307155473194,-0.003141240365447868)
497.25 (-0.04932297487944975,-0.06412981647661155)
497.375 (0.09017423087802239,0.07313149434476175)
497.5 (-0.05426454367287319,-0.01861004868167496)
497.625 (-0.07773413764927881,-0.04300796094106245)
497.75 (0.1925250309297343,0.04796617670691387)
497.875 (-0.1503811567335821,0.02027912100369446)
498 (-0.02233083899424343,-0.1147861512320967)
498.125 (0.1409248046290471,0.1565737417545296)
498.25 (-0.0847735763169977,-0.1019982489353102)
498.375 (-0.06653515235829148,-0.002950933295810616)
498.5 (0.1564464487352384,0.05112489585945047)
498.625 (-0.1389488925412068,0.01339202652074381)
498.75 (0.07991843647457965,-0.1143337133970017)
498.875 (-0.02662623867767833,0.1127312138873789)
499 (-0.02925035368777031,0.01115260214239279)
499.125 (0.0812012010249451,-0.1313897446903047)
499.25 (-0.08245951684278759,0.1143174202365586)
499.375 (0.03081200347812657,0.01776915601614655)
499.5 (-0.001093815340316177,-0.1154990036594554)
499.625 (0.05062201599844965,0.08507269793518944)
499.75 (-0.1372581453291331,0.01358161780928256)
499.875 (0.1757667387265197,-0.06406986934911263)
500 (-0.1420467956292333,0.03501545658027071)
500.125 (0.07881725933616066,0.01274970581140929)
500.25 (-0.02665199361916245,-0.02421318908317361)
500.375 (-0.00566950619360803,0.006435063988557138)
500.5 (0.01831681010213419,0.005565384637701691)
500.625 (-0.009967681078911002,0.0003495121414258105)
500.75 (-0.00913849849902694,-0.009685296906302533)
500.875 (0.02007456978686047,0.008536919185865806)
501 (-0.01654402417742613,0.0007156982263238413)
501.125 (0.008330466062705906,-0.007258922847791519)
501.25 (-0.004216863079507545,0.005640715284234003)
501.375 (0.002188962091818969,0.000360496986311014)
501.5 (0.001597631635942648,-0.003644120656317966)
501.625 (-0.004087314537639215,0.002200993375423963)
501.75 (0.00159013393048829,-0.0001697617251118002)
501.875 (-0.002306838961729685,-0.0002654490684011841)
502 (0.002108369130865086,-9.473401748301671e-06)
502.125 (0.0005968496506565812,0.002709393753155678)
502.25 (-0.0011784174968306,-0.004253662997085681)
502.375 (0.0006600644740338711,0.0005162575684263077)
502.5 (-0.002503939421120317,0.006442276555485307)
502.625 (0.003871956554742188,-0.01137830963536954)
502.75 (0.002629863101793718,0.01326405941199502)
502.875 (-0.01706870745970375,-0.01390118542917278)
503 (0.02814217642724904,0.007006266403281973)
503.125 (-0.02467570238919005,0.01890606187875174)
503.25 (0.008147457526719422,-0.05623962518315905)
503.375 (0.004911658749322403,0.06928783467464487)
503.5 (0.00784736199178284,-0.03116352975718832)
503.625 (-0.05018194239455081,-0.03452647478934469)
503.75 (0.08380124431486374,0.0723693489248368)
503.875 (-0.05592186382993133,-0.05696983530749371)
504 (-0.02724127406561183,0.01325647664879001)
504.125 (0.08399884459660374,0.01979137653883475)
504.25 (-0.05505766190598253,-0.02332410143469564)
504.375 (-0.01345473108239158,0.002046040388139863)
504.5 (0.03868138276891955,0.02222031961113191)
504.625 (-0.0168466922684785,-0.02554799787487932)
504.75 (0.000198116136940433,0.008648593874325091)
504.875 (0.002288869554467807,-0.007197628660328791)
505 (0.0002226819665601068,0.004593894016434379)
505.125 (-0.005531212911046134,0.003491226296403043)
505.25 (0.004328310579609152,-0.01466060900771105)
505.375 (-0.01384722891627992,0.02987689181093887)
505.5 (0.04330200258217047,-0.02329994154766606)
505.625 (-0.06482289271191627,-0.0255022273588177)
505.75 (0.05774337615444702,0.06700835051208234)
505.875 (-0.04268632459259922,-0.02035775032728401)
506 (0.0413280172230791,-0.09948714926967098)
506.125 (-0.04014611662196884,0.1648420538432802)
506.25 (0.0242822893399621,-0.09373256503182453)
506.375 (-0.01019050371254966,-0.02927041561379825)
506.5 (0.01203155805621309,0.06002542726386571)
506.625 (-0.009849313846779562,0.01192907719817625)
506.75 (-0.01173919935102387,-0.06366167967387076)
506.875 (0.02697353819079792,0.02901106315384199)
507 (-0.01512327514601605,0.0187863883143219)
507.125 (0.00153269721167489,-0.01462709253791232)
507.25 (-0.003729473386869167,-0.00157245372712136)
507.375 (0.02860741008131908,0.01372981045703407)
507.5 (-0.05332706979509226,0.01597686633800701)
507.625 (0.02311229471187151,-0.06945467426495322)
507.75 (0.03995697323597366,0.06065346857052899)
507.875 (-0.07027194156588415,0.01485376939291663)
508 (0.0497323920263462,-0.07256078325683603)
508.125 (-0.009884073171369551,0.05887802779196948)
508.25 (-0.01792297846059074,-0.01216449265733083)
508.375 (0.02380914851659385,-0.0106016007174332)
508.5 (-0.0114942393738854,0.005204005892979284)
508.625 (0.005816181291030088,0.0002628741785059452)
508.75 (0.01504706280018448,-0.007123850988644626)
508.875 (-0.04382048949277573,-0.004286704120570591)
509 (0.03887615903386685,0.03039931961554995)
509.125 (-0.0005929452307068743,-0.02242231218626359)
509.25 (-0.02242622298474831,-0.04672244152709031)
509.375 (0.008024720598181944,0.1256055348911732)
509.5 (0.003106812237520184,-0.1365603426739034)
509.625 (0.02105083527247547,0.07107882285053971)
509.75 (-0.04063199909842491,0.003172701975903254)
509.875 (-0.002561618495422614,-0.02704448982223392)
510 (0.08784122922791977,0.005571668979266714)
510.125 (-0.1213729729443513,0.02195926944035908)
510.25 (0.04777465687412549,-0.03406545724136599)
510.375 (0.0759888896735781,0.03036773209161303)
510.5 (-0.1398061114829574,-0.006408142882180964)
510.625 (0.10093092115537,-0.04515588079138088)
510.75 (-0.02322334739863964,0.1078198553537541)
510.875 (-0.004219061444278045,-0.1360272313082338)
511 (-0.03264748478826505,0.09145644123139732)
511.125 (0.06792033536068678,0.01204807035445796)
511.25 (-0.0421112309820461,-0.105657611649963)
511.375 (-0.02871855597360248,0.1201356570367767)
511.5 (0.07879678034033828,-0.052433200497637)
511.625 (-0.07163182353202785,-0.02964944069836994)
511.75 (0.03258551104216762,0.06028625215720709)
511.875 (-0.004075348957896268,-0.04358193465360483)
512 (-0.008901268589245802,0.02993895234207156)
512.125 (0.03191928692170832,-0.03558710179565669)
512.25 (-0.06976925897359586,0.02308824402699223)
512.375 (0.08732622439639585,0.02988348447666094)
512.5 (-0.05512008296152153,-0.08339723879419669)
512.625 (0.001513508881911317,0.08725199961347511)
512.75 (0.005411527396632823,-0.05109405204070323)
512.875 (0.06180404125306437,0.02194281116608139)
513 (-0.1429042131118906,-0.009859982337455256)
513.125 (0.1441114253787999,-0.01365903093853848)
513.25 (-0.04016605328974594,0.04594403837857088)
513.375 (-0.09481195190310092,-0.03941354686484683)
513.5 (0.1641080554342182,-0.02086983095704594)
513.625 (-0.140864626488431,0.07553102508383816)
513.75 (0.07595655160033339,-0.06725537063729316)
513.875 (-0.03277728007204974,0.02556796713444102)
514 (0.03450355176650932,-0.02481375041184771)
514.125 (-0.06236484764262299,0.07281282725453372)
514.25 (0.07756689997061066,-0.0971020962981493)
514.375 (-0.04818139169773411,0.04903707892680943)
514.5 (-0.01471621903024059,0.02697050893268815)
514.625 (0.04518917368037814,-0.05180078073921764)
514.75 (0.01397287303023078,0.00562706334047296)
514.875 (-0.1175589028659957,0.06412807042481083)
515 (0.1314363021557588,-0.1039313393391311)
515.125 (0.01325810316504902,0.09112627942147962)
515.25 (-0.2036885805344875,-0.02769630271070475)
515.375 (0.2467182396067762,-0.06096291978959782)
515.5 (-0.09300056737123143,0.1201642539269427)
515.625 (-0.1002960398610578,-0.09955321833654236)
515.75 (0.1587353476732827,0.01423726009176076)
515.875 (-0.08801349373828724,0.05244929579846643)
516 (0.02927641730749417,-0.03594527908388613)
516.125 (-0.05578641715195485,-0.02990858767858281)
516.25 (0.09513200458108349,0.05116862644135913)
516.375 (-0.05977772336117871,0.005230656890652823)
516.5 (-0.02226117337675064,-0.0620774073768451)
516.625 (0.0543554235806303,0.02942024838335048)
516.75 (-0.005299269184081611,0.06832921504972549)
516.875 (-0.06164289192404949,-0.1084109884436008)
517 (0.08083833084886641,0.02565244581834901)
517.125 (-0.05402473152906473,0.08912289856070074)
517.25 (0.02240055570112067,-0.09150893101148122)
517.375 (-0.009732776109414587,-0.02932404208926703)
517.5 (0.009373366843151361,0.1231523650536854)
517.625 (-0.0006639437951573515,-0.06123265514196097)
517.75 (-0.036828647819702,-0.09811362607642919)
517.875 (0.1020426240856361,0.1754994666362213)
518 (-0.1514121604875838,-0.08691237344569422)
518.125 (0.1276100989188783,-0.05968557565573036)
518.25 (-0.03467758412165681,0.09745047182714485)
518.375 (-0.04099874763585983,0.01097713380856839)
518.5 (0.02452357092491273,-0.1472683956425276)
518.625 (0.04482559160428373,0.1758945545792111)
518.75 (-0.05346701794804944,-0.07519981034331916)
518.875 (-0.03583266205970655,-0.06215167532637368)
519 (0.1223304928131372,0.1281835301517443)
519.125 (-0.08973154677635105,-0.09259762866464886)
519.25 (-0.04167867530955133,0.01728680538036219)
519.375 (0.1330684719538926,0.01027822408838015)
519.5 (-0.09131730122107878,0.0355034006046274)
519.625 (-0.02910035433071126,-0.09508043611151755)
519.75 (0.1011921827338906,0.09298349843255045)
519.875 (-0.06856001736783056,-0.02390724901931143)
520 (-0.01129337188079966,-0.04588731596446385)
520.125 (0.0471064933128584,0.06005361950898206)
520.25 (-0.00770798545980868,-0.03170220606248733)
520.375 (-0.0607231964298385,0.01306092385444394)
520.5 (0.08669388870713414,-0.02781176463426059)
520.625 (-0.03661929531434113,0.05384963483365709)
520.75 (-0.05728215405484411,-0.0621306389160028)
520.875 (0.1218299860847645,0.04944677642968232)
521 (-0.1039566954196084,-0.03176571746094971)
521.125 (0.01743521745793067,0.02189428342339212)
521.25 (0.07092777992488772,-0.02002718035586162)
521.375 (-0.1031600827854567,0.01899311805415182)
521.5 (0.0756270373083054,-0.01607469734895587)
521.625 (-0.02604105017207693,0.02188768967663439)
521.75 (-0.01157262296815748,-0.05100494812670797)
521.875 (0.03024628763869782,0.09556649666980215)
522 (-0.03746601133841573,-0.117960886842395)
522.125 (0.0362099855471878,0.08808426239808394)
522.25 (-0.02512860093236105,-0.02542621678284053)
522.375 (0.01089856574272694,-0.01607441518511208)
522.5 (-0.01047502802520359,0.007882732570360963)
522.625 (0.03411023279905327,0.02758923081696111)
522.75 (-0.06448803246193392,-0.05443373043047054)
522.875 (0.06165418995707549,0.0611887850963055)
523 (-0.005283512208178319,-0.05036991082027285)
523.125 (-0.06425753916515277,0.01875223373307836)
523.25 (0.06949886911344109,0.0260523127095509)
523.375 (0.0149730008402028,-0.04978561699333066)
523.5 (-0.107537050011571,0.02703914079837952)
523.625 (0.09153712335051063,0.01539186911817182)
523.75 (0.04537654302975445,-0.0258735425394277)
523.875 (-0.1785439820757324,-0.0008419821870005747)
524 (0.1845722292872098,0.01472769647371109)
524.125 (-0.08976825152625323,0.01903700502588738)
524.25 (0.0343454296855696,-0.07471732263524418)
524.375 (-0.09201775056597354,0.1071445564495004)
524.5 (0.1800563554995641,-0.1066397962279577)
524.625 (-0.1741137205301205,0.08956130296983843)
524.75 (0.06635822535745207,-0.06273562967417268)
524.875 (0.03977776982603014,0.0302535047083921)
525 (-0.06669871541107462,-0.01451338173932239)
525.125 (0.03195589574201733,0.02917787961948457)
525.25 (0.01793512138791001,-0.03949262217758617)
525.375 (-0.07215127008012658,-0.00688284357332953)
525.5 (0.1193210629164327,0.1034066970974022)
525.625 (-0.1045788210417186,-0.175927414039475)
525.75 (-0.008453488143224285,0.1640091255567838)
525.875 (0.1505490772244051,-0.08335467522425119)
526 (-0.1919696273554692,-0.003155437769460473)
526.125 (0.09024960553071142,0.04619128061348714)
526.25 (0.05775575267761687,-0.02976357742921422)
526.375 (-0.134256680386333,-0.02953260231011013)
526.5 (0.1251704599225497,0.07375085940477265)
526.625 (-0.09295328344288319,-0.0316969175529439)
526.75 (0.07061549547940657,-0.09410727301233295)
526.875 (-0.0445333374606245,0.1883217795065208)
527 (0.0232349610518443,-0.1321883629815297)
527.125 (-0.04708472371920661,-0.04175439887669851)
527.25 (0.1089689252839226,0.1620442184335008)
527.375 (-0.1273708063579594,-0.1131666384910763)
527.5 (0.04634592793542472,-0.02790676444242148)
527.625 (0.07130622262704425,0.0936289894160429)
527.75 (-0.105888772743489,-0.0328490628387828)
527.875 (0.02849744063539746,-0.0454401829595997)
528 (0.06171381909729014,0.0338491491507209)
528.125 (-0.05789039593061817,0.03309891837584075)
528.25 (-0.03452682236890228,-0.04087000413113251)
528.375 (0.1175330956545835,-0.03854345741371859)
528.5 (-0.1134755457932936,0.1044130252101112)
528.625 (0.0337682860577397,-0.06329384473197029)
528.75 (0.04843004701808954,-0.04067600559502928)
528.875 (-0.06624826656166985,0.07647245034363642)
529 (0.004759312478293179,0.005604627747592857)
529.125 (0.09383346047636572,-0.1090674547853687)
529.25 (-0.1604262649995085,0.1173093595634217)
529.375 (0.1490904589528769,-0.04335828392723239)
529.5 (-0.0713185710109453,0.0009297253849759626)
529.625 (-0.01824476178172076,-0.0379479117220398)
529.75 (0.07141361518942825,0.06773380803279594)
529.875 (-0.08001804290626061,0.0007010710573400083)
530 (0.06364223477762748,-0.1166993276611388)
530.125 (-0.03632873181464231,0.1403285352178211)
530.25 (-0.003706055175416157,-0.02923331200802466)
530.375 (0.05263960316993757,-0.0980425406034354)
530.5 (-0.08311165420741641,0.1110037710555919)
530.625 (0.06385932782376214,-0.02482098037659972)
530.75 (-0.001495420383756388,-0.04004771278148237)
530.875 (-0.0513401361490411,0.02445620322267728)
531 (0.04688332614848045,0.008576850257363742)
531.125 (0.001305539311933814,0.01542702568298509)
531.25 (-0.03149070081796049,-0.07077371926393615)
531.375 (0.006617357596916005,0.07140231770513103)
531.5 (0.04745808139399436,0.004645460256300201)
531.625 (-0.08650325139631031,-0.0796593349458399)
531.75 (0.1033979794305436,0.07237626508569367)
531.875 (-0.1121543198879955,0.003569355814509306)
532 (0.09946995087412196,-0.06161505856002219)
532.125 (-0.04022410228916826,0.05068601665618742)
532.25 (-0.03883866520812146,-0.01247063101202074)
532.375 (0.06491082427276745,0.01779506235291033)
532.5 (-0.01533498403010614,-0.06360562206568995)
532.625 (-0.03605953618646985,0.0657120434163336)
532.75 (0.01476303754978353,0.03199248073438156)
532.875 (0.0414821979940125,-0.164584442495476)
533 (-0.02912387265936834,0.200057784606445)
533.125 (-0.06464082995136086,-0.09290729512199451)
533.25 (0.1236028586862667,-0.0505965278332653)
533.375 (-0.05671247446919199,0.09028205746213028)
533.5 (-0.06358038284100516,-0.01652082520242147)
533.625 (0.08212360866407011,-0.0463907421228611)
533.75 (0.03661719082123752,0.005542079996866288)
533.875 (-0.1561776012992456,0.07931400208461387)
534 (0.137741028552688,-0.07632732163966684)
534.125 (-0.009342350724500278,-0.04321124216805778)
534.25 (-0.07832591849867114,0.164694877840825)
534.375 (0.03835619205373396,-0.1713544013890827)
534.5 (0.06471994322155997,0.07538062602026359)
534.625 (-0.1167479934264914,0.02338866788687261)
534.75 (0.0908359849092846,-0.07143435770120386)
534.875 (-0.0462929280678596,0.09741736089611464)
535 (0.02048769628687431,-0.1238725661271435)
535.125 (0.01884801066665132,0.1134078957211755)
535.25 (-0.09808793021771907,-0.03895412124783658)
535.375 (0.162625883085924,-0.04159540489078743)
535.5 (-0.1296883936148608,0.04515212254686583)
535.625 (0.009554503609234497,0.015617919427746)
535.75 (0.07980202041123714,-0.03994403544881187)
535.875 (-0.04862016551979981,-0.01566180627144909)
536 (-0.04649467512867268,0.0661777402703404)
536.125 (0.06787550619702663,-0.02328407590119446)
536.25 (0.02408411326308505,-0.05708502629431864)
536.375 (-0.1087163382851666,0.03750715189414781)
536.5 (0.05124375808829915,0.09560355979235498)
536.625 (0.1201606184588047,-0.1839237906973582)
536.75 (-0.2312791178520612,0.1025034072512373)
536.875 (0.1574939738557877,0.05805933485374812)
537 (0.03738255851011102,-0.1012169216520835)
537.125 (-0.1787867581760612,-0.01289530907626622)
537.25 (0.1696964332151442,0.1189261333409464)
537.375 (-0.06572777958762989,-0.08230842313863444)
537.5 (-0.02582268587795538,-0.0171529809084498)
537.625 (0.0696666197053387,0.0165434705029393)
537.75 (-0.09709142137196763,0.07907398198731588)
537.875 (0.1129042478065539,-0.09766613103986935)
538 (-0.07025384494702795,-0.04162437189670472)
538.125 (-0.04503932646437779,0.1884029550698861)
538.25 (0.1520860612621444,-0.1515782006884415)
538.375 (-0.1476841867918082,-0.04079190523271838)
538.5 (0.03542115485441932,0.174965221995495)
538.625 (0.06418147606611595,-0.1276490049445007)
538.75 (-0.05124543284037703,0.003795859684116763)
538.875 (-0.03794839513758779,0.03162380696743165)
539 (0.08393541635362575,0.03146082067528926)
539.125 (-0.03318656968636437,-0.07590936025151997)
539.25 (-0.04842588935029043,0.04582098971126573)
539.375 (0.07399256165723235,-0.005983246984911124)
539.5 (-0.04369906354117339,0.01345657434703113)
539.625 (0.02469705316106789,-0.02633556925698539)
539.75 (-0.04750693763893413,-0.01182392652333827)
539.875 (0.06765888557026278,0.06264851505541658)
540 (-0.03771425945836513,-0.04272336628790784)
540.125 (-0.01865784228676643,-0.04176829984452325)
540.25 (0.03477105492392066,0.0869541583049559)
540.375 (0.008123647391245962,-0.02986745313896157)
540.5 (-0.05116660738856096,-0.06544346298157304)
540.625 (0.03159088167858284,0.09351745749847769)
540.75 (0.03480120601866305,-0.03819669894976853)
540.875 (-0.07032261589318194,-0.02661790178897918)
541 (0.03251450408338057,0.04497863880767483)
541.125 (0.03089222280039713,-0.03538793276256382)
541.25 (-0.03869095743568611,0.03524278923591039)
541.375 (-0.02763065693363856,-0.03613455146796779)
541.5 (0.1066939809449694,0.005825736777511726)
541.625 (-0.1313212571292425,0.04640425462873979)
541.75 (0.09412542719740696,-0.06366028232837613)
541.875 (-0.03277977020288411,0.00744666505051214)
542 (-0.02334496705255265,0.09072365998683202)
542.125 (0.06901985221146965,-0.1578286609072727)
542.25 (-0.1007248768516844,0.1531860073306452)
542.375 (0.1092446862275623,-0.1029474853066708)
542.5 (-0.09695248021706852,0.06252942183368798)
542.625 (0.07836419154137857,-0.05686882063231159)
542.75 (-0.05573349940738257,0.06507029067045372)
542.875 (0.01539202494799712,-0.05626890131500405)
543 (0.03896013236966607,0.02621782467386838)
543.125 (-0.06991422183650468,0.00419475399323554)
543.25 (0.04638484344357332,-0.01405809775847349)
543.375 (0.01018571839456505,-0.00234313971016747)
543.5 (-0.04516335328352918,0.03520954463607953)
543.625 (0.03527880840870769,-0.06084582720819415)
543.75 (-0.009410153911113883,0.0503745643823091)
543.875 (-0.0006298205521103117,0.00407964606901596)
544 (0.00454801062730134,-0.06968740846721606)
544.125 (-0.03033638348701856,0.09706975232323363)
544.25 (0.07251936282722844,-0.07190504985774041)
544.375 (-0.08912461993884811,0.02783472763447139)
544.5 (0.05010915146648653,8.32814122517394e-05)
544.625 (0.02926281578736262,-0.01541810351053816)
544.75 (-0.1061913486302701,0.03698308922911375)
544.875 (0.1456062207092246,-0.0565178260667324)
545 (-0.132769630622754,0.05398760172548338)
545.125 (0.06980071929281123,-0.04700423472473253)
545.25 (0.02131471181523782,0.07888960212443749)
545.375 (-0.09821818944986745,-0.1417808886207238)
545.5 (0.1220115812671011,0.1552231120836491)
545.625 (-0.09102634699986736,-0.06183312375235612)
545.75 (0.04217850559496046,-0.07973845365337952)
545.875 (-0.01133570129371278,0.1479924012013239)
546 (-0.0003448182348469207,-0.1018306375888797)
546.125 (0.01153743132517812,0.02090084710899987)
546.25 (-0.02104387204382548,0.007881445582528609)
546.375 (0.00426547924997326,0.009947766269618819)
546.5 (0.04424122015159215,-0.02465221084678484)
546.625 (-0.08521914988236226,0.04039477281890034)
546.75 (0.07437319432682007,-0.09606887528521349)
546.875 (-0.02165365821549637,0.1633436985822758)
547 (-0.01476288112833198,-0.1458149333130452)
547.125 (-0.000136677512493949,0.01202484223691722)
547.25 (0.03722905166640822,0.1292793227279949)
547.375 (-0.05005098505027048,-0.1425571325440661)
547.5 (0.04017960094477301,0.02711330166619576)
547.625 (-0.04435257374533042,0.09005712073653403)
547.75 (0.06576520290278533,-0.1119500252129588)
547.875 (-0.06014776165727234,0.06310150409127457)
548 (0.004506039808907494,-0.01692137893075083)
548.125 (0.05547189029598594,-0.004182491974227135)
548.25 (-0.05884317777827434,0.01719418240689046)
548.375 (0.01241418080546918,-0.01433772638866265)
548.5 (0.01724051537116587,-0.02597530231452182)
548.625 (0.006533767951540869,0.07651667237395238)
548.75 (-0.04483205118032453,-0.07293199168765757)
548.875 (0.0411844221792317,0.004661053061304835)
549 (0.002331899643978928,0.0548038820421937)
549.125 (-0.03170082018855568,-0.04112967276821453)
549.25 (0.010983431762608,-0.01142997918287817)
549.375 (0.0391481036183296,0.01793461254884028)
549.5 (-0.07161164762116591,0.03635007390251689)
549.625 (0.06217816548331066,-0.07572678229673394)
549.75 (-0.02435800347296397,0.04487906740609554)
549.875 (-0.01076713436914635,0.007121622857039627)
550 (0.02288293081245203,0.009464012049570649)
550.125 (-0.0198846679659546,-0.09891656327145393)
550.25 (0.0326798795051427,0.1630294609819868)
550.375 (-0.08341622459025515,-0.1183167489607634)
550.5 (0.1505195212355501,-0.002148533613876781)
550.625 (-0.1743062114572105,0.08733660515456795)
550.75 (0.114814854273394,-0.07348700274517543)
550.875 (-0.007332571325637978,0.003104485070746286)
551 (-0.05683371722255027,0.04057962065883375)
551.125 (0.02268779504934858,-0.02829980941565438)
551.25 (0.06077347068892169,-0.005721977373159724)
551.375 (-0.08978315502476791,0.02923847664403026)
551.5 (0.0319496159588285,-0.04820060080091666)
551.625 (0.0250764998600758,0.06873181212750121)
551.75 (0.0149839143472254,-0.06005264740673336)
551.875 (-0.112141749804048,-0.005420288398573006)
552 (0.1160538188295674,0.08555357597022684)
552.125 (0.03709050028695057,-0.090895295727059)
552.25 (-0.2072233966799056,-0.004020396632504703)
552.375 (0.1975005840755,0.1049538679903606)
552.5 (-0.003533878055538984,-0.09342355186730908)
552.625 (-0.1649785122528325,-0.03179597817502591)
552.75 (0.1389840780104125,0.1479612831579667)
552.875 (0.005709228836107168,-0.1484297169606747)
553 (-0.06580320781457125,0.05331538244294318)
553.125 (-0.01280983315412508,0.03681613723669549)
553.25 (0.07706851905899741,-0.06368587770254723)
553.375 (0.001551311164057421,0.05149862729792289)
553.5 (-0.13697694295508,-0.04089488062163615)
553.625 (0.1465212064021255,0.02919270845092931)
553.75 (-0.007539737222517356,0.009534423815041835)
553.875 (-0.1093472714585619,-0.07322373894282536)
554 (0.07678390254523815,0.1249236105987123)
554.125 (0.01521476773526257,-0.1310483111965115)
554.25 (0.006677457455434091,0.0935735111990556)
554.375 (-0.141552162384303,-0.0461006818669864)
554.5 (0.1965342740106324,0.023596011881513)
554.625 (-0.04764843006863165,-0.03287357466359059)
554.75 (-0.1709559436076656,0.0502039769938833)
554.875 (0.217415639393956,-0.05100649727832204)
555 (-0.04575661747823402,0.03815124555693276)
555.125 (-0.1375697177318645,-0.03012682858968041)
555.25 (0.1391687879060321,0.0253389832321701)
555.375 (-0.01185695929003324,-0.0005891316185546261)
555.5 (-0.04705330381952317,-0.04670856768801224)
555.625 (-0.02513649013853463,0.07776347359270111)
555.75 (0.08919527381000865,-0.05492725810492471)
555.875 (-0.02673772883980116,-0.007392515410845873)
556 (-0.07592680910791873,0.05634830421818404)
556.125 (0.04567941641757096,-0.05837176527372123)
556.25 (0.1263444711850397,0.02277067313223664)
556.375 (-0.2526920487619354,0.02424831617164091)
556.5 (0.1824823908608329,-0.06125079816728968)
556.625 (0.009606473107227185,0.06902676557108206)
556.75 (-0.1154643893617184,-0.04040464992341979)
556.875 (0.03675206861918142,0.004116529259157445)
557 (0.1195063910066768,-0.007537481063218738)
557.125 (-0.1827735335514896,0.05316408943068363)
557.25 (0.1081240156761343,-0.07715372968980315)
557.375 (-0.001575765986912194,0.02342293809846403)
557.5 (-0.01867992782576725,0.07325564580706381)
557.625 (-0.04896561103317237,-0.1141364809584066)
557.75 (0.109103354065902,0.05045533105810389)
557.875 (-0.09606018646106257,0.05640934720905166)
558 (0.04738952475925335,-0.09944795560962347)
558.125 (-0.03778016995617715,0.03500395172551148)
558.25 (0.06877770767960015,0.07948649760727954)
558.375 (-0.06845962629920654,-0.1431490353654161)
558.5 (0.001774576735302789,0.1024701716037223)
558.625 (0.06906923045174544,0.001034892749002351)
558.75 (-0.06662340742717678,-0.06810792111351263)
558.875 (0.005425267332203055,0.03922427230146278)
559 (0.03274891271711575,0.04258942217190592)
559.125 (-0.01605328461405994,-0.08200154008796592)
559.25 (-0.003626136953674941,0.04345160830101981)
559.375 (-0.01697934042546127,0.01584868644001633)
559.5 (0.04406829071401189,-0.03375497392369662)
559.625 (-0.02537432274101228,0.02335462495237816)
559.75 (-0.02433834757013146,-0.03000477544849792)
559.875 (0.04611616496306648,0.04128852478973243)
560 (-0.0255491868823562,-0.003145217185706077)
560.125 (0.00654092401619894,-0.07481316535769582)
560.25 (-0.01721555445147914,0.0998598995520209)
560.375 (0.03020280028962202,-0.0202337081980676)
560.5 (-0.0122303406739651,-0.08087675806472382)
560.625 (-0.02368730272100008,0.07814313911310068)
560.75 (0.03943394794380995,0.0264078236394495)
560.875 (-0.02109534610975359,-0.0961793244304404)
561 (-0.01596679509711185,0.03922877671764352)
561.125 (0.05288326199548678,0.06562218207801358)
561.25 (-0.07424839296301776,-0.0707434631748986)
561.375 (0.06418273104134842,-0.04430104765068929)
561.5 (-0.0241310159839033,0.1432700240589846)
561.625 (-0.01044516077037726,-0.1054136427864149)
561.75 (-0.0009570608723560987,-0.02923575892835571)
561.875 (0.05334624743913747,0.1204793541091024)
562 (-0.09518883615052624,-0.09732722752785491)
562.125 (0.08588465608539625,0.01633437221563751)
562.25 (-0.03967430880929824,0.03727349754874035)
562.375 (0.003801039987572049,-0.04744920171683775)
562.5 (-0.004531641407314412,0.04524527511200419)
562.625 (0.02627710854746763,-0.03737360553936481)
562.75 (-0.03992673622144641,0.006154398694034001)
562.875 (0.04067515863093004,0.0363117669773185)
563 (-0.05047863882973098,-0.04602170501555364)
563.125 (0.08155889259135167,0.008442586453449702)
563.25 (-0.1067093297319883,0.03587040871400196)
563.375 (0.08462623826218102,-0.04401211507976388)
563.5 (-0.01970494248096714,0.01981325682644682)
563.625 (-0.02812877907426724,0.00908584505318715)
563.75 (0.01625665147048157,-0.03481669222830894)
563.875 (0.01774548240954623,0.06219794028698437)
564 (-0.005139034278826118,-0.08203673229995787)
564.125 (-0.04864303107167572,0.0880090958851515)
564.25 (0.06029848763862896,-0.1032587933059617)
564.375 (0.009932486759003975,0.1443292233370797)
564.5 (-0.08267989612785702,-0.1646577615422802)
564.625 (0.05214703700320822,0.09131102100316563)
564.75 (0.07200592451427039,0.06318633322710887)
564.875 (-0.17070895315087,-0.1775824777932301)
565 (0.159254924132903,0.1510936620938863)
565.125 (-0.0729773780531434,-0.02407837593015155)
565.25 (-0.001245407018983244,-0.07452382847356141)
565.375 (0.02916940573214476,0.07841978598332675)
565.5 (-0.03525776259557768,-0.0323459039503459)
565.625 (0.04111946728740117,0.0007258039891136662)
565.75 (-0.04085385674974628,0.01050485581103329)
565.875 (0.02569490413330096,-0.02539592843755914)
566 (0.001820868831326649,0.04354959716045822)
566.125 (-0.035993670600266,-0.04853141592610666)
566.25 (0.06469959702659223,0.03988500825517864)
566.375 (-0.06288824415202182,-0.02416518972413755)
566.5 (0.01828534864608747,-0.003530846006613363)
566.625 (0.03670163948561032,0.03836472805587236)
566.75 (-0.05086376395716372,-0.04839320506140078)
566.875 (0.02053686216733381,0.01637617542499423)
567 (0.00175399022855427,0.01798552206159796)
567.125 (0.01671608057674602,-0.004413400101009179)
567.25 (-0.03496920665070485,-0.03561312206184162)
567.375 (-0.004663803883610462,0.02809995553785325)
567.5 (0.08264726077621035,0.03947808558203715)
567.625 (-0.1126482149215372,-0.08041983855890117)
567.75 (0.0556767503638493,0.02295330806778478)
567.875 (0.01700097300587776,0.08064167412206688)
568 (-0.008539374124349445,-0.1157358778028842)
568.125 (-0.07387193459761397,0.05776411214454931)
568.25 (0.1161508578648179,0.0002791373218298314)
568.375 (-0.03552276152197777,0.01886356641523943)
568.5 (-0.1076697522184994,-0.07474672517927955)
568.625 (0.1672926192272326,0.07661545722422322)
568.75 (-0.07891558082010676,-0.0141539885205655)
568.875 (-0.05762773553933837,-0.03337722134461227)
569 (0.08420896611216999,0.01342130729125041)
569.125 (0.03443667038104774,0.02523689560815636)
569.25 (-0.162446783636836,-0.0001904136101011939)
569.375 (0.1417125378796863,-0.08678752648823958)
569.5 (0.02653531733161598,0.1362402295484732)
569.625 (-0.1795746777520245,-0.06429930672812824)
569.75 (0.1775597352797059,-0.08769292088553875)
569.875 (-0.0568784186483028,0.1772619482827554)
570 (-0.02929234800561167,-0.1036387603750402)
570.125 (0.0003364787751896917,-0.07818666224690207)
570.25 (0.07464239675847555,0.1997800311616389)
570.375 (-0.09589128962691902,-0.1450820962630651)
570.5 (0.0687090711230505,-0.03113236583556801)
570.625 (-0.06957978170810124,0.1621687346922875)
570.75 (0.1103655643134591,-0.1445533504789106)
570.875 (-0.1118993933647115,0.03627869627513734)
571 (0.02515856007982232,0.02783468156666799)
571.125 (0.08609660791413454,0.003583794999952267)
571.25 (-0.1247965546328173,-0.05476889230861842)
571.375 (0.08028771362268519,0.03818786925544278)
571.5 (-0.01744600797942755,0.0269985831990495)
571.625 (-0.02595595633822342,-0.04474761709934368)
571.75 (0.06659605374900165,-0.02673778977455802)
571.875 (-0.1051378054324014,0.118397565731919)
572 (0.09861152416161055,-0.1362384374814208)
572.125 (-0.03042176618866075,0.0683625942487211)
572.25 (-0.044608389599091,0.02037847716888821)
572.375 (0.06573362375814565,-0.07433279625604616)
572.5 (-0.04129320390264089,0.08633533766553669)
572.625 (0.01657290747862821,-0.06124407685552298)
572.75 (0.0004230700248867761,-0.005923501538512657)
572.875 (-0.02559603695390453,0.09351863250789973)
573 (0.0334179987599313,-0.1357733278648677)
573.125 (0.02081811518658562,0.08466263798440921)
573.25 (-0.1056150629424934,0.02379109676255198)
573.375 (0.115380020100992,-0.1023098235214718)
573.5 (-0.008599443489826298,0.1088673672032136)
573.625 (-0.1124270558093173,-0.07749104618032955)
573.75 (0.1194540054962464,0.05263424698015869)
573.875 (-0.02203797087848139,-0.03342424514195414)
574 (-0.0550362586391558,0.001350485549143927)
574.125 (0.04484522590448209,0.03110065424549571)
574.25 (-0.01115619143835675,-0.03383758411982922)
574.375 (0.03050011130735318,0.006659184028440087)
574.5 (-0.07539574794391891,0.01787255213285577)
574.625 (0.06919554812778241,-0.01473728272444675)
574.75 (-0.01181041279523979,-0.01399507577385912)
574.875 (-0.02104809427801693,0.05284278124579871)
575 (-0.005763377305861903,-0.07774418234481305)
575.125 (0.040173111895422,0.05229776169365181)
575.25 (-0.0309404403707538,0.04069731306955916)
575.375 (0.004796973097266952,-0.1508640401255418)
575.5 (-0.01326605956443587,0.1816069560292511)
575.625 (0.03899563328704769,-0.09271537070170532)
575.75 (-0.01445829857298958,-0.03808095275257237)
575.875 (-0.06994029971263534,0.09147457835833504)
576 (0.1336956925119708,-0.03816086892637129)
576.125 (-0.1080548766479839,-0.03808262651963425)
576.25 (0.03181122507397215,0.04819013301360959)
576.375 (-0.002882421938315499,0.006538973983986582)
576.5 (0.04783010702696072,-0.05891379348358232)
576.625 (-0.08612622702347338,0.06397309643480734)
576.75 (0.03688273824189991,-0.03476538440949514)
576.875 (0.07421041065216197,0.006330250847954311)
577 (-0.1438551077530674,0.003708105917323404)
577.125 (0.1109813802631425,0.003004687768647121)
577.25 (-0.01581838549284399,-0.01883485259728855)
577.375 (-0.05901674647031262,0.03447940905545819)
577.5 (0.07528309807507919,-0.04181457309425028)
577.625 (-0.05435666908802509,0.04074970463153101)
577.75 (0.03056437806140848,-0.03643047859311948)
577.875 (-0.01649451302862971,0.02593663805966098)
578 (0.0100416231927383,0.001863928592407938)
578.125 (-0.01170164514177478,-0.04508972662672688)
578.25 (0.02406925969660484,0.07611698975938531)
578.375 (-0.04226176692896651,-0.06376171917205901)
578.5 (0.05288360272808303,0.009299533313015165)
578.625 (-0.0431871577475483,0.04775850777350739)
578.75 (0.01356468056977316,-0.0627510669785404)
578.875 (0.01511137837853665,0.0224179014448903)
579 (-0.01182576629834787,0.04751774848985514)
579.125 (-0.03498827184741321,-0.1012791990453197)
579.25 (0.09616701929345099,0.09896007259588861)
579.375 (-0.1208512216853861,-0.02932641327429163)
579.5 (0.08352726106570589,-0.07577301079052791)
579.625 (-0.007414922627055342,0.1500676179047877)
579.75 (-0.06083196683803805,-0.1347321299961072)
579.875 (0.09062383815551153,0.0304118836145314)
580 (-0.07808176225981515,0.09064540163149301)
580.125 (0.0331382259431585,-0.1378376823814805)
580.25 (0.02488842063486973,0.08068804694835711)
580.375 (-0.06206989377701205,0.02396075437063535)
580.5 (0.04305152786226511,-0.08798815676479864)
580.625 (0.03480227091596059,0.07613260357753102)
580.75 (-0.1256335360601305,-0.03090074051936549)
580.875 (0.1676971773666749,0.01618613252331682)
581 (-0.1387452420836802,-0.04748931827592821)
581.125 (0.07602727494646282,0.08521706725936584)
581.25 (-0.03593017749401353,-0.08786845153367313)
581.375 (0.03499173918759804,0.05545268025877394)
581.5 (-0.0401229457628544,-0.01819178684418878)
581.625 (0.02163778892534461,-0.001922366309518273)
581.75 (-0.0001781604575404289,0.006079071225023557)
581.875 (0.01656384972023082,-0.003828994979628157)
582 (-0.05841795340205017,0.0006400832868825048)
582.125 (0.05619100152196269,-0.002238710458390489)
582.25 (0.02199739112881048,0.01600649165840669)
582.375 (-0.1039572566530061,-0.03736642340489327)
582.5 (0.09378838233175511,0.04345179078736731)
582.625 (-0.01110914319516264,-0.01604520274102754)
582.75 (-0.01469471256514893,-0.02769429369693688)
582.875 (-0.08407054584833032,0.04175035868334721)
583 (0.206496496871237,-0.0001316813663760425)
583.125 (-0.2072258830889409,-0.06529255620761569)
583.25 (0.09322908583880164,0.08925581282443068)
583.375 (-0.01509927357902315,-0.04138099643345162)
583.5 (0.05902706625821536,-0.03571667889848681)
583.625 (-0.1329802448253418,0.0633334372641317)
583.75 (0.1052157452162312,-0.001131941925525015)
583.875 (0.01050030014599174,-0.1170517808550862)
584 (-0.08530170243840535,0.2154377217279752)
584.125 (0.05953817487189113,-0.2356298989668814)
584.25 (-0.006135068599652904,0.1690854754046751)
584.375 (0.00100427471185906,-0.05126288520985656)
584.5 (-0.01677042645000541,-0.06155716815080109)
584.625 (-0.006275549261449924,0.1186529151921225)
584.75 (0.04655460688866069,-0.1006626814174836)
584.875 (-0.03377011941178575,0.03043174505944759)
585 (-0.03099454939056365,0.04688430852611858)
585.125 (0.06778622884468606,-0.09972291581467015)
585.25 (-0.0375062978568556,0.1244608079605252)
585.375 (-0.002481376861008304,-0.1275652197802104)
585.5 (-0.00598783495723476,0.107713702607308)
585.625 (0.03067714007548996,-0.06400870078316129)
585.75 (-0.009007370642126866,0.01151914926774636)
585.875 (-0.0392745014359613,0.02641853626129351)
586 (0.03416649931337794,-0.04053399446748054)
586.125 (0.03369295640341053,0.03935195108777854)
586.25 (-0.07045254293605112,-0.03034883920496093)
586.375 (0.01094745079239618,0.008218518172307216)
586.5 (0.07387008445950712,0.03431335715164791)
586.625 (-0.06187039652218286,-0.09090050253164421)
586.75 (-0.05057786911258431,0.1389969812965136)
586.875 (0.130531234698028,-0.147757562298951)
587 (-0.07333550072549411,0.09355970438225288)
587.125 (-0.06570161226703555,0.01447103002312374)
587.25 (0.1397772901994956,-0.1192780280798417)
587.375 (-0.083246809545425,0.147846340424264)
587.5 (-0.02668796953851846,-0.08064695844747585)
587.625 (0.07611919954833492,-0.01730619324798028)
587.75 (-0.04138688378856948,0.05606696682249232)
587.875 (-0.008622385611397053,-0.01278034642390396)
588 (0.01238653040237765,-0.05287741109393679)
588.125 (0.01419367890270819,0.07606454854028026)
588.25 (-0.01114487467727134,-0.0561852188894531)
588.375 (-0.04281085769978748,0.03699758665242718)
588.5 (0.09877884170412071,-0.03968012475211779)
588.625 (-0.09062741169261633,0.04388567737409416)
588.75 (0.01045150751599371,-0.03129379303498379)
588.875 (0.07762594414245284,0.01932272091542061)
589 (-0.1009067043275953,-0.03708188640258078)
589.125 (0.04988225402865926,0.08057125470727403)
589.25 (0.01829301519900253,-0.1082729901670099)
589.375 (-0.04282452519093721,0.08279783596938671)
589.5 (0.01425212821779129,-0.0110302525505107)
589.625 (0.03361328769713568,-0.05942447215570824)
589.75 (-0.06820884563313676,0.08482338110388024)
589.875 (0.07852989646521168,-0.06782387722557261)
590 (-0.06224214481244514,0.05151920959348858)
590.125 (0.02132231224845725,-0.06522780712378183)
590.25 (0.02148098564808102,0.08386558445016584)
590.375 (-0.02799170897970019,-0.05925857948057382)
590.5 (-0.009803909430315864,-0.008330016223599822)
590.625 (0.04421992953958288,0.05752081875400081)
590.75 (-0.02414556526087029,-0.04258804149239045)
590.875 (-0.02863003174692628,-0.001068771754199451)
591 (0.0332891376566305,0.003455041441700096)
591.125 (0.0414790956633686,0.03799505064253527)
591.25 (-0.1160669568538178,-0.05042704569429449)
591.375 (0.08693274309155545,-0.005992907633492754)
591.5 (0.03670076362732189,0.06766640491291401)
591.625 (-0.1294827895536528,-0.04676086502769002)
591.75 (0.09613390784614133,-0.04523220333727)
591.875 (0.01628338096492286,0.1070834082630986)
592 (-0.08073627596543599,-0.07948719947135997)
592.125 (0.04092630321339157,0.0133275336631687)
592.25 (0.03907053768001813,0.01316166933566418)
592.375 (-0.06960856780332145,0.002833929044318213)
592.5 (0.03723469820095093,-0.01017587741814328)
592.625 (0.005419614246047207,-0.00392944137704008)
592.75 (-0.01950884816846013,0.001220629748469622)
592.875 (0.01449289517396451,0.03137530920477983)
593 (-0.01100722593846298,-0.05026250695995875)
593.125 (0.006034376833293437,0.02348544614332662)
593.25 (0.009206484423704607,0.01153069612914499)
593.375 (-0.01895828058858394,0.002159847998619214)
593.5 (-0.00176039838467093,-0.05465633087000482)
593.625 (0.04342177927078542,0.07644655355606809)
593.75 (-0.05875112463911636,-0.03128254705251972)
593.875 (0.01680629456782809,-0.03624490323248793)
594 (0.05363377711234974,0.05962798025923639)
594.125 (-0.09314250693322444,-0.02843330401055178)
594.25 (0.07909724592008562,-0.01559579059425391)
594.375 (-0.04468877621617304,0.04265794436465935)
594.5 (0.02958777484130078,-0.06361298500074686)
594.625 (-0.03394679153409619,0.09278213597233803)
594.75 (0.03286759229653657,-0.1088723803522871)
594.875 (-0.01686181831126805,0.07277148453792553)
595 (-0.003636154199140197,0.02112893961041231)
595.125 (0.02288604033961765,-0.1261538313780717)
595.25 (-0.04256550531514229,0.1803811026379425)
595.375 (0.05133010784028741,-0.1587749804679478)
595.5 (-0.02890286359961515,0.08934765681256771)
595.625 (-0.02020052374345493,-0.02475273179152019)
595.75 (0.05868309776763581,0.0007933649243032475)
595.875 (-0.05691090447240729,-0.01524237090739572)
596 (0.0272033840485051,0.03703161497361507)
596.125 (-0.004939958353716118,-0.03466246484949596)
596.25 (0.009224031586130168,0.002618842738834119)
596.375 (-0.03574615137766881,0.03507042507158126)
596.5 (0.07199959804612534,-0.04884983444966762)
596.625 (-0.09864518609229868,0.0325278602922399)
596.75 (0.09018755703413926,-0.005271340607304589)
596.875 (-0.0438098056659403,-0.01527041039981602)
597 (0.001526119200077306,0.03345179263526839)
597.125 (-0.01041701068145777,-0.06203698850371907)
597.25 (0.05803029193725082,0.09429157989907425)
597.375 (-0.08242241331804773,-0.1033057903239813)
597.5 (0.05780964846788789,0.07292657976984596)
597.625 (-0.0314641906665321,-0.0200692252241376)
597.75 (0.04765865577446177,-0.02094809482188759)
597.875 (-0.07005615999313131,0.03218474807773966)
598 (0.02964930628290323,-0.02445976987422589)
598.125 (0.06313932816469495,0.01934510256791045)
598.25 (-0.1128927009977523,-0.02572970936906423)
598.375 (0.06214853864212082,0.03450867585465317)
598.5 (0.02787714254768603,-0.03174530129223923)
598.625 (-0.05595531719957798,0.01529460452338076)
598.75 (0.01117409485282064,0.000558999762717005)
598.875 (0.0229344040394402,0.001820477245764983)
599 (0.01140388592321634,-0.02390830194409659)
599.125 (-0.0710899488384767,0.04697342550381556)
599.25 (0.07839850184885386,-0.05076225300877694)
599.375 (-0.02865785142085173,0.03344686845949232)
599.5 (-0.007912406073316478,-0.008281540368443856)
599.625 (-0.01365272523596271,-0.01544786528000716)
599.75 (0.05038521061788824,0.03754595280793067)
599.875 (-0.03051771633562969,-0.05220694039550124)
600 (-0.04507664075512569,0.04243790964303008)
600.125 (0.09567959732979833,-0.001319171760432055)
600.25 (-0.06206767465525258,-0.04751419642035733)
600.375 (-0.0129596999273092,0.06688557714750788)
600.5 (0.03185343881946847,-0.04787060076112008)
600.625 (0.03887302305905023,0.02288978190465347)
600.75 (-0.1277563138246286,-0.02771252827069863)
600.875 (0.1439167836724588,0.05706410230994435)
601 (-0.07714099035688918,-0.07077659593672186)
601.125 (-0.006672200629019194,0.04464759192115866)
601.25 (0.04979550464055254,-0.002695710396484089)
601.375 (-0.05111441204340478,-0.009901213297916866)
601.5 (0.03632835055321103,-0.02006844330286572)
601.625 (-0.016607361107724,0.05926792836817542)
601.75 (-0.007481039783007193,-0.06749393329142779)
601.875 (0.02502652857504964,0.04141098610845858)
602 (-0.02191351152603644,-0.01091051771650529)
602.125 (0.001219338519672223,-0.001593377791761969)
602.25 (0.02064391652914539,0.004082140471812588)
602.375 (-0.03369890767388319,-0.01321293751381334)
602.5 (0.0374600249344091,0.02275182171711923)
602.625 (-0.03112061668349629,-0.009577861108603652)
602.75 (0.01634908225271161,-0.02921874304295345)
602.875 (-0.004613897623832127,0.06154939342262186)
603 (0.003753859292974248,-0.05402129236997003)
603.125 (-0.0007194095460854046,0.01279190650283816)
603.25 (-0.0207013292392836,0.0236240328918219)
603.375 (0.04513530032346295,-0.03177247127030991)
603.5 (-0.03636024996332605,0.02855922199718633)
603.625 (-0.006642386366018961,-0.04230412137338355)
603.75 (0.03204644129682453,0.07045923277689861)
603.875 (0.002999781758730744,-0.0800871119432906)
604 (-0.07128177819159018,0.04826743980795809)
604.125 (0.1048986864758486,0.008851907686229206)
604.25 (-0.07649746726985496,-0.04897921270072506)
604.375 (0.02213376996028518,0.04011735641636916)
604.5 (0.01207059236462012,0.01310789110385065)
604.625 (-0.01247205303253492,-0.07044290576582317)
604.75 (-0.01550421535977829,0.08513347289669276)
604.875 (0.06325428728525521,-0.04534860029018683)
605 (-0.1020764360357406,-0.01016068933684505)
605.125 (0.08684539679665094,0.03043706981493543)
605.25 (-0.01408684906843679,-0.01162216868979554)
605.375 (-0.04484059034479638,0.003073706928527576)
605.5 (0.01501414601316341,-0.04251491277436003)
605.625 (0.08030913633674625,0.09977731714880192)
605.75 (-0.1356848885705197,-0.1070616593893126)
605.875 (0.09470303513866238,0.04001656020334254)
606 (-0.02149799095742204,0.05540050361176627)
606.125 (0.009353797245805921,-0.118435919495813)
606.25 (-0.05153584114943383,0.1285998309496745)
606.375 (0.05524348672776327,-0.09345545547917029)
606.5 (0.0229654432518337,0.0124809976478988)
606.625 (-0.1126505103069146,0.1096096533208217)
606.75 (0.1242457728505118,-0.2207728190988275)
606.875 (-0.06608102324661629,0.2373094229172759)
607 (0.02105315549915729,-0.1285009369252636)
607.125 (-0.02408943340585257,-0.03113292235118938)
607.25 (0.01998724636187149,0.1228480547666131)
607.375 (0.03980380594510039,-0.09904075552412588)
607.5 (-0.1065867408644261,0.01965532417218343)
607.625 (0.08898919591156811,0.02950338369513976)
607.75 (0.01739310734549383,-0.03175240170282033)
607.875 (-0.1093430364131021,0.03373523776733268)
608 (0.1001712667562523,-0.0600751754822131)
608.125 (-0.02143871615316786,0.07178545072378691)
608.25 (-0.03229911066908184,-0.02618700313040122)
608.375 (0.02841161574311841,-0.04898872903913115)
608.5 (-0.01400314226026777,0.07963219904959863)
608.625 (0.01874140748039172,-0.04354008115479571)
608.75 (-0.00471029575367476,0.00693310142829655)
608.875 (-0.05827334086919113,-0.03907509524102019)
609 (0.116683909196511,0.1142721350845941)
609.125 (-0.08854215630639617,-0.1377851915813093)
609.25 (-0.01957858673635436,0.06937057428482531)
609.375 (0.1049553127351861,0.01679602447922003)
609.5 (-0.08913555209149999,-0.01787050735194248)
609.625 (0.006249276434192511,-0.0730996989972436)
609.75 (0.05018582146031591,0.1589565285508464)
609.875 (-0.03990921638361439,-0.1519859694602462)
610 (0.005337190539331304,0.06752462665873364)
610.125 (-0.0007749633935685682,0.007558774110643676)
610.25 (0.02313708876691436,-0.01959936044331299)
610.375 (-0.0217120333558038,-0.003079335999089871)
610.5 (-0.03497990069214486,0.003846488904000902)
610.625 (0.1121777005355719,0.0251800505802765)
610.75 (-0.1353825342241682,-0.03916210181680891)
610.875 (0.07028077176820344,0.006393246741943298)
611 (0.03103648089104223,0.04684827329724711)
611.125 (-0.08294492541419904,-0.07121443621194214)
611.25 (0.06400458497098306,0.0595143753340873)
611.375 (-0.03248075003852157,-0.05124319625704326)
611.5 (0.03577301952705677,0.06983280125664976)
611.625 (-0.04593554938992071,-0.08394741170988775)
611.75 (0.01955651118532305,0.05392291103002288)
611.875 (0.0159429713549229,0.0005527670923432321)
612 (0.0005318132599274932,-0.01599180436764366)
612.125 (-0.05176956383654594,-0.02720051731118238)
612.25 (0.04505580643927617,0.06912709724535704)
612.375 (0.04807764444849367,-0.04812199272144239)
612.5 (-0.125190981634714,-0.01069924346316579)
612.625 (0.08236369342005051,0.02576087762250688)
612.75 (0.03678984830868462,0.02602044015846065)
612.875 (-0.09516987867149677,-0.0710659211797858)
613 (0.04501420961880618,0.03813871076701836)
613.125 (0.02432276580799778,0.04027069313159673)
613.25 (-0.0292012127296371,-0.0679622046840699)
613.375 (0.0007338046092754437,0.01323325141863623)
613.5 (-0.00920256429131202,0.05167562857057923)
613.625 (0.04382359636376471,-0.05033491167484243)
613.75 (-0.03780222542240748,-0.001911312533748222)
613.875 (-0.01604867240377623,0.03360925332015113)
614 (0.05057003951378953,-0.02048340120477088)
614.125 (-0.02941621000127374,0.006059584246703427)
614.25 (0.002425582484813817,-0.02230269762243117)
614.375 (-0.02820267895435685,0.03717278330461061)
614.5 (0.08679951790839312,-0.004662279876021507)
614.625 (-0.1097806538189506,-0.0620872385151868)
614.75 (0.07390268759628128,0.1016018861839455)
614.875 (-0.02411842853267513,-0.08031605893392002)
615 (0.009398647750245265,0.02904446825047957)
615.125 (-0.03044286457115708,0.0009954591735046574)
615.25 (0.05618319506863658,0.00338958274797773)
615.375 (-0.06458024656588492,-0.01512186891648239)
615.5 (0.05427769849866384,0.01044319343823476)
615.625 (-0.03472760049177828,0.00189653120713146)
615.75 (0.02144268996355435,0.003007045612698556)
615.875 (-0.03095465650428487,-0.02880437691705527)
616 (0.06324388620206131,0.04464225564394304)
616.125 (-0.09062372340532049,-0.01456990647833924)
616.25 (0.07758387151467921,-0.05851923884738591)
616.375 (-0.01619837936967555,0.1238848076278481)
616.5 (-0.06342191070839992,-0.1255960148806429)
616.625 (0.1185600763974544,0.05611142347129762)
616.75 (-0.1247810674064721,0.03483879509457845)
616.875 (0.08419794538820705,-0.0838829787033418)
617 (-0.01614802703575586,0.06599843170145363)
617.125 (-0.05196614894234903,-0.01027272090537656)
617.25 (0.09201177634237991,-0.02813252521283835)
617.375 (-0.08692660381386864,0.01562243623531328)
617.5 (0.03991117207864468,0.03018895980124857)
617.625 (0.03065475982631281,-0.05856298469252185)
617.75 (-0.102954159554874,0.03987166955430976)
617.875 (0.1527999031555465,0.002339719389799192)
618 (-0.1504336594692579,-0.02235102202700567)
618.125 (0.07844037543042071,0.006445749912658737)
618.25 (0.03435348677151486,0.02239188862087237)
618.375 (-0.1121232887759841,-0.04627923015034038)
618.5 (0.09189888858839593,0.06675445696717343)
618.625 (0.008947930605825286,-0.07239147933075138)
618.75 (-0.1005494507674021,0.03340324171116941)
618.875 (0.10672053171521,0.04291458411717319)
619 (-0.0360872697095549,-0.08555269024042754)
619.125 (-0.03940897552541897,0.03742322311615269)
619.25 (0.0653079167871469,0.05459249554942304)
619.375 (-0.04798571156436427,-0.08391653119226269)
619.5 (0.02217284047644442,0.02515147481382275)
619.625 (0.001070495215835572,0.02726588502664861)
619.75 (-0.03797632106646997,0.009011433023105118)
619.875 (0.09208973069643824,-0.08411589684148771)
620 (-0.1324628465356763,0.0825601928762871)
620.125 (0.1247148074429198,0.01541673514932978)
620.25 (-0.0769184250840321,-0.1043876041118269)
620.375 (0.03654368084116578,0.09171423903972474)
620.5 (-0.03398232951141727,-0.008679886163940338)
620.625 (0.04316345149594667,-0.04507329468974116)
620.75 (-0.01682364635285039,0.03004878548415238)
620.875 (-0.04514291231615691,0.002161446267320261)
621 (0.08972136075687608,0.006707675397670107)
621.125 (-0.08126857684770251,-0.04703938081450371)
621.25 (0.04911692998224652,0.06247050707421564)
621.375 (-0.039693576059063,-0.02380626791255361)
621.5 (0.0434622798552684,-0.03668521467361126)
621.625 (-0.01239656539386814,0.06359429296460865)
621.75 (-0.05240602367958348,-0.04067050511924217)
621.875 (0.0811760467941451,0.005620514329978195)
622 (-0.02917238460787211,-0.0006356695018308075)
622.125 (-0.04775883735665273,0.01998563284539342)
622.25 (0.05501050272037057,-0.02316450510296889)
622.375 (0.01901442093035772,-0.004764985337597369)
622.5 (-0.08976270817162703,0.03257604034832694)
622.625 (0.08751162228356976,-0.03166806318266592)
622.75 (-0.03612308929940568,0.0169958532748739)
622.875 (0.0004165513640718085,-0.01442458164466152)
623 (0.007050795676498019,0.009600901597515492)
623.125 (-0.02564899690201501,0.03040701589160671)
623.25 (0.06786051481888979,-0.09002383592776854)
623.375 (-0.08821277068835952,0.1061026623323602)
623.5 (0.04746122856008159,-0.05227201693981345)
623.625 (0.02087516127463201,-0.01558629581909677)
623.75 (-0.03876735553804018,0.02783723262332798)
623.875 (-0.02348384464306168,0.01112591931483038)
624 (0.1057328133915463,-0.03966866327942123)
624.125 (-0.1227431035670326,0.02601831779880556)
624.25 (0.06129534185235897,0.006172025947562177)
624.375 (0.006154412485610146,-0.03535789670340202)
624.5 (-0.009877448107782398,0.07228844930250861)
624.625 (-0.03303488293083584,-0.1124439496865525)
624.75 (0.04370495058523375,0.1061989388774001)
624.875 (0.0152953671384962,-0.02292342690274023)
625 (-0.09089807415888543,-0.07899272854065266)
625.125 (0.1068797451511716,0.1025379239754341)
625.25 (-0.05661802839339126,-0.03605213247725922)
625.375 (0.001008889566307736,-0.02421019181643464)
625.5 (0.01645172885286609,-0.0008392081302427738)
625.625 (-0.01824367511124006,0.06699556587950514)
625.75 (0.0466481677698591,-0.06894825847413651)
625.875 (-0.09565009143875926,-0.01298803776497706)
626 (0.113783031552186,0.08349657548618392)
626.125 (-0.0698686439269616,-0.05800321971260863)
626.25 (-0.00243311218910336,-0.03002360322416258)
626.375 (0.0327357288330126,0.07940261270501885)
626.5 (0.01506604306850943,-0.05034168121610202)
626.625 (-0.0998339845675935,3.798517389157e-05)
626.75 (0.1352790799924204,0.005138423912610692)
626.875 (-0.07540110671940042,0.03029038848943549)
627 (-0.03188877397395671,-0.05578455584589414)
627.125 (0.09128603572187305,0.04890389056575285)
627.25 (-0.06464608477224855,-0.03223308227737653)
627.375 (0.008741295793353074,0.02552141028737089)
627.5 (0.004857691119972281,-0.01432931417441748)
627.625 (0.0173598225277218,-0.02152175022169856)
627.75 (-0.01182440165419001,0.06754134309994428)
627.875 (-0.04060989418325154,-0.08270595218793768)
628 (0.08313516319749263,0.04581835773599879)
628.125 (-0.06894837809593488,0.01922694882130137)
628.25 (0.03574042353703698,-0.06653724520533146)
628.375 (-0.05355093627416434,0.06791306121887371)
628.5 (0.1182496837698653,-0.02850159595050804)
628.625 (-0.1467152366338665,-0.02384204799421297)
628.75 (0.08571016970426018,0.05465802126748667)
628.875 (0.01531735727720547,-0.03925294602537652)
629 (-0.066055027928279,-0.01546680777433144)
629.125 (0.0452525181340866,0.06234408155001604)
629.25 (-0.01310590788514315,-0.048806974940425)
629.375 (0.01848166840673893,-0.02295840328774885)
629.5 (-0.03169491997142366,0.08325122333284778)
629.625 (-0.008322457024273923,-0.0640350896386864)
629.75 (0.09895830427377705,-0.02311716349956709)
629.875 (-0.160226800719696,0.0999763273229924)
630 (0.1253050002128222,-0.1109805348851724)
630.125 (-0.02217680182534898,0.07168982701326736)
630.25 (-0.05758797799731843,-0.0224444106292092)
630.375 (0.06297569157594168,-0.02800619632737075)
630.5 (-0.02857255632400354,0.08328066146081495)
630.625 (0.01132682135948097,-0.1148440442741275)
630.75 (-0.015612807873438,0.08901793867212877)
630.875 (0.008853568522780523,-0.03398814609873552)
631 (0.01031287145624632,0.02412517592467623)
631.125 (-0.005786704199478143,-0.07707418759789039)
631.25 (-0.02972984357668681,0.1141020348637583)
631.375 (0.047758737894039,-0.06261325760091173)
631.5 (-0.01139647793125633,-0.03546549721089928)
631.625 (-0.04158425578186804,0.07240818948399093)
631.75 (0.04321509556807569,-0.01918854409342367)
631.875 (0.01192710137128765,-0.04060025783020114)
632 (-0.06278756464790809,0.03419970787732981)
632.125 (0.06898214902822906,0.002720718459836496)
632.25 (-0.05341531218157074,0.006164063285358951)
632.375 (0.04290214906019336,-0.0540315832585832)
632.5 (-0.01711851589203111,0.05970669293092203)
632.625 (-0.04128422052680185,0.006319690610352814)
632.75 (0.08159958282581473,-0.07085044571762872)
632.875 (-0.03527961831851647,0.06132619952281712)
633 (-0.07073236245423833,-0.01204109785664397)
633.125 (0.1169271836379297,0.0146679490564393)
633.25 (-0.03900997275390491,-0.08135694289887868)
633.375 (-0.07505605709678095,0.1195879698675958)
633.5 (0.0879456979148872,-0.06189440629311531)
633.625 (0.009752864827047248,-0.03007449122922956)
633.75 (-0.08742708931771678,0.04001909821925129)
633.875 (0.04723694110711931,0.04493620072747424)
634 (0.05005378007163903,-0.1113481167326854)
634.125 (-0.07175819160525096,0.07008767058819328)
634.25 (-0.01088522663742067,0.02295257849364333)
634.375 (0.09338426665818203,-0.04347597914069592)
634.5 (-0.08294511155459393,-0.0316462106004352)
634.625 (0.01369601178686893,0.09598278019612547)
634.75 (0.01596335193303511,-0.06280402896946841)
634.875 (0.01657267813899944,-0.01892100864721544)
635 (-0.0356148521294398,0.04000868530008832)
635.125 (-0.01687964026035814,0.01595925251532153)
635.25 (0.09421019658519361,-0.05645583674721902)
635.375 (-0.1032473658049416,0.01129899040530515)
635.5 (0.02335398016060355,0.07881237654229541)
635.625 (0.07037003828169273,-0.125626664757882)
635.75 (-0.09822597845800241,0.1006561298273439)
635.875 (0.05779520773206991,-0.04497329714561626)
636 (-0.00685030595940142,0.002233805460401926)
636.125 (-0.008605474906879939,0.01399545086983262)
636.25 (-0.009479323232457293,0.00071233463921048)
636.375 (0.03008198166780117,-0.04644923349910954)
636.5 (-0.02414680605131382,0.09391340475129974)
636.625 (-0.01755767798661861,-0.09374088259261668)
636.75 (0.07365369384611971,0.03346646724880586)
636.875 (-0.09613549894718139,0.03800876547403778)
637 (0.04828741808001873,-0.0647814958966736)
637.125 (0.04718119437253293,0.0461587543208971)
637.25 (-0.1133156223127445,-0.02290767053427201)
637.375 (0.09308804641405137,0.01666745835580514)
637.5 (-0.01424166748131161,-0.01230513128368098)
637.625 (-0.03986487595399115,-0.0044805662693267)
637.75 (0.02637651103099381,0.02330887450947143)
637.875 (0.01090908860905116,-0.03015009255331723)
638 (-0.003142798398736241,0.02713364559449791)
638.125 (-0.05425723454878455,-0.0186466584901796)
638.25 (0.09809055084708132,-0.001663007791475802)
638.375 (-0.07768146247351822,0.03243065534836776)
638.5 (0.01121983499891135,-0.04956872111429241)
638.625 (0.04554243191209033,0.03352253236432449)
638.75 (-0.06173465884537229,-0.003683122620236533)
638.875 (0.04448819786303389,-0.000686532310552774)
639 (-0.01043891664215347,-0.02459233742919141)
639.125 (-0.02557237105090197,0.03833902706354103)
639.25 (0.04126135403311636,-0.009737392053734362)
639.375 (-0.0215048831136808,-0.03732232114034463)
639.5 (-0.01123848330600868,0.05605859034682657)
639.625 (0.01303158149142572,-0.04009323214458545)
639.75 (0.01992077758197489,0.02833093955068476)
639.875 (-0.03667215749639734,-0.04647897135165768)
640 (0.004664098126858114,0.07048994695725597)
640.125 (0.03084040364440545,-0.06339262271331364)
640.25 (-0.003339371278591304,0.03126355145855357)
640.375 (-0.07235373722239727,-0.01787436563442359)
640.5 (0.1074493318903266,0.0444432263888204)
640.625 (-0.0584572499926433,-0.07660138321715811)
640.75 (-0.0113077678718897,0.06324042701418668)
640.875 (0.01899072137368979,0.002409181516755415)
641 (0.02772603374475697,-0.07358353909051922)
641.125 (-0.05130134156968777,0.09763863766538866)
641.25 (0.01377659289816334,-0.06145761995665074)
641.375 (0.04340329275775755,-0.007120908855755365)
641.5 (-0.06603955882381597,0.06597895772312586)
641.625 (0.0478315343366414,-0.08164941573188904)
641.75 (-0.01319249721584436,0.04431463568126507)
641.875 (-0.0218933767758146,0.02019524473853759)
642 (0.04990337361248775,-0.05901455756110718)
642.125 (-0.05993034528743739,0.03547954767920623)
642.25 (0.05120058986442177,0.02885621614132099)
642.375 (-0.04141043211558354,-0.07139319605098317)
642.5 (0.03936749792690993,0.05861394069293349)
642.625 (-0.02516238692934237,-0.02466588914535344)
642.75 (-0.01702475367389333,0.02247051428313948)
642.875 (0.05961782028246589,-0.04846891102027687)
643 (-0.05800085261986075,0.04696171193138854)
643.125 (0.01421461467398963,0.006015028106356826)
643.25 (0.01917855575089649,-0.05735319586666533)
643.375 (-0.008843734314777241,0.04278704222348009)
643.5 (-0.01460511162556399,0.02178973253236482)
643.625 (0.002613947990342004,-0.05545999982694191)
643.75 (0.03896004508168265,0.01990808759080109)
643.875 (-0.05195588716291909,0.03076412764449245)
644 (0.0005284584679317365,-0.03107951775507015)
644.125 (0.07743776253085735,-0.0009572681810974537)
644.25 (-0.1055283536431858,-0.003073697797788095)
644.375 (0.05049839241719337,0.04817515884334089)
644.5 (0.03957029378539369,-0.05740303735371436)
644.625 (-0.0822589580609982,-0.009593283261396867)
644.75 (0.04479269102115721,0.07232833644397213)
644.875 (0.02398740087760927,-0.02103849333179381)
645 (-0.04904827604390524,-0.1255390533583342)
645.125 (0.009946726863855247,0.2184784639677151)
645.25 (0.04472897765433898,-0.1515744682053325)
645.375 (-0.06043910685373773,-0.01362629651691376)
645.5 (0.03586354844752984,0.1291607585079062)
645.625 (-0.01079566717505249,-0.1302526539438139)
645.75 (0.01115404270818487,0.0759598951520811)
645.875 (-0.02495086435803899,-0.04088555117831291)
646 (0.02882622812298492,0.0289322868380279)
646.125 (-0.0199413409074402,-0.007665010340002755)
646.25 (0.01505650338129952,-0.02521272539651499)
646.375 (-0.02659369867697725,0.04798901209199772)
646.5 (0.04548713025767867,-0.05860444723995074)
646.625 (-0.04603001818397299,0.06986245446897123)
646.75 (0.009257861788692087,-0.07199297880107429)
646.875 (0.05339726024773052,0.04035205737124777)
647 (-0.102347805692291,0.01692888705434384)
647.125 (0.1041624453508158,-0.05412579262073409)
647.25 (-0.06400593635801478,0.04367678970587163)
647.375 (0.01713543155549323,-0.01063612286552881)
647.5 (0.009833760089455293,-0.004791901238218325)
647.625 (-0.01851826767659822,-0.002033710274558499)
647.75 (0.02064961454677974,0.00721201208483004)
647.875 (-0.01703519971505372,-0.0005337872959830564)
648 (0.003317175762783629,-0.003683979225477436)
648.125 (0.01589134545466632,-0.007401622997636436)
648.25 (-0.03210873041555284,0.02831290248854309)
648.375 (0.04547925398576078,-0.04222992718133107)
648.5 (-0.05839507474563723,0.02986615607012376)
648.625 (0.06043840632356093,0.02049710356086954)
648.75 (-0.03588372194220137,-0.0893020043866922)
648.875 (-0.01073135603966665,0.1190955986461619)
649 (0.05043026316534443,-0.06719797276635189)
649.125 (-0.05963956991388752,-0.02658410783086612)
649.25 (0.0459373440608763,0.06356559570646535)
649.375 (-0.03464510568512119,-0.005461037604032578)
649.5 (0.03466492960404053,-0.06107084447782817)
649.625 (-0.02945534669915489,0.02554450758888459)
649.75 (0.004300163730582509,0.09336664074709776)
649.875 (0.02688956050000224,-0.1546070449234657)
650 (-0.03173604310759351,0.07195161133215092)
650.125 (-0.002923987815676772,0.06823250388891049)
650.25 (0.05088586346189386,-0.1116173386772522)
650.375 (-0.07114026792416728,0.02732575142738635)
650.5 (0.05089292199041796,0.06587761560389477)
650.625 (-0.01538010517093421,-0.06161509532494619)
650.75 (-0.007368514055478673,-0.01076150026590239)
650.875 (0.01929140765362818,0.05395659014386119)
651 (-0.03767541461424137,-0.04048897864837425)
651.125 (0.05662187113126989,0.02347754722683508)
651.25 (-0.04681967022377594,-0.03207344930388258)
651.375 (0.001346042187344152,0.02785833517686527)
651.5 (0.03924732596070231,0.01715998863830582)
651.625 (-0.02894504833901649,-0.05806871757025989)
651.75 (-0.0243251357706491,0.03773421112464382)
651.875 (0.0644478223763488,0.02274364286274565)
652 (-0.0545869379846774,-0.04885251271748359)
652.125 (0.01737905279974332,0.01903512371439438)
652.25 (0.002481637659272788,0.009351181928069861)
652.375 (0.003643264487730957,0.007078928049710358)
652.5 (-0.008367944157013238,-0.03123016952201146)
652.625 (-0.003535589065013513,0.009373935223733814)
652.75 (0.01377016496275212,0.03397797713069124)
652.875 (-0.00223210857673066,-0.02218527070790771)
653 (-0.02186431208012203,-0.05594676047372411)
653.125 (0.03473841633043211,0.1110873383982064)
653.25 (-0.03013523055642195,-0.06425516484731424)
653.375 (0.01887837874473683,-0.04217566158692521)
653.5 (-0.003632347172202147,0.08857182137690181)
653.625 (-0.02413791580442347,-0.02648563542653554)
653.75 (0.05852902620301592,-0.06030312300282915)
653.875 (-0.07032641294792365,0.0625693089615449)
654 (0.03871856570200826,0.01547273839572202)
654.125 (0.01588822629636126,-0.06328428864669017)
654.25 (-0.04572698425251853,0.009939027363047576)
654.375 (0.02358355454055861,0.07815326260632742)
654.5 (0.03155364539292865,-0.07913084346692204)
654.625 (-0.07758712040775535,-0.02133555972594553)
654.75 (0.08963049292387448,0.09850502058075013)
654.875 (-0.07335900085839915,-0.04041551708191524)
655 (0.04534238944801688,-0.105532715545483)
655.125 (-0.01074274193037021,0.1827543175607245)
655.25 (-0.03423992040615785,-0.1124662740347555)
655.375 (0.08037707249584718,-0.0194728257538696)
655.5 (-0.09577119588239337,0.07800004028142973)
655.625 (0.05154695680229637,-0.03707058942016025)
655.75 (0.03684282570634222,-0.01604655390415902)
655.875 (-0.1043973959708279,0.009643183435042767)
656 (0.09103951020966516,0.03136472679077153)
656.125 (-0.007455259199116482,-0.03804995273324194)
656.25 (-0.06588997471153944,-0.01189067168026628)
656.375 (0.05866069414001614,0.07983927571569736)
656.5 (0.01373077505321577,-0.1183851522947151)
656.625 (-0.06724502878225024,0.1111237320590794)
656.75 (0.04379367609006957,-0.07097724928960618)
656.875 (0.02422906659350525,0.0229479696970469)
657 (-0.05357964937848375,0.01123486877699795)
657.125 (0.006114799381956459,-0.026317698103238)
657.25 (0.07119034081772402,0.03356317675279849)
657.375 (-0.1046691174998697,-0.04134254554717597)
657.5 (0.0757181412941919,0.04184705728367711)
657.625 (-0.0285967780455069,-0.02703047495733915)
657.75 (0.004586632455653679,0.008059683947604089)
657.875 (0.005340238188220259,-0.0001070998962470249)
658 (-0.02934316193866584,-0.007279415947194936)
658.125 (0.0571733016260234,0.03889992286155289)
658.25 (-0.04669273958494741,-0.08679892047016992)
658.375 (-0.008456559490399185,0.1007281939043732)
658.5 (0.05019442578258593,-0.04666595805040247)
658.625 (-0.0224526124015821,-0.03946048817709162)
658.75 (-0.04787265654496724,0.08221712466931959)
658.875 (0.07264259677782364,-0.04989292184601851)
659 (-0.01245250573629643,-0.0131363873535329)
659.125 (-0.06745044739709252,0.04105477045504893)
659.25 (0.07627076684480159,-0.01539068762931918)
659.375 (-0.01244147636600584,-0.02940730224963268)
659.5 (-0.03811235323642121,0.0522581053177838)
659.625 (0.01694986323122941,-0.04004944693365227)
659.75 (0.03544276572717251,0.004717652740410854)
659.875 (-0.04528617980331685,0.03179402204631329)
660 (0.009595069218787149,-0.04520929119770563)
660.125 (0.008906231531799773,0.02024310456831883)
660.25 (0.01876543166781963,0.03065506711940232)
660.375 (-0.04530077322168443,-0.06758473081180544)
660.5 (0.02364412333987274,0.05896275634377209)
660.625 (0.01623472099793261,-0.01841307970415448)
660.75 (-0.01003242660797288,-0.007602808605947942)
660.875 (-0.04176145314237249,-0.005462677189589191)
661 (0.07076224190957425,0.03024487125361497)
661.125 (-0.04168318147710674,-0.0236591581662071)
661.25 (0.004122334450746402,-0.01555291253848154)
661.375 (-0.01399289699594481,0.04337998650893792)
661.5 (0.04475510045484569,-0.02608323917695387)
661.625 (-0.02875919312323592,-0.01759762429611539)
661.75 (-0.03090397376325868,0.03994135182121829)
661.875 (0.0531230031325215,-0.02006765883669435)
662 (0.003117542652479668,-0.01645335684949223)
662.125 (-0.06987296863865289,0.03028131859252947)
662.25 (0.06006626713714153,-0.008518794679130621)
662.375 (0.01009361130581548,-0.02939863526189041)
662.5 (-0.044361345235604,0.05698723348569878)
662.625 (0.001540524473071919,-0.06616071262519992)
662.75 (0.05197025148185304,0.06880069615574894)
662.875 (-0.04087915666368504,-0.07517161099338505)
663 (-0.01790601173007099,0.07464861169735508)
663.125 (0.05088808663370326,-0.0467218222534761)
663.25 (-0.03419692861491258,-0.005398381520825543)
663.375 (0.01494865641068469,0.04504002923322419)
663.5 (-0.03226382441890095,-0.04070270328309564)
663.625 (0.06353551876901632,0.007081621281242186)
663.75 (-0.06445618414777041,0.01325150369730183)
663.875 (0.02935393070888469,-0.007890745702990067)
664 (0.01320496860792222,0.007342430124069033)
664.125 (-0.04581221839561036,-0.02997586688560582)
664.25 (0.07515493820171104,0.04483529740777352)
664.375 (-0.1046782514369255,-0.01849374726444745)
664.5 (0.1187382702809649,-0.02125052806071572)
664.625 (-0.101071439000658,0.01292595892273189)
664.75 (0.0575004629736733,0.04521374118839409)
664.875 (-0.01358014729032866,-0.07498558858257472)
665 (-0.008181793334978907,0.0175657863444268)
665.125 (0.009919761854418211,0.0791016547610419)
665.25 (-0.01863107388139234,-0.113212926953436)
665.375 (0.056200279921254,0.0577376178673982)
665.5 (-0.1028463104436619,0.008965407937791591)
665.625 (0.1044870505501476,-0.01070102334985854)
665.75 (-0.03555806009998631,-0.02915473829331844)
665.875 (-0.0532923352047641,0.02963684765454576)
666 (0.07737236709869136,0.03030449890500071)
666.125 (-0.01324602673015415,-0.08075892272272767)
666.25 (-0.07195354402315818,0.05539318894006452)
666.375 (0.09860818340990969,0.01792967614264375)
666.5 (-0.06103491376233547,-0.05063149422109479)
666.625 (0.01773501164584055,0.005405920929599458)
666.75 (-0.01298227856094296,0.05971060194062937)
666.875 (0.03508651381421419,-0.06977965298743974)
667 (-0.04747438832304835,0.02777069917943151)
667.125 (0.03534409016148473,-0.0008411401965539965)
667.25 (-0.01582541855873822,0.02136289734416087)
667.375 (0.01671386156956539,-0.04311194440953711)
667.5 (-0.04747845091430374,0.01573793639431905)
667.625 (0.0803827637901333,0.03074840737790918)
667.75 (-0.06701206504665418,-0.02208522410002221)
667.875 (-0.005248302978819133,-0.0454034852761243)
668 (0.07766707126856831,0.08026385114782601)
668.125 (-0.07345726939397278,-0.01468588335408788)
668.25 (-0.004520328275785808,-0.09127589741571156)
668.375 (0.06397191604772832,0.1157687824863682)
668.5 (-0.0354610627151998,-0.03375408918632764)
668.625 (-0.03419673465650462,-0.04855142953978681)
668.75 (0.0392688846498719,0.03481779119181305)
668.875 (0.04851586733423123,0.03767355122743889)
669 (-0.1465298075813358,-0.0593950388376814)
669.125 (0.1687328205904416,0.00239564853885046)
669.25 (-0.1236791819330043,0.04930640143674832)
669.375 (0.08273363307882545,-0.02524452662509099)
669.5 (-0.08135775981823311,-0.03516249771061186)
669.625 (0.08724322540330263,0.04493889363495925)
669.75 (-0.05829725053561147,0.0102159519687545)
669.875 (0.001638292185323256,-0.06245383817366269)
670 (0.03441772494398164,0.06011086076402785)
670.125 (-0.01604931443709057,-0.02655252906026644)
670.25 (-0.03453456007341284,0.01051891257011565)
670.375 (0.05473443432192006,-0.01693398692917462)
670.5 (-0.007208558966215869,0.01358465265672607)
670.625 (-0.06805818167461618,0.01479471869607475)
670.75 (0.0858266167424349,-0.04860254737385309)
670.875 (-0.01478875330350944,0.06243734853078241)
671 (-0.07290111897382341,-0.04774932094480892)
671.125 (0.07920771304223163,0.008311844853714506)
671.25 (0.0003628740814788524,0.04368535804029516)
671.375 (-0.07015756859762588,-0.08279146917213781)
671.5 (0.05384983930384746,0.08337091261795901)
671.625 (0.01564144179552835,-0.05007952358920707)
671.75 (-0.04992242583737425,0.02121157632111346)
671.875 (0.02205852347922855,-0.02746315636054751)
672 (0.009603319527759049,0.0558612563220611)
672.125 (0.009986401680645447,-0.0681184476188393)
672.25 (-0.05921974245630474,0.04843757458346966)
672.375 (0.07349559921985907,-0.01794349790591806)
672.5 (-0.03108364114277308,0.003738181972639196)
672.625 (-0.02112414102032118,-0.008812071708138899)
672.75 (0.02841969721952081,0.01542615510605401)
672.875 (0.00353982122086192,-0.006530108855950915)
673 (-0.01687466839741919,-0.02005466443870629)
673.125 (-0.02168896696322976,0.04928853156155155)
673.25 (0.06830551011270733,-0.05823503801002272)
673.375 (-0.04796097606251247,0.0384591986989956)
673.5 (-0.04520286481126354,-0.0113013674153641)
673.625 (0.1217229615774896,0.00585922940806952)
673.75 (-0.09682254507612123,-0.0160396633575004)
673.875 (0.0004631665982958334,0.0002937336873236167)
674 (0.05310540559401148,0.05782464369007213)
674.125 (-0.009860149975295435,-0.1069414591776019)
674.25 (-0.05502708553938986,0.07848972809491599)
674.375 (0.04184427420766929,0.02109138570943749)
674.5 (0.03585364880570065,-0.1025430040497739)
674.625 (-0.07129750729181357,0.09263798345928659)
674.75 (0.01418771183866684,-0.01583352618358533)
674.875 (0.05974793534372932,-0.04316031828080745)
675 (-0.05379993113491422,0.03854274117969379)
675.125 (-0.02099468852464587,0.002301008366920543)
675.25 (0.0703394486274032,-0.03154961252246248)
675.375 (-0.04997296337154873,0.03333556679311564)
675.5 (0.01652453646479381,-0.02021382704212287)
675.625 (-0.03272728240286314,0.008268368117188389)
675.75 (0.07176806237151126,-0.01009268950128016)
675.875 (-0.05897054379941075,0.03098523095531033)
676 (-0.01163693882014403,-0.05552247515732107)
676.125 (0.05511396875233592,0.05449053442241777)
676.25 (-0.004518896200206235,-0.02294817942733879)
676.375 (-0.09584758970182587,-0.003230979433988584)
676.5 (0.1411348060090797,-0.009753626777816406)
676.625 (-0.09497171923977074,0.04552825529889641)
676.75 (0.02673505484894,-0.05789353237952943)
676.875 (-0.01289140941742567,0.03234076373529344)
677 (0.04043316752388026,0.003614300431488146)
677.125 (-0.03956715130017337,-0.03167895621915458)
677.25 (-0.01055527664281041,0.06626969683295009)
677.375 (0.05485086547550144,-0.1097807767917384)
677.5 (-0.04443765174696448,0.1202215255335549)
677.625 (0.003194815015305985,-0.0614169128823336)
677.75 (0.01246340515700778,-0.03011008147102173)
677.875 (0.007387786552720439,0.07122111858845215)
678 (-0.02160295183373835,-0.03076666181358294)
678.125 (0.0007123852296814955,-0.03055641661280655)
678.25 (0.04057776417456104,0.03295637161533695)
678.375 (-0.07420624565899031,0.03383051553897828)
678.5 (0.09024331567143334,-0.1112965851735463)
678.625 (-0.08795947658290884,0.1408669718761093)
678.75 (0.06346233156632138,-0.1091844462277255)
678.875 (-0.02520726458805386,0.03982297746150388)
679 (0.00283916102804537,0.02947755026957027)
679.125 (-0.01735871836007307,-0.06222798686786992)
679.25 (0.05028390281945089,0.04525740323355362)
679.375 (-0.06133064720737244,-0.0075907093597724)
679.5 (0.03316878698489886,-0.001671552474767993)
679.625 (0.01519197884287336,-0.03126932048477829)
679.75 (-0.05329498984472675,0.0653492728771962)
679.875 (0.06156638669652653,-0.05618668327452146)
680 (-0.03508200175855878,0.0149731394972559)
680.125 (-0.01361142730627254,0.007306167663523918)
680.25 (0.05377227563930184,0.009433188034493631)
680.375 (-0.05695143463823483,-0.02837191908173462)
680.5 (0.02383476380523682,0.01245467764334658)
680.625 (0.02057407030710729,0.01759961829032469)
680.75 (-0.05615936786503484,-0.0102370428170205)
680.875 (0.07431166894580306,-0.03961628856901904)
681 (-0.06035915836162863,0.07392527841637547)
681.125 (0.002892128913082552,-0.04646113062491575)
681.25 (0.06867399129722401,-0.0097587131283897)
681.375 (-0.09287426155149045,0.01956673815641629)
681.5 (0.05207946393490145,0.03384978226145217)
681.625 (-0.01024678695984588,-0.07722022260860265)
681.75 (0.03129134852236102,0.03438884892513013)
681.875 (-0.07876327179199778,0.07099855527555536)
682 (0.0571888845464063,-0.1282032835665893)
682.125 (0.04254918994148942,0.06124841940701508)
682.25 (-0.1083984943625801,0.07990677000748014)
682.375 (0.05682275101582034,-0.1664435622667929)
682.5 (0.03967502932679306,0.1248491497616086)
682.625 (-0.04509355345876391,-0.00851578350149838)
682.75 (-0.04689512368857449,-0.06935750713380145)
682.875 (0.100416844761517,0.05959330419701524)
683 (-0.03277975180888045,-0.01487501032301975)
683.125 (-0.06301024875304836,0.005134792030710447)
683.25 (0.04954117616298394,-0.02264727698206414)
683.375 (0.05875234310800756,-0.0001117121110598596)
683.5 (-0.11757050188513,0.08308328390823938)
683.625 (0.0561279338692329,-0.148014191885035)
683.75 (0.03364834920078801,0.1047628848183074)
683.875 (-0.03895674386346534,0.02778005716540951)
684 (-0.02118585779630481,-0.1275511068413607)
684.125 (0.04823933518913702,0.1065413543665799)
684.25 (-0.02058429794869561,-0.009811912085384766)
684.375 (0.01220354302138295,-0.04815564679025631)
684.5 (-0.06085593457519035,0.02373860351888722)
684.625 (0.1014033776680739,0.01864288042902515)
684.75 (-0.0644475075511521,-0.006066953354844026)
684.875 (-0.01862742236546558,-0.05158818109426896)
685 (0.06231734123337659,0.09233848987651568)
685.125 (-0.0436962403259929,-0.08979108795861659)
685.25 (0.01196860001494209,0.06857996536334587)
685.375 (0.004520791452878063,-0.04495447387978431)
685.5 (-0.03355596367272963,0.001943319991589697)
685.625 (0.08641193897156271,0.06049067399751194)
685.75 (-0.110281917559573,-0.09114350534367997)
685.875 (0.05744184876873098,0.04242487040468706)
686 (0.0318337624411645,0.05496939612842176)
686.125 (-0.06945610768055883,-0.113324795031032)
686.25 (0.03516630917249786,0.09033197480136579)
686.375 (-0.0007469847788569595,-0.03701374575440302)
686.5 (0.02508795772633729,0.02418882238691192)
686.625 (-0.06916908885966369,-0.046789515121375)
686.75 (0.05219091091651881,0.03616517043584226)
686.875 (0.0293641709718089,0.0372955762777114)
687 (-0.08623170953145855,-0.1115437353577889)
687.125 (0.04976190866374589,0.1031380598865788)
687.25 (0.03459696075015566,-0.01061328763418192)
687.375 (-0.05871657857090035,-0.08037440922122875)
687.5 (-0.01308378481719012,0.09372751603699309)
687.625 (0.09418186564965664,-0.04008458563771866)
687.75 (-0.07556684970324107,-0.01240676066030251)
687.875 (-0.04380466351921551,0.02352908889835128)
688 (0.1514771932283878,-0.01354630609851521)
688.125 (-0.1438456708146954,0.01683255033026766)
688.25 (0.03063790997818009,-0.03206417089295124)
688.375 (0.09003712697088637,0.03242111679208699)
688.5 (-0.1371534469333137,-0.008048750233333698)
688.625 (0.1054165187472065,-0.02250996425862669)
688.75 (-0.03509428606421338,0.03805649213366202)
688.875 (-0.03801698201030046,-0.03346249864622852)
689 (0.09235776155982481,0.01404643514583795)
689.125 (-0.1120614293341536,0.009404426403924169)
689.25 (0.09752220260328914,-0.01756479735363966)
689.375 (-0.07381786631269195,-0.002540185523306006)
689.5 (0.06256050179125665,0.02863088664464047)
689.625 (-0.04838101880717562,-0.01315995355804101)
689.75 (-0.0007509272584474131,-0.05387441947365045)
689.875 (0.07692324242385797,0.1090996443966637)
690 (-0.1250649686893886,-0.07794905232892627)
690.125 (0.1081895233810576,-0.02862473359455016)
690.25 (-0.05557985688889974,0.1151505788684047)
690.375 (0.01983933391444268,-0.1105872513584505)
690.5 (-0.004237664805904977,0.04442882633684463)
690.625 (-0.0271781872933888,0.006012378795968096)
690.75 (0.06912354175017883,-0.01362663812269448)
690.875 (-0.05586635949914216,0.01140640645592969)
691 (-0.04540027360383737,-0.02366747762528345)
691.125 (0.1554313511383442,0.03490896182194133)
691.25 (-0.1516946627216197,-0.02990059936293632)
691.375 (0.01860090539040957,0.02023074737545837)
691.5 (0.1180916023025868,-0.01244813106830201)
691.625 (-0.1317760099979199,-0.01236933719294146)
691.75 (0.03861568256536577,0.05561516016350965)
691.875 (0.0345478012541208,-0.06659750583235889)
692 (-0.008866073351679835,-0.001947377734525132)
692.125 (-0.06449250460791577,0.1102651177370383)
692.25 (0.08604058538417661,-0.1525065711137246)
692.375 (-0.02976852715792906,0.07889368658683181)
692.5 (-0.04355371631543731,0.03784637498532965)
692.625 (0.06925060337684687,-0.08598579189528688)
692.75 (-0.03870318456088674,0.04253364441327692)
692.875 (-0.0159856658037206,0.01670518843568079)
693 (0.06043229694357009,-0.02440074390523152)
693.125 (-0.07196092426208661,-0.003658775360947885)
693.25 (0.04460818111877449,0.01450361559933253)
693.375 (-0.0005239832963548997,-0.00187297636908314)
693.5 (-0.02049789707771247,0.005911547694771705)
693.625 (0.004287857690486358,-0.03866099407509976)
693.75 (0.01525494909174801,0.05300806270059369)
693.875 (0.0007975915843151466,-0.006741661087448977)
694 (-0.03789088928291016,-0.06777508103424941)
694.125 (0.04109415949109069,0.09264843150366564)
694.25 (0.008717372391049635,-0.04094342882394322)
694.375 (-0.06044843112197061,-0.02867356917957909)
694.5 (0.05306941784348181,0.04846406534983009)
694.625 (0.008228807330464548,-0.02682190152346228)
694.75 (-0.05982170762624072,0.02725166935047624)
694.875 (0.05463567789965793,-0.07305097062281891)
695 (-0.00554083396571763,0.1110507517726452)
695.125 (-0.04235909594439492,-0.08240864858049195)
695.25 (0.05588493131480499,-0.0002530500323606763)
695.375 (-0.02581730346083507,0.07215413546872856)
695.5 (-0.03583104850828683,-0.09610002667546065)
695.625 (0.09158816258599523,0.09070767021633033)
695.75 (-0.09283413254872289,-0.0822739003415356)
695.875 (0.02744506649877459,0.06490456486234591)
696 (0.05264278070738258,-0.02595509184162316)
696.125 (-0.07757285673258109,-0.01475216634716474)
696.25 (0.03448540670864941,0.02182181276519795)
696.375 (0.02627362451852679,0.006094632249364869)
696.5 (-0.06061914136078595,-0.03148039548149603)
696.625 (0.07480519351565661,0.02715923630595297)
696.75 (-0.08604702442377421,-0.007196314638836291)
696.875 (0.07491565772572502,-0.001383702126228863)
697 (-0.01768382480388294,-0.004471837562114107)
697.125 (-0.04943489334504404,0.01472126683448337)
697.25 (0.05194359630941052,-0.03580301416997342)
697.375 (0.02210116752346461,0.0766167903227231)
697.5 (-0.08770514924715009,-0.1088598489476406)
697.625 (0.06576049828729064,0.08191322284722455)
697.75 (0.007583222652125045,0.002998032234916796)
697.875 (-0.0241488189151668,-0.06586554131688732)
698 (-0.04940804343545201,0.03361613198499446)
698.125 (0.123400820296004,0.05974355851573376)
698.25 (-0.1061623771646561,-0.1029777979569292)
698.375 (0.02764192411048368,0.04486180377860547)
698.5 (0.004795689212754616,0.04055721026870381)
698.625 (0.04723235585963541,-0.05146287742265921)
698.75 (-0.1079538247386537,-0.01256102691201892)
698.875 (0.09658047449529576,0.06152850115862444)
699 (-0.03072632717000677,-0.03963086156049647)
699.125 (-0.01139159607240199,-0.01388085777024268)
699.25 (-0.0005765574107354427,0.03855273666986517)
699.375 (0.02349049163809492,-0.03833078797677136)
699.5 (-0.01354603694697666,0.05659360942872353)
699.625 (-0.02060562139021509,-0.09319270240320109)
699.75 (0.04698689230978743,0.0960787394988822)
699.875 (-0.05504662854173801,-0.0387873596260656)
700 (0.04891466607503313,-0.03360307466283265)
700.125 (-0.02336381396700628,0.05767665446064271)
700.25 (-0.0213651987395016,-0.02938705218195083)
700.375 (0.05411145497456147,0.002194355288939354)
700.5 (-0.03783602833675696,-0.01413969275538221)
700.625 (-0.01806710269192553,0.04330770587772839)
700.75 (0.06127401417381039,-0.04534242786971991)
700.875 (-0.06238339201037649,0.01656133285775185)
701 (0.04961740304998242,0.003341809989453359)
701.125 (-0.05902550120797554,0.008697994904853816)
701.25 (0.07416036964173611,-0.02068816375248408)
701.375 (-0.04782106062403015,-0.01229899141565281)
701.5 (-0.02438821995874179,0.07734177222711332)
701.625 (0.08770007363528401,-0.1058992089264461)
701.75 (-0.09387158760543129,0.05928341089717694)
701.875 (0.05556655160086598,0.01241477192844261)
702 (-0.01908947341775209,-0.02460432733901882)
702.125 (0.005382895169574025,-0.03769278034885945)
702.25 (-0.002497827711597463,0.1014354659949962)
702.375 (0.001691761479168034,-0.09545913437270076)
702.5 (-0.00768896606700974,0.02872838467638103)
702.625 (0.01307848909007628,0.03679765173237961)
702.75 (0.003405177498196768,-0.06517823141215465)
702.875 (-0.03761673774421583,0.06961524631383489)
703 (0.04647441284538358,-0.07015292179482921)
703.125 (-0.001601503489125492,0.06395485379904216)
703.25 (-0.05874101080807372,-0.04397636210759649)
703.375 (0.06676706086358844,0.02059837279061845)
703.5 (-0.0151125066919068,-0.008643141454691562)
703.625 (-0.02621766802461511,0.00592164486358515)
703.75 (0.000989046109318081,0.001757801140569605)
703.875 (0.05355372568488766,-0.02126052798980135)
704 (-0.05205064405470015,0.04717313936378047)
704.125 (-0.0243545771725825,-0.06917417507488141)
704.25 (0.09836982957688759,0.07510015274809004)
704.375 (-0.09278699373221783,-0.05340063031399035)
704.5 (0.02406996761218818,0.004747958047336247)
704.625 (0.02763940624115107,0.04987473992703446)
704.75 (-0.02381089222413307,-0.08188046043186435)
704.875 (0.004905652954385793,0.07750412699639152)
705 (-0.01983659359313011,-0.0444656069840085)
705.125 (0.05584909336723009,0.0004955812286653742)
705.25 (-0.06499173108066747,0.03779773588452922)
705.375 (0.0387459306427938,-0.05792092462853218)
705.5 (-0.01686668146895096,0.05356554370926623)
705.625 (0.02040915343330901,-0.02743958418503665)
705.75 (-0.01592599798040245,-0.0101213257268255)
705.875 (-0.02730335168779054,0.04465487132696397)
706 (0.07022847685714055,-0.06048080738049071)
706.125 (-0.03953955796365415,0.05027941468973259)
706.25 (-0.06528180854036167,-0.0291292333617483)
706.375 (0.1419856741230886,0.02695690064965147)
706.5 (-0.09381962796695946,-0.04987008591979235)
706.625 (-0.0501632469984719,0.05720923904129573)
706.75 (0.1584200155988642,-0.004431665284561729)
706.875 (-0.1407616872955918,-0.08675103586535522)
707 (0.03826630762638231,0.1316370907633908)
707.125 (0.04029293188854594,-0.07810992061514432)
707.25 (-0.04233984037339109,-0.02088895347947259)
707.375 (0.006863039600943263,0.06195584353368161)
707.5 (0.005990096332312428,-0.013209357549214)
707.625 (0.01516613233360005,-0.05055940676546162)
707.75 (-0.03737725026782916,0.04283740355174426)
707.875 (0.02997731798175928,0.03280086563964918)
708 (0.008056633034131264,-0.0967001196089713)
708.125 (-0.05180255845040898,0.0917815802585972)
708.25 (0.0671455178363196,-0.04007001839255257)
708.375 (-0.03531168531778148,0.001883324166222475)
708.5 (-0.02362213540833839,-0.004805715015218938)
708.625 (0.05955809761253728,0.02750850716572538)
708.75 (-0.04243040207953269,-0.03973684609647229)
708.875 (0.0003716629837549219,0.03584369602962947)
709 (0.01050501942565903,-0.02516328223040929)
709.125 (0.02474822020773016,0.007329096737482627)
709.25 (-0.06149353735531789,0.02438006018734405)
709.375 (0.05401884216568702,-0.0577076200352807)
709.5 (-0.01180838417005077,0.06024076249869541)
709.625 (-0.02031672061887376,-0.01711034734675131)
709.75 (0.02264366918708373,-0.04065614422247298)
709.875 (-0.01358881498139195,0.06385711142384569)
710 (0.006229200374040697,-0.03981479256381888)
710.125 (0.0144379625488069,0.002069156850613593)
710.25 (-0.05486028172171264,0.01653301002826539)
710.375 (0.07970605186391921,-0.0196676151987593)
710.5 (-0.04791414947304273,0.02586068035698234)
710.625 (-0.02318727121335521,-0.03134275221303143)
710.75 (0.0627133094183018,0.01702157333210675)
710.875 (-0.02832402610823061,0.0169693409470654)
711 (-0.03826759574188226,-0.04817379284392594)
711.125 (0.05834673516361539,0.06232071185962901)
711.25 (-0.007403121266908601,-0.06503043007748177)
711.375 (-0.06311071077006929,0.06123105227145913)
711.5 (0.09099671844539803,-0.0466084061114477)
711.625 (-0.06494895866866077,0.02749623375067329)
711.75 (0.01565937935163654,-0.02503258570690533)
711.875 (0.02783504032729805,0.04288470544843448)
712 (-0.05206014161937475,-0.0508569162790416)
712.125 (0.04624185222815657,0.02407604670525484)
712.25 (-0.006548545315508086,0.01484599383203558)
712.375 (-0.04497378319268171,-0.0205517805053408)
712.5 (0.07087354678792707,-0.01372650942206389)
712.625 (-0.05853626612536203,0.04923457411548735)
712.75 (0.03282490793822761,-0.05816722960995632)
712.875 (-0.01760749427647994,0.0556252831394794)
713 (0.003481684302981155,-0.06219672118681389)
713.125 (0.0263890841820873,0.0639327209280089)
713.25 (-0.05365168990477281,-0.03621273411181456)
713.375 (0.04031404909796517,-0.009659212117222251)
713.5 (0.01229545319665302,0.03591799308275943)
713.625 (-0.05354418850408351,-0.03122751939673349)
713.75 (0.04932635541975996,0.02379904397734959)
713.875 (-0.03104992809952126,-0.03391676406238239)
714 (0.04855794824239128,0.03970726209822523)
714.125 (-0.08860908605608028,-0.01030027910483243)
714.25 (0.08164208335515634,-0.04036166772043669)
714.375 (0.001169846564887715,0.05760967691846706)
714.5 (-0.0937631639306359,-0.00853475764291617)
714.625 (0.1067952293066261,-0.07297647507551544)
714.75 (-0.03593146026386448,0.113888244770435)
714.875 (-0.03445069217354684,-0.07438599771326514)
715 (0.03338314147255621,-0.01142016439739882)
715.125 (0.02235934716267517,0.06995549904319755)
715.25 (-0.06509950455708366,-0.062573535494613)
715.375 (0.05840711410340916,0.01934294654193117)
715.5 (-0.01974027745883105,0.005743779075225506)
715.625 (-0.01990040598282495,-0.002575775347040566)
715.75 (0.04605449364154033,0.00823126582478141)
715.875 (-0.05210261876570336,-0.04208237474392468)
716 (0.03204760113201715,0.0667339531769002)
716.125 (0.003861024103057989,-0.03838579029283475)
716.25 (-0.02644513083257519,-0.02044638248525397)
716.375 (0.01964778070164208,0.03772093135025092)
716.5 (-0.004903475105920437,0.0116752810684899)
716.625 (0.01462783603549782,-0.06296568147102449)
716.75 (-0.04618035262950347,0.04258199984004526)
716.875 (0.06227849324432495,0.03047229669448898)
717 (-0.04014531361399333,-0.06456620665379752)
717.125 (0.00225241566464244,0.01500725771791762)
717.25 (0.01259331562332216,0.05727161179293921)
717.375 (0.00228800096435384,-0.06536570415217641)
717.5 (-0.01656958417693078,0.003428133285051746)
717.625 (0.004836461508809045,0.05954173562519446)
717.75 (0.02007544931864803,-0.07694942037133541)
717.875 (-0.02435428323737684,0.07229723575239703)
718 (3.564319151943808e-05,-0.08257485322119701)
718.125 (0.01823405212914348,0.09434641601565448)
718.25 (0.005395955508066368,-0.06739864473987967)
718.375 (-0.05335743638310497,0.002901988726244487)
718.5 (0.06138907386488972,0.0497990738171304)
718.625 (0.005586075863524969,-0.05709680079490419)
718.75 (-0.09703148804358754,0.04206062655241966)
718.875 (0.1220894406270528,-0.04787610900647456)
719 (-0.05384945498468029,0.08054166174860916)
719.125 (-0.03629566925825876,-0.1065561087431958)
719.25 (0.06135072994607935,0.09614144428492208)
719.375 (-0.01543366358466832,-0.04949226527200055)
719.5 (-0.03278632876697291,-0.01298597990511506)
719.625 (0.02877666121718443,0.06425125732529356)
719.75 (0.01436118521830108,-0.07531133452666459)
719.875 (-0.04897471236000814,0.03328611321902307)
720 (0.05036512271538902,0.03179062416733933)
720.125 (-0.02984549783090777,-0.05880981331009914)
720.25 (0.009810764934939346,0.01757394760851502)
720.375 (-0.001999853856375221,0.04948016870102041)
720.5 (0.003175649138303142,-0.07158536718854509)
720.625 (-0.002656605763999135,0.03430633344039836)
720.75 (-0.001716277995388181,0.006532754443946203)
720.875 (-0.005388848489694124,-0.003398298922478506)
721 (0.03657425576863921,-0.0195494039174351)
721.125 (-0.07038462850121736,0.007381467848096735)
721.25 (0.06290479666233474,0.03981509877600756)
721.375 (-0.00549064020219957,-0.06242667871130231)
721.5 (-0.04988941778834888,0.02777771648899508)
721.625 (0.04792603642962415,0.01696173580768629)
721.75 (0.00142236599815252,-0.005374472156426616)
721.875 (-0.04207006233003625,-0.05644560687379171)
722 (0.05076067382639274,0.09570281446727923)
722.125 (-0.05684862040298042,-0.06856923751057291)
722.25 (0.07826853580372685,0.01465975723035779)
722.375 (-0.08335716574248218,-0.001268946679225268)
722.5 (0.04457429316599692,0.0394211013012067)
722.625 (0.003855454894976675,-0.08029526190210068)
722.75 (-0.005297714993641998,0.08080242978005406)
722.875 (-0.03648154671573173,-0.04338692993616926)
723 (0.05907844809493738,-0.006361376598283538)
723.125 (-0.02820287902825618,0.0498236187187513)
723.25 (-0.01938674132146333,-0.07118401730786954)
723.375 (0.03571269480958752,0.05027243550519951)
723.5 (-0.02844584564148381,0.01292720373157366)
723.625 (0.03746210571643902,-0.0758464265259351)
723.75 (-0.06506512928113352,0.08421851868942701)
723.875 (0.06674363048303103,-0.03285730486223419)
724 (-0.01268449575824611,-0.02240461775935725)
724.125 (-0.0676664235694889,0.02483699481472422)
724.25 (0.1123991173983065,0.02166599196457163)
724.375 (-0.08652521486866863,-0.0623971393451389)
724.5 (0.01010952874813727,0.05551886625435214)
724.625 (0.06274975122483976,-0.01184024483783351)
724.75 (-0.08927386937426228,-0.02730375938225165)
724.875 (0.0709553848587897,0.03674067871615096)
725 (-0.04567887955753314,-0.0248431053095218)
725.125 (0.04371977094279912,0.01362282185226911)
725.25 (-0.0546057640866256,-0.01384004933657145)
725.375 (0.04518798559264862,0.0207214063077273)
725.5 (-0.004457293010494132,-0.02518550437499523)
725.625 (-0.04503165553877415,0.02213463150050913)
725.75 (0.07751058613644365,-0.01032712425720672)
725.875 (-0.08424664197809929,-0.007114754867203845)
726 (0.06015208489317537,0.01863729319421435)
726.125 (0.001550200179163097,-0.009220965295094906)
726.25 (-0.0817901875428734,-0.01977857015578906)
726.375 (0.1253208592233189,0.03961298098087754)
726.5 (-0.09131598909593355,-0.02042561205959117)
726.625 (0.009662848260204538,-0.0247781954265406)
726.75 (0.04422453898769993,0.0407775764089514)
726.875 (-0.03574863620880425,0.005631483494672259)
727 (0.005322644868486117,-0.07340393319323626)
727.125 (-0.006599313587705361,0.08956566480171388)
727.25 (0.03824311117024055,-0.04589339870034514)
727.375 (-0.05832752828600033,0.0161013645779638)
727.5 (0.04590080225330209,-0.05190820880067475)
727.625 (-0.01852576277475364,0.0937234672359621)
727.75 (-0.002547868390461797,-0.03676759613431138)
727.875 (0.01286774519539433,-0.1148883149955009)
728 (-0.008529759465977435,0.2180543011094484)
728.125 (-0.01916143380454048,-0.1514753036842583)
728.25 (0.05846930570238366,-0.02540861556989615)
728.375 (-0.07171112626593827,0.1283054816051058)
728.5 (0.03925637468020043,-0.06096829621294875)
728.625 (0.00468060174135125,-0.07858684112635614)
728.75 (-0.008725878322887669,0.127082983830349)
728.875 (-0.02482474088845091,-0.0497723010257631)
729 (0.03480377450741663,-0.04143735920360558)
729.125 (0.02043227972814022,0.04669596245982843)
729.25 (-0.1004720448184084,0.006224423383223077)
729.375 (0.1224698729664061,-0.02787896242488308)
729.5 (-0.05817821241528124,-0.0002643272938297596)
729.625 (-0.03150422512338272,0.01632079227565365)
729.75 (0.06610299181443917,0.01031624446472262)
729.875 (-0.03241969790744269,-0.02395024674434113)
730 (-0.01464784318491172,-0.02799065482981964)
730.125 (0.02971488310995472,0.09584248083913538)
730.25 (-0.02974479457762132,-0.08041402910316642)
730.375 (0.0568906452897642,-0.02072736856920364)
730.5 (-0.1067427159122877,0.08450782314179581)
730.625 (0.1240881161943187,-0.01365092611773688)
730.75 (-0.07713132941057917,-0.125209202304252)
730.875 (0.009532895560832441,0.169350377696453)
731 (0.008075156931742549,-0.05642604675477447)
731.125 (0.03150465887930454,-0.1001575402378972)
731.25 (-0.06447707320980672,0.1472284274670901)
731.375 (0.04757703721740403,-0.06073313432512098)
731.5 (-0.02173244460895792,-0.05268707162562541)
731.625 (0.05105775026418486,0.09431161224017039)
731.75 (-0.1179371002156738,-0.06755748087177924)
731.875 (0.1304031540545398,0.03645849542241354)
732 (-0.0470331990223162,-0.03500187062420849)
732.125 (-0.05114640537130888,0.04324200621040821)
732.25 (0.05372663142783673,-0.03308671167967905)
732.375 (0.03659768673570991,0.006600779273402411)
732.5 (-0.1054242536808783,0.01482738855566641)
732.625 (0.07323107816239377,-0.02033671501279131)
732.75 (0.009441575737226239,0.01512789335638147)
732.875 (-0.04040957254542918,-0.001607626617492862)
733 (0.0004817717272889543,-0.02957786402395285)
733.125 (0.03949592314881624,0.08103583984202391)
733.25 (-0.03262510630666603,-0.1292093657641818)
733.375 (0.01830405078905622,0.1398217219442574)
733.5 (-0.04971939030914169,-0.1061087645225068)
733.625 (0.1036504877144812,0.05687829506985106)
733.75 (-0.1083023441936453,-0.01842840102510519)
733.875 (0.04659802235512145,-0.01457124051694356)
734 (0.01586303072039541,0.05344862931980254)
734.125 (-0.01646364782747,-0.07879779736403336)
734.25 (-0.0276522382937265,0.06241547759214975)
734.375 (0.05372188866058426,-0.02041060813354421)
734.5 (-0.04030512507066113,0.001511769187233855)
734.625 (0.02353068868708113,-0.009511243498081622)
734.75 (-0.03147751472690684,-0.01639705678993972)
734.875 (0.04186012457934813,0.1061395385069986)
735 (-0.02327358777479924,-0.1803433620427875)
735.125 (-0.008655174479755121,0.1316601476593243)
735.25 (0.009072549754002663,0.02040298627497913)
735.375 (0.02847356004487422,-0.1257923753379357)
735.5 (-0.05485983342638753,0.0846974329869335)
735.625 (0.02787980265067005,0.02376726750869484)
735.75 (0.02980002942455021,-0.04750945236212518)
735.875 (-0.05599080147375433,-0.03804058445141626)
736 (0.02405045785758941,0.1077534910682847)
736.125 (0.02822688712381412,-0.06491880233632055)
736.25 (-0.04664356451932065,-0.03404653932175991)
736.375 (0.020331943127249,0.07304517722958899)
736.5 (0.01591068587131291,-0.03952746020406799)
736.625 (-0.02809783257561206,0.02357427273587511)
736.75 (0.01724012974404779,-0.06867469335097687)
736.875 (-0.00775878719830796,0.1024090746315698)
737 (0.01492536254852342,-0.0485986760654417)
737.125 (-0.03269390555039722,-0.04827880563604225)
737.25 (0.04909090111606738,0.07471467440528216)
737.375 (-0.06152304769655095,-0.006102630970096955)
737.5 (0.07125350537143763,-0.05791247973849584)
737.625 (-0.07058578688720106,0.03537251865480285)
737.75 (0.04785420911584283,0.02318682300034285)
737.875 (-0.006519066218878797,-0.01595312752321444)
738 (-0.03149066790692444,-0.05108221601618219)
738.125 (0.04782883901558602,0.06601721179819435)
738.25 (-0.04588683658906588,0.02107643670685871)
738.375 (0.04009937189175272,-0.1114607291804246)
738.5 (-0.03512215879983999,0.08948908896657967)
738.625 (0.02645418796103403,0.01271895784164306)
738.75 (-0.01499253696145231,-0.05964882409592297)
738.875 (0.005247442438617819,0.003341096731042912)
739 (0.007992148739503966,0.05739500320523939)
739.125 (-0.03156183627813803,-0.02995115197153072)
739.25 (0.05033435454374787,-0.04048298385319574)
739.375 (-0.03617739299687647,0.051363507237603)
739.5 (-0.006643659304607274,0.00018718660597298)
739.625 (0.02945604482667577,-0.02549396625282369)
739.75 (0.0008418192548046919,-0.007694918760595451)
739.875 (-0.0457403393432041,0.02723667070177725)
740 (0.03653308118273491,0.01961739870301155)
740.125 (0.02872753029825608,-0.07349332219683859)
740.25 (-0.07104199745376584,0.05094065057873773)
740.375 (0.03203743301763356,0.02515757951452817)
740.5 (0.04518603388265137,-0.05593181374483942)
740.625 (-0.07217578483929601,0.008076292063259822)
740.75 (0.0316125479504121,0.04888276998898995)
740.875 (0.008529701150395676,-0.0535096031500084)
741 (0.002681634277536994,0.03134118781771286)
741.125 (-0.03144915434210977,-0.03165782619218756)
741.25 (0.01947412003159331,0.04246206394629289)
741.375 (0.02367770676923232,-0.02251550730142578)
741.5 (-0.03324567024572421,-0.01425219244745672)
741.625 (-0.01433176647992486,0.01054744653581059)
741.75 (0.06282317425937263,0.04166815121212301)
741.875 (-0.04980658915511136,-0.07862664488603255)
742 (-0.01187012628123784,0.05240985551800566)
742.125 (0.05419185058379059,0.003701296883570104)
742.25 (-0.04253070023663948,-0.02626306136138298)
742.375 (0.01384099252890548,0.005536759046713626)
742.5 (-0.02178756752440625,0.01763713695345499)
742.625 (0.06632039119657694,-0.01838682025741019)
742.75 (-0.09517140506756207,0.009859128333436841)
742.875 (0.06973491791220741,-0.004708454503982733)
743 (-0.0134308381665854,-0.003346530483655102)
743.125 (-0.01398351410099925,0.0105256351031793)
743.25 (-0.01352955651826023,0.006839078872417641)
743.375 (0.05567035635817377,-0.05078543623041462)
743.5 (-0.05330215994904489,0.07844385930136562)
743.625 (0.00412099998251269,-0.05230291095872406)
743.75 (0.02858753574127673,-0.001201286920283415)
743.875 (0.005341770943199172,0.01957572588539627)
744 (-0.07076664431352138,0.01072965145534086)
744.125 (0.07908374245002334,-0.03412406716588315)
744.25 (0.007022945583214523,0.004326476820284845)
744.375 (-0.1239778021896034,0.04842734728056104)
744.5 (0.1728334054335048,-0.05689597261708781)
744.625 (-0.1178464887944399,0.006769781472603047)
744.75 (0.008768507488941958,0.04631886338109086)
744.875 (0.07681605929177089,-0.04799095559064181)
745 (-0.09441437411078203,0.002820854722659304)
745.125 (0.05089151385540146,0.04660380555847848)
745.25 (0.0089948518633994,-0.06969648049186468)
745.375 (-0.03402097107338224,0.05928620428617292)
745.5 (0.008329606541264559,-0.017358856032581)
745.625 (0.03177978686529447,-0.04048134344470854)
745.75 (-0.03907078815647987,0.07668563672312073)
745.875 (0.01482524126287924,-0.06085379714347733)
746 (-0.005553168421430162,0.01034169060402546)
746.125 (0.03531344211204355,0.0252429905351446)
746.25 (-0.06887951236646278,-0.02634483753936007)
746.375 (0.06047057307504006,0.02196950709886447)
746.5 (-0.01701043791613517,-0.03417076658274221)
746.625 (-0.01391722888205386,0.03772222792185592)
746.75 (0.006978416865275977,-0.004264885145585443)
746.875 (0.01831677605630385,-0.04009078684282957)
747 (-0.03308633956058658,0.04580521234255135)
747.125 (0.02877814963660936,-0.01826876481033008)
747.25 (-0.009914495775128773,0.01404514657012533)
747.375 (-0.01495742672769232,-0.05086284281778527)
747.5 (0.02694938759289663,0.07357801937278337)
747.625 (-0.007469060520664051,-0.03855715800473505)
747.75 (-0.03039558619849671,-0.01299949543265919)
747.875 (0.04386401882125336,0.01459990478167195)
748 (-0.01420958939875488,0.02095959848595646)
748.125 (-0.01954930930829081,-0.01913740936474183)
748.25 (0.007134676471246729,-0.03701126298584907)
748.375 (0.04361100648943339,0.07055078495993364)
748.5 (-0.07518337137372146,-0.02030419897037638)
748.625 (0.0580756546090878,-0.06471313150473851)
748.75 (-0.02693246085825297,0.08792819738278902)
748.875 (0.02508171369914409,-0.03561765806088869)
749 (-0.04089014647662124,-0.008805358833020169)
749.125 (0.02839989993990061,-0.02097940095591892)
749.25 (0.02015947759753182,0.0924715680276748)
749.375 (-0.05626326311646201,-0.1243706130801221)
749.5 (0.03819694449870657,0.08705039204774018)
749.625 (0.01209564761192065,-0.02612464357487524)
749.75 (-0.03515588439996481,-0.001871660635494045)
749.875 (0.005956089271593801,-0.008078817158401003)
750 (0.04267539251269181,0.015814177531627)
750.125 (-0.06795919393587899,0.00772238601325689)
750.25 (0.06505107336958281,-0.04220332732337669)
750.375 (-0.05556326384369701,0.04246498059800885)
750.5 (0.047891738691333,-0.0002209118290301024)
750.625 (-0.03378089286541752,-0.03386666294907113)
750.75 (0.01878123007008914,0.007251835894721601)
750.875 (-0.02704121553514583,0.06109523094542703)
751 (0.06464124684418406,-0.09110538851284281)
751.125 (-0.09893407169056656,0.0368342435406998)
751.25 (0.09317630716880834,0.05025918481980921)
751.375 (-0.05056774403713306,-0.07610870852471173)
751.5 (0.00546969572827732,0.01292717645401968)
751.625 (0.02044057858442827,0.07154968601573904)
751.75 (-0.03091756010186882,-0.09585045679265736)
751.875 (0.02910904271270827,0.05359566156793848)
752 (-0.009102792033398231,-0.007624788693542221)
752.125 (-0.01775363881509756,0.008359661174094032)
752.25 (0.0175536303930999,-0.03837115328324204)
752.375 (0.02126102665564355,0.0435460056034433)
752.5 (-0.05621575641769214,-0.007390888760385518)
752.625 (0.0360226114762139,-0.0236338735115674)
752.75 (0.02671222095827357,-0.001772366083404577)
752.875 (-0.06103856557972902,0.06645113445145909)
753 (0.02602605429794366,-0.09259839586492428)
753.125 (0.03434430460103792,0.03264398415853925)
753.25 (-0.04673713241894634,0.0657462056919223)
753.375 (0.001151506889737325,-0.1074553844576887)
753.5 (0.0421311098104091,0.05648256195810456)
753.625 (-0.03508002276364129,0.02897248823543825)
753.75 (-0.0007607776103643668,-0.06974903966117529)
753.875 (0.01369925824504008,0.04918389959301708)
754 (0.005511064210529226,-0.01192216455151957)
754.125 (-0.01865209162959652,0.001176999493210216)
754.25 (0.0008646970875610371,-0.0190087561552325)
754.375 (0.02414791357819761,0.03907383334784045)
754.5 (-0.02091825663153109,-0.03693492570775908)
754.625 (-0.007784232972025353,0.008520279063048442)
754.75 (0.02904233676844478,0.02622669272886549)
754.875 (-0.02731496158360758,-0.038973478842538)
755 (0.0186453989008025,0.0248177165039879)
755.125 (-0.01697526426057702,-0.01350168639376724)
755.25 (0.01279730725984393,0.0314140815736195)
755.375 (0.000993609750561178,-0.05767764401083258)
755.5 (-0.003689699082638499,0.04536567844944974)
755.625 (-0.02627052227758438,0.009162548355654162)
755.75 (0.06677023872040727,-0.05049951315834091)
755.875 (-0.0655765878345296,0.0377127341405518)
756 (0.007639115402043401,-0.005481450132135742)
756.125 (0.05577784087780297,0.0164759901671628)
756.25 (-0.0650196665737276,-0.06764669970854723)
756.375 (0.02399343628089877,0.08972366279543631)
756.5 (0.01164155069504495,-0.04630390748329956)
756.625 (-0.01289722830302828,-0.01122292586149015)
756.75 (0.01129250052799117,0.01493780640463049)
756.875 (-0.03993973491953499,0.02592173414298782)
757 (0.06803694988272699,-0.04487481827629777)
757.125 (-0.03039469901914067,0.01810254748294903)
757.25 (-0.07739633250672119,0.006353709860201933)
757.375 (0.1676041430808724,0.008476332359266758)
757.5 (-0.1492012502567786,-0.02271092785189359)
757.625 (0.03571606834935449,-0.0228309781121318)
757.75 (0.063986956766931,0.1045281201419722)
757.875 (-0.06715960907546001,-0.1242071952420747)
758 (0.004994696376095287,0.03355952666039022)
758.125 (0.02812118292579564,0.08832315402397098)
758.25 (0.004597521251567501,-0.1174915518460483)
758.375 (-0.04470616619711197,0.03184642116543784)
758.5 (0.02509157589126454,0.06396254955064987)
758.625 (0.03913954643170627,-0.06917913225229674)
758.75 (-0.0741435544469934,0.007598629098065217)
758.875 (0.04691049163110241,0.01455704813365205)
759 (-0.00345861151979474,0.04354708052133675)
759.125 (-0.001730659062875611,-0.09800380366223041)
759.25 (-0.0184808451088301,0.0494722530877256)
759.375 (0.009485914560844199,0.07860671048915917)
759.5 (0.03698244773899087,-0.1545787684479445)
759.625 (-0.06052334296890274,0.09445870826535978)
759.75 (0.01251434025306909,0.03436868078710825)
759.875 (0.06852062620078324,-0.09188167062646202)
760 (-0.09295479853093326,0.02914410254613632)
760.125 (0.02706499496733355,0.06284633420410288)
760.25 (0.06429447737685971,-0.07086170153237507)
760.375 (-0.09280522834166581,-0.008291655201022027)
760.5 (0.04458803989786832,0.0774610440322677)
760.625 (0.01665616730267875,-0.06223711525661892)
760.75 (-0.03362282840083063,-0.01168271107530662)
760.875 (0.01405455653926156,0.06871883988650898)
761 (0.001577350006763341,-0.07805229966793473)
761.125 (-0.003752560359288846,0.07117841860120969)
761.25 (0.01683243909872176,-0.07861595267845893)
761.375 (-0.04615493560737414,0.08520520472869113)
761.5 (0.05752140430355938,-0.06189701058999304)
761.625 (-0.02642801583459072,0.01842571611997941)
761.75 (-0.01580253342381959,0.004243863890230247)
761.875 (0.01568000729415914,0.008186652896983147)
762 (0.02821768255935527,-0.0199555924817036)
762.125 (-0.05698004260954489,-0.006073331399013713)
762.25 (0.02759064201021728,0.05362183602341657)
762.375 (0.02971120145959668,-0.07102173569709182)
762.5 (-0.05233752982010597,0.04063188870124075)
762.625 (0.02536974962206177,-0.003293603696563063)
762.75 (0.009461647056083605,0.001466754561615702)
762.875 (-0.01754639243723647,-0.020029112673595)
763 (0.008240845687674202,0.01006011508236093)
763.125 (0.0001870178418231333,0.0364848589429376)
763.25 (-0.0166519532232391,-0.06904010371935218)
763.375 (0.05076805886112208,0.04704449468634386)
763.5 (-0.07270766473501142,0.0002150552515299552)
763.625 (0.03906299446401412,-0.009173672656438626)
763.75 (0.04114932892914357,-0.0329790995522201)
763.875 (-0.1008452311505885,0.06955522856214619)
764 (0.0900412571504902,-0.04747476399055388)
764.125 (-0.03407883137163949,-0.01450710688472805)
764.25 (-0.002108646011818397,0.04821046558845585)
764.375 (-0.007260782759168059,-0.0156561912103008)
764.5 (0.02838386103493808,-0.05206021086093663)
764.625 (-0.01974764059698422,0.09380843132965687)
764.75 (-0.01931774201948198,-0.08072397668434227)
764.875 (0.05622904373925211,0.03421637524028161)
765 (-0.06339574291463348,0.007581897315585211)
765.125 (0.03973592442897399,-0.02913230204967343)
765.25 (-0.005765723215767198,0.04078358357309092)
765.375 (-0.01237661121590461,-0.05051439183874444)
765.5 (0.001302566756988187,0.04660614407394267)
765.625 (0.02679869041488655,-0.01899823848947592)
765.75 (-0.04331603549710238,-0.0102593420278705)
765.875 (0.03353875345200938,0.001773071821643553)
766 (-0.01395479322895178,0.04589445371447547)
766.125 (0.009983737609474413,-0.07781256081395492)
766.25 (-0.02109687115669396,0.04575647226599458)
766.375 (0.02338662110255385,0.0207271466089111)
766.5 (-0.007916136652775517,-0.04169571844555483)
766.625 (-0.003107868204198006,-0.008621353085384521)
766.75 (-0.008505453821224709,0.0616970758953633)
766.875 (0.02139473936591327,-0.0448001895579258)
767 (0.0001311124661302116,-0.01704683112893247)
767.125 (-0.04651132837631305,0.03238979754369063)
767.25 (0.05759825968091585,0.03037284684367644)
767.375 (0.004991839806069242,-0.09675074042114602)
767.5 (-0.09721545119554674,0.08534099429549723)
767.625 (0.1311325465623835,-0.01551202092316476)
767.75 (-0.07320136250194745,-0.02241361650858095)
767.875 (-0.01917485056426601,-0.01089027367716358)
768 (0.0662027664270014,0.05580371959694025)
768.125 (-0.04958806331664096,-0.03798625698896949)
768.25 (0.01258403410669595,-0.03274296289655858)
768.375 (0.006547513536985335,0.07542161204699453)
768.5 (-0.01401962485843608,-0.03820148804658329)
768.625 (0.03434610370105496,-0.04311031264236177)
768.75 (-0.06937101137057088,0.09312545750513462)
768.875 (0.09493152661315873,-0.0823986447423001)
769 (-0.08557157775190767,0.04533095716179903)
769.125 (0.03385235050992502,-0.01998940651441559)
769.25 (0.04220793806066378,-0.001497134589341743)
769.375 (-0.09981044286007204,0.04443029532494872)
769.5 (0.09402300887526596,-0.09052552361632664)
769.625 (-0.02212037019626681,0.08243946148031568)
769.75 (-0.05761400814922106,-0.002231155631759739)
769.875 (0.07457624946208273,-0.08401811768869191)
770 (-0.02114668323355389,0.09273889403470899)
770.125 (-0.03739234675248879,-0.02376165355393377)
770.25 (0.03837341489819183,-0.04211558142600782)
770.375 (0.008736321657460829,0.04951763310282196)
770.5 (-0.04470952717733383,-0.03094546447075077)
770.625 (0.03890516666709514,0.04038439311406573)
770.75 (-0.01735848926127296,-0.06381001096697797)
770.875 (0.01172211748185839,0.04485364790586186)
771 (-0.01128950306084555,0.01647125037869463)
771.125 (-0.0121553388240765,-0.05143663706282947)
771.25 (0.04846158691107139,0.02274444246239234)
771.375 (-0.05038603559356022,0.01770374881734756)
771.5 (-0.003513152323769377,-0.008703096741982002)
771.625 (0.07140480084437466,-0.02346112723639397)
771.75 (-0.09223936308881121,0.005824002966044435)
771.875 (0.05750682952607553,0.06008273902072937)
772 (-0.01869530957194402,-0.08608103727566302)
772.125 (0.02196439088241342,0.02347043466515638)
772.25 (-0.05397901267048562,0.05718178733466324)
772.375 (0.06486937561337316,-0.05568942998556108)
772.5 (-0.03407304666973029,-0.02416905744773337)
772.625 (-0.0062575330555127,0.08593877992069238)
772.75 (0.01606602228167604,-0.07305110553298814)
772.875 (0.00204855971444763,0.03102448272156704)
773 (-0.0120470409421266,-0.02381953001587208)
773.125 (-0.002684673371512063,0.0409687714001581)
773.25 (0.01579793866017769,-0.0279735664461478)
773.375 (0.004624324942872474,-0.02067187160894879)
773.5 (-0.04842870611184484,0.05160111401566683)
773.625 (0.06975437326059203,-0.03584413219610653)
773.75 (-0.04034641979861374,0.01477645210603232)
773.875 (-0.0172208806327649,-0.03750961570352115)
774 (0.05489620842283735,0.08051227154841305)
774.125 (-0.04747066043536122,-0.06898810618232766)
774.25 (0.007381400330913877,-0.02147803454348284)
774.375 (0.03893965360996759,0.1176172848862089)
774.5 (-0.07229498882137585,-0.1237994611217612)
774.625 (0.07810416150502476,0.03189648668391101)
774.75 (-0.04362748582692744,0.06729225641645131)
774.875 (-0.02362903398916446,-0.08346025154366303)
775 (0.08109833429190529,0.01778045273645696)
775.125 (-0.07851254508926192,0.05502690332781429)
775.25 (0.0129338049161623,-0.07738286922685957)
775.375 (0.05559311960194194,0.05845828626826742)
775.5 (-0.06257926894002086,-0.03840737222438698)
775.625 (0.01310845016838704,0.03283601294439896)
775.75 (0.021824951137505,-0.02914299363504992)
775.875 (0.007444943402444573,0.02117811660297158)
776 (-0.0636770174746394,-0.02242812808420768)
776.125 (0.06823610381421277,0.04276451294185633)
776.25 (-0.006298701405368986,-0.06796771609257822)
776.375 (-0.04674782354176332,0.07047987719132444)
776.5 (0.02108094010902642,-0.03665761117534756)
776.625 (0.05096276143292359,-0.01752819747895159)
776.75 (-0.06990028963947167,0.05473670167689836)
776.875 (-0.002551800297796765,-0.04544917904966862)
777 (0.08842951523334897,-0.001278982193508547)
777.125 (-0.08662410269229245,0.03966897238748878)
777.25 (-0.004090840285547326,-0.0328279394417776)
777.375 (0.0868212670470478,-0.004792036573751678)
777.5 (-0.08369911496044516,0.02657622760446523)
777.625 (0.01767189052327315,-0.01616775175913764)
777.75 (0.03180267607714212,0.007788546084458717)
777.875 (-0.02653705869379998,-0.03289725901494749)
778 (-0.001106011125650512,0.07012955837031211)
778.125 (0.003773754123631303,-0.0738265257919188)
778.25 (0.02556576856886695,0.0394494158798239)
778.375 (-0.05963986557520425,-0.009104603549797296)
778.5 (0.07656328063779688,0.01229210122192758)
778.625 (-0.07663590039527139,-0.03155587297187158)
778.75 (0.06755024775254835,0.03625049225511565)
778.875 (-0.0509314487811546,-0.02343688937914768)
779 (0.02802019187113492,0.008302388414834888)
779.125 (-0.007934646881052708,0.003823227068218629)
779.25 (0.001048462433825034,-0.01244849453953729)
779.375 (-0.006312003547690554,0.005275808275227438)
779.5 (0.01177632400799521,0.0235434831597126)
779.625 (-0.0087518152428752,-0.04522598748665208)
779.75 (0.001657581002862574,0.02052912000316968)
779.875 (-0.002196896175402967,0.04003898501141531)
780 (0.01541742095885421,-0.06996547490030068)
780.125 (-0.03196328353739569,0.02162360231659817)
780.25 (0.03355195020659833,0.06896542337378483)
780.375 (-0.009487702585769383,-0.1158156196994906)
780.5 (-0.02740167054733618,0.07727903748937516)
780.625 (0.04486892033163603,0.002024462624458316)
780.75 (-0.02253004593939501,-0.04474946125109781)
780.875 (-0.01876441469860212,0.0212119287961678)
781 (0.03282971647242918,0.0296219191090248)
781.125 (-0.003336915817847057,-0.04932340367857877)
781.25 (-0.03023505161195873,0.02003199171958383)
781.375 (0.02069360701467706,0.02480710505262427)
781.5 (0.02126491391501572,-0.04368761465421321)
781.625 (-0.03778165019721037,0.03260857662084198)
781.75 (0.003986304109172665,-0.02035018274878397)
781.875 (0.03467385061550308,0.02311262937528332)
782 (-0.0261795681201255,-0.02234599330807212)
782.125 (-0.01266440574388258,-0.002024428791885974)
782.25 (0.02032304534061464,0.03321237735026526)
782.375 (0.0199721947078316,-0.03642386759909061)
782.5 (-0.05669688789755013,0.01128704403350869)
782.625 (0.0452946198528001,0.00310973873884164)
782.75 (-0.009722540844748565,0.01578285760763352)
782.875 (0.003442197137764899,-0.03899113405615686)
783 (-0.03310705237746609,0.02735449340045125)
783.125 (0.05422885318596627,0.01056139513034971)
783.25 (-0.03429991199121445,-0.0308653398976274)
783.375 (-0.01110620145445035,0.01838089472370083)
783.5 (0.04711497470343398,-0.006175421133513573)
783.625 (-0.05775760473102049,0.02287391108612359)
783.75 (0.047447990375703,-0.04814522992659677)
783.875 (-0.02719460922052343,0.04162771646311011)
784 (0.01334530027220963,-0.001009930759877154)
784.125 (-0.02298048370217241,-0.03319609809304096)
784.25 (0.05259860286144535,0.02771352842321907)
784.375 (-0.0714936316805454,0.009457685069040737)
784.5 (0.05494274628800509,-0.04774107586162882)
784.625 (-0.01927105423855639,0.06794573737220939)
784.75 (0.005149197670647892,-0.06808905851173051)
784.875 (-0.02570341424051868,0.04979435907897983)
785 (0.05019011002348951,-0.01580706697752017)
785.125 (-0.04659280291162444,-0.02160346533464357)
785.25 (0.02393823582030838,0.04402607876091656)
785.375 (-0.01685007642495717,-0.0438562697195389)
785.5 (0.03662226397119322,0.03140803796508989)
785.625 (-0.05761874583840259,-0.020791815007185)
785.75 (0.05530805873154274,0.01309175409302739)
785.875 (-0.03969629933219881,0.0007812384839424454)
786 (0.03631352091077569,-0.02181446822462121)
786.125 (-0.04302887246950172,0.03456023034341531)
786.25 (0.02786137625652888,-0.0230617470431333)
786.375 (0.02356684996666967,-0.005639505764309067)
786.5 (-0.07630068952377643,0.02184189485961911)
786.625 (0.08052747643041092,-0.004961484401665973)
786.75 (-0.03224653514256719,-0.02720194260376018)
786.875 (-0.02095602816719361,0.03282744172724601)
787 (0.03821505803031106,0.004131114976955489)
787.125 (-0.02914471576258674,-0.04911132694836382)
787.25 (0.02666973152277559,0.05595370704763097)
787.375 (-0.03431420278775713,-0.02532465571879842)
787.5 (0.02664871356447359,0.002940159666758539)
787.625 (0.001259299454521774,-0.01413491606045724)
787.75 (-0.01423973595400611,0.02454695576776524)
787.875 (-0.01827765111793317,0.01141934361714998)
788 (0.07516535347441401,-0.07747102928973311)
788.125 (-0.1027295322322266,0.105211495858183)
788.25 (0.07775758344275073,-0.06175066730837626)
788.375 (-0.03346906615277587,-0.004992751630195651)
788.5 (0.01780544276680952,0.02858899239693705)
788.625 (-0.03865273469744093,-0.007179935978588388)
788.75 (0.0604750628908961,-0.006617617662119555)
788.875 (-0.0497055839202576,-0.01447443896398056)
789 (0.01157746025474037,0.04185631948062517)
789.125 (0.02128892851018543,-0.04373794708775913)
789.25 (-0.02870419540702534,0.02918327337685413)
789.375 (0.02148398241298231,-0.01935278043508578)
789.5 (-0.01995661292880054,0.006589350905855347)
789.625 (0.0248954183584766,0.02391001116065204)
789.75 (-0.02091894061097472,-0.050158678443447)
789.875 (0.00579871232936503,0.03348549190219292)
790 (-0.000627097800220027,0.01800181978336471)
790.125 (0.02121776956250274,-0.04736522016941497)
790.25 (-0.04879431939509598,0.02517537063753461)
790.375 (0.04572386309044006,0.007177660423971164)
790.5 (-0.003048003683789658,0.002057885192373337)
790.625 (-0.04074564113328813,-0.03720837381510653)
790.75 (0.0389237511246067,0.03761860721801581)
790.875 (0.009426640948456331,0.01058320222139805)
791 (-0.05468825561371798,-0.04910603976761305)
791.125 (0.04916738814099843,0.02728073477100671)
791.25 (0.001387249125681563,0.02728438214390342)
791.375 (-0.04468531363576159,-0.0461922882525127)
791.5 (0.03949332087165987,0.01030854681518877)
791.625 (0.0008908973851684566,0.03146048451964116)
791.75 (-0.02878875535336556,-0.03255694179069806)
791.875 (0.02159720026480102,0.006229774676523608)
792 (-0.007457502280761558,0.00329623361794241)
792.125 (0.02321768087678787,0.01350135487416395)
792.25 (-0.0572591076922435,-0.02195377814965824)
792.375 (0.05515735367595351,-0.001819950451241)
792.5 (0.01090030039595348,0.03204593954208038)
792.625 (-0.09538947944935264,-0.02581100661561357)
792.75 (0.1222337535393387,-0.01734205134554026)
792.875 (-0.07220700268941677,0.05098309335190822)
793 (0.00698292364202131,-0.04041901497433529)
793.125 (0.004467208919783409,0.006151643740540912)
793.25 (0.03235303692053428,0.006115233068102236)
793.375 (-0.05095952120483342,0.01303020466178083)
793.5 (0.01491304534012663,-0.02798796319794452)
793.625 (0.03403208067869704,0.01133856990847999)
793.75 (-0.03538656289898318,0.0181537575146442)
793.875 (-0.005044381833972612,-0.02489006723471691)
794 (0.02449776938928126,0.007639939790375657)
794.125 (0.004999711040167792,0.001302571947230594)
794.25 (-0.03550692331824776,0.01508914756891122)
794.375 (0.01588779577631683,-0.03321348838792866)
794.5 (0.0279095794580857,0.02099469795137429)
794.625 (-0.02924801655079749,0.0191040946991534)
794.75 (-0.01537630895042742,-0.05265073009315732)
794.875 (0.03453163939273702,0.05355470755487465)
795 (0.01013637463065391,-0.03009789948989376)
795.125 (-0.05587788557566994,0.01003077358262033)
795.25 (0.02391538174845035,-0.007240414000476329)
795.375 (0.05740278877592474,0.007337299179106672)
795.5 (-0.07648568771601456,0.01379369397174245)
795.625 (-0.01156392922527101,-0.057313239815212)
795.75 (0.1164656826009046,0.09041293863220798)
795.875 (-0.1241499894942875,-0.07620118050080654)
796 (0.03750459539308285,0.01847151190812535)
796.125 (0.03773727495425024,0.03234324408954771)
796.25 (-0.02948092026782271,-0.02974636479613768)
796.375 (-0.02645428856410738,-0.01437663653953126)
796.5 (0.05254898753016569,0.03948166812182053)
796.625 (-0.02820289215916487,-0.006152469003932501)
796.75 (-0.001389000033972637,-0.05439375511815796)
796.875 (-0.007643009289301662,0.07260160086794802)
797 (0.04925986985094383,-0.01987602129961305)
797.125 (-0.08163357148744184,-0.05690344978596143)
797.25 (0.07207023708699693,0.08537923998772384)
797.375 (-0.02690961989270609,-0.04378479013483652)
797.5 (-0.01480890153665036,-0.02267187071361934)
797.625 (0.0195734397145506,0.05746488584810382)
797.75 (0.003371784446708921,-0.04976289477028144)
797.875 (-0.01081214853753447,0.02948022475037099)
798 (-0.01967113728984569,-0.01986422996350395)
798.125 (0.05569689343485458,0.0151503247113492)
798.25 (-0.05016095063145087,-0.004658109770239452)
798.375 (0.008385878324784244,-0.003650377696406555)
798.5 (0.01376654261054241,-0.001685476194492905)
798.625 (0.01378629801901731,0.01024487239128517)
798.75 (-0.05074690777226448,-0.0001652645666707554)
798.875 (0.04202371939531281,-0.02812212051734057)
799 (0.002711192771325403,0.04694979402655624)
799.125 (-0.02194011107966997,-0.0340697628322706)
799.25 (-0.007926121631085522,-0.003814219232167711)
799.375 (0.03640425334551266,0.04371498313754044)
799.5 (-0.0118581695740911,-0.06672619812339865)
799.625 (-0.04065538361706582,0.05947025804531361)
799.75 (0.0509677002981626,-0.01546323078270129)
799.875 (-0.002185219331120034,-0.04724258808268654)
800 (-0.04419192162634738,0.08438482980883255)
800.125 (0.03335077044744634,-0.06709940833972015)
800.25 (0.006505176769829024,0.02185329720557705)
800.375 (-0.003445282952875108,-0.003946520335147237)
800.5 (-0.05686494676519643,0.0282744809504219)
800.625 (0.105882224524201,-0.05187451900951823)
800.75 (-0.07758927417476073,0.03564631343112594)
800.875 (-0.006782533890009275,0.002381680307797451)
801 (0.06188758385842563,-0.01753186732600634)
801.125 (-0.03686250938595126,0.00314654477149929)
801.25 (-0.03240575859265666,0.007927163749095072)
801.375 (0.07258781521207482,-0.001679763199988545)
801.5 (-0.05372124712832347,0.005780617874702298)
801.625 (0.005842158677577844,-0.03961344736487356)
801.75 (0.03214072477970995,0.07074874206978518)
801.875 (-0.05404590578981776,-0.05211621990218643)
802 (0.07078927488194707,-0.006743532298136342)
802.125 (-0.07595565092204232,0.03841287182658627)
802.25 (0.05100638535028455,0.001670226643370657)
802.375 (-0.001509762966738234,-0.07419456151089551)
802.5 (-0.03509574364670084,0.09595067600298289)
802.625 (0.02935936772596306,-0.03548771768561364)
802.75 (0.004347828870098063,-0.04957669042186477)
802.875 (-0.02505051959747873,0.07597705570874334)
803 (0.01347152243892428,-0.02288725287600911)
803.125 (0.008937295270234253,-0.05434905964484883)
803.25 (-0.009189182215596736,0.09189323970566275)
803.375 (-0.01832347196352769,-0.08185271886082443)
803.5 (0.044990561484947,0.06310728296406727)
803.625 (-0.03661397038654234,-0.06196544714049106)
803.75 (-0.009608227244963297,0.06156457902645288)
803.875 (0.05357388255203738,-0.03374532458592441)
804 (-0.04578039882120102,-0.01408317658486931)
804.125 (-0.01563967114757064,0.0393343068569271)
804.25 (0.06747276705928769,-0.01143295843423352)
804.375 (-0.04259196221301326,-0.05102303305986739)
804.5 (-0.0460984659978663,0.09490864110446647)
804.625 (0.1054882811489921,-0.08163041387284194)
804.75 (-0.06402827103020449,0.02042412977197824)
804.875 (-0.04148983679607971,0.04297088662594096)
805 (0.1061607746210172,-0.06724231089706288)
805.125 (-0.07807709263440006,0.04727073307569012)
805.25 (0.009181467626169533,-0.01074106152614814)
805.375 (0.02153637462248664,-0.01195735094639565)
805.5 (-0.003893872109287561,0.01241028345679594)
805.625 (-0.01062189636077528,-0.002108488559154013)
805.75 (-0.007044201135459867,-0.00541172718987542)
805.875 (0.02687007363293339,0.003781380562000618)
806 (-0.01467638534979838,0.009573237332602272)
806.125 (-0.0111138973344626,-0.0330750250296236)
806.25 (0.007310612433512837,0.05328051545875215)
806.375 (0.02393389664300701,-0.04874965653036206)
806.5 (-0.03050739560933398,0.01300137334963343)
806.625 (-0.01463102603259641,0.03012166083897082)
806.75 (0.0646200529854348,-0.04577021440663413)
806.875 (-0.05300371355620824,0.02508367289589884)
807 (-0.01645593970784009,0.004595073549482916)
807.125 (0.06837002077509756,-0.008997976634769421)
807.25 (-0.04795951511084619,-0.01937547290850143)
807.375 (-0.01705824144547467,0.05798342529512568)
807.5 (0.06324167430465559,-0.07679553839768465)
807.625 (-0.07145826313838811,0.06111087753879207)
807.75 (0.06859085864403057,-0.02130824784899395)
807.875 (-0.06690027649803822,-0.01252869333002002)
808 (0.04661759270660731,0.01277424945348589)
808.125 (-0.004343839918642189,0.01872679570139865)
808.25 (-0.02355080935020441,-0.04929759042241741)
808.375 (0.01066066023723425,0.0505850327566725)
808.5 (0.01482531890740564,-0.03134760867562925)
808.625 (-0.007470534414427371,0.02283639718706907)
808.75 (-0.02960745300448751,-0.03371220003045847)
808.875 (0.05112791049920505,0.03718028119121696)
809 (-0.03593660032989794,-0.009323465039169717)
809.125 (0.01106837760379219,-0.03537304362654094)
809.25 (-0.004775919085067983,0.05931787281849661)
809.375 (0.00950961547217455,-0.04299387103203842)
809.5 (-0.007480638805607349,-0.001487221944930687)
809.625 (0.005557358004535642,0.04906801512884151)
809.75 (-0.02019834195508281,-0.07838310701630892)
809.875 (0.04355026342422255,0.07684420137815831)
810 (-0.04980809586877574,-0.05084337930410921)
810.125 (0.02926759666893716,0.03225662414047489)
810.25 (0.003520021841518472,-0.05248191532434503)
810.375 (-0.03094771901117471,0.09957438609292198)
810.5 (0.04435766669815597,-0.1187634342492969)
810.625 (-0.04031022737751345,0.07185841400337593)
810.75 (0.02432170400178596,0.01365713385111391)
810.875 (-0.01479812346885867,-0.07086284535684051)
811 (0.02203688126557059,0.06365426298816881)
811.125 (-0.02527579775558662,-0.01699609990031743)
811.25 (-0.003653208584265939,-0.01812569474862541)
811.375 (0.05056613756379474,0.01376817063214963)
811.5 (-0.06322055504952696,0.01955931712730203)
811.625 (0.01991913519516908,-0.04894202923411906)
811.75 (0.03423346263935861,0.04608407623707472)
811.875 (-0.04408782429785655,-0.01248920451775567)
812 (0.0148903127252812,-0.01658450659958898)
812.125 (0.006819876581518482,0.005869597696109132)
812.25 (-0.006811625624812015,0.03630765990091726)
812.375 (0.01372525694836417,-0.06211753617525882)
812.5 (-0.03639407744689823,0.04076905842419956)
812.625 (0.04028657675530387,0.004224280509866148)
812.75 (-0.009281581135672805,-0.02883139398713502)
812.875 (-0.01132151326371896,0.02499328772596136)
813 (-0.02264191695025931,-0.01951023117482047)
813.125 (0.07121520532705319,0.02336685851340936)
813.25 (-0.04615087061309124,-0.01369710490615296)
813.375 (-0.06325965205605766,-0.02323468141312573)
813.5 (0.1507587596915582,0.05649465040606348)
813.625 (-0.1132968492895339,-0.04141907561193377)
813.75 (-0.01634528800955047,-0.02240972186716035)
813.875 (0.09961088690529442,0.08457424063477188)
814 (-0.05236611556698578,-0.09586895090847448)
814.125 (-0.06199693773406335,0.05403305613852529)
814.25 (0.1145344694911564,0.002820649172017988)
814.375 (-0.05925635209208425,-0.03560137715264984)
814.5 (-0.0286412548561511,0.03385001174256091)
814.625 (0.05487594895933712,-0.01703282532053524)
814.75 (-0.01336332878363096,0.01332357379820935)
814.875 (-0.02476981436796288,-0.03159164928108167)
815 (0.009930629235506187,0.05009187893633721)
815.125 (0.02941618089101418,-0.03845698591170035)
815.25 (-0.03510468960092773,-0.005149135244983429)
815.375 (-0.0009918432203495245,0.04587388532413055)
815.5 (0.03017229377293664,-0.04843860130540975)
815.625 (-0.01365844502377965,0.01665803047618934)
815.75 (-0.02994818216691239,0.0124448979250722)
815.875 (0.05281300106428415,-0.01179768828483854)
816 (-0.03479091970563667,-0.008817040143858181)
816.125 (-0.002994329790063819,0.02034309976167616)
816.25 (0.02932778223900236,-0.008633313333743786)
816.375 (-0.02923145538806695,-0.0142184473305189)
816.5 (0.005785978821331686,0.02469997083043983)
816.625 (0.02327796782682086,-0.007021677200238561)
816.75 (-0.03084071160589666,-0.03542272445898394)
816.875 (0.003580082070008265,0.07737355381430189)
817 (0.03409626021956789,-0.08495013082882384)
817.125 (-0.03956008796713463,0.04556105493746219)
817.25 (0.006512531825627026,0.01323453331549389)
817.375 (0.01996242744494682,-0.04659728822264456)
817.5 (-0.001866843695884032,0.03894205279016683)
817.625 (-0.03515662319766014,-0.0174041023523311)
817.75 (0.03362435783094981,0.01391749875368453)
817.875 (0.01235259544310881,-0.02753182275838557)
818 (-0.04091992839078833,0.03581826502073567)
818.125 (0.003769876639435497,-0.030091439977407)
818.25 (0.06426917577511221,0.01871303184450799)
818.375 (-0.08552860039580799,-0.002452791055433961)
818.5 (0.03912001614341514,-0.02630884495037581)
818.625 (0.01134351861954317,0.05582520220570501)
818.75 (0.001607921892155825,-0.05471459105345184)
818.875 (-0.06416446211739421,0.01610896313394468)
819 (0.09972380408281299,0.02028866720466699)
819.125 (-0.06671312662250924,-0.01621661163163529)
819.25 (0.0106041467161377,-0.008287634169044622)
819.375 (-0.001833702924755661,-0.00135178281889121)
819.5 (0.03879107898640388,0.05306151957608737)
819.625 (-0.04719879322887129,-0.08397442510051842)
819.75 (-0.01535427550187876,0.03604331618999575)
819.875 (0.08927100708004604,0.06285430990820741)
820 (-0.08278490007215211,-0.1175902241623815)
820.125 (-0.004090254355346673,0.06557775076955411)
820.25 (0.0740295116133506,0.05409987496417337)
820.375 (-0.05889992120506381,-0.1343920291609645)
820.5 (0.002254112792214892,0.1019912012181849)
820.625 (0.01597700247456433,0.01041322201366476)
820.75 (0.005774465379373228,-0.09316899736145266)
820.875 (-0.008463671254805499,0.06951265438072222)
821 (-0.01605034504782097,0.0225372081778222)
821.125 (0.006770338606027905,-0.07149632281059488)
821.25 (0.05595456804987994,0.01961747060886866)
821.375 (-0.09204740491513594,0.07114398681921029)
821.5 (0.02760910184627842,-0.09509577302656046)
821.625 (0.08237970089161034,0.02572495570106497)
821.75 (-0.107557416959126,0.06363854899301029)
821.875 (0.01181579246307575,-0.09131360241247771)
822 (0.09605936167336626,0.04603461895089278)
822.125 (-0.1003371833992355,0.02621053564652023)
822.25 (0.01483775760980163,-0.07658588581156472)
822.375 (0.0541062188241488,0.0782203263316494)
822.5 (-0.0451703889521041,-0.02969694569584688)
822.625 (-0.005048397947696898,-0.03425183241601819)
822.75 (0.0328239690303511,0.05400050120154336)
822.875 (-0.0221868958377082,-0.004728853002617226)
823 (-2.352804146652357e-05,-0.05845638953236045)
823.125 (0.007688078688559745,0.05188575141263804)
823.25 (0.006609421557156707,0.03107741292896796)
823.375 (-0.0361995694218501,-0.09955793807159564)
823.5 (0.06127025850383533,0.07282127706860247)
823.625 (-0.05556621430534373,0.01659352409886669)
823.75 (0.0114559554500288,-0.06165282022825747)
823.875 (0.04441738193811918,0.01365719060664891)
824 (-0.07379339007945367,0.06270843764894828)
824.125 (0.06342396678693667,-0.07773645809398248)
824.25 (-0.03035283946541196,0.0258868731579326)
824.375 (-0.002424942518362716,0.02314017178538047)
824.5 (0.02145873164602878,-0.02437547121318523)
824.625 (-0.02021422358339546,0.006812928234424011)
824.75 (0.002709574179844842,-0.01522524604843152)
824.875 (0.007931414885007827,0.04043585018337516)
825 (0.01151090623107627,-0.03879941972882953)
825.125 (-0.04495784238269883,0.00369232837995457)
825.25 (0.03998059452635955,0.02246042137089974)
825.375 (0.02557536767201127,-0.0130220199501586)
825.5 (-0.09553839432196182,-0.0009771888971286604)
825.625 (0.08931474532568104,-0.02322051314033117)
825.75 (-0.004587826378965037,0.07398861507787464)
825.875 (-0.07026812877917479,-0.09758245938183839)
826 (0.06305235108385793,0.07185173761851758)
826.125 (-0.005824280299150129,-0.03505774395803374)
826.25 (-0.01485602765832938,0.02982359182261274)
826.375 (-0.02413012494460934,-0.0438511478170732)
826.5 (0.05757993109995943,0.03126122120894825)
826.625 (-0.02713906435712814,0.0162124409262537)
826.75 (-0.03985000201022425,-0.04791728613608476)
826.875 (0.06939790132829086,0.01597003635040201)
827 (-0.03395828694194343,0.05666629781360907)
827.125 (-0.02206771657386469,-0.09106306770238175)
827.25 (0.04060350632224057,0.04060441089865784)
827.375 (-0.009593735257963806,0.04959527750107538)
827.5 (-0.03381417548399572,-0.08843819373450833)
827.625 (0.04192448454444451,0.04267060333711504)
827.75 (0.0006294824650606866,0.02552889544031411)
827.875 (-0.05815476091084294,-0.03677205064126833)
828 (0.07235942644413472,-0.008766139607626938)
828.125 (-0.02715851472502143,0.04083144612125565)
828.25 (-0.02110858198305332,-0.01886482557927418)
828.375 (0.005264151793000971,-0.01695758570376775)
828.5 (0.06084501332011788,0.01168079215104118)
828.625 (-0.08897672057755575,0.02143993757863094)
828.75 (0.03216427459829774,-0.02319353561915922)
828.875 (0.04389419849284461,-0.01834528639723965)
829 (-0.04506098679109258,0.04218644695154721)
829.125 (-0.01855845203017822,0.004198945913435383)
829.25 (0.04170011542655062,-0.08975640413013235)
829.375 (0.02782630675732337,0.1316731836040821)
829.5 (-0.107487172016764,-0.08900119382525394)
829.625 (0.08574216896907048,0.003312131844918444)
829.75 (0.02518242444279063,0.04864455378145189)
829.875 (-0.09809206531263524,-0.02762699701492217)
830 (0.05002923940849184,-0.03760719104570658)
830.125 (0.05878716960293668,0.07863933209763442)
830.25 (-0.1081605428493867,-0.05102205632722415)
830.375 (0.06410742463519264,-0.01746048731506743)
830.5 (-0.002393340043416722,0.0492080249136146)
830.625 (-0.001367381905225164,-0.003609764633819829)
830.75 (-0.03909172427641148,-0.06771762200989069)
830.875 (0.05569097781377984,0.07845710498453602)
831 (-0.01924501813882813,-0.01701579532705655)
831.125 (-0.03239003348365085,-0.03752843817414551)
831.25 (0.04946681280210648,0.0211388182613247)
831.375 (-0.02339533336775297,0.03179836548613757)
831.5 (-0.01998084717621494,-0.04378909867012057)
831.625 (0.05403390502846101,0.004928058209880443)
831.75 (-0.06266982516417582,0.02274709395861818)
831.875 (0.03809118948981376,-0.006270469277806214)
832 (0.006583419731225229,-0.01027579100851883)
832.125 (-0.03024425256725133,-0.01836449250533683)
832.25 (-0.0003997149359090531,0.06247775629055565)
832.375 (0.06157859423407497,-0.06286842453530003)
832.5 (-0.08549262403191227,0.02631307071243787)
832.625 (0.03878098001801134,-0.01797829137419764)
832.75 (0.03210044942528049,0.05759270966344592)
832.875 (-0.05642808613215589,-0.07978035278240234)
833 (0.02586509498923367,0.02672752589877367)
833.125 (0.00430525497835974,0.05950326468284928)
833.25 (0.003184381545886618,-0.08396508872410222)
833.375 (-0.02018734128463988,0.02474933698172423)
833.5 (0.002422802677270187,0.03605852037966802)
833.625 (0.04108180028198123,-0.01830712769833506)
833.75 (-0.05753700744215228,-0.05645715193067587)
833.875 (0.02270536227220659,0.09879673328180581)
834 (0.02347080340941871,-0.06618665551349412)
834.125 (-0.02312665095476625,0.009563539711089015)
834.25 (-0.03043903182162564,-0.001674712024700737)
834.375 (0.08218808958128535,0.04628639921883548)
834.5 (-0.07461223897539486,-0.07970194810509111)
834.625 (0.01284569567940565,0.05447456288352946)
834.75 (0.03629942663418986,0.001886973887303928)
834.875 (-0.01679315782362103,-0.02248228259353799)
835 (-0.04975654916357829,-0.01696360159035801)
835.125 (0.08608468071270647,0.07079132661638532)
835.25 (-0.05276398034423711,-0.08072655623395959)
835.375 (-0.002011234879877056,0.04324225097040559)
835.5 (0.006119202962253988,-0.00541185884762255)
835.625 (0.0408097305619118,0.003173945379303892)
835.75 (-0.07201444057464194,-0.02547616274422855)
835.875 (0.05314400034154507,0.04255437533233847)
836 (-0.03199827230330585,-0.04745165426380993)
836.125 (0.06174866395106752,0.05259250291135405)
836.25 (-0.1083452169558085,-0.05797563660154828)
836.375 (0.08475949505527505,0.0472254417005623)
836.5 (0.02568546189005175,-0.01732541535819679)
836.625 (-0.130146461568565,-0.008475721333567514)
836.75 (0.1346306371007044,0.009295551809786497)
836.875 (-0.05920070658848853,0.004525365570532523)
837 (0.007303009415362879,-0.007240791005833903)
837.125 (-0.03174174973973926,-0.002680235913539131)
837.25 (0.0732603580127734,-0.002135519355415015)
837.375 (-0.04569953373980414,0.03622021843807621)
837.5 (-0.04851366727440205,-0.06957678562450535)
837.625 (0.1184083977605502,0.0559001700652252)
837.75 (-0.09327505550349242,0.007125932900539175)
837.875 (0.004242346949604583,-0.06259773995106153)
838 (0.05296146688902343,0.05331996373626186)
838.125 (-0.02298796749565443,0.009175425493800833)
838.25 (-0.05490613783147282,-0.05181201265408985)
838.375 (0.09470402473368837,0.02327404941080409)
838.5 (-0.05529780436361125,0.04317833612641611)
838.625 (-0.02002857680193033,-0.06715667054338764)
838.75 (0.05339931961714744,0.01853496174927057)
838.875 (-0.01686166115003133,0.04356377077914068)
839 (-0.03936455213325345,-0.0411728605686976)
839.125 (0.04707032924911793,-0.0266341424209304)
839.25 (-0.0006635899606849807,0.08031055853354806)
839.375 (-0.03819459958958608,-0.05423255315555223)
839.5 (0.01873903910373618,-0.02568136149586072)
839.625 (0.03660507616815998,0.0740345466440845)
839.75 (-0.06520285112326721,-0.04575909140800739)
839.875 (0.0451324812429247,-0.01786290304322592)
840 (-0.01426886492345309,0.04689560361233457)
840.125 (0.008825193075950753,-0.02553016202871989)
840.25 (-0.01574882681975703,-0.002019594023082687)
840.375 (0.003991023195481537,-0.00122786128075013)
840.5 (0.02233619316680435,0.02063823233337064)
840.625 (-0.03269822995578245,-0.02327896344412604)
840.75 (0.02113742842928042,0.0114855281706224)
840.875 (-0.01462679900550213,-0.01478789066239663)
841 (0.02763100593470573,0.03441031655050874)
841.125 (-0.03985626195740839,-0.02925870394925448)
841.25 (0.03325471073385504,-0.02704143597278854)
841.375 (-0.02493213718808707,0.09726184815823086)
841.5 (0.0395381383892133,-0.1152683049443059)
841.625 (-0.06580218464754048,0.06399473256833847)
841.75 (0.06988591843325713,0.005347933045106083)
841.875 (-0.04650281249291591,-0.03471430217806613)
842 (0.0266647179096595,0.0182568179227713)
842.125 (-0.02953524984709278,0.009189539605186672)
842.25 (0.03469408572768018,-0.02245030237892553)
842.375 (-0.01799605498281629,0.02503412439410992)
842.5 (-0.007095126947131021,-0.02712371005364778)
842.625 (0.009083646531736348,0.02729067524229704)
842.75 (0.01166571404082887,-0.02009853681021853)
842.875 (-0.02191717083945139,0.007818030515911411)
843 (0.006317356749320143,0.001701084916433408)
843.125 (0.009385122618305772,-0.001326531859339774)
843.25 (-0.001051512600599668,-0.01325646104883626)
843.375 (-0.01024061756853803,0.03816505906660506)
843.5 (-0.01451485600246409,-0.05490746377676909)
843.625 (0.06832612872042937,0.04119681407008171)
843.75 (-0.09437400904883154,0.002849126519016802)
843.875 (0.05841073762092074,-0.04680830428906199)
844 (0.0001431930705655742,0.05833627039521304)
844.125 (-0.01529983028205422,-0.03585750729341284)
844.25 (-0.01863282838834938,0.005534100351134926)
844.375 (0.03984167673284311,0.008941162540448966)
844.5 (-0.005202497217679097,-0.004137909232292155)
844.625 (-0.04636651649449808,-0.009138468621553894)
844.75 (0.0417401091719275,0.01483730898265983)
844.875 (0.02906284514658449,0.002726216955552299)
845 (-0.09418042490899095,-0.04297932614551991)
845.125 (0.08307210694124199,0.07404141932882213)
845.25 (-0.005241568229358094,-0.0542898176930982)
845.375 (-0.06648893882466571,-0.01557257270017185)
845.5 (0.07528135061548256,0.07668142076195253)
845.625 (-0.02626827588152157,-0.07052189396656301)
845.75 (-0.03615133167357592,0.008199140711972136)
845.875 (0.0739379935198476,0.0416615493347877)
846 (-0.07553859797008164,-0.03586372232336096)
846.125 (0.05001325194776469,0.00300123443642452)
846.25 (-0.01626506560588598,0.004526378881013966)
846.375 (-0.005912148323158406,0.01784433240086648)
846.5 (0.005440111909486386,-0.0285638474574869)
846.625 (0.01418760958358464,0.004993070162207938)
846.75 (-0.03778029980114818,0.02247058473108312)
846.875 (0.04634306794002023,-0.01096202249903951)
847 (-0.02554066357407276,-0.03808350721993937)
847.125 (-0.02462312865022457,0.07835438238433813)
847.25 (0.08343294191295451,-0.06928608586378569)
847.375 (-0.1182479937332545,0.01626656357422148)
847.5 (0.1081204452836459,0.03719928247854898)
847.625 (-0.06057660294795131,-0.04852908697621297)
847.75 (0.003581973103762573,0.008996062881567764)
847.875 (0.03678625379727044,0.05108987665417457)
848 (-0.0491555496194994,-0.0847534217634462)
848.125 (0.03522113079297076,0.0625402969212427)
848.25 (-0.006430613668250031,0.005336246824477608)
848.375 (-0.01797621466657396,-0.07596007404597571)
848.5 (0.02161893225973907,0.1049537951573227)
848.625 (-0.007585191008878843,-0.07855697379238162)
848.75 (-0.0005205018287930873,0.02311095083529346)
848.875 (-0.01798530949568517,0.01579721364038382)
849 (0.05625834093651948,-0.01116710186488202)
849.125 (-0.08266141429304487,-0.0212022370559036)
849.25 (0.06845834750409849,0.03882283662955108)
849.375 (-0.01270390236280298,-0.01906304530856934)
849.5 (-0.05523929438055934,-0.01314482941899)
849.625 (0.09373805639404488,0.01309780505083295)
849.75 (-0.07643452929867701,0.02895529654361974)
849.875 (0.01512688599515855,-0.07340150612499388)
850 (0.04203176657871531,0.07678967469603445)
850.125 (-0.04723679644350449,-0.03943990759912201)
850.25 (-0.000594489185545723,-0.003730517386393472)
850.375 (0.04879659938918717,0.02969119291375434)
850.5 (-0.04071700070793959,-0.04531812581530571)
850.625 (-0.02388199700791609,0.06047005951283795)
850.75 (0.08342859021560721,-0.06594880894145232)
850.875 (-0.07428391478148912,0.05025206490023879)
851 (-0.004624113204516208,-0.02278038780500901)
851.125 (0.08836347186831348,0.002297922696736901)
851.25 (-0.1065241111055815,0.01084950249563929)
851.375 (0.04804531127995967,-0.03230975260747531)
851.5 (0.03097938333274097,0.06371709968445036)
851.625 (-0.06208670659504787,-0.0831734575666384)
851.75 (0.02878837907297403,0.07222424092089216)
851.875 (0.02166086996769441,-0.03925516474757243)
852 (-0.0309791999384737,0.008026764269125951)
852.125 (-0.00679759611019297,0.006861658483180902)
852.25 (0.03981389678865849,-0.005441870580966594)
852.375 (-0.0189766597426989,-0.00515091981370109)
852.5 (-0.04307726735463577,0.0124147593234021)
852.625 (0.08478357012459783,-0.003174358123115166)
852.75 (-0.06746350171332088,-0.01831267302585656)
852.875 (0.02039192334493178,0.02537269611964194)
853 (-0.003515112511416453,-0.001659603294472728)
853.125 (0.0337366268992401,-0.0261907281159765)
853.25 (-0.06661194919854452,0.01446197351438113)
853.375 (0.05487634043100798,0.03546328136131897)
853.5 (-0.007993108958885213,-0.06919884532534648)
853.625 (-0.02155653770585849,0.04840826771654372)
853.75 (0.003859958246937306,-0.00165531867107563)
853.875 (0.03530313883112722,-0.01925471330414541)
854 (-0.0502757611667574,0.01271022845111727)
854.125 (0.02887069257329199,-0.01887139870173117)
854.25 (0.001439917566561849,0.04563690971373888)
854.375 (-0.01245611647185065,-0.05040494452125704)
854.5 (0.005970866307631317,0.01070919489708354)
854.625 (-0.004591670187823774,0.02917737602330462)
854.75 (0.02189382877503289,-0.01701336332522827)
854.875 (-0.04669222040481457,-0.02826932466861383)
855 (0.05389526636327069,0.04083480442787376)
855.125 (-0.03001198064767398,-0.003392522074728908)
855.25 (-0.009185648801727921,-0.0287115365861897)
855.375 (0.02872844072137731,0.009633999613250661)
855.5 (-0.009816454943679618,0.03312133679387606)
855.625 (-0.0248829522617941,-0.0445218953781836)
855.75 (0.03195663345079422,0.02049279677153452)
855.875 (0.001800046393699025,-0.0005455184095354462)
856 (-0.0398428984049865,-0.002796114479503595)
856.125 (0.0378859304885294,0.01905122649722771)
856.25 (0.001792655112315614,-0.05686873197108144)
856.375 (-0.03283698219134223,0.07039152198871398)
856.5 (0.02063698175728166,-0.01842214792372416)
856.625 (0.01926611307593223,-0.06786704609505173)
856.75 (-0.04318699922982942,0.1130349595791497)
856.875 (0.02741325316824146,-0.08612768487060266)
857 (0.01314339969442734,0.02807728666944498)
857.125 (-0.04444144280249588,0.01133031568362798)
857.25 (0.04210671413513147,-0.02911218599755869)
857.375 (-0.008849556279086398,0.045392944208357)
857.5 (-0.02561205941423586,-0.05448973262181907)
857.625 (0.02782030405944853,0.03458044097135383)
857.75 (0.003973775690985518,0.002904065427319278)
857.875 (-0.03221731412145677,-0.01092042220379903)
858 (0.02195057203986286,-0.03316562119531963)
858.125 (0.01412369869603123,0.08829421497080034)
858.25 (-0.03232769282121389,-0.09089917007462853)
858.375 (0.01981446029390757,0.02721139424100109)
858.5 (-0.01232894282740131,0.05204286472219655)
858.625 (0.036662542865657,-0.08712491550342398)
858.75 (-0.06248338134471547,0.06667994461373089)
858.875 (0.04268744929414322,-0.02930746861227755)
859 (0.01140977565872025,0.01896132517372564)
859.125 (-0.03518297709511181,-0.04295458209105271)
859.25 (-0.002272825334327499,0.06841510310413287)
859.375 (0.05212338681442789,-0.05796766700095507)
859.5 (-0.04940132296904656,0.01274687994905601)
859.625 (-0.001884184032821619,0.02207366744226563)
859.75 (0.03899707539874833,-0.004182757067987789)
859.875 (-0.02600445564270424,-0.0521212771476795)
860 (-0.004983794477389558,0.08301169024772725)
860.125 (0.004326458973911517,-0.04755830882219178)
860.25 (0.02994494239613943,-0.0159010777638363)
860.375 (-0.05358889911611837,0.02574435392226974)
860.5 (0.02931840506192871,0.04589388352930406)
860.625 (0.03582874362010896,-0.1295484571821889)
860.75 (-0.09889805545125047,0.1291793797286705)
860.875 (0.1162021067077564,-0.03125475479732564)
861 (-0.07748371359629017,-0.07747680247171472)
861.125 (0.01665996894255417,0.1084057322992046)
861.25 (0.01610965269276565,-0.06833846382842521)
861.375 (-0.003837500753230142,0.03754094511863038)
861.5 (-0.01998450627042883,-0.06025099182989473)
861.625 (0.01420228699999649,0.09168502285705991)
861.75 (0.01607683744318935,-0.06927986600752477)
861.875 (-0.02568651835971404,0.006625515404214415)
862 (-0.01097857016172203,0.02287746361249724)
862.125 (0.06692645903251304,0.009815979575490814)
862.25 (-0.09741451942281604,-0.04646042213151179)
862.375 (0.09000915083505193,0.02291961239095447)
862.5 (-0.06518152357774451,0.04108205940841055)
862.625 (0.04129126449747557,-0.07252052059220128)
862.75 (-0.02150085557292744,0.04994088671386951)
862.875 (0.01037438047244844,-0.02903169538088182)
863 (-0.01691767960615538,0.05268849257248714)
863.125 (0.03272065398487804,-0.07956244584567805)
863.25 (-0.02865170790298462,0.03989336519388435)
863.375 (-0.008452486380640665,0.05644307928845699)
863.5 (0.04712394894891531,-0.1139925986815747)
863.625 (-0.04098897321659355,0.06605402100766102)
863.75 (-0.01269345053432265,0.0359569556207156)
863.875 (0.06238461484811483,-0.07623633818141273)
864 (-0.0578265120067266,0.01066770007153761)
864.125 (0.005161104939180154,0.07857015329298339)
864.25 (0.04242331572990057,-0.07765713405888025)
864.375 (-0.04222497152995929,-0.0245812681776673)
864.5 (0.001287318215351247,0.1212924957252509)
864.625 (0.03712039316961266,-0.110790745011765)
864.75 (-0.03610459828202766,0.01220617260836785)
864.875 (-0.004373557719935334,0.06395877007786259)
865 (0.04920850515278355,-0.04956217254542915)
865.125 (-0.05767808275029953,-0.01115374187561531)
865.25 (0.01948837038859469,0.03400442586799676)
865.375 (0.03366768604141206,-0.002476397898284797)
865.5 (-0.05728040763097303,-0.02899990303038202)
865.625 (0.03821343407263628,0.0207721539464567)
865.75 (-0.004897027570309526,0.006626612208144513)
865.875 (-0.008813202474519423,-0.01724957058050861)
866 (0.0002087112402534193,0.01047105351349463)
866.125 (0.01030979985624053,-0.005395010698145755)
866.25 (-0.01344105109002221,0.00173510278732152)
866.375 (0.01780068967732006,0.01398825677355431)
866.5 (-0.02280101139378452,-0.03638126260544583)
866.625 (0.008614543102573889,0.04478348211180234)
866.75 (0.03109911164930784,-0.03578999517214825)
866.875 (-0.062431511824534,0.02701089916127198)
867 (0.04336672078520837,-0.02706431234415687)
867.125 (0.01786877646502873,0.02433594341608335)
867.25 (-0.06190894744899077,-0.01000618675202598)
867.375 (0.04749987710454533,-0.008418006798039661)
867.5 (-0.003107381656788462,0.02323560122796395)
867.625 (-0.009729252762244515,-0.03626942178364265)
867.75 (-0.02625590006155665,0.04330105131590927)
867.875 (0.06757383168268374,-0.02936052163389694)
868 (-0.07033660835708661,-0.005629523279359797)
868.125 (0.04140334251207108,0.03431866200223176)
868.25 (-0.01729674990529362,-0.03393329399569685)
868.375 (0.01241966459987093,0.01659393085918265)
868.5 (-0.01072419123344791,-0.006319864749510541)
868.625 (0.0003516644496548004,-0.0007435580190831472)
868.75 (0.00913254359037185,0.02419808761796918)
868.875 (-0.008477756681222207,-0.05469622661029568)
869 (0.006785845772461011,0.05774650400628872)
869.125 (-0.01538847733146393,-0.02892134290928123)
869.25 (0.02711768125192862,0.009780747004280464)
869.375 (-0.02721312389104531,-0.02886167476832269)
869.5 (0.01806464918973563,0.05566969616030741)
869.625 (-0.01666171477228232,-0.04368928947928178)
869.75 (0.02799363737913539,0.0005448881332643825)
869.875 (-0.03602755721278895,0.02223622646888746)
870 (0.02568397612790042,-0.004721557189487293)
870.125 (-0.002105835245356701,-0.0155712878925459)
870.25 (-0.01921246326491702,0.004361587648406236)
870.375 (0.03281497244650396,0.01730173813132302)
870.5 (-0.04407939439994424,-0.008214754790670627)
870.625 (0.05369665140927903,-0.0256504075183825)
870.75 (-0.05167172609362129,0.03335722156573132)
870.875 (0.02937944402105031,0.01127908403580979)
871 (0.00665349017460093,-0.07036562376106396)
871.125 (-0.03590280211850586,0.08584759943745639)
871.25 (0.04039591608240487,-0.04701711488777547)
871.375 (-0.02283888781872761,-0.003423617560445271)
871.5 (0.006885382258104747,0.02550044800438064)
871.625 (-0.012620954116268,-0.0246960863211538)
871.75 (0.03133039648842222,0.03005990994782365)
871.875 (-0.03544647253502725,-0.04293440373623732)
872 (0.01790286816177783,0.02964084610827985)
872.125 (-0.005667883178448962,0.02763793202607919)
872.25 (0.01931646625331661,-0.09073174469552088)
872.375 (-0.03439677153839558,0.09999678921515624)
872.5 (0.01224507044595827,-0.04838040648108988)
872.625 (0.03401055233442957,-0.004148623088621131)
872.75 (-0.0424866214501205,0.00394560332026737)
872.875 (-0.01091092322084575,0.02918304275744284)
873 (0.06287783247160422,-0.03407649838374077)
873.125 (-0.03711970242049535,-0.003944839942802744)
873.25 (-0.04780256962578013,0.03449027648230933)
873.375 (0.09105924526145459,-0.01896787114580896)
873.5 (-0.03571623967569236,-0.01168619197025696)
873.625 (-0.0591552324600072,0.005445332979194611)
873.75 (0.09467706798758231,0.02910161548253093)
873.875 (-0.04955179692793256,-0.03309744666148322)
874 (-0.01159622504725033,-0.01304663262992631)
874.125 (0.02990431594098659,0.05555866243776723)
874.25 (-0.01341056193423084,-0.04216097523908394)
874.375 (0.005772968996761214,-0.003762556081901776)
874.5 (-0.02744686743583334,0.01812401834202888)
874.625 (0.06194518699384484,0.01342049036818472)
874.75 (-0.08011541470015651,-0.04115211865774757)
874.875 (0.06332704870154017,0.02714801869142932)
875 (-0.01589767035949434,0.004017478969868187)
875.125 (-0.03223775840248476,-0.007241792505109656)
875.25 (0.04564243891757501,-0.01947392411860203)
875.375 (-0.01922379196125682,0.04019261120713839)
875.5 (-0.01334991116069744,-0.03463664284478087)
875.625 (0.01816372301986302,0.01800219051205469)
875.75 (-0.0002980537158961328,-0.01124908323753095)
875.875 (-0.01018002320661108,0.0155245676611323)
876 (0.0008352796942554525,-0.02193581625249766)
876.125 (0.01191010816149491,0.02473208027374051)
876.25 (-0.01229561466968605,-0.01795149278648888)
876.375 (0.005170836447986534,-0.004425898336930295)
876.5 (-0.0005136643178343249,0.03469609030614363)
876.625 (-0.004463907895450121,-0.05140585997922912)
876.75 (0.01557618869589042,0.04510720159723054)
876.875 (-0.02492002178885096,-0.03276041595732283)
877 (0.01822651891939741,0.03239470684454249)
877.125 (0.003980743707836295,-0.0335694204079671)
877.25 (-0.02337169567087317,0.01278845002214296)
877.375 (0.0231328861331874,0.02512202592177384)
877.5 (-0.005451957971113478,-0.04348488606929612)
877.625 (-0.009984692836179873,0.01839211761523038)
877.75 (0.003233924082971219,0.03006952658653992)
877.875 (0.02581659525878905,-0.06240480712968532)
878 (-0.05169092421890952,0.06385798843407589)
878.125 (0.04453806598962336,-0.0512345338169543)
878.25 (-0.003637988634471054,0.0439976046903922)
878.375 (-0.03642130839590915,-0.04452493088094188)
878.5 (0.04203313917043436,0.04535673912223997)
878.625 (-0.01840640612136334,-0.04059702268799258)
878.75 (0.0006818833585829569,0.02588540227672223)
878.875 (-0.01075682342251832,0.0003969812885659747)
879 (0.03620220898344831,-0.02721159836035959)
879.125 (-0.05155796582760249,0.03086663842379631)
879.25 (0.04479991558033537,0.001786500868211972)
879.375 (-0.01793654507639768,-0.05039110464290114)
879.5 (-0.02232549709720209,0.07318579276764156)
879.625 (0.06214089148904833,-0.04916416953661069)
879.75 (-0.08007839294355791,0.002509882310218037)
879.875 (0.06598956548440427,0.02406588926727569)
880 (-0.03767753250684671,-0.01904753351766449)
880.125 (0.02491959631380379,0.01345320735171414)
880.25 (-0.03624696670884905,-0.03613097225138751)
880.375 (0.05195071111585658,0.06907937732681931)
880.5 (-0.04960715152499809,-0.06556887005182054)
880.625 (0.02509200009702508,0.01321925391175082)
880.75 (0.01140473569030201,0.04232927961073044)
880.875 (-0.04468824824101194,-0.0510873412195495)
881 (0.05531065859059819,0.02047346480982319)
881.125 (-0.02936199087557092,0.001031622895680747)
881.25 (-0.01766451949560915,0.004118468492512325)
881.375 (0.03956655311984426,-0.0003968521354391604)
881.5 (-0.004063179214685822,-0.0381418366196321)
881.625 (-0.06355089131452707,0.07437849844694487)
881.75 (0.1026278741021049,-0.05152097885547464)
881.875 (-0.08733695192572911,-0.02132231322872489)
882 (0.05354582356926192,0.066791983373667)
882.125 (-0.04402373086700425,-0.03312023816935674)
882.25 (0.04822432697556148,-0.04001915539404288)
882.375 (-0.02302831140702485,0.07126148039094532)
882.5 (-0.03520468128279733,-0.03444992886902867)
882.625 (0.07312841925300846,-0.02020165812070989)
882.75 (-0.04638325274284733,0.03363748075672708)
882.875 (-0.02211092496329184,-0.0002039294640660093)
883 (0.07134871892185823,-0.03889208667446688)
883.125 (-0.07432118937723937,0.04174930533272012)
883.25 (0.05371725183440234,0.001079239733463458)
883.375 (-0.03206876273498867,-0.06040133141851232)
883.5 (0.001180044692034888,0.08564542645067827)
883.625 (0.04560664611193947,-0.0457965579444359)
883.75 (-0.07966137524755809,-0.03230047222328843)
883.875 (0.06543193899610943,0.07952132006362789)
884 (-0.01245276688645196,-0.05572736469499202)
884.125 (-0.0310736852993437,-0.002761796977351674)
884.25 (0.03878844101085494,0.02512272799791339)
884.375 (-0.03280046770891072,0.0103544112235952)
884.5 (0.03870865134229545,-0.05633295512559919)
884.625 (-0.04027787033137223,0.06043213534637869)
884.75 (0.005681495654616264,-0.0254805700011948)
884.875 (0.05277081111090359,-0.004283754696912814)
885 (-0.07823500536092447,-0.001201713786161596)
885.125 (0.03726888094406076,0.03155104810133234)
885.25 (0.03467407560094364,-0.05425714361876507)
885.375 (-0.07296485963562375,0.04401361271522525)
885.5 (0.05754393906099563,-0.0005982360809784201)
885.625 (-0.02825839010668382,-0.04793802117383023)
885.75 (0.02893805771714224,0.06442237645793035)
885.875 (-0.0539167595307949,-0.03918076659358891)
886 (0.05814509635083393,0.004646283859955649)
886.125 (-0.01265303955347085,0.0008916289164017214)
886.25 (-0.05826312180820144,0.01900488790491085)
886.375 (0.09543785986684414,-0.0260033444525244)
886.5 (-0.06072101846089161,0.002490081027647176)
886.625 (-0.02160460596813771,0.02343898882643915)
886.75 (0.08069081412440021,-0.01982336872485606)
886.875 (-0.06551631979069228,-0.003280309848475186)
887 (-0.001157857167593693,0.01156284228641111)
887.125 (0.04414749377648312,0.00142220813296691)
887.25 (-0.01756349447758876,-0.006778163135792825)
887.375 (-0.04456161810594737,-0.01411726028942342)
887.5 (0.07119134697024172,0.04118707703540572)
887.625 (-0.03906205551558298,-0.04456453324103371)
887.75 (-0.006585447654524104,0.02525499439348165)
887.875 (0.01699383497694157,-0.009894660728978969)
888 (0.0002245997209562345,0.01215048198099753)
888.125 (-0.003156711871591976,-0.01681061706172058)
888.25 (-0.02072787471483089,0.004530945474804561)
888.375 (0.04126623979750657,0.01992523662609774)
888.5 (-0.03324879244915133,-0.03174029587097373)
888.625 (0.00924966157512098,0.01469058821643151)
888.75 (0.004885274130534533,0.01922081607244474)
888.875 (-0.004889191235944097,-0.03934786571401724)
889 (0.0009227590279222973,0.02587080723526116)
889.125 (0.008399667275117364,0.008849309721237075)
889.25 (-0.03040528767457091,-0.02989888576058984)
889.375 (0.05193170854637416,0.01482764740673718)
889.5 (-0.04441496881543558,0.02100386841118406)
889.625 (0.002782955169360039,-0.0395522439008168)
889.75 (0.03908063374017191,0.02308349813973808)
889.875 (-0.0439136853756758,0.003868834039594466)
890 (0.01186512767652599,-0.002765810646021549)
890.125 (0.0242369743528158,-0.03136103928820223)
890.25 (-0.0356024805753939,0.06184711216765808)
890.375 (0.01928027422809763,-0.0550200439736705)
890.5 (0.007778564492698344,0.02223686282287384)
890.625 (-0.02256596539543279,-0.002741650415141696)
890.75 (0.009709082937416805,0.007566941782564776)
890.875 (0.02242259474787762,-0.002499894429579539)
891 (-0.04091690222306265,-0.03996126605833391)
891.125 (0.02096836952590139,0.08934251193435887)
891.25 (0.01885034335036762,-0.08641295554983278)
891.375 (-0.0336080858510872,0.02304519169077167)
891.5 (0.01197225229531602,0.03871079844084467)
891.625 (0.003255762860006293,-0.04415929122328181)
891.75 (0.02576113149498118,0.01672821899960758)
891.875 (-0.07014834701766058,-0.01932628854810631)
892 (0.06476283249658932,0.05821211445718238)
892.125 (0.001854022777308042,-0.06952211908519605)
892.25 (-0.06520942670478964,0.01258462533707193)
892.375 (0.06889074328284835,0.06373020408993613)
892.5 (-0.03914964935057771,-0.08046852411709562)
892.625 (0.04179345880977424,0.03147847416318315)
892.75 (-0.08128232422080307,0.01450877508327028)
892.875 (0.08857510271214107,-0.009237656493407872)
893 (-0.01924664846582552,-0.02141572614218072)
893.125 (-0.07474995601725033,0.03248095498867654)
893.25 (0.1004452565575156,-0.02915513859151338)
893.375 (-0.03259098113795055,0.04698967869332295)
893.5 (-0.0626341329894585,-0.08333372707848716)
893.625 (0.1050474843820544,0.091263363198217)
893.75 (-0.07338816371600315,-0.04611559649544588)
893.875 (0.003009619128474079,-0.01513275869881704)
894 (0.05645668794706345,0.0386957393379645)
894.125 (-0.06962757784845258,-0.01915970419574763)
894.25 (0.03077616358487688,-0.0007139672780934143)
894.375 (0.02425479153584518,-0.01279540969182133)
894.5 (-0.03742382586478473,0.0470782036502853)
894.625 (-0.01249175271893093,-0.06477825613923786)
894.75 (0.07519632339711239,0.04863722958752474)
894.875 (-0.0784198164748685,-0.01711973796537823)
895 (0.01321259253599117,-0.0002607333796280382)
895.125 (0.05372372097992655,-0.002978539747143791)
895.25 (-0.05899174491348128,0.003886956057670115)
895.375 (0.01124032687658027,0.02044933977448857)
895.5 (0.03081523590435907,-0.0602096452019197)
895.625 (-0.02872227384266493,0.0796955950038003)
895.75 (-0.00671659092531031,-0.06150029069867848)
895.875 (0.0426913556234875,0.03210154913386157)
896 (-0.05546431883388869,-0.02907106200382629)
896.125 (0.0369119439898088,0.04920104748758123)
896.25 (0.006221599881182835,-0.05095575561433876)
896.375 (-0.05131739177044044,0.01339320556576157)
896.5 (0.07173780189699698,0.029570085026225)
896.625 (-0.05871976837581057,-0.03164825945239444)
896.75 (0.02719215025287257,-0.002331585120699904)
896.875 (0.0007139943641451652,0.0211499784280797)
897 (-0.0112105812597616,0.00397290329343095)
897.125 (0.001911599096402502,-0.04022895838984764)
897.25 (0.01642814890115344,0.03715767270568972)
897.375 (-0.02180333422791061,0.005921956022396094)
897.5 (0.002485724283293872,-0.03846201353522537)
897.625 (0.01985126799771924,0.02351335991470005)
897.75 (-0.010017539093267,0.0157894015939845)
897.875 (-0.02816788073143753,-0.02561436293202173)
898 (0.04516713657072601,-0.01186930707076533)
898.125 (-0.01412708445689799,0.05611635771882937)
898.25 (-0.01797064959110267,-0.05563128993242922)
898.375 (-0.01236869441234988,0.008034469551789767)
898.5 (0.08474774451639218,0.03760701551997541)
898.625 (-0.1020594421173864,-0.03792422146395631)
898.75 (0.01620769511314483,0.0032306810911463)
898.875 (0.09542073256237348,0.02077951087610873)
899 (-0.1170883056386901,-0.01210698927680564)
899.125 (0.03558370380603615,-0.00501680698766106)
899.25 (0.05074788682017958,0.001899980523352238)
899.375 (-0.05911568287979041,0.009987070159082827)
899.5 (0.01383712645802962,0.002281366154772705)
899.625 (0.004330805244550363,-0.03735220022248272)
899.75 (0.03537271430126538,0.0522223296032244)
899.875 (-0.08818764463119722,-0.02115642263890564)
900 (0.09841560511154666,-0.02318321324389638)
900.125 (-0.05865265248391182,0.0322733752031318)
900.25 (0.005412073843664511,-0.01146780232309745)
900.375 (0.02146765998213115,0.01311260864710195)
900.5 (-0.008591864066387431,-0.05677223747996049)
900.625 (-0.02716157917598865,0.09139337552683528)
900.75 (0.05613316536493139,-0.06071068153084604)
900.875 (-0.06280111006277703,-0.01507850375381514)
901 (0.05735138918056511,0.05685005732004101)
901.125 (-0.05535342470504771,-0.02280936803445739)
901.25 (0.05014411782793894,-0.04385427108026469)
901.375 (-0.02005321994677431,0.07301337652773068)
901.5 (-0.03434274386232587,-0.04844133240781122)
901.625 (0.07704132104936885,0.0128109415524136)
901.75 (-0.07256525047799882,-0.00843374392140353)
901.875 (0.02546783337682794,0.03560007023393504)
902 (0.02788468059645502,-0.06344986509245841)
902.125 (-0.0585375002601427,0.06126312646193114)
902.25 (0.06112155683491786,-0.01969456637970275)
902.375 (-0.03860345872981425,-0.04003590932688891)
902.5 (-0.004788819910261284,0.07541502474818311)
902.625 (0.0493029202958826,-0.05980165049518978)
902.75 (-0.06031073744275689,0.01746984554939764)
902.875 (0.02204106310474433,-0.004711570047950719)
903 (0.03694535235861252,0.04471690396863098)
903.125 (-0.06812118641506162,-0.09542299332582969)
903.25 (0.05108034275710432,0.09675195567232124)
903.375 (-0.006460260641367229,-0.03998848067020552)
903.5 (-0.03358348525201988,-0.02488766718298702)
903.625 (0.05058360503478281,0.04285151663555566)
903.75 (-0.0375308319075071,0.0001400008279612866)
903.875 (-0.003142373980754892,-0.0745052952624455)
904 (0.04600901149518908,0.1279209809585482)
904.125 (-0.04817038151098677,-0.1144294413609128)
904.25 (-0.004371979770212867,0.03240541334093847)
904.375 (0.06205422472957595,0.05926255826086978)
904.5 (-0.05380902014253541,-0.08776957562909107)
904.625 (-0.0264770060575544,0.04218668246338587)
904.75 (0.1001444434067859,0.01677179107717305)
904.875 (-0.09102712007521241,-0.03328002560592671)
905 (0.01758464778100633,0.01603923518996938)
905.125 (0.02988419331012404,-0.0009376478353578184)
905.25 (-0.0007783380100746623,-0.01482871668122094)
905.375 (-0.05869342176606,0.0571380286890853)
905.5 (0.07326605640549876,-0.1059064881112395)
905.625 (-0.03599155933205347,0.09741765734084931)
905.75 (0.007031781736350193,-0.01362666342818827)
905.875 (-0.02569118680555112,-0.07297152931872353)
906 (0.06274087680448424,0.07681191880181434)
906.125 (-0.07305760318054233,0.0008551500364792174)
906.25 (0.06242419756395282,-0.0810551137804657)
906.375 (-0.06834119394274965,0.1011608469117656)
906.5 (0.08865308153067868,-0.06635662459634856)
906.625 (-0.07264433208945772,0.01513755598574098)
906.75 (-0.004266869612334343,0.02622405430752062)
906.875 (0.0908631268354412,-0.04436334499906382)
907 (-0.1137433339902728,0.02735031496791046)
907.125 (0.06418825289579332,0.02070266269578004)
907.25 (-0.0008170275507383253,-0.06604520181388328)
907.375 (-0.0269791337492094,0.07015518632480679)
907.5 (0.02308528463984682,-0.02980898618364435)
907.625 (-0.009414474660781004,-0.01927484358806355)
907.75 (-0.01165775550958927,0.04010704670574893)
907.875 (0.03470895125912722,-0.02818058134193248)
908 (-0.02511804453147028,0.006992475316705632)
908.125 (-0.03897569587030283,0.003192024511429453)
908.25 (0.109650205683619,-0.006568142793193966)
908.375 (-0.1049869376154,0.02040708005216689)
908.5 (0.01517797956955713,-0.04513817109273586)
908.625 (0.06958968809543016,0.0542318701645022)
908.75 (-0.06668669870014186,-0.02256616477679845)
908.875 (0.00601828486122729,-0.03823631901822035)
909 (0.01469851506134292,0.0844311319880191)
909.125 (0.03493679134606235,-0.08350028677126527)
909.25 (-0.07869426659747288,0.04514993636505854)
909.375 (0.04161780252627747,-0.007149135224024585)
909.5 (0.04660425142720684,-0.001097656968586614)
909.625 (-0.09053319352766349,-0.02023352628162774)
909.75 (0.0508786832668748,0.04355807868125842)
909.875 (0.01198682213807378,-0.03344543598406518)
910 (-0.0180164985878954,-0.01985497826512214)
910.125 (-0.04007432403634412,0.07712462960566634)
910.25 (0.09890008485823741,-0.07812093675171999)
910.375 (-0.1002384758112017,0.01042985328748977)
910.5 (0.04546550872027481,0.06425736832426771)
910.625 (0.01836801008162714,-0.07645165317145584)
910.75 (-0.04720405101146752,0.03152926123545342)
910.875 (0.03066308675572828,0.004323647464278956)
911 (0.01163737824003302,0.002560919894933629)
911.125 (-0.05146942603020005,-0.01341286365030613)
911.25 (0.07083916783348057,-0.01546145316597555)
911.375 (-0.0683961854987898,0.06314037681538406)
911.5 (0.0530737604309988,-0.07698463945198078)
911.625 (-0.03267878623995333,0.05453578232692149)
911.75 (0.009682746818660931,-0.04861240750622863)
911.875 (0.01193018530805535,0.08698239887767609)
912 (-0.02105639392095548,-0.1235568809136698)
912.125 (0.009551898463082607,0.09087109781005188)
912.25 (0.01061971052131511,0.01487400797499048)
912.375 (-0.01089828405922393,-0.1214220642927805)
912.5 (-0.02294845288141328,0.1497902591363243)
912.625 (0.06774154504275606,-0.08684612430565963)
912.75 (-0.08377332063856913,-0.008804542933709695)
912.875 (0.06012825546911241,0.06458111507439519)
913 (-0.02626100549282801,-0.05693275160119089)
913.125 (0.01328961079467327,0.02163539001317525)
913.25 (-0.01780922248991305,-0.007510050268392302)
913.375 (0.0163355714415049,0.0270610509170835)
913.5 (-0.004198882821544465,-0.05558594466915075)
913.625 (-0.0005385859361545782,0.06763455079960209)
913.75 (-0.009969619529841794,-0.0600310069982026)
913.875 (0.01855091107663357,0.04415495504681998)
914 (-0.009651300894723807,-0.03438770644728211)
914.125 (-0.005673941639389633,0.04412355008651598)
914.25 (0.004807233792422582,-0.07090818630329411)
914.375 (0.01631354498428701,0.0806977276873711)
914.5 (-0.04170135209020009,-0.03560032778943712)
914.625 (0.0570479385132837,-0.04441368627839053)
914.75 (-0.05890986183761922,0.07638962444939568)
914.875 (0.04751123244975582,-0.007291973059070393)
915 (-0.02710408214898246,-0.1028370343452628)
915.125 (0.01227877033665787,0.1363776703597507)
915.25 (-0.01480669044136483,-0.06031000982582044)
915.375 (0.01956247625031741,-0.03274168366808507)
915.5 (0.006158449415043839,0.04482876111197467)
915.625 (-0.06495424600258763,0.008487459267642966)
915.75 (0.1061032019641731,-0.03773855068530604)
915.875 (-0.07357969586585489,0.007113021371292192)
916 (-0.02325792374407267,0.03258624377963049)
916.125 (0.1068536941699252,-0.03251174648279751)
916.25 (-0.1087047484163124,0.01024638572640401)
916.375 (0.04015283098052643,-0.006204948202100453)
916.5 (0.02230012333347079,0.01997904915893209)
916.625 (-0.01759730773279718,-0.02491950977181548)
916.75 (-0.04106569021099173,0.0188149550355617)
916.875 (0.0857286788709548,-0.0196607862339725)
917 (-0.06516671300739856,0.02323014451798445)
917.125 (-0.005377590709914596,-0.0062242515752939)
917.25 (0.06303611451668067,-0.02677910034986372)
917.375 (-0.06168177229470927,0.03820635466843253)
917.5 (0.01381706726628507,-0.0130300283033788)
917.625 (0.03023809830945591,-0.01289313875802795)
917.75 (-0.03574616397929263,0.003823050274264913)
917.875 (0.008624315427542342,0.02041888346563544)
918 (0.02525940339339797,-0.01303112554538851)
918.125 (-0.0488150237032699,-0.02577169993226841)
918.25 (0.0581664083538473,0.04074653432886993)
918.375 (-0.05399335010820983,0.00312761732616129)
918.5 (0.04127160765637528,-0.06637723279217335)
918.625 (-0.03085058749949345,0.07902759641811434)
918.75 (0.0296537926206301,-0.02724805967601171)
918.875 (-0.03254088253028563,-0.02797609667341919)
919 (0.03290126856790842,0.02238097465391048)
919.125 (-0.03560473455550318,0.0369027471283975)
919.25 (0.04681676458419332,-0.08004971395233534)
919.375 (-0.05585751132612451,0.05439742597072064)
919.5 (0.04518543924763525,0.01595627624881103)
919.625 (-0.01899462308187185,-0.0588518809226087)
919.75 (0.001933100727978265,0.03859074307621201)
919.875 (-0.003030093459050345,0.003272709545338302)
920 (0.003057550309169932,-0.003013613288334191)
920.125 (0.007275487731260148,-0.03989301083655077)
920.25 (0.0005912103960997895,0.05815172542026212)
920.375 (-0.05172158736257512,-0.006518948815599131)
920.5 (0.1079044343721965,-0.06792897887494198)
920.625 (-0.09044933758818868,0.07542993669720378)
920.75 (-0.02043159280708883,-0.0001309227795132944)
920.875 (0.1373093642270515,-0.06706382186432366)
921 (-0.1474185149326472,0.03317743287177718)
921.125 (0.0372119026382817,0.07808090098017161)
921.25 (0.08910093288799309,-0.1446750491518133)
921.375 (-0.1203130985403634,0.08723719781502688)
921.5 (0.05060080630915028,0.03606848519476296)
921.625 (0.02777039134595102,-0.09680589332935803)
921.75 (-0.03216422716110499,0.04404544056996128)
921.875 (-0.02649813805822873,0.04530328912290908)
922 (0.0702884305552603,-0.06802673138106663)
922.125 (-0.05150729129503449,0.01518120914663012)
922.25 (0.005142061203030115,0.03627170651716335)
922.375 (0.002592224139893977,-0.0359701536568104)
922.5 (0.03733345278337832,0.01942172388549767)
922.625 (-0.06478226064936403,-0.03859027676184561)
922.75 (0.03109222555310569,0.07114903398212899)
922.875 (0.03373939267648994,-0.04594663419090236)
923 (-0.05657288808276417,-0.04539226406618486)
923.125 (0.01161299699257615,0.1123418427015584)
923.25 (0.05256162939999319,-0.0701950311586752)
923.375 (-0.07728556770354275,-0.04619786406733657)
923.5 (0.05858048396844691,0.1145259492921166)
923.625 (-0.03628677278273035,-0.06759112159352033)
923.75 (0.03908680459944658,-0.03368238656798401)
923.875 (-0.05831726199006715,0.08281248450245654)
924 (0.0652719047007853,-0.05126068139392208)
924.125 (-0.03752232778305831,-0.000215579706190211)
924.25 (-0.02398373655348822,0.01646419369546975)
924.375 (0.08670019179999683,-0.01206235035212539)
924.5 (-0.1021470073103432,0.02946200469357236)
924.625 (0.0523717913105677,-0.0656582622377226)
924.75 (0.01789903484258126,0.07373260043062724)
924.875 (-0.03784365820718626,-0.03241878174748273)
925 (-0.0103725214572459,-0.01715512047067705)
925.125 (0.06577843251637677,0.02088684216851812)
925.25 (-0.05695289265447483,0.01676668672700002)
925.375 (-0.01327003314219418,-0.03427065218030971)
925.5 (0.06814419969344382,-0.01044733456897599)
925.625 (-0.04203220729281525,0.082874662392541)
925.75 (-0.04696223838609624,-0.1069553508213928)
925.875 (0.1144772550705797,0.05224841934361326)
926 (-0.09622424090710685,0.03040743367668355)
926.125 (0.01311628239814687,-0.06446702354625075)
926.25 (0.0522666180438125,0.02566707465160016)
926.375 (-0.0446113016981546,0.04543594734771912)
926.5 (-0.006864273562852551,-0.09762027196581194)
926.625 (0.03125072443748948,0.1155806714563394)
926.75 (-0.008019899453004855,-0.1108932723348944)
926.875 (-0.01167807198230868,0.08888285917345914)
927 (-0.01475821378248923,-0.04564657078728158)
927.125 (0.052573998583039,-0.005950156992811284)
927.25 (-0.03634952724333737,0.03009434566550678)
927.375 (-0.03040571134894256,-0.003643511831356438)
927.5 (0.0708500780017693,-0.04778448534734771)
927.625 (-0.0389501636043119,0.06668067727450581)
927.75 (-0.01768677406588023,-0.02592712759415886)
927.875 (0.0293529155189509,-0.03385709176692204)
928 (-0.004175222457917093,0.04449329451023694)
928.125 (0.008614423928903839,0.009616835850813611)
928.25 (-0.0610566662624631,-0.06708386780424151)
928.375 (0.1002200431703381,0.05972135096726711)
928.5 (-0.07488544026379293,0.001986485993975813)
928.625 (0.01994253808082896,-0.03778788035210921)
928.75 (-0.007497926609308385,-0.00245554563578904)
928.875 (0.04724992157660549,0.07273269178370395)
929 (-0.07799521900304797,-0.08683861636069266)
929.125 (0.05473078938166941,0.02621205767046297)
929.25 (-0.00564295380345142,0.04076154841405569)
929.375 (-0.01044964391654703,-0.050857678719077)
929.5 (-0.02356839497625445,0.02437165427685268)
929.625 (0.07295012323065128,-0.02765572044803672)
929.75 (-0.09707947549878648,0.07608975156276558)
929.875 (0.08375971695299048,-0.1096743424342849)
930 (-0.04521708919416348,0.07075672340766902)
930.125 (0.00270341834341689,0.01960967844494494)
930.25 (0.02207923959023035,-0.08141917593938935)
930.375 (-0.01741543517353076,0.06331881497672019)
930.5 (-0.008132421483141359,0.004426067988802984)
930.625 (0.03464328347356485,-0.04522115567098559)
930.75 (-0.05381513107503758,0.01657920812613353)
930.875 (0.07207699061618192,0.04707531958202409)
931 (-0.08633923558682176,-0.07078634902353764)
931.125 (0.07396686228136239,0.01914270772742666)
931.25 (-0.02417832289420681,0.06192740474323866)
931.375 (-0.0309268969883259,-0.09103554138821847)
931.5 (0.04209785148285906,0.03953061791657974)
931.625 (-0.003579364354288548,0.0391715163968032)
931.75 (-0.03430182604490152,-0.07580471969820521)
931.875 (0.02554079647306157,0.0629690118593626)
932 (0.01600629992921734,-0.04438455406677118)
932.125 (-0.04011422880051543,0.03863905715403711)
932.25 (0.026935638947626,-0.01480311127127515)
932.375 (-0.004803357085208671,-0.04151294997868803)
932.5 (0.00348562462863572,0.07786839333665679)
932.625 (-0.01782338426540341,-0.03524195608345162)
932.75 (0.02865586677811004,-0.05563106062205948)
932.875 (-0.03607141708898411,0.09238883614033369)
933 (0.05043484583366591,-0.0312042332383158)
933.125 (-0.0635201658789929,-0.04780872604167809)
933.25 (0.05451169894597549,0.04118532119277623)
933.375 (-0.02272748853025986,0.03916315283741001)
933.5 (-0.008293314127594332,-0.08317260972527683)
933.625 (0.02388340014634929,0.03469878700070368)
933.75 (-0.03531382678686917,0.03482229178444182)
933.875 (0.05468759020643231,-0.03268517345689895)
934 (-0.07076678135852615,-0.02449907229588513)
934.125 (0.06470916429410346,0.04203384425483243)
934.25 (-0.03732044000909087,0.01077540371694659)
934.375 (0.003618323275366632,-0.05578842164372441)
934.5 (0.03016272167303433,0.0206214522958737)
934.625 (-0.0633021488146631,0.05416861394867327)
934.75 (0.07928030786067128,-0.06605039311917961)
934.875 (-0.05467029789135801,-0.01445317306359475)
935 (-0.002290420211870119,0.1077660921825306)
935.125 (0.04470101821215389,-0.1266684344796301)
935.25 (-0.03719251681507004,0.07386787108192076)
935.375 (0.001246784942861356,-0.01848278349199996)
935.5 (0.01021561052310537,0.001533594417890516)
935.625 (0.01983007459470456,0.001833537754142944)
935.75 (-0.05071578764656159,-0.02856671607773104)
935.875 (0.03511156213802824,0.0668966919740013)
936 (0.02293783711361095,-0.06993606164091942)
936.125 (-0.07209943229884297,0.02195775525505513)
936.25 (0.06961372789704272,0.03149325469721375)
936.375 (-0.02332681166305489,-0.03210871756620633)
936.5 (-0.02105822517066393,-0.02182855778908982)
936.625 (0.02734850369323679,0.07304723138172729)
936.75 (-0.0008917284193592896,-0.07566623746169598)
936.875 (-0.02385729105795799,0.04898274331382615)
937 (0.02356227836074852,-0.0442622978068602)
937.125 (-0.00979576505438539,0.06982436375472394)
937.25 (0.01113633529219082,-0.07819192582915051)
937.375 (-0.03665520994430091,0.03376579565470177)
937.5 (0.06488184120835556,0.0337399465212713)
937.625 (-0.06864709416343459,-0.06483638775748919)
937.75 (0.04242559422239606,0.04405791170875471)
937.875 (-0.002959747253855597,-0.01111759104983026)
938 (-0.02773270116159419,0.002206681704855715)
938.125 (0.03433939166801039,-0.009728479503280377)
938.25 (-0.01380961328449301,0.009529209081613888)
938.375 (-0.01897799133379793,-0.00155024248640027)
938.5 (0.03682213235420413,0.001012553032729427)
938.625 (-0.02615893963517523,-0.004876373117453958)
938.75 (0.006768103619578328,-0.003452627908379116)
938.875 (-0.01079450297691896,0.01779079791929028)
939 (0.0394303479588078,-0.007761490307586775)
939.125 (-0.05682602534535944,-0.03307023628649637)
939.25 (0.03581183442987691,0.06055702005753554)
939.375 (0.005712351909522119,-0.02672217427611161)
939.5 (-0.02947914582132199,-0.05403069734875907)
939.625 (0.02665134537130389,0.1109563740854332)
939.75 (-0.02117792796591121,-0.09485737916194592)
939.875 (0.02698932368452114,0.0307467465721247)
940 (-0.02828598137141249,0.01853822174995355)
940.125 (0.01213738025815494,-0.02591494819846105)
940.25 (0.002197027911249243,0.0180321426052285)
940.375 (0.01140584687914896,-0.02591402486187875)
940.5 (-0.04180389191551562,0.04174507006455689)
940.625 (0.04779459008496884,-0.03488743386834827)
940.75 (-0.01320380249879759,-0.003540812016751786)
940.875 (-0.02598943171115083,0.04833175207289507)
941 (0.02277841505777451,-0.06978345026512107)
941.125 (0.0232313741651038,0.06297225749381027)
941.25 (-0.06395091355686376,-0.04487870585770098)
941.375 (0.05636628218797524,0.03120799722419974)
941.5 (-0.006598886346514283,-0.02221379175194075)
941.625 (-0.04074546435196531,0.008471024071450284)
941.75 (0.04789707675314699,0.01444912577675688)
941.875 (-0.01457407615252838,-0.03836580218337232)
942 (-0.02904461778475827,0.04910925895142776)
942.125 (0.05157826915405716,-0.04054571577023006)
942.25 (-0.04392313490402028,0.02022101549465765)
942.375 (0.02119403584625923,0.0005021489657388092)
942.5 (-0.005942743351982016,-0.01834584019816633)
942.625 (0.007994073661679866,0.03450813993429593)
942.75 (-0.01760659166969601,-0.04156261245232176)
942.875 (0.01729675434178261,0.02507737741092668)
943 (-0.0007309416550588142,0.01567634662224695)
943.125 (-0.02018610079700115,-0.05632090004775571)
943.25 (0.02749356912101379,0.06757644748362403)
943.375 (-0.01569210427045686,-0.04642743946734576)
943.5 (-0.003821993263054448,0.01854337805663775)
943.625 (0.01715235186916532,-0.007463599157132027)
943.75 (-0.02340388660278442,0.008870036511209951)
943.875 (0.03191667211503179,-0.0008411417526151749)
944 (-0.04523665575449199,-0.02489760253911026)
944.125 (0.05146502421134611,0.05004423875756676)
944.25 (-0.03835770647495557,-0.05007160368089038)
944.375 (0.01195649856515926,0.02305549923890028)
944.5 (0.005757262412115605,0.007058139689131109)
944.625 (0.0003583480656776666,-0.01703940063457816)
944.75 (-0.02262379283782661,0.00962333710959451)
944.875 (0.04011801866421259,-0.005810429264024832)
945 (-0.04034897678473218,0.01281071396300133)
945.125 (0.02682731503118236,-0.01084480966816935)
945.25 (-0.00825053643869368,-0.01881510551352796)
945.375 (-0.01115632933529975,0.05977534676336654)
945.5 (0.02764660751106026,-0.07143382216219199)
945.625 (-0.03259180184240364,0.03817741707445203)
945.75 (0.02164061362704299,0.006531786537716958)
945.875 (-0.009042906919080133,-0.01662285582270824)
946 (0.02104873624193336,-0.01383526067960565)
946.125 (-0.06464514067629627,0.04703423962320726)
946.25 (0.1063217163165933,-0.04722292162489105)
946.375 (-0.09639147563198305,0.01707319502696431)
946.5 (0.02412279891150885,0.01247051204173345)
946.625 (0.05745549528126033,-0.01700883369460588)
946.75 (-0.07623977637179294,-0.0004884413390935802)
946.875 (0.0160158759434104,0.0152386885934371)
947 (0.06257621331582364,-0.004236465511110467)
947.125 (-0.08569096681847477,-0.02737104737319613)
947.25 (0.04499647917905345,0.04254954855134609)
947.375 (0.00139389840438133,-0.008669093981821184)
947.5 (-0.005488979951338389,-0.05689186396407479)
947.625 (-0.01512017503964826,0.09443067552115222)
947.75 (0.01372851249282195,-0.0699122422282749)
947.875 (0.01094611651028223,0.02063065894313069)
948 (-0.01035201688124163,-0.008975483114925634)
948.125 (-0.03760952545816899,0.03849911624950782)
948.25 (0.08070178773235921,-0.04968546081154768)
948.375 (-0.05095207433545788,0.007365300262151905)
948.5 (-0.04112317739094672,0.04272290965978864)
948.625 (0.1070277618056866,-0.03370096261492844)
948.75 (-0.08348894683386583,-0.02686101377484516)
948.875 (0.005985278229236115,0.06185584271329944)
949 (0.04150950974881928,-0.02619597280732429)
949.125 (-0.02915525396883423,-0.03523716133698308)
949.25 (0.001295273370955008,0.05105728950822954)
949.375 (-0.000432846535114323,-0.01682602523616319)
949.5 (0.01087635701619777,-0.00841060876367623)
949.625 (0.003741465229349661,-0.01064134791161544)
949.75 (-0.03572205518059263,0.039471773339069)
949.875 (0.04157542727605958,-0.02754857027264291)
950 (-0.009187247231822099,-0.0189777960653276)
950.125 (-0.01886934616825807,0.04539762043627143)
950.25 (0.003606127008704426,-0.02161830983301794)
950.375 (0.03288711828068137,-0.01997544595603352)
950.5 (-0.03408730861057432,0.02860625198029131)
950.625 (-0.01453756953355816,0.00125516971687208)
950.75 (0.0631631995989269,-0.02839606513042317)
950.875 (-0.05967285378066488,0.02107197489267083)
951 (0.01380363051249151,0.005778713201856772)
951.125 (0.01924964767512051,-0.01680883042626818)
951.25 (-0.0111417001780875,0.004159331452313483)
951.375 (-0.006298754036645527,0.008824894415556757)
951.5 (-0.01252128906442701,-0.007621579510145521)
951.625 (0.06260242021404294,0.008092407919127175)
951.75 (-0.08826491652329777,-0.02684374140648452)
951.875 (0.04812993283733837,0.04609114984166413)
952 (0.03281646673082569,-0.03127446448499961)
952.125 (-0.08532132207688919,-0.01711309687515864)
952.25 (0.0665567321743869,0.05302247528998704)
952.375 (-0.0004051843794624107,-0.03919766444062561)
952.5 (-0.0534273852938407,-0.003854943066430622)
952.625 (0.06134007303123399,0.02356945290565903)
952.75 (-0.03919829969631127,-0.002896273650518167)
952.875 (0.01936784445047005,-0.0227987018083961)
953 (-0.01018748961033179,0.02029070201757031)
953.125 (-0.003061253020685615,-0.003525298569157351)
953.25 (0.02671243061151953,0.005225837892045381)
953.375 (-0.04534725850541337,-0.02212791795387584)
953.5 (0.04246642033627491,0.01959644903206678)
953.625 (-0.02080690189410025,0.01124033068451017)
953.75 (-0.00607044569238595,-0.03403739924305096)
953.875 (0.03129648826929406,0.0198680927903813)
954 (-0.05064583003837183,0.006574729692782256)
954.125 (0.0494676296796202,-0.001354046300914964)
954.25 (-0.01544319029363774,-0.03095134172433004)
954.375 (-0.03193466967154742,0.03918503449897802)
954.5 (0.04667262789457016,-0.000288174814679271)
954.625 (-0.008436345503165979,-0.04129999401491696)
954.75 (-0.04270453887150619,0.03119527641217302)
954.875 (0.04698463412042424,0.01941399673596318)
955 (-0.0001462921635634923,-0.04792251056333031)
955.125 (-0.03565419735263984,0.02426130576875911)
955.25 (0.008116810461704363,0.01364448589105376)
955.375 (0.05592375850104782,-0.01841761224032822)
955.5 (-0.08006629511886358,-0.003379976394307732)
955.625 (0.03238529244880409,0.01211128357342493)
955.75 (0.03546596283516266,-0.000603713208287479)
955.875 (-0.05308233026480228,0.001704039076755163)
956 (0.01511845923301125,-0.02862542654102212)
956.125 (0.02191159896873147,0.0439744162569493)
956.25 (-0.01829236799313118,-0.0104515702959218)
956.375 (-0.003372925753597389,-0.04937730581888899)
956.5 (0.00191379640336519,0.0748338839358865)
956.625 (0.01905601623806289,-0.04296682736790509)
956.75 (-0.02037701665240984,-0.007316687930258349)
956.875 (-0.008830623101939442,0.03213602008200963)
957 (0.03197240880530484,-0.03485656760191098)
957.125 (-0.02115858829744454,0.04349681428049718)
957.25 (0.002608482643078695,-0.0583578238765394)
957.375 (-0.01798857898488736,0.05291737723648786)
957.5 (0.05671058923065684,-0.02161222617993603)
957.625 (-0.06403504287327577,-0.004440161625959796)
957.75 (0.0191251003749097,-0.0009145225662246591)
957.875 (0.03097342570070015,0.02391454216218648)
958 (-0.03452976971352266,-0.03305956157479994)
958.125 (0.005374843220355027,0.02085133870561134)
958.25 (0.001366219569394637,-0.004610953635502834)
958.375 (0.02870570292096501,-0.005076395984097596)
958.5 (-0.04896657628704283,0.01487365610804082)
958.625 (0.02022320725144453,-0.02838060982706517)
958.75 (0.03261415830907922,0.03587584764677328)
958.875 (-0.05474417675728643,-0.03104234156603642)
959 (0.03453624202906053,0.02241169165639947)
959.125 (-0.01327859434111817,-0.01842505860854476)
959.25 (0.02267365537958846,0.01304428913981432)
959.375 (-0.0394100868640516,0.001783260110890857)
959.5 (0.01826471744320935,-0.01816540909651895)
959.625 (0.04171035459101974,0.02165234573701994)
959.75 (-0.08629487964741432,-0.01502357966776167)
959.875 (0.0676717708378935,0.01695075746118547)
960 (-0.003079427639875694,-0.03398403652363247)
960.125 (-0.04380350697565939,0.04700287220314479)
960.25 (0.03814274817455764,-0.03357484842996836)
960.375 (-0.01229391262063074,-0.00354983234547374)
960.5 (0.01837143042827038,0.03882650188070141)
960.625 (-0.05773941248012382,-0.05165125869231729)
960.75 (0.08161024830185012,0.04421941034424829)
960.875 (-0.05985082565394825,-0.0321543079846579)
961 (0.02048367901889546,0.02425134590549793)
961.125 (-0.006062061938231156,-0.01561376668754856)
961.25 (0.01439299708010138,-0.0009008316034196073)
961.375 (-0.01120283476698439,0.02082484575391715)
961.5 (-0.009196107571790225,-0.02948826269952627)
961.625 (0.01251619949434076,0.0181422216084162)
961.75 (0.01859378812149011,0.004771747936222044)
961.875 (-0.04948259753543482,-0.02230168749817551)
962 (0.0395574223012182,0.02662165084984677)
962.125 (-0.002966477219611615,-0.0222688829431107)
962.25 (-0.009292277279264021,0.01339428425409251)
962.375 (-0.01747653883126026,0.002069986226950602)
962.5 (0.04082052292700234,-0.02128258953557072)
962.625 (-0.02431673345782575,0.02958548073028943)
962.75 (-0.007498471430114207,-0.01552434723192124)
962.875 (0.00367083721222964,-0.01146883959344608)
963 (0.03760686189548257,0.02999139129349129)
963.125 (-0.06148662073266026,-0.03281648461589224)
963.25 (0.03102407918440119,0.03270935477099451)
963.375 (0.01849341120445453,-0.03980020167679833)
963.5 (-0.0225916827582692,0.04507797982205299)
963.625 (-0.02741907777712215,-0.03367813680034855)
963.75 (0.07182986093135285,0.005965702552213272)
963.875 (-0.06048408007600541,0.02367193087830658)
964 (0.01729050127084612,-0.04290666340088461)
964.125 (-0.004930707645446381,0.04667729385878565)
964.25 (0.03858666382542517,-0.03217723179388814)
964.375 (-0.06631574214358302,0.002697463057681004)
964.5 (0.04098410007544244,0.02409068610163294)
964.625 (0.01688845416014473,-0.02704423209921188)
964.75 (-0.0496784628967044,0.007351412928360931)
964.875 (0.03912317928421226,0.007787582661958338)
965 (-0.0225351053868935,0.003227773598789166)
965.125 (0.0346673814746266,-0.02857014414549034)
965.25 (-0.06279002827196879,0.0379995152873969)
965.375 (0.07078010434410854,-0.02215199080173146)
965.5 (-0.04563948011692446,0.004353269253623835)
965.625 (0.002608255454485936,-0.01068899021488224)
965.75 (0.0397899490672927,0.03749575989082205)
965.875 (-0.06739566498671247,-0.0549629525435668)
966 (0.06272579711642298,0.0400369467813334)
966.125 (-0.01693955839705952,-0.001157854510584632)
966.25 (-0.04758825937998463,-0.03025848524891665)
966.375 (0.08879062414879187,0.03236085256666384)
966.5 (-0.0868790786555592,-0.01619035634825958)
966.625 (0.05807549360732994,0.01331457673952883)
966.75 (-0.02092036045162289,-0.03802731667368771)
966.875 (-0.02730315276025379,0.06710032645589992)
967 (0.0838770577835401,-0.06441910610117818)
967.125 (-0.1135362378773894,0.0230279320563992)
967.25 (0.08212625233983867,0.02721544784990303)
967.375 (-0.01310333339680574,-0.05389325552954245)
967.5 (-0.02449433745796014,0.05198898206407715)
967.625 (-0.003042743515312463,-0.03560440600392416)
967.75 (0.05031124286245341,0.01380612216250719)
967.875 (-0.0485719323834001,0.01235834887782902)
968 (-0.01222185467537208,-0.03630044134853774)
968.125 (0.07966229416200667,0.04542307875753708)
968.25 (-0.1056715673558268,-0.03501148867270007)
968.375 (0.08949124981762523,0.01164761126217933)
968.5 (-0.05578614424621499,0.01729796225462584)
968.625 (0.02048797455276562,-0.04586396997840556)
968.75 (0.00834890757788519,0.06075750180515937)
968.875 (-0.01897330128147887,-0.04695642329301738)
969 (0.008508902266890528,0.01090078234509287)
969.125 (0.003001498875729606,0.01546071734033061)
969.25 (0.005618966513385112,-0.008809120772815378)
969.375 (-0.022617731950829,-0.01446033978042916)
969.5 (0.01337001011919389,0.01806170987179437)
969.625 (0.02961227669089759,0.004805361012582199)
969.75 (-0.06660454041902142,-0.0200713486792019)
969.875 (0.05495694620015486,-0.00246207166955984)
970 (-0.001602095840139691,0.0475250243514511)
970.125 (-0.04554986356110551,-0.07112246942765001)
970.25 (0.05331502923046869,0.05279197568825872)
970.375 (-0.03265260635861507,-0.01662338825677497)
970.5 (0.01203559768595643,-0.001591178217403714)
970.625 (-0.000779912870104956,-0.003614906587867082)
970.75 (-0.009649081930851903,0.006727383252312889)
970.875 (0.02036626702430494,0.01214484056143943)
971 (-0.02019873173623592,-0.04120207677973652)
971.125 (0.007572709628124719,0.05272346433082635)
971.25 (-0.002416486711174229,-0.03855057947795621)
971.375 (0.02470388075883361,0.01939598173937354)
971.5 (-0.06372740701373626,-0.01436325336653251)
971.625 (0.08095422529991093,0.01220883666065439)
971.75 (-0.05114533905992484,0.01165858555356233)
971.875 (-0.003688798563433009,-0.05053452145048534)
972 (0.03285421823981664,0.05879334003282685)
972.125 (-0.01428501178460698,-0.004198524330238412)
972.25 (-0.01667849810396675,-0.08167706672250367)
972.375 (0.008549613271887087,0.1262158756990727)
972.5 (0.04025491769590116,-0.0923768493297694)
972.625 (-0.07537898986518432,0.01684324640905329)
972.75 (0.05371567938778279,0.03539635910937965)
972.875 (0.0008493700819371242,-0.0394733643722916)
973 (-0.02685471863423847,0.0203008115265047)
973.125 (0.0009614787668983087,-0.007029930118243628)
973.25 (0.03952182874637442,0.002317300334593)
973.375 (-0.05105151211570279,0.002082554289012418)
973.5 (0.03592778979823282,-0.003757301385159756)
973.625 (-0.02650781187906182,-0.001070185515052789)
973.75 (0.03580100669028142,0.001331195012685666)
973.875 (-0.04609757598589059,0.01519813123785816)
974 (0.04060186455288349,-0.03630940963584878)
974.125 (-0.02438547808492358,0.03467805106682844)
974.25 (0.01041283176119183,-0.008304032254204202)
974.375 (-0.001521887649075121,-0.005923043044868351)
974.5 (-0.005547733969713377,-0.02653265242907967)
974.625 (0.009243668177295154,0.09012706408544814)
974.75 (-0.005856897400405058,-0.1271402650720878)
974.875 (-0.002462259748679327,0.09480881962770968)
975 (0.009791645455869991,-0.007474867216835258)
975.125 (-0.01359283159353946,-0.07749501088656109)
975.25 (0.01506797338027572,0.1090643159962829)
975.375 (-0.01509024992287319,-0.0796491198133483)
975.5 (0.01270421997605569,0.02516248560567408)
975.625 (-0.004530694768146234,0.00636400782269922)
975.75 (-0.01428321583453503,0.006358290348146925)
975.875 (0.04083577128891934,-0.04095950310671144)
976 (-0.05519452524891243,0.05398753368678512)
976.125 (0.03400425678148569,-0.02522953041868974)
976.25 (0.01734494379056416,-0.02068614144154497)
976.375 (-0.05852856427040363,0.03942492643584834)
976.5 (0.05591707167791034,-0.0112268120575818)
976.625 (-0.02278525348883249,-0.04313937755474816)
976.75 (-6.845380860270961e-05,0.08610070259895036)
976.875 (-0.002156984144854375,-0.0952264611520308)
977 (0.009376098899360178,0.07297295826322214)
977.125 (-0.01195539558459672,-0.03667821501448675)
977.25 (0.03075848637725421,0.006078823805622565)
977.375 (-0.07170497675575899,0.005819013148795562)
977.5 (0.08934514751344806,-0.0006660288523173566)
977.625 (-0.03568559069823576,-0.004588131549049843)
977.75 (-0.06164608444726053,-0.007288254894180904)
977.875 (0.1123631481913839,0.03335737608663329)
978 (-0.0691295632816826,-0.0496242516245548)
978.125 (-0.01194653588613307,0.03737391664566731)
978.25 (0.04156629880545545,-0.009490117331702897)
978.375 (-0.006615159025366218,0.001802751993185561)
978.5 (-0.02551285999282516,-0.03171196718009256)
978.625 (0.00620888213857728,0.06953686546014302)
978.75 (0.02969895973844192,-0.06266746542428954)
978.875 (-0.01684153661176054,-0.005150315120539259)
979 (-0.0471248355788398,0.08498610249245535)
979.125 (0.09142214411023264,-0.1060192458594643)
979.25 (-0.05629755771665779,0.05147672488745959)
979.375 (-0.03355617328228994,0.01889624649837983)
979.5 (0.09147113362843848,-0.033002404225049)
979.625 (-0.05831088734299911,-0.01221214846404053)
979.75 (-0.03840547267165567,0.04976540967742125)
979.875 (0.1133256825518443,-0.02784515943820716)
980 (-0.1052723442625133,-0.02250456944565358)
980.125 (0.0300030191263292,0.02605488792791465)
980.25 (0.04283996606763067,0.03624333981041477)
980.375 (-0.05824354523379734,-0.09539342345906249)
980.5 (0.0205765764948738,0.07846666105361827)
980.625 (0.02332737505086934,-0.003037011424093332)
980.75 (-0.03636377821355401,-0.04299056017831385)
980.875 (0.0227002229273068,0.01117578023744763)
981 (-0.01223980255890791,0.05244139521384427)
981.125 (0.0220666198549242,-0.07490910119109211)
981.25 (-0.03892294845354348,0.04740127136870571)
981.375 (0.03975555458796685,-0.0182879138829974)
981.5 (-0.0233679713022869,0.01338938989579553)
981.625 (0.0122716168595023,-0.006999454063615577)
981.75 (-0.0203687471842808,-0.02216362429911541)
981.875 (0.02999702387353658,0.04755670762634295)
982 (-0.01570848794755461,-0.03393093719498089)
982.125 (-0.01260153886411287,-0.005484162888694437)
982.25 (0.01289166555123465,0.02502906751666562)
982.375 (0.02997275698484709,-0.0105375649873131)
982.5 (-0.06767968902605699,-0.007674719812837304)
982.625 (0.03889586098529527,0.007254371478900476)
982.75 (0.04689482192373427,-0.005006528890829186)
982.875 (-0.1070209154090607,0.02120512109226024)
983 (0.08057735471265587,-0.04041371592616272)
983.125 (-0.002011855569837416,0.03282859695708124)
983.25 (-0.0442789968631663,0.0005481871004733458)
983.375 (0.0277973268248719,-0.0302465946971197)
983.5 (0.002269261953756629,0.03912372932049468)
983.625 (0.004883268534055667,-0.0350393482668255)
983.75 (-0.03283930656710894,0.02430897678271557)
983.875 (0.02779261484454388,-0.001143827736995468)
984 (0.02352079119515274,-0.02675455095858498)
984.125 (-0.0748138416270189,0.02799912182155781)
984.25 (0.07724686976549304,0.01494913966917352)
984.375 (-0.03260001402921672,-0.07158197182395801)
984.5 (-0.01701921791418588,0.09100907484430547)
984.625 (0.03778202133014448,-0.0611687936179799)
984.75 (-0.03313495996895298,0.01928102930419391)
984.875 (0.03160906472484405,-0.001665261282595955)
985 (-0.0529054218121477,0.004665925976063875)
985.125 (0.08295865703784283,-0.004870800386336585)
985.25 (-0.08143373055715263,-0.002293878054195625)
985.375 (0.02266252914237891,0.004405665153744771)
985.5 (0.06742808904820445,-0.001459541603559927)
985.625 (-0.1246916500943044,0.007605489310599258)
985.75 (0.1077377604072246,-0.02220820052242559)
985.875 (-0.04057997373551064,0.02384520615889871)
986 (-0.01510047105503081,-0.004808242404242193)
986.125 (0.0250433203060505,-0.009236142938181913)
986.25 (-0.007742004370973394,-0.00490042631526648)
986.375 (-0.002049002780191121,0.02644311083012246)
986.5 (-0.003196623528331522,-0.01499571508413789)
986.625 (0.004565364362331098,-0.02477203723677537)
986.75 (0.01194286182175145,0.0374893293582003)
986.875 (-0.0384807224565601,0.007636413805040914)
987 (0.0557725343168542,-0.06381299070174734)
987.125 (-0.05059527257189415,0.06062628247792149)
987.25 (0.02464665212452776,0.002010011784356628)
987.375 (0.005374746922662104,-0.05147365207011242)
987.5 (-0.0176911991059804,0.03735785547314779)
987.625 (0.004292729572893987,0.00659277730097597)
987.75 (0.01869390007507287,-0.01548865616212327)
987.875 (-0.0264231966997946,-0.01875699895506359)
988 (0.01210165633756866,0.04450188564206628)
988.125 (0.00809095139696353,-0.02627272333079659)
988.25 (-0.01705724825066422,-0.01041131327250064)
988.375 (0.01391512314922759,0.01890726140527859)
988.5 (-0.006045597975404532,0.007768452605383797)
988.625 (-0.004035137058273318,-0.03341255360637575)
988.75 (0.01451487744013049,0.0296712203878291)
988.875 (-0.01625205227954966,-0.003096959741313355)
989 (0.002909900449554526,-0.01866868865141681)
989.125 (0.01583784135456068,0.01748159189931299)
989.25 (-0.01730883654369783,-0.001273777574076301)
989.375 (0.007254029776140344,-0.007500192203784901)
989.5 (0.002758309337809107,0.005048432693166755)
989.625 (-0.005344797786567343,0.002671945932164727)
989.75 (0.001927862111711038,-0.008203164782721265)
989.875 (0.00200514975534513,0.00709238313717377)
990 (-0.002507988311814264,-0.001006719532523523)
990.125 (0.000152271050893826,-0.004608865244465095)
990.25 (0.001967870475933029,0.006061466003063307)
990.375 (-0.001641333764038381,-0.003866325811334412)
990.5 (-0.0008022437510789829,0.001029392234892612)
990.625 (0.003189890209202362,0.0001381160217188344)
990.75 (-0.003554166711980493,0.0004203992047089251)
990.875 (0.001851165512556658,-0.001262885378186793)
991 (0.0002364422665053203,0.001332235940964632)
991.125 (-0.001221932252118351,-0.0008464372513231592)
991.25 (0.001019327214798935,0.0004769965292034054)
991.375 (-0.0004579426943551716,-0.0004003916312228285)
991.5 (0.000169012387523252,0.0002917853197551616)
991.625 (-9.064266387138656e-05,-6.136037566221822e-05)
991.75 (2.010980919289135e-05,-1.724756990143063e-05)
991.875 (-1.54705002600582e-05,0.0001133501218524278)
992 (-0.0001036562844664121,2.341397836027518e-05)
992.125 (0.0001203362340344056,-0.0001487901176297119)
992.25 (2.988743487769208e-05,2.50103396364462e-05)
992.375 (-0.000186196893084022,0.0001091836369909796)
992.5 (0.0001873489865574466,-4.636076141886397e-05)
992.625 (-7.441193331636224e-05,-2.333214137728992e-05)
992.75 (6.392266853385852e-05,9.239953168840151e-05)
992.875 (8.497528532655914e-05,-0.0001492905888365175)
993 (-0.0003332174537147402,2.501598128571925e-05)
993.125 (0.0003130086878429336,0.0001165672275296557)
993.25 (1.242805146485209e-05,-0.0001848667704006711)
993.375 (-0.0001942483517366484,0.0004500301189134967)
993.5 (-1.297998732467486e-06,-0.001032018067300575)
993.625 (9.218815841247506e-05,0.00132728602293067)
993.75 (0.0002980752305142999,-0.0007124843068303822)
993.875 (-0.0005517056240086164,-0.0002171092826254147)
994 (0.0002891191231819375,0.0004516207067109153)
994.125 (1.617909531625994e-05,-0.0001851289687960519)
994.25 (-8.127314711408122e-05,-2.625882207857137e-05)
994.375 (2.687773041542157e-05,2.97917736629459e-05)
994.5 (-2.887361405792274e-05,-2.083848477583682e-05)
994.625 (0.0001123599210041672,-7.866143384378251e-06)
994.75 (-0.0002372356371317115,-4.490708789575028e-05)
994.875 (0.0001877112119385667,0.0004937251153026007)
995 (0.0002026455784134358,-0.001139997197351124)
995.125 (-0.0004588347473612882,0.001024938516126724)
995.25 (0.0001228595004538881,-9.018197268415009e-05)
995.375 (0.0003275093766622298,-0.0004731536135115963)
995.5 (-0.0003877328995652041,0.0003286809629587889)
995.625 (9.844741891269077e-05,-4.748072547710137e-05)
995.75 (-0.0002277733174286667,9.600447964080788e-05)
995.875 (0.0001704568225537051,-0.0002371537165424378)
996 (0.0002909206491542253,0.0002563022863606799)
996.125 (-0.0006243244054070094,0.0002553799245900433)
996.25 (0.000341927619366241,-0.0009828073281388798)
996.375 (4.319740918141504e-06,0.000820115520530222)
996.5 (2.663892889630746e-05,-0.0001514278536827343)
996.625 (-0.0004207357781132348,0.0002083783876832886)
996.75 (0.0008630991201895128,-0.0005081182500880103)
996.875 (-0.0005525447553631738,0.001243877902686659)
997 (0.0001614617830466682,-0.0008701010107857543)
997.125 (-0.0005206921599307165,-0.001332962832570266)
997.25 (0.0006602797076306325,0.003027051805428594)
997.375 (0.0003053842835395157,-0.001968614339166583)
997.5 (-0.000944517334850525,0.0002291752762733493)
997.625 (0.0005033161264554175,0.0002506028481218067)
997.75 (1.744859792574631e-05,-4.209943233569276e-05)
997.875 (-8.310236010447787e-05,-3.117512717887092e-05)
998 (0.0002789770540891688,0.0001376806165334558)
998.125 (0.0004454386182436075,0.0002121224410385257)
998.25 (-0.001481304612119763,-0.0007416846086682026)
998.375 (0.0008767456385487705,0.0004327765388093395)
998.5 (0.0001506756589494102,0.0001370778652370284)
998.625 (-0.0003267867840902195,-0.0003008830663560576)
998.75 (4.935117805541391e-05,0.00011026028845457)
998.875 (5.374841676477562e-05,-0.0001025418657370963)
999 (-0.0001525444833447495,0.0001658459584074484)
999.125 (-0.0003623129224210052,-0.000255550665257638)
999.25 (0.001315111087088192,0.0006036085041298301)
999.375 (-0.0007247893847831669,-0.0007899752826875577)
999.5 (-0.003292195235768759,-0.0003850164817850142)
999.625 (0.008475365458031552,0.003406403700174489)
999.75 (-0.008940959336419176,-0.006373167660424544)
999.875 (0.002507665666469979,0.00671036356260261)
1000 (0.007432392701237061,-0.006656919998052237)
1000.125 (-0.008149571326547337,0.003562403961649759)
1000.25 (0.004782790245042245,-0.001653350503877973)
1000.375 (-0.009730435706469325,-0.003194517431041341)
1000.5 (0.01990112936107382,0.01046217094677813)
1000.625 (-0.02038606733780245,-0.01351506075466952)
1000.75 (0.004571083494510799,0.008145526448550568)
1000.875 (0.0152670791062735,0.000956724645434371)
1001 (-0.02165630684209391,-0.003970840702595373)
1001.125 (0.01300568745598525,-0.004491254611223211)
1001.25 (-0.004463312506223519,0.01867604801030929)
1001.375 (0.006732531720043343,-0.02416736822267383)
1001.5 (-0.01113793948230659,0.01027833975799584)
1001.625 (0.002767461229701331,0.01691765123724559)
1001.75 (0.01613106702397921,-0.03584955787655522)
1001.875 (-0.0261370473157234,0.03025920166513138)
1002 (0.01529041970139777,-0.007711038673671224)
1002.125 (0.005511176652370889,-0.00876956988120332)
1002.25 (-0.01658534190051275,0.008048205938229214)
1002.375 (0.01294141222188545,-0.001757584198601189)
1002.5 (-0.006308646727309412,0.003554806151013046)
1002.625 (0.005963740831677698,-0.008257940089398617)
1002.75 (-0.009010944712417408,0.005036201857157245)
1002.875 (0.009531495657114628,0.003442668599810992)
1003 (-0.00719908461624435,-0.005883022095247642)
1003.125 (0.004856749529100719,0.001303428447782429)
1003.25 (-0.003411783023381577,0.001595122296653793)
1003.375 (0.002178008942307485,0.0003731425146961315)
1003.5 (-0.001159892707290225,-0.002312138061917597)
1003.625 (0.0007257735497762292,0.001024481297165305)
1003.75 (-0.0007669144193466332,0.001179359282222182)
1003.875 (0.0008246045323292819,-0.001831414098550486)
1004 (-0.0006068707676404009,0.001326210893971288)
1004.125 (0.0001776197422844094,-0.0009141401676169337)
1004.25 (0.0001847667124356564,0.0006048571622352667)
1004.375 (-0.0001403640594089595,-0.0001328953373361401)
1004.5 (7.503613051128185e-05,-5.43622798059299e-05)
1004.625 (0.0002117354558351164,0.0005498537218453371)
1004.75 (-0.0009412171554832557,-0.0005879547557905891)
1004.875 (0.001146975592847844,-0.0003764622933740269)
1005 (-0.0004057919666655066,0.001295763320415436)
1005.125 (-0.0006479670491467722,-0.0006027074203943103)
1005.25 (0.0006887522650609346,-0.001180994736321593)
1005.375 (-0.0003481910883588603,0.001636876546142353)
1005.5 (0.001565631545586719,-0.0007558846150430521)
1005.625 (-0.003256628515596885,0.001231760710997146)
1005.75 (0.0009121452749937474,-0.003163058470156918)
1005.875 (0.005708820446651275,0.002744611167546337)
1006 (-0.009216621734607128,-0.0008828670913200392)
1006.125 (0.004496205193111607,0.006780409307601938)
1006.25 (0.0006199230021132913,-0.03366171264117294)
1006.375 (0.009168473156742457,0.04717753541890044)
1006.5 (-0.02268305853304545,-0.0257018963641679)
1006.625 (0.01320210783910915,-0.01303964218487884)
1006.75 (0.01591852171307315,0.03257629958750769)
1006.875 (-0.02935946539198048,-0.02249783413675125)
1007 (0.00783405001826756,0.007207182781784318)
1007.125 (0.02330326995855617,-0.007591641521019713)
1007.25 (-0.02645757454745774,0.01257912700923651)
1007.375 (0.002187163947331915,0.002105986957215377)
1007.5 (0.01404965934706424,-0.03624515206218806)
1007.625 (-0.001749186072003,0.05957572511407414)
1007.75 (-0.01909514244570632,-0.04479762322094229)
1007.875 (0.0190870399101113,-0.0005521007181217767)
1008 (0.001938764375146945,0.03968392351027852)
1008.125 (-0.0214649965875141,-0.04265344531886667)
1008.25 (0.02660005783580415,0.0170081226326701)
1008.375 (-0.02234635663573289,-0.0002181684501733646)
1008.5 (0.01268483345448636,0.01832567377224098)
1008.625 (0.004208110124612983,-0.05540022783482846)
1008.75 (-0.01952679642059202,0.0694284875235982)
1008.875 (0.01285860155850736,-0.04104214019636724)
1009 (0.02082157058400526,-0.003931086742119004)
1009.125 (-0.05467217088023912,0.02607961151505695)
1009.25 (0.05688556803866825,-0.01835648901222427)
1009.375 (-0.02837172461893411,0.005260032879299974)
1009.5 (0.002227060365058399,-0.002605853572515748)
1009.625 (0.002047085474824151,0.001776157185101323)
1009.75 (-0.001005550152648186,-0.001315135543271439)
1009.875 (-0.004877680078157275,-0.00156122036613327)
1010 (0.01758902568717973,0.006548937445140375)
1010.125 (-0.02575601338098668,-0.007671758189930268)
1010.25 (0.02058479453720321,0.009686434795196184)
1010.375 (0.0009657422726740379,-0.01219235153991373)
1010.5 (-0.02884628213683695,0.003325979117721016)
1010.625 (0.03984998956347863,0.02021796200198952)
1010.75 (-0.01596563161066635,-0.04057606668780924)
1010.875 (-0.03353721427177364,0.03827326702798318)
1011 (0.07141856965431011,-0.01451172176204403)
1011.125 (-0.05958117017370305,-0.01485806894237751)
1011.25 (-0.003969752774569952,0.03880190169063043)
1011.375 (0.07435562725692305,-0.05325970901228395)
1011.5 (-0.09555902097204634,0.0505493425130775)
1011.625 (0.04960254719868306,-0.02538826692953393)
1011.75 (0.02659513491057058,-0.008633863939904254)
1011.875 (-0.07490693971013163,0.02767498775770797)
1012 (0.06646979019776095,-0.02871041478780621)
1012.125 (-0.01961967019695289,0.03394352730423885)
1012.25 (-0.02381001719496708,-0.05478759088149431)
1012.375 (0.03893429415824452,0.06887003747257091)
1012.5 (-0.03835455969048807,-0.05131435196236937)
1012.625 (0.05271084853707859,0.01537937878792981)
1012.75 (-0.08727389042237704,0.003647751715746336)
1012.875 (0.1022282815084951,-0.0009998686846203369)
1013 (-0.0529751677184953,0.006527232637350414)
1013.125 (-0.04408073563836409,-0.0288228517197492)
1013.25 (0.1052368164438562,0.03025179789696255)
1013.375 (-0.06404182680546647,0.01494553597501113)
1013.5 (-0.04574136130642684,-0.0630292554739631)
1013.625 (0.1180392281555228,0.04387014652377112)
1013.75 (-0.08989034851285424,0.04084503211923722)
1013.875 (0.00659357696163624,-0.1066773074622999)
1014 (0.04277661722602559,0.09095009468733643)
1014.125 (-0.02894047644416321,-0.02997791003248233)
1014.25 (-0.002908392121382103,0.001833061358410188)
1014.375 (0.007602402845469264,-0.01888709365085936)
1014.5 (0.00621410916307743,0.02399470519803857)
1014.625 (-0.004197584483919467,0.01334985883851388)
1014.75 (-0.02032670834656083,-0.05077316299383502)
1014.875 (0.04173616118562337,0.04340909306907527)
1015 (-0.03902414209504337,-0.01690325748922532)
1015.125 (0.01691127483356977,0.02921372862939458)
1015.25 (0.007473879887200956,-0.08222837315006251)
1015.375 (-0.02420747292135446,0.118764091756768)
1015.5 (0.03334217542356381,-0.1061079763646843)
1015.625 (-0.03674125584734846,0.07532233357018216)
1015.75 (0.03238807314631074,-0.06454725973897414)
1015.875 (-0.01449372766662235,0.0635231450296323)
1016 (-0.01968734181421343,-0.04568606574342026)
1016.125 (0.05964538216143352,0.0235506143986298)
1016.25 (-0.08341662229629325,-0.02716649853372935)
1016.375 (0.07961624427679241,0.04206292299119579)
1016.5 (-0.06579464651828341,-0.02195369791292245)
1016.625 (0.06972853755151746,-0.03086444965357924)
1016.75 (-0.08800820911362756,0.05063270849385159)
1016.875 (0.07879041067358025,-0.002462729708410251)
1017 (-0.01306180645175887,-0.05172214859684195)
1017.125 (-0.07481707578689376,0.03009164308151657)
1017.25 (0.1100054336246906,0.04905984178857736)
1017.375 (-0.05904226925391431,-0.08335146506017782)
1017.5 (-0.02717999280961784,0.02529023216962931)
1017.625 (0.06526245689498705,0.05172370763320101)
1017.75 (-0.02606693985472148,-0.05417824748375768)
1017.875 (-0.04550524489218231,-0.009701051711627355)
1018 (0.0915501620513271,0.05459513255401833)
1018.125 (-0.09937553628996178,-0.04014407296824592)
1018.25 (0.09248778957450364,0.01337445970807971)
1018.375 (-0.0859306298103714,-0.02683496941180662)
1018.5 (0.07372518568223158,0.06409075979555312)
1018.625 (-0.05468266700572613,-0.07250322963609976)
1018.75 (0.04418054789016139,0.04021798799993714)
1018.875 (-0.04912584240547483,-0.005697412735687277)
1019 (0.0489222928337723,-0.0001247893655239645)
1019.125 (-0.01948424960910565,-0.00715595699605565)
1019.25 (-0.02972943505553284,-0.009982855644374266)
1019.375 (0.06052535215890793,0.06105788445439571)
1019.5 (-0.0517968111145188,-0.1087940839908469)
1019.625 (0.0270943888939176,0.09939900589423101)
1019.75 (-0.02676087249620756,-0.01719455393300497)
1019.875 (0.05833801722179651,-0.08754847752376539)
1020 (-0.08452834943882648,0.1354139456669997)
1020.125 (0.06231391410996744,-0.09523514295725981)
1020.25 (0.008722352549620628,0.01629965316244584)
1020.375 (-0.07782416050866728,0.02867388933515601)
1020.5 (0.08526322625352206,-0.02107846590760002)
1020.625 (-0.02018620813230553,-0.004365910142948602)
1020.75 (-0.06169805130513978,0.02700597802988041)
1020.875 (0.08463660349349053,-0.06703467204392619)
1021 (-0.02667280414262941,0.1319820996775039)
1021.125 (-0.05555434147257893,-0.1725079162861096)
1021.25 (0.08558485566836632,0.1291714654316239)
1021.375 (-0.04686589981295455,-0.01388869898635118)
1021.5 (-0.007650618799356585,-0.08808000807290887)
1021.625 (0.02664170352422982,0.107407242975273)
1021.75 (-0.02107988710703785,-0.05930038330153342)
1021.875 (0.03801926633012479,0.0126541785293911)
1022 (-0.08757133952936737,-0.01011525855333364)
1022.125 (0.1236022539257397,0.03340252737077906)
1022.25 (-0.1026704902836989,-0.03872230081020732)
1022.375 (0.03942049146786624,0.009100704781001622)
1022.5 (0.01290912031636539,0.03087241105058268)
1022.625 (-0.02581652887804868,-0.0453022964908883)
1022.75 (0.0171976765928704,0.02762486584376391)
1022.875 (-0.01155877421091329,-0.007160090481194508)
1023 (0.004821071769866216,0.01221477149498442)
1023.125 (0.01780562876662758,-0.03241020969589275)
1023.25 (-0.04524434784415975,0.03342138438969126)
1023.375 (0.04574756716984765,-0.00958435454840467)
1023.5 (-0.01023140600161828,-0.0006090090522014399)
1023.625 (-0.02939925703148917,-0.03155251632158251)
1023.75 (0.03676392009457424,0.07418314021809623)
1023.875 (-0.01515166272272162,-0.06669797009845997)
1024 (0,0)
