0.000000000000000000e+00 1.505275568749177630e-50
2.500000000000000000e-01 1.071615359840592451e-48
5.000000000000000000e-01 9.645734113534458551e-49
7.500000000000000000e-01 2.141470116836010901e-48
1.000000000000000000e+00 8.730050360728779237e-49
1.250000000000000000e+00 1.770347344710857423e-48
1.500000000000000000e+00 2.011496984977005530e-49
1.750000000000000000e+00 3.757129975530852268e-49
2.000000000000000000e+00 8.526289734114151238e-49
2.250000000000000000e+00 2.127474819556634846e-49
2.500000000000000000e+00 9.645105239363494388e-50
2.750000000000000000e+00 1.248246409943853295e-49
3.000000000000000000e+00 6.329764071972365121e-49
3.250000000000000000e+00 1.581738818247949098e-49
3.500000000000000000e+00 3.321136295238229902e-49
3.750000000000000000e+00 1.464321382507552438e-48
4.000000000000000000e+00 6.448627554351349399e-49
4.250000000000000000e+00 6.290168698735922770e-49
4.500000000000000000e+00 9.382279289022512992e-49
4.750000000000000000e+00 4.142463391632344974e-50
5.000000000000000000e+00 3.424440115670568692e-49
5.250000000000000000e+00 8.045843000707079849e-49
5.500000000000000000e+00 3.653850538497413216e-49
5.750000000000000000e+00 1.790342864636879006e-48
6.000000000000000000e+00 5.956104526478573276e-49
6.250000000000000000e+00 1.334793379605750798e-48
6.500000000000000000e+00 1.234666974958080446e-48
6.750000000000000000e+00 1.674691163433173391e-48
7.000000000000000000e+00 1.642255064699037324e-48
7.250000000000000000e+00 2.795161290077408947e-48
7.500000000000000000e+00 3.897917447233633741e-48
7.750000000000000000e+00 3.831006515938409254e-48
8.000000000000000000e+00 2.606802859725121181e-48
8.250000000000000000e+00 7.339536249147459888e-48
8.500000000000000000e+00 7.052951348544756058e-48
8.750000000000000000e+00 7.688647025246895211e-48
9.000000000000000000e+00 2.785882331619935321e-48
9.250000000000000000e+00 4.978235433787403178e-48
9.500000000000000000e+00 2.687669852200318886e-48
9.750000000000000000e+00 2.881420181964624865e-48
1.000000000000000000e+01 2.696424321972134906e-48
1.025000000000000000e+01 1.266064712827411735e-47
1.050000000000000000e+01 3.163224685952329647e-47
1.075000000000000000e+01 7.207714902095187831e-48
1.100000000000000000e+01 4.586087938308091750e-48
1.125000000000000000e+01 6.719103645420062675e-48
1.150000000000000000e+01 8.668374542426997193e-48
1.175000000000000000e+01 1.644680915512893078e-48
1.200000000000000000e+01 1.143483737915923082e-48
1.225000000000000000e+01 6.655303339138035796e-48
1.250000000000000000e+01 1.789230867589155291e-47
1.275000000000000000e+01 3.073437486349802500e-48
1.300000000000000000e+01 1.679703021202446746e-48
1.325000000000000000e+01 2.613869229652131197e-48
1.350000000000000000e+01 2.755544660212910857e-48
1.375000000000000000e+01 1.196898499426542378e-47
1.400000000000000000e+01 1.164301545695242282e-47
1.425000000000000000e+01 4.297461650890725763e-48
1.450000000000000000e+01 5.702881675997188957e-48
1.475000000000000000e+01 5.322608630660521439e-48
1.500000000000000000e+01 9.570478330466135886e-48
1.525000000000000000e+01 5.993564924096378988e-48
1.550000000000000000e+01 9.572373112680346055e-48
1.575000000000000000e+01 6.993061931246182659e-48
1.600000000000000000e+01 1.840021572206726835e-47
1.625000000000000000e+01 2.645042736866055298e-47
1.650000000000000000e+01 9.747156390382141296e-48
1.675000000000000000e+01 7.664796219260656318e-48
1.700000000000000000e+01 3.556211714847092040e-47
1.725000000000000000e+01 4.878365400140055983e-48
1.750000000000000000e+01 3.096720706079297596e-47
1.775000000000000000e+01 7.145960062947978120e-47
1.800000000000000000e+01 5.565320886135452073e-47
1.825000000000000000e+01 4.333430547251947310e-47
1.850000000000000000e+01 1.407703360840883028e-47
1.875000000000000000e+01 5.567674868246958244e-47
1.900000000000000000e+01 5.664213148934860903e-47
1.925000000000000000e+01 2.733234751741029960e-47
1.950000000000000000e+01 4.039272275522238459e-47
1.975000000000000000e+01 4.592418071945746406e-48
2.000000000000000000e+01 7.771069281417471998e-49
2.025000000000000000e+01 3.693245665513650946e-47
2.050000000000000000e+01 1.059768954546781367e-47
2.075000000000000000e+01 4.235190897547010011e-48
2.100000000000000000e+01 1.606427367043656643e-47
2.125000000000000000e+01 8.376848977522278289e-48
2.150000000000000000e+01 3.191746094872956265e-47
2.175000000000000000e+01 1.284859590769658705e-47
2.200000000000000000e+01 3.682122043288065687e-47
2.225000000000000000e+01 2.484501870959159056e-47
2.250000000000000000e+01 1.335098334707766080e-47
2.275000000000000000e+01 5.837754999441861905e-47
2.300000000000000000e+01 5.177538818082060680e-47
2.325000000000000000e+01 1.194425876353689850e-47
2.350000000000000000e+01 1.449739030101377145e-47
2.375000000000000000e+01 2.779130846007899072e-47
2.400000000000000000e+01 4.308693813347194950e-47
2.425000000000000000e+01 3.282276187065367973e-47
2.450000000000000000e+01 4.269959994130335702e-47
2.475000000000000000e+01 5.821080475358973424e-47
2.500000000000000000e+01 2.675844862543188194e-46
2.525000000000000000e+01 7.613203101196300342e-47
2.550000000000000000e+01 2.274420262118530389e-46
2.575000000000000000e+01 7.130890701049201179e-47
2.600000000000000000e+01 2.587802825397870385e-46
2.625000000000000000e+01 1.986449960236996870e-46
2.650000000000000000e+01 3.659450887439304894e-47
2.675000000000000000e+01 8.737329437839451083e-48
2.700000000000000000e+01 7.198916938684985959e-47
2.725000000000000000e+01 1.290756702473269096e-46
2.750000000000000000e+01 4.003722967066897033e-46
2.775000000000000000e+01 3.548895651641577407e-46
2.800000000000000000e+01 2.204798560365045152e-47
2.825000000000000000e+01 1.559216228036655390e-46
2.850000000000000000e+01 1.340526692364718433e-46
2.875000000000000000e+01 5.311473777701452218e-46
2.900000000000000000e+01 4.450753413776893813e-46
2.925000000000000000e+01 6.370027259791541711e-46
2.950000000000000000e+01 2.664043610505085059e-46
2.975000000000000000e+01 1.874705541843575346e-46
3.000000000000000000e+01 1.153746353538992588e-46
3.025000000000000000e+01 1.923634347665862334e-46
3.050000000000000000e+01 1.797430820332470924e-47
3.075000000000000000e+01 5.101744726038473541e-47
3.100000000000000000e+01 1.752432638837344069e-46
3.125000000000000000e+01 1.768143541641555436e-46
3.150000000000000000e+01 1.500416076167325552e-46
3.175000000000000000e+01 8.792832880460422664e-47
3.200000000000000000e+01 9.073214096650737632e-46
3.225000000000000000e+01 6.231809170103497952e-46
3.250000000000000000e+01 4.249023653651808397e-46
3.275000000000000000e+01 1.969478678596361024e-46
3.300000000000000000e+01 1.245782330501984254e-46
3.325000000000000000e+01 3.945351188403496448e-47
3.350000000000000000e+01 7.343778628987188841e-47
3.375000000000000000e+01 3.279498356908399928e-47
3.400000000000000000e+01 4.181274944994868965e-47
3.425000000000000000e+01 7.231595384794780041e-47
3.450000000000000000e+01 1.740022304986265439e-46
3.475000000000000000e+01 4.887649793308880198e-46
3.500000000000000000e+01 5.427922968647737258e-46
3.525000000000000000e+01 1.148683767385633459e-46
3.550000000000000000e+01 1.440158933860433866e-46
3.575000000000000000e+01 2.033068984788616345e-46
3.600000000000000000e+01 1.172901491614044211e-46
3.625000000000000000e+01 1.924072839685558901e-46
3.650000000000000000e+01 1.721642686797140317e-46
3.675000000000000000e+01 7.925182692619746196e-47
3.700000000000000000e+01 4.440835988659494820e-47
3.725000000000000000e+01 9.331229341376513948e-47
3.750000000000000000e+01 5.566377379646063388e-47
3.775000000000000000e+01 2.701524565292247141e-46
3.800000000000000000e+01 1.744999678065922172e-46
3.825000000000000000e+01 3.300726638847147441e-46
3.850000000000000000e+01 1.719575678182522579e-46
3.875000000000000000e+01 2.308754746342556003e-46
3.900000000000000000e+01 1.649749123361777511e-46
3.925000000000000000e+01 1.230678224970026867e-46
3.950000000000000000e+01 1.071414378017705622e-46
3.975000000000000000e+01 2.516372331655592737e-47
4.000000000000000000e+01 3.702000435475546490e-46
4.025000000000000000e+01 2.026452316185285552e-46
4.050000000000000000e+01 1.929293326190870346e-46
4.075000000000000000e+01 3.935223046376902194e-46
4.100000000000000000e+01 2.372978075564574146e-47
4.125000000000000000e+01 2.144405499362566248e-46
4.150000000000000000e+01 3.398462777369917343e-46
4.175000000000000000e+01 1.738953491755838554e-46
4.200000000000000000e+01 7.091077371252715153e-46
4.225000000000000000e+01 2.129671807771831766e-46
4.250000000000000000e+01 3.621400234135945042e-46
4.275000000000000000e+01 4.840619018615909141e-47
4.300000000000000000e+01 6.390267850560702735e-47
4.325000000000000000e+01 3.351216876750688166e-46
4.350000000000000000e+01 1.473506649110818865e-46
4.375000000000000000e+01 1.372007675792853975e-46
4.400000000000000000e+01 3.986429441372284973e-46
4.425000000000000000e+01 2.610714505929119664e-46
4.450000000000000000e+01 3.202526783156117876e-46
4.475000000000000000e+01 2.303693850972926461e-46
4.500000000000000000e+01 1.237323876255383044e-46
4.525000000000000000e+01 2.929158061267907101e-46
4.550000000000000000e+01 4.960876977770944077e-46
4.575000000000000000e+01 6.253692667152708790e-46
4.600000000000000000e+01 6.949625150069341079e-46
4.625000000000000000e+01 3.818273519843921742e-46
4.650000000000000000e+01 1.288598755732275771e-46
4.675000000000000000e+01 1.594112831047345612e-46
4.700000000000000000e+01 2.424894469171259575e-46
4.725000000000000000e+01 9.797667499430898264e-47
4.750000000000000000e+01 9.651182540599481460e-47
4.775000000000000000e+01 1.806051423407623374e-46
4.800000000000000000e+01 1.227325845517206693e-45
4.825000000000000000e+01 1.681808527875460523e-46
4.850000000000000000e+01 4.284150504292298920e-46
4.875000000000000000e+01 7.371131201188726772e-47
4.900000000000000000e+01 2.074462464530651435e-46
4.925000000000000000e+01 1.345855813344428204e-46
4.950000000000000000e+01 7.991392648953422884e-46
4.975000000000000000e+01 2.527907334051379555e-46
5.000000000000000000e+01 1.941339495101811124e-46
5.025000000000000000e+01 4.345834368897534583e-46
5.050000000000000000e+01 1.446540934805252923e-46
5.075000000000000000e+01 1.638591118785015769e-46
5.100000000000000000e+01 2.325834624062946807e-46
5.125000000000000000e+01 3.339545084953924598e-46
5.150000000000000000e+01 1.804528281065829302e-46
5.175000000000000000e+01 3.667149536567500160e-46
5.200000000000000000e+01 5.152078764562497782e-46
5.225000000000000000e+01 4.397477501882924081e-46
5.250000000000000000e+01 3.301736946110736917e-46
5.275000000000000000e+01 1.803267180909089057e-46
5.300000000000000000e+01 9.217616905927733675e-46
5.325000000000000000e+01 4.953243246530946010e-46
5.350000000000000000e+01 3.061638347899599274e-46
5.375000000000000000e+01 1.007726228057478678e-45
5.400000000000000000e+01 1.309488098957947638e-45
5.425000000000000000e+01 5.877897317506819513e-46
5.450000000000000000e+01 5.687022855763061164e-46
5.475000000000000000e+01 6.574396347869911228e-47
5.500000000000000000e+01 1.642323399967024777e-46
5.525000000000000000e+01 1.662689684584220101e-46
5.550000000000000000e+01 6.511244532930256354e-46
5.575000000000000000e+01 1.569053222192481102e-46
5.600000000000000000e+01 3.700599658455777045e-46
5.625000000000000000e+01 8.516861641105789402e-47
5.650000000000000000e+01 1.001229944065280454e-46
5.675000000000000000e+01 7.497587983168924058e-47
5.700000000000000000e+01 1.327931213666137875e-46
5.725000000000000000e+01 2.920120951199434245e-46
5.750000000000000000e+01 2.603320805624550250e-46
5.775000000000000000e+01 2.516330820737306324e-46
5.800000000000000000e+01 3.739636033132874557e-46
5.825000000000000000e+01 3.596031910395611030e-46
5.850000000000000000e+01 4.413536805507928709e-46
5.875000000000000000e+01 3.316144817739628495e-46
5.900000000000000000e+01 2.684479187148700984e-46
5.925000000000000000e+01 1.247711018379515215e-46
5.950000000000000000e+01 7.353832063080492282e-47
5.975000000000000000e+01 9.253260804544546466e-47
6.000000000000000000e+01 7.323345445426729374e-47
6.025000000000000000e+01 5.294728625482190004e-47
6.050000000000000000e+01 1.004581073646904333e-46
6.075000000000000000e+01 4.357924222356037054e-46
6.100000000000000000e+01 1.590628643448731664e-46
6.125000000000000000e+01 5.040390706120385208e-47
6.150000000000000000e+01 2.719664523123251686e-46
6.175000000000000000e+01 2.514831077463362104e-46
6.200000000000000000e+01 3.117641872294377920e-46
6.225000000000000000e+01 2.921950056861981979e-46
6.250000000000000000e+01 2.381929193089681824e-46
6.275000000000000000e+01 7.780005918432023334e-47
6.300000000000000000e+01 4.414863722295441748e-47
6.325000000000000000e+01 8.452834963253265021e-47
6.350000000000000000e+01 2.315888574394396817e-46
6.375000000000000000e+01 6.179161782403455173e-47
6.400000000000000000e+01 1.240593536487763868e-46
6.425000000000000000e+01 2.810398261950191158e-46
6.450000000000000000e+01 1.917303541863763382e-47
6.475000000000000000e+01 2.679250395609014424e-46
6.500000000000000000e+01 1.861265814911175025e-46
6.525000000000000000e+01 3.673921326639457609e-46
6.550000000000000000e+01 6.926290307605507885e-46
6.575000000000000000e+01 7.018098570640911774e-47
6.600000000000000000e+01 2.498624091906735427e-46
6.625000000000000000e+01 9.693141312791141692e-47
6.650000000000000000e+01 1.232985730923473883e-46
6.675000000000000000e+01 8.115174003603257525e-47
6.700000000000000000e+01 9.553143274588794626e-47
6.725000000000000000e+01 7.013665504682379863e-46
6.750000000000000000e+01 4.303545615731899857e-46
6.775000000000000000e+01 8.160248405291541776e-47
6.800000000000000000e+01 8.104184771284782583e-47
6.825000000000000000e+01 1.448867432159782166e-46
6.850000000000000000e+01 1.754854216461336280e-46
6.875000000000000000e+01 2.401502823654197381e-46
6.900000000000000000e+01 6.361175615859463558e-47
6.925000000000000000e+01 2.195709983879594620e-47
6.950000000000000000e+01 1.398009433595514037e-46
6.975000000000000000e+01 2.203108616198102185e-46
7.000000000000000000e+01 1.789175629481856620e-46
7.025000000000000000e+01 1.768584166132346481e-46
7.050000000000000000e+01 1.774244917371177874e-46
7.075000000000000000e+01 5.942520280690852064e-47
7.100000000000000000e+01 1.672613951530723967e-46
7.125000000000000000e+01 2.301347394620019902e-46
7.150000000000000000e+01 2.588107696954694493e-46
7.175000000000000000e+01 6.755628246672476513e-47
7.200000000000000000e+01 5.124776731044928458e-47
7.225000000000000000e+01 3.613975240350878491e-46
7.250000000000000000e+01 5.736085603691976166e-46
7.275000000000000000e+01 5.990213220662496822e-46
7.300000000000000000e+01 3.086976804578185266e-46
7.325000000000000000e+01 7.684798347872321242e-46
7.350000000000000000e+01 4.262892316789513133e-46
7.375000000000000000e+01 3.224676861989170941e-46
7.400000000000000000e+01 2.712448523876733831e-46
7.425000000000000000e+01 1.220074243075320892e-46
7.450000000000000000e+01 1.630953616199043078e-46
7.475000000000000000e+01 9.629142576206499089e-47
7.500000000000000000e+01 1.044304575208701206e-46
7.525000000000000000e+01 2.541309871886794461e-46
7.550000000000000000e+01 2.939356602922839125e-47
7.575000000000000000e+01 8.406278174065870216e-47
7.600000000000000000e+01 1.514897494904043788e-46
7.625000000000000000e+01 8.596898419699068317e-47
7.650000000000000000e+01 1.523076465908048844e-46
7.675000000000000000e+01 4.210355770439422616e-46
7.700000000000000000e+01 3.224666885763037940e-46
7.725000000000000000e+01 2.163470707606844736e-46
7.750000000000000000e+01 1.441120355056462839e-46
7.775000000000000000e+01 2.320710700053406039e-46
7.800000000000000000e+01 5.866378449412837182e-46
7.825000000000000000e+01 9.910310347091439648e-47
7.850000000000000000e+01 3.353559787140528675e-46
7.875000000000000000e+01 1.198777689985773332e-45
7.900000000000000000e+01 1.064656158176255524e-45
7.925000000000000000e+01 2.167018033694624447e-46
7.950000000000000000e+01 1.518135438716777619e-46
7.975000000000000000e+01 9.471539506550789505e-47
8.000000000000000000e+01 1.110994949893438836e-46
8.025000000000000000e+01 4.281271289973122398e-46
8.050000000000000000e+01 4.725757114624063518e-47
8.075000000000000000e+01 4.424360358187878006e-47
8.100000000000000000e+01 7.349697685794443592e-47
8.125000000000000000e+01 8.930525295104242313e-47
8.150000000000000000e+01 7.714675536209062182e-46
8.175000000000000000e+01 3.633716645921571992e-46
8.200000000000000000e+01 6.915971043216914624e-46
8.225000000000000000e+01 1.306534126120914788e-45
8.250000000000000000e+01 2.603395305009643348e-46
8.275000000000000000e+01 1.082066222750325274e-46
8.300000000000000000e+01 4.275041507014134655e-47
8.325000000000000000e+01 2.731496118246635365e-46
8.350000000000000000e+01 2.520482951267594142e-46
8.375000000000000000e+01 2.613275433162351249e-46
8.400000000000000000e+01 3.924782246168727097e-46
8.425000000000000000e+01 2.674518012914547434e-46
8.450000000000000000e+01 1.758963298978053575e-46
8.475000000000000000e+01 1.537416416389254301e-46
8.500000000000000000e+01 1.104800991567731943e-46
8.525000000000000000e+01 3.796780811175636521e-46
8.550000000000000000e+01 3.553317509937873230e-46
8.575000000000000000e+01 2.317153096362613176e-46
8.600000000000000000e+01 2.320300012029636462e-46
8.625000000000000000e+01 9.682969929686906818e-47
8.650000000000000000e+01 1.118821770125294990e-46
8.675000000000000000e+01 2.040572469607907110e-46
8.700000000000000000e+01 1.837332595281675947e-47
8.725000000000000000e+01 1.051478734463008283e-46
8.750000000000000000e+01 4.258528339042582479e-46
8.775000000000000000e+01 3.812916805810898380e-46
8.800000000000000000e+01 6.529916274091511153e-47
8.825000000000000000e+01 4.138931981778835535e-46
8.850000000000000000e+01 1.280967132653360873e-47
8.875000000000000000e+01 9.029197023860945382e-47
8.900000000000000000e+01 3.231103075497704580e-46
8.925000000000000000e+01 5.635549094790133419e-46
8.950000000000000000e+01 1.046195033581958044e-46
8.975000000000000000e+01 9.850308596669518042e-47
9.000000000000000000e+01 1.611221293037455371e-46
9.025000000000000000e+01 4.688750283868183951e-47
9.050000000000000000e+01 1.878839503642006601e-46
9.075000000000000000e+01 1.709960010926748538e-46
9.100000000000000000e+01 1.087467660069599781e-46
9.125000000000000000e+01 5.779961334515317721e-47
9.150000000000000000e+01 3.369140131551514526e-47
9.175000000000000000e+01 3.916808739000192491e-48
9.200000000000000000e+01 1.726954132672745128e-46
9.225000000000000000e+01 1.857646539284561621e-46
9.250000000000000000e+01 3.192241809928383299e-46
9.275000000000000000e+01 5.556864216919607764e-46
9.300000000000000000e+01 1.468111712948370891e-46
9.325000000000000000e+01 2.795001526165472164e-46
9.350000000000000000e+01 1.667143462255589686e-46
9.375000000000000000e+01 7.971286830684104211e-47
9.400000000000000000e+01 2.095929621933603300e-46
9.425000000000000000e+01 5.618211910422424475e-46
9.450000000000000000e+01 2.992371852532054070e-46
9.475000000000000000e+01 1.561479945736853190e-46
9.500000000000000000e+01 1.917403924341760103e-47
9.525000000000000000e+01 9.110233654660912802e-47
9.550000000000000000e+01 4.149555767681605038e-47
9.575000000000000000e+01 1.497016708392548941e-46
9.600000000000000000e+01 1.635436336975674973e-46
9.625000000000000000e+01 4.713851661905362955e-46
9.650000000000000000e+01 4.339386017044144030e-46
9.675000000000000000e+01 2.512359987607972034e-46
9.700000000000000000e+01 1.913505397719651107e-46
9.725000000000000000e+01 1.807802750510097477e-46
9.750000000000000000e+01 7.296344091248364129e-47
9.775000000000000000e+01 1.101068771693462273e-46
9.800000000000000000e+01 1.042058740708431083e-46
9.825000000000000000e+01 1.258152582788324875e-46
9.850000000000000000e+01 1.095360322760788687e-46
9.875000000000000000e+01 4.406910121196914948e-47
9.900000000000000000e+01 4.343763111925329443e-47
9.925000000000000000e+01 1.016751672589865079e-46
9.950000000000000000e+01 2.178453129981132038e-46
9.975000000000000000e+01 1.903827516715629866e-46
1.000000000000000000e+02 3.410660800328141992e-47
1.002500000000000000e+02 6.094306601360152597e-47
1.005000000000000000e+02 7.439711514880721968e-47
1.007500000000000000e+02 1.138740435954691854e-46
1.010000000000000000e+02 2.957760021205911015e-46
1.012500000000000000e+02 1.131957620019499595e-46
1.015000000000000000e+02 1.141912499435403609e-46
1.017500000000000000e+02 9.824049504431553841e-47
1.020000000000000000e+02 4.794567780876391909e-46
1.022500000000000000e+02 1.606391303043777671e-46
1.025000000000000000e+02 3.309742993628065262e-47
1.027500000000000000e+02 6.948342317634109636e-47
1.030000000000000000e+02 1.084560097635099447e-46
1.032500000000000000e+02 2.456356068809384688e-46
1.035000000000000000e+02 1.070800221120063236e-46
1.037500000000000000e+02 2.564815102147013970e-46
1.040000000000000000e+02 6.352281527814134636e-47
1.042500000000000000e+02 9.604749328260808993e-47
1.045000000000000000e+02 1.619611896461329139e-46
1.047500000000000000e+02 7.479509637182449876e-47
1.050000000000000000e+02 1.162040538753756583e-46
1.052500000000000000e+02 2.341516491078736791e-46
1.055000000000000000e+02 1.975955745825859950e-46
1.057500000000000000e+02 1.862234175281912787e-46
1.060000000000000000e+02 6.956243587014351932e-47
1.062500000000000000e+02 2.555527367190334805e-46
1.065000000000000000e+02 3.632798867298044641e-46
1.067500000000000000e+02 1.039877289711739942e-46
1.070000000000000000e+02 1.347945380321629215e-46
1.072500000000000000e+02 2.711963345076582409e-46
1.075000000000000000e+02 1.180035769455269653e-46
1.077500000000000000e+02 5.580686703453746869e-47
1.080000000000000000e+02 5.787354282845114015e-47
1.082500000000000000e+02 9.370694689669076284e-47
1.085000000000000000e+02 3.319603126388349697e-46
1.087500000000000000e+02 1.044533735793460712e-46
1.090000000000000000e+02 1.629290680583587146e-46
1.092500000000000000e+02 9.911160242989447671e-47
1.095000000000000000e+02 1.111491411720349264e-46
1.097500000000000000e+02 6.332172742593408847e-47
1.100000000000000000e+02 1.053846663096022434e-46
1.102500000000000000e+02 1.458463970993528011e-46
1.105000000000000000e+02 2.561091399806736487e-46
1.107500000000000000e+02 1.524074049416752096e-46
1.110000000000000000e+02 1.302735804626424567e-46
1.112500000000000000e+02 1.055058478940786283e-46
1.115000000000000000e+02 2.215837154584921710e-47
1.117500000000000000e+02 5.459362290626799793e-47
1.120000000000000000e+02 1.023201526602855763e-46
1.122500000000000000e+02 3.318336505937525656e-46
1.125000000000000000e+02 2.706743932157235767e-46
1.127500000000000000e+02 1.341055156463347565e-46
1.130000000000000000e+02 3.687168508215049566e-47
1.132500000000000000e+02 2.454743694334700948e-47
1.135000000000000000e+02 9.107806725521803006e-47
1.137500000000000000e+02 1.034224884417971842e-46
1.140000000000000000e+02 3.175627020928159856e-47
1.142500000000000000e+02 1.686701962944907978e-46
1.145000000000000000e+02 1.872571575194278101e-46
1.147500000000000000e+02 9.011584233976608243e-47
1.150000000000000000e+02 5.252147088917317183e-48
1.152500000000000000e+02 2.504353125361112351e-47
1.155000000000000000e+02 6.254356307243218752e-47
1.157500000000000000e+02 9.106120223857146792e-48
1.160000000000000000e+02 2.267144019302729918e-47
1.162500000000000000e+02 2.759287456694192429e-47
1.165000000000000000e+02 1.807506847177962157e-46
1.167500000000000000e+02 2.804272240695716586e-46
1.170000000000000000e+02 1.172222133510521714e-46
1.172500000000000000e+02 1.587946264438853490e-46
1.175000000000000000e+02 1.551688322498381082e-46
1.177500000000000000e+02 1.757471930746088233e-46
1.180000000000000000e+02 1.079081393494878286e-46
1.182500000000000000e+02 7.373153930938808581e-47
1.185000000000000000e+02 1.730187555645184070e-46
1.187500000000000000e+02 6.332015103155735162e-47
1.190000000000000000e+02 9.452948797607841648e-47
1.192500000000000000e+02 9.129143310294095046e-47
1.195000000000000000e+02 1.966724526281262215e-46
1.197500000000000000e+02 7.084569400180002238e-47
1.200000000000000000e+02 7.524064767255902613e-47
1.202500000000000000e+02 6.273449814084973096e-47
1.205000000000000000e+02 7.684450190112335355e-47
1.207500000000000000e+02 2.014586459505120323e-47
1.210000000000000000e+02 3.740229457259421068e-47
1.212500000000000000e+02 8.231087747209590306e-48
1.215000000000000000e+02 6.533561484364546415e-47
1.217500000000000000e+02 9.754526428661409762e-48
1.220000000000000000e+02 3.303132653683983589e-47
1.222500000000000000e+02 5.828316510849242650e-47
1.225000000000000000e+02 2.258600776926657265e-47
1.227500000000000000e+02 1.098513394432736816e-46
1.230000000000000000e+02 3.306429954179521316e-47
1.232500000000000000e+02 2.242757213617405225e-46
1.235000000000000000e+02 3.237735463012925224e-47
1.237500000000000000e+02 7.937136671036107343e-47
1.240000000000000000e+02 2.278481617996569023e-47
1.242500000000000000e+02 3.313957215387777573e-47
1.245000000000000000e+02 4.275293060999940116e-47
1.247500000000000000e+02 1.271566611743261919e-46
1.250000000000000000e+02 1.734515223698042539e-46
1.252500000000000000e+02 1.104038682965210958e-46
1.255000000000000000e+02 6.353938611463953865e-48
1.257500000000000000e+02 5.698378328174999548e-47
1.260000000000000000e+02 7.466238737068432807e-47
1.262500000000000000e+02 3.278352882434950100e-47
1.265000000000000000e+02 9.556598815913441629e-47
1.267500000000000000e+02 1.642123929815470570e-46
1.270000000000000000e+02 1.776093385299211999e-46
1.272500000000000000e+02 4.543149632736594899e-47
1.275000000000000000e+02 3.538985606647203980e-47
1.277500000000000000e+02 1.461597988929775765e-46
1.280000000000000000e+02 6.922278594384819495e-47
1.282500000000000000e+02 1.258847166781283052e-47
1.285000000000000000e+02 1.190271508368542549e-47
1.287500000000000000e+02 4.852059713767069381e-47
1.290000000000000000e+02 6.234053238411516130e-47
1.292500000000000000e+02 7.587815892924137121e-47
1.295000000000000000e+02 1.945786186088391003e-46
1.297500000000000000e+02 8.326897387545621392e-47
1.300000000000000000e+02 3.327472862667581911e-47
1.302500000000000000e+02 7.462359712809556304e-47
1.305000000000000000e+02 3.544299165512099456e-47
1.307500000000000000e+02 1.590970195439834786e-47
1.310000000000000000e+02 2.447729083663421194e-47
1.312500000000000000e+02 4.486433691665231402e-47
1.315000000000000000e+02 3.681440799012896426e-47
1.317500000000000000e+02 7.645007602132220024e-47
1.320000000000000000e+02 5.765386186385117086e-47
1.322500000000000000e+02 6.722535732940790454e-47
1.325000000000000000e+02 1.639347363908661677e-47
1.327500000000000000e+02 7.271208813589210009e-47
1.330000000000000000e+02 6.023419036170585464e-47
1.332500000000000000e+02 4.933435498557601083e-47
1.335000000000000000e+02 5.851226843433077520e-47
1.337500000000000000e+02 1.491057817459967921e-46
1.340000000000000000e+02 1.156558822980591185e-46
1.342500000000000000e+02 6.464423636823843854e-48
1.345000000000000000e+02 3.424279593779459527e-47
1.347500000000000000e+02 9.971203336170329695e-47
1.350000000000000000e+02 8.312503918043308291e-47
1.352500000000000000e+02 1.198038766463043657e-46
1.355000000000000000e+02 1.200433041431608441e-46
1.357500000000000000e+02 2.093725183985835671e-47
1.360000000000000000e+02 1.596204084308531516e-47
1.362500000000000000e+02 4.202436462505066169e-48
1.365000000000000000e+02 5.935251564800264321e-47
1.367500000000000000e+02 3.637424575978322768e-47
1.370000000000000000e+02 1.433415500764875901e-47
1.372500000000000000e+02 1.147152225753081384e-47
1.375000000000000000e+02 4.361183795846623969e-47
1.377500000000000000e+02 1.227906269685556566e-47
1.380000000000000000e+02 5.140899972883115064e-47
1.382500000000000000e+02 6.541885927559684730e-47
1.385000000000000000e+02 2.043579856165839717e-47
1.387500000000000000e+02 1.556414176455529052e-47
1.390000000000000000e+02 1.278660530345006703e-47
1.392500000000000000e+02 3.422220340741103246e-47
1.395000000000000000e+02 1.102051640902625221e-46
1.397500000000000000e+02 1.570733573223932242e-47
1.400000000000000000e+02 1.122699751546756814e-46
1.402500000000000000e+02 5.879600720730476302e-47
1.405000000000000000e+02 6.541686646901775261e-47
1.407500000000000000e+02 2.855807218587216022e-47
1.410000000000000000e+02 5.037578944690307537e-47
1.412500000000000000e+02 5.464238698762095445e-47
1.415000000000000000e+02 3.551963861375045312e-47
1.417500000000000000e+02 6.982615991506329419e-47
1.420000000000000000e+02 3.166170390342520905e-47
1.422500000000000000e+02 1.841577610192917955e-47
1.425000000000000000e+02 5.471303605235739997e-48
1.427500000000000000e+02 1.726304713171596580e-47
1.430000000000000000e+02 4.220926610248903534e-47
1.432500000000000000e+02 8.837983389414388802e-48
1.435000000000000000e+02 8.276646607149209311e-47
1.437500000000000000e+02 6.401205213661327714e-47
1.440000000000000000e+02 1.112437578873464869e-46
1.442500000000000000e+02 1.020993223574822447e-46
1.445000000000000000e+02 9.743423112451699655e-47
1.447500000000000000e+02 8.854320630826807679e-47
1.450000000000000000e+02 3.064296008891574529e-47
1.452500000000000000e+02 3.446934679683570244e-47
1.455000000000000000e+02 3.181433187954292148e-47
1.457500000000000000e+02 1.440704228797361086e-47
1.460000000000000000e+02 1.013856341035669740e-46
1.462500000000000000e+02 5.844081715138360472e-47
1.465000000000000000e+02 3.799164678186508450e-47
1.467500000000000000e+02 1.731714781085037876e-46
1.470000000000000000e+02 9.450617657758205349e-47
1.472500000000000000e+02 1.548695125782417975e-47
1.475000000000000000e+02 4.172261731256316370e-47
1.477500000000000000e+02 3.557985389956471567e-47
1.480000000000000000e+02 6.244039379360876984e-48
1.482500000000000000e+02 1.893937379183854761e-46
1.485000000000000000e+02 3.913757507971627842e-47
1.487500000000000000e+02 4.001180093710530379e-47
1.490000000000000000e+02 3.323407052988578976e-47
1.492500000000000000e+02 4.003843641620930759e-47
1.495000000000000000e+02 3.822281450378252160e-47
1.497500000000000000e+02 6.970227247115848427e-47
1.500000000000000000e+02 3.795339844461165300e-47
1.502500000000000000e+02 3.294957761861334583e-47
1.505000000000000000e+02 6.917267489188645673e-47
1.507500000000000000e+02 1.539446696491543742e-46
1.510000000000000000e+02 5.810654773083205857e-47
1.512500000000000000e+02 5.346905452477097249e-47
1.515000000000000000e+02 3.310363174429657047e-47
1.517500000000000000e+02 4.889365604443231831e-47
1.520000000000000000e+02 2.453008143689269991e-47
1.522500000000000000e+02 3.660596357395533565e-47
1.525000000000000000e+02 5.346809836904856152e-47
1.527500000000000000e+02 2.076670371722872919e-47
1.530000000000000000e+02 3.927573196956614541e-48
1.532500000000000000e+02 6.175254064594200138e-47
1.535000000000000000e+02 2.219509374404997517e-47
1.537500000000000000e+02 2.714957869233020136e-47
1.540000000000000000e+02 2.597769349861180110e-47
1.542500000000000000e+02 3.169506899797840446e-47
1.545000000000000000e+02 5.754115770520276260e-47
1.547500000000000000e+02 3.888927074343805130e-47
1.550000000000000000e+02 1.850666527961414287e-47
1.552500000000000000e+02 1.495228388476259691e-47
1.555000000000000000e+02 2.672814944132203999e-47
1.557500000000000000e+02 3.778233452102674296e-47
1.560000000000000000e+02 2.514355903679099013e-47
1.562500000000000000e+02 4.683698999480226892e-47
1.565000000000000000e+02 4.179919327806420810e-47
1.567500000000000000e+02 1.959331858441634670e-47
1.570000000000000000e+02 3.093307863751018238e-47
1.572500000000000000e+02 4.250936884081640734e-47
1.575000000000000000e+02 3.637306511500002106e-47
1.577500000000000000e+02 6.063699695061433865e-47
1.580000000000000000e+02 5.313896767158432276e-47
1.582500000000000000e+02 6.190677638165482964e-47
1.585000000000000000e+02 3.452249716795730595e-47
1.587500000000000000e+02 3.830559584002111953e-47
1.590000000000000000e+02 1.248455195349926514e-46
1.592500000000000000e+02 3.361427549975169082e-47
1.595000000000000000e+02 2.289185320216210768e-47
1.597500000000000000e+02 6.769914031406464655e-48
1.600000000000000000e+02 5.169092573357851742e-47
1.602500000000000000e+02 7.584529663581709087e-47
1.605000000000000000e+02 1.004209752886341523e-46
1.607500000000000000e+02 5.039534860666145790e-47
1.610000000000000000e+02 2.441255856093578882e-47
1.612500000000000000e+02 2.036182926909222130e-47
1.615000000000000000e+02 9.534093424905136611e-48
1.617500000000000000e+02 1.018872377642809674e-47
1.620000000000000000e+02 8.500136192730416423e-47
1.622500000000000000e+02 7.405484919196266619e-47
1.625000000000000000e+02 8.827414641471499663e-47
1.627500000000000000e+02 2.140838925159419782e-46
1.630000000000000000e+02 7.110762429306624487e-47
1.632500000000000000e+02 4.393387920416399585e-47
1.635000000000000000e+02 3.827356540231171146e-48
1.637500000000000000e+02 2.841950875571266016e-48
1.640000000000000000e+02 6.049287751916330563e-47
1.642500000000000000e+02 1.570055769198006421e-47
1.645000000000000000e+02 1.252153061926263429e-47
1.647500000000000000e+02 9.596359193301427876e-48
1.650000000000000000e+02 1.418278265844465633e-47
1.652500000000000000e+02 9.739714872152381851e-47
1.655000000000000000e+02 7.519858309094260427e-47
1.657500000000000000e+02 2.902110787877261941e-47
1.660000000000000000e+02 3.580923547271493895e-47
1.662500000000000000e+02 9.949957905145010547e-47
1.665000000000000000e+02 1.355272101443185692e-46
1.667500000000000000e+02 2.710478914194401830e-47
1.670000000000000000e+02 3.066631806880263617e-47
1.672500000000000000e+02 5.281560916706992700e-47
1.675000000000000000e+02 5.283836359271720592e-47
1.677500000000000000e+02 3.961512469814532066e-47
1.680000000000000000e+02 6.900653815860229125e-47
1.682500000000000000e+02 8.992618735680841343e-47
1.685000000000000000e+02 7.654517795409890824e-47
1.687500000000000000e+02 5.788360055655501035e-47
1.690000000000000000e+02 4.920392101069553420e-47
1.692500000000000000e+02 2.976503185994296333e-47
1.695000000000000000e+02 1.485083010776749106e-47
1.697500000000000000e+02 1.402042731049115049e-47
1.700000000000000000e+02 2.860935420361334348e-47
1.702500000000000000e+02 3.043617976771797124e-47
1.705000000000000000e+02 1.984902100619000991e-47
1.707500000000000000e+02 3.185848216206362231e-47
1.710000000000000000e+02 3.083692799238877611e-47
1.712500000000000000e+02 1.779887770371172599e-47
1.715000000000000000e+02 7.053477734294486268e-47
1.717500000000000000e+02 9.427979854573307697e-47
1.720000000000000000e+02 1.051321622431238969e-46
1.722500000000000000e+02 6.247632841407942319e-47
1.725000000000000000e+02 3.747662810972446587e-47
1.727500000000000000e+02 3.238566069073943872e-47
1.730000000000000000e+02 1.430484386778303751e-47
1.732500000000000000e+02 7.810754780811856707e-48
1.735000000000000000e+02 7.554177476642105799e-47
1.737500000000000000e+02 2.617539136077580011e-47
1.740000000000000000e+02 3.712429204571535750e-48
1.742500000000000000e+02 2.885977417709193142e-47
1.745000000000000000e+02 7.385693086868640471e-48
1.747500000000000000e+02 3.811281293238348060e-47
1.750000000000000000e+02 4.275719361558139949e-47
1.752500000000000000e+02 6.724721194145363962e-47
1.755000000000000000e+02 4.208357588229303527e-47
1.757500000000000000e+02 1.348047108979305442e-47
1.760000000000000000e+02 4.340018649713260312e-47
1.762500000000000000e+02 6.061452548722954170e-47
1.765000000000000000e+02 3.581708252071533867e-48
1.767500000000000000e+02 4.612605328799691740e-47
1.770000000000000000e+02 6.155032231047023261e-47
1.772500000000000000e+02 5.754453993265583043e-47
1.775000000000000000e+02 8.336429607663582812e-47
1.777500000000000000e+02 2.985294432164696698e-47
1.780000000000000000e+02 3.949924598254091589e-47
1.782500000000000000e+02 7.092015854937664361e-47
1.785000000000000000e+02 3.597669644516618602e-47
1.787500000000000000e+02 2.674675205676860950e-47
1.790000000000000000e+02 1.110532093504147094e-46
1.792500000000000000e+02 9.119907233287939593e-47
1.795000000000000000e+02 4.849879326566241929e-47
1.797500000000000000e+02 6.820805628873277936e-47
1.800000000000000000e+02 5.488268157683912574e-47
1.802500000000000000e+02 5.480363906908793082e-47
1.805000000000000000e+02 2.703551461057349436e-47
1.807500000000000000e+02 1.934138164360681218e-47
1.810000000000000000e+02 7.387229918496247054e-48
1.812500000000000000e+02 4.983539336569840963e-48
1.815000000000000000e+02 3.076409957453394602e-47
1.817500000000000000e+02 1.561951555911349155e-46
1.820000000000000000e+02 2.674125950128190977e-47
1.822500000000000000e+02 4.048428413601164115e-47
1.825000000000000000e+02 9.656436345627602112e-48
1.827500000000000000e+02 7.170291047360906939e-48
1.830000000000000000e+02 7.714792658459477475e-47
1.832500000000000000e+02 2.446224694920711695e-47
1.835000000000000000e+02 9.218120860233200729e-47
1.837500000000000000e+02 4.644548372374946756e-47
1.840000000000000000e+02 8.147639150389146613e-48
1.842500000000000000e+02 7.010301828647502369e-47
1.845000000000000000e+02 2.079804422942866303e-47
1.847500000000000000e+02 8.914400838489781094e-47
1.850000000000000000e+02 4.372225452173101680e-47
1.852500000000000000e+02 1.309668947695607276e-47
1.855000000000000000e+02 4.172846196206577743e-47
1.857500000000000000e+02 3.812636730898908137e-48
1.860000000000000000e+02 2.998893795733249977e-47
1.862500000000000000e+02 2.578621053318873147e-47
1.865000000000000000e+02 2.158500021390261486e-47
1.867500000000000000e+02 3.561557571370949530e-47
1.870000000000000000e+02 2.639101826938864046e-47
1.872500000000000000e+02 8.988924960008239339e-47
1.875000000000000000e+02 5.510234712134603293e-47
1.877500000000000000e+02 6.188740305158265217e-47
1.880000000000000000e+02 1.382542906302437463e-47
1.882500000000000000e+02 2.831392371912587819e-47
1.885000000000000000e+02 3.471206597164493339e-47
1.887500000000000000e+02 5.182811668782448943e-47
1.890000000000000000e+02 1.493088421072845791e-47
1.892500000000000000e+02 3.447411900439631580e-47
1.895000000000000000e+02 6.065097977338939866e-47
1.897500000000000000e+02 1.318993727887614015e-47
1.900000000000000000e+02 1.214173468047431330e-47
1.902500000000000000e+02 1.929808827622794207e-47
1.905000000000000000e+02 2.050752555947705399e-47
1.907500000000000000e+02 3.662779845214212787e-47
1.910000000000000000e+02 3.301853507681513825e-47
1.912500000000000000e+02 2.185804107958592371e-47
1.915000000000000000e+02 3.767383099839548232e-47
1.917500000000000000e+02 5.498779015393301129e-47
1.920000000000000000e+02 6.279332835931810034e-47
1.922500000000000000e+02 1.394433990361299848e-47
1.925000000000000000e+02 1.506208047966336002e-47
1.927500000000000000e+02 1.913232536443401748e-47
1.930000000000000000e+02 1.485485468449384970e-47
1.932500000000000000e+02 1.701788397188967301e-47
1.935000000000000000e+02 2.250603090682194379e-47
1.937500000000000000e+02 2.973349145028909142e-47
1.940000000000000000e+02 3.173661486354611387e-47
1.942500000000000000e+02 3.870341161901954328e-47
1.945000000000000000e+02 4.130773199389765707e-47
1.947500000000000000e+02 8.755787288357647386e-47
1.950000000000000000e+02 3.962741588512153028e-47
1.952500000000000000e+02 1.312423648759581037e-47
1.955000000000000000e+02 4.832124226070314980e-48
1.957500000000000000e+02 1.094501648288698272e-47
1.960000000000000000e+02 4.348890015373363837e-47
1.962500000000000000e+02 5.920545273079459169e-47
1.965000000000000000e+02 5.681060200535631052e-47
1.967500000000000000e+02 3.852542157788115430e-47
1.970000000000000000e+02 9.279810995644809653e-47
1.972500000000000000e+02 4.570565291363621312e-47
1.975000000000000000e+02 9.897631702747386858e-47
1.977500000000000000e+02 1.304234399063332664e-46
1.980000000000000000e+02 3.617753648405144264e-48
1.982500000000000000e+02 1.892603440105748634e-47
1.985000000000000000e+02 2.300357128514790610e-47
1.987500000000000000e+02 1.030722177439536443e-47
1.990000000000000000e+02 9.788548422794021532e-48
1.992500000000000000e+02 1.029025700268205533e-47
1.995000000000000000e+02 7.164083081513477223e-48
1.997500000000000000e+02 1.364494792129856908e-48
2.000000000000000000e+02 1.419281666015291475e-47
2.002500000000000000e+02 3.325424675723364710e-47
2.005000000000000000e+02 3.752663639572811323e-47
2.007500000000000000e+02 5.794382420848292647e-48
2.010000000000000000e+02 1.129054221405386580e-47
2.012500000000000000e+02 2.359942308152481933e-48
2.015000000000000000e+02 1.238817239793868536e-47
2.017500000000000000e+02 3.703756576275087769e-47
2.020000000000000000e+02 7.200418658767997578e-48
2.022500000000000000e+02 9.544383449731538098e-48
2.025000000000000000e+02 1.859140658843890389e-47
2.027500000000000000e+02 2.303165938815800912e-47
2.030000000000000000e+02 2.845347944312058109e-47
2.032500000000000000e+02 1.694960055348306817e-48
2.035000000000000000e+02 2.249197136847824171e-48
2.037500000000000000e+02 1.676264792166783480e-48
2.040000000000000000e+02 7.401255909031619827e-48
2.042500000000000000e+02 1.686896246225246238e-47
2.045000000000000000e+02 5.375817364635817645e-47
2.047500000000000000e+02 7.661012576933109321e-48
2.050000000000000000e+02 3.252444647333779415e-47
2.052500000000000000e+02 6.056449864088443548e-47
2.055000000000000000e+02 7.235065211230507056e-47
2.057500000000000000e+02 6.959444859121657638e-47
2.060000000000000000e+02 5.076607955342684384e-47
2.062500000000000000e+02 4.877017779543098051e-47
2.065000000000000000e+02 2.481758479110876738e-47
2.067500000000000000e+02 4.819954825561802675e-48
2.070000000000000000e+02 2.307547147123673820e-47
2.072500000000000000e+02 5.433636118438220313e-47
2.075000000000000000e+02 3.653867227310583844e-47
2.077500000000000000e+02 3.648148067339389810e-47
2.080000000000000000e+02 4.256883042382724830e-47
2.082500000000000000e+02 1.912925370622050251e-47
2.085000000000000000e+02 1.553562838388106044e-47
2.087500000000000000e+02 6.563163457733170071e-47
2.090000000000000000e+02 3.230757997017268309e-47
2.092500000000000000e+02 1.548618244734217690e-47
2.095000000000000000e+02 4.576951323795324123e-47
2.097500000000000000e+02 1.448344677193747655e-47
2.100000000000000000e+02 4.517861505694692517e-47
2.102500000000000000e+02 2.698852609888649634e-47
2.105000000000000000e+02 1.880013980498858594e-47
2.107500000000000000e+02 2.446664170450312211e-47
2.110000000000000000e+02 6.328149190548017573e-48
2.112500000000000000e+02 1.976314177181518887e-47
2.115000000000000000e+02 1.035379780034289482e-47
2.117500000000000000e+02 1.110014038979946735e-47
2.120000000000000000e+02 6.912948690803526660e-48
2.122500000000000000e+02 2.088117830557104581e-48
2.125000000000000000e+02 8.400868449777988852e-48
2.127500000000000000e+02 1.330037232688975169e-47
2.130000000000000000e+02 1.233160168936048168e-47
2.132500000000000000e+02 5.013152039396418563e-48
2.135000000000000000e+02 3.841398439734211937e-47
2.137500000000000000e+02 5.957280078294837104e-47
2.140000000000000000e+02 4.914043852438150023e-47
2.142500000000000000e+02 2.730323933002498428e-47
2.145000000000000000e+02 1.684402172105078555e-47
2.147500000000000000e+02 2.322753112991181382e-47
2.150000000000000000e+02 1.990455403085223603e-47
2.152500000000000000e+02 9.038559045111675508e-47
2.155000000000000000e+02 1.593735497395305316e-48
2.157500000000000000e+02 3.985539132449840034e-47
2.160000000000000000e+02 6.782459487225551957e-48
2.162500000000000000e+02 6.255605832454071781e-48
2.165000000000000000e+02 1.014630101332635253e-47
2.167500000000000000e+02 4.585717514017411151e-47
2.170000000000000000e+02 4.760712969181437417e-47
2.172500000000000000e+02 1.431512088471376544e-47
2.175000000000000000e+02 1.483570267122137339e-47
2.177500000000000000e+02 2.145913163117674992e-47
2.180000000000000000e+02 1.946550847725831066e-47
2.182500000000000000e+02 7.519809635715872228e-48
2.185000000000000000e+02 2.763518081178617906e-47
2.187500000000000000e+02 3.568968740272589398e-47
2.190000000000000000e+02 4.592095921174648831e-47
2.192500000000000000e+02 2.892587004936426181e-47
2.195000000000000000e+02 3.771660122228725970e-47
2.197500000000000000e+02 5.344956991016408543e-47
2.200000000000000000e+02 5.685837296568181735e-47
2.202500000000000000e+02 2.184293609620917564e-47
2.205000000000000000e+02 1.402278043465552444e-47
2.207500000000000000e+02 1.622924453230526337e-47
2.210000000000000000e+02 1.574747551389108655e-47
2.212500000000000000e+02 3.192331951593272001e-47
2.215000000000000000e+02 8.903951265117555706e-48
2.217500000000000000e+02 9.010955421470493486e-48
2.220000000000000000e+02 4.412625146941142832e-48
2.222500000000000000e+02 1.584249658846178107e-47
2.225000000000000000e+02 4.774810900041061320e-47
2.227500000000000000e+02 2.600652280792842055e-47
2.230000000000000000e+02 2.744271782168054927e-47
2.232500000000000000e+02 1.463901906957990796e-47
2.235000000000000000e+02 1.222854396041595028e-47
2.237500000000000000e+02 1.164499703164612299e-47
2.240000000000000000e+02 1.196162799091829000e-47
2.242500000000000000e+02 1.569961886485306133e-47
2.245000000000000000e+02 3.619649400955713514e-47
2.247500000000000000e+02 2.381495100520971565e-47
2.250000000000000000e+02 2.912217579308170167e-47
2.252500000000000000e+02 1.401806178231922202e-47
2.255000000000000000e+02 1.362398652728118164e-47
2.257500000000000000e+02 2.324566151809430757e-47
2.260000000000000000e+02 1.708319126852264545e-47
2.262500000000000000e+02 1.770450283396559850e-47
2.265000000000000000e+02 2.115103537983358841e-47
2.267500000000000000e+02 8.916135716957996206e-47
2.270000000000000000e+02 3.867297239711944693e-47
2.272500000000000000e+02 1.074675473484392875e-47
2.275000000000000000e+02 2.389640374396490154e-47
2.277500000000000000e+02 4.485447774426559715e-48
2.280000000000000000e+02 2.677822958217037065e-47
2.282500000000000000e+02 3.120505294308320560e-47
2.285000000000000000e+02 2.898876726630644560e-47
2.287500000000000000e+02 2.535965996513017982e-47
2.290000000000000000e+02 7.813885557494018381e-48
2.292500000000000000e+02 1.477199412124573669e-47
2.295000000000000000e+02 3.594869196431112584e-47
2.297500000000000000e+02 1.194226415197302465e-47
2.300000000000000000e+02 2.275769769415965099e-47
2.302500000000000000e+02 3.429026908445544851e-48
2.305000000000000000e+02 1.995387239960306450e-47
2.307500000000000000e+02 1.439612572724192670e-47
2.310000000000000000e+02 3.313229556544375737e-47
2.312500000000000000e+02 3.743232777014220943e-47
2.315000000000000000e+02 4.744487182516077620e-47
2.317500000000000000e+02 3.837365048515438879e-47
2.320000000000000000e+02 1.251060139333236939e-47
2.322500000000000000e+02 4.447866061517877976e-47
2.325000000000000000e+02 1.413298611897255017e-47
2.327500000000000000e+02 8.549219891113872446e-48
2.330000000000000000e+02 9.209138941304927015e-48
2.332500000000000000e+02 4.183352569567981985e-48
2.335000000000000000e+02 2.058754835014556272e-47
2.337500000000000000e+02 3.699463945355894525e-47
2.340000000000000000e+02 3.760491813233861563e-47
2.342500000000000000e+02 9.495642020945428721e-48
2.345000000000000000e+02 6.637300590591971813e-48
2.347500000000000000e+02 1.371875645082047168e-47
2.350000000000000000e+02 1.322310523729584220e-47
2.352500000000000000e+02 8.792656648492875342e-48
2.355000000000000000e+02 1.262495195153138500e-47
2.357500000000000000e+02 8.129841023006564631e-48
2.360000000000000000e+02 1.782855447909341073e-47
2.362500000000000000e+02 3.127549725998854910e-48
2.365000000000000000e+02 1.014314102519253419e-48
2.367500000000000000e+02 4.380889976310371694e-48
2.370000000000000000e+02 1.205192337993456520e-47
2.372500000000000000e+02 1.331064923019691585e-47
2.375000000000000000e+02 3.455026052141143816e-48
2.377500000000000000e+02 1.086263938965200969e-47
2.380000000000000000e+02 5.584962312126064541e-47
2.382500000000000000e+02 3.857083989151494594e-47
2.385000000000000000e+02 1.588333467089865795e-47
2.387500000000000000e+02 1.175560909639039020e-47
2.390000000000000000e+02 2.324128578204844350e-47
2.392500000000000000e+02 3.867778473920732499e-47
2.395000000000000000e+02 2.687225509342811337e-47
2.397500000000000000e+02 5.809140083841687900e-47
2.400000000000000000e+02 1.272210173857140649e-47
2.402500000000000000e+02 1.599405272655849693e-47
2.405000000000000000e+02 1.724710840388527746e-47
2.407500000000000000e+02 3.005262186748876459e-47
2.410000000000000000e+02 2.086600014099432888e-47
2.412500000000000000e+02 4.736171213720232553e-47
2.415000000000000000e+02 5.641367367188335241e-47
2.417500000000000000e+02 4.002777111091420093e-47
2.420000000000000000e+02 2.410724564649891458e-47
2.422500000000000000e+02 1.008177904266840852e-47
2.425000000000000000e+02 7.937082831783387299e-47
2.427500000000000000e+02 6.073956015898333746e-47
2.430000000000000000e+02 3.721351252402136187e-47
2.432500000000000000e+02 6.876977864954625925e-47
2.435000000000000000e+02 5.043205475448646800e-47
2.437500000000000000e+02 8.522120278538528456e-47
2.440000000000000000e+02 4.192059019925479862e-47
2.442500000000000000e+02 2.824877832859194550e-47
2.445000000000000000e+02 2.339190681198145974e-47
2.447500000000000000e+02 4.323596406559290440e-47
2.450000000000000000e+02 1.509083877999803765e-47
2.452500000000000000e+02 6.556026506816005538e-48
2.455000000000000000e+02 7.555836890635842546e-48
2.457500000000000000e+02 3.106598843643052689e-47
2.460000000000000000e+02 2.631503460148682644e-48
2.462500000000000000e+02 4.276678326610423286e-47
2.465000000000000000e+02 1.831500035925403956e-47
2.467500000000000000e+02 2.278216928891635368e-47
2.470000000000000000e+02 3.590538623044523905e-47
2.472500000000000000e+02 2.495825116071453513e-47
2.475000000000000000e+02 3.268576909317165597e-47
2.477500000000000000e+02 3.225629516565872330e-47
2.480000000000000000e+02 2.505505806285277152e-47
2.482500000000000000e+02 3.778635226598439821e-47
2.485000000000000000e+02 5.294558452025640081e-47
2.487500000000000000e+02 1.420392449514400611e-46
2.490000000000000000e+02 7.525162725836248331e-47
2.492500000000000000e+02 5.272215642847752673e-48
2.495000000000000000e+02 1.599924724520162913e-47
2.497500000000000000e+02 1.424127505170450671e-47
2.500000000000000000e+02 6.331556992179928456e-48
2.502500000000000000e+02 1.484630530162922972e-47
2.505000000000000000e+02 2.156946910838682545e-47
2.507500000000000000e+02 4.573103900470693255e-47
2.510000000000000000e+02 1.507095736289026481e-47
2.512500000000000000e+02 2.336491140098288119e-47
2.515000000000000000e+02 3.250305391812691449e-47
2.517500000000000000e+02 1.132692900760422869e-47
2.520000000000000000e+02 1.431586470813764496e-47
2.522500000000000000e+02 1.660829720599498199e-47
2.525000000000000000e+02 3.177642226150247797e-47
2.527500000000000000e+02 6.573999579412239582e-48
2.530000000000000000e+02 1.821188090330250590e-47
2.532500000000000000e+02 2.358696568370430353e-47
2.535000000000000000e+02 1.565490497239903902e-47
2.537500000000000000e+02 1.085993911770137865e-47
2.540000000000000000e+02 1.847187302333014370e-47
2.542500000000000000e+02 5.530608483284700583e-48
2.545000000000000000e+02 5.346689813927294354e-48
2.547500000000000000e+02 1.948961525880853444e-47
2.550000000000000000e+02 1.921358375217577037e-47
2.552500000000000000e+02 2.601193160131411438e-47
2.555000000000000000e+02 1.275952432726071125e-47
2.557500000000000000e+02 1.786277123179986547e-47
2.560000000000000000e+02 1.612137769643416920e-47
2.562500000000000000e+02 3.130303695500138283e-47
2.565000000000000000e+02 2.131741038446253478e-47
2.567500000000000000e+02 1.184487668594001836e-47
2.570000000000000000e+02 1.341818309764535676e-47
2.572500000000000000e+02 1.935832698847771128e-47
2.575000000000000000e+02 5.230554539340295050e-48
2.577500000000000000e+02 2.058327487276809027e-48
2.580000000000000000e+02 4.954663628895851855e-48
2.582500000000000000e+02 1.261096653932705295e-47
2.585000000000000000e+02 3.763856602233147457e-48
2.587500000000000000e+02 1.795195083334476899e-47
2.590000000000000000e+02 1.389186484925852993e-47
2.592500000000000000e+02 2.896866296137443904e-47
2.595000000000000000e+02 3.104401157276442347e-47
2.597500000000000000e+02 1.330160467402060693e-47
2.600000000000000000e+02 2.370583382914884443e-47
2.602500000000000000e+02 2.341249756595872151e-47
2.605000000000000000e+02 1.683093843144955865e-47
2.607500000000000000e+02 1.976010899427473150e-47
2.610000000000000000e+02 6.318068572518978566e-48
2.612500000000000000e+02 1.549056193965649036e-47
2.615000000000000000e+02 1.538347586956805894e-47
2.617500000000000000e+02 1.192040886164095664e-47
2.620000000000000000e+02 5.963438621451181726e-48
2.622500000000000000e+02 1.124889418092031405e-47
2.625000000000000000e+02 5.687004041404297333e-48
2.627500000000000000e+02 8.923840096420495444e-48
2.630000000000000000e+02 1.850643735141511644e-47
2.632500000000000000e+02 1.255630226202275042e-47
2.635000000000000000e+02 3.814186897032293617e-47
2.637500000000000000e+02 1.130232996941852609e-47
2.640000000000000000e+02 3.553459462848559070e-47
2.642500000000000000e+02 3.359781116437065452e-47
2.645000000000000000e+02 1.143859868306243104e-47
2.647500000000000000e+02 2.846097141864007856e-47
2.650000000000000000e+02 2.159103546008732746e-47
2.652500000000000000e+02 7.100991280250936853e-48
2.655000000000000000e+02 1.437788082300129771e-47
2.657500000000000000e+02 3.515345645113144551e-47
2.660000000000000000e+02 1.442239354761868098e-47
2.662500000000000000e+02 3.927262298964874043e-48
2.665000000000000000e+02 3.840332260632688162e-48
2.667500000000000000e+02 5.272695778982382519e-48
2.670000000000000000e+02 9.918038034438164280e-48
2.672500000000000000e+02 9.822830510402068421e-48
2.675000000000000000e+02 2.156458584633829411e-48
2.677500000000000000e+02 1.307611403130608599e-47
2.680000000000000000e+02 1.535888176199694011e-47
2.682500000000000000e+02 3.771300211464108747e-48
2.685000000000000000e+02 3.427093641694467100e-48
2.687500000000000000e+02 1.879067125519014826e-47
2.690000000000000000e+02 1.208974180806750928e-47
2.692500000000000000e+02 1.364282052278135843e-47
2.695000000000000000e+02 6.437527778543236925e-48
2.697500000000000000e+02 1.197699259160455890e-47
2.700000000000000000e+02 1.161344834849879679e-47
2.702500000000000000e+02 3.323008265140075493e-47
2.705000000000000000e+02 2.886582218034789648e-47
2.707500000000000000e+02 9.659669257534719710e-48
2.710000000000000000e+02 1.160008101214903405e-47
2.712500000000000000e+02 9.136199065312229128e-48
2.715000000000000000e+02 2.201811350650371545e-47
2.717500000000000000e+02 3.325235642677617343e-47
2.720000000000000000e+02 2.694939508809484960e-47
2.722500000000000000e+02 2.108866904655368395e-47
2.725000000000000000e+02 6.515307103456766812e-49
2.727500000000000000e+02 7.237723370309065344e-48
2.730000000000000000e+02 3.533520676820316948e-48
2.732500000000000000e+02 1.942169110574075637e-47
2.735000000000000000e+02 9.574282969138280217e-48
2.737500000000000000e+02 4.295678208738036697e-47
2.740000000000000000e+02 2.904511203181775602e-47
2.742500000000000000e+02 2.256877606124784786e-47
2.745000000000000000e+02 1.928939565271896453e-47
2.747500000000000000e+02 4.981473445951204759e-48
2.750000000000000000e+02 7.524523235343014412e-48
2.752500000000000000e+02 1.324842697967361825e-47
2.755000000000000000e+02 1.310010784510781650e-47
2.757500000000000000e+02 7.506211245777150160e-48
2.760000000000000000e+02 7.319839747870039624e-48
2.762500000000000000e+02 5.106152602621234754e-48
2.765000000000000000e+02 2.357103554365598573e-47
2.767500000000000000e+02 1.923488381486142253e-47
2.770000000000000000e+02 6.517129459221152093e-47
2.772500000000000000e+02 1.341475841825178400e-47
2.775000000000000000e+02 1.397364215469361457e-47
2.777500000000000000e+02 1.040563430149435155e-47
2.780000000000000000e+02 1.452021916245706627e-47
2.782500000000000000e+02 4.564542040283650164e-47
2.785000000000000000e+02 1.530607442377223901e-47
2.787500000000000000e+02 2.876610967106486583e-47
2.790000000000000000e+02 2.176524430614587233e-47
2.792500000000000000e+02 8.470188113104151312e-48
2.795000000000000000e+02 9.190517140036524593e-48
2.797500000000000000e+02 1.151967231444711681e-47
2.800000000000000000e+02 8.301008382086210140e-48
2.802500000000000000e+02 1.034815424640807988e-47
2.805000000000000000e+02 4.646749302388779740e-48
2.807500000000000000e+02 8.508872977001160981e-48
2.810000000000000000e+02 7.853654660564242163e-48
2.812500000000000000e+02 1.832611874100266982e-47
2.815000000000000000e+02 2.790939127200529831e-48
2.817500000000000000e+02 2.297626390684798888e-47
2.820000000000000000e+02 8.630205112988516611e-48
2.822500000000000000e+02 3.551227118730894157e-48
2.825000000000000000e+02 1.539822938181186130e-48
2.827500000000000000e+02 1.890656258291266942e-48
2.830000000000000000e+02 4.005386883292432311e-48
2.832500000000000000e+02 8.553619916201244285e-48
2.835000000000000000e+02 7.476391314734747305e-48
2.837500000000000000e+02 6.208768018843114148e-48
2.840000000000000000e+02 2.830406318133928321e-47
2.842500000000000000e+02 2.970584584814360914e-47
2.845000000000000000e+02 8.659821026030606831e-48
2.847500000000000000e+02 2.448621730227778035e-48
2.850000000000000000e+02 2.460465101111328762e-48
2.852500000000000000e+02 6.236402223123561927e-48
2.855000000000000000e+02 1.184729935995262750e-47
2.857500000000000000e+02 2.430652112211109091e-48
2.860000000000000000e+02 4.483415694485233680e-48
2.862500000000000000e+02 1.364992584235430309e-47
2.865000000000000000e+02 3.348254565057477628e-48
2.867500000000000000e+02 1.319713819900650173e-47
2.870000000000000000e+02 8.005607519250957926e-48
2.872500000000000000e+02 1.117952229006587546e-47
2.875000000000000000e+02 7.529989921893297886e-48
2.877500000000000000e+02 2.625985676284400551e-47
2.880000000000000000e+02 2.091001804389382792e-47
2.882500000000000000e+02 1.478180880169836789e-47
2.885000000000000000e+02 1.179644753324020954e-47
2.887500000000000000e+02 2.036808675985462097e-47
2.890000000000000000e+02 2.033578794460940654e-47
2.892500000000000000e+02 6.396399268643897111e-48
2.895000000000000000e+02 2.331151149911826203e-47
2.897500000000000000e+02 3.066720824353345587e-47
2.900000000000000000e+02 2.458737718593998028e-47
2.902500000000000000e+02 1.207396166136514599e-47
2.905000000000000000e+02 4.262326511924397527e-48
2.907500000000000000e+02 3.749185592670613877e-48
2.910000000000000000e+02 1.766016407153276853e-47
2.912500000000000000e+02 3.060263134749524848e-47
2.915000000000000000e+02 1.509566404040357908e-47
2.917500000000000000e+02 5.560073737506139718e-48
2.920000000000000000e+02 1.601789835696433520e-47
2.922500000000000000e+02 1.393984482855286168e-47
2.925000000000000000e+02 1.391605936902108843e-47
2.927500000000000000e+02 2.941857210822477770e-47
2.930000000000000000e+02 5.535726780348379862e-48
2.932500000000000000e+02 2.498694559475248059e-48
2.935000000000000000e+02 2.447794297699092961e-47
2.937500000000000000e+02 1.010161224593847485e-47
2.940000000000000000e+02 9.104135177894932303e-48
2.942500000000000000e+02 1.437111609826983097e-47
2.945000000000000000e+02 2.782509817222182894e-48
2.947500000000000000e+02 7.418290328879306971e-48
2.950000000000000000e+02 3.095198249540293811e-48
2.952500000000000000e+02 5.939958645172696044e-48
2.955000000000000000e+02 6.656550590612544703e-48
2.957500000000000000e+02 5.326824800613794161e-48
2.960000000000000000e+02 1.925513988331314462e-48
2.962500000000000000e+02 3.812805343283233391e-48
2.965000000000000000e+02 9.883641874547437374e-48
2.967500000000000000e+02 5.713402766275229775e-48
2.970000000000000000e+02 6.023924711187676757e-48
2.972500000000000000e+02 1.140206357435657244e-47
2.975000000000000000e+02 1.270735589569139826e-47
2.977500000000000000e+02 8.769436590309700358e-48
2.980000000000000000e+02 1.916278473965074881e-47
2.982500000000000000e+02 1.737340574614164809e-48
2.985000000000000000e+02 1.034132779735662502e-47
2.987500000000000000e+02 8.099839770983695018e-48
2.990000000000000000e+02 5.627381224346671408e-48
2.992500000000000000e+02 1.088157149350269377e-48
2.995000000000000000e+02 7.805487854270800503e-48
2.997500000000000000e+02 1.568361006487939959e-47
3.000000000000000000e+02 1.002773533412127088e-47
3.002500000000000000e+02 4.485765404328094516e-48
3.005000000000000000e+02 1.345585011687067825e-47
3.007500000000000000e+02 1.458480476160122636e-47
3.010000000000000000e+02 1.240880647464310631e-47
3.012500000000000000e+02 1.283527856537460259e-47
3.015000000000000000e+02 9.460246464983905648e-48
3.017500000000000000e+02 7.021796060019524260e-48
3.020000000000000000e+02 9.339457696902652672e-48
3.022500000000000000e+02 9.461324368226259155e-48
3.025000000000000000e+02 5.615395017195297376e-48
3.027500000000000000e+02 6.019110493209539827e-48
3.030000000000000000e+02 9.361603030003300406e-48
3.032500000000000000e+02 2.117259054638560080e-48
3.035000000000000000e+02 3.167400697681462427e-48
3.037500000000000000e+02 7.133168986897182456e-48
3.040000000000000000e+02 4.955042832610603523e-48
3.042500000000000000e+02 9.839975705664352255e-48
3.045000000000000000e+02 5.684228473425379562e-48
3.047500000000000000e+02 2.867467078770750708e-47
3.050000000000000000e+02 7.469497139856151967e-48
3.052500000000000000e+02 8.421844015327880260e-48
3.055000000000000000e+02 1.818765186410160779e-47
3.057500000000000000e+02 1.685954668501636470e-47
3.060000000000000000e+02 1.223774172341535206e-47
3.062500000000000000e+02 1.811447439593460899e-47
3.065000000000000000e+02 8.281979095720430918e-48
3.067500000000000000e+02 2.040117989275108507e-47
3.070000000000000000e+02 7.505163059777832191e-48
3.072500000000000000e+02 5.351922056675055017e-48
3.075000000000000000e+02 6.932755074042064279e-48
3.077500000000000000e+02 3.580010929454136941e-48
3.080000000000000000e+02 2.243959817900273216e-47
3.082500000000000000e+02 7.501513568287762886e-48
3.085000000000000000e+02 1.100247430251340153e-47
3.087500000000000000e+02 2.345005262858431902e-47
3.090000000000000000e+02 6.706187768661808676e-48
3.092500000000000000e+02 2.793433876409030911e-48
3.095000000000000000e+02 4.226190948858838640e-48
3.097500000000000000e+02 2.266914562574389118e-47
3.100000000000000000e+02 2.466742977913057491e-47
3.102500000000000000e+02 8.424717996978445120e-48
3.105000000000000000e+02 1.000978189410442792e-47
3.107500000000000000e+02 5.982080617584170908e-48
3.110000000000000000e+02 6.218728225978261402e-48
3.112500000000000000e+02 8.927268305169299802e-48
3.115000000000000000e+02 7.382369346209864286e-48
3.117500000000000000e+02 2.076314525649495803e-48
3.120000000000000000e+02 1.797304522585132487e-48
3.122500000000000000e+02 1.576967630231463084e-48
3.125000000000000000e+02 3.068502469174518042e-48
3.127500000000000000e+02 1.832857534223344351e-48
3.130000000000000000e+02 9.776253759944372018e-48
3.132500000000000000e+02 5.056482162178976194e-48
3.135000000000000000e+02 7.805760315421627011e-48
3.137500000000000000e+02 1.811944102189723141e-48
3.140000000000000000e+02 4.928490700497581641e-49
3.142500000000000000e+02 7.189580369151936262e-48
3.145000000000000000e+02 8.512328237873218322e-48
3.147500000000000000e+02 8.722285890345150269e-48
3.150000000000000000e+02 5.825269359670905053e-48
3.152500000000000000e+02 8.257155310603863507e-48
3.155000000000000000e+02 1.235815594853554796e-47
3.157500000000000000e+02 1.185162360011533830e-47
3.160000000000000000e+02 2.366606461915626713e-48
3.162500000000000000e+02 2.589172814035816157e-48
3.165000000000000000e+02 2.844275856351955037e-48
3.167500000000000000e+02 7.807103014159004447e-48
3.170000000000000000e+02 5.116304531610424505e-48
3.172500000000000000e+02 8.343636196793153968e-48
3.175000000000000000e+02 8.241283198564344080e-48
3.177500000000000000e+02 1.835593868520469469e-47
3.180000000000000000e+02 2.751948841728229990e-47
3.182500000000000000e+02 1.245013894613321581e-47
3.185000000000000000e+02 1.539914601916550831e-47
3.187500000000000000e+02 1.621399785856838677e-47
3.190000000000000000e+02 3.362501366461499410e-48
3.192500000000000000e+02 2.464627197837509454e-48
3.195000000000000000e+02 7.246410558201421708e-48
3.197500000000000000e+02 4.805145725506359178e-48
3.200000000000000000e+02 7.661871726490623452e-48
3.202500000000000000e+02 2.269962386947821966e-47
3.205000000000000000e+02 8.053031536869018597e-48
3.207500000000000000e+02 2.244342512136028454e-48
3.210000000000000000e+02 1.399648993244287616e-47
3.212500000000000000e+02 1.331568526207072299e-48
3.215000000000000000e+02 1.448783699640468587e-47
3.217500000000000000e+02 1.743446665295342112e-47
3.220000000000000000e+02 5.246727505463710742e-48
3.222500000000000000e+02 1.186724740520595011e-47
3.225000000000000000e+02 4.809059733651474146e-48
3.227500000000000000e+02 5.776786769693577449e-48
3.230000000000000000e+02 9.668782611660507607e-48
3.232500000000000000e+02 1.932663528958347818e-47
3.235000000000000000e+02 1.725057596618932412e-47
3.237500000000000000e+02 7.091130541761684118e-48
3.240000000000000000e+02 1.160404645500005757e-47
3.242500000000000000e+02 3.527539538673597600e-47
3.245000000000000000e+02 1.548184952634636574e-47
3.247500000000000000e+02 9.580981452253583074e-48
3.250000000000000000e+02 1.421287777330782426e-48
3.252500000000000000e+02 3.809815669506414249e-47
3.255000000000000000e+02 1.399470884213136516e-47
3.257500000000000000e+02 3.947629112366070875e-48
3.260000000000000000e+02 2.233237694505965479e-48
3.262500000000000000e+02 9.863409590399367848e-48
3.265000000000000000e+02 9.264751699354101379e-48
3.267500000000000000e+02 8.357835088333133598e-48
3.270000000000000000e+02 1.321820251248061508e-47
3.272500000000000000e+02 6.629215257806477168e-48
3.275000000000000000e+02 1.338514209270156186e-48
3.277500000000000000e+02 6.412843009450201771e-49
3.280000000000000000e+02 2.184490085950587912e-48
3.282500000000000000e+02 9.588756589273884002e-48
3.285000000000000000e+02 1.436393048638047056e-47
3.287500000000000000e+02 1.083962309061881472e-47
3.290000000000000000e+02 1.468325140789692686e-47
3.292500000000000000e+02 1.157058901451835779e-47
3.295000000000000000e+02 9.401891222396469931e-48
3.297500000000000000e+02 5.223164192827182855e-48
3.300000000000000000e+02 3.578706736791929634e-48
3.302500000000000000e+02 7.654651310313190308e-48
3.305000000000000000e+02 8.093761425658089458e-48
3.307500000000000000e+02 1.325758625346520702e-47
3.310000000000000000e+02 1.783256481858827233e-47
3.312500000000000000e+02 3.274751753275253403e-47
3.315000000000000000e+02 6.844106622263220873e-48
3.317500000000000000e+02 9.708057074592577631e-48
3.320000000000000000e+02 9.474866284194914995e-48
3.322500000000000000e+02 8.811379435414549074e-48
3.325000000000000000e+02 3.182399498067397362e-48
3.327500000000000000e+02 1.662753452649609614e-47
3.330000000000000000e+02 6.754231056425964170e-48
3.332500000000000000e+02 4.418989240374089074e-48
3.335000000000000000e+02 1.242044137759393345e-47
3.337500000000000000e+02 3.193539684954987795e-48
3.340000000000000000e+02 3.272486970169092891e-48
3.342500000000000000e+02 1.063250072224970236e-47
3.345000000000000000e+02 5.915414567511515618e-48
3.347500000000000000e+02 1.503611570498820854e-47
3.350000000000000000e+02 8.453239410103509319e-48
3.352500000000000000e+02 9.251461907108127527e-48
3.355000000000000000e+02 2.676258358906702283e-48
3.357500000000000000e+02 5.704555105192031645e-48
3.360000000000000000e+02 1.003578910404671939e-47
3.362500000000000000e+02 6.211493874520011212e-48
3.365000000000000000e+02 1.158377781394002215e-47
3.367500000000000000e+02 1.740267307083355118e-47
3.370000000000000000e+02 6.179038831346832540e-48
3.372500000000000000e+02 6.783102720073923455e-48
3.375000000000000000e+02 8.152050657093712365e-48
3.377500000000000000e+02 1.944666270533144834e-47
3.380000000000000000e+02 1.003857307693593198e-47
3.382500000000000000e+02 3.941115215131597463e-48
3.385000000000000000e+02 2.834095344331076472e-48
3.387500000000000000e+02 5.692927533888785990e-48
3.390000000000000000e+02 1.201959047868437773e-47
3.392500000000000000e+02 2.458203279390302080e-47
3.395000000000000000e+02 1.111470741664842489e-47
3.397500000000000000e+02 2.217310745316251100e-47
3.400000000000000000e+02 3.828359139712998019e-48
3.402500000000000000e+02 4.605088425556701010e-48
3.405000000000000000e+02 3.029646763869709024e-48
3.407500000000000000e+02 9.731173011165116106e-48
3.410000000000000000e+02 7.355947362256834675e-48
3.412500000000000000e+02 3.329393405004057197e-48
3.415000000000000000e+02 1.696325166567703712e-47
3.417500000000000000e+02 7.203289183064948504e-48
3.420000000000000000e+02 9.086343818926295118e-48
3.422500000000000000e+02 5.355962054088909841e-48
3.425000000000000000e+02 1.376128332712934118e-48
3.427500000000000000e+02 6.219072440885785925e-49
3.430000000000000000e+02 4.930876679306757834e-49
3.432500000000000000e+02 3.427226553219637862e-48
3.435000000000000000e+02 8.429118934812680721e-48
3.437500000000000000e+02 2.589416356549704967e-48
3.440000000000000000e+02 5.047311429438981537e-48
3.442500000000000000e+02 3.781013679020314351e-48
3.445000000000000000e+02 4.044345830366923549e-48
3.447500000000000000e+02 1.216693370017363700e-47
3.450000000000000000e+02 1.198449858769263964e-47
3.452500000000000000e+02 8.823072895799840484e-48
3.455000000000000000e+02 2.277675409578714340e-48
3.457500000000000000e+02 1.154000210540367747e-47
3.460000000000000000e+02 1.579059200657575477e-47
3.462500000000000000e+02 1.965691348711899351e-47
3.465000000000000000e+02 1.628210122776719767e-47
3.467500000000000000e+02 9.644898979847983594e-48
3.470000000000000000e+02 7.995785549519484782e-48
3.472500000000000000e+02 8.398313154504973559e-48
3.475000000000000000e+02 4.074739176963086439e-48
3.477500000000000000e+02 4.647572292574625607e-48
3.480000000000000000e+02 4.741942355547183978e-48
3.482500000000000000e+02 8.095555597688521398e-48
3.485000000000000000e+02 1.297702434840164187e-47
3.487500000000000000e+02 1.649940545622111168e-47
3.490000000000000000e+02 2.056208454379642548e-48
3.492500000000000000e+02 6.512911903647960146e-48
3.495000000000000000e+02 8.079301050421834648e-48
3.497500000000000000e+02 3.231350147747324536e-48
3.500000000000000000e+02 6.228523267176616329e-48
3.502500000000000000e+02 9.127370651756804219e-48
3.505000000000000000e+02 6.936250099670230544e-48
3.507500000000000000e+02 7.439561881956916253e-48
3.510000000000000000e+02 7.831038890875233834e-48
3.512500000000000000e+02 1.820580497388408961e-48
3.515000000000000000e+02 5.106151209533722597e-48
3.517500000000000000e+02 1.345982275151685958e-48
3.520000000000000000e+02 6.706420585719908879e-48
3.522500000000000000e+02 3.638726902968556734e-48
3.525000000000000000e+02 8.353530213784071351e-48
3.527500000000000000e+02 3.304017509847906555e-48
3.530000000000000000e+02 1.442701440652323627e-48
3.532500000000000000e+02 7.344174361696390501e-48
3.535000000000000000e+02 1.141861285646306998e-47
3.537500000000000000e+02 1.034894892121699003e-47
3.540000000000000000e+02 2.273467676944591680e-48
3.542500000000000000e+02 6.726472559458392537e-48
3.545000000000000000e+02 4.424630638113995150e-48
3.547500000000000000e+02 1.696864389693681599e-48
3.550000000000000000e+02 4.852733377854785678e-48
3.552500000000000000e+02 1.618284502207713327e-47
3.555000000000000000e+02 2.040897997811515469e-48
3.557500000000000000e+02 5.466633269272821809e-48
3.560000000000000000e+02 1.460573790120041384e-47
3.562500000000000000e+02 1.646770406751136208e-47
3.565000000000000000e+02 2.034961523938763582e-48
3.567500000000000000e+02 1.274907002180003667e-47
3.570000000000000000e+02 1.495912059735191367e-47
3.572500000000000000e+02 4.414696092721032155e-48
3.575000000000000000e+02 1.068200801567090828e-48
3.577500000000000000e+02 2.337074454407941858e-48
3.580000000000000000e+02 5.742653243932761154e-48
3.582500000000000000e+02 4.053672172224919585e-48
3.585000000000000000e+02 6.448339287586420345e-49
3.587500000000000000e+02 4.574970669534165124e-48
3.590000000000000000e+02 5.046073796077741040e-48
3.592500000000000000e+02 7.450866250837921405e-48
3.595000000000000000e+02 5.780785941148094084e-48
3.597500000000000000e+02 7.469247139036256518e-48
3.600000000000000000e+02 1.422095753440385915e-47
3.602500000000000000e+02 1.891208671074417965e-48
3.605000000000000000e+02 2.333057278083110411e-48
3.607500000000000000e+02 5.227691783068459052e-48
3.610000000000000000e+02 3.418444460151717456e-48
3.612500000000000000e+02 2.591197156607705959e-48
3.615000000000000000e+02 3.011517441885836358e-48
3.617500000000000000e+02 8.565773995903196783e-48
3.620000000000000000e+02 9.738265359455853714e-49
3.622500000000000000e+02 1.929802635682708251e-48
3.625000000000000000e+02 3.647046949869009377e-48
3.627500000000000000e+02 4.111533342034491034e-48
3.630000000000000000e+02 2.810880791551734430e-48
3.632500000000000000e+02 3.317460567493944425e-48
3.635000000000000000e+02 4.713471903207522594e-48
3.637500000000000000e+02 1.076236521617126294e-48
3.640000000000000000e+02 3.780250092197640647e-48
3.642500000000000000e+02 1.549879882665297424e-48
3.645000000000000000e+02 5.837291068806384861e-48
3.647500000000000000e+02 3.913903592663183684e-48
3.650000000000000000e+02 2.257513999107070150e-48
3.652500000000000000e+02 2.402851888834531167e-48
3.655000000000000000e+02 1.521730958461725987e-48
3.657500000000000000e+02 7.394579723363623790e-48
3.660000000000000000e+02 7.009134521441707342e-48
3.662500000000000000e+02 9.797101995146988611e-48
3.665000000000000000e+02 2.498935670079069349e-47
3.667500000000000000e+02 1.360060249115228935e-47
3.670000000000000000e+02 8.793345237756295304e-48
3.672500000000000000e+02 8.965502671266009974e-48
3.675000000000000000e+02 7.482749603556309456e-49
3.677500000000000000e+02 1.964512681661140885e-48
3.680000000000000000e+02 1.649849520589156512e-48
3.682500000000000000e+02 6.547319572712295681e-48
3.685000000000000000e+02 1.531547622736977233e-47
3.687500000000000000e+02 9.574810579004813409e-48
3.690000000000000000e+02 5.159285947758494224e-48
3.692500000000000000e+02 1.899546513838605968e-48
3.695000000000000000e+02 1.629664827108250488e-48
3.697500000000000000e+02 5.821674283897557778e-48
3.700000000000000000e+02 1.687250267852541729e-48
3.702500000000000000e+02 3.222771910374242245e-48
3.705000000000000000e+02 6.804692101430930150e-48
3.707500000000000000e+02 4.792978106445404680e-48
3.710000000000000000e+02 3.379914120146716289e-48
3.712500000000000000e+02 8.017874588299134827e-49
3.715000000000000000e+02 7.023017706006823461e-48
3.717500000000000000e+02 6.376871024343937139e-48
3.720000000000000000e+02 3.594791061894723389e-48
3.722500000000000000e+02 2.020398361875837904e-48
3.725000000000000000e+02 2.663212469124756464e-48
3.727500000000000000e+02 1.418023874190384611e-47
3.730000000000000000e+02 1.695675552645782656e-47
3.732500000000000000e+02 3.978661550983061708e-48
3.735000000000000000e+02 5.405923875240133162e-48
3.737500000000000000e+02 1.548041033187626333e-48
3.740000000000000000e+02 5.691629779567945691e-48
3.742500000000000000e+02 1.011705994688701869e-47
3.745000000000000000e+02 1.310852956455677023e-48
3.747500000000000000e+02 1.523282652694666107e-48
3.750000000000000000e+02 3.388278135624729595e-48
3.752500000000000000e+02 6.115633233101276458e-48
3.755000000000000000e+02 6.534633511287932722e-48
3.757500000000000000e+02 3.942398901988362985e-48
3.760000000000000000e+02 3.364392230665111362e-48
3.762500000000000000e+02 5.004422924907067954e-48
3.765000000000000000e+02 5.254496057347118072e-48
3.767500000000000000e+02 1.617998330499858689e-47
3.770000000000000000e+02 1.197065610181523000e-47
3.772500000000000000e+02 1.921547149380194907e-48
3.775000000000000000e+02 6.595918377568000356e-48
3.777500000000000000e+02 8.785030518615956113e-48
3.780000000000000000e+02 7.612792281867265058e-48
3.782500000000000000e+02 8.191809638416739582e-48
3.785000000000000000e+02 4.886274623075353821e-48
3.787500000000000000e+02 1.497544046319712078e-48
3.790000000000000000e+02 9.413999160485925405e-48
3.792500000000000000e+02 7.896076129922272004e-48
3.795000000000000000e+02 6.057964037688131026e-48
3.797500000000000000e+02 3.494527261336641032e-48
3.800000000000000000e+02 6.889105780396744048e-48
3.802500000000000000e+02 7.300422921892575498e-48
3.805000000000000000e+02 8.136162794885696175e-48
3.807500000000000000e+02 7.956470080690286254e-48
3.810000000000000000e+02 1.300476313288412941e-48
3.812500000000000000e+02 1.656846557010646355e-48
3.815000000000000000e+02 5.609430668818066954e-48
3.817500000000000000e+02 1.103432293441799372e-47
3.820000000000000000e+02 2.043257625786108233e-48
3.822500000000000000e+02 3.497288513519272222e-49
3.825000000000000000e+02 7.374344262613279451e-49
3.827500000000000000e+02 3.178617803813226848e-48
3.830000000000000000e+02 7.963814083595756823e-48
3.832500000000000000e+02 4.465089130295286926e-48
3.835000000000000000e+02 8.943811684087755247e-48
3.837500000000000000e+02 3.843745985157563781e-48
3.840000000000000000e+02 6.177648211319326093e-48
3.842500000000000000e+02 9.394578253872486056e-48
3.845000000000000000e+02 1.056462397258109140e-48
3.847500000000000000e+02 1.793988645234182118e-48
3.850000000000000000e+02 9.925243747942141821e-48
3.852500000000000000e+02 5.138956196560916130e-48
3.855000000000000000e+02 1.070612455008227492e-47
3.857500000000000000e+02 4.125154607997481477e-48
3.860000000000000000e+02 4.204696726660171143e-48
3.862500000000000000e+02 1.117223982807486936e-48
3.865000000000000000e+02 7.109532069404474668e-48
3.867500000000000000e+02 2.156828680203907570e-48
3.870000000000000000e+02 2.070108772949680172e-48
3.872500000000000000e+02 2.240124372023327989e-48
3.875000000000000000e+02 1.805723243288948414e-48
3.877500000000000000e+02 3.087350910849042309e-49
3.880000000000000000e+02 2.502089089554239907e-48
3.882500000000000000e+02 3.845081427908888868e-48
3.885000000000000000e+02 2.155543286718218716e-48
3.887500000000000000e+02 1.561844259065252280e-48
3.890000000000000000e+02 2.378407651835046295e-48
3.892500000000000000e+02 3.511619547877881437e-48
3.895000000000000000e+02 5.317700826977471181e-48
3.897500000000000000e+02 6.607104180635302984e-48
3.900000000000000000e+02 8.972816486335560558e-48
3.902500000000000000e+02 6.253814346266520273e-48
3.905000000000000000e+02 5.025689295119741338e-48
3.907500000000000000e+02 4.308581387122739293e-48
3.910000000000000000e+02 2.619271295107829187e-48
3.912500000000000000e+02 7.222633333129741392e-48
3.915000000000000000e+02 5.532774710989975905e-48
3.917500000000000000e+02 2.457810349183591149e-48
3.920000000000000000e+02 4.745985838419496199e-48
3.922500000000000000e+02 8.362026971624825717e-48
3.925000000000000000e+02 7.414266424634357805e-48
3.927500000000000000e+02 8.568979347646638002e-48
3.930000000000000000e+02 2.135522971881706626e-48
3.932500000000000000e+02 2.035593855765834232e-48
3.935000000000000000e+02 1.500801038794040932e-48
3.937500000000000000e+02 3.200507261035485987e-48
3.940000000000000000e+02 7.305468173660442486e-48
3.942500000000000000e+02 1.136729737483477744e-47
3.945000000000000000e+02 1.138084163000806561e-48
3.947500000000000000e+02 4.772790298929747004e-48
3.950000000000000000e+02 4.506420728910862222e-48
3.952500000000000000e+02 2.146167429327803469e-48
3.955000000000000000e+02 4.296713131421737400e-48
3.957500000000000000e+02 2.545039007626547760e-48
3.960000000000000000e+02 1.992051335850083626e-48
3.962500000000000000e+02 1.825232237268071800e-48
3.965000000000000000e+02 6.852562820400034552e-48
3.967500000000000000e+02 3.291964735837540459e-48
3.970000000000000000e+02 4.616683041608218112e-48
3.972500000000000000e+02 2.180538563967125700e-48
3.975000000000000000e+02 3.900189413470431121e-48
3.977500000000000000e+02 3.991846439714364647e-48
3.980000000000000000e+02 2.580934522537098168e-48
3.982500000000000000e+02 7.128964047856127374e-48
3.985000000000000000e+02 1.266511815714653929e-48
3.987500000000000000e+02 3.381404767781790080e-48
3.990000000000000000e+02 9.596823826963311291e-48
3.992500000000000000e+02 2.435446818210661915e-48
3.995000000000000000e+02 3.794888027187430048e-48
3.997500000000000000e+02 6.337742077047294954e-48
4.000000000000000000e+02 7.045342900607541308e-48
4.002500000000000000e+02 3.134946116704054418e-48
4.005000000000000000e+02 6.217777671078619956e-48
4.007500000000000000e+02 4.361108358977872247e-48
4.010000000000000000e+02 4.755717624353526336e-48
4.012500000000000000e+02 5.914831140254860139e-48
4.015000000000000000e+02 4.183207124322167767e-48
4.017500000000000000e+02 5.081575645370690516e-48
4.020000000000000000e+02 4.816905548109263506e-48
4.022500000000000000e+02 5.701763134857385406e-48
4.025000000000000000e+02 2.401314345647772839e-48
4.027500000000000000e+02 1.484567718046582340e-48
4.030000000000000000e+02 8.168161139548211709e-48
4.032500000000000000e+02 1.506191386184256083e-48
4.035000000000000000e+02 5.895209926492974733e-48
4.037500000000000000e+02 3.724227879771347545e-49
4.040000000000000000e+02 7.830786214042584480e-48
4.042500000000000000e+02 7.771740178975290493e-48
4.045000000000000000e+02 3.136477296345873044e-48
4.047500000000000000e+02 3.968959074546384477e-48
4.050000000000000000e+02 2.602618247625267618e-48
4.052500000000000000e+02 5.703677538835031201e-48
4.055000000000000000e+02 4.979760200762397485e-48
4.057500000000000000e+02 4.256358399844618579e-48
4.060000000000000000e+02 7.097165942481272276e-48
4.062500000000000000e+02 7.105670773800908783e-48
4.065000000000000000e+02 8.344765468262110022e-48
4.067500000000000000e+02 7.388525483283165999e-48
4.070000000000000000e+02 4.487856186332944611e-48
4.072500000000000000e+02 1.088143064442224375e-48
4.075000000000000000e+02 1.036621469378344098e-48
4.077500000000000000e+02 5.160299944322562869e-48
4.080000000000000000e+02 3.600844529928602914e-48
4.082500000000000000e+02 3.262047251039720890e-48
4.085000000000000000e+02 2.124425619230860419e-48
4.087500000000000000e+02 6.081835720917504344e-48
4.090000000000000000e+02 4.685628625904027669e-48
4.092500000000000000e+02 1.806128120395618409e-48
4.095000000000000000e+02 1.852360475222376199e-48
4.097500000000000000e+02 6.284690353649741661e-48
4.100000000000000000e+02 1.767500918686419369e-48
4.102500000000000000e+02 5.623643682883895939e-48
4.105000000000000000e+02 4.249652501791834259e-48
4.107500000000000000e+02 5.598325016141252886e-48
4.110000000000000000e+02 5.583290869711325411e-48
4.112500000000000000e+02 3.146830206697465332e-48
4.115000000000000000e+02 1.519535510050217921e-49
4.117500000000000000e+02 4.491649518654688256e-48
4.120000000000000000e+02 3.538518513874718776e-48
4.122500000000000000e+02 2.155469504311167138e-48
4.125000000000000000e+02 3.679953785422309596e-48
4.127500000000000000e+02 4.089361243009575245e-48
4.130000000000000000e+02 2.307514018930480576e-48
4.132500000000000000e+02 3.844636390457030233e-48
4.135000000000000000e+02 6.432220914884230113e-48
4.137500000000000000e+02 6.402028794025855541e-48
4.140000000000000000e+02 5.267715847900905474e-48
4.142500000000000000e+02 6.757231904872422838e-48
4.145000000000000000e+02 3.492165029397834413e-48
4.147500000000000000e+02 4.035457407803426519e-48
4.150000000000000000e+02 5.603805976997137943e-48
4.152500000000000000e+02 4.660684755256228012e-48
4.155000000000000000e+02 8.961932743768731206e-49
4.157500000000000000e+02 3.173238224490297604e-48
4.160000000000000000e+02 3.107907140579299804e-48
4.162500000000000000e+02 2.415766961253889773e-48
4.165000000000000000e+02 2.635694908836689943e-48
4.167500000000000000e+02 1.073591800368929229e-48
4.170000000000000000e+02 2.571296413391515941e-49
4.172500000000000000e+02 2.165472350079450857e-48
4.175000000000000000e+02 8.498953545126678594e-49
4.177500000000000000e+02 1.943521314353901975e-48
4.180000000000000000e+02 2.931957212841080347e-48
4.182500000000000000e+02 5.470818835579028989e-48
4.185000000000000000e+02 2.186538519770545440e-48
4.187500000000000000e+02 1.707942494789016589e-48
4.190000000000000000e+02 3.824503790961922127e-48
4.192500000000000000e+02 6.542476760894394128e-48
4.195000000000000000e+02 8.931767143965650182e-48
4.197500000000000000e+02 3.634978632732387444e-48
4.200000000000000000e+02 5.955855409100412024e-48
4.202500000000000000e+02 7.140759124489534321e-48
4.205000000000000000e+02 1.148964584298964317e-47
4.207500000000000000e+02 2.708897823081354221e-48
4.210000000000000000e+02 5.443927995744346902e-48
4.212500000000000000e+02 1.302284058348598054e-48
4.215000000000000000e+02 2.148198593433415895e-48
4.217500000000000000e+02 2.766607857817974940e-48
4.220000000000000000e+02 8.347402901616187230e-49
4.222500000000000000e+02 1.438968502308667640e-48
4.225000000000000000e+02 4.107828387007793441e-48
4.227500000000000000e+02 6.003831644079827972e-48
4.230000000000000000e+02 6.181188820058126891e-48
4.232500000000000000e+02 1.093366219322351208e-47
4.235000000000000000e+02 8.434679763027297041e-49
4.237500000000000000e+02 1.055703546247915461e-48
4.240000000000000000e+02 2.971266272095786922e-48
4.242500000000000000e+02 9.375355462598192718e-48
4.245000000000000000e+02 8.048510876261401734e-48
4.247500000000000000e+02 4.903102930144110633e-48
4.250000000000000000e+02 4.551998810963489922e-49
4.252500000000000000e+02 4.195177881584173891e-48
4.255000000000000000e+02 3.834675352847118920e-48
4.257500000000000000e+02 1.018658368071851519e-47
4.260000000000000000e+02 4.676838138636560052e-48
4.262500000000000000e+02 5.176356512787952134e-48
4.265000000000000000e+02 2.009680212715362339e-48
4.267500000000000000e+02 1.203191381291882322e-48
4.270000000000000000e+02 1.115454813108887899e-47
4.272500000000000000e+02 7.574958084653575161e-48
4.275000000000000000e+02 4.934579652246830089e-48
4.277500000000000000e+02 3.270149840743209873e-48
4.280000000000000000e+02 3.352397073461021600e-48
4.282500000000000000e+02 1.038597191476590549e-48
4.285000000000000000e+02 1.446351395360858118e-48
4.287500000000000000e+02 1.803273146402724164e-48
4.290000000000000000e+02 2.721262938790098046e-48
4.292500000000000000e+02 2.511797564721739902e-48
4.295000000000000000e+02 3.766848104589651786e-48
4.297500000000000000e+02 7.691688543823356404e-48
4.300000000000000000e+02 4.906597587437053332e-48
4.302500000000000000e+02 4.293932241217810872e-48
4.305000000000000000e+02 7.934375316350760314e-48
4.307500000000000000e+02 1.467956260451360196e-48
4.310000000000000000e+02 1.288997688415170037e-48
4.312500000000000000e+02 3.518619761140671865e-48
4.315000000000000000e+02 6.704702288665099767e-48
4.317500000000000000e+02 4.610645070012201701e-48
4.320000000000000000e+02 1.648551992737285467e-48
4.322500000000000000e+02 1.873632718401764566e-48
4.325000000000000000e+02 7.218594106186868468e-48
4.327500000000000000e+02 1.735900163912058299e-48
4.330000000000000000e+02 3.461352842666457929e-48
4.332500000000000000e+02 3.025805759008693470e-48
4.335000000000000000e+02 1.403038574861248490e-48
4.337500000000000000e+02 3.901871299354537955e-48
4.340000000000000000e+02 4.173724075373932622e-48
4.342500000000000000e+02 2.991603876796920812e-48
4.345000000000000000e+02 9.776966579275677607e-49
4.347500000000000000e+02 3.697899900698349271e-48
4.350000000000000000e+02 2.255116352144831527e-48
4.352500000000000000e+02 2.422253277861863200e-48
4.355000000000000000e+02 1.960398933099487927e-48
4.357500000000000000e+02 3.020701657973336974e-48
4.360000000000000000e+02 2.268169093404056664e-48
4.362500000000000000e+02 3.223735642947252946e-48
4.365000000000000000e+02 3.354448136449397867e-48
4.367500000000000000e+02 2.217655295733629025e-48
4.370000000000000000e+02 3.665594573883726944e-48
4.372500000000000000e+02 2.677942102742042614e-48
4.375000000000000000e+02 1.321716489927711381e-48
4.377500000000000000e+02 7.518377522685930618e-48
4.380000000000000000e+02 1.431805389173189605e-48
4.382500000000000000e+02 4.735591030718910703e-48
4.385000000000000000e+02 3.286056196174943133e-48
4.387500000000000000e+02 5.037759567394925901e-48
4.390000000000000000e+02 3.076498500832156062e-48
4.392500000000000000e+02 4.678528083565138076e-48
4.395000000000000000e+02 6.571983608966041080e-49
4.397500000000000000e+02 2.901068504750822314e-48
4.400000000000000000e+02 4.616125493181229519e-48
4.402500000000000000e+02 3.176847447784825189e-48
4.405000000000000000e+02 2.550564212568035972e-48
4.407500000000000000e+02 3.432891684152755858e-48
4.410000000000000000e+02 2.485059148741990987e-48
4.412500000000000000e+02 1.978992095818780088e-48
4.415000000000000000e+02 3.653293532156724403e-48
4.417500000000000000e+02 1.997674011845198456e-48
4.420000000000000000e+02 3.569322498733078894e-48
4.422500000000000000e+02 2.478101630401520841e-48
4.425000000000000000e+02 3.275461965613680659e-48
4.427500000000000000e+02 3.809749049899678027e-48
4.430000000000000000e+02 4.374926605914247942e-48
4.432500000000000000e+02 5.642029602372010327e-49
4.435000000000000000e+02 3.311973296447850047e-48
4.437500000000000000e+02 2.858704548471242445e-48
4.440000000000000000e+02 3.722817141853916264e-48
4.442500000000000000e+02 6.287076853990376963e-48
4.445000000000000000e+02 6.196608357798481596e-48
4.447500000000000000e+02 2.457914131996582268e-48
4.450000000000000000e+02 1.537710321295871473e-48
4.452500000000000000e+02 1.130532325239143465e-48
4.455000000000000000e+02 4.060937714043611287e-48
4.457500000000000000e+02 6.097144676932250841e-49
4.460000000000000000e+02 3.432767468171387354e-48
4.462500000000000000e+02 7.361703502610951660e-48
4.465000000000000000e+02 5.183822365852686566e-48
4.467500000000000000e+02 3.817744045315032540e-48
4.470000000000000000e+02 2.232533977431631079e-48
4.472500000000000000e+02 2.392824814463423398e-48
4.475000000000000000e+02 4.128908569035158631e-48
4.477500000000000000e+02 6.045930799120266731e-48
4.480000000000000000e+02 8.368594180756620648e-48
4.482500000000000000e+02 3.040578191842158425e-48
4.485000000000000000e+02 2.199005187332264098e-48
4.487500000000000000e+02 4.151046776237032745e-48
4.490000000000000000e+02 5.189470352840036995e-48
4.492500000000000000e+02 4.587818205611428806e-48
4.495000000000000000e+02 6.945981959517890673e-48
4.497500000000000000e+02 3.139191082615091085e-48
4.500000000000000000e+02 2.309310499186083697e-48
4.502500000000000000e+02 4.471367602551846782e-48
4.505000000000000000e+02 5.694777493147900812e-48
4.507500000000000000e+02 9.756009735460203120e-48
4.510000000000000000e+02 2.867657161623726936e-48
4.512500000000000000e+02 7.850244562511886142e-48
4.515000000000000000e+02 4.376696809426867810e-48
4.517500000000000000e+02 1.172592950390775040e-47
4.520000000000000000e+02 7.745840271107511314e-48
4.522500000000000000e+02 2.060465411098278751e-48
4.525000000000000000e+02 1.238486147850750842e-48
4.527500000000000000e+02 1.697935926171884021e-48
4.530000000000000000e+02 4.281453860571831373e-48
4.532500000000000000e+02 1.286960305163623332e-48
4.535000000000000000e+02 3.242982228075531555e-48
4.537500000000000000e+02 3.227108893748344159e-48
4.540000000000000000e+02 5.395630792844741899e-48
4.542500000000000000e+02 4.747198540969413520e-48
4.545000000000000000e+02 2.218108493862134075e-48
4.547500000000000000e+02 8.756418489351940138e-48
4.550000000000000000e+02 2.038394663363078014e-48
4.552500000000000000e+02 5.672005454009977304e-48
4.555000000000000000e+02 2.641044537677933661e-48
4.557500000000000000e+02 3.226818401980867050e-49
4.560000000000000000e+02 1.132301002860688113e-48
4.562500000000000000e+02 4.717132452602904311e-48
4.565000000000000000e+02 1.239742213312219232e-48
4.567500000000000000e+02 3.786541474428040736e-49
4.570000000000000000e+02 1.074206950781174432e-48
4.572500000000000000e+02 7.627066431179044239e-48
4.575000000000000000e+02 7.024141815743849810e-48
4.577500000000000000e+02 9.515511022583046159e-48
4.580000000000000000e+02 5.052220766641238274e-48
4.582500000000000000e+02 1.756745427910775609e-48
4.585000000000000000e+02 3.562291898723084070e-48
4.587500000000000000e+02 2.301051883140980102e-48
4.590000000000000000e+02 1.631050650393579965e-48
4.592500000000000000e+02 2.732111457548189757e-48
4.595000000000000000e+02 3.605932679985174077e-48
4.597500000000000000e+02 1.412005579054256473e-48
4.600000000000000000e+02 2.300430596120693267e-48
4.602500000000000000e+02 4.841401409420349976e-48
4.605000000000000000e+02 8.341941981561509484e-48
4.607500000000000000e+02 5.602851376481830238e-48
4.610000000000000000e+02 1.388863116861391819e-48
4.612500000000000000e+02 3.095210452808850958e-48
4.615000000000000000e+02 1.516171521668113828e-48
4.617500000000000000e+02 1.020276952118509313e-47
4.620000000000000000e+02 3.779708900103510114e-48
4.622500000000000000e+02 2.283550796041256534e-48
4.625000000000000000e+02 1.738895480737630838e-48
4.627500000000000000e+02 1.225155513831863181e-48
4.630000000000000000e+02 6.049547258376845150e-49
4.632500000000000000e+02 1.117729878975811557e-48
4.635000000000000000e+02 1.328237477873100078e-48
4.637500000000000000e+02 2.568458981634231023e-48
4.640000000000000000e+02 2.399439856074651041e-48
4.642500000000000000e+02 8.991480207543700366e-49
4.645000000000000000e+02 3.179884094074886245e-48
4.647500000000000000e+02 7.823388911309458447e-49
4.650000000000000000e+02 1.172690809925943357e-48
4.652500000000000000e+02 5.280210259895111041e-48
4.655000000000000000e+02 1.246959853496919705e-47
4.657500000000000000e+02 1.583018351277895574e-48
4.660000000000000000e+02 2.246504344292632506e-48
4.662500000000000000e+02 3.140420238040826674e-48
4.665000000000000000e+02 5.763558173692960663e-48
4.667500000000000000e+02 1.731034083178796322e-48
4.670000000000000000e+02 1.753449291095077164e-48
4.672500000000000000e+02 2.463138524264125768e-48
4.675000000000000000e+02 3.032819174442478409e-48
4.677500000000000000e+02 3.922394477773242772e-48
4.680000000000000000e+02 1.546914106398799443e-48
4.682500000000000000e+02 8.998968539236445537e-49
4.685000000000000000e+02 6.239480110280045422e-48
4.687500000000000000e+02 9.620844195922947367e-48
4.690000000000000000e+02 2.216250824667089539e-48
4.692500000000000000e+02 4.208414865263666795e-48
4.695000000000000000e+02 6.746613812159496122e-48
4.697500000000000000e+02 4.307182685472897719e-48
4.700000000000000000e+02 4.898488869823400178e-48
4.702500000000000000e+02 2.043250276359187206e-49
4.705000000000000000e+02 1.395716840813937544e-48
4.707500000000000000e+02 6.688461934621267423e-48
4.710000000000000000e+02 5.596107506845847317e-48
4.712500000000000000e+02 2.509036820767727423e-48
4.715000000000000000e+02 1.682671873275564030e-48
4.717500000000000000e+02 4.805165012046657592e-48
4.720000000000000000e+02 4.626349695734392624e-48
4.722500000000000000e+02 1.273507401643968816e-48
4.725000000000000000e+02 1.488491537263193082e-48
4.727500000000000000e+02 6.849354604612843935e-48
4.730000000000000000e+02 1.926993244508606746e-48
4.732500000000000000e+02 7.495059430022094509e-49
4.735000000000000000e+02 4.662468426333321889e-48
4.737500000000000000e+02 7.367896637943423260e-49
4.740000000000000000e+02 1.645108983757549117e-48
4.742500000000000000e+02 1.494904081230310915e-48
4.745000000000000000e+02 8.978397288684171381e-48
4.747500000000000000e+02 4.225031479318542149e-48
4.750000000000000000e+02 4.504661342490555958e-48
4.752500000000000000e+02 1.535067091794165220e-48
4.755000000000000000e+02 3.093073493120995413e-48
4.757500000000000000e+02 5.278568611690797565e-48
4.760000000000000000e+02 2.057581620028735874e-48
4.762500000000000000e+02 4.227801759621581850e-48
4.765000000000000000e+02 3.934678594667673996e-48
4.767500000000000000e+02 8.879336723638764067e-49
4.770000000000000000e+02 1.878113562416721752e-48
4.772500000000000000e+02 6.890621762429036321e-49
4.775000000000000000e+02 2.002690735311742218e-48
4.777500000000000000e+02 5.018432621510363961e-48
4.780000000000000000e+02 7.682356511169810556e-48
4.782500000000000000e+02 1.102588409275571785e-48
4.785000000000000000e+02 4.121477284519572797e-48
4.787500000000000000e+02 1.044970923308781986e-48
4.790000000000000000e+02 5.382125954201737664e-48
4.792500000000000000e+02 1.404708083608239607e-48
4.795000000000000000e+02 9.346776343427125169e-49
4.797500000000000000e+02 2.714710495273703509e-48
4.800000000000000000e+02 7.343576011877152774e-48
4.802500000000000000e+02 4.308417241402565347e-48
4.805000000000000000e+02 6.546307515825155185e-48
4.807500000000000000e+02 4.765309768258951537e-48
4.810000000000000000e+02 2.186033530831696640e-48
4.812500000000000000e+02 1.522623274903980533e-48
4.815000000000000000e+02 2.672930811344899225e-48
4.817500000000000000e+02 4.286313027257805010e-48
4.820000000000000000e+02 7.162368013166676462e-48
4.822500000000000000e+02 1.837222562795220209e-48
4.825000000000000000e+02 3.133278254335612328e-48
4.827500000000000000e+02 2.102836751905099178e-48
4.830000000000000000e+02 4.635842452685628991e-48
4.832500000000000000e+02 3.957476893858208568e-48
4.835000000000000000e+02 8.568084778074079742e-49
4.837500000000000000e+02 1.298029864217950607e-48
4.840000000000000000e+02 7.722533463023033786e-49
4.842500000000000000e+02 3.220706578717012685e-48
4.845000000000000000e+02 7.179537473968882593e-48
4.847500000000000000e+02 1.773040245674439515e-48
4.850000000000000000e+02 7.881635328547621342e-48
4.852500000000000000e+02 9.008100050725220711e-48
4.855000000000000000e+02 1.485792245551690048e-47
4.857500000000000000e+02 1.322862266791467930e-47
4.860000000000000000e+02 1.379960073934320308e-48
4.862500000000000000e+02 2.134001241961951861e-48
4.865000000000000000e+02 1.697004691027836114e-48
4.867500000000000000e+02 5.259689911919829354e-48
4.870000000000000000e+02 5.421714661831890321e-48
4.872500000000000000e+02 4.140722856382410978e-48
4.875000000000000000e+02 8.962406561213848319e-48
4.877500000000000000e+02 6.591504465028673232e-48
4.880000000000000000e+02 4.189216898569385864e-48
4.882500000000000000e+02 1.374177567680449373e-48
4.885000000000000000e+02 2.212553762563615230e-48
4.887500000000000000e+02 3.288574268615930715e-48
4.890000000000000000e+02 6.678442445322467700e-49
4.892500000000000000e+02 8.717978118096095162e-48
4.895000000000000000e+02 1.694775357982275351e-48
4.897500000000000000e+02 4.754906784585833396e-48
4.900000000000000000e+02 7.716319566130247752e-48
4.902500000000000000e+02 4.194860811820133635e-48
4.905000000000000000e+02 5.707369140546761669e-49
4.907500000000000000e+02 1.007288730894545176e-48
4.910000000000000000e+02 1.719492714721342185e-48
4.912500000000000000e+02 2.511407309389973508e-48
4.915000000000000000e+02 3.466788109773634442e-48
4.917500000000000000e+02 1.426813603464234800e-48
4.920000000000000000e+02 4.733795175788263336e-48
4.922500000000000000e+02 5.314624195645085410e-48
4.925000000000000000e+02 5.241611972621785674e-48
4.927500000000000000e+02 2.091458287272554154e-48
4.930000000000000000e+02 3.149271566564274756e-48
4.932500000000000000e+02 2.844605905378975742e-48
4.935000000000000000e+02 2.880127999461072586e-48
4.937500000000000000e+02 4.054607746843315180e-48
4.940000000000000000e+02 4.600470988454961734e-48
4.942500000000000000e+02 2.893382897344116520e-48
4.945000000000000000e+02 4.076274278273070788e-48
4.947500000000000000e+02 3.009285316524855041e-48
4.950000000000000000e+02 2.476082112027057403e-48
4.952500000000000000e+02 3.727726300837986551e-48
4.955000000000000000e+02 8.459163736886064118e-48
4.957500000000000000e+02 3.390871555086599233e-48
4.960000000000000000e+02 3.577569671225453194e-48
4.962500000000000000e+02 5.959181832704518477e-48
4.965000000000000000e+02 2.886865830564941579e-48
4.967500000000000000e+02 1.877880333782834362e-48
4.970000000000000000e+02 2.311686642232767018e-48
4.972500000000000000e+02 3.067109775181841571e-48
4.975000000000000000e+02 9.584362398440557699e-49
4.977500000000000000e+02 1.996677632957950891e-48
4.980000000000000000e+02 7.111210998815510458e-48
4.982500000000000000e+02 3.936761599193863179e-48
4.985000000000000000e+02 8.077554646156221883e-49
4.987500000000000000e+02 1.463787779818448732e-48
4.990000000000000000e+02 9.834389955683080509e-49
4.992500000000000000e+02 5.962477373992180467e-48
4.995000000000000000e+02 2.113235388898026628e-48
4.997500000000000000e+02 1.263833454536936483e-48
5.000000000000000000e+02 1.815746005749149324e-48
5.002500000000000000e+02 4.475689397584038124e-48
5.005000000000000000e+02 2.990051525234753503e-48
5.007500000000000000e+02 2.347113371723820758e-48
5.010000000000000000e+02 3.159445153098704622e-48
5.012500000000000000e+02 5.544786356164694061e-48
5.015000000000000000e+02 4.974150520265357611e-48
5.017500000000000000e+02 3.905612865483001242e-48
5.020000000000000000e+02 3.439655188497409291e-48
5.022500000000000000e+02 9.297284099999911864e-49
5.025000000000000000e+02 7.400216333953875401e-48
5.027500000000000000e+02 5.472865630009969940e-48
5.030000000000000000e+02 1.846429903850789250e-48
5.032500000000000000e+02 6.366419532270409616e-48
5.035000000000000000e+02 8.480576383954054054e-49
5.037500000000000000e+02 8.863022353113902478e-48
5.040000000000000000e+02 9.413208902435017945e-49
5.042500000000000000e+02 2.907120160514714660e-48
5.045000000000000000e+02 1.228338701953653075e-48
5.047500000000000000e+02 3.454907086420116774e-48
5.050000000000000000e+02 4.196520682055245868e-48
5.052500000000000000e+02 3.687547952776915535e-48
5.055000000000000000e+02 1.066732823952816784e-47
5.057500000000000000e+02 5.416032072828763229e-48
5.060000000000000000e+02 2.362757053098582308e-48
5.062500000000000000e+02 5.598414688288141505e-48
5.065000000000000000e+02 1.418981725709948913e-48
5.067500000000000000e+02 2.253659142647652702e-48
5.070000000000000000e+02 3.137594426222558746e-48
5.072500000000000000e+02 2.913847750237451027e-48
5.075000000000000000e+02 2.303413187765176919e-48
5.077500000000000000e+02 1.639918280683212559e-48
5.080000000000000000e+02 3.712786570761500188e-48
5.082500000000000000e+02 6.970003951326592781e-48
5.085000000000000000e+02 1.292843162523872709e-47
5.087500000000000000e+02 4.884244542706335478e-48
5.090000000000000000e+02 3.708736316696592100e-48
5.092500000000000000e+02 2.140616415354746157e-48
5.095000000000000000e+02 8.198158488276990812e-49
5.097500000000000000e+02 1.473390814148564809e-48
5.100000000000000000e+02 4.562912698963505740e-48
5.102500000000000000e+02 4.982923038233290661e-48
5.105000000000000000e+02 1.061289138504460013e-47
5.107500000000000000e+02 7.529352102067195072e-48
5.110000000000000000e+02 1.375935161316981581e-48
5.112500000000000000e+02 2.198063277559471562e-48
5.115000000000000000e+02 1.801631935242914637e-48
5.117500000000000000e+02 1.299863533376599594e-48
5.120000000000000000e+02 3.597916361502133188e-48
5.122500000000000000e+02 3.536814256390164400e-48
5.125000000000000000e+02 3.870735430346925738e-48
5.127500000000000000e+02 1.992402509236071520e-48
5.130000000000000000e+02 1.198320306353385582e-48
5.132500000000000000e+02 1.449200722590687709e-48
5.135000000000000000e+02 9.626581535152333125e-48
5.137500000000000000e+02 8.742136630293474716e-48
5.140000000000000000e+02 8.721988975455321052e-49
5.142500000000000000e+02 3.739376098602085976e-48
5.145000000000000000e+02 4.238866287184032719e-48
5.147500000000000000e+02 4.777901012390819119e-48
5.150000000000000000e+02 6.595304636285694772e-48
5.152500000000000000e+02 6.257709825047622639e-48
5.155000000000000000e+02 1.193541115642903159e-49
5.157500000000000000e+02 2.603834025662226579e-48
5.160000000000000000e+02 4.956822292231594063e-48
5.162500000000000000e+02 3.070650691572070465e-48
5.165000000000000000e+02 6.708818695508792292e-49
5.167500000000000000e+02 4.343836600694144074e-48
5.170000000000000000e+02 4.890082654601804244e-48
5.172500000000000000e+02 4.240752963032219378e-48
5.175000000000000000e+02 5.135951131153572195e-49
5.177500000000000000e+02 3.076710756133380866e-48
5.180000000000000000e+02 1.744422895121488154e-48
5.182500000000000000e+02 4.697549463983118419e-48
5.185000000000000000e+02 6.327195692455211179e-48
5.187500000000000000e+02 1.789759934819852520e-48
5.190000000000000000e+02 5.711406010528804558e-48
5.192500000000000000e+02 7.331699814120485429e-48
5.195000000000000000e+02 2.828107958779887254e-48
5.197500000000000000e+02 3.306381735225331989e-48
5.200000000000000000e+02 1.420221530912021815e-48
5.202500000000000000e+02 2.538360746505914229e-48
5.205000000000000000e+02 3.402987634978259626e-48
5.207500000000000000e+02 6.486978776189633622e-48
5.210000000000000000e+02 3.887653617992531131e-48
5.212500000000000000e+02 9.291673950073808994e-49
5.215000000000000000e+02 9.087932164402694072e-49
5.217500000000000000e+02 1.826138303207947432e-49
5.220000000000000000e+02 1.125761084152097087e-48
5.222500000000000000e+02 2.276674771201719502e-48
5.225000000000000000e+02 1.149281298000584117e-48
5.227500000000000000e+02 4.154799009375800807e-49
5.230000000000000000e+02 3.449309290040071439e-49
5.232500000000000000e+02 3.671271463780166349e-49
5.235000000000000000e+02 1.274560360397837392e-48
5.237500000000000000e+02 2.687092943314881085e-48
5.240000000000000000e+02 1.101716510038219481e-47
5.242500000000000000e+02 3.545923318502322449e-48
5.245000000000000000e+02 1.428603535340567413e-49
5.247500000000000000e+02 3.481045596026591327e-48
5.250000000000000000e+02 1.428136813135342673e-48
5.252500000000000000e+02 1.426112822396822110e-48
5.255000000000000000e+02 2.742336588912644329e-48
5.257500000000000000e+02 4.840068596725421115e-48
5.260000000000000000e+02 7.174454749090808981e-48
5.262500000000000000e+02 1.321943357111641111e-48
5.265000000000000000e+02 5.345081316518006206e-48
5.267500000000000000e+02 1.673103501107520510e-48
5.270000000000000000e+02 2.212762811767522632e-48
5.272500000000000000e+02 5.256704063383759376e-48
5.275000000000000000e+02 2.006855077979117394e-48
5.277500000000000000e+02 3.290394783398251819e-48
5.280000000000000000e+02 1.324497017967610560e-48
5.282500000000000000e+02 3.722087738037634574e-48
5.285000000000000000e+02 2.370780732176111138e-48
5.287500000000000000e+02 3.211104686378892324e-49
5.290000000000000000e+02 2.902239944277815205e-48
5.292500000000000000e+02 5.806069214833117437e-49
5.295000000000000000e+02 5.440334384083086270e-49
5.297500000000000000e+02 1.477500823662195612e-48
5.300000000000000000e+02 3.013650306076569749e-48
5.302500000000000000e+02 1.058204591061717000e-48
5.305000000000000000e+02 3.945506999468284251e-48
5.307500000000000000e+02 4.967672047986314068e-49
5.310000000000000000e+02 6.414840837914701298e-49
5.312500000000000000e+02 5.123442644921900703e-49
5.315000000000000000e+02 9.245916819727536101e-49
5.317500000000000000e+02 5.233441585240808568e-49
5.320000000000000000e+02 3.274055957773558110e-48
5.322500000000000000e+02 2.532537649098820518e-48
5.325000000000000000e+02 2.138651742562259667e-48
5.327500000000000000e+02 3.149875262845019446e-49
5.330000000000000000e+02 4.359977447795729137e-48
5.332500000000000000e+02 1.946535932418072846e-48
5.335000000000000000e+02 4.519859350402057785e-48
5.337500000000000000e+02 1.714202591649842067e-48
5.340000000000000000e+02 1.421009028581657896e-48
5.342500000000000000e+02 2.281015571296778254e-48
5.345000000000000000e+02 1.910322993989318203e-48
5.347500000000000000e+02 3.355929387334465585e-48
5.350000000000000000e+02 3.347222167000988752e-48
5.352500000000000000e+02 3.957250853357514655e-48
5.355000000000000000e+02 1.138881373555490507e-48
5.357500000000000000e+02 1.142778197639047005e-48
5.360000000000000000e+02 3.474384982708962228e-48
5.362500000000000000e+02 9.460281064733125842e-49
5.365000000000000000e+02 5.947942676768443841e-49
5.367500000000000000e+02 3.440221831836721532e-48
5.370000000000000000e+02 2.025389677742451307e-48
5.372500000000000000e+02 1.207882619858813040e-48
5.375000000000000000e+02 8.247511539478390494e-49
5.377500000000000000e+02 1.334060273029387168e-48
5.380000000000000000e+02 6.988962488672629680e-49
5.382500000000000000e+02 1.047343483732531343e-48
5.385000000000000000e+02 6.831171206203609003e-49
5.387500000000000000e+02 1.927590294272396446e-48
5.390000000000000000e+02 1.874166741233053187e-48
5.392500000000000000e+02 2.477318252980591660e-48
5.395000000000000000e+02 3.521069800653268021e-48
5.397500000000000000e+02 4.187182356850060961e-49
5.400000000000000000e+02 9.475089575238840544e-49
5.402500000000000000e+02 5.275735661025502604e-49
5.405000000000000000e+02 1.084671172276348224e-48
5.407500000000000000e+02 3.366971476688148982e-48
5.410000000000000000e+02 2.184900003969143622e-48
5.412500000000000000e+02 4.633178013599397907e-48
5.415000000000000000e+02 1.827322814544735637e-48
5.417500000000000000e+02 3.329870203866753297e-48
5.420000000000000000e+02 4.593987840581550786e-48
5.422500000000000000e+02 2.188276983455619404e-49
5.425000000000000000e+02 1.239609207082864240e-48
5.427500000000000000e+02 3.488650246355754676e-49
5.430000000000000000e+02 2.473168289286816240e-48
5.432500000000000000e+02 1.196142664173803773e-48
5.435000000000000000e+02 1.438763343803225348e-48
5.437500000000000000e+02 4.284904629026132040e-48
5.440000000000000000e+02 2.103936163497747452e-48
5.442500000000000000e+02 1.288189730002321668e-48
5.445000000000000000e+02 5.381153821774057310e-49
5.447500000000000000e+02 1.289022462735957009e-48
5.450000000000000000e+02 2.159290341215023080e-48
5.452500000000000000e+02 1.070463220830031403e-48
5.455000000000000000e+02 1.698214045585327047e-48
5.457500000000000000e+02 3.342072146298352204e-48
5.460000000000000000e+02 4.455407692695754643e-49
5.462500000000000000e+02 1.504426137009006919e-48
5.465000000000000000e+02 1.113715682707016225e-48
5.467500000000000000e+02 4.421969131333875605e-48
5.470000000000000000e+02 8.446720956608519555e-48
5.472500000000000000e+02 1.689436170816786984e-48
5.475000000000000000e+02 1.899922403256844001e-48
5.477500000000000000e+02 3.957189947566840241e-48
5.480000000000000000e+02 3.022750455715181766e-48
5.482500000000000000e+02 2.641636792154376757e-48
5.485000000000000000e+02 9.627035492688275434e-50
5.487500000000000000e+02 1.241890132451069770e-48
5.490000000000000000e+02 1.066248917767646392e-48
5.492500000000000000e+02 2.520232952317761006e-48
5.495000000000000000e+02 3.188849584604927500e-48
5.497500000000000000e+02 3.141631971395070302e-48
5.500000000000000000e+02 2.190532043875988714e-48
5.502500000000000000e+02 4.161316626189776609e-48
5.505000000000000000e+02 3.406450413808795392e-48
5.507500000000000000e+02 1.859256369253778141e-48
5.510000000000000000e+02 1.555578972808828043e-48
5.512500000000000000e+02 2.246591624146107847e-48
5.515000000000000000e+02 3.314351028170743345e-49
5.517500000000000000e+02 6.576993120549713598e-48
5.520000000000000000e+02 2.698242354945934223e-48
5.522500000000000000e+02 3.365633274297052133e-48
5.525000000000000000e+02 1.302710617450296267e-48
5.527500000000000000e+02 2.656412147617922925e-48
5.530000000000000000e+02 3.413693155884957620e-48
5.532500000000000000e+02 2.395180813578310832e-48
5.535000000000000000e+02 5.460818826633420863e-48
5.537500000000000000e+02 2.191837857367375213e-48
5.540000000000000000e+02 2.320240709428171863e-49
5.542500000000000000e+02 2.484363149611841546e-48
5.545000000000000000e+02 1.039328642789767649e-48
5.547500000000000000e+02 4.067886470836785587e-48
5.550000000000000000e+02 2.957365169156841441e-48
5.552500000000000000e+02 5.065566009197410318e-48
5.555000000000000000e+02 1.924487397760620130e-48
5.557500000000000000e+02 1.461023994007626601e-48
5.560000000000000000e+02 7.131715820452282581e-49
5.562500000000000000e+02 3.341938678945587070e-49
5.565000000000000000e+02 1.804096374908662115e-49
5.567500000000000000e+02 1.659162987644362885e-48
5.570000000000000000e+02 6.753906003555871394e-49
5.572500000000000000e+02 2.946365577593669465e-49
5.575000000000000000e+02 1.674801594603121241e-48
5.577500000000000000e+02 4.897372404073132198e-48
5.580000000000000000e+02 3.529414033039645291e-48
5.582500000000000000e+02 3.561336277482941221e-48
5.585000000000000000e+02 1.707804878663864286e-48
5.587500000000000000e+02 1.590799503230448719e-48
5.590000000000000000e+02 6.103335691174811313e-49
5.592500000000000000e+02 6.823779350424448319e-49
5.595000000000000000e+02 1.046110293083429640e-48
5.597500000000000000e+02 1.385981519759422557e-48
5.600000000000000000e+02 2.554134986988023522e-48
5.602500000000000000e+02 4.626160682096825841e-48
5.605000000000000000e+02 1.464500405977664589e-48
5.607500000000000000e+02 6.698210889509284076e-49
5.610000000000000000e+02 3.414837092711414286e-48
5.612500000000000000e+02 2.180368713239724802e-48
5.615000000000000000e+02 7.247715427550392383e-48
5.617500000000000000e+02 1.916707513016848768e-48
5.620000000000000000e+02 7.850167870508204644e-48
5.622500000000000000e+02 1.293198897254833127e-48
5.625000000000000000e+02 3.094676027168185692e-48
5.627500000000000000e+02 3.622364171024124208e-48
5.630000000000000000e+02 8.425313410576652341e-49
5.632500000000000000e+02 4.039374685695694153e-48
5.635000000000000000e+02 1.983088325072935090e-48
5.637500000000000000e+02 1.999166162397016838e-48
5.640000000000000000e+02 3.175813222952113407e-48
5.642500000000000000e+02 2.189723218502827076e-48
5.645000000000000000e+02 5.023292021966887358e-48
5.647500000000000000e+02 2.147607066238515822e-48
5.650000000000000000e+02 4.274621110561699205e-48
5.652500000000000000e+02 2.718020937368634861e-48
5.655000000000000000e+02 3.755431387793840669e-49
5.657500000000000000e+02 1.178471073204657780e-48
5.660000000000000000e+02 3.069780821249771144e-48
5.662500000000000000e+02 6.949983178215814513e-49
5.665000000000000000e+02 2.633576525059691346e-48
5.667500000000000000e+02 2.644443594766516796e-48
5.670000000000000000e+02 2.579228263040216727e-48
5.672500000000000000e+02 4.853541960376427111e-49
5.675000000000000000e+02 3.699544170722308160e-48
5.677500000000000000e+02 1.611142442438640911e-48
5.680000000000000000e+02 2.780398041946061502e-48
5.682500000000000000e+02 5.740531346391987322e-48
5.685000000000000000e+02 2.436504747341389133e-48
5.687500000000000000e+02 4.321187755040710218e-48
5.690000000000000000e+02 1.823492299075731916e-48
5.692500000000000000e+02 8.161278762518902857e-49
5.695000000000000000e+02 1.319590756215498573e-48
5.697500000000000000e+02 6.338500042466502260e-49
5.700000000000000000e+02 3.881153898654893192e-48
5.702500000000000000e+02 2.942977036857052590e-48
5.705000000000000000e+02 1.501438616919044694e-48
5.707500000000000000e+02 2.221331816267820764e-48
5.710000000000000000e+02 2.290300248980801651e-48
5.712500000000000000e+02 1.264530815840849757e-48
5.715000000000000000e+02 2.388941447590436890e-48
5.717500000000000000e+02 6.133586102676451648e-48
5.720000000000000000e+02 4.105452340456741684e-48
5.722500000000000000e+02 1.407535590503678297e-48
5.725000000000000000e+02 2.342264031249288735e-49
5.727500000000000000e+02 8.294627728746975422e-49
5.730000000000000000e+02 2.522966108538918219e-48
5.732500000000000000e+02 4.647222167598185607e-48
5.735000000000000000e+02 5.594215900034341899e-48
5.737500000000000000e+02 2.491363406907195530e-48
5.740000000000000000e+02 3.796834042543064172e-49
5.742500000000000000e+02 2.389772690926214841e-48
5.745000000000000000e+02 2.340788230662213947e-48
5.747500000000000000e+02 3.768348745867533695e-48
5.750000000000000000e+02 4.797268290169414243e-48
5.752500000000000000e+02 1.982574217541377299e-48
5.755000000000000000e+02 1.020396907254688993e-48
5.757500000000000000e+02 2.253583668648129918e-48
5.760000000000000000e+02 3.069577590595398230e-48
5.762500000000000000e+02 3.780263677574474481e-48
5.765000000000000000e+02 3.857120888578088250e-48
5.767500000000000000e+02 4.419561134697807318e-49
5.770000000000000000e+02 1.483334590504987260e-48
5.772500000000000000e+02 3.237417655625899849e-48
5.775000000000000000e+02 5.457924734881445605e-48
5.777500000000000000e+02 4.379972238734958090e-48
5.780000000000000000e+02 1.144207778756108178e-48
5.782500000000000000e+02 1.559915612242619380e-48
5.785000000000000000e+02 6.163927803959032820e-48
5.787500000000000000e+02 2.726893641106303108e-48
5.790000000000000000e+02 4.516454147572849073e-48
5.792500000000000000e+02 7.860007250643641444e-49
5.795000000000000000e+02 8.182622310730340185e-49
5.797500000000000000e+02 1.512727526654776550e-48
5.800000000000000000e+02 2.348924970814265030e-48
5.802500000000000000e+02 1.304867318684680940e-48
5.805000000000000000e+02 1.863241944492256079e-48
5.807500000000000000e+02 5.106695767926622317e-48
5.810000000000000000e+02 1.745346687038253580e-48
5.812500000000000000e+02 4.371236472820624151e-49
5.815000000000000000e+02 1.931468174092798791e-48
5.817500000000000000e+02 1.281570478862983069e-48
5.820000000000000000e+02 4.811035752098166324e-49
5.822500000000000000e+02 3.232646848361667466e-49
5.825000000000000000e+02 4.694708190297653708e-48
5.827500000000000000e+02 6.560920015045930134e-49
5.830000000000000000e+02 3.274371129919524865e-49
5.832500000000000000e+02 1.073992933712385022e-48
5.835000000000000000e+02 5.562382869658606680e-50
5.837500000000000000e+02 4.648788524240397492e-48
5.840000000000000000e+02 2.215812195741444996e-48
5.842500000000000000e+02 4.909412795230253924e-49
5.845000000000000000e+02 1.673047322369751779e-48
5.847500000000000000e+02 6.331011308297795808e-48
5.850000000000000000e+02 2.470585289855004988e-48
5.852500000000000000e+02 4.477132261339902850e-48
5.855000000000000000e+02 2.227997229106261799e-48
5.857500000000000000e+02 1.166755047867010695e-48
5.860000000000000000e+02 1.886386790011436088e-48
5.862500000000000000e+02 8.846695828529825121e-49
5.865000000000000000e+02 8.323431497805919483e-49
5.867500000000000000e+02 9.435190766987435160e-49
5.870000000000000000e+02 1.756759527528667747e-48
5.872500000000000000e+02 6.650447432746255744e-49
5.875000000000000000e+02 2.878126886716177143e-48
5.877500000000000000e+02 1.644127135147057773e-48
5.880000000000000000e+02 2.183208106610192368e-48
5.882500000000000000e+02 2.643233832310917643e-48
5.885000000000000000e+02 4.956184004331181109e-49
5.887500000000000000e+02 2.747367331795242189e-48
5.890000000000000000e+02 1.145192571591287593e-48
5.892500000000000000e+02 2.730204689999879324e-48
5.895000000000000000e+02 5.791768452820901382e-49
5.897500000000000000e+02 8.663680879220040564e-49
5.900000000000000000e+02 2.192705887249605849e-48
5.902500000000000000e+02 4.064084795932572071e-48
5.905000000000000000e+02 5.157310456147408573e-49
5.907500000000000000e+02 5.312719372614178933e-49
5.910000000000000000e+02 1.640126584466378619e-48
5.912500000000000000e+02 4.062213372269663377e-48
5.915000000000000000e+02 2.044941757599253097e-48
5.917500000000000000e+02 2.173037199486348686e-48
5.920000000000000000e+02 1.321775779339252923e-48
5.922500000000000000e+02 1.144476923052750225e-48
5.925000000000000000e+02 1.729407204076610440e-48
5.927500000000000000e+02 4.595439522087508299e-49
5.930000000000000000e+02 1.235770153217638376e-48
5.932500000000000000e+02 9.702311521839379456e-49
5.935000000000000000e+02 6.640055138133051320e-49
5.937500000000000000e+02 1.857377286035228946e-48
5.940000000000000000e+02 1.821799453810686717e-48
5.942500000000000000e+02 1.476095674623131810e-48
5.945000000000000000e+02 2.047543091444375919e-48
5.947500000000000000e+02 1.469612164160414229e-48
5.950000000000000000e+02 4.690045958057839125e-49
5.952500000000000000e+02 5.857660223128135733e-48
5.955000000000000000e+02 7.975230938378930077e-48
5.957500000000000000e+02 1.452685034548754999e-48
5.960000000000000000e+02 2.116475293321095371e-49
5.962500000000000000e+02 1.803936034143914769e-48
5.965000000000000000e+02 4.083988841390875655e-48
5.967500000000000000e+02 3.001892325570436598e-48
5.970000000000000000e+02 3.717647763276903569e-48
5.972500000000000000e+02 1.815618133544647780e-48
5.975000000000000000e+02 1.311186554361525664e-48
5.977500000000000000e+02 6.401280840249169493e-49
5.980000000000000000e+02 1.760223275197003085e-48
5.982500000000000000e+02 3.123424652352849807e-48
5.985000000000000000e+02 2.636219879419323447e-48
5.987500000000000000e+02 9.160946969148476191e-49
5.990000000000000000e+02 3.939475007000024871e-48
5.992500000000000000e+02 4.329781714432463253e-48
5.995000000000000000e+02 3.326512575924389288e-48
5.997500000000000000e+02 2.944136502520948392e-48
6.000000000000000000e+02 1.769318225975468566e-48
6.002500000000000000e+02 6.008701999685361468e-49
6.005000000000000000e+02 8.161015466638564904e-49
6.007500000000000000e+02 1.182626161776556588e-48
6.010000000000000000e+02 2.935042200980486687e-48
6.012500000000000000e+02 2.395292964476326836e-48
6.015000000000000000e+02 2.319955320259969255e-48
6.017500000000000000e+02 4.162875706407699222e-48
6.020000000000000000e+02 3.102054471320191161e-48
6.022500000000000000e+02 1.670194944735807737e-48
6.025000000000000000e+02 1.053504895712217473e-48
6.027500000000000000e+02 3.744227690403644803e-49
6.030000000000000000e+02 1.221319402029336391e-48
6.032500000000000000e+02 1.081637659807898787e-48
6.035000000000000000e+02 1.623287642947013547e-48
6.037500000000000000e+02 2.520942237263792714e-48
6.040000000000000000e+02 2.129688191730841123e-48
6.042500000000000000e+02 7.885930698157995993e-49
6.045000000000000000e+02 1.781669587572772041e-48
6.047500000000000000e+02 1.112203812544238773e-48
6.050000000000000000e+02 5.667458525073557774e-49
6.052500000000000000e+02 1.511364321762523170e-48
6.055000000000000000e+02 1.611550933481885886e-48
6.057500000000000000e+02 1.493373097911698179e-48
6.060000000000000000e+02 1.701195739183076689e-48
6.062500000000000000e+02 1.328809380412576638e-48
6.065000000000000000e+02 3.055508917382980589e-48
6.067500000000000000e+02 1.691682151818942955e-48
6.070000000000000000e+02 1.319785998780723074e-48
6.072500000000000000e+02 8.878059512174239844e-49
6.075000000000000000e+02 1.499987004267882505e-48
6.077500000000000000e+02 1.713818737469584575e-48
6.080000000000000000e+02 2.035361559611160997e-48
6.082500000000000000e+02 2.890722483480229947e-49
6.085000000000000000e+02 6.557351695699656160e-49
6.087500000000000000e+02 1.884573067968862358e-48
6.090000000000000000e+02 5.312985821316816233e-48
6.092500000000000000e+02 4.811685484892608261e-48
6.095000000000000000e+02 4.478822143650095200e-48
6.097500000000000000e+02 7.335197723801865880e-49
6.100000000000000000e+02 2.341320946911685119e-49
6.102500000000000000e+02 2.905087649547606688e-49
6.105000000000000000e+02 2.160338437642763539e-48
6.107500000000000000e+02 1.330901199151415959e-48
6.110000000000000000e+02 1.247228809727918955e-48
6.112500000000000000e+02 9.526295400377404642e-49
6.115000000000000000e+02 3.552043841609802395e-48
6.117500000000000000e+02 1.476209342725814244e-48
6.120000000000000000e+02 1.122157275882983503e-48
6.122500000000000000e+02 6.243081171338192384e-49
6.125000000000000000e+02 4.339892186389539368e-49
6.127500000000000000e+02 1.951587803909797198e-48
6.130000000000000000e+02 2.278687398868534911e-48
6.132500000000000000e+02 8.075855515963834801e-49
6.135000000000000000e+02 1.382075790888227638e-49
6.137500000000000000e+02 6.011309007392656966e-49
6.140000000000000000e+02 9.333712241567017874e-49
6.142500000000000000e+02 9.953414180770558465e-49
6.145000000000000000e+02 6.637454694117208815e-49
6.147500000000000000e+02 1.385077245621693723e-48
6.150000000000000000e+02 1.100750874324015876e-48
6.152500000000000000e+02 1.262962502691246194e-49
6.155000000000000000e+02 2.704588143982474821e-48
6.157500000000000000e+02 2.836668823342797242e-48
6.160000000000000000e+02 1.593472528894344241e-49
6.162500000000000000e+02 4.329642704348005402e-48
6.165000000000000000e+02 5.119815233484660239e-48
6.167500000000000000e+02 1.398149187559364525e-48
6.170000000000000000e+02 5.376888458630507420e-48
6.172500000000000000e+02 1.678987230443572068e-49
6.175000000000000000e+02 2.794861945842683228e-48
6.177500000000000000e+02 1.984177915972753860e-48
6.180000000000000000e+02 4.286616906608289629e-49
6.182500000000000000e+02 1.247553583607884230e-48
6.185000000000000000e+02 9.160736924539739181e-49
6.187500000000000000e+02 1.130012935396628177e-48
6.190000000000000000e+02 9.965258301825060714e-49
6.192500000000000000e+02 1.279443508319055062e-48
6.195000000000000000e+02 7.548484099459193292e-49
6.197500000000000000e+02 3.823171650847806899e-48
6.200000000000000000e+02 1.664322765533408348e-48
6.202500000000000000e+02 1.782547316028804551e-48
6.205000000000000000e+02 2.291983208005151787e-48
6.207500000000000000e+02 4.922361120111159082e-49
6.210000000000000000e+02 3.086637201806128138e-48
6.212500000000000000e+02 1.738143373531876731e-48
6.215000000000000000e+02 1.715621561223971736e-48
6.217500000000000000e+02 5.331647623887525684e-48
6.220000000000000000e+02 2.346175982706419876e-48
6.222500000000000000e+02 2.076386174570683802e-48
6.225000000000000000e+02 1.724935334621704635e-48
6.227500000000000000e+02 1.933960390256460248e-48
6.230000000000000000e+02 1.525169755402056756e-48
6.232500000000000000e+02 2.135856716303520646e-48
6.235000000000000000e+02 4.035247296001495781e-48
6.237500000000000000e+02 8.097750663489527522e-49
6.240000000000000000e+02 1.770919581964538996e-48
6.242500000000000000e+02 3.832329203968603901e-49
6.245000000000000000e+02 7.659604783134788464e-49
6.247500000000000000e+02 4.708270704418195058e-48
6.250000000000000000e+02 8.711156121182853108e-49
6.252500000000000000e+02 7.287339203352722843e-49
6.255000000000000000e+02 3.534135447152592930e-48
6.257500000000000000e+02 1.010586226025714858e-47
6.260000000000000000e+02 1.541875884043917388e-48
6.262500000000000000e+02 1.284399703615546143e-48
6.265000000000000000e+02 6.411243727755296959e-49
6.267500000000000000e+02 2.439865891813128436e-48
6.270000000000000000e+02 2.550531846445983443e-49
6.272500000000000000e+02 9.934566631935614063e-49
6.275000000000000000e+02 5.460693875542081457e-49
6.277500000000000000e+02 2.879431743609470372e-48
6.280000000000000000e+02 2.359757746616137480e-48
6.282500000000000000e+02 1.086643238607503216e-48
6.285000000000000000e+02 9.342014526691677517e-49
6.287500000000000000e+02 5.452629007850181005e-48
6.290000000000000000e+02 8.806537267714550619e-49
6.292500000000000000e+02 7.974844323347671117e-49
6.295000000000000000e+02 1.016799852216957424e-48
6.297500000000000000e+02 1.624187829685888287e-48
6.300000000000000000e+02 3.361094012098841787e-48
6.302500000000000000e+02 1.029675273643101239e-48
6.305000000000000000e+02 1.893692804106110372e-48
6.307500000000000000e+02 2.898811825885794935e-48
6.310000000000000000e+02 2.140307909455782606e-48
6.312500000000000000e+02 6.224219531534528032e-48
6.315000000000000000e+02 1.703885894020308990e-49
6.317500000000000000e+02 1.570324064423207556e-49
6.320000000000000000e+02 5.785901877003494289e-49
6.322500000000000000e+02 9.669697223063524355e-49
6.325000000000000000e+02 8.487582398703808178e-49
6.327500000000000000e+02 1.583537677315632089e-48
6.330000000000000000e+02 2.056437343677171840e-48
6.332500000000000000e+02 1.576848252247603659e-48
6.335000000000000000e+02 2.741120689142548192e-48
6.337500000000000000e+02 2.253383571333232158e-48
6.340000000000000000e+02 1.982523758065949185e-48
6.342500000000000000e+02 2.932522738103014550e-48
6.345000000000000000e+02 1.168982732905386255e-48
6.347500000000000000e+02 1.380224396959157789e-48
6.350000000000000000e+02 1.257769383668127924e-48
6.352500000000000000e+02 1.047927197998446474e-48
6.355000000000000000e+02 1.996271928724672863e-48
6.357500000000000000e+02 4.766173531860663370e-49
6.360000000000000000e+02 2.716462876772901098e-48
6.362500000000000000e+02 1.092581371051616913e-48
6.365000000000000000e+02 1.219798796413860680e-48
6.367500000000000000e+02 3.352391525233016165e-48
6.370000000000000000e+02 1.757352576562675988e-48
6.372500000000000000e+02 5.006864892592833910e-48
6.375000000000000000e+02 2.458104966357688934e-48
6.377500000000000000e+02 1.509246119779026554e-48
6.380000000000000000e+02 1.006589888611191033e-48
6.382500000000000000e+02 2.581714387858480564e-48
6.385000000000000000e+02 1.887937522942201770e-48
6.387500000000000000e+02 2.963113539888518235e-48
6.390000000000000000e+02 6.447278610910670911e-49
6.392500000000000000e+02 2.565451383497256711e-48
6.395000000000000000e+02 4.426370248307767604e-48
6.397500000000000000e+02 3.961660139744142213e-48
6.400000000000000000e+02 4.129262011597250832e-48
6.402500000000000000e+02 4.829400858564446543e-48
6.405000000000000000e+02 2.972534337899018660e-48
6.407500000000000000e+02 1.574390655346322574e-48
6.410000000000000000e+02 2.429796948774122744e-48
6.412500000000000000e+02 2.947907149099802470e-48
6.415000000000000000e+02 1.499989849671829379e-48
6.417500000000000000e+02 1.875515746612053600e-48
6.420000000000000000e+02 3.103455870703336632e-48
6.422500000000000000e+02 2.396605677039559105e-48
6.425000000000000000e+02 2.601022844526593886e-48
6.427500000000000000e+02 3.041590584856290815e-48
6.430000000000000000e+02 2.019236289673626290e-48
6.432500000000000000e+02 1.118589800998685382e-48
6.435000000000000000e+02 1.104337956433991496e-48
6.437500000000000000e+02 1.136516846506658092e-48
6.440000000000000000e+02 1.115915114816509483e-48
6.442500000000000000e+02 1.039500824747762035e-48
6.445000000000000000e+02 2.887525687414303710e-48
6.447500000000000000e+02 2.087850085783273487e-48
6.450000000000000000e+02 1.405957775824523510e-48
6.452500000000000000e+02 1.533960812448163289e-48
6.455000000000000000e+02 2.437988643586009417e-48
6.457500000000000000e+02 1.010809392127448642e-48
6.460000000000000000e+02 2.475723180936518218e-48
6.462500000000000000e+02 1.455225027310648723e-48
6.465000000000000000e+02 1.542567368356301392e-48
6.467500000000000000e+02 5.010192823406183246e-48
6.470000000000000000e+02 2.572266192171111415e-48
6.472500000000000000e+02 1.029837288383200169e-48
6.475000000000000000e+02 2.670252633732428548e-49
6.477500000000000000e+02 6.197927732253200265e-49
6.480000000000000000e+02 1.812710766584769669e-50
6.482500000000000000e+02 6.872838111872389589e-49
6.485000000000000000e+02 1.972148233614409292e-48
6.487500000000000000e+02 1.616197149880225285e-48
6.490000000000000000e+02 2.332254008007497983e-48
6.492500000000000000e+02 7.108552701237242712e-49
6.495000000000000000e+02 8.268471798965985421e-49
6.497500000000000000e+02 2.120418074929124552e-48
6.500000000000000000e+02 1.923048271626278623e-48
6.502500000000000000e+02 2.108895070893977573e-48
6.505000000000000000e+02 2.367344953395265193e-48
6.507500000000000000e+02 1.334114844421389227e-48
6.510000000000000000e+02 4.678467117161719956e-48
6.512500000000000000e+02 2.471980331153445710e-48
6.515000000000000000e+02 7.197411670992602960e-49
6.517500000000000000e+02 4.631483748714118229e-49
6.520000000000000000e+02 4.472214024167857612e-49
6.522500000000000000e+02 3.404258610530494874e-50
6.525000000000000000e+02 2.252949701145581251e-49
6.527500000000000000e+02 3.434332099864680307e-49
6.530000000000000000e+02 6.378287037196175729e-49
6.532500000000000000e+02 2.248877316753075706e-48
6.535000000000000000e+02 8.792612663397298745e-49
6.537500000000000000e+02 1.770558069264197152e-48
6.540000000000000000e+02 2.206325282123926375e-48
6.542500000000000000e+02 8.366859991757152282e-49
6.545000000000000000e+02 3.837168458744174299e-48
6.547500000000000000e+02 4.466466153611416638e-48
6.550000000000000000e+02 2.323528346214869009e-48
6.552500000000000000e+02 3.288535441198494078e-48
6.555000000000000000e+02 1.654355932979820899e-48
6.557500000000000000e+02 1.702462717843067747e-48
6.560000000000000000e+02 4.822592294472732181e-49
6.562500000000000000e+02 1.775258310357742026e-48
6.565000000000000000e+02 9.771176432363522826e-49
6.567500000000000000e+02 9.241078473336184604e-49
6.570000000000000000e+02 3.562277982493961448e-49
6.572500000000000000e+02 8.959934160186430897e-49
6.575000000000000000e+02 2.010252361892842084e-48
6.577500000000000000e+02 1.750890916561803091e-48
6.580000000000000000e+02 2.933465382003620422e-48
6.582500000000000000e+02 2.789793823099565787e-48
6.585000000000000000e+02 2.345257364430627745e-48
6.587500000000000000e+02 7.412528333027859316e-49
6.590000000000000000e+02 1.489373761482374095e-48
6.592500000000000000e+02 3.091737877647526997e-48
6.595000000000000000e+02 2.584494714313843241e-48
6.597500000000000000e+02 6.832156485803010028e-49
6.600000000000000000e+02 1.887945652746237244e-48
6.602500000000000000e+02 4.316476028136222487e-49
6.605000000000000000e+02 1.857380109876031347e-48
6.607500000000000000e+02 3.021183304265256841e-48
6.610000000000000000e+02 3.166300227614918259e-48
6.612500000000000000e+02 4.004221389422166089e-48
6.615000000000000000e+02 1.657355571798367786e-48
6.617500000000000000e+02 1.077136914956666003e-48
6.620000000000000000e+02 2.022644493833918545e-48
6.622500000000000000e+02 1.938042481101203991e-48
6.625000000000000000e+02 5.603401034176350495e-49
6.627500000000000000e+02 1.709669585233899962e-48
6.630000000000000000e+02 3.767946833536208469e-49
6.632500000000000000e+02 8.408238851464905349e-49
6.635000000000000000e+02 2.402794242928112700e-48
6.637500000000000000e+02 1.754563669282429127e-48
6.640000000000000000e+02 3.719478175858924793e-48
6.642500000000000000e+02 3.078067552577547255e-48
6.645000000000000000e+02 7.876534815937479914e-49
6.647500000000000000e+02 3.524715763213013697e-48
6.650000000000000000e+02 5.212928894196932170e-48
6.652500000000000000e+02 4.937320328119741499e-48
6.655000000000000000e+02 1.816737453024123380e-48
6.657500000000000000e+02 1.080505523067900472e-48
6.660000000000000000e+02 1.325404948329176625e-48
6.662500000000000000e+02 5.767048554179986485e-49
6.665000000000000000e+02 4.747493640206500721e-48
6.667500000000000000e+02 4.274405968312831586e-48
6.670000000000000000e+02 3.046917499437260257e-48
6.672500000000000000e+02 4.300933679055712950e-48
6.675000000000000000e+02 1.839615085950103825e-48
6.677500000000000000e+02 2.375168146044690741e-48
6.680000000000000000e+02 1.597774396233742676e-48
6.682500000000000000e+02 1.138211407107447542e-48
6.685000000000000000e+02 1.569871018911497577e-48
6.687500000000000000e+02 1.679854420191136311e-48
6.690000000000000000e+02 8.320197286292784092e-49
6.692500000000000000e+02 1.108526359483255983e-48
6.695000000000000000e+02 4.535917390271397576e-49
6.697500000000000000e+02 2.961835958672473852e-48
6.700000000000000000e+02 4.608049902285967069e-48
6.702500000000000000e+02 2.450634144403198092e-48
6.705000000000000000e+02 1.852708316046994025e-48
6.707500000000000000e+02 2.994387005959179973e-48
6.710000000000000000e+02 3.349496399626855314e-48
6.712500000000000000e+02 3.923474020909233154e-48
6.715000000000000000e+02 6.182152949288759168e-48
6.717500000000000000e+02 2.119533048009376420e-48
6.720000000000000000e+02 1.958789539921191154e-48
6.722500000000000000e+02 5.162256422024315941e-48
6.725000000000000000e+02 2.100700197915215742e-48
6.727500000000000000e+02 1.549959278203868013e-49
6.730000000000000000e+02 1.135330650610490643e-48
6.732500000000000000e+02 1.011627826103727727e-48
6.735000000000000000e+02 1.456009917012923421e-48
6.737500000000000000e+02 5.056518243316753111e-49
6.740000000000000000e+02 7.492093973673171449e-49
6.742500000000000000e+02 1.069853573910605292e-48
6.745000000000000000e+02 2.098960689033355345e-48
6.747500000000000000e+02 4.374967810772716629e-48
6.750000000000000000e+02 7.633466608044324853e-49
6.752500000000000000e+02 2.336100555450088773e-49
6.755000000000000000e+02 9.207883262976928213e-49
6.757500000000000000e+02 2.085112794858266486e-48
6.760000000000000000e+02 3.745530615063775503e-49
6.762500000000000000e+02 1.384763113209439274e-48
6.765000000000000000e+02 1.203631998153175962e-48
6.767500000000000000e+02 1.598658152541609365e-48
6.770000000000000000e+02 1.336136559892624086e-48
6.772500000000000000e+02 2.023097962479984011e-48
6.775000000000000000e+02 2.172585184695718537e-48
6.777500000000000000e+02 6.131905641749817170e-49
6.780000000000000000e+02 1.166604388990198112e-48
6.782500000000000000e+02 1.535137987148725291e-48
6.785000000000000000e+02 7.087632801447739789e-49
6.787500000000000000e+02 2.381432281420013450e-48
6.790000000000000000e+02 1.388732494353142488e-48
6.792500000000000000e+02 1.565298779931566956e-48
6.795000000000000000e+02 4.920515991879904306e-48
6.797500000000000000e+02 3.957308072952813303e-48
6.800000000000000000e+02 1.220129978561346748e-48
6.802500000000000000e+02 1.406524517037544021e-48
6.805000000000000000e+02 6.541262210539717335e-49
6.807500000000000000e+02 1.767329394207468682e-48
6.810000000000000000e+02 1.067235203287696276e-48
6.812500000000000000e+02 8.232720134547259142e-49
6.815000000000000000e+02 1.093552640990470702e-48
6.817500000000000000e+02 5.738889312933525548e-49
6.820000000000000000e+02 1.323499428651483058e-48
6.822500000000000000e+02 2.140292783637580060e-48
6.825000000000000000e+02 2.126470066756918417e-48
6.827500000000000000e+02 2.196959842745228705e-48
6.830000000000000000e+02 2.765039554017299867e-48
6.832500000000000000e+02 1.031539640831085820e-48
6.835000000000000000e+02 6.164207279716350325e-49
6.837500000000000000e+02 2.473902022188809242e-48
6.840000000000000000e+02 1.204648827529761601e-48
6.842500000000000000e+02 9.854835320310782555e-49
6.845000000000000000e+02 8.740001243683317428e-49
6.847500000000000000e+02 1.683117726485253919e-49
6.850000000000000000e+02 2.804764825044643262e-49
6.852500000000000000e+02 1.636310455523940062e-48
6.855000000000000000e+02 2.324913502504482116e-48
6.857500000000000000e+02 9.593372250421419446e-49
6.860000000000000000e+02 3.219265705870176696e-48
6.862500000000000000e+02 5.623825843760209294e-49
6.865000000000000000e+02 1.674360714070689161e-49
6.867500000000000000e+02 4.577158354506985015e-49
6.870000000000000000e+02 1.074225377786491793e-48
6.872500000000000000e+02 1.316796641289782501e-48
6.875000000000000000e+02 3.309557137651109222e-49
6.877500000000000000e+02 8.220150460407958022e-49
6.880000000000000000e+02 1.941537795572634400e-48
6.882500000000000000e+02 2.642721581684028943e-48
6.885000000000000000e+02 1.817412320496809284e-48
6.887500000000000000e+02 2.482972385364823251e-48
6.890000000000000000e+02 1.438385843730573622e-48
6.892500000000000000e+02 2.756817264649902539e-48
6.895000000000000000e+02 3.297964382968407612e-48
6.897500000000000000e+02 2.061571339970295402e-48
6.900000000000000000e+02 3.484555496148936354e-48
6.902500000000000000e+02 6.319783222449764048e-48
6.905000000000000000e+02 4.700824106925223115e-48
6.907500000000000000e+02 1.716182176767234055e-49
6.910000000000000000e+02 9.673459942809119925e-49
6.912500000000000000e+02 2.518839122106049053e-48
6.915000000000000000e+02 3.446751557954362793e-48
6.917500000000000000e+02 1.391744218757261909e-48
6.920000000000000000e+02 2.123220448065202024e-48
6.922500000000000000e+02 1.415272541759029239e-48
6.925000000000000000e+02 6.221403335914961041e-49
6.927500000000000000e+02 8.965859428399027082e-49
6.930000000000000000e+02 5.191345649879075151e-49
6.932500000000000000e+02 3.229288160084233745e-48
6.935000000000000000e+02 2.278054158051157096e-48
6.937500000000000000e+02 7.986963745387209819e-49
6.940000000000000000e+02 2.755497314462633611e-48
6.942500000000000000e+02 2.505331393814936374e-48
6.945000000000000000e+02 2.064141314474283974e-48
6.947500000000000000e+02 1.490625128375033544e-48
6.950000000000000000e+02 3.759510149221948721e-48
6.952500000000000000e+02 1.316706731418860083e-48
6.955000000000000000e+02 1.680338580886196139e-49
6.957500000000000000e+02 3.689336588872550018e-49
6.960000000000000000e+02 4.876862331807771227e-49
6.962500000000000000e+02 1.964802497273914685e-49
6.965000000000000000e+02 7.490688770782214860e-49
6.967500000000000000e+02 1.328641579318425915e-48
6.970000000000000000e+02 3.524756928441323379e-49
6.972500000000000000e+02 4.975886978436166699e-48
6.975000000000000000e+02 1.673339861503348681e-48
6.977500000000000000e+02 2.177171069052756806e-48
6.980000000000000000e+02 2.343975577732312158e-48
6.982500000000000000e+02 2.112874836279439630e-48
6.985000000000000000e+02 1.340067385878132216e-48
6.987500000000000000e+02 2.585162866083627058e-48
6.990000000000000000e+02 2.244619910534892261e-48
6.992500000000000000e+02 2.346948549912761466e-48
6.995000000000000000e+02 7.057032278538065813e-48
6.997500000000000000e+02 2.436950320271975602e-48
7.000000000000000000e+02 2.361070747798942929e-48
7.002500000000000000e+02 9.396094156821627255e-49
7.005000000000000000e+02 5.387091829814614913e-49
7.007500000000000000e+02 6.817929984137073523e-49
7.010000000000000000e+02 1.775330605935990478e-48
7.012500000000000000e+02 1.652323872727988494e-48
7.015000000000000000e+02 4.897923828452424804e-48
7.017500000000000000e+02 6.543853350806036549e-48
7.020000000000000000e+02 1.963111795228191294e-48
7.022500000000000000e+02 1.187966721141356910e-49
7.025000000000000000e+02 1.827971113810298997e-48
7.027500000000000000e+02 4.799927345725210492e-48
7.030000000000000000e+02 3.758497915147950429e-48
7.032500000000000000e+02 2.023632960435301527e-48
7.035000000000000000e+02 2.327711907409687818e-48
7.037500000000000000e+02 1.338115648477971622e-48
7.040000000000000000e+02 1.938033082027895936e-48
7.042500000000000000e+02 5.451491526835457425e-48
7.045000000000000000e+02 2.643408345577034927e-48
7.047500000000000000e+02 1.514348150817556031e-48
7.050000000000000000e+02 3.954210206383529809e-48
7.052500000000000000e+02 2.902739155558377858e-48
7.055000000000000000e+02 6.097380148411385199e-48
7.057500000000000000e+02 2.225873438430713506e-48
7.060000000000000000e+02 1.292458683857984577e-48
7.062500000000000000e+02 4.106410826410211534e-48
7.065000000000000000e+02 1.458644604631213148e-48
7.067500000000000000e+02 1.525872306584454567e-48
7.070000000000000000e+02 3.625074838455193083e-49
7.072500000000000000e+02 6.700623472571664993e-49
7.075000000000000000e+02 1.056257439509943866e-48
7.077500000000000000e+02 2.069236432715290677e-50
7.080000000000000000e+02 3.173449436886162626e-49
7.082500000000000000e+02 4.043176549313219716e-48
7.085000000000000000e+02 2.010559193305921510e-48
7.087500000000000000e+02 2.763571486357329572e-48
7.090000000000000000e+02 2.709772597764225255e-48
7.092500000000000000e+02 3.303757451775410151e-48
7.095000000000000000e+02 2.855269555682967438e-48
7.097500000000000000e+02 1.721520952012495441e-48
7.100000000000000000e+02 2.853853349424803240e-48
7.102500000000000000e+02 4.018873208548623389e-49
7.105000000000000000e+02 1.739529084810850966e-48
7.107500000000000000e+02 7.983109503448754042e-49
7.110000000000000000e+02 3.529854873582088954e-48
7.112500000000000000e+02 1.665167838807330042e-48
7.115000000000000000e+02 8.561345616430408682e-49
7.117500000000000000e+02 6.749157520056418826e-49
7.120000000000000000e+02 2.257439804534635707e-49
7.122500000000000000e+02 5.517559100082864692e-49
7.125000000000000000e+02 9.087498135288123326e-50
7.127500000000000000e+02 4.613178301593727678e-49
7.130000000000000000e+02 1.529354158887649439e-48
7.132500000000000000e+02 4.160480730025874034e-48
7.135000000000000000e+02 3.679336405530234527e-48
7.137500000000000000e+02 7.132354265640117711e-49
7.140000000000000000e+02 1.728015676348701187e-48
7.142500000000000000e+02 1.315006761983528881e-48
7.145000000000000000e+02 1.368093075288752596e-48
7.147500000000000000e+02 1.964924622162585624e-48
7.150000000000000000e+02 6.523117169292633628e-49
7.152500000000000000e+02 1.363249665494159109e-48
7.155000000000000000e+02 6.089640239326780704e-49
7.157500000000000000e+02 1.049571262217780921e-49
7.160000000000000000e+02 8.777610857693827011e-49
7.162500000000000000e+02 7.446632647737255157e-49
7.165000000000000000e+02 6.094575144140736882e-49
7.167500000000000000e+02 1.151406550377489024e-48
7.170000000000000000e+02 8.619459117909943686e-49
7.172500000000000000e+02 7.170190541112757900e-49
7.175000000000000000e+02 1.103926647565336302e-48
7.177500000000000000e+02 1.830638348832231099e-48
7.180000000000000000e+02 1.207148813756347596e-48
7.182500000000000000e+02 6.069679523196653787e-49
7.185000000000000000e+02 8.540518853684334550e-49
7.187500000000000000e+02 2.052560203764681073e-48
7.190000000000000000e+02 7.199372801092668415e-49
7.192500000000000000e+02 1.678911096207468365e-48
7.195000000000000000e+02 3.762951976900713827e-49
7.197500000000000000e+02 9.248839437951379912e-49
7.200000000000000000e+02 2.907519526326328588e-48
7.202500000000000000e+02 1.940169040817968383e-48
7.205000000000000000e+02 1.538049785654501603e-48
7.207500000000000000e+02 8.720369121185934065e-49
7.210000000000000000e+02 2.649719804135408717e-48
7.212500000000000000e+02 3.074836340844535862e-49
7.215000000000000000e+02 2.108440265436524250e-48
7.217500000000000000e+02 3.003503396242233902e-48
7.220000000000000000e+02 2.289037354916160752e-48
7.222500000000000000e+02 1.791425909252675302e-48
7.225000000000000000e+02 6.247851991336941001e-49
7.227500000000000000e+02 1.844308276193696702e-48
7.230000000000000000e+02 2.659418479601706348e-49
7.232500000000000000e+02 9.941574479260396061e-49
7.235000000000000000e+02 1.014194302449991278e-48
7.237500000000000000e+02 3.496793977093175347e-49
7.240000000000000000e+02 1.149325947666482707e-48
7.242500000000000000e+02 1.355795563230663252e-48
7.245000000000000000e+02 7.661884912572178475e-49
7.247500000000000000e+02 1.466852130842244901e-48
7.250000000000000000e+02 1.659321019041883494e-48
7.252500000000000000e+02 1.109903266665428848e-48
7.255000000000000000e+02 1.858313441082290175e-48
7.257500000000000000e+02 1.928821644876348910e-48
7.260000000000000000e+02 1.204469293240230714e-48
7.262500000000000000e+02 1.816770848037330429e-48
7.265000000000000000e+02 7.380853939395518258e-48
7.267500000000000000e+02 4.044485027015490041e-48
7.270000000000000000e+02 8.288618685812588483e-49
7.272500000000000000e+02 6.518055070102155499e-48
7.275000000000000000e+02 5.476057777605431241e-49
7.277500000000000000e+02 6.134761243585570709e-48
7.280000000000000000e+02 6.650843029846209677e-48
7.282500000000000000e+02 2.377613153680836503e-48
7.285000000000000000e+02 3.621160648568298872e-48
7.287500000000000000e+02 9.667397539916760315e-49
7.290000000000000000e+02 6.848792554819742714e-49
7.292500000000000000e+02 2.119640569234640620e-48
7.295000000000000000e+02 2.360602153102724179e-48
7.297500000000000000e+02 3.069028864208824178e-48
7.300000000000000000e+02 4.250648080078294887e-48
7.302500000000000000e+02 4.111143826944887496e-48
7.305000000000000000e+02 3.112940250852185141e-48
7.307500000000000000e+02 9.681946042507421589e-49
7.310000000000000000e+02 2.584342292085625483e-49
7.312500000000000000e+02 9.872428515871403515e-50
7.315000000000000000e+02 1.208546249490613773e-48
7.317500000000000000e+02 8.281553647769442142e-49
7.320000000000000000e+02 1.470118403171102301e-48
7.322500000000000000e+02 2.362704271149550583e-48
7.325000000000000000e+02 3.687288930616375386e-48
7.327500000000000000e+02 1.816263498087313829e-48
7.330000000000000000e+02 1.027826833490994587e-48
7.332500000000000000e+02 2.050969339823250186e-48
7.335000000000000000e+02 8.683596210236527731e-49
7.337500000000000000e+02 6.131657401600968094e-49
7.340000000000000000e+02 5.011581040006234021e-49
7.342500000000000000e+02 1.586237555320916934e-48
7.345000000000000000e+02 2.372441130022334891e-48
7.347500000000000000e+02 4.794646131750787484e-49
7.350000000000000000e+02 1.533009695026694188e-48
7.352500000000000000e+02 1.904371091194433258e-48
7.355000000000000000e+02 3.042744766620965363e-48
7.357500000000000000e+02 2.771390743345031981e-48
7.360000000000000000e+02 3.139346999532404683e-48
7.362500000000000000e+02 3.773489810828241464e-48
7.365000000000000000e+02 4.785213534775421166e-48
7.367500000000000000e+02 1.319152417322081304e-48
7.370000000000000000e+02 3.042356047768318323e-49
7.372500000000000000e+02 1.413733806108465952e-48
7.375000000000000000e+02 1.436544163014773915e-48
7.377500000000000000e+02 1.064773733635948079e-48
7.380000000000000000e+02 1.944714215058114266e-48
7.382500000000000000e+02 1.859966209493823429e-48
7.385000000000000000e+02 1.269794245276911540e-48
7.387500000000000000e+02 2.482498466793910552e-48
7.390000000000000000e+02 1.595874353847267416e-48
7.392500000000000000e+02 2.480643472525696462e-48
7.395000000000000000e+02 1.438583369346610585e-48
7.397500000000000000e+02 1.043843514049247574e-48
7.400000000000000000e+02 2.007158749132960306e-48
7.402500000000000000e+02 3.997248187539258653e-48
7.405000000000000000e+02 1.967754656863225609e-49
7.407500000000000000e+02 2.092501493062834695e-48
7.410000000000000000e+02 2.227095897688592570e-48
7.412500000000000000e+02 2.377764510071991355e-48
7.415000000000000000e+02 8.111556366794631176e-49
7.417500000000000000e+02 3.284394559296574845e-48
7.420000000000000000e+02 1.365825953900151035e-48
7.422500000000000000e+02 1.656509371274266961e-48
7.425000000000000000e+02 1.833036332351884915e-48
7.427500000000000000e+02 1.241785954422733390e-48
7.430000000000000000e+02 2.659595581492660570e-48
7.432500000000000000e+02 9.774931162665470849e-49
7.435000000000000000e+02 3.337460052185662021e-48
7.437500000000000000e+02 4.273562371841725896e-49
7.440000000000000000e+02 2.887462655161942860e-48
7.442500000000000000e+02 2.137007334144841163e-48
7.445000000000000000e+02 2.368402747552208831e-48
7.447500000000000000e+02 2.156420375846739600e-48
7.450000000000000000e+02 5.177512673828772111e-49
7.452500000000000000e+02 1.805254628398359583e-48
7.455000000000000000e+02 1.018928833104067576e-48
7.457500000000000000e+02 2.066622873918558067e-48
7.460000000000000000e+02 9.787196448939470099e-49
7.462500000000000000e+02 1.197709913449892433e-48
7.465000000000000000e+02 2.651035468242013133e-48
7.467500000000000000e+02 2.538023825423755063e-49
7.470000000000000000e+02 3.170034228507599844e-48
7.472500000000000000e+02 5.652739204536473528e-49
7.475000000000000000e+02 1.705167406453131096e-48
7.477500000000000000e+02 2.354260010814485371e-48
7.480000000000000000e+02 1.250817375501730471e-48
7.482500000000000000e+02 3.071166588756422833e-48
7.485000000000000000e+02 3.714848445011665339e-48
7.487500000000000000e+02 2.177455322380411186e-48
7.490000000000000000e+02 1.747495430481814770e-48
7.492500000000000000e+02 2.201106165645887300e-48
7.495000000000000000e+02 3.341326295760692813e-48
7.497500000000000000e+02 3.136397616971096686e-48
7.500000000000000000e+02 3.154982129473959079e-48
7.502500000000000000e+02 1.622913674562262438e-48
7.505000000000000000e+02 1.162701853283118948e-48
7.507500000000000000e+02 5.343951305329855463e-49
7.510000000000000000e+02 2.178759407239439698e-48
7.512500000000000000e+02 4.113554422743245836e-48
7.515000000000000000e+02 6.549290339515771010e-49
7.517500000000000000e+02 3.715756343723788066e-48
7.520000000000000000e+02 3.046621781066081044e-48
7.522500000000000000e+02 1.059384109001922183e-48
7.525000000000000000e+02 1.956058123498052283e-48
7.527500000000000000e+02 7.377707655664267008e-49
7.530000000000000000e+02 1.422580972451532321e-48
7.532500000000000000e+02 1.439112536054328507e-48
7.535000000000000000e+02 1.908048515295131321e-48
7.537500000000000000e+02 2.540433305690098719e-48
7.540000000000000000e+02 4.038015116274029952e-48
7.542500000000000000e+02 1.879095561986121046e-48
7.545000000000000000e+02 1.439234796296140605e-48
7.547500000000000000e+02 7.261106879634701065e-49
7.550000000000000000e+02 2.379421995507433759e-48
7.552500000000000000e+02 8.370392576836312176e-49
7.555000000000000000e+02 5.101912685589203336e-49
7.557500000000000000e+02 1.313840630780811293e-48
7.560000000000000000e+02 1.347578976716676598e-48
7.562500000000000000e+02 5.103664500037209332e-49
7.565000000000000000e+02 1.887891310642617323e-48
7.567500000000000000e+02 2.717043671335417430e-48
7.570000000000000000e+02 6.682138909968998103e-49
7.572500000000000000e+02 1.817218087912284992e-48
7.575000000000000000e+02 1.010544539743871696e-48
7.577500000000000000e+02 1.090828850877988442e-48
7.580000000000000000e+02 9.564777034105353331e-49
7.582500000000000000e+02 1.037542450402748016e-48
7.585000000000000000e+02 5.893983307381798214e-49
7.587500000000000000e+02 4.774633754039908009e-48
7.590000000000000000e+02 2.999926816846800978e-48
7.592500000000000000e+02 1.581490964013397470e-48
7.595000000000000000e+02 4.201014216285351102e-48
7.597500000000000000e+02 1.711657158480349853e-48
7.600000000000000000e+02 1.664756290255483456e-48
7.602500000000000000e+02 2.312011598472392383e-48
7.605000000000000000e+02 3.285445031930039319e-49
7.607500000000000000e+02 4.482524167790109258e-49
7.610000000000000000e+02 4.479574329006394790e-49
7.612500000000000000e+02 9.805969648811083967e-49
7.615000000000000000e+02 1.099467233291141522e-48
7.617500000000000000e+02 2.035744224323855309e-48
7.620000000000000000e+02 8.157511150858141093e-49
7.622500000000000000e+02 1.630523101437973488e-48
7.625000000000000000e+02 2.877558198841234154e-48
7.627500000000000000e+02 5.074681625320630516e-49
7.630000000000000000e+02 6.375474719878860839e-49
7.632500000000000000e+02 1.766622375268918030e-48
7.635000000000000000e+02 1.369777162968090035e-48
7.637500000000000000e+02 3.803999835319735015e-49
7.640000000000000000e+02 1.971645279451312466e-48
7.642500000000000000e+02 1.146994024990535525e-48
7.645000000000000000e+02 1.339093726487502674e-48
7.647500000000000000e+02 1.590129548861863335e-48
7.650000000000000000e+02 7.975327840417829064e-49
7.652500000000000000e+02 2.176445551892188129e-48
7.655000000000000000e+02 1.741841630097755751e-48
7.657500000000000000e+02 6.907623210140278687e-49
7.660000000000000000e+02 4.808234049276930943e-49
7.662500000000000000e+02 1.819363869083690014e-48
7.665000000000000000e+02 9.407086752797264904e-49
7.667500000000000000e+02 9.202098720287051469e-50
7.670000000000000000e+02 2.406933923007752437e-48
7.672500000000000000e+02 5.700036793797631362e-48
7.675000000000000000e+02 4.274280059990748126e-48
7.677500000000000000e+02 1.978904421294971499e-48
7.680000000000000000e+02 2.633219499167861306e-48
7.682500000000000000e+02 3.259017753511527836e-48
7.685000000000000000e+02 1.219671110487090264e-48
7.687500000000000000e+02 3.934257475054412583e-48
7.690000000000000000e+02 3.979038466650020224e-48
7.692500000000000000e+02 2.576674995216522164e-48
7.695000000000000000e+02 6.032435262215529735e-49
7.697500000000000000e+02 1.322060039902285927e-48
7.700000000000000000e+02 1.903499746264966363e-48
7.702500000000000000e+02 3.005394222721587678e-49
7.705000000000000000e+02 2.140991480895696845e-48
7.707500000000000000e+02 2.427267493294734167e-48
7.710000000000000000e+02 1.593088480910314514e-49
7.712500000000000000e+02 3.736646283849708376e-48
7.715000000000000000e+02 5.475919986459420005e-49
7.717500000000000000e+02 6.642603282859401823e-49
7.720000000000000000e+02 1.189337616661856088e-48
7.722500000000000000e+02 1.179246677964725224e-48
7.725000000000000000e+02 2.517588866765653840e-48
7.727500000000000000e+02 6.681089192616804484e-49
7.730000000000000000e+02 3.601269022187178076e-49
7.732500000000000000e+02 2.117568848393972021e-48
7.735000000000000000e+02 1.585982864064207949e-48
7.737500000000000000e+02 8.383216940525566448e-49
7.740000000000000000e+02 6.044004034548424611e-49
7.742500000000000000e+02 9.162553250105979521e-49
7.745000000000000000e+02 1.923659733943180365e-48
7.747500000000000000e+02 1.799573764347046128e-48
7.750000000000000000e+02 2.128246615258312349e-49
7.752500000000000000e+02 2.384370721949111392e-48
7.755000000000000000e+02 5.781328860168688210e-48
7.757500000000000000e+02 1.293558588321545995e-48
7.760000000000000000e+02 2.939625477612480207e-49
7.762500000000000000e+02 2.171543712219931907e-48
7.765000000000000000e+02 7.342737298394627548e-49
7.767500000000000000e+02 2.767694627701086192e-48
7.770000000000000000e+02 2.582338796174297788e-48
7.772500000000000000e+02 7.875051902159653665e-49
7.775000000000000000e+02 2.872501819773059012e-49
7.777500000000000000e+02 1.339570635685270131e-48
7.780000000000000000e+02 1.472225573055735543e-48
7.782500000000000000e+02 7.777285258844504363e-49
7.785000000000000000e+02 3.488967162188437906e-49
7.787500000000000000e+02 8.044339344197542139e-49
7.790000000000000000e+02 2.888383456991935746e-49
7.792500000000000000e+02 1.184669661861745878e-48
7.795000000000000000e+02 1.640552541683955732e-48
7.797500000000000000e+02 1.017681129904372348e-48
7.800000000000000000e+02 1.719905823579721546e-48
7.802500000000000000e+02 1.232547590752220577e-48
7.805000000000000000e+02 2.166296121881641557e-48
7.807500000000000000e+02 1.661156735484382447e-48
7.810000000000000000e+02 8.467531800906434757e-49
7.812500000000000000e+02 2.801232821610567996e-49
7.815000000000000000e+02 5.096022956091949696e-49
7.817500000000000000e+02 1.209351810672313678e-48
7.820000000000000000e+02 3.554461276342214689e-49
7.822500000000000000e+02 9.319770647439872667e-49
7.825000000000000000e+02 1.790137742802776960e-48
7.827500000000000000e+02 7.502619612399232480e-49
7.830000000000000000e+02 6.502503703184575272e-49
7.832500000000000000e+02 3.829253163692047282e-49
7.835000000000000000e+02 3.121681918255652030e-48
7.837500000000000000e+02 5.176631973987861482e-48
7.840000000000000000e+02 2.211032932620048261e-48
7.842500000000000000e+02 2.020432693121467795e-48
7.845000000000000000e+02 1.413098107532960998e-48
7.847500000000000000e+02 1.444719324588898373e-48
7.850000000000000000e+02 1.367869364341679909e-48
7.852500000000000000e+02 6.097435556418198122e-49
7.855000000000000000e+02 2.603905699187406599e-48
7.857500000000000000e+02 2.675466733003497264e-49
7.860000000000000000e+02 1.533781064204060575e-48
7.862500000000000000e+02 1.028418478551113348e-48
7.865000000000000000e+02 1.533102485901174699e-48
7.867500000000000000e+02 1.355546008730010574e-48
7.870000000000000000e+02 1.024266930992342747e-48
7.872500000000000000e+02 1.475413859623145762e-48
7.875000000000000000e+02 9.930732304544521101e-49
7.877500000000000000e+02 1.876258238788918174e-48
7.880000000000000000e+02 1.584764263931601280e-48
7.882500000000000000e+02 5.577137156896980928e-49
7.885000000000000000e+02 1.990915418574284105e-48
7.887500000000000000e+02 1.224763762600395660e-48
7.890000000000000000e+02 8.684916973399366096e-49
7.892500000000000000e+02 7.165100168122897537e-49
7.895000000000000000e+02 1.232497782999038370e-48
7.897500000000000000e+02 1.349104099572462236e-48
7.900000000000000000e+02 2.267302222731240407e-49
7.902500000000000000e+02 8.416643212150335735e-50
7.905000000000000000e+02 6.147749115827061692e-49
7.907500000000000000e+02 2.468610179927972919e-49
7.910000000000000000e+02 1.126905078862168888e-48
7.912500000000000000e+02 3.890530269590890851e-49
7.915000000000000000e+02 1.147556223995733065e-48
7.917500000000000000e+02 1.197569216550879191e-48
7.920000000000000000e+02 2.472377960350329045e-48
7.922500000000000000e+02 3.917556371510440140e-48
7.925000000000000000e+02 1.985800790348398462e-48
7.927500000000000000e+02 2.058595054862086796e-48
7.930000000000000000e+02 7.234149340128155307e-49
7.932500000000000000e+02 9.424102933064520037e-49
7.935000000000000000e+02 8.164304677405444285e-49
7.937500000000000000e+02 5.095172704836857368e-49
7.940000000000000000e+02 5.831925318994552836e-49
7.942500000000000000e+02 1.944111809870752634e-48
7.945000000000000000e+02 1.723434729478440060e-48
7.947500000000000000e+02 9.617760244450328677e-49
7.950000000000000000e+02 2.279616520705087236e-48
7.952500000000000000e+02 1.135409048094500357e-48
7.955000000000000000e+02 1.061759991470413792e-48
7.957500000000000000e+02 6.352950195843506717e-49
7.960000000000000000e+02 2.669963183020400589e-48
7.962500000000000000e+02 8.077811803796317619e-49
7.965000000000000000e+02 1.344395239622146714e-48
7.967500000000000000e+02 4.651106994972462012e-48
7.970000000000000000e+02 6.264936742637930424e-49
7.972500000000000000e+02 3.778927394650586609e-48
7.975000000000000000e+02 1.065400070233697967e-48
7.977500000000000000e+02 1.630000388947840150e-49
7.980000000000000000e+02 7.439930270083198830e-49
7.982500000000000000e+02 1.175645231922126271e-49
7.985000000000000000e+02 8.527328051700707448e-49
7.987500000000000000e+02 1.881514794177298398e-48
7.990000000000000000e+02 2.907480144866724796e-48
7.992500000000000000e+02 3.325325474487836903e-49
7.995000000000000000e+02 7.378513737818932582e-49
7.997500000000000000e+02 1.641854634460601722e-48
8.000000000000000000e+02 3.447570759420860991e-48
8.002500000000000000e+02 1.122440345130698340e-48
8.005000000000000000e+02 5.828220576040180991e-49
8.007500000000000000e+02 1.227028800127254181e-48
8.010000000000000000e+02 8.723294109152537111e-49
8.012500000000000000e+02 1.301484968006322674e-48
8.015000000000000000e+02 2.012512858836233360e-48
8.017500000000000000e+02 1.239412411968481710e-48
8.020000000000000000e+02 7.876984271379327185e-49
8.022500000000000000e+02 1.139064555617262008e-48
8.025000000000000000e+02 2.412884711229086467e-48
8.027500000000000000e+02 3.389406692207460925e-49
8.030000000000000000e+02 1.981274523615144584e-49
8.032500000000000000e+02 1.534471231977097204e-48
8.035000000000000000e+02 6.731558408394897120e-49
8.037500000000000000e+02 1.341101505779669253e-48
8.040000000000000000e+02 7.566628724716547920e-49
8.042500000000000000e+02 5.587319148528206160e-49
8.045000000000000000e+02 8.681893699865728045e-49
8.047500000000000000e+02 1.818592607132199857e-48
8.050000000000000000e+02 1.741318816531808228e-48
8.052500000000000000e+02 1.907451367030108806e-48
8.055000000000000000e+02 2.638619163013614770e-49
8.057500000000000000e+02 2.696435116921767129e-49
8.060000000000000000e+02 9.659215237926035004e-50
8.062500000000000000e+02 4.380045238341650338e-49
8.065000000000000000e+02 5.468918929122259305e-49
8.067500000000000000e+02 1.954396125660552428e-48
8.070000000000000000e+02 1.248969778836614678e-48
8.072500000000000000e+02 1.723904604200032869e-48
8.075000000000000000e+02 1.724267205738683624e-48
8.077500000000000000e+02 1.151426062475100451e-48
8.080000000000000000e+02 1.395436841296609825e-48
8.082500000000000000e+02 1.030703252822746292e-48
8.085000000000000000e+02 8.321837081374620677e-49
8.087500000000000000e+02 2.781914180377069206e-48
8.090000000000000000e+02 2.752685335852598212e-48
8.092500000000000000e+02 1.493813132413464168e-48
8.095000000000000000e+02 1.200610040196598070e-48
8.097500000000000000e+02 3.522085905341397196e-48
8.100000000000000000e+02 3.957162663908610156e-48
8.102500000000000000e+02 8.757177172959515104e-49
8.105000000000000000e+02 1.622528366283928854e-48
8.107500000000000000e+02 1.334944098297292129e-48
8.110000000000000000e+02 3.475491562128884527e-48
8.112500000000000000e+02 1.765404825907659764e-48
8.115000000000000000e+02 4.950565718889367913e-49
8.117500000000000000e+02 6.362382699998104128e-49
8.120000000000000000e+02 3.507415540598434171e-48
8.122500000000000000e+02 1.576320943120111450e-48
8.125000000000000000e+02 1.401642888663519414e-48
8.127500000000000000e+02 9.974422610594935405e-49
8.130000000000000000e+02 3.379693758152716525e-48
8.132500000000000000e+02 2.221666520306909299e-48
8.135000000000000000e+02 3.424771407042645298e-48
8.137500000000000000e+02 7.792029976483217901e-49
8.140000000000000000e+02 1.372559183164339725e-48
8.142500000000000000e+02 6.935257590418157899e-49
8.145000000000000000e+02 8.843553990363476413e-49
8.147500000000000000e+02 9.017710728583904084e-49
8.150000000000000000e+02 2.012103141066845623e-48
8.152500000000000000e+02 4.759971044083099759e-49
8.155000000000000000e+02 2.484499676941598827e-49
8.157500000000000000e+02 4.766461119273602771e-49
8.160000000000000000e+02 1.662506071932551934e-48
8.162500000000000000e+02 3.787854410340430176e-49
8.165000000000000000e+02 4.837392499949347026e-49
8.167500000000000000e+02 9.292192551606506495e-49
8.170000000000000000e+02 2.321146201006514633e-48
8.172500000000000000e+02 6.683764445263950871e-49
8.175000000000000000e+02 6.721842353888220763e-50
8.177500000000000000e+02 7.905099654103664829e-49
8.180000000000000000e+02 4.358698436001138328e-49
8.182500000000000000e+02 1.969808875475890273e-48
8.185000000000000000e+02 6.611661098316243986e-49
8.187500000000000000e+02 5.698407248663148741e-49
8.190000000000000000e+02 1.979774711915796536e-48
8.192500000000000000e+02 3.691634338479910235e-48
8.195000000000000000e+02 1.244655994587467420e-48
8.197500000000000000e+02 1.689819805369142571e-48
8.200000000000000000e+02 5.706990900724182127e-49
8.202500000000000000e+02 1.011285400956975757e-48
8.205000000000000000e+02 2.856790112630560010e-48
8.207500000000000000e+02 5.778785811610694665e-49
8.210000000000000000e+02 7.972490838128010284e-49
8.212500000000000000e+02 1.480119368356494449e-48
8.215000000000000000e+02 2.048399168988313723e-48
8.217500000000000000e+02 2.578625227157794645e-49
8.220000000000000000e+02 1.637871363668125242e-48
8.222500000000000000e+02 1.156737593412899704e-48
8.225000000000000000e+02 1.573425829290835028e-48
8.227500000000000000e+02 1.035760231735393672e-48
8.230000000000000000e+02 9.610222393851219824e-49
8.232500000000000000e+02 3.201251243778539568e-48
8.235000000000000000e+02 3.843994155538951723e-48
8.237500000000000000e+02 2.103264188107349820e-48
8.240000000000000000e+02 1.681940238607682648e-48
8.242500000000000000e+02 1.576753877289793873e-48
8.245000000000000000e+02 1.263555175707812362e-49
8.247500000000000000e+02 2.271791137830077100e-48
8.250000000000000000e+02 3.116879574259650894e-48
8.252500000000000000e+02 6.150139075945906462e-49
8.255000000000000000e+02 9.785606543494846762e-49
8.257500000000000000e+02 2.262425455453348388e-48
8.260000000000000000e+02 4.567634136913406352e-49
8.262500000000000000e+02 1.210339137918246285e-48
8.265000000000000000e+02 7.776132094341511986e-49
8.267500000000000000e+02 8.720623957825792818e-49
8.270000000000000000e+02 3.252884838571735028e-49
8.272500000000000000e+02 5.415374192313390135e-49
8.275000000000000000e+02 7.923020199750033594e-49
8.277500000000000000e+02 4.826060440027172606e-49
8.280000000000000000e+02 3.117232225313622635e-49
8.282500000000000000e+02 4.724033996838430200e-49
8.285000000000000000e+02 2.850660638717572132e-49
8.287500000000000000e+02 6.728752215304239739e-49
8.290000000000000000e+02 1.658014201492421221e-48
8.292500000000000000e+02 1.209798840767793785e-48
8.295000000000000000e+02 1.408445378176795492e-48
8.297500000000000000e+02 3.714311323806344227e-49
8.300000000000000000e+02 2.157060578158444510e-48
8.302500000000000000e+02 1.094281360207422516e-48
8.305000000000000000e+02 5.285429996431069865e-49
8.307500000000000000e+02 8.713657556669167306e-49
8.310000000000000000e+02 2.275044954529083881e-48
8.312500000000000000e+02 1.440682870018037548e-48
8.315000000000000000e+02 6.787458709650941885e-49
8.317500000000000000e+02 5.775331831553632410e-48
8.320000000000000000e+02 1.162897469906614216e-48
8.322500000000000000e+02 9.771568150591396854e-49
8.325000000000000000e+02 1.395529118083801585e-48
8.327500000000000000e+02 1.675260501551575591e-48
8.330000000000000000e+02 8.452317718972884606e-49
8.332500000000000000e+02 1.680640212253820400e-48
8.335000000000000000e+02 2.530111329844204104e-48
8.337500000000000000e+02 2.185949036994064649e-48
8.340000000000000000e+02 7.006619507209133775e-49
8.342500000000000000e+02 1.342987836607308583e-48
8.345000000000000000e+02 1.261979211433809571e-48
8.347500000000000000e+02 4.158940458186584770e-49
8.350000000000000000e+02 1.079636623180423646e-48
8.352500000000000000e+02 1.687743829164399260e-48
8.355000000000000000e+02 4.666857040214917995e-49
8.357500000000000000e+02 3.094721524275246202e-48
8.360000000000000000e+02 1.273111854461248709e-48
8.362500000000000000e+02 1.716361989319543500e-48
8.365000000000000000e+02 4.244142671160153907e-48
8.367500000000000000e+02 2.322953915731122868e-48
8.370000000000000000e+02 5.362386702674035190e-49
8.372500000000000000e+02 2.698869127059283452e-48
8.375000000000000000e+02 1.474421253563274383e-48
8.377500000000000000e+02 5.650992898627496440e-49
8.380000000000000000e+02 6.747464471130869766e-49
8.382500000000000000e+02 5.053647179801704427e-49
8.385000000000000000e+02 1.316433887445045818e-48
8.387500000000000000e+02 9.022488291765221313e-49
8.390000000000000000e+02 1.648313567586816001e-48
8.392500000000000000e+02 1.920350645902941896e-48
8.395000000000000000e+02 2.019123108590150175e-48
8.397500000000000000e+02 1.331745590848488164e-48
8.400000000000000000e+02 2.671065483638808074e-49
8.402500000000000000e+02 7.339257755377249960e-49
8.405000000000000000e+02 7.852224034127717822e-49
8.407500000000000000e+02 5.280723402491873036e-49
8.410000000000000000e+02 6.703065424252626293e-49
8.412500000000000000e+02 8.181260862112799107e-49
8.415000000000000000e+02 1.147220921943508606e-48
8.417500000000000000e+02 1.877683105804849704e-48
8.420000000000000000e+02 4.319555036135497966e-49
8.422500000000000000e+02 6.504653089373840990e-49
8.425000000000000000e+02 7.117602630258834360e-49
8.427500000000000000e+02 1.026476181385938665e-48
8.430000000000000000e+02 7.128851137842172467e-49
8.432500000000000000e+02 2.610518557389566176e-48
8.435000000000000000e+02 3.833163087590906080e-49
8.437500000000000000e+02 1.449837497887095451e-48
8.440000000000000000e+02 8.334101665449585907e-50
8.442500000000000000e+02 1.225606425639109798e-48
8.445000000000000000e+02 1.379835020980406895e-48
8.447500000000000000e+02 1.383796208681164478e-49
8.450000000000000000e+02 3.917042856102011188e-49
8.452500000000000000e+02 1.392835168684928733e-48
8.455000000000000000e+02 1.336493074747370085e-48
8.457500000000000000e+02 1.316400077162837563e-48
8.460000000000000000e+02 6.723291971200067753e-49
8.462500000000000000e+02 1.018797580500766314e-48
8.465000000000000000e+02 5.089140642974505312e-49
8.467500000000000000e+02 1.319381020387061343e-48
8.470000000000000000e+02 3.549699915741943271e-49
8.472500000000000000e+02 2.215991865401633174e-48
8.475000000000000000e+02 1.612679248290898645e-48
8.477500000000000000e+02 6.729622914642115578e-49
8.480000000000000000e+02 6.829438845954873571e-49
8.482500000000000000e+02 2.813931807433981160e-49
8.485000000000000000e+02 2.501193973941340175e-49
8.487500000000000000e+02 4.085121577165657625e-49
8.490000000000000000e+02 4.369636198206207825e-49
8.492500000000000000e+02 6.505054787035927575e-49
8.495000000000000000e+02 1.429606427601919596e-49
8.497500000000000000e+02 1.680268760439866118e-48
8.500000000000000000e+02 1.626832187921443749e-49
8.502500000000000000e+02 3.705981663620499197e-49
8.505000000000000000e+02 1.063270086399516105e-48
8.507500000000000000e+02 3.230064321721909594e-49
8.510000000000000000e+02 7.394100611812040219e-49
8.512500000000000000e+02 1.057394317848873211e-48
8.515000000000000000e+02 6.188388653028403417e-49
8.517500000000000000e+02 1.971448169121690519e-48
8.520000000000000000e+02 2.036212943699188187e-48
8.522500000000000000e+02 2.137631505503894265e-49
8.525000000000000000e+02 5.115477845099301878e-49
8.527500000000000000e+02 6.798678295333758959e-49
8.530000000000000000e+02 1.434328364930350091e-48
8.532500000000000000e+02 2.190102065529710948e-48
8.535000000000000000e+02 6.413547364219689204e-49
8.537500000000000000e+02 1.009242183575525833e-48
8.540000000000000000e+02 9.559833929689626852e-49
8.542500000000000000e+02 3.335524464253272659e-49
8.545000000000000000e+02 1.553894228666146918e-48
8.547500000000000000e+02 1.643041869187896466e-48
8.550000000000000000e+02 8.163384167725750140e-49
8.552500000000000000e+02 3.445020746182267194e-49
8.555000000000000000e+02 1.456125964737789567e-48
8.557500000000000000e+02 2.032568208243650164e-48
8.560000000000000000e+02 4.047184453079092202e-48
8.562500000000000000e+02 1.227393771442703124e-48
8.565000000000000000e+02 1.084485411516407598e-48
8.567500000000000000e+02 2.488974540244811345e-49
8.570000000000000000e+02 3.162793782203479429e-49
8.572500000000000000e+02 1.410310464795516065e-49
8.575000000000000000e+02 1.614527415852046187e-48
8.577500000000000000e+02 8.823029130755863494e-49
8.580000000000000000e+02 9.854247837347767402e-49
8.582500000000000000e+02 1.626737323595023106e-48
8.585000000000000000e+02 2.448368594737236096e-48
8.587500000000000000e+02 1.972461850855210871e-48
8.590000000000000000e+02 1.871924367060631655e-48
8.592500000000000000e+02 2.096223906083282175e-49
8.595000000000000000e+02 2.197263955674957174e-48
8.597500000000000000e+02 2.887176518488946644e-48
8.600000000000000000e+02 4.175213650321558574e-48
8.602500000000000000e+02 3.191837240167963019e-48
8.605000000000000000e+02 2.260099190171342676e-48
8.607500000000000000e+02 3.025447480796762077e-48
8.610000000000000000e+02 1.765101665346674686e-48
8.612500000000000000e+02 2.496408648167162723e-48
8.615000000000000000e+02 1.409312391915812449e-48
8.617500000000000000e+02 1.212664791097191408e-48
8.620000000000000000e+02 1.028538584832236318e-48
8.622500000000000000e+02 1.695698941641726644e-48
8.625000000000000000e+02 1.054545458222420545e-48
8.627500000000000000e+02 3.117924948862504832e-49
8.630000000000000000e+02 5.956408545772002432e-49
8.632500000000000000e+02 3.899988707416109309e-49
8.635000000000000000e+02 7.517270797023002228e-49
8.637500000000000000e+02 5.303464566845509889e-49
8.640000000000000000e+02 1.241621191413507596e-48
8.642500000000000000e+02 5.843177993468003458e-49
8.645000000000000000e+02 1.020022582331137588e-48
8.647500000000000000e+02 9.611222483956521043e-49
8.650000000000000000e+02 1.655513301606373263e-48
8.652500000000000000e+02 4.855814794416119595e-49
8.655000000000000000e+02 1.481199156437605588e-48
8.657500000000000000e+02 1.005261508862607440e-48
8.660000000000000000e+02 3.285815910850913296e-49
8.662500000000000000e+02 7.395288879256729417e-49
8.665000000000000000e+02 1.067376475926155990e-48
8.667500000000000000e+02 1.284656503643320855e-48
8.670000000000000000e+02 1.168370619957088516e-48
8.672500000000000000e+02 1.498747418693221081e-48
8.675000000000000000e+02 3.526863364859864941e-49
8.677500000000000000e+02 1.436468613866744887e-48
8.680000000000000000e+02 8.643511161628104497e-49
8.682500000000000000e+02 1.023327938622207281e-49
8.685000000000000000e+02 1.619040533136892369e-48
8.687500000000000000e+02 2.888218125121648561e-48
8.690000000000000000e+02 1.007881980091834816e-48
8.692500000000000000e+02 2.164962866540240062e-48
8.695000000000000000e+02 9.748253230710382750e-49
8.697500000000000000e+02 7.791563989143855388e-49
8.700000000000000000e+02 8.572844005553404679e-49
8.702500000000000000e+02 6.800110596030675951e-49
8.705000000000000000e+02 3.421241052814906123e-48
8.707500000000000000e+02 1.251505879970702961e-48
8.710000000000000000e+02 1.195336482464434281e-48
8.712500000000000000e+02 1.000622135590084619e-48
8.715000000000000000e+02 1.607619594686738612e-48
8.717500000000000000e+02 1.195212634108438338e-49
8.720000000000000000e+02 1.356356516230158390e-48
8.722500000000000000e+02 1.133209002004601815e-48
8.725000000000000000e+02 2.360091394996705186e-48
8.727500000000000000e+02 2.344402110034778456e-48
8.730000000000000000e+02 5.642256430999537118e-49
8.732500000000000000e+02 1.236283931446603938e-48
8.735000000000000000e+02 7.167268544117941047e-49
8.737500000000000000e+02 3.906090684089552769e-50
8.740000000000000000e+02 2.962416908019212365e-49
8.742500000000000000e+02 1.268742930377616757e-49
8.745000000000000000e+02 3.653859674367689670e-49
8.747500000000000000e+02 1.139667580801032165e-48
8.750000000000000000e+02 4.826884158577613950e-49
8.752500000000000000e+02 1.515432466264706270e-48
8.755000000000000000e+02 2.460194812274097556e-48
8.757500000000000000e+02 1.165699453467228710e-48
8.760000000000000000e+02 1.371572501020514722e-48
8.762500000000000000e+02 3.255542707190879425e-49
8.765000000000000000e+02 9.555732753873151931e-49
8.767500000000000000e+02 3.830302867480801255e-48
8.770000000000000000e+02 1.582844130396440708e-48
8.772500000000000000e+02 4.014146734455551748e-49
8.775000000000000000e+02 1.178987482031511078e-48
8.777500000000000000e+02 6.281472080815362163e-49
8.780000000000000000e+02 6.262012769153547329e-49
8.782500000000000000e+02 2.091272363289340730e-48
8.785000000000000000e+02 9.800895037787471041e-49
8.787500000000000000e+02 5.220913073267462045e-49
8.790000000000000000e+02 4.474103688218108418e-49
8.792500000000000000e+02 6.633019167993278256e-49
8.795000000000000000e+02 1.616040699948347188e-48
8.797500000000000000e+02 1.902045477597763043e-48
8.800000000000000000e+02 9.914412352980769258e-49
8.802500000000000000e+02 1.872063449607030264e-49
8.805000000000000000e+02 5.892609887147645013e-49
8.807500000000000000e+02 1.110477978899996151e-48
8.810000000000000000e+02 5.813098115205426479e-49
8.812500000000000000e+02 4.802046046863314791e-49
8.815000000000000000e+02 9.800086934720253019e-49
8.817500000000000000e+02 7.910736221702753831e-49
8.820000000000000000e+02 7.480885108274218230e-49
8.822500000000000000e+02 1.274779061794945557e-48
8.825000000000000000e+02 3.437029047907826306e-48
8.827500000000000000e+02 1.040875207701307718e-48
8.830000000000000000e+02 8.884180783353081260e-49
8.832500000000000000e+02 1.362991927027077815e-48
8.835000000000000000e+02 3.840558664375893066e-49
8.837500000000000000e+02 5.172436911604270484e-49
8.840000000000000000e+02 2.379102688452954155e-48
8.842500000000000000e+02 3.065701148176190233e-48
8.845000000000000000e+02 5.166962918736557039e-49
8.847500000000000000e+02 1.339035253037818523e-49
8.850000000000000000e+02 1.161050923424363269e-49
8.852500000000000000e+02 3.525834059751211948e-49
8.855000000000000000e+02 1.831831932362376323e-48
8.857500000000000000e+02 1.389290021249770778e-48
8.860000000000000000e+02 2.751134223755965608e-48
8.862500000000000000e+02 2.464901602088078090e-48
8.865000000000000000e+02 1.397647295726716267e-48
8.867500000000000000e+02 4.537392882699105458e-49
8.870000000000000000e+02 1.076985869929165976e-48
8.872500000000000000e+02 8.204624054958635207e-49
8.875000000000000000e+02 1.185247861470234279e-48
8.877500000000000000e+02 5.446762106367831743e-49
8.880000000000000000e+02 6.473805096693761199e-49
8.882500000000000000e+02 7.083745935541239589e-49
8.885000000000000000e+02 2.443183482706793989e-48
8.887500000000000000e+02 4.590261482949336054e-49
8.890000000000000000e+02 7.427713119596125899e-49
8.892500000000000000e+02 7.526403739608240503e-49
8.895000000000000000e+02 5.934152349839487962e-49
8.897500000000000000e+02 6.421008475460827624e-49
8.900000000000000000e+02 6.424866932334720159e-49
8.902500000000000000e+02 4.419696831880563685e-49
8.905000000000000000e+02 2.253280053297347892e-48
8.907500000000000000e+02 4.055575153848600679e-49
8.910000000000000000e+02 1.569377508372025409e-48
8.912500000000000000e+02 1.446449561364376800e-48
8.915000000000000000e+02 6.103232971866284198e-49
8.917500000000000000e+02 5.387844279109424620e-49
8.920000000000000000e+02 2.143858664435154854e-48
8.922500000000000000e+02 1.083521820224220743e-48
8.925000000000000000e+02 2.174071768870131356e-49
8.927500000000000000e+02 7.451930431684963677e-49
8.930000000000000000e+02 5.915033707394281123e-49
8.932500000000000000e+02 8.719241754878866534e-49
8.935000000000000000e+02 1.733979638761093545e-48
8.937500000000000000e+02 1.793943529193327235e-48
8.940000000000000000e+02 3.574575164713913253e-49
8.942500000000000000e+02 1.212277830782108880e-48
8.945000000000000000e+02 1.393515180990592361e-48
8.947500000000000000e+02 1.435838239852962137e-49
8.950000000000000000e+02 4.275542061159556276e-49
8.952500000000000000e+02 3.111604420258312210e-48
8.955000000000000000e+02 3.073310213949884060e-48
8.957500000000000000e+02 3.118090002178897431e-48
8.960000000000000000e+02 1.534328378798740667e-48
8.962500000000000000e+02 7.379383279049980172e-49
8.965000000000000000e+02 6.837326891597109105e-49
8.967500000000000000e+02 1.924370193860098600e-49
8.970000000000000000e+02 2.453318649379114786e-49
8.972500000000000000e+02 5.316829750841825477e-49
8.975000000000000000e+02 5.001467093843421851e-49
8.977500000000000000e+02 3.483689904318290049e-49
8.980000000000000000e+02 1.857644259083760435e-48
8.982500000000000000e+02 1.755929418945440733e-48
8.985000000000000000e+02 4.277182444115475735e-49
8.987500000000000000e+02 8.189750512075564645e-49
8.990000000000000000e+02 3.000788054728915434e-48
8.992500000000000000e+02 3.911279858104446913e-49
8.995000000000000000e+02 3.442474429123710360e-49
8.997500000000000000e+02 7.704758174743591805e-49
9.000000000000000000e+02 9.117979601778279888e-49
9.002500000000000000e+02 2.980946195653133078e-48
9.005000000000000000e+02 1.042610079869986554e-48
9.007500000000000000e+02 5.087028754893096068e-49
9.010000000000000000e+02 7.702806976708768761e-49
9.012500000000000000e+02 8.309178210815264399e-49
9.015000000000000000e+02 5.123357198678789780e-49
9.017500000000000000e+02 2.628100546174935768e-48
9.020000000000000000e+02 2.114807180584235025e-48
9.022500000000000000e+02 1.171535717828884839e-48
9.025000000000000000e+02 1.857694274559187987e-49
9.027500000000000000e+02 3.590527955042275945e-50
9.030000000000000000e+02 1.030505216451140614e-48
9.032500000000000000e+02 1.416349909047844315e-48
9.035000000000000000e+02 3.080540791160038434e-49
9.037500000000000000e+02 1.643947964423592587e-48
9.040000000000000000e+02 7.826041252759656298e-49
9.042500000000000000e+02 1.013594302543757942e-48
9.045000000000000000e+02 1.588193198643068692e-48
9.047500000000000000e+02 2.885448728362700872e-48
9.050000000000000000e+02 1.760319417435452758e-48
9.052500000000000000e+02 9.827234551267988609e-49
9.055000000000000000e+02 8.368841996019698586e-49
9.057500000000000000e+02 4.260355379301772794e-49
9.060000000000000000e+02 7.518987849773515195e-49
9.062500000000000000e+02 1.027885279845219254e-48
9.065000000000000000e+02 3.369265775117279256e-49
9.067500000000000000e+02 2.740520027074048561e-49
9.070000000000000000e+02 1.527102374148285625e-48
9.072500000000000000e+02 8.847214349488552522e-49
9.075000000000000000e+02 5.257602578071094205e-49
9.077500000000000000e+02 8.663742335900035805e-49
9.080000000000000000e+02 7.328948188062643305e-49
9.082500000000000000e+02 4.479969786227391855e-49
9.085000000000000000e+02 6.021130753956693644e-49
9.087500000000000000e+02 2.268725990073949096e-48
9.090000000000000000e+02 2.896459532544073545e-49
9.092500000000000000e+02 6.523989212900842180e-49
9.095000000000000000e+02 1.386048428990801251e-48
9.097500000000000000e+02 1.213196702150141714e-48
9.100000000000000000e+02 9.701216937420593545e-49
9.102500000000000000e+02 1.237155984382254143e-48
9.105000000000000000e+02 2.678854400585601223e-48
9.107500000000000000e+02 9.031059299097203403e-49
9.110000000000000000e+02 1.033585626442365454e-48
9.112500000000000000e+02 9.902642626033834408e-49
9.115000000000000000e+02 8.822721248794649267e-49
9.117500000000000000e+02 1.389912063937755383e-48
9.120000000000000000e+02 1.939064844839274520e-48
9.122500000000000000e+02 1.345533369996470968e-48
9.125000000000000000e+02 1.688553663262952520e-48
9.127500000000000000e+02 1.622351127573649445e-48
9.130000000000000000e+02 9.490595421207171964e-49
9.132500000000000000e+02 1.516686110840577427e-48
9.135000000000000000e+02 3.378465722559783845e-49
9.137500000000000000e+02 1.696280579752550894e-48
9.140000000000000000e+02 2.110237577724445609e-48
9.142500000000000000e+02 7.460115985246933090e-49
9.145000000000000000e+02 1.698011250981249654e-48
9.147500000000000000e+02 2.595870367679523694e-48
9.150000000000000000e+02 2.085755382365993210e-48
9.152500000000000000e+02 1.329365827503457448e-48
9.155000000000000000e+02 2.171540347692798957e-48
9.157500000000000000e+02 1.658023374977964813e-48
9.160000000000000000e+02 4.973628241992031631e-49
9.162500000000000000e+02 9.508498698473160938e-49
9.165000000000000000e+02 8.361706795275179693e-49
9.167500000000000000e+02 1.646271598612843960e-48
9.170000000000000000e+02 2.051222657772999266e-49
9.172500000000000000e+02 1.167780869302492444e-48
9.175000000000000000e+02 5.821829706492030925e-49
9.177500000000000000e+02 1.067232736771603117e-48
9.180000000000000000e+02 2.003085720496487974e-48
9.182500000000000000e+02 3.336107050891885350e-48
9.185000000000000000e+02 3.206970903094693052e-49
9.187500000000000000e+02 6.823233460392103269e-49
9.190000000000000000e+02 1.257421709381782526e-48
9.192500000000000000e+02 2.948275377962298244e-48
9.195000000000000000e+02 3.137377631999864676e-48
9.197500000000000000e+02 1.801269200141226925e-48
9.200000000000000000e+02 5.716697185004084023e-49
9.202500000000000000e+02 4.882718800277751202e-49
9.205000000000000000e+02 8.837424335923858767e-49
9.207500000000000000e+02 1.400763739086232578e-48
9.210000000000000000e+02 2.641637844574517084e-49
9.212500000000000000e+02 1.638541559060477005e-48
9.215000000000000000e+02 6.436311942570975642e-49
9.217500000000000000e+02 8.419538578952175054e-49
9.220000000000000000e+02 4.261991012019575182e-49
9.222500000000000000e+02 7.662146135217975799e-49
9.225000000000000000e+02 2.065530142412585393e-48
9.227500000000000000e+02 3.491410843519912380e-48
9.230000000000000000e+02 1.297881094077535879e-48
9.232500000000000000e+02 8.418113989960298495e-49
9.235000000000000000e+02 2.791117679023631010e-48
9.237500000000000000e+02 3.998972170645310450e-48
9.240000000000000000e+02 1.000207359776715193e-48
9.242500000000000000e+02 1.468747077003330392e-48
9.245000000000000000e+02 9.304137726983603999e-49
9.247500000000000000e+02 1.299262093189958978e-48
9.250000000000000000e+02 4.429421844054509775e-49
9.252500000000000000e+02 7.729274641767248709e-49
9.255000000000000000e+02 1.381993429323335420e-48
9.257500000000000000e+02 1.256419794835608207e-48
9.260000000000000000e+02 1.136830124316237184e-48
9.262500000000000000e+02 3.602650332036637864e-49
9.265000000000000000e+02 1.010315007735365369e-48
9.267500000000000000e+02 8.030934381725940643e-49
9.270000000000000000e+02 1.863725299108969695e-48
9.272500000000000000e+02 4.300092317661430588e-49
9.275000000000000000e+02 1.912622833235669362e-48
9.277500000000000000e+02 6.732076487009027685e-49
9.280000000000000000e+02 2.542409409405283851e-48
9.282500000000000000e+02 2.557699179652730108e-48
9.285000000000000000e+02 1.386073460088389977e-48
9.287500000000000000e+02 1.033439253340259250e-48
9.290000000000000000e+02 1.030215873271613150e-48
9.292500000000000000e+02 1.785719692823032118e-48
9.295000000000000000e+02 2.401642682039838228e-48
9.297500000000000000e+02 5.928030730330809082e-49
9.300000000000000000e+02 9.561094086342564477e-49
9.302500000000000000e+02 1.334370986741029260e-48
9.305000000000000000e+02 5.787971162947364260e-49
9.307500000000000000e+02 2.755672763830425088e-48
9.310000000000000000e+02 1.331824338010559654e-48
9.312500000000000000e+02 5.680877134535966034e-49
9.315000000000000000e+02 1.551839246733089483e-49
9.317500000000000000e+02 3.408523481286041822e-49
9.320000000000000000e+02 2.097444900315880871e-50
9.322500000000000000e+02 5.373856222720806273e-49
9.325000000000000000e+02 1.325064037925105652e-48
9.327500000000000000e+02 1.038924807882210608e-48
9.330000000000000000e+02 2.694461375213460576e-48
9.332500000000000000e+02 1.661261018067217922e-48
9.335000000000000000e+02 6.534753180271784592e-49
9.337500000000000000e+02 1.376685373590822173e-48
9.340000000000000000e+02 2.358715263813812948e-48
9.342500000000000000e+02 2.461647539849415356e-49
9.345000000000000000e+02 4.198886239642862089e-49
9.347500000000000000e+02 6.364989336916071796e-49
9.350000000000000000e+02 6.148765819650186339e-49
9.352500000000000000e+02 2.955175545704571853e-48
9.355000000000000000e+02 1.426773087253106807e-48
9.357500000000000000e+02 6.361533529564284575e-49
9.360000000000000000e+02 4.728838433553102748e-49
9.362500000000000000e+02 2.232322672497745911e-48
9.365000000000000000e+02 2.932602435174101058e-49
9.367500000000000000e+02 8.019532199829029584e-49
9.370000000000000000e+02 6.694908653275281093e-50
9.372500000000000000e+02 2.137726046370814139e-48
9.375000000000000000e+02 4.301237981153890917e-49
9.377500000000000000e+02 6.867610836041646650e-49
9.380000000000000000e+02 3.982311006681788328e-49
9.382500000000000000e+02 5.325314912487482813e-49
9.385000000000000000e+02 1.595771162952773373e-48
9.387500000000000000e+02 6.070155474687929949e-49
9.390000000000000000e+02 2.458176563179079947e-49
9.392500000000000000e+02 6.583486974100811746e-49
9.395000000000000000e+02 7.325419619011579837e-49
9.397500000000000000e+02 1.068284446101881613e-48
9.400000000000000000e+02 8.454580654786983437e-49
9.402500000000000000e+02 2.811615037005069435e-49
9.405000000000000000e+02 2.942601918578846867e-48
9.407500000000000000e+02 7.218011156195967742e-49
9.410000000000000000e+02 8.408703515118376013e-49
9.412500000000000000e+02 3.242129553488219023e-49
9.415000000000000000e+02 6.577338845407416743e-49
9.417500000000000000e+02 2.314558462110179581e-48
9.420000000000000000e+02 4.141662485953602701e-49
9.422500000000000000e+02 8.098210751112595233e-49
9.425000000000000000e+02 4.412230874459796336e-49
9.427500000000000000e+02 4.630698623863293940e-49
9.430000000000000000e+02 4.805802505491140033e-49
9.432500000000000000e+02 1.617145727234564882e-48
9.435000000000000000e+02 4.353660687704315717e-49
9.437500000000000000e+02 1.107412752263758442e-48
9.440000000000000000e+02 2.974756830650290403e-48
9.442500000000000000e+02 5.435567990324477855e-49
9.445000000000000000e+02 5.786288701389667654e-49
9.447500000000000000e+02 5.625462051953761377e-49
9.450000000000000000e+02 2.406448413643728809e-49
9.452500000000000000e+02 5.680646287907952350e-49
9.455000000000000000e+02 2.865244817010085422e-49
9.457500000000000000e+02 2.143000574928000802e-49
9.460000000000000000e+02 4.998644467973851193e-49
9.462500000000000000e+02 6.459655458075239099e-49
9.465000000000000000e+02 1.427622978583846227e-48
9.467500000000000000e+02 1.929556959509433705e-48
9.470000000000000000e+02 5.345822898742012955e-49
9.472500000000000000e+02 4.545743955809373565e-49
9.475000000000000000e+02 4.851057885341154601e-49
9.477500000000000000e+02 7.899577104613925784e-49
9.480000000000000000e+02 1.506893905584455682e-48
9.482500000000000000e+02 1.041916564591728812e-48
9.485000000000000000e+02 7.646307584576728586e-49
9.487500000000000000e+02 6.474014323678182608e-49
9.490000000000000000e+02 3.478583828209144763e-49
9.492500000000000000e+02 5.793318911986983614e-49
9.495000000000000000e+02 1.489893893579529649e-48
9.497500000000000000e+02 3.045544369530539530e-48
9.500000000000000000e+02 6.869843019078752338e-49
9.502500000000000000e+02 1.159741665454037410e-49
9.505000000000000000e+02 1.912891164181800060e-49
9.507500000000000000e+02 2.314947321085727892e-48
9.510000000000000000e+02 6.970405799514893741e-49
9.512500000000000000e+02 7.473390718757212926e-49
9.515000000000000000e+02 1.613445515760942406e-48
9.517500000000000000e+02 3.581392067878677852e-49
9.520000000000000000e+02 8.173673888895361510e-49
9.522500000000000000e+02 3.630467973022633660e-49
9.525000000000000000e+02 6.910140530624359194e-49
9.527500000000000000e+02 5.405219265253584261e-49
9.530000000000000000e+02 2.325209504821504595e-49
9.532500000000000000e+02 8.766282021074812950e-49
9.535000000000000000e+02 1.072454183879575689e-48
9.537500000000000000e+02 1.224494668449126582e-48
9.540000000000000000e+02 9.806266320339213747e-49
9.542500000000000000e+02 7.806185222172829656e-49
9.545000000000000000e+02 5.784411808217672853e-49
9.547500000000000000e+02 8.656682296891034281e-49
9.550000000000000000e+02 1.996736968944242201e-48
9.552500000000000000e+02 1.323021371400636626e-48
9.555000000000000000e+02 2.584492415305052188e-48
9.557500000000000000e+02 4.635888228625478939e-49
9.560000000000000000e+02 1.422860106198781093e-48
9.562500000000000000e+02 3.699467471452676260e-49
9.565000000000000000e+02 6.273006970716255974e-49
9.567500000000000000e+02 2.783506504108807228e-49
9.570000000000000000e+02 3.339693939566354846e-49
9.572500000000000000e+02 1.882888052661161959e-48
9.575000000000000000e+02 1.729211991196554711e-48
9.577500000000000000e+02 1.410602581240049433e-49
9.580000000000000000e+02 2.187829631324412615e-49
9.582500000000000000e+02 1.515176523783627021e-48
9.585000000000000000e+02 3.335660434903335679e-48
9.587500000000000000e+02 2.609477510937760993e-48
9.590000000000000000e+02 1.642162303747473940e-48
9.592500000000000000e+02 1.086028813151336799e-48
9.595000000000000000e+02 6.278895700445392788e-49
9.597500000000000000e+02 1.137502634115652760e-48
9.600000000000000000e+02 1.003228602972545375e-48
9.602500000000000000e+02 6.441872246617665679e-49
9.605000000000000000e+02 1.137275090625641378e-48
9.607500000000000000e+02 9.851435396926039583e-49
9.610000000000000000e+02 3.675131191754844168e-49
9.612500000000000000e+02 3.945396660566100762e-49
9.615000000000000000e+02 1.354411911862524979e-48
9.617500000000000000e+02 6.734116731946268483e-49
9.620000000000000000e+02 9.377250728303325147e-49
9.622500000000000000e+02 5.009403640075774207e-49
9.625000000000000000e+02 3.611248786832952581e-49
9.627500000000000000e+02 2.055647619238801773e-49
9.630000000000000000e+02 1.467126466614484315e-49
9.632500000000000000e+02 1.334120273439339832e-48
9.635000000000000000e+02 1.028782598872635370e-48
9.637500000000000000e+02 2.010070949121226023e-48
9.640000000000000000e+02 1.037637875436343410e-48
9.642500000000000000e+02 1.610366633461883893e-49
9.645000000000000000e+02 3.411184710728550635e-49
9.647500000000000000e+02 9.847989890960734145e-49
9.650000000000000000e+02 2.575626073866123813e-48
9.652500000000000000e+02 1.561827127044722727e-48
9.655000000000000000e+02 1.111731164399163364e-48
9.657500000000000000e+02 1.502847431631702752e-48
9.660000000000000000e+02 1.380430370112593632e-48
9.662500000000000000e+02 2.210086260827972559e-48
9.665000000000000000e+02 3.027962472998077381e-49
9.667500000000000000e+02 1.047694534552147512e-48
9.670000000000000000e+02 4.534410639609387849e-49
9.672500000000000000e+02 6.969532567386376146e-49
9.675000000000000000e+02 3.019308526100218502e-49
9.677500000000000000e+02 1.752359901247727241e-49
9.680000000000000000e+02 1.945023553295812406e-49
9.682500000000000000e+02 8.752272356239141510e-49
9.685000000000000000e+02 2.582537373924711207e-49
9.687500000000000000e+02 1.108428530685065771e-48
9.690000000000000000e+02 7.461104800547217845e-49
9.692500000000000000e+02 2.269947936619590904e-49
9.695000000000000000e+02 6.533763536483501166e-49
9.697500000000000000e+02 1.196216682726305858e-48
9.700000000000000000e+02 9.780719546107035658e-49
9.702500000000000000e+02 6.555233643131894618e-49
9.705000000000000000e+02 9.431958801460593794e-49
9.707500000000000000e+02 3.496110320086409971e-48
9.710000000000000000e+02 2.273871716153703527e-48
9.712500000000000000e+02 1.174602512508233410e-48
9.715000000000000000e+02 5.228606290536364536e-49
9.717500000000000000e+02 6.186806233398965273e-49
9.720000000000000000e+02 6.657814667873137012e-49
9.722500000000000000e+02 9.301056229829295174e-49
9.725000000000000000e+02 7.445090893982165265e-49
9.727500000000000000e+02 8.187662528164519890e-49
9.730000000000000000e+02 7.516931035607919822e-49
9.732500000000000000e+02 3.762767063459069919e-49
9.735000000000000000e+02 1.001153028087391737e-48
9.737500000000000000e+02 1.588683072102825175e-48
9.740000000000000000e+02 9.941846090393696470e-49
9.742500000000000000e+02 6.233387279304908265e-49
9.745000000000000000e+02 3.216898755815845825e-49
9.747500000000000000e+02 2.159432388807725295e-48
9.750000000000000000e+02 1.064378351615559666e-48
9.752500000000000000e+02 7.493441955415112635e-49
9.755000000000000000e+02 3.993792588578312694e-49
9.757500000000000000e+02 2.695302634376655745e-49
9.760000000000000000e+02 1.356766913632418321e-48
9.762500000000000000e+02 2.897544012679076619e-49
9.765000000000000000e+02 9.343686189278345183e-49
9.767500000000000000e+02 1.912742086999290324e-48
9.770000000000000000e+02 4.563508264759230364e-49
9.772500000000000000e+02 1.028552369280888986e-49
9.775000000000000000e+02 1.070850694587713340e-49
9.777500000000000000e+02 5.490026205170651594e-49
9.780000000000000000e+02 9.101505599497295351e-49
9.782500000000000000e+02 1.129628308700870898e-48
9.785000000000000000e+02 7.446750157213757175e-49
9.787500000000000000e+02 1.054544923454051424e-48
9.790000000000000000e+02 2.547996338246355389e-48
9.792500000000000000e+02 2.776175423991488028e-49
9.795000000000000000e+02 6.445062858885095824e-49
9.797500000000000000e+02 2.152133140887678931e-49
9.800000000000000000e+02 7.901763402649463675e-49
9.802500000000000000e+02 6.688390990571607029e-50
9.805000000000000000e+02 1.744290509264723871e-48
9.807500000000000000e+02 1.366769487089758866e-48
9.810000000000000000e+02 5.832924170538638328e-49
9.812500000000000000e+02 8.098752527536310405e-49
9.815000000000000000e+02 9.211109167607539832e-49
9.817500000000000000e+02 1.030113924179608142e-48
9.820000000000000000e+02 4.166020404908669192e-49
9.822500000000000000e+02 1.740169458832922002e-49
9.825000000000000000e+02 1.044238604446187353e-48
9.827500000000000000e+02 4.012657630600271181e-49
9.830000000000000000e+02 8.060824583401700321e-49
9.832500000000000000e+02 1.728717381765663826e-48
9.835000000000000000e+02 2.180491992445957290e-48
9.837500000000000000e+02 1.003692631032155271e-48
9.840000000000000000e+02 1.649308380789754436e-48
9.842500000000000000e+02 2.969148901515623960e-48
9.845000000000000000e+02 1.366362064240023402e-48
9.847500000000000000e+02 1.379640538805154535e-48
9.850000000000000000e+02 2.966617746063358414e-49
9.852500000000000000e+02 2.067885961437367830e-49
9.855000000000000000e+02 5.563502515237332081e-49
9.857500000000000000e+02 2.993643401028556770e-48
9.860000000000000000e+02 1.747578209254309783e-48
9.862500000000000000e+02 7.572447721808421912e-49
9.865000000000000000e+02 3.063976868775986694e-49
9.867500000000000000e+02 4.526966326654896230e-49
9.870000000000000000e+02 1.361031484475999974e-48
9.872500000000000000e+02 1.303438717481224884e-48
9.875000000000000000e+02 1.145604251210285006e-48
9.877500000000000000e+02 2.058665166932161106e-48
9.880000000000000000e+02 1.026341274898644952e-48
9.882500000000000000e+02 1.778564152512814994e-49
9.885000000000000000e+02 2.847242322264083336e-49
9.887500000000000000e+02 8.123044022653324490e-49
9.890000000000000000e+02 1.461710032071636474e-49
9.892500000000000000e+02 4.231424961962443222e-49
9.895000000000000000e+02 5.166531338352065510e-49
9.897500000000000000e+02 8.116911384619833976e-49
9.900000000000000000e+02 2.367818203002359559e-49
9.902500000000000000e+02 1.726806619785462423e-48
9.905000000000000000e+02 1.578858600661810004e-48
9.907500000000000000e+02 1.950928268214009907e-48
9.910000000000000000e+02 1.010007394278837462e-48
9.912500000000000000e+02 7.010558411492983960e-49
9.915000000000000000e+02 8.957563008549097041e-49
9.917500000000000000e+02 4.802762205641066639e-49
9.920000000000000000e+02 5.428659203246169201e-49
9.922500000000000000e+02 8.276644999306651338e-49
9.925000000000000000e+02 1.159630458607342793e-48
9.927500000000000000e+02 1.110593846462507120e-48
9.930000000000000000e+02 8.321233265372720628e-49
9.932500000000000000e+02 1.438841832394580424e-48
9.935000000000000000e+02 1.699257003045453969e-48
9.937500000000000000e+02 1.262981993503765212e-48
9.940000000000000000e+02 5.716642055665501284e-49
9.942500000000000000e+02 4.902956126657389359e-49
9.945000000000000000e+02 1.714006951766319910e-48
9.947500000000000000e+02 5.550029715247466295e-49
9.950000000000000000e+02 1.439628682950822158e-48
9.952500000000000000e+02 1.029354242370359141e-48
9.955000000000000000e+02 8.455221481660271861e-49
9.957500000000000000e+02 1.134530269347153818e-48
9.960000000000000000e+02 2.407540362907463746e-49
9.962500000000000000e+02 4.463887765155898792e-49
9.965000000000000000e+02 4.694478675657182537e-49
9.967500000000000000e+02 6.259771198089982663e-49
9.970000000000000000e+02 5.235908339615103907e-49
9.972500000000000000e+02 1.196013352802543338e-48
9.975000000000000000e+02 1.049253164158689136e-48
9.977500000000000000e+02 3.678623845009107164e-49
9.980000000000000000e+02 3.673057355178252347e-49
9.982500000000000000e+02 9.243275441080610194e-49
9.985000000000000000e+02 1.077096881433666837e-49
9.987500000000000000e+02 2.366409071761342353e-49
9.990000000000000000e+02 3.313775546757953857e-49
9.992500000000000000e+02 2.036633667256889940e-49
9.995000000000000000e+02 3.581191770094957911e-49
9.997500000000000000e+02 2.850174999952155446e-48
1.000000000000000000e+03 1.225335188021794815e-48
1.000250000000000000e+03 3.316125619845715681e-49
1.000500000000000000e+03 5.197534270026067049e-49
1.000750000000000000e+03 3.530389668582038304e-49
1.001000000000000000e+03 7.626551687046101579e-49
1.001250000000000000e+03 1.607210303138201611e-49
1.001500000000000000e+03 1.328534224776935830e-49
1.001750000000000000e+03 1.037534550441811923e-48
1.002000000000000000e+03 9.293519764672964256e-49
1.002250000000000000e+03 1.680046686698839869e-49
1.002500000000000000e+03 2.835992526707263209e-49
1.002750000000000000e+03 9.446437977871962554e-49
1.003000000000000000e+03 6.908521222388687825e-49
1.003250000000000000e+03 1.074387926031925359e-48
1.003500000000000000e+03 1.021104548289780609e-48
1.003750000000000000e+03 7.461140965427463985e-49
1.004000000000000000e+03 1.708976640764934313e-48
1.004250000000000000e+03 2.282385346255677696e-48
1.004500000000000000e+03 2.582809823715823355e-49
1.004750000000000000e+03 1.240117519422340171e-48
1.005000000000000000e+03 9.369016283670747902e-49
1.005250000000000000e+03 9.969328174463326056e-49
1.005500000000000000e+03 3.210535153991019431e-49
1.005750000000000000e+03 9.122985979825712072e-49
1.006000000000000000e+03 2.529541618435172889e-49
1.006250000000000000e+03 8.996702903040962024e-49
1.006500000000000000e+03 1.338010078328549307e-48
1.006750000000000000e+03 8.851428466046147325e-49
1.007000000000000000e+03 1.599575677668869335e-48
1.007250000000000000e+03 6.989181126731098924e-49
1.007500000000000000e+03 8.047238033599024254e-49
1.007750000000000000e+03 3.557555533540496246e-49
1.008000000000000000e+03 4.581305011122752143e-50
1.008250000000000000e+03 4.802443528282858697e-49
1.008500000000000000e+03 2.429194816901178109e-49
1.008750000000000000e+03 8.628337109921389289e-49
1.009000000000000000e+03 2.283208436587355516e-49
1.009250000000000000e+03 6.349825683999823389e-49
1.009500000000000000e+03 2.147300484610603989e-49
1.009750000000000000e+03 2.065226965213054858e-49
1.010000000000000000e+03 3.753126242190401101e-49
1.010250000000000000e+03 3.829537180258155018e-49
1.010500000000000000e+03 3.880192247538813747e-49
1.010750000000000000e+03 1.462370309231015895e-48
1.011000000000000000e+03 1.799258137671545455e-48
1.011250000000000000e+03 4.985282382838663677e-49
1.011500000000000000e+03 7.174913265057215522e-49
1.011750000000000000e+03 9.467380470591898026e-49
1.012000000000000000e+03 4.911495251542888495e-49
1.012250000000000000e+03 7.768077825013576651e-49
1.012500000000000000e+03 8.799355759158237180e-49
1.012750000000000000e+03 4.740102558307957131e-49
1.013000000000000000e+03 2.670291333884463478e-49
1.013250000000000000e+03 4.859662486634948618e-49
1.013500000000000000e+03 6.150164905186307012e-49
1.013750000000000000e+03 5.105396320558059448e-49
1.014000000000000000e+03 6.169192497989487849e-49
1.014250000000000000e+03 2.737401356584182279e-49
1.014500000000000000e+03 1.100267341330170110e-49
1.014750000000000000e+03 1.325706871992655285e-49
1.015000000000000000e+03 2.738542017291254002e-49
1.015250000000000000e+03 2.969417912285318287e-49
1.015500000000000000e+03 1.213080572106527409e-48
1.015750000000000000e+03 7.344219734251923890e-49
1.016000000000000000e+03 3.898278135748915923e-49
1.016250000000000000e+03 4.698216521732725573e-49
1.016500000000000000e+03 1.327601747539062754e-48
1.016750000000000000e+03 8.733514634860710282e-49
1.017000000000000000e+03 2.560055800203778839e-49
1.017250000000000000e+03 6.927660434495753487e-50
1.017500000000000000e+03 5.372038357680350423e-49
1.017750000000000000e+03 1.457581060875682313e-48
1.018000000000000000e+03 4.021401844200916838e-49
1.018250000000000000e+03 6.981835170629740078e-49
1.018500000000000000e+03 8.781631292079873267e-49
1.018750000000000000e+03 2.417814470295093664e-49
1.019000000000000000e+03 2.832877427113860025e-49
1.019250000000000000e+03 4.602505934934749643e-49
1.019500000000000000e+03 6.052841994864515334e-49
1.019750000000000000e+03 3.117192613189534317e-49
1.020000000000000000e+03 1.590779606351460246e-48
1.020250000000000000e+03 7.136827044012254842e-50
1.020500000000000000e+03 4.771378790037956913e-49
1.020750000000000000e+03 5.443770625622398676e-49
1.021000000000000000e+03 1.602458991349182831e-49
1.021250000000000000e+03 3.118846857324620156e-49
1.021500000000000000e+03 1.197999629857688100e-49
1.021750000000000000e+03 2.193740431379878621e-49
1.022000000000000000e+03 6.635058202611488098e-49
1.022250000000000000e+03 1.658345602787142189e-48
1.022500000000000000e+03 6.662218856969848883e-49
1.022750000000000000e+03 2.998487582615239634e-49
1.023000000000000000e+03 5.531141749416831059e-49
1.023250000000000000e+03 4.086429861726629687e-49
1.023500000000000000e+03 1.437865290605042658e-48
1.023750000000000000e+03 2.271044209782386144e-48
1.024000000000000000e+03 8.433948836131185612e-49
1.024250000000000000e+03 4.342323620018383010e-49
1.024500000000000000e+03 9.699288221454133912e-49
1.024750000000000000e+03 2.335935791977544678e-48
1.025000000000000000e+03 7.972779412704163711e-49
1.025250000000000000e+03 3.348597393827590162e-48
1.025500000000000000e+03 1.844526815660529248e-48
1.025750000000000000e+03 7.074635672162547087e-49
1.026000000000000000e+03 1.177424685510662993e-48
1.026250000000000000e+03 1.371305305030548725e-48
1.026500000000000000e+03 1.263163388036774843e-48
1.026750000000000000e+03 1.092618872858695745e-48
1.027000000000000000e+03 1.238818772766414116e-48
1.027250000000000000e+03 5.929508868129060383e-49
1.027500000000000000e+03 2.481412350799892291e-49
1.027750000000000000e+03 3.009813665460423830e-49
1.028000000000000000e+03 4.417610554794643633e-49
1.028250000000000000e+03 3.078778298174516425e-49
1.028500000000000000e+03 3.294467039426275746e-49
1.028750000000000000e+03 3.690675179280736615e-49
1.029000000000000000e+03 9.303992526280263826e-49
1.029250000000000000e+03 2.229065934147143282e-49
1.029500000000000000e+03 8.702609108371453979e-49
1.029750000000000000e+03 6.488979971363679533e-49
1.030000000000000000e+03 1.446795109468668381e-48
1.030250000000000000e+03 1.157958041738258237e-48
1.030500000000000000e+03 4.880673063031726732e-49
1.030750000000000000e+03 9.593251373080882750e-49
1.031000000000000000e+03 1.420073411795312542e-48
1.031250000000000000e+03 1.243179691530724167e-48
1.031500000000000000e+03 4.805100710021613978e-49
1.031750000000000000e+03 2.962468817454803464e-49
1.032000000000000000e+03 7.783766546470416219e-49
1.032250000000000000e+03 1.674426397438348221e-48
1.032500000000000000e+03 2.328405158887830457e-49
1.032750000000000000e+03 8.493969032583835819e-49
1.033000000000000000e+03 1.676576029051079164e-48
1.033250000000000000e+03 1.851444868345217060e-48
1.033500000000000000e+03 1.408769053653051882e-48
1.033750000000000000e+03 1.132222940395674578e-48
1.034000000000000000e+03 2.097045672276720340e-49
1.034250000000000000e+03 4.487919007462699052e-49
1.034500000000000000e+03 3.416705480569588560e-49
1.034750000000000000e+03 1.789334497466232525e-49
1.035000000000000000e+03 5.516433613564980205e-49
1.035250000000000000e+03 6.880799430374774494e-49
1.035500000000000000e+03 6.622149472508261536e-49
1.035750000000000000e+03 6.626368778592427083e-49
1.036000000000000000e+03 6.935422705060635589e-49
1.036250000000000000e+03 8.908761514261445752e-49
1.036500000000000000e+03 2.670998663903267811e-48
1.036750000000000000e+03 5.936470339867178568e-49
1.037000000000000000e+03 4.272402324406589175e-50
1.037250000000000000e+03 2.275715043336442115e-50
1.037500000000000000e+03 6.221846067377743184e-50
1.037750000000000000e+03 3.462509778623811759e-49
1.038000000000000000e+03 5.370809041834064143e-49
1.038250000000000000e+03 8.802679372284970645e-49
1.038500000000000000e+03 7.541979231508815081e-49
1.038750000000000000e+03 5.048597523533563645e-49
1.039000000000000000e+03 2.902147352117532519e-49
1.039250000000000000e+03 3.136804940944793932e-48
1.039500000000000000e+03 4.996794325963491222e-49
1.039750000000000000e+03 3.067344603872887591e-48
1.040000000000000000e+03 1.703883220478093100e-48
1.040250000000000000e+03 1.812717421282052828e-49
1.040500000000000000e+03 7.556550946478121894e-49
1.040750000000000000e+03 4.407772821661203085e-49
1.041000000000000000e+03 3.598122980438482559e-49
1.041250000000000000e+03 4.819103303017515527e-49
1.041500000000000000e+03 2.927705768782917729e-49
1.041750000000000000e+03 7.952950771353305440e-49
1.042000000000000000e+03 5.446901236118104328e-49
1.042250000000000000e+03 5.453402646083713714e-49
1.042500000000000000e+03 7.289876669532312068e-49
1.042750000000000000e+03 3.592594749686322570e-49
1.043000000000000000e+03 1.176726088016486861e-48
1.043250000000000000e+03 6.972026301758886910e-49
1.043500000000000000e+03 3.282606983616347592e-49
1.043750000000000000e+03 5.358363933412821523e-49
1.044000000000000000e+03 4.108118789007702622e-49
1.044250000000000000e+03 1.183431823691362799e-48
1.044500000000000000e+03 8.516953782339271871e-49
1.044750000000000000e+03 1.780705849856982284e-49
1.045000000000000000e+03 4.775683931209096442e-49
1.045250000000000000e+03 7.251679709852282810e-49
1.045500000000000000e+03 1.970714323601000913e-49
1.045750000000000000e+03 4.733142631830160430e-49
1.046000000000000000e+03 6.622365820805273124e-49
1.046250000000000000e+03 1.486017904336368283e-48
1.046500000000000000e+03 2.414439434055873274e-48
1.046750000000000000e+03 1.687966024962444764e-48
1.047000000000000000e+03 1.222631977594244652e-48
1.047250000000000000e+03 1.277022908431758046e-49
1.047500000000000000e+03 2.726525174879266463e-49
1.047750000000000000e+03 6.412809846429780644e-49
1.048000000000000000e+03 1.616589975233653232e-48
1.048250000000000000e+03 1.246664026479512802e-48
1.048500000000000000e+03 9.092607822243858076e-49
1.048750000000000000e+03 4.210071725707975067e-49
1.049000000000000000e+03 4.845457719605825105e-49
1.049250000000000000e+03 4.229580628000427741e-49
1.049500000000000000e+03 1.414149804430713839e-49
1.049750000000000000e+03 7.158365331427277113e-49
1.050000000000000000e+03 5.252533602192776073e-49
1.050250000000000000e+03 7.049641067734103330e-49
1.050500000000000000e+03 4.233713195346256182e-49
1.050750000000000000e+03 1.185525623727046867e-49
1.051000000000000000e+03 1.481631091619590477e-48
1.051250000000000000e+03 1.024212011443419487e-48
1.051500000000000000e+03 6.069011613866520760e-49
1.051750000000000000e+03 2.241576305722403962e-49
1.052000000000000000e+03 4.052348912691144583e-49
1.052250000000000000e+03 9.599257577038843452e-49
1.052500000000000000e+03 1.944712778835275511e-49
1.052750000000000000e+03 1.360199172201620304e-49
1.053000000000000000e+03 1.382178007605126734e-49
1.053250000000000000e+03 1.623881072952100513e-49
1.053500000000000000e+03 4.567504504303845392e-49
1.053750000000000000e+03 1.677730831968476110e-48
1.054000000000000000e+03 7.928101773441859151e-49
1.054250000000000000e+03 8.502123316550591370e-49
1.054500000000000000e+03 5.962673591283319044e-49
1.054750000000000000e+03 3.546448834937408627e-49
1.055000000000000000e+03 1.411576768125605083e-48
1.055250000000000000e+03 6.446008445782697938e-49
1.055500000000000000e+03 3.123986640395393928e-49
1.055750000000000000e+03 2.500762545019858587e-49
1.056000000000000000e+03 4.164429288429210136e-49
1.056250000000000000e+03 2.669305113065595004e-49
1.056500000000000000e+03 2.095205789492898904e-49
1.056750000000000000e+03 8.923957090616954799e-49
1.057000000000000000e+03 6.341368062759689162e-49
1.057250000000000000e+03 4.978023598493856977e-49
1.057500000000000000e+03 5.759438913894536040e-49
1.057750000000000000e+03 7.797822684189327188e-49
1.058000000000000000e+03 4.173444948963708957e-49
1.058250000000000000e+03 2.831482488372015318e-49
1.058500000000000000e+03 2.398422236889068692e-49
1.058750000000000000e+03 6.770154796872846262e-49
1.059000000000000000e+03 1.961013026092600798e-49
1.059250000000000000e+03 3.502022619747923721e-49
1.059500000000000000e+03 2.210415552305201346e-48
1.059750000000000000e+03 6.752055906147153317e-49
1.060000000000000000e+03 8.032384854509732574e-49
1.060250000000000000e+03 6.649538470231082025e-49
1.060500000000000000e+03 7.235886459142310422e-50
1.060750000000000000e+03 5.583867783625688512e-49
1.061000000000000000e+03 4.452444934052037867e-49
1.061250000000000000e+03 1.627310473893581592e-48
1.061500000000000000e+03 2.031679072044087953e-49
1.061750000000000000e+03 6.215354806055815427e-49
1.062000000000000000e+03 4.733118241846493909e-49
1.062250000000000000e+03 9.873784487715972496e-50
1.062500000000000000e+03 1.169873656552162021e-48
1.062750000000000000e+03 5.166810044466801434e-49
1.063000000000000000e+03 4.355571496234149668e-49
1.063250000000000000e+03 8.017664670147596962e-49
1.063500000000000000e+03 4.864855726514410951e-49
1.063750000000000000e+03 5.100973242059735647e-49
1.064000000000000000e+03 4.870933976753555612e-49
1.064250000000000000e+03 3.311051611865042128e-49
1.064500000000000000e+03 4.474676862932984576e-49
1.064750000000000000e+03 2.551530197422265455e-49
1.065000000000000000e+03 6.904774244989902992e-49
1.065250000000000000e+03 1.340921449037452394e-48
1.065500000000000000e+03 8.465978537707307936e-49
1.065750000000000000e+03 1.426690740987105028e-49
1.066000000000000000e+03 4.072045095045256846e-49
1.066250000000000000e+03 8.633340064075166829e-49
1.066500000000000000e+03 5.314370275611810206e-49
1.066750000000000000e+03 6.402946018431547590e-49
1.067000000000000000e+03 6.064915012748123403e-49
1.067250000000000000e+03 6.185053922660581279e-49
1.067500000000000000e+03 4.284129533828634033e-49
1.067750000000000000e+03 5.935000497796153767e-49
1.068000000000000000e+03 6.807979865351341128e-49
1.068250000000000000e+03 1.923820219129216803e-49
1.068500000000000000e+03 2.197232753946124024e-49
1.068750000000000000e+03 1.624985333961662430e-49
1.069000000000000000e+03 1.215127985443235420e-49
1.069250000000000000e+03 5.070758284825407385e-49
1.069500000000000000e+03 7.092080115262372084e-49
1.069750000000000000e+03 1.575338633522721209e-48
1.070000000000000000e+03 1.441016364679205405e-48
1.070250000000000000e+03 2.261863205292395156e-49
1.070500000000000000e+03 9.050254065229842956e-50
1.070750000000000000e+03 2.466945890539496816e-49
1.071000000000000000e+03 5.969218269699871469e-49
1.071250000000000000e+03 3.624306996483312197e-49
1.071500000000000000e+03 5.164008267292813910e-49
1.071750000000000000e+03 9.657530283162394439e-49
1.072000000000000000e+03 8.750946748580835458e-49
1.072250000000000000e+03 8.813033208793771200e-49
1.072500000000000000e+03 3.752107189204094073e-49
1.072750000000000000e+03 2.911756232064065581e-49
1.073000000000000000e+03 1.130584468973090407e-49
1.073250000000000000e+03 3.509763827017321747e-49
1.073500000000000000e+03 1.356101244485897578e-48
1.073750000000000000e+03 1.094588541561513765e-48
1.074000000000000000e+03 1.331803305185010485e-48
1.074250000000000000e+03 9.928407365653406431e-49
1.074500000000000000e+03 7.725545333654327072e-49
1.074750000000000000e+03 1.887169099565348322e-48
1.075000000000000000e+03 1.951072577616244608e-48
1.075250000000000000e+03 4.157845607299616320e-49
1.075500000000000000e+03 1.415029084036174206e-48
1.075750000000000000e+03 7.510078563199214457e-49
1.076000000000000000e+03 3.657516008921938530e-49
1.076250000000000000e+03 2.776085532425163426e-49
1.076500000000000000e+03 4.194159857852423749e-49
1.076750000000000000e+03 5.362228789305652141e-49
1.077000000000000000e+03 4.520174647494249596e-49
1.077250000000000000e+03 3.980372942406286305e-49
1.077500000000000000e+03 1.905992845927647563e-49
1.077750000000000000e+03 3.336311402953553394e-49
1.078000000000000000e+03 1.267837982758652141e-48
1.078250000000000000e+03 8.291300382022373652e-49
1.078500000000000000e+03 1.575592625808225962e-48
1.078750000000000000e+03 5.827493449612093747e-49
1.079000000000000000e+03 7.529037880749823740e-49
1.079250000000000000e+03 2.412501394074934853e-49
1.079500000000000000e+03 7.118738748070211574e-49
1.079750000000000000e+03 2.619114119672146079e-48
1.080000000000000000e+03 1.664150287140269447e-48
1.080250000000000000e+03 3.597863600648786883e-49
1.080500000000000000e+03 5.044355808475979617e-49
1.080750000000000000e+03 1.220882505100628065e-49
1.081000000000000000e+03 1.132479992481406394e-49
1.081250000000000000e+03 1.316243201989417663e-48
1.081500000000000000e+03 1.008248457947496437e-48
1.081750000000000000e+03 1.859052567664950309e-48
1.082000000000000000e+03 3.017708477024305077e-48
1.082250000000000000e+03 1.871576843895148939e-48
1.082500000000000000e+03 4.574935519364191781e-49
1.082750000000000000e+03 6.541375395991882354e-49
1.083000000000000000e+03 4.824377116021474148e-49
1.083250000000000000e+03 7.459426621490696120e-49
1.083500000000000000e+03 5.148863912668467804e-49
1.083750000000000000e+03 1.294511500153032596e-49
1.084000000000000000e+03 4.016031607616849269e-49
1.084250000000000000e+03 7.903165125098254656e-49
1.084500000000000000e+03 7.210721717070495549e-49
1.084750000000000000e+03 1.231622337248043375e-48
1.085000000000000000e+03 1.232435735847218894e-48
1.085250000000000000e+03 2.252526980807073495e-49
1.085500000000000000e+03 3.668336088875133716e-49
1.085750000000000000e+03 3.295157205320783773e-49
1.086000000000000000e+03 7.204890352635845472e-49
1.086250000000000000e+03 3.265394992288181733e-49
1.086500000000000000e+03 3.269567025494915382e-49
1.086750000000000000e+03 7.684839885865407540e-49
1.087000000000000000e+03 1.418288640942382768e-48
1.087250000000000000e+03 5.567898543303736257e-49
1.087500000000000000e+03 2.052510461788507288e-49
1.087750000000000000e+03 1.631922533415509327e-49
1.088000000000000000e+03 1.351538491301935579e-49
1.088250000000000000e+03 1.838404960688462389e-49
1.088500000000000000e+03 1.261548661338123354e-48
1.088750000000000000e+03 1.690022635252994558e-49
1.089000000000000000e+03 5.589103313599531250e-49
1.089250000000000000e+03 3.266469609460630834e-49
1.089500000000000000e+03 2.433784465071902623e-49
1.089750000000000000e+03 2.057545757431067917e-48
1.090000000000000000e+03 7.593280794481240886e-49
1.090250000000000000e+03 1.445595138234780718e-48
1.090500000000000000e+03 5.508957894724698832e-49
1.090750000000000000e+03 7.304098625680124378e-49
1.091000000000000000e+03 1.021263942749808259e-48
1.091250000000000000e+03 8.049931210966759393e-49
1.091500000000000000e+03 6.531809655274593854e-49
1.091750000000000000e+03 4.282447866035277331e-49
1.092000000000000000e+03 1.950316015869292704e-49
1.092250000000000000e+03 3.894872077308745676e-49
1.092500000000000000e+03 1.816770354433657387e-48
1.092750000000000000e+03 2.691656509866604195e-48
1.093000000000000000e+03 1.126440991700389498e-48
1.093250000000000000e+03 6.040996166414513745e-50
1.093500000000000000e+03 3.496969448108697054e-49
1.093750000000000000e+03 1.552512990359686647e-48
1.094000000000000000e+03 7.878316819673770758e-49
1.094250000000000000e+03 5.221217531254836495e-49
1.094500000000000000e+03 5.539919128555705363e-49
1.094750000000000000e+03 1.382779676381778930e-49
1.095000000000000000e+03 2.389092796669301982e-49
1.095250000000000000e+03 6.271845183643810281e-49
1.095500000000000000e+03 6.136387066723708500e-49
1.095750000000000000e+03 8.062146982087066123e-49
1.096000000000000000e+03 7.689863542747611138e-50
1.096250000000000000e+03 8.779963115149392016e-49
1.096500000000000000e+03 2.629056733227656939e-50
1.096750000000000000e+03 3.739333439625002513e-49
1.097000000000000000e+03 8.659954578629884806e-49
1.097250000000000000e+03 7.443027833765580989e-49
1.097500000000000000e+03 6.007800848782418818e-49
1.097750000000000000e+03 2.628726858778004618e-49
1.098000000000000000e+03 2.525870277803447587e-49
1.098250000000000000e+03 1.151201532222456867e-48
1.098500000000000000e+03 8.992475070534605741e-49
1.098750000000000000e+03 7.861474352010531647e-49
1.099000000000000000e+03 2.014955841200910077e-49
1.099250000000000000e+03 9.068751871273469894e-49
1.099500000000000000e+03 2.954557059690723889e-49
1.099750000000000000e+03 9.419979768890692037e-49
1.100000000000000000e+03 7.690200861451773250e-49
1.100250000000000000e+03 2.177347371674736112e-49
1.100500000000000000e+03 5.721145417032449852e-50
1.100750000000000000e+03 7.125743258562094466e-49
1.101000000000000000e+03 6.812883419341852774e-50
1.101250000000000000e+03 2.621912455648621535e-49
1.101500000000000000e+03 2.715614331940336974e-49
1.101750000000000000e+03 4.389174644423653720e-49
1.102000000000000000e+03 1.432590207443706502e-48
1.102250000000000000e+03 5.026983242892957153e-49
1.102500000000000000e+03 8.842118632693159457e-49
1.102750000000000000e+03 6.743984106710483000e-49
1.103000000000000000e+03 5.738229306725187833e-49
1.103250000000000000e+03 2.206655671292248807e-49
1.103500000000000000e+03 2.240708329966768862e-49
1.103750000000000000e+03 6.575828886957232553e-49
1.104000000000000000e+03 3.762387955887527819e-49
1.104250000000000000e+03 6.845988634011667818e-49
1.104500000000000000e+03 1.312262944516855090e-48
1.104750000000000000e+03 1.196505637487902843e-48
1.105000000000000000e+03 1.252160027484113272e-48
1.105250000000000000e+03 8.365980165221644611e-49
1.105500000000000000e+03 1.014254824397277845e-48
1.105750000000000000e+03 2.202627864451767283e-49
1.106000000000000000e+03 1.735499612687373152e-48
1.106250000000000000e+03 3.258490206887410648e-49
1.106500000000000000e+03 2.558802150371397324e-49
1.106750000000000000e+03 1.720966045988440057e-49
1.107000000000000000e+03 2.815819311684501505e-49
1.107250000000000000e+03 7.050252788561538274e-49
1.107500000000000000e+03 1.194019557299313942e-48
1.107750000000000000e+03 6.172087475017188275e-49
1.108000000000000000e+03 5.105389932637407249e-49
1.108250000000000000e+03 7.981959185661532921e-49
1.108500000000000000e+03 6.177903505305745298e-49
1.108750000000000000e+03 3.799710818213529370e-49
1.109000000000000000e+03 2.673340451074850788e-49
1.109250000000000000e+03 2.542463510573373701e-49
1.109500000000000000e+03 4.305279363708789325e-49
1.109750000000000000e+03 1.814362460267005699e-48
1.110000000000000000e+03 2.287336309520833650e-48
1.110250000000000000e+03 7.824625695037203382e-49
1.110500000000000000e+03 4.414293826094226156e-49
1.110750000000000000e+03 1.151720396851594043e-48
1.111000000000000000e+03 7.625684624504079403e-49
1.111250000000000000e+03 1.190296761044897657e-49
1.111500000000000000e+03 4.587951056684428495e-49
1.111750000000000000e+03 8.155991951212331772e-49
1.112000000000000000e+03 2.393889810251975652e-49
1.112250000000000000e+03 8.375486158361389904e-49
1.112500000000000000e+03 4.610708682088969604e-49
1.112750000000000000e+03 9.313455908955052920e-49
1.113000000000000000e+03 7.055877723345619360e-49
1.113250000000000000e+03 4.226809320628973231e-49
1.113500000000000000e+03 2.507854003939047366e-49
1.113750000000000000e+03 1.112840263764671229e-48
1.114000000000000000e+03 1.280699413405134289e-48
1.114250000000000000e+03 1.200404455222681790e-48
1.114500000000000000e+03 1.397814325244846218e-48
1.114750000000000000e+03 1.007925818501190961e-48
1.115000000000000000e+03 1.079859120663784328e-48
1.115250000000000000e+03 5.754439991803479311e-49
1.115500000000000000e+03 9.495294194086344079e-49
1.115750000000000000e+03 1.015521159049671941e-48
1.116000000000000000e+03 1.676214796190905766e-48
1.116250000000000000e+03 4.030130135948763799e-49
1.116500000000000000e+03 5.068886851060024391e-49
1.116750000000000000e+03 5.612204656155257736e-49
1.117000000000000000e+03 4.124412564875077866e-49
1.117250000000000000e+03 9.128123905049471977e-49
1.117500000000000000e+03 2.597810586809842571e-48
1.117750000000000000e+03 5.611123439952765806e-49
1.118000000000000000e+03 8.233273398269314068e-50
1.118250000000000000e+03 5.586458284864767831e-49
1.118500000000000000e+03 5.789598055356974543e-49
1.118750000000000000e+03 3.610750900922915216e-49
1.119000000000000000e+03 7.210489951176187816e-49
1.119250000000000000e+03 1.155694683626566909e-48
1.119500000000000000e+03 9.716432761629333542e-49
1.119750000000000000e+03 1.172509562332390942e-48
1.120000000000000000e+03 7.100585411519695392e-49
1.120250000000000000e+03 1.495605630616190955e-48
1.120500000000000000e+03 2.900999375201307311e-49
1.120750000000000000e+03 2.778563340967862049e-49
1.121000000000000000e+03 8.919439915004677502e-49
1.121250000000000000e+03 5.495321524078820599e-49
1.121500000000000000e+03 7.330062918106837854e-49
1.121750000000000000e+03 6.345969075457682789e-49
1.122000000000000000e+03 8.034167469711116616e-49
1.122250000000000000e+03 6.730617573272884268e-49
1.122500000000000000e+03 5.350994566672458455e-49
1.122750000000000000e+03 3.076862068508288663e-49
1.123000000000000000e+03 1.125558753991877035e-49
1.123250000000000000e+03 6.520590809625553704e-49
1.123500000000000000e+03 5.675738915056700063e-49
1.123750000000000000e+03 1.139763084560446441e-48
1.124000000000000000e+03 3.838681826313422026e-49
1.124250000000000000e+03 1.525349577825938831e-48
1.124500000000000000e+03 7.022659341163085207e-49
1.124750000000000000e+03 1.307951035924706216e-49
1.125000000000000000e+03 2.807074489300438223e-49
1.125250000000000000e+03 3.919334156249966519e-49
1.125500000000000000e+03 8.719744142800228961e-49
1.125750000000000000e+03 7.802384968686439988e-49
1.126000000000000000e+03 5.529659815700857464e-49
1.126250000000000000e+03 6.032444048434116565e-49
1.126500000000000000e+03 7.058872995405751917e-49
1.126750000000000000e+03 3.085780200635107922e-49
1.127000000000000000e+03 7.306441318742360919e-49
1.127250000000000000e+03 5.725470358789764857e-49
1.127500000000000000e+03 9.923436425827417056e-49
1.127750000000000000e+03 6.130357499521414045e-49
1.128000000000000000e+03 4.281586670841555434e-49
1.128250000000000000e+03 5.442587052176418345e-49
1.128500000000000000e+03 5.031701549293481878e-49
1.128750000000000000e+03 6.514092113199226317e-49
1.129000000000000000e+03 9.711154826035586387e-50
1.129250000000000000e+03 6.051321413747934700e-49
1.129500000000000000e+03 1.019845479998732522e-48
1.129750000000000000e+03 1.337940256266489486e-48
1.130000000000000000e+03 9.387147594216645171e-49
1.130250000000000000e+03 5.597249568829134436e-49
1.130500000000000000e+03 1.901273371261134788e-49
1.130750000000000000e+03 6.710960822920069341e-50
1.131000000000000000e+03 3.634357094332654918e-49
1.131250000000000000e+03 6.420489219199579567e-49
1.131500000000000000e+03 8.597646903924861854e-49
1.131750000000000000e+03 4.616611158530476863e-49
1.132000000000000000e+03 1.873902885079669865e-48
1.132250000000000000e+03 2.449548776084268318e-48
1.132500000000000000e+03 5.208938828256351875e-49
1.132750000000000000e+03 1.735865486547965553e-49
1.133000000000000000e+03 3.360386511364854913e-49
1.133250000000000000e+03 1.620985978121385611e-49
1.133500000000000000e+03 2.644624527865884769e-49
1.133750000000000000e+03 6.183029917976038265e-49
1.134000000000000000e+03 4.713680629360184173e-49
1.134250000000000000e+03 1.195060573342120771e-49
1.134500000000000000e+03 5.758252515561982579e-49
1.134750000000000000e+03 1.583703719141734909e-49
1.135000000000000000e+03 6.871898193425619015e-50
1.135250000000000000e+03 3.851219861652832184e-49
1.135500000000000000e+03 5.305575409066938926e-49
1.135750000000000000e+03 8.021448810813903857e-49
1.136000000000000000e+03 6.504557619042437293e-49
1.136250000000000000e+03 5.230201250445419008e-49
1.136500000000000000e+03 3.983258290784023711e-49
1.136750000000000000e+03 4.048863262275258716e-49
1.137000000000000000e+03 4.021367231410262997e-49
1.137250000000000000e+03 8.135615960128882218e-49
1.137500000000000000e+03 1.338461337114459982e-48
1.137750000000000000e+03 1.156342906027660531e-48
1.138000000000000000e+03 1.278607212093523171e-48
1.138250000000000000e+03 1.944025922975987087e-49
1.138500000000000000e+03 1.394172629548352766e-48
1.138750000000000000e+03 1.428648402206799237e-48
1.139000000000000000e+03 2.535819197863849065e-49
1.139250000000000000e+03 2.378564755768065842e-49
1.139500000000000000e+03 3.326869977859559879e-49
1.139750000000000000e+03 7.387312169051920625e-50
1.140000000000000000e+03 4.772855596932950301e-49
1.140250000000000000e+03 5.969492584910876466e-49
1.140500000000000000e+03 4.338540874851033279e-49
1.140750000000000000e+03 8.596530338347072723e-49
1.141000000000000000e+03 1.003562484754824150e-48
1.141250000000000000e+03 6.111266465129019412e-49
1.141500000000000000e+03 6.732731208708231068e-49
1.141750000000000000e+03 7.770840583591227364e-49
1.142000000000000000e+03 6.103436974370293656e-49
1.142250000000000000e+03 5.587790910743103945e-49
1.142500000000000000e+03 5.079048250113372529e-49
1.142750000000000000e+03 3.267673027744343664e-49
1.143000000000000000e+03 3.437691383943505698e-49
1.143250000000000000e+03 4.067840279684122214e-49
1.143500000000000000e+03 1.014831773088166174e-48
1.143750000000000000e+03 5.358690365485079466e-49
1.144000000000000000e+03 8.280662106716438615e-50
1.144250000000000000e+03 9.505172693564352189e-49
1.144500000000000000e+03 4.743150468313425133e-49
1.144750000000000000e+03 3.885112744415995599e-49
1.145000000000000000e+03 6.841492897756630092e-49
1.145250000000000000e+03 3.611125335724229613e-49
1.145500000000000000e+03 7.017548471839057572e-50
1.145750000000000000e+03 3.132747873328271010e-49
1.146000000000000000e+03 8.667597421693159940e-49
1.146250000000000000e+03 9.159939181670640423e-49
1.146500000000000000e+03 5.310112361744609453e-49
1.146750000000000000e+03 1.131314353577704225e-49
1.147000000000000000e+03 5.662446161646976271e-49
1.147250000000000000e+03 1.340475096886485438e-48
1.147500000000000000e+03 5.959615485760289813e-49
1.147750000000000000e+03 1.541784626470703516e-48
1.148000000000000000e+03 7.127501140009751470e-49
1.148250000000000000e+03 1.083152607432728208e-48
1.148500000000000000e+03 1.005616577441540552e-48
1.148750000000000000e+03 4.073068891351622013e-49
1.149000000000000000e+03 1.559187655941739822e-48
1.149250000000000000e+03 8.480707194361013919e-49
1.149500000000000000e+03 4.050911063828167745e-49
1.149750000000000000e+03 4.801939263237174429e-49
1.150000000000000000e+03 1.221089818400068671e-49
1.150250000000000000e+03 4.309588334543769893e-50
1.150500000000000000e+03 4.472445486689662347e-49
1.150750000000000000e+03 4.679555629662233568e-49
1.151000000000000000e+03 3.495285704630871079e-49
1.151250000000000000e+03 2.628187500758656161e-49
1.151500000000000000e+03 9.241801729739357351e-49
1.151750000000000000e+03 3.802123625607247357e-49
1.152000000000000000e+03 7.351382942977154502e-49
1.152250000000000000e+03 4.407064033972817739e-49
1.152500000000000000e+03 1.450907446076682765e-48
1.152750000000000000e+03 1.109847674116290959e-49
1.153000000000000000e+03 2.183228035436544503e-49
1.153250000000000000e+03 1.640332992621850086e-49
1.153500000000000000e+03 5.271425300156356597e-49
1.153750000000000000e+03 2.682310757022358828e-49
1.154000000000000000e+03 1.104055295011268400e-48
1.154250000000000000e+03 9.328367473964711727e-49
1.154500000000000000e+03 2.880495529906427088e-49
1.154750000000000000e+03 1.263025316708136826e-48
1.155000000000000000e+03 5.485961606884956494e-49
1.155250000000000000e+03 1.375658722944363962e-49
1.155500000000000000e+03 2.763999791105247113e-49
1.155750000000000000e+03 2.030514530201794187e-49
1.156000000000000000e+03 4.315770115324528580e-49
1.156250000000000000e+03 1.116640498974164995e-48
1.156500000000000000e+03 1.135587484213890839e-48
1.156750000000000000e+03 2.272990017207405627e-48
1.157000000000000000e+03 6.335634451061866420e-49
1.157250000000000000e+03 1.091494653955548160e-48
1.157500000000000000e+03 4.689840545422964532e-49
1.157750000000000000e+03 3.572602645856609709e-49
1.158000000000000000e+03 1.017121575493812294e-48
1.158250000000000000e+03 1.985927570004618082e-48
1.158500000000000000e+03 1.038442923812620355e-48
1.158750000000000000e+03 8.416790551821672815e-50
1.159000000000000000e+03 4.145193836878701177e-49
1.159250000000000000e+03 3.351078064881818937e-49
1.159500000000000000e+03 1.675426569350471791e-48
1.159750000000000000e+03 7.048131801977118426e-49
1.160000000000000000e+03 3.459797082677863269e-49
1.160250000000000000e+03 7.581824873836757500e-50
1.160500000000000000e+03 2.671192453954444195e-49
1.160750000000000000e+03 2.365230116852348480e-49
1.161000000000000000e+03 1.284538265991772819e-48
1.161250000000000000e+03 5.640701079504161915e-49
1.161500000000000000e+03 1.579905208947131710e-48
1.161750000000000000e+03 1.301858569499719508e-48
1.162000000000000000e+03 8.329653361903102290e-49
1.162250000000000000e+03 1.101754603891422869e-48
1.162500000000000000e+03 1.178879856117966477e-48
1.162750000000000000e+03 8.803898996594528694e-49
1.163000000000000000e+03 1.703241427289274555e-49
1.163250000000000000e+03 3.804830235555561904e-49
1.163500000000000000e+03 1.330258750048394945e-48
1.163750000000000000e+03 1.455054015657030088e-48
1.164000000000000000e+03 6.776739233601851497e-49
1.164250000000000000e+03 1.094100731498584956e-48
1.164500000000000000e+03 8.067764756423736062e-49
1.164750000000000000e+03 3.391639339807577301e-49
1.165000000000000000e+03 2.019754440397791873e-49
1.165250000000000000e+03 7.057527404391691123e-49
1.165500000000000000e+03 2.622744396422519617e-49
1.165750000000000000e+03 1.639020435064805617e-48
1.166000000000000000e+03 1.164367785584333561e-48
1.166250000000000000e+03 9.327219351369311211e-49
1.166500000000000000e+03 5.407622733283418919e-49
1.166750000000000000e+03 1.324610592930848428e-48
1.167000000000000000e+03 2.071520609194927659e-48
1.167250000000000000e+03 1.435393218573666050e-48
1.167500000000000000e+03 1.457102160613464945e-48
1.167750000000000000e+03 6.361109277726013168e-49
1.168000000000000000e+03 1.987175794554404493e-49
1.168250000000000000e+03 5.889055732328713154e-49
1.168500000000000000e+03 1.148312004566065596e-48
1.168750000000000000e+03 5.834773297019185534e-49
1.169000000000000000e+03 9.087979164982685418e-49
1.169250000000000000e+03 4.812443932902054358e-49
1.169500000000000000e+03 2.090450209997599318e-49
1.169750000000000000e+03 2.934148441612985255e-49
1.170000000000000000e+03 5.268222817777030927e-49
1.170250000000000000e+03 7.881113029678334933e-49
1.170500000000000000e+03 4.283211526214294512e-49
1.170750000000000000e+03 8.892360032033065484e-49
1.171000000000000000e+03 1.745936509244800298e-49
1.171250000000000000e+03 7.024715345163628731e-49
1.171500000000000000e+03 4.114502709250273969e-49
1.171750000000000000e+03 1.144759438283587568e-48
1.172000000000000000e+03 2.504238376171904155e-49
1.172250000000000000e+03 1.593733194764010204e-49
1.172500000000000000e+03 4.689699226064136796e-49
1.172750000000000000e+03 4.868566569643289509e-49
1.173000000000000000e+03 5.218344027330527999e-49
1.173250000000000000e+03 2.011362552718427048e-49
1.173500000000000000e+03 1.094905812014619933e-49
1.173750000000000000e+03 1.446390632274585955e-49
1.174000000000000000e+03 4.949080058560789066e-50
1.174250000000000000e+03 1.921035172652934209e-49
1.174500000000000000e+03 1.087625820248463624e-48
1.174750000000000000e+03 1.188254197296996385e-49
1.175000000000000000e+03 1.659531757114969128e-48
1.175250000000000000e+03 1.007863346742899937e-48
1.175500000000000000e+03 5.156749673138440660e-49
1.175750000000000000e+03 3.274000382804076637e-49
1.176000000000000000e+03 1.324028067879791162e-49
1.176250000000000000e+03 4.967376874033302835e-49
1.176500000000000000e+03 6.921760833907752039e-49
1.176750000000000000e+03 1.630157621814680933e-49
1.177000000000000000e+03 1.296004032297720408e-49
1.177250000000000000e+03 4.583571031651383655e-49
1.177500000000000000e+03 4.834911757668817948e-49
1.177750000000000000e+03 1.485120862277434705e-48
1.178000000000000000e+03 6.873816974639405970e-49
1.178250000000000000e+03 2.790956486507998418e-49
1.178500000000000000e+03 1.585250462669842692e-49
1.178750000000000000e+03 1.472376486913568124e-49
1.179000000000000000e+03 3.038464376759893718e-49
1.179250000000000000e+03 2.723196724025689835e-49
1.179500000000000000e+03 1.612574578135613408e-49
1.179750000000000000e+03 4.246697401465816108e-49
1.180000000000000000e+03 1.510567402963530503e-49
1.180250000000000000e+03 1.345748953066639923e-49
1.180500000000000000e+03 4.189595924894334841e-49
1.180750000000000000e+03 5.130108086039565605e-49
1.181000000000000000e+03 1.135206262913254812e-48
1.181250000000000000e+03 1.729386300679292905e-48
1.181500000000000000e+03 5.829178718257243833e-49
1.181750000000000000e+03 1.250333318368802386e-48
1.182000000000000000e+03 5.993744430553699052e-49
1.182250000000000000e+03 3.423371522251094187e-49
1.182500000000000000e+03 6.626013066740121009e-50
1.182750000000000000e+03 2.484451476132390194e-49
1.183000000000000000e+03 1.206542230744411216e-49
1.183250000000000000e+03 2.416416381320167674e-49
1.183500000000000000e+03 6.395612022128644597e-49
1.183750000000000000e+03 3.405593200083131713e-49
1.184000000000000000e+03 5.181668380478721948e-49
1.184250000000000000e+03 5.277747234914031417e-49
1.184500000000000000e+03 5.583365493518915407e-49
1.184750000000000000e+03 4.644929337727170227e-49
1.185000000000000000e+03 1.373283246413483876e-48
1.185250000000000000e+03 9.556892985198128035e-49
1.185500000000000000e+03 6.641446979815905549e-49
1.185750000000000000e+03 5.481318143003446416e-49
1.186000000000000000e+03 2.334561253683386074e-49
1.186250000000000000e+03 2.601786052753743057e-48
1.186500000000000000e+03 6.997864674842216851e-49
1.186750000000000000e+03 3.755626276923194293e-49
1.187000000000000000e+03 4.664106091284896206e-49
1.187250000000000000e+03 2.317942936470488060e-49
1.187500000000000000e+03 3.234690430536881074e-49
1.187750000000000000e+03 3.511559828693303045e-49
1.188000000000000000e+03 4.949355310118850780e-49
1.188250000000000000e+03 7.546306171768748776e-49
1.188500000000000000e+03 9.834421606105655020e-49
1.188750000000000000e+03 3.822442122355986429e-49
1.189000000000000000e+03 2.946333258067708031e-49
1.189250000000000000e+03 2.808534001019022647e-49
1.189500000000000000e+03 3.008465513194247006e-49
1.189750000000000000e+03 9.463642246524768165e-49
1.190000000000000000e+03 4.311596923902312698e-49
1.190250000000000000e+03 2.537088459200427776e-49
1.190500000000000000e+03 5.085827056502487170e-49
1.190750000000000000e+03 8.389458621061931949e-49
1.191000000000000000e+03 1.099910940543212491e-48
1.191250000000000000e+03 7.002448855253935111e-49
1.191500000000000000e+03 3.370088425717077631e-49
1.191750000000000000e+03 3.076581377863471695e-49
1.192000000000000000e+03 1.102024972110820274e-48
1.192250000000000000e+03 6.581291742774300367e-49
1.192500000000000000e+03 1.043193765622480959e-48
1.192750000000000000e+03 8.707497937430199442e-49
1.193000000000000000e+03 1.013108860825972974e-48
1.193250000000000000e+03 5.200445566104906243e-49
1.193500000000000000e+03 2.214604297648997695e-49
1.193750000000000000e+03 2.182578026821766651e-49
1.194000000000000000e+03 4.811285527404520745e-49
1.194250000000000000e+03 1.629538607067745523e-49
1.194500000000000000e+03 6.097396593273999589e-49
1.194750000000000000e+03 1.257310434487553833e-48
1.195000000000000000e+03 8.679224733889685955e-49
1.195250000000000000e+03 9.101055839346495577e-49
1.195500000000000000e+03 2.916991625238757036e-49
1.195750000000000000e+03 2.726288919380430437e-49
1.196000000000000000e+03 4.720357703149901599e-49
1.196250000000000000e+03 5.454749056067101578e-49
1.196500000000000000e+03 1.465591653968535230e-49
1.196750000000000000e+03 4.249879371203279243e-49
1.197000000000000000e+03 1.856666786664851081e-49
1.197250000000000000e+03 3.091843933575889998e-49
1.197500000000000000e+03 8.753692986711665437e-49
1.197750000000000000e+03 2.203258031215741466e-49
1.198000000000000000e+03 2.143676159733274984e-49
1.198250000000000000e+03 9.305782637676590093e-49
1.198500000000000000e+03 1.358446314768273890e-48
1.198750000000000000e+03 6.215240244234797510e-49
1.199000000000000000e+03 6.312675474302647583e-49
1.199250000000000000e+03 2.921356006841021498e-49
1.199500000000000000e+03 4.190268461547813596e-50
1.199750000000000000e+03 8.557261857554569074e-49
1.200000000000000000e+03 5.108576663942511682e-49
1.200250000000000000e+03 2.257484889271225648e-49
1.200500000000000000e+03 4.676618966848484383e-49
1.200750000000000000e+03 5.353179718298396411e-49
1.201000000000000000e+03 1.732196200251381689e-49
1.201250000000000000e+03 4.882197330956957033e-49
1.201500000000000000e+03 5.347325194640117662e-49
1.201750000000000000e+03 1.542882571482102774e-49
1.202000000000000000e+03 1.694495010826040264e-49
1.202250000000000000e+03 1.935171533089979061e-49
1.202500000000000000e+03 4.603018475664261046e-49
1.202750000000000000e+03 7.093528124827542429e-49
1.203000000000000000e+03 4.331554232855856569e-49
1.203250000000000000e+03 3.747231500873506302e-49
1.203500000000000000e+03 1.071213317234936407e-49
1.203750000000000000e+03 6.589532728590533059e-50
1.204000000000000000e+03 4.542126891503367103e-49
1.204250000000000000e+03 3.326248951796778199e-49
1.204500000000000000e+03 4.387360922753140794e-49
1.204750000000000000e+03 2.170649768707127047e-49
1.205000000000000000e+03 7.635571308503105750e-49
1.205250000000000000e+03 1.337129564284782488e-49
1.205500000000000000e+03 6.116456437097154138e-49
1.205750000000000000e+03 4.640192960589891721e-49
1.206000000000000000e+03 2.371336028945146543e-49
1.206250000000000000e+03 2.733994092081303229e-49
1.206500000000000000e+03 2.619920021380181361e-49
1.206750000000000000e+03 5.553570197599990419e-49
1.207000000000000000e+03 2.563505023316301167e-49
1.207250000000000000e+03 1.940107021786738146e-49
1.207500000000000000e+03 4.790921449267910373e-49
1.207750000000000000e+03 7.036443209825812671e-49
1.208000000000000000e+03 3.513766407063879526e-49
1.208250000000000000e+03 6.967827073318094034e-49
1.208500000000000000e+03 2.722804944640959585e-49
1.208750000000000000e+03 2.948662202181632281e-49
1.209000000000000000e+03 3.844551534479944815e-49
1.209250000000000000e+03 4.567428748949212444e-49
1.209500000000000000e+03 3.704994748506639688e-49
1.209750000000000000e+03 1.036723616747375246e-49
1.210000000000000000e+03 1.338174919053794213e-49
1.210250000000000000e+03 1.021997605388840474e-49
1.210500000000000000e+03 7.672989774614165242e-49
1.210750000000000000e+03 4.215719210286712544e-49
1.211000000000000000e+03 3.675995501193641200e-49
1.211250000000000000e+03 3.122439522291733045e-49
1.211500000000000000e+03 1.576125856011922519e-48
1.211750000000000000e+03 2.505665210144058079e-49
1.212000000000000000e+03 2.977880239397708334e-49
1.212250000000000000e+03 3.027575055057728244e-49
1.212500000000000000e+03 2.113507368465871279e-49
1.212750000000000000e+03 1.111325667980613487e-48
1.213000000000000000e+03 1.090092529489500948e-48
1.213250000000000000e+03 6.679185634095215373e-49
1.213500000000000000e+03 3.829603895149427465e-49
1.213750000000000000e+03 1.916501830311349015e-49
1.214000000000000000e+03 6.660327441254517038e-49
1.214250000000000000e+03 7.336220072187368781e-49
1.214500000000000000e+03 7.244885311813338274e-49
1.214750000000000000e+03 8.235987852186799467e-49
1.215000000000000000e+03 2.337328915175983362e-49
1.215250000000000000e+03 5.172639263476933060e-49
1.215500000000000000e+03 4.951168081729455457e-49
1.215750000000000000e+03 3.462401354091427481e-49
1.216000000000000000e+03 3.896185077766737271e-49
1.216250000000000000e+03 4.165624938886761186e-50
1.216500000000000000e+03 1.339128614907702849e-49
1.216750000000000000e+03 4.815005182116709260e-49
1.217000000000000000e+03 3.652087116573863461e-49
1.217250000000000000e+03 7.550838520593834213e-49
1.217500000000000000e+03 2.725884143240796518e-49
1.217750000000000000e+03 3.240354612988624813e-49
1.218000000000000000e+03 1.356365088498057006e-49
1.218250000000000000e+03 1.118186654642174406e-48
1.218500000000000000e+03 1.353221040849439881e-48
1.218750000000000000e+03 1.068037072382271919e-48
1.219000000000000000e+03 1.021126835578195631e-48
1.219250000000000000e+03 7.822805232240200167e-49
1.219500000000000000e+03 2.466619854866174825e-49
1.219750000000000000e+03 2.221543019958499701e-49
1.220000000000000000e+03 6.109244226122936280e-49
1.220250000000000000e+03 1.082285782393806266e-49
1.220500000000000000e+03 1.281602348180086782e-49
1.220750000000000000e+03 2.220593177020551122e-49
1.221000000000000000e+03 1.360425389183970265e-49
1.221250000000000000e+03 2.727239790317459890e-49
1.221500000000000000e+03 6.306203452690442951e-50
1.221750000000000000e+03 3.710067649708617199e-50
1.222000000000000000e+03 2.339416862647067129e-49
1.222250000000000000e+03 9.383744801752090785e-49
1.222500000000000000e+03 6.963356851226330396e-49
1.222750000000000000e+03 1.393915741825837643e-48
1.223000000000000000e+03 2.851533258066557371e-49
1.223250000000000000e+03 6.731991532387621120e-49
1.223500000000000000e+03 3.781549499651130229e-49
1.223750000000000000e+03 1.220929149364417328e-49
1.224000000000000000e+03 1.717929464733804624e-49
1.224250000000000000e+03 7.986013249399809649e-49
1.224500000000000000e+03 2.335156386428795247e-49
1.224750000000000000e+03 3.848651584834569536e-50
1.225000000000000000e+03 6.445319155932178493e-50
1.225250000000000000e+03 9.333599332113272598e-49
1.225500000000000000e+03 4.177772187646782269e-49
1.225750000000000000e+03 4.279744514659992797e-49
1.226000000000000000e+03 5.590469235920251087e-49
1.226250000000000000e+03 2.497757768677773168e-49
1.226500000000000000e+03 3.202089536814927212e-49
1.226750000000000000e+03 1.629118980594319209e-49
1.227000000000000000e+03 8.788468457184091199e-50
1.227250000000000000e+03 1.004815426895495276e-49
1.227500000000000000e+03 8.632331208113726563e-50
1.227750000000000000e+03 7.309049662394413585e-49
1.228000000000000000e+03 1.719756158231554388e-49
1.228250000000000000e+03 2.599149102784808547e-49
1.228500000000000000e+03 1.458712408604087968e-49
1.228750000000000000e+03 1.625571652401221708e-49
1.229000000000000000e+03 2.227515406838034188e-49
1.229250000000000000e+03 4.835677230659490969e-49
1.229500000000000000e+03 5.298008874544484952e-49
1.229750000000000000e+03 6.740194302926662369e-49
1.230000000000000000e+03 3.052771830996132949e-49
1.230250000000000000e+03 5.203240277777452569e-49
1.230500000000000000e+03 1.106795956722200725e-49
1.230750000000000000e+03 1.279765199385682329e-49
1.231000000000000000e+03 6.106813422707773383e-49
1.231250000000000000e+03 3.802544049871702893e-49
1.231500000000000000e+03 4.631469875747803166e-49
1.231750000000000000e+03 5.262440149379968370e-49
1.232000000000000000e+03 1.410257405304370604e-48
1.232250000000000000e+03 5.757970849762268372e-49
1.232500000000000000e+03 8.912419522225394542e-49
1.232750000000000000e+03 1.943505351354817739e-49
1.233000000000000000e+03 1.336734719127172695e-48
1.233250000000000000e+03 3.545152492285519297e-49
1.233500000000000000e+03 1.778310502525797804e-49
1.233750000000000000e+03 1.459039065900748117e-48
1.234000000000000000e+03 1.609139074558966905e-48
1.234250000000000000e+03 9.438806853714406461e-49
1.234500000000000000e+03 4.167497719851122115e-49
1.234750000000000000e+03 2.632683200588654234e-49
1.235000000000000000e+03 6.242743487095099441e-49
1.235250000000000000e+03 2.052281310146236406e-49
1.235500000000000000e+03 5.257128810431269721e-49
1.235750000000000000e+03 8.800722385121873773e-49
1.236000000000000000e+03 1.035550943810875013e-48
1.236250000000000000e+03 6.734355254098630492e-49
1.236500000000000000e+03 2.864716812310050185e-49
1.236750000000000000e+03 1.816884514776106051e-49
1.237000000000000000e+03 1.436788168138585879e-49
1.237250000000000000e+03 1.006040899987806800e-49
1.237500000000000000e+03 5.909404375815823772e-49
1.237750000000000000e+03 8.797547089304160595e-49
1.238000000000000000e+03 7.296070402729670534e-49
1.238250000000000000e+03 4.698866777074212989e-49
1.238500000000000000e+03 2.620470187634631778e-49
1.238750000000000000e+03 4.086525886820514708e-49
1.239000000000000000e+03 5.126648016096971484e-49
1.239250000000000000e+03 4.028641932004015027e-49
1.239500000000000000e+03 2.569021154461320421e-49
1.239750000000000000e+03 2.179874799093992143e-49
1.240000000000000000e+03 6.099540984042411911e-49
1.240250000000000000e+03 3.565138325372417841e-49
1.240500000000000000e+03 1.104048101881268797e-48
1.240750000000000000e+03 3.301095089425187740e-49
1.241000000000000000e+03 4.846827350797259761e-49
1.241250000000000000e+03 2.507556241107489476e-49
1.241500000000000000e+03 4.640301667959077744e-49
1.241750000000000000e+03 1.109813446503743997e-48
1.242000000000000000e+03 8.735743180284941628e-49
1.242250000000000000e+03 5.448860768845833709e-49
1.242500000000000000e+03 9.370538641316985955e-49
1.242750000000000000e+03 5.095280046655485508e-49
1.243000000000000000e+03 2.074018720791994914e-49
1.243250000000000000e+03 1.117262624584773138e-49
1.243500000000000000e+03 8.213156163464015054e-50
1.243750000000000000e+03 6.925951656703831894e-49
1.244000000000000000e+03 4.928706640875519403e-49
1.244250000000000000e+03 5.261381694906567135e-49
1.244500000000000000e+03 2.285331522705673420e-49
1.244750000000000000e+03 3.964245278322296201e-49
1.245000000000000000e+03 3.217581194547302827e-49
1.245250000000000000e+03 3.709465326025079233e-49
1.245500000000000000e+03 6.363143665336591078e-49
1.245750000000000000e+03 3.144227249172429037e-49
1.246000000000000000e+03 4.953531163861096715e-49
1.246250000000000000e+03 1.499773386326448032e-48
1.246500000000000000e+03 9.210800449870106463e-49
1.246750000000000000e+03 5.595193488457122847e-49
1.247000000000000000e+03 4.263709940909697587e-49
1.247250000000000000e+03 2.647972658250107285e-49
1.247500000000000000e+03 8.004772355586105650e-49
1.247750000000000000e+03 5.346607249786251243e-49
1.248000000000000000e+03 1.403472588420292316e-49
1.248250000000000000e+03 4.073561658203092343e-49
1.248500000000000000e+03 1.627629245471156550e-49
1.248750000000000000e+03 5.175694296039209158e-49
1.249000000000000000e+03 2.849055915939293279e-49
1.249250000000000000e+03 4.383864206793917331e-49
1.249500000000000000e+03 5.774651855313621099e-49
1.249750000000000000e+03 1.093297571921876309e-48
1.250000000000000000e+03 1.394834139769018144e-49
1.250250000000000000e+03 1.516813662862902345e-49
1.250500000000000000e+03 1.153223738864603007e-49
1.250750000000000000e+03 1.180830517481706891e-48
1.251000000000000000e+03 2.088891565566832191e-49
1.251250000000000000e+03 1.243963246672141160e-49
1.251500000000000000e+03 8.555117244725027233e-50
1.251750000000000000e+03 3.012850584067776947e-49
1.252000000000000000e+03 1.444816958807054523e-49
1.252250000000000000e+03 2.953575851514588340e-49
1.252500000000000000e+03 3.448787159442194256e-49
1.252750000000000000e+03 4.023533645415858871e-49
1.253000000000000000e+03 2.533297241598191830e-49
1.253250000000000000e+03 1.612993621868837722e-49
1.253500000000000000e+03 3.256634869131581933e-49
1.253750000000000000e+03 2.585379927869113671e-49
1.254000000000000000e+03 2.947025343833999272e-49
1.254250000000000000e+03 7.503132730186338179e-49
1.254500000000000000e+03 5.587159493955307905e-49
1.254750000000000000e+03 2.878876601759508947e-49
1.255000000000000000e+03 2.849625540527809479e-50
1.255250000000000000e+03 1.166260188871632174e-49
1.255500000000000000e+03 2.825920898827880157e-49
1.255750000000000000e+03 3.603647811886308285e-49
1.256000000000000000e+03 2.919327952192893774e-49
1.256250000000000000e+03 1.588130457955926464e-48
1.256500000000000000e+03 8.953110444722310987e-49
1.256750000000000000e+03 2.156262040199348019e-49
1.257000000000000000e+03 5.830819907477302213e-49
1.257250000000000000e+03 7.065453292149540496e-49
1.257500000000000000e+03 3.400672353106736788e-49
1.257750000000000000e+03 2.460966396510638339e-50
1.258000000000000000e+03 2.581116599818862050e-50
1.258250000000000000e+03 7.717428249234842694e-49
1.258500000000000000e+03 9.493174554685435595e-49
1.258750000000000000e+03 3.789521451895740063e-49
1.259000000000000000e+03 3.474288253927818731e-49
1.259250000000000000e+03 1.750884372331401563e-49
1.259500000000000000e+03 1.121875414601570381e-49
1.259750000000000000e+03 2.752941248139517390e-49
1.260000000000000000e+03 1.373917517562494673e-49
1.260250000000000000e+03 7.025266836206577903e-50
1.260500000000000000e+03 2.477500934493261619e-49
1.260750000000000000e+03 2.060605612774693399e-49
1.261000000000000000e+03 1.635781617212282695e-49
1.261250000000000000e+03 1.521515349755984876e-49
1.261500000000000000e+03 4.591064717205261907e-49
1.261750000000000000e+03 3.602859730561240515e-49
1.262000000000000000e+03 4.866009338261844540e-49
1.262250000000000000e+03 6.415374841261241240e-50
1.262500000000000000e+03 1.397134319387257751e-49
1.262750000000000000e+03 7.106454399430441023e-49
1.263000000000000000e+03 3.080925894131049260e-49
1.263250000000000000e+03 4.571027458558453182e-49
1.263500000000000000e+03 5.561327083112788905e-49
1.263750000000000000e+03 3.217857449010123583e-49
1.264000000000000000e+03 4.205432408478294904e-49
1.264250000000000000e+03 4.476268993302630886e-49
1.264500000000000000e+03 5.545695643825724028e-49
1.264750000000000000e+03 8.271942648003283251e-49
1.265000000000000000e+03 7.718203117622426022e-49
1.265250000000000000e+03 5.477099974510768641e-49
1.265500000000000000e+03 6.268009125209438783e-49
1.265750000000000000e+03 2.501004170449324266e-50
1.266000000000000000e+03 9.166360725146456659e-50
1.266250000000000000e+03 1.113903020255646043e-49
1.266500000000000000e+03 5.876980566487028624e-49
1.266750000000000000e+03 6.985772318994369532e-49
1.267000000000000000e+03 5.107479902636295370e-49
1.267250000000000000e+03 3.354954208473979290e-49
1.267500000000000000e+03 3.964164154539271824e-49
1.267750000000000000e+03 3.180393623586624912e-49
1.268000000000000000e+03 2.603731980626448171e-49
1.268250000000000000e+03 1.640893824604312150e-49
1.268500000000000000e+03 2.512700412418399684e-49
1.268750000000000000e+03 3.959595189376838262e-49
1.269000000000000000e+03 6.833978045594956660e-49
1.269250000000000000e+03 1.047144390166344671e-48
1.269500000000000000e+03 5.021287788480002230e-49
1.269750000000000000e+03 2.132418103360365714e-49
1.270000000000000000e+03 1.873023504163883734e-49
1.270250000000000000e+03 4.703490094273140966e-49
1.270500000000000000e+03 2.669132333417476563e-49
1.270750000000000000e+03 2.047949780261183915e-49
1.271000000000000000e+03 1.703366338032213288e-49
1.271250000000000000e+03 4.729779979618924472e-49
1.271500000000000000e+03 4.309231276664207607e-49
1.271750000000000000e+03 4.046360213534770023e-49
1.272000000000000000e+03 1.795760744675926275e-49
1.272250000000000000e+03 2.854170459540967609e-49
1.272500000000000000e+03 4.055601373419981865e-49
1.272750000000000000e+03 5.640463779998257217e-49
1.273000000000000000e+03 5.074707464963294872e-49
1.273250000000000000e+03 8.185109491730600803e-50
1.273500000000000000e+03 2.081008689049262496e-49
1.273750000000000000e+03 3.319648304345373598e-49
1.274000000000000000e+03 3.752609981450258147e-49
1.274250000000000000e+03 1.046236703857837113e-48
1.274500000000000000e+03 6.311886451623192882e-49
1.274750000000000000e+03 3.543659922401960581e-49
1.275000000000000000e+03 1.611904486897887266e-49
1.275250000000000000e+03 3.481690032767322731e-49
1.275500000000000000e+03 4.939368573956048892e-49
1.275750000000000000e+03 2.533726584142702612e-49
1.276000000000000000e+03 3.604343732770141466e-49
1.276250000000000000e+03 2.825219146373159005e-49
1.276500000000000000e+03 1.933651266619754043e-50
1.276750000000000000e+03 1.262406939584456443e-48
1.277000000000000000e+03 7.223044528061809527e-49
1.277250000000000000e+03 6.593411976788963200e-50
1.277500000000000000e+03 2.704086514977175902e-49
1.277750000000000000e+03 5.287366064875376594e-49
1.278000000000000000e+03 5.532911302586201503e-49
1.278250000000000000e+03 5.759886488500669438e-49
1.278500000000000000e+03 2.859722049181017931e-49
1.278750000000000000e+03 4.958799120888630277e-49
1.279000000000000000e+03 2.694946629819003965e-49
1.279250000000000000e+03 6.299215340727133867e-49
1.279500000000000000e+03 5.706382659734390004e-49
1.279750000000000000e+03 6.564687969774002917e-49
1.280000000000000000e+03 3.555022439994924798e-49
1.280250000000000000e+03 6.554727815565812086e-49
1.280500000000000000e+03 6.277957547849530342e-50
1.280750000000000000e+03 2.255567342420646448e-49
1.281000000000000000e+03 7.992842525136854232e-49
1.281250000000000000e+03 2.974924433850874727e-49
1.281500000000000000e+03 2.352493223764115326e-49
1.281750000000000000e+03 1.982093967323703113e-49
1.282000000000000000e+03 2.079875299588585543e-49
1.282250000000000000e+03 2.782854475489191294e-49
1.282500000000000000e+03 2.503960461669260981e-49
1.282750000000000000e+03 1.120355056439745816e-49
1.283000000000000000e+03 4.038112722562665346e-49
1.283250000000000000e+03 6.499864933400737680e-49
1.283500000000000000e+03 4.468986529402206040e-49
1.283750000000000000e+03 6.289308380628974094e-49
1.284000000000000000e+03 7.496803002362445951e-49
1.284250000000000000e+03 2.057888951221242659e-49
1.284500000000000000e+03 4.496268194565095020e-49
1.284750000000000000e+03 2.539061414232655180e-49
1.285000000000000000e+03 2.713685897700998553e-49
1.285250000000000000e+03 8.666993592164205286e-49
1.285500000000000000e+03 4.756197389604350491e-49
1.285750000000000000e+03 3.188353403741869961e-49
1.286000000000000000e+03 3.136058641141167630e-49
1.286250000000000000e+03 5.175598872655286345e-49
1.286500000000000000e+03 2.688040366024714581e-49
1.286750000000000000e+03 1.927699903909110243e-49
1.287000000000000000e+03 6.585557188344316936e-50
1.287250000000000000e+03 2.896186280337815158e-49
1.287500000000000000e+03 2.940410352980175948e-49
1.287750000000000000e+03 8.695385075379465601e-50
1.288000000000000000e+03 3.444990208004474600e-49
1.288250000000000000e+03 7.253156764305288534e-49
1.288500000000000000e+03 3.416291248510931492e-49
1.288750000000000000e+03 4.039481803206471787e-49
1.289000000000000000e+03 4.333342505273704906e-49
1.289250000000000000e+03 1.226863174720663018e-49
1.289500000000000000e+03 2.726375151084622583e-49
1.289750000000000000e+03 1.510065061625459185e-49
1.290000000000000000e+03 6.436338247522307236e-49
1.290250000000000000e+03 2.164208610836778964e-49
1.290500000000000000e+03 3.043569206993059276e-49
1.290750000000000000e+03 5.241710473943787550e-49
1.291000000000000000e+03 2.706582384346583207e-49
1.291250000000000000e+03 6.797439735156686829e-49
1.291500000000000000e+03 1.083094906721254447e-48
1.291750000000000000e+03 7.649491887881968343e-49
1.292000000000000000e+03 3.488281759521551007e-49
1.292250000000000000e+03 5.828164236043218495e-49
1.292500000000000000e+03 5.074304032478135450e-49
1.292750000000000000e+03 2.117078210934998910e-49
1.293000000000000000e+03 5.701162647945018490e-49
1.293250000000000000e+03 6.321955924860482358e-49
1.293500000000000000e+03 5.191806453623826335e-49
1.293750000000000000e+03 1.425790971949995836e-49
1.294000000000000000e+03 5.282562260493032068e-49
1.294250000000000000e+03 5.551325191736421795e-49
1.294500000000000000e+03 2.051170052913465200e-50
1.294750000000000000e+03 2.769395644911017260e-49
1.295000000000000000e+03 1.538328408932524378e-49
1.295250000000000000e+03 4.097996705075223857e-50
1.295500000000000000e+03 2.132483836617900616e-49
1.295750000000000000e+03 8.840419941143816869e-50
1.296000000000000000e+03 2.434856073812157341e-49
1.296250000000000000e+03 3.964408146974070883e-49
1.296500000000000000e+03 4.774037442935417272e-49
1.296750000000000000e+03 1.536483398123911310e-49
1.297000000000000000e+03 2.365508626967161955e-49
1.297250000000000000e+03 4.241029840162323896e-49
1.297500000000000000e+03 4.691073161576008298e-49
1.297750000000000000e+03 9.716931237511598988e-49
1.298000000000000000e+03 8.422773218932861242e-49
1.298250000000000000e+03 4.664374873525085660e-49
1.298500000000000000e+03 5.279494179515249024e-49
1.298750000000000000e+03 7.734567086621385800e-50
1.299000000000000000e+03 3.624267240008789574e-49
1.299250000000000000e+03 8.423297468521540204e-49
1.299500000000000000e+03 5.591809256123503145e-49
1.299750000000000000e+03 3.306803748463886603e-49
1.300000000000000000e+03 5.362592688011026928e-49
1.300250000000000000e+03 4.376463118770863029e-49
1.300500000000000000e+03 5.182444283369191443e-49
1.300750000000000000e+03 2.217496478469906165e-49
1.301000000000000000e+03 2.603203289062616373e-49
1.301250000000000000e+03 1.965463734360382448e-49
1.301500000000000000e+03 4.933107583753996123e-49
1.301750000000000000e+03 4.908754469019972246e-49
1.302000000000000000e+03 6.692589590561947338e-49
1.302250000000000000e+03 5.137378963695828942e-49
1.302500000000000000e+03 8.530450055693943545e-49
1.302750000000000000e+03 1.422460155199746252e-48
1.303000000000000000e+03 5.413949410668863078e-50
1.303250000000000000e+03 5.174460180114608458e-50
1.303500000000000000e+03 1.361904964256833502e-49
1.303750000000000000e+03 4.772568203075643932e-49
1.304000000000000000e+03 7.571160796784850475e-49
1.304250000000000000e+03 5.348303157715567001e-49
1.304500000000000000e+03 7.362061866361275441e-49
1.304750000000000000e+03 1.134324628933597554e-48
1.305000000000000000e+03 1.193494106920997071e-49
1.305250000000000000e+03 9.463482735724093267e-50
1.305500000000000000e+03 4.276118190069206384e-49
1.305750000000000000e+03 6.144209664051219174e-49
1.306000000000000000e+03 4.742456337173315631e-49
1.306250000000000000e+03 1.029526844807162699e-48
1.306500000000000000e+03 9.915122398012359486e-49
1.306750000000000000e+03 5.137916736620519642e-49
1.307000000000000000e+03 1.072299623042863636e-49
1.307250000000000000e+03 4.260554084545735953e-49
1.307500000000000000e+03 1.718915430885863221e-49
1.307750000000000000e+03 4.516308470836563744e-50
1.308000000000000000e+03 1.367160996972060461e-49
1.308250000000000000e+03 1.166688654721317526e-49
1.308500000000000000e+03 8.801935474725446259e-49
1.308750000000000000e+03 1.911964677932602509e-49
1.309000000000000000e+03 8.137675550222749668e-49
1.309250000000000000e+03 5.677444328667635120e-49
1.309500000000000000e+03 4.437612196258075085e-49
1.309750000000000000e+03 8.513029125840586237e-49
1.310000000000000000e+03 4.202093610007485621e-49
1.310250000000000000e+03 4.555759536163587033e-49
1.310500000000000000e+03 5.404169583546512029e-50
1.310750000000000000e+03 1.268593108440869645e-49
1.311000000000000000e+03 1.020890474680980365e-49
1.311250000000000000e+03 3.726900044348075110e-49
1.311500000000000000e+03 2.067257894256136143e-49
1.311750000000000000e+03 8.814428973182553244e-49
1.312000000000000000e+03 1.549213437365274208e-48
1.312250000000000000e+03 1.759270573647816423e-49
1.312500000000000000e+03 4.345135910648710887e-49
1.312750000000000000e+03 3.622755048192394911e-49
1.313000000000000000e+03 5.584034805854327106e-50
1.313250000000000000e+03 1.613940770243246908e-49
1.313500000000000000e+03 3.061259421884349787e-49
1.313750000000000000e+03 9.403329791986615206e-50
1.314000000000000000e+03 4.478429883969503958e-49
1.314250000000000000e+03 1.855111069641781150e-49
1.314500000000000000e+03 2.993392159086611832e-49
1.314750000000000000e+03 2.242893517170580783e-49
1.315000000000000000e+03 7.354372024794773757e-50
1.315250000000000000e+03 5.435686055063917879e-49
1.315500000000000000e+03 2.714450646027321850e-49
1.315750000000000000e+03 2.670690558999871661e-49
1.316000000000000000e+03 1.341558865820100513e-49
1.316250000000000000e+03 2.417758535058268514e-49
1.316500000000000000e+03 1.286225809151593821e-49
1.316750000000000000e+03 3.669903287361264439e-49
1.317000000000000000e+03 3.869564034316148297e-49
1.317250000000000000e+03 5.554598538160652379e-49
1.317500000000000000e+03 5.762212151314353753e-49
1.317750000000000000e+03 2.460792748571175258e-49
1.318000000000000000e+03 2.200794093384619773e-49
1.318250000000000000e+03 4.236947752887255773e-49
1.318500000000000000e+03 5.737075297892080982e-49
1.318750000000000000e+03 5.585662155881479620e-49
1.319000000000000000e+03 1.507715413174371689e-49
1.319250000000000000e+03 5.433846886627320381e-49
1.319500000000000000e+03 4.560468306693206578e-49
1.319750000000000000e+03 6.695235593448407341e-49
1.320000000000000000e+03 1.820413454598342962e-49
1.320250000000000000e+03 2.805342181308380458e-49
1.320500000000000000e+03 2.049872884410107376e-49
1.320750000000000000e+03 6.495635078362018790e-49
1.321000000000000000e+03 4.066964119489213941e-49
1.321250000000000000e+03 5.400685962670512092e-49
1.321500000000000000e+03 2.306309174680097184e-49
1.321750000000000000e+03 2.257518461995097307e-49
1.322000000000000000e+03 5.515099433997884236e-49
1.322250000000000000e+03 8.709895462282648027e-49
1.322500000000000000e+03 3.471435116874887704e-49
1.322750000000000000e+03 7.904078146979007328e-49
1.323000000000000000e+03 1.917888514521439576e-49
1.323250000000000000e+03 1.651439729356856747e-49
1.323500000000000000e+03 2.538826756812375546e-49
1.323750000000000000e+03 1.111399806309252091e-49
1.324000000000000000e+03 3.333639776583777192e-49
1.324250000000000000e+03 2.053164814392003948e-49
1.324500000000000000e+03 1.208165558130097781e-49
1.324750000000000000e+03 9.391094415783007298e-49
1.325000000000000000e+03 7.335477736600187924e-50
1.325250000000000000e+03 9.851791070682736907e-49
1.325500000000000000e+03 7.420033589264390216e-49
1.325750000000000000e+03 3.013755433106866759e-49
1.326000000000000000e+03 1.400296762330835591e-49
1.326250000000000000e+03 1.708641156692388690e-49
1.326500000000000000e+03 1.732158697732102838e-49
1.326750000000000000e+03 3.973469948133911454e-49
1.327000000000000000e+03 2.137935630334445669e-49
1.327250000000000000e+03 3.218695431612374641e-49
1.327500000000000000e+03 4.100459209277720935e-49
1.327750000000000000e+03 4.067195487207451192e-50
1.328000000000000000e+03 2.754010571810420115e-49
1.328250000000000000e+03 4.599425352447616641e-49
1.328500000000000000e+03 2.579318260324660493e-49
1.328750000000000000e+03 1.037042809020785780e-49
1.329000000000000000e+03 1.426848490234093260e-49
1.329250000000000000e+03 6.373310092347323587e-49
1.329500000000000000e+03 6.927727130791304875e-49
1.329750000000000000e+03 1.921941458996508064e-49
1.330000000000000000e+03 3.390228793232834102e-49
1.330250000000000000e+03 9.452666368958377001e-50
1.330500000000000000e+03 1.952878774045582399e-49
1.330750000000000000e+03 1.988688478653052809e-49
1.331000000000000000e+03 8.701055970869803400e-49
1.331250000000000000e+03 1.040335727810982980e-49
1.331500000000000000e+03 2.131744284922010023e-51
1.331750000000000000e+03 7.979085854126809462e-50
1.332000000000000000e+03 9.344276202492031916e-50
1.332250000000000000e+03 5.303475197381267703e-49
1.332500000000000000e+03 2.481132463009558692e-49
1.332750000000000000e+03 1.328200173263733374e-49
1.333000000000000000e+03 8.780455728128579222e-50
1.333250000000000000e+03 4.575513904025936124e-49
1.333500000000000000e+03 3.561185116438667707e-49
1.333750000000000000e+03 3.074669122058146677e-49
1.334000000000000000e+03 5.280346566904010800e-50
1.334250000000000000e+03 2.729553003157037038e-49
1.334500000000000000e+03 1.686810380910782553e-49
1.334750000000000000e+03 2.917139686285673323e-49
1.335000000000000000e+03 1.677719596570433611e-49
1.335250000000000000e+03 2.442454137305463171e-49
1.335500000000000000e+03 2.208885301784423405e-49
1.335750000000000000e+03 1.087785223066490611e-48
1.336000000000000000e+03 6.102381840195750416e-49
1.336250000000000000e+03 7.744593525919560711e-49
1.336500000000000000e+03 7.457881428485527994e-49
1.336750000000000000e+03 3.275446521637872338e-49
1.337000000000000000e+03 4.407192164593901819e-49
1.337250000000000000e+03 2.086276971623298340e-49
1.337500000000000000e+03 3.727309863309190034e-49
1.337750000000000000e+03 7.982153146122970099e-50
1.338000000000000000e+03 1.797175277871680450e-49
1.338250000000000000e+03 1.649721303627071093e-49
1.338500000000000000e+03 6.977444528394568073e-49
1.338750000000000000e+03 4.430220913366137384e-49
1.339000000000000000e+03 2.181697156632801833e-49
1.339250000000000000e+03 5.141233893335265986e-49
1.339500000000000000e+03 3.690459313216388996e-49
1.339750000000000000e+03 3.295955545210885909e-49
1.340000000000000000e+03 1.905841200255635203e-49
1.340250000000000000e+03 9.972098873878495639e-50
1.340500000000000000e+03 9.462781474473875410e-50
1.340750000000000000e+03 3.250653904949090609e-49
1.341000000000000000e+03 1.721561380267717155e-49
1.341250000000000000e+03 1.359527034287077951e-49
1.341500000000000000e+03 3.708578534007612546e-49
1.341750000000000000e+03 1.069069343776486328e-49
1.342000000000000000e+03 4.022879833268793063e-49
1.342250000000000000e+03 1.049588420078112048e-49
1.342500000000000000e+03 5.233599699240429674e-50
1.342750000000000000e+03 2.879805043149625737e-50
1.343000000000000000e+03 2.752360979785551210e-49
1.343250000000000000e+03 6.674706425836628033e-49
1.343500000000000000e+03 4.016188616314296661e-49
1.343750000000000000e+03 6.137914807881178312e-49
1.344000000000000000e+03 1.429822696495870179e-49
1.344250000000000000e+03 1.019629857545008597e-49
1.344500000000000000e+03 1.485532074573668096e-49
1.344750000000000000e+03 5.306311685347212396e-49
1.345000000000000000e+03 2.384836503088512401e-50
1.345250000000000000e+03 4.457999181622808005e-49
1.345500000000000000e+03 2.873226864137095745e-49
1.345750000000000000e+03 3.637613316370278137e-49
1.346000000000000000e+03 1.105076747525348951e-49
1.346250000000000000e+03 5.619614815037490058e-49
1.346500000000000000e+03 3.341894841130537999e-49
1.346750000000000000e+03 1.622686672863472157e-49
1.347000000000000000e+03 1.809012314949534390e-49
1.347250000000000000e+03 3.667876381586947009e-49
1.347500000000000000e+03 3.679256086953463213e-49
1.347750000000000000e+03 2.388850767947584496e-49
1.348000000000000000e+03 9.208402069980961843e-50
1.348250000000000000e+03 1.667340261085375550e-49
1.348500000000000000e+03 1.948205430188816788e-50
1.348750000000000000e+03 3.144987048849494561e-49
1.349000000000000000e+03 6.359673212489311896e-49
1.349250000000000000e+03 4.257894341602724963e-49
1.349500000000000000e+03 5.052779070552689805e-49
1.349750000000000000e+03 2.726509315342074579e-49
1.350000000000000000e+03 6.278767440333262754e-49
1.350250000000000000e+03 3.153558597379683783e-49
1.350500000000000000e+03 8.586622440777428892e-50
1.350750000000000000e+03 4.184746017381563711e-49
1.351000000000000000e+03 9.019890591173400283e-49
1.351250000000000000e+03 3.626636845631935909e-49
1.351500000000000000e+03 3.591549088080054452e-49
1.351750000000000000e+03 1.949985926356056341e-49
1.352000000000000000e+03 1.627928072282463287e-49
1.352250000000000000e+03 5.552866676348309968e-49
1.352500000000000000e+03 2.737185186228388597e-49
1.352750000000000000e+03 2.581035167975412379e-49
1.353000000000000000e+03 3.897053052431353287e-49
1.353250000000000000e+03 2.795911386328497870e-49
1.353500000000000000e+03 4.890752233136758236e-49
1.353750000000000000e+03 3.553025178881142773e-49
1.354000000000000000e+03 3.224321615154889109e-49
1.354250000000000000e+03 3.567279999949231748e-49
1.354500000000000000e+03 3.532278515536720904e-49
1.354750000000000000e+03 3.938605054853346273e-49
1.355000000000000000e+03 1.917772221940948930e-49
1.355250000000000000e+03 2.389101957092507624e-49
1.355500000000000000e+03 3.565896666879532953e-49
1.355750000000000000e+03 3.148397582760399064e-49
1.356000000000000000e+03 3.537714664247876601e-49
1.356250000000000000e+03 3.472564446835071158e-49
1.356500000000000000e+03 1.146490993611062423e-49
1.356750000000000000e+03 2.557863575877972342e-49
1.357000000000000000e+03 2.019474157219408310e-49
1.357250000000000000e+03 1.302189699588804481e-49
1.357500000000000000e+03 1.175016426940595028e-49
1.357750000000000000e+03 1.180137593346794921e-49
1.358000000000000000e+03 3.265416411806852728e-49
1.358250000000000000e+03 3.403998853819175036e-49
1.358500000000000000e+03 1.814314949024729335e-49
1.358750000000000000e+03 1.033723802977811986e-49
1.359000000000000000e+03 2.875644301881928061e-49
1.359250000000000000e+03 2.176179254575925993e-49
1.359500000000000000e+03 6.346477403342743743e-49
1.359750000000000000e+03 9.593352924776190441e-49
1.360000000000000000e+03 6.392190444153017807e-49
1.360250000000000000e+03 7.168598430772497016e-49
1.360500000000000000e+03 3.698160286176155859e-49
1.360750000000000000e+03 5.577209530747610899e-49
1.361000000000000000e+03 9.106286959287483445e-50
1.361250000000000000e+03 3.445764141041543003e-49
1.361500000000000000e+03 2.611658318412268346e-49
1.361750000000000000e+03 8.282182079511100458e-50
1.362000000000000000e+03 6.199505061233325722e-49
1.362250000000000000e+03 3.640509875399496527e-49
1.362500000000000000e+03 3.379262085868464553e-49
1.362750000000000000e+03 4.511331456496731736e-49
1.363000000000000000e+03 4.815591151131906604e-49
1.363250000000000000e+03 4.081646900108939719e-49
1.363500000000000000e+03 1.244825049898610854e-49
1.363750000000000000e+03 5.597336126441885177e-50
1.364000000000000000e+03 4.116664294157938516e-49
1.364250000000000000e+03 2.641396676986525900e-50
1.364500000000000000e+03 2.861712250619312693e-49
1.364750000000000000e+03 1.760798608112089369e-49
1.365000000000000000e+03 4.696417125154046637e-50
1.365250000000000000e+03 1.082722291605625318e-49
1.365500000000000000e+03 6.722018972469046437e-50
1.365750000000000000e+03 1.326030419055736368e-49
1.366000000000000000e+03 1.402323710283236792e-49
1.366250000000000000e+03 2.683103434597847237e-49
1.366500000000000000e+03 1.482382232491404494e-49
1.366750000000000000e+03 1.173970320412383634e-49
1.367000000000000000e+03 2.844467817876206283e-49
1.367250000000000000e+03 3.263025745402279849e-49
1.367500000000000000e+03 2.428363877946077514e-49
1.367750000000000000e+03 4.004397531945004706e-49
1.368000000000000000e+03 1.513061838736817280e-49
1.368250000000000000e+03 1.478043481600121757e-49
1.368500000000000000e+03 4.899150587358588050e-49
1.368750000000000000e+03 2.875925310398748854e-50
1.369000000000000000e+03 4.891004817371281185e-49
1.369250000000000000e+03 1.697833991289631362e-49
1.369500000000000000e+03 7.076595170433412767e-49
1.369750000000000000e+03 2.127082835941176926e-49
1.370000000000000000e+03 5.094029304469481338e-49
1.370250000000000000e+03 3.438855550577463438e-49
1.370500000000000000e+03 4.004730696264935232e-49
1.370750000000000000e+03 1.636195222465690782e-49
1.371000000000000000e+03 2.459088504309893208e-49
1.371250000000000000e+03 6.568462214863150026e-49
1.371500000000000000e+03 2.642338593285270223e-49
1.371750000000000000e+03 7.086835666172395817e-49
1.372000000000000000e+03 2.234227555022583559e-49
1.372250000000000000e+03 5.600810390429607520e-49
1.372500000000000000e+03 2.679459145649621578e-49
1.372750000000000000e+03 6.552015546992918602e-50
1.373000000000000000e+03 1.347638620402917597e-49
1.373250000000000000e+03 2.230496075681374159e-49
1.373500000000000000e+03 6.240090021161219356e-49
1.373750000000000000e+03 1.624435739982996398e-49
1.374000000000000000e+03 2.206172558483870804e-49
1.374250000000000000e+03 1.245105529706430657e-49
1.374500000000000000e+03 2.118323960601177050e-49
1.374750000000000000e+03 2.178320561851528360e-49
1.375000000000000000e+03 1.253387894228183447e-49
1.375250000000000000e+03 1.590329755062792747e-49
1.375500000000000000e+03 3.169207468326347310e-49
1.375750000000000000e+03 4.318370846652328318e-49
1.376000000000000000e+03 1.457214564207396405e-48
1.376250000000000000e+03 7.568744840973967248e-49
1.376500000000000000e+03 4.875876793802060655e-49
1.376750000000000000e+03 1.927743981641863123e-49
1.377000000000000000e+03 1.959871396603288526e-49
1.377250000000000000e+03 7.180797380818289337e-50
1.377500000000000000e+03 2.953569855077037465e-50
1.377750000000000000e+03 2.538645035509034525e-49
1.378000000000000000e+03 8.177262509044808284e-50
1.378250000000000000e+03 1.218756130440876556e-49
1.378500000000000000e+03 3.986339745421032333e-49
1.378750000000000000e+03 4.108423244691749359e-50
1.379000000000000000e+03 1.153775285221099038e-49
1.379250000000000000e+03 1.399407422709251197e-49
1.379500000000000000e+03 2.222000535430820066e-49
1.379750000000000000e+03 2.678201313881167244e-49
1.380000000000000000e+03 1.190137564552171010e-49
1.380250000000000000e+03 3.933922113192580145e-49
1.380500000000000000e+03 2.208257186426021517e-49
1.380750000000000000e+03 5.907528986531337927e-50
1.381000000000000000e+03 2.051219541682447246e-49
1.381250000000000000e+03 1.042221457058809733e-49
1.381500000000000000e+03 7.438337519267581924e-50
1.381750000000000000e+03 2.234781945362880290e-49
1.382000000000000000e+03 4.422702320024192611e-49
1.382250000000000000e+03 4.697534523129305342e-50
1.382500000000000000e+03 4.225767939479009480e-49
1.382750000000000000e+03 5.293622453999551721e-49
1.383000000000000000e+03 4.552188317402951809e-49
1.383250000000000000e+03 1.441630063610612368e-49
1.383500000000000000e+03 1.819154887329012777e-49
1.383750000000000000e+03 2.521605384619403998e-49
1.384000000000000000e+03 1.258523485411321450e-49
1.384250000000000000e+03 8.727458327625031094e-50
1.384500000000000000e+03 3.081544119185253058e-49
1.384750000000000000e+03 3.368321346049071869e-49
1.385000000000000000e+03 2.972456589754412472e-49
1.385250000000000000e+03 2.422327725346428848e-49
1.385500000000000000e+03 4.180827483579616547e-49
1.385750000000000000e+03 1.977956555470386357e-49
1.386000000000000000e+03 1.027982302626395278e-49
1.386250000000000000e+03 1.116026499317967580e-48
1.386500000000000000e+03 6.061827495893479547e-49
1.386750000000000000e+03 2.037487319347983132e-49
1.387000000000000000e+03 1.554000784439296525e-49
1.387250000000000000e+03 7.685649077188701317e-50
1.387500000000000000e+03 2.075881446560593579e-49
1.387750000000000000e+03 3.064714925292617663e-49
1.388000000000000000e+03 2.616019216464819593e-49
1.388250000000000000e+03 2.204930391438895016e-49
1.388500000000000000e+03 3.876610057261887563e-49
1.388750000000000000e+03 5.698164062928548623e-49
1.389000000000000000e+03 5.214845406389692026e-49
1.389250000000000000e+03 1.025342803210083048e-49
1.389500000000000000e+03 4.481840927309221090e-50
1.389750000000000000e+03 2.748306303689175173e-49
1.390000000000000000e+03 4.206573151474458078e-49
1.390250000000000000e+03 1.267406051062053679e-49
1.390500000000000000e+03 8.128195251254417681e-50
1.390750000000000000e+03 7.216874898122757783e-49
1.391000000000000000e+03 2.151082710269906433e-49
1.391250000000000000e+03 3.556280297703968942e-49
1.391500000000000000e+03 5.763514487769350384e-49
1.391750000000000000e+03 1.636476032684233861e-49
1.392000000000000000e+03 6.897290220713204826e-50
1.392250000000000000e+03 7.483481326733343760e-50
1.392500000000000000e+03 4.329796681611115948e-49
1.392750000000000000e+03 3.084822580201584773e-49
1.393000000000000000e+03 3.856023555653694684e-50
1.393250000000000000e+03 1.576945334145071859e-49
1.393500000000000000e+03 1.913520732623173133e-49
1.393750000000000000e+03 2.401319801396994670e-49
1.394000000000000000e+03 1.649535880485675622e-49
1.394250000000000000e+03 2.480448928125024294e-49
1.394500000000000000e+03 7.807873174064379975e-49
1.394750000000000000e+03 3.857104905771207991e-49
1.395000000000000000e+03 7.822884789499731928e-49
1.395250000000000000e+03 2.521310706825284117e-49
1.395500000000000000e+03 3.160005491932224875e-50
1.395750000000000000e+03 2.301679049193527565e-49
1.396000000000000000e+03 3.413250541446224739e-49
1.396250000000000000e+03 6.129579427540226831e-49
1.396500000000000000e+03 3.349169393595859124e-49
1.396750000000000000e+03 7.523988614887916349e-49
1.397000000000000000e+03 4.738329206042333239e-49
1.397250000000000000e+03 1.549419694772975814e-49
1.397500000000000000e+03 4.354650803480200329e-49
1.397750000000000000e+03 4.648043035531691781e-49
1.398000000000000000e+03 1.268053066490331022e-49
1.398250000000000000e+03 1.513561244102209425e-49
1.398500000000000000e+03 4.900755019702339315e-49
1.398750000000000000e+03 5.145125385696807668e-49
1.399000000000000000e+03 1.809460819890744992e-49
1.399250000000000000e+03 2.122875231560232485e-49
1.399500000000000000e+03 2.672141105886599122e-49
1.399750000000000000e+03 1.056686847008875292e-49
1.400000000000000000e+03 8.577191131616413390e-50
1.400250000000000000e+03 2.125462379989655061e-49
1.400500000000000000e+03 7.906633447306873100e-50
1.400750000000000000e+03 9.579694211001247602e-50
1.401000000000000000e+03 1.508664520844070634e-49
1.401250000000000000e+03 1.180075222842099304e-49
1.401500000000000000e+03 1.473073805878468455e-49
1.401750000000000000e+03 1.369245279274741143e-49
1.402000000000000000e+03 7.077465743776699468e-50
1.402250000000000000e+03 6.360014376990178675e-49
1.402500000000000000e+03 6.149903937776359313e-49
1.402750000000000000e+03 2.332761914938081225e-49
1.403000000000000000e+03 1.679508201907552476e-49
1.403250000000000000e+03 6.971560447760057372e-50
1.403500000000000000e+03 1.775539867487568581e-49
1.403750000000000000e+03 3.102346531447571782e-49
1.404000000000000000e+03 1.392997595185885441e-49
1.404250000000000000e+03 1.343221248495866840e-49
1.404500000000000000e+03 1.484581305593189108e-49
1.404750000000000000e+03 1.357822980855451031e-49
1.405000000000000000e+03 2.841030403270368757e-49
1.405250000000000000e+03 3.610595989823143651e-49
1.405500000000000000e+03 9.243426436103831664e-50
1.405750000000000000e+03 4.620055016657410821e-49
1.406000000000000000e+03 3.408897164012557112e-49
1.406250000000000000e+03 2.285390650720006994e-49
1.406500000000000000e+03 3.159588089471009569e-49
1.406750000000000000e+03 1.022470600474168280e-48
1.407000000000000000e+03 1.429649850774205053e-49
1.407250000000000000e+03 1.284959895529090590e-49
1.407500000000000000e+03 3.683917096597841461e-49
1.407750000000000000e+03 3.201424455845332549e-49
1.408000000000000000e+03 4.899757699416591905e-49
1.408250000000000000e+03 3.451894632806767783e-49
1.408500000000000000e+03 8.570280219266855066e-49
1.408750000000000000e+03 2.881666825816877291e-49
1.409000000000000000e+03 2.188857632633335638e-49
1.409250000000000000e+03 6.932855386993542346e-49
1.409500000000000000e+03 1.011363232165951254e-48
1.409750000000000000e+03 3.288071590545728682e-49
1.410000000000000000e+03 9.919485346061737690e-49
1.410250000000000000e+03 2.172189990890615139e-49
1.410500000000000000e+03 4.852318173548780293e-49
1.410750000000000000e+03 3.630090813204124469e-50
1.411000000000000000e+03 6.227718290438978107e-49
1.411250000000000000e+03 1.545396355916961297e-49
1.411500000000000000e+03 8.044801461843771561e-50
1.411750000000000000e+03 9.638391743833075775e-50
1.412000000000000000e+03 8.727940866713459006e-50
1.412250000000000000e+03 1.958626990109461484e-49
1.412500000000000000e+03 1.807447403411711259e-49
1.412750000000000000e+03 2.629448646129888206e-49
1.413000000000000000e+03 5.021858086734720504e-49
1.413250000000000000e+03 3.371307059484748621e-49
1.413500000000000000e+03 2.329994149704431995e-49
1.413750000000000000e+03 6.364234121197570191e-49
1.414000000000000000e+03 2.351972340711458159e-49
1.414250000000000000e+03 2.867549312569280435e-49
1.414500000000000000e+03 1.035713652381818893e-49
1.414750000000000000e+03 4.594491287332250997e-49
1.415000000000000000e+03 5.499842527005300387e-50
1.415250000000000000e+03 5.525465785441472727e-50
1.415500000000000000e+03 4.286070593675023003e-49
1.415750000000000000e+03 2.514767258740604136e-49
1.416000000000000000e+03 8.155447433509559749e-50
1.416250000000000000e+03 1.926163984074181291e-49
1.416500000000000000e+03 7.342152027150488032e-50
1.416750000000000000e+03 4.684139111295592588e-50
1.417000000000000000e+03 3.097891034059233272e-49
1.417250000000000000e+03 2.515438250572354559e-49
1.417500000000000000e+03 1.643771662099656554e-49
1.417750000000000000e+03 3.586091981525755940e-50
1.418000000000000000e+03 8.960311759756097016e-50
1.418250000000000000e+03 1.435580089122506264e-49
1.418500000000000000e+03 1.227604932835495144e-49
1.418750000000000000e+03 2.612930498629816882e-49
1.419000000000000000e+03 7.320256367788847712e-49
1.419250000000000000e+03 1.844119673528964811e-49
1.419500000000000000e+03 1.489727947785732572e-49
1.419750000000000000e+03 2.472395416766619157e-49
1.420000000000000000e+03 1.108378434218946886e-49
1.420250000000000000e+03 5.459302900921080629e-49
1.420500000000000000e+03 4.550354414762344634e-49
1.420750000000000000e+03 3.590401967894015346e-49
1.421000000000000000e+03 1.973300857809666395e-49
1.421250000000000000e+03 4.018151508533237509e-49
1.421500000000000000e+03 1.248981128001826442e-48
1.421750000000000000e+03 3.785319169356063723e-50
1.422000000000000000e+03 8.637185979065929169e-50
1.422250000000000000e+03 1.625024192609122305e-49
1.422500000000000000e+03 1.020823026755884639e-49
1.422750000000000000e+03 2.009286747459091787e-49
1.423000000000000000e+03 1.846884011955187840e-49
1.423250000000000000e+03 2.700394513711792681e-49
1.423500000000000000e+03 2.513952807473968101e-49
1.423750000000000000e+03 1.835413452683884217e-49
1.424000000000000000e+03 4.738167571837943380e-49
1.424250000000000000e+03 2.869748336096941675e-49
1.424500000000000000e+03 2.493516290571056362e-49
1.424750000000000000e+03 3.499186022523601894e-49
1.425000000000000000e+03 5.387284590158353411e-49
1.425250000000000000e+03 3.639425924638124173e-49
1.425500000000000000e+03 1.350113194266925986e-49
1.425750000000000000e+03 2.113510291810408960e-49
1.426000000000000000e+03 2.671699300861348764e-49
1.426250000000000000e+03 2.255583722306176135e-49
1.426500000000000000e+03 1.425652186601577065e-49
1.426750000000000000e+03 7.536902241885229149e-50
1.427000000000000000e+03 4.271465714670468034e-49
1.427250000000000000e+03 5.099796341660969707e-49
1.427500000000000000e+03 6.690260515138892684e-49
1.427750000000000000e+03 5.270830213688808847e-49
1.428000000000000000e+03 1.447234144638842885e-49
1.428250000000000000e+03 3.301608914275495086e-49
1.428500000000000000e+03 1.028180581101260662e-49
1.428750000000000000e+03 2.935505483123783459e-49
1.429000000000000000e+03 7.003375409348076370e-50
1.429250000000000000e+03 4.850790232497176316e-49
1.429500000000000000e+03 2.013053347562329807e-50
1.429750000000000000e+03 1.317783632354506295e-49
1.430000000000000000e+03 5.548135043945365538e-49
1.430250000000000000e+03 8.198688433985420809e-50
1.430500000000000000e+03 1.807305654876281591e-49
1.430750000000000000e+03 1.511116939034374349e-49
1.431000000000000000e+03 3.155997840105405387e-49
1.431250000000000000e+03 2.333171100747797166e-49
1.431500000000000000e+03 9.999879307997950804e-50
1.431750000000000000e+03 8.108478148641973429e-50
1.432000000000000000e+03 1.852313581314230484e-49
1.432250000000000000e+03 2.699138043263984289e-49
1.432500000000000000e+03 3.797610052526410114e-49
1.432750000000000000e+03 2.895128115689117919e-49
1.433000000000000000e+03 4.679883657436593682e-49
1.433250000000000000e+03 5.399559317391659568e-49
1.433500000000000000e+03 8.253176609464941036e-49
1.433750000000000000e+03 3.300428222661073365e-49
1.434000000000000000e+03 1.230871030678422394e-49
1.434250000000000000e+03 5.351527498945485202e-50
1.434500000000000000e+03 9.010264490958428779e-50
1.434750000000000000e+03 3.585141024725302411e-49
1.435000000000000000e+03 8.922152101287253279e-49
1.435250000000000000e+03 4.059043061047207115e-50
1.435500000000000000e+03 1.622366960811313362e-49
1.435750000000000000e+03 1.264828137013599857e-49
1.436000000000000000e+03 9.679841001076139656e-50
1.436250000000000000e+03 1.485193936737092919e-49
1.436500000000000000e+03 6.450400415670660370e-50
1.436750000000000000e+03 2.599822822800286509e-49
1.437000000000000000e+03 2.687978037214262536e-49
1.437250000000000000e+03 4.584033122112126040e-49
1.437500000000000000e+03 1.509010648380322542e-49
1.437750000000000000e+03 8.512966971595566096e-49
1.438000000000000000e+03 4.274644406655394111e-49
1.438250000000000000e+03 1.362244740107028428e-49
1.438500000000000000e+03 1.035636663041997692e-49
1.438750000000000000e+03 3.103280700141468441e-49
1.439000000000000000e+03 3.413254619151913563e-50
1.439250000000000000e+03 2.728888163671874601e-49
1.439500000000000000e+03 5.150602597438485292e-50
1.439750000000000000e+03 9.616080800418626094e-50
1.440000000000000000e+03 2.220757771897619734e-49
1.440250000000000000e+03 6.541859854504015869e-49
1.440500000000000000e+03 3.615015660673855628e-49
1.440750000000000000e+03 5.867756823057805154e-49
1.441000000000000000e+03 5.555102740360321855e-49
1.441250000000000000e+03 6.763832559145597288e-49
1.441500000000000000e+03 1.061041362062436302e-48
1.441750000000000000e+03 2.184168165167491383e-49
1.442000000000000000e+03 2.902627583296696763e-50
1.442250000000000000e+03 2.880346730396973068e-49
1.442500000000000000e+03 1.010759691916322321e-49
1.442750000000000000e+03 5.560449338654264709e-49
1.443000000000000000e+03 6.321858475482033934e-49
1.443250000000000000e+03 7.790283255827465599e-49
1.443500000000000000e+03 3.958024887160336646e-49
1.443750000000000000e+03 2.851558956003757687e-49
1.444000000000000000e+03 3.224966175790945487e-49
1.444250000000000000e+03 2.277797692542063707e-49
1.444500000000000000e+03 1.338780602419180178e-49
1.444750000000000000e+03 1.015227943736315091e-49
1.445000000000000000e+03 4.643173108043363804e-49
1.445250000000000000e+03 8.014421719600018597e-49
1.445500000000000000e+03 3.473173265685971760e-49
1.445750000000000000e+03 1.670284662985372379e-49
1.446000000000000000e+03 9.721204289002825029e-50
1.446250000000000000e+03 1.736699472171555044e-49
1.446500000000000000e+03 5.985138627045685081e-50
1.446750000000000000e+03 4.136604945793621420e-50
1.447000000000000000e+03 3.198630457172982974e-50
1.447250000000000000e+03 7.445010562835075757e-50
1.447500000000000000e+03 1.065109730127320802e-49
1.447750000000000000e+03 1.777969279682389782e-49
1.448000000000000000e+03 6.521481202129606642e-49
1.448250000000000000e+03 6.360851684827864894e-50
1.448500000000000000e+03 4.042787341761094423e-49
1.448750000000000000e+03 1.140428922505915363e-49
1.449000000000000000e+03 1.596684882027480223e-49
1.449250000000000000e+03 1.680989134975018377e-49
1.449500000000000000e+03 2.603541604213478459e-49
1.449750000000000000e+03 9.000907678933304038e-50
1.450000000000000000e+03 7.031327881946319946e-49
1.450250000000000000e+03 2.375583661892638061e-49
1.450500000000000000e+03 2.312311950361148137e-49
1.450750000000000000e+03 1.392998545532101959e-49
1.451000000000000000e+03 1.072122114081840225e-49
1.451250000000000000e+03 2.555603781537198972e-49
1.451500000000000000e+03 2.140426778687070577e-49
1.451750000000000000e+03 1.244593347809921947e-49
1.452000000000000000e+03 4.124327551944546861e-49
1.452250000000000000e+03 3.541894219276018648e-49
1.452500000000000000e+03 3.421729303118964846e-50
1.452750000000000000e+03 8.043987780723734891e-49
1.453000000000000000e+03 5.902326573573298401e-49
1.453250000000000000e+03 7.580367673990033260e-50
1.453500000000000000e+03 3.545360744368733892e-49
1.453750000000000000e+03 1.489919264414895771e-49
1.454000000000000000e+03 9.336347230088379350e-50
1.454250000000000000e+03 3.787270274296821063e-50
1.454500000000000000e+03 1.798009568551927725e-49
1.454750000000000000e+03 4.148589234571856504e-49
1.455000000000000000e+03 9.041533948536587243e-50
1.455250000000000000e+03 1.814168461189105053e-49
1.455500000000000000e+03 2.097273530608405705e-49
1.455750000000000000e+03 5.027149926994340933e-49
1.456000000000000000e+03 7.141002414286276572e-50
1.456250000000000000e+03 8.028726497335712696e-50
1.456500000000000000e+03 7.944027031465791935e-50
1.456750000000000000e+03 1.476628292413602730e-49
1.457000000000000000e+03 1.743089950207305686e-49
1.457250000000000000e+03 1.432623817923631542e-50
1.457500000000000000e+03 4.024844118727200979e-49
1.457750000000000000e+03 5.510675154014959586e-49
1.458000000000000000e+03 1.923162062580430065e-49
1.458250000000000000e+03 6.221780246793261785e-50
1.458500000000000000e+03 5.392768391877323563e-49
1.458750000000000000e+03 2.324665191926068528e-49
1.459000000000000000e+03 2.223173007745684959e-49
1.459250000000000000e+03 1.420564765048439191e-49
1.459500000000000000e+03 3.312034051834677892e-50
1.459750000000000000e+03 1.010369624822315053e-49
1.460000000000000000e+03 1.002375569280621095e-49
1.460250000000000000e+03 1.402292449412315654e-49
1.460500000000000000e+03 3.921687420073174282e-49
1.460750000000000000e+03 1.138110729805017463e-49
1.461000000000000000e+03 3.185247096042497856e-49
1.461250000000000000e+03 2.156342663945580436e-49
1.461500000000000000e+03 2.101283918833744627e-49
1.461750000000000000e+03 9.981208358026952621e-50
1.462000000000000000e+03 1.454430007699398409e-49
1.462250000000000000e+03 1.609127619780759356e-49
1.462500000000000000e+03 8.683873237766990925e-50
1.462750000000000000e+03 2.542300562091762760e-49
1.463000000000000000e+03 1.852760661023351442e-49
1.463250000000000000e+03 4.648390960240031403e-50
1.463500000000000000e+03 9.521896846262478825e-50
1.463750000000000000e+03 6.166427498746929544e-50
1.464000000000000000e+03 2.685462230418680059e-49
1.464250000000000000e+03 2.151232187406657223e-49
1.464500000000000000e+03 4.395666548197626988e-49
1.464750000000000000e+03 4.999863537614236684e-49
1.465000000000000000e+03 2.087394385015976553e-49
1.465250000000000000e+03 2.051053207085871469e-49
1.465500000000000000e+03 1.169708600540967329e-49
1.465750000000000000e+03 1.288911992839766103e-49
1.466000000000000000e+03 3.515040564734519439e-49
1.466250000000000000e+03 1.069887328824018816e-49
1.466500000000000000e+03 3.028042203414179863e-49
1.466750000000000000e+03 2.427337976331131486e-49
1.467000000000000000e+03 3.134004423716615750e-49
1.467250000000000000e+03 4.187285932815041094e-49
1.467500000000000000e+03 3.492563592717728931e-49
1.467750000000000000e+03 4.317330263966785460e-50
1.468000000000000000e+03 3.132458773431197836e-49
1.468250000000000000e+03 4.869034912379750594e-49
1.468500000000000000e+03 1.466707580714836848e-49
1.468750000000000000e+03 2.464092732806958067e-49
1.469000000000000000e+03 4.525103394465195948e-50
1.469250000000000000e+03 5.238790769800727450e-49
1.469500000000000000e+03 4.876102338555511801e-49
1.469750000000000000e+03 2.833336015174606207e-50
1.470000000000000000e+03 1.029834223330907775e-49
1.470250000000000000e+03 1.264910709458677284e-49
1.470500000000000000e+03 2.797803014179924810e-49
1.470750000000000000e+03 3.232171201682462349e-50
1.471000000000000000e+03 1.396725401287234129e-49
1.471250000000000000e+03 2.772468778895265254e-49
1.471500000000000000e+03 5.662000860673118520e-49
1.471750000000000000e+03 4.911196110690035078e-49
1.472000000000000000e+03 3.582397110690221202e-49
1.472250000000000000e+03 3.685526163102534318e-49
1.472500000000000000e+03 2.246757121642241546e-49
1.472750000000000000e+03 1.398807789952843009e-49
1.473000000000000000e+03 7.371554364258293010e-50
1.473250000000000000e+03 4.968503636206951636e-49
1.473500000000000000e+03 3.835130984773616008e-49
1.473750000000000000e+03 1.066640651660349870e-48
1.474000000000000000e+03 4.048774579771641065e-49
1.474250000000000000e+03 8.484036546688218895e-50
1.474500000000000000e+03 8.169518947746889255e-49
1.474750000000000000e+03 4.320596382029616638e-49
1.475000000000000000e+03 2.341905348675095375e-49
1.475250000000000000e+03 5.891358451349410563e-50
1.475500000000000000e+03 2.318770316948282896e-49
1.475750000000000000e+03 8.670579087189768177e-50
1.476000000000000000e+03 4.677329086666962972e-50
1.476250000000000000e+03 1.725769541652879343e-49
1.476500000000000000e+03 4.232477500997323372e-49
1.476750000000000000e+03 3.130173873750051085e-49
1.477000000000000000e+03 6.707200971644825273e-50
1.477250000000000000e+03 4.032288694981284702e-49
1.477500000000000000e+03 6.089983985709508489e-49
1.477750000000000000e+03 1.880200894123586959e-49
1.478000000000000000e+03 8.817746451250757042e-50
1.478250000000000000e+03 2.817639552103427205e-49
1.478500000000000000e+03 3.748117845078204576e-49
1.478750000000000000e+03 5.662330805485394355e-50
1.479000000000000000e+03 1.769140950507131435e-49
1.479250000000000000e+03 1.631046406511130435e-49
1.479500000000000000e+03 1.097941657212707247e-49
1.479750000000000000e+03 1.430333337013041224e-49
1.480000000000000000e+03 6.595082133677358160e-50
1.480250000000000000e+03 2.342628686823097559e-49
1.480500000000000000e+03 2.843901273595941097e-49
1.480750000000000000e+03 3.864683179119195938e-49
1.481000000000000000e+03 2.871211434928476873e-49
1.481250000000000000e+03 1.803524772819240175e-49
1.481500000000000000e+03 1.932977190521738888e-49
1.481750000000000000e+03 1.678232630323126235e-49
1.482000000000000000e+03 8.148666795024028603e-50
1.482250000000000000e+03 8.195803237104312402e-50
1.482500000000000000e+03 7.910482211391554167e-50
1.482750000000000000e+03 7.449044022278797305e-50
1.483000000000000000e+03 5.588700178998532384e-50
1.483250000000000000e+03 8.283133037823779555e-50
1.483500000000000000e+03 2.684477535761684369e-49
1.483750000000000000e+03 1.774314882121868131e-49
1.484000000000000000e+03 2.976923509513800943e-49
1.484250000000000000e+03 2.303610358447635514e-49
1.484500000000000000e+03 6.540940021070136449e-49
1.484750000000000000e+03 3.690165045551358471e-49
1.485000000000000000e+03 6.303646183268418325e-49
1.485250000000000000e+03 2.154032337370552507e-49
1.485500000000000000e+03 2.174855750931873258e-50
1.485750000000000000e+03 9.855687409622901020e-50
1.486000000000000000e+03 1.473796072284474983e-49
1.486250000000000000e+03 2.223625953532694567e-49
1.486500000000000000e+03 1.184395412539822679e-49
1.486750000000000000e+03 9.401371214899811737e-50
1.487000000000000000e+03 1.387412313192852552e-49
1.487250000000000000e+03 8.784756828375302262e-50
1.487500000000000000e+03 2.210483096802978102e-49
1.487750000000000000e+03 1.187169684188582089e-49
1.488000000000000000e+03 1.479493054322295826e-49
1.488250000000000000e+03 1.082857288118723558e-49
1.488500000000000000e+03 4.445646903865917350e-50
1.488750000000000000e+03 1.472806173787630049e-49
1.489000000000000000e+03 2.594489364839023864e-49
1.489250000000000000e+03 1.963189533218318921e-49
1.489500000000000000e+03 1.909924012823238412e-49
1.489750000000000000e+03 8.037778915209300130e-50
1.490000000000000000e+03 5.749626785313309458e-49
1.490250000000000000e+03 2.053739484436393736e-49
1.490500000000000000e+03 2.252457501554184873e-49
1.490750000000000000e+03 1.194677086086951126e-49
1.491000000000000000e+03 1.424827301112549038e-49
1.491250000000000000e+03 2.218029851173344645e-49
1.491500000000000000e+03 2.358367149497991391e-49
1.491750000000000000e+03 1.403959099537012391e-49
1.492000000000000000e+03 1.881600605353929987e-49
1.492250000000000000e+03 2.091389429590666171e-49
1.492500000000000000e+03 6.645413907077944718e-50
1.492750000000000000e+03 6.730061397669737198e-50
1.493000000000000000e+03 2.419708856358714144e-50
1.493250000000000000e+03 2.169088890202721294e-50
1.493500000000000000e+03 1.479220172987914418e-49
1.493750000000000000e+03 8.086891287520318133e-50
1.494000000000000000e+03 3.045224960668332792e-50
1.494250000000000000e+03 1.010871942666582744e-49
1.494500000000000000e+03 3.489423505480772306e-50
1.494750000000000000e+03 2.050885459642347082e-50
1.495000000000000000e+03 3.818103015709803040e-49
1.495250000000000000e+03 4.157852961881108456e-49
1.495500000000000000e+03 3.507083405405676959e-49
1.495750000000000000e+03 1.185389143485119596e-49
1.496000000000000000e+03 2.286886791960141861e-49
1.496250000000000000e+03 1.911485891126320766e-49
1.496500000000000000e+03 8.781345942826237263e-50
1.496750000000000000e+03 4.621007479282294219e-49
1.497000000000000000e+03 2.639084629402515274e-49
1.497250000000000000e+03 4.368493848858232533e-49
1.497500000000000000e+03 1.739625426585882543e-49
1.497750000000000000e+03 6.388241582481262132e-50
1.498000000000000000e+03 4.834791677001113556e-50
1.498250000000000000e+03 9.376817326701869850e-50
1.498500000000000000e+03 1.318464703745432211e-49
1.498750000000000000e+03 1.096462681235174292e-49
1.499000000000000000e+03 6.584858247277259360e-50
1.499250000000000000e+03 1.372942172222850454e-50
1.499500000000000000e+03 6.323027135798528651e-50
1.499750000000000000e+03 1.280504995448379360e-49
1.500000000000000000e+03 9.663636466903852566e-50
1.500250000000000000e+03 1.680871262057844491e-49
1.500500000000000000e+03 2.855667318793222068e-49
1.500750000000000000e+03 2.685707772777995753e-49
1.501000000000000000e+03 1.589054790122475448e-49
1.501250000000000000e+03 1.342766554640780437e-49
1.501500000000000000e+03 1.303020603558140152e-49
1.501750000000000000e+03 3.211650027277701642e-49
1.502000000000000000e+03 1.100838363496845403e-49
1.502250000000000000e+03 2.246572112017177454e-49
1.502500000000000000e+03 2.598539488116295469e-49
1.502750000000000000e+03 1.499511491884174807e-49
1.503000000000000000e+03 3.110312215135499955e-49
1.503250000000000000e+03 2.005197183661819038e-49
1.503500000000000000e+03 9.702387205673038729e-50
1.503750000000000000e+03 5.823683229577012657e-49
1.504000000000000000e+03 3.960040149193915254e-49
1.504250000000000000e+03 4.974517663878056413e-49
1.504500000000000000e+03 2.330261808187309506e-49
1.504750000000000000e+03 2.084996739636184398e-49
1.505000000000000000e+03 1.056931432318008494e-49
1.505250000000000000e+03 4.030540077971926986e-49
1.505500000000000000e+03 2.874793752479638834e-49
1.505750000000000000e+03 2.015774701059365776e-49
1.506000000000000000e+03 2.845610706632051064e-49
1.506250000000000000e+03 3.262989571943288382e-50
1.506500000000000000e+03 1.688277026631304989e-49
1.506750000000000000e+03 1.636022053371477586e-49
1.507000000000000000e+03 1.723548279876574434e-49
1.507250000000000000e+03 2.387489008001974485e-49
1.507500000000000000e+03 4.862878039266392741e-49
1.507750000000000000e+03 1.997760769958628285e-49
1.508000000000000000e+03 5.415809639409423386e-49
1.508250000000000000e+03 1.365609442013560538e-49
1.508500000000000000e+03 1.389378316199193138e-49
1.508750000000000000e+03 2.675414516305771353e-49
1.509000000000000000e+03 1.220886136398788052e-49
1.509250000000000000e+03 2.098143457418914501e-49
1.509500000000000000e+03 4.833141570127287127e-50
1.509750000000000000e+03 2.178319859317683661e-49
1.510000000000000000e+03 1.046125236537952393e-49
1.510250000000000000e+03 1.162762480913652206e-49
1.510500000000000000e+03 2.173685655735419081e-49
1.510750000000000000e+03 2.048234923661381051e-50
1.511000000000000000e+03 2.374776918507405601e-49
1.511250000000000000e+03 1.216110340631074410e-49
1.511500000000000000e+03 1.304443058111131196e-49
1.511750000000000000e+03 2.703551412363984691e-49
1.512000000000000000e+03 3.213111560475559824e-49
1.512250000000000000e+03 2.222738718721210760e-49
1.512500000000000000e+03 6.983417727873169052e-50
1.512750000000000000e+03 8.039776647628197005e-50
1.513000000000000000e+03 2.644518646543500734e-49
1.513250000000000000e+03 1.256539800580579203e-49
1.513500000000000000e+03 1.611711259253924262e-49
1.513750000000000000e+03 9.811847346398711825e-49
1.514000000000000000e+03 3.900609580634818707e-49
1.514250000000000000e+03 5.514067480432297100e-49
1.514500000000000000e+03 3.342750027040356060e-49
1.514750000000000000e+03 4.170659867327743088e-50
1.515000000000000000e+03 9.458353616810650479e-50
1.515250000000000000e+03 1.083779382349816558e-49
1.515500000000000000e+03 1.086666613265743940e-49
1.515750000000000000e+03 2.663175421598175777e-49
1.516000000000000000e+03 5.210175354481072516e-49
1.516250000000000000e+03 3.924751024976579574e-49
1.516500000000000000e+03 3.033103869006670175e-49
1.516750000000000000e+03 1.715159994353613857e-49
1.517000000000000000e+03 2.585690059868278128e-50
1.517250000000000000e+03 2.143503251228140661e-49
1.517500000000000000e+03 2.215503410994564656e-49
1.517750000000000000e+03 3.507043754220231464e-49
1.518000000000000000e+03 2.505010209819996428e-50
1.518250000000000000e+03 3.680715779854090281e-49
1.518500000000000000e+03 1.271884604389505752e-49
1.518750000000000000e+03 2.448043378968271858e-49
1.519000000000000000e+03 5.270682591935546767e-49
1.519250000000000000e+03 2.134454711848920680e-49
1.519500000000000000e+03 1.599776948127863292e-49
1.519750000000000000e+03 1.217268257916690636e-49
1.520000000000000000e+03 8.912661595538456928e-49
1.520250000000000000e+03 5.234463193802200289e-50
1.520500000000000000e+03 2.042402933103992970e-49
1.520750000000000000e+03 1.292512121157382214e-49
1.521000000000000000e+03 2.491578818831509747e-49
1.521250000000000000e+03 1.579132652953892116e-49
1.521500000000000000e+03 2.000937908967082492e-49
1.521750000000000000e+03 6.981346240372928913e-49
1.522000000000000000e+03 4.911090128415680180e-49
1.522250000000000000e+03 6.378745001719605426e-49
1.522500000000000000e+03 6.955214809055021644e-49
1.522750000000000000e+03 3.864864180774287080e-50
1.523000000000000000e+03 7.195355987324618584e-50
1.523250000000000000e+03 1.110316935452665001e-49
1.523500000000000000e+03 5.004030773074605548e-49
1.523750000000000000e+03 2.447816591086898929e-49
1.524000000000000000e+03 7.489879808016198478e-50
1.524250000000000000e+03 9.567291595048369728e-51
1.524500000000000000e+03 9.989926929968963987e-50
1.524750000000000000e+03 1.799112968738152464e-49
1.525000000000000000e+03 7.610351827412898011e-50
1.525250000000000000e+03 3.785379629689906700e-50
1.525500000000000000e+03 1.798388934985357721e-49
1.525750000000000000e+03 2.225582668073698564e-49
1.526000000000000000e+03 6.409856184908204892e-50
1.526250000000000000e+03 2.081575698916998082e-49
1.526500000000000000e+03 1.995495529307173109e-49
1.526750000000000000e+03 3.330454207868933972e-49
1.527000000000000000e+03 4.139362474225514565e-49
1.527250000000000000e+03 9.930832910774913135e-50
1.527500000000000000e+03 8.377773548067661788e-50
1.527750000000000000e+03 1.514661825442912748e-49
1.528000000000000000e+03 8.665544102338749935e-50
1.528250000000000000e+03 8.548517199147729973e-50
1.528500000000000000e+03 1.764286478378639351e-49
1.528750000000000000e+03 3.486899431600467658e-49
1.529000000000000000e+03 3.675393351065514672e-49
1.529250000000000000e+03 4.329324345326477566e-50
1.529500000000000000e+03 9.766995880606932305e-50
1.529750000000000000e+03 1.827125339848535847e-49
1.530000000000000000e+03 4.852469092900322667e-50
1.530250000000000000e+03 2.020850204321320791e-49
1.530500000000000000e+03 2.903901910714967811e-49
1.530750000000000000e+03 5.143248748863295415e-49
1.531000000000000000e+03 1.775199805279876898e-49
1.531250000000000000e+03 2.271668265134751798e-49
1.531500000000000000e+03 4.321145465787511774e-49
1.531750000000000000e+03 3.342027959184694118e-49
1.532000000000000000e+03 2.016031650693173804e-49
1.532250000000000000e+03 4.245444421081249306e-49
1.532500000000000000e+03 2.831234766328557127e-49
1.532750000000000000e+03 6.435412384104278021e-50
1.533000000000000000e+03 8.143822035032816362e-50
1.533250000000000000e+03 5.137295811294578761e-50
1.533500000000000000e+03 4.187703113945281918e-50
1.533750000000000000e+03 1.670445361193925112e-49
1.534000000000000000e+03 3.062496623483403216e-49
1.534250000000000000e+03 1.785389381411026164e-49
1.534500000000000000e+03 2.164611953127365564e-49
1.534750000000000000e+03 1.332787177634667867e-49
1.535000000000000000e+03 1.567298454496860528e-49
1.535250000000000000e+03 1.506135702670530943e-49
1.535500000000000000e+03 1.393839612078519213e-49
1.535750000000000000e+03 4.966943529311370954e-49
1.536000000000000000e+03 3.310331724853095970e-49
1.536250000000000000e+03 3.381875631081388803e-49
1.536500000000000000e+03 2.194564974116676038e-49
1.536750000000000000e+03 3.297785876324445284e-49
1.537000000000000000e+03 1.910536730466328364e-49
1.537250000000000000e+03 1.015787163134392850e-49
1.537500000000000000e+03 2.836287136135950281e-49
1.537750000000000000e+03 3.397486018435678184e-49
1.538000000000000000e+03 5.269943061223931905e-49
1.538250000000000000e+03 4.782168418969050208e-50
1.538500000000000000e+03 2.078760553149811286e-50
1.538750000000000000e+03 1.171304078989310186e-49
1.539000000000000000e+03 7.302013458873013452e-50
1.539250000000000000e+03 3.719165592335177617e-49
1.539500000000000000e+03 1.876414492347790306e-49
1.539750000000000000e+03 1.443271793636966791e-50
1.540000000000000000e+03 3.531266480723991620e-49
1.540250000000000000e+03 7.171128980814627641e-50
1.540500000000000000e+03 1.727751030514648872e-50
1.540750000000000000e+03 8.840767066249720481e-50
1.541000000000000000e+03 2.582923802894548452e-49
1.541250000000000000e+03 5.827937673803459318e-50
1.541500000000000000e+03 1.640019407662832999e-49
1.541750000000000000e+03 3.641385210257533835e-49
1.542000000000000000e+03 3.335244336297650476e-49
1.542250000000000000e+03 2.479955507633767864e-49
1.542500000000000000e+03 3.850693211287098292e-49
1.542750000000000000e+03 1.502219119518311606e-49
1.543000000000000000e+03 1.594567101593384808e-49
1.543250000000000000e+03 1.266229337654604022e-49
1.543500000000000000e+03 8.814191564127094005e-50
1.543750000000000000e+03 1.597483704128053856e-49
1.544000000000000000e+03 1.980025523062144254e-49
1.544250000000000000e+03 1.175048098471868294e-49
1.544500000000000000e+03 3.965732602903290441e-50
1.544750000000000000e+03 1.758239865552834872e-49
1.545000000000000000e+03 2.409845152908040945e-49
1.545250000000000000e+03 1.517177956042617039e-49
1.545500000000000000e+03 1.379798243930442343e-49
1.545750000000000000e+03 5.923581758942461370e-50
1.546000000000000000e+03 1.711219066300188600e-49
1.546250000000000000e+03 1.864293051711667750e-49
1.546500000000000000e+03 3.441014836770190873e-49
1.546750000000000000e+03 2.376970802003494234e-49
1.547000000000000000e+03 9.181322346973776893e-50
1.547250000000000000e+03 1.342948625257110447e-49
1.547500000000000000e+03 1.569450110010341051e-49
1.547750000000000000e+03 1.100172598624222149e-49
1.548000000000000000e+03 1.735979926629079450e-49
1.548250000000000000e+03 2.216549699429699509e-49
1.548500000000000000e+03 1.677249446982070956e-49
1.548750000000000000e+03 9.459951318167805887e-50
1.549000000000000000e+03 2.455833303824816758e-49
1.549250000000000000e+03 1.948437256985218079e-49
1.549500000000000000e+03 9.464599000500444141e-50
1.549750000000000000e+03 1.394617794722272927e-49
1.550000000000000000e+03 2.303409943181147665e-49
1.550250000000000000e+03 3.371809506540590236e-49
1.550500000000000000e+03 5.800349672760425475e-49
1.550750000000000000e+03 2.594968414871272879e-49
1.551000000000000000e+03 1.650880388460382577e-49
1.551250000000000000e+03 1.896474027379723603e-49
1.551500000000000000e+03 1.404603921861498214e-48
1.551750000000000000e+03 2.674555112946694874e-49
1.552000000000000000e+03 3.469464815673117998e-49
1.552250000000000000e+03 4.895049892156190728e-49
1.552500000000000000e+03 2.504635014503780010e-49
1.552750000000000000e+03 6.238149530726533521e-49
1.553000000000000000e+03 6.081464719273795841e-49
1.553250000000000000e+03 2.281410120725008897e-49
1.553500000000000000e+03 2.014970839372703081e-49
1.553750000000000000e+03 2.175775512360837014e-49
1.554000000000000000e+03 3.625193620711625690e-49
1.554250000000000000e+03 3.479191651149224906e-49
1.554500000000000000e+03 8.212567656040645553e-50
1.554750000000000000e+03 1.193836889004180225e-49
1.555000000000000000e+03 2.603473877112839840e-49
1.555250000000000000e+03 1.933454975323059120e-49
1.555500000000000000e+03 6.096621528612207881e-50
1.555750000000000000e+03 1.168567802553241363e-49
1.556000000000000000e+03 4.653272095690830036e-49
1.556250000000000000e+03 5.690502747690601585e-49
1.556500000000000000e+03 1.684688024597282893e-49
1.556750000000000000e+03 4.063352545251470731e-50
1.557000000000000000e+03 3.992514666060655038e-50
1.557250000000000000e+03 2.087358819997098531e-49
1.557500000000000000e+03 6.725500508352530295e-50
1.557750000000000000e+03 4.088203980545429100e-49
1.558000000000000000e+03 3.164774754685439836e-49
1.558250000000000000e+03 1.776671479344005479e-49
1.558500000000000000e+03 7.324016589768989770e-50
1.558750000000000000e+03 8.672011285101232222e-50
1.559000000000000000e+03 1.745252930866179338e-50
1.559250000000000000e+03 4.066002035695286203e-50
1.559500000000000000e+03 1.716813142902643672e-49
1.559750000000000000e+03 3.919866476503651945e-49
1.560000000000000000e+03 6.761832373737115749e-49
1.560250000000000000e+03 4.890793434117848419e-49
1.560500000000000000e+03 4.519518082708320773e-49
1.560750000000000000e+03 2.475659647856682850e-49
1.561000000000000000e+03 2.489148182952998084e-49
1.561250000000000000e+03 1.507379788479474531e-49
1.561500000000000000e+03 1.579501922414763519e-49
1.561750000000000000e+03 2.283104109278320607e-49
1.562000000000000000e+03 3.813640471172797442e-50
1.562250000000000000e+03 9.469640070250750462e-50
1.562500000000000000e+03 1.145574796481867030e-49
1.562750000000000000e+03 2.341749393446624892e-49
1.563000000000000000e+03 1.476658248773247896e-49
1.563250000000000000e+03 1.629482893463805863e-49
1.563500000000000000e+03 1.062090976198967174e-49
1.563750000000000000e+03 4.248441670044961696e-49
1.564000000000000000e+03 1.751515135843476127e-49
1.564250000000000000e+03 2.950226566507882604e-49
1.564500000000000000e+03 2.170485802537795689e-49
1.564750000000000000e+03 2.663697792564998682e-49
1.565000000000000000e+03 4.053999368037570350e-49
1.565250000000000000e+03 1.807059654800642035e-49
1.565500000000000000e+03 1.758198543072835899e-49
1.565750000000000000e+03 3.768429927874497851e-49
1.566000000000000000e+03 3.270212920729276413e-49
1.566250000000000000e+03 5.027601486805692929e-50
1.566500000000000000e+03 2.838605663085103559e-50
1.566750000000000000e+03 4.479634071296198920e-49
1.567000000000000000e+03 3.045293555211766004e-49
1.567250000000000000e+03 1.251088833801108448e-49
1.567500000000000000e+03 1.348812457196806195e-49
1.567750000000000000e+03 6.027592415218771305e-50
1.568000000000000000e+03 7.522943372034454587e-50
1.568250000000000000e+03 7.393189518186478490e-50
1.568500000000000000e+03 1.990997064962393075e-49
1.568750000000000000e+03 5.871703204938543443e-50
1.569000000000000000e+03 1.400567943890531217e-49
1.569250000000000000e+03 1.725492263110754156e-49
1.569500000000000000e+03 1.140765284041760244e-49
1.569750000000000000e+03 7.579397501964829815e-50
1.570000000000000000e+03 1.463569200486044813e-49
1.570250000000000000e+03 3.781357121814190907e-50
1.570500000000000000e+03 9.912182723133792660e-50
1.570750000000000000e+03 8.101555872314831686e-50
1.571000000000000000e+03 4.621246642653225021e-50
1.571250000000000000e+03 4.931683115759850011e-50
1.571500000000000000e+03 7.644867929421147095e-50
1.571750000000000000e+03 9.811277009558015356e-51
1.572000000000000000e+03 1.448006639822877223e-49
1.572250000000000000e+03 2.340300815596368715e-50
1.572500000000000000e+03 1.248206623504447276e-49
1.572750000000000000e+03 2.398063432412573933e-49
1.573000000000000000e+03 3.326457707907153906e-49
1.573250000000000000e+03 1.433802504206957681e-49
1.573500000000000000e+03 1.046806293969505507e-49
1.573750000000000000e+03 1.229466439040465052e-49
1.574000000000000000e+03 5.473735331295322463e-50
1.574250000000000000e+03 2.076675949086974566e-49
1.574500000000000000e+03 4.627224026300162464e-49
1.574750000000000000e+03 1.991168619492480602e-49
1.575000000000000000e+03 2.710596247925388293e-49
1.575250000000000000e+03 1.449092977392799249e-49
1.575500000000000000e+03 3.307233522521251963e-49
1.575750000000000000e+03 1.914674075324072921e-49
1.576000000000000000e+03 4.975329189236959192e-50
1.576250000000000000e+03 2.415190914928218175e-49
1.576500000000000000e+03 8.261343835342806350e-50
1.576750000000000000e+03 9.122488729524621198e-50
1.577000000000000000e+03 4.246441821129952653e-49
1.577250000000000000e+03 2.535558231815057578e-49
1.577500000000000000e+03 6.679271237731689952e-50
1.577750000000000000e+03 1.050929958913535774e-49
1.578000000000000000e+03 6.480652280157332667e-50
1.578250000000000000e+03 3.291511726223850361e-49
1.578500000000000000e+03 5.434457837512253503e-50
1.578750000000000000e+03 6.262218170027881530e-50
1.579000000000000000e+03 4.725544816923880723e-50
1.579250000000000000e+03 6.573152337786330803e-50
1.579500000000000000e+03 1.158613933713277095e-49
1.579750000000000000e+03 2.065727923894065040e-49
1.580000000000000000e+03 3.642058551744550889e-49
1.580250000000000000e+03 3.386591445819534877e-49
1.580500000000000000e+03 9.447136816941900802e-50
1.580750000000000000e+03 3.482618814800307809e-49
1.581000000000000000e+03 2.963973623289344764e-49
1.581250000000000000e+03 3.179085954258775722e-49
1.581500000000000000e+03 1.775212493817515843e-49
1.581750000000000000e+03 1.923960386728151765e-49
1.582000000000000000e+03 3.133887097315488643e-49
1.582250000000000000e+03 3.132195494647326511e-49
1.582500000000000000e+03 7.396292857539280531e-50
1.582750000000000000e+03 1.994958624368821627e-49
1.583000000000000000e+03 3.278546377354949552e-49
1.583250000000000000e+03 4.283692538670705470e-49
1.583500000000000000e+03 3.576245057543551259e-50
1.583750000000000000e+03 2.184551615319470715e-49
1.584000000000000000e+03 2.562139649322913354e-49
1.584250000000000000e+03 3.548514902482269043e-49
1.584500000000000000e+03 3.779496839425469017e-49
1.584750000000000000e+03 1.621668369126923251e-49
1.585000000000000000e+03 2.078384420384842250e-49
1.585250000000000000e+03 1.979389730655429861e-49
1.585500000000000000e+03 4.967214903986180094e-49
1.585750000000000000e+03 4.464985321011553866e-49
1.586000000000000000e+03 4.396898558266877602e-49
1.586250000000000000e+03 3.964453955274236099e-49
1.586500000000000000e+03 9.876642573718946318e-50
1.586750000000000000e+03 1.866502453949135058e-49
1.587000000000000000e+03 2.372947454464926375e-50
1.587250000000000000e+03 2.252993629381629135e-49
1.587500000000000000e+03 1.132977061777711806e-49
1.587750000000000000e+03 6.826738536388300486e-50
1.588000000000000000e+03 6.530204860836324505e-50
1.588250000000000000e+03 1.261844923217095601e-49
1.588500000000000000e+03 1.325148957931152791e-49
1.588750000000000000e+03 2.604014896015918664e-49
1.589000000000000000e+03 2.126689854921027723e-49
1.589250000000000000e+03 8.000703966603892080e-50
1.589500000000000000e+03 2.099486050821386009e-49
1.589750000000000000e+03 6.571901350731563913e-50
1.590000000000000000e+03 1.537808779518835543e-49
1.590250000000000000e+03 7.229192816429204722e-50
1.590500000000000000e+03 9.774450360150425041e-50
1.590750000000000000e+03 6.708488404315403844e-50
1.591000000000000000e+03 7.741950373427512262e-50
1.591250000000000000e+03 1.378611626166361813e-49
1.591500000000000000e+03 1.862372050139034404e-49
1.591750000000000000e+03 4.072547008407594412e-50
1.592000000000000000e+03 1.630133677457461966e-49
1.592250000000000000e+03 1.737114373453695937e-49
1.592500000000000000e+03 3.252609074057213208e-49
1.592750000000000000e+03 1.432921326011938621e-49
1.593000000000000000e+03 3.346362372404907103e-49
1.593250000000000000e+03 4.048462677727053737e-49
1.593500000000000000e+03 7.101068731337782467e-50
1.593750000000000000e+03 2.450214653864424849e-49
1.594000000000000000e+03 1.015224217288269547e-49
1.594250000000000000e+03 3.012508560552453007e-50
1.594500000000000000e+03 3.000391356776323815e-49
1.594750000000000000e+03 1.292967634916062319e-49
1.595000000000000000e+03 3.511453364871214673e-49
1.595250000000000000e+03 7.875475188550401150e-51
1.595500000000000000e+03 2.112750495534367138e-49
1.595750000000000000e+03 4.841984981633852621e-50
1.596000000000000000e+03 1.245393696986975562e-49
1.596250000000000000e+03 1.381573981342563764e-49
1.596500000000000000e+03 2.010712656077857791e-50
1.596750000000000000e+03 5.835089865134512510e-50
1.597000000000000000e+03 2.520015326898931129e-49
1.597250000000000000e+03 1.384558335992451385e-49
1.597500000000000000e+03 4.176607663616354624e-49
1.597750000000000000e+03 2.814188979464511061e-49
1.598000000000000000e+03 1.345586158939010292e-49
1.598250000000000000e+03 3.880619315745000910e-50
1.598500000000000000e+03 6.005071349514863300e-50
1.598750000000000000e+03 2.198283821631162811e-49
1.599000000000000000e+03 2.059063146114189234e-49
1.599250000000000000e+03 3.901043460098152448e-49
1.599500000000000000e+03 1.253568256237260172e-50
1.599750000000000000e+03 2.607254478573428061e-49
1.600000000000000000e+03 3.296812624541220423e-49
1.600250000000000000e+03 1.583262179630730580e-49
1.600500000000000000e+03 1.280522629401762168e-49
1.600750000000000000e+03 3.992104564992558685e-50
1.601000000000000000e+03 1.617817289763031071e-50
1.601250000000000000e+03 9.742309442247285337e-50
1.601500000000000000e+03 5.480377322583801307e-50
1.601750000000000000e+03 2.414393362318633502e-49
1.602000000000000000e+03 2.287299592268428188e-49
1.602250000000000000e+03 2.244777847486546442e-49
1.602500000000000000e+03 1.382544276708811965e-49
1.602750000000000000e+03 1.192953895492875326e-50
1.603000000000000000e+03 5.736760810963788941e-50
1.603250000000000000e+03 4.915230709697262067e-50
1.603500000000000000e+03 3.755361908635028720e-50
1.603750000000000000e+03 1.097314482091454994e-49
1.604000000000000000e+03 2.625379383671231549e-49
1.604250000000000000e+03 1.044348102434832708e-49
1.604500000000000000e+03 2.889850169439034906e-50
1.604750000000000000e+03 6.628778930187760393e-50
1.605000000000000000e+03 2.270330342425402306e-49
1.605250000000000000e+03 1.808172013486302806e-49
1.605500000000000000e+03 1.138386868696015337e-49
1.605750000000000000e+03 2.213846358564918759e-49
1.606000000000000000e+03 2.302414648797752010e-49
1.606250000000000000e+03 2.968534082862246392e-49
1.606500000000000000e+03 6.943578556412245886e-50
1.606750000000000000e+03 1.665752541176866880e-49
1.607000000000000000e+03 1.862724570087470434e-49
1.607250000000000000e+03 3.780426163573049603e-49
1.607500000000000000e+03 5.636162716229493200e-50
1.607750000000000000e+03 9.335667620887468106e-50
1.608000000000000000e+03 1.664968872166824050e-49
1.608250000000000000e+03 8.375121514193232414e-50
1.608500000000000000e+03 4.179202958562355532e-50
1.608750000000000000e+03 1.643156954483774446e-49
1.609000000000000000e+03 4.753955883065134621e-50
1.609250000000000000e+03 1.033007061208570473e-49
1.609500000000000000e+03 3.160858348742174404e-49
1.609750000000000000e+03 2.387753709537215722e-49
1.610000000000000000e+03 3.066384266928928563e-49
1.610250000000000000e+03 2.273511498106585003e-49
1.610500000000000000e+03 4.601032553950166936e-49
1.610750000000000000e+03 7.243585800896134292e-50
1.611000000000000000e+03 2.898773745510378649e-49
1.611250000000000000e+03 1.193618209898390755e-49
1.611500000000000000e+03 1.846176939668053172e-49
1.611750000000000000e+03 1.396138147858839835e-49
1.612000000000000000e+03 3.586685552008285982e-50
1.612250000000000000e+03 6.130068809769329226e-50
1.612500000000000000e+03 1.773746380966453285e-49
1.612750000000000000e+03 2.578507841559206907e-49
1.613000000000000000e+03 4.106519095494056780e-50
1.613250000000000000e+03 1.276000548956888639e-49
1.613500000000000000e+03 2.966297488275687083e-50
1.613750000000000000e+03 3.363179556932442169e-49
1.614000000000000000e+03 2.204398757577427389e-49
1.614250000000000000e+03 1.671444850433085850e-49
1.614500000000000000e+03 1.726223551975089389e-49
1.614750000000000000e+03 5.191245841133101596e-49
1.615000000000000000e+03 5.575886926937420465e-49
1.615250000000000000e+03 1.442701144247246143e-49
1.615500000000000000e+03 1.043901561531035241e-49
1.615750000000000000e+03 7.153994817781380817e-50
1.616000000000000000e+03 2.420799492543088838e-50
1.616250000000000000e+03 5.084345633308248770e-50
1.616500000000000000e+03 9.794572866478600484e-50
1.616750000000000000e+03 7.115593969244712512e-50
1.617000000000000000e+03 1.448078745929044764e-49
1.617250000000000000e+03 1.702017068142365616e-49
1.617500000000000000e+03 1.448702543834699626e-49
1.617750000000000000e+03 1.698437439599258016e-49
1.618000000000000000e+03 7.611351580639011075e-50
1.618250000000000000e+03 1.900504035875864940e-49
1.618500000000000000e+03 3.002713572896519184e-49
1.618750000000000000e+03 2.304521582276610565e-49
1.619000000000000000e+03 2.027705900373138096e-49
1.619250000000000000e+03 2.448184979835320811e-50
1.619500000000000000e+03 2.308152992700200670e-49
1.619750000000000000e+03 2.993483672217917353e-50
1.620000000000000000e+03 8.156751002578761648e-50
1.620250000000000000e+03 2.671774990762334367e-49
1.620500000000000000e+03 3.222200728865583085e-49
1.620750000000000000e+03 1.455564410706949415e-49
1.621000000000000000e+03 4.937997437543070117e-50
1.621250000000000000e+03 2.621552907276322415e-49
1.621500000000000000e+03 8.779162146145946573e-50
1.621750000000000000e+03 1.400531870060835094e-49
1.622000000000000000e+03 1.276062620744637340e-49
1.622250000000000000e+03 1.878764065844668992e-49
1.622500000000000000e+03 1.134915852469972100e-49
1.622750000000000000e+03 4.093033906266472605e-49
1.623000000000000000e+03 4.126069166678527256e-49
1.623250000000000000e+03 2.810860838132347020e-49
1.623500000000000000e+03 1.574071320285208746e-49
1.623750000000000000e+03 2.568937907132989349e-50
1.624000000000000000e+03 1.929234850816531336e-49
1.624250000000000000e+03 5.557225833126466987e-50
1.624500000000000000e+03 1.340091862671697403e-49
1.624750000000000000e+03 1.026130761911216466e-49
1.625000000000000000e+03 8.098190619361694089e-50
1.625250000000000000e+03 1.219468200775946945e-49
1.625500000000000000e+03 1.488063387963014001e-49
1.625750000000000000e+03 4.040869312413307775e-50
1.626000000000000000e+03 5.375932056571720469e-50
1.626250000000000000e+03 5.368767290480410727e-50
1.626500000000000000e+03 6.458670545545661809e-50
1.626750000000000000e+03 9.712279004285289667e-50
1.627000000000000000e+03 1.167483913172507087e-49
1.627250000000000000e+03 3.973842340563074679e-49
1.627500000000000000e+03 8.871840614562311610e-50
1.627750000000000000e+03 2.065575610805291670e-49
1.628000000000000000e+03 3.076117731176275556e-49
1.628250000000000000e+03 9.291836805867170109e-50
1.628500000000000000e+03 8.576672243204901257e-50
1.628750000000000000e+03 2.389746152003911070e-49
1.629000000000000000e+03 2.071231186406631539e-49
1.629250000000000000e+03 8.815665322008668423e-50
1.629500000000000000e+03 6.821961980701668910e-51
1.629750000000000000e+03 1.321140158869045515e-49
1.630000000000000000e+03 1.897330463521180477e-49
1.630250000000000000e+03 3.752060432198464594e-49
1.630500000000000000e+03 9.200387392843480046e-50
1.630750000000000000e+03 3.258288512899024848e-49
1.631000000000000000e+03 1.569463879481338642e-49
1.631250000000000000e+03 1.392246414748660570e-49
1.631500000000000000e+03 1.162345543200322873e-49
1.631750000000000000e+03 2.068741372398573763e-49
1.632000000000000000e+03 2.151848046211143237e-49
1.632250000000000000e+03 4.412012606559446552e-49
1.632500000000000000e+03 1.360151836653537189e-49
1.632750000000000000e+03 2.368387412438357594e-49
1.633000000000000000e+03 5.611566268168511715e-50
1.633250000000000000e+03 2.909691046697343045e-49
1.633500000000000000e+03 6.140339104403707854e-50
1.633750000000000000e+03 1.029450593423958913e-49
1.634000000000000000e+03 4.037632086512128497e-50
1.634250000000000000e+03 8.728913499135136544e-50
1.634500000000000000e+03 3.576147254087094189e-50
1.634750000000000000e+03 2.115444812674379740e-49
1.635000000000000000e+03 2.003846653243608184e-49
1.635250000000000000e+03 3.575043807638564521e-49
1.635500000000000000e+03 3.631066181184759614e-49
1.635750000000000000e+03 2.979914565591759289e-49
1.636000000000000000e+03 1.732161497722215750e-49
1.636250000000000000e+03 1.043154131205853349e-49
1.636500000000000000e+03 3.992846289923655896e-50
1.636750000000000000e+03 8.783544216261843449e-50
1.637000000000000000e+03 1.039713031096048238e-49
1.637250000000000000e+03 2.147097955816706248e-49
1.637500000000000000e+03 1.685411124666121831e-49
1.637750000000000000e+03 9.890983105567926172e-50
1.638000000000000000e+03 2.658094213864393952e-49
1.638250000000000000e+03 3.632829825216544119e-49
1.638500000000000000e+03 2.938837292020386945e-49
1.638750000000000000e+03 3.266129918127622260e-49
1.639000000000000000e+03 3.941107060880535786e-50
1.639250000000000000e+03 1.881864655386953649e-49
1.639500000000000000e+03 2.914900252715113828e-49
1.639750000000000000e+03 6.694388829860507329e-50
1.640000000000000000e+03 3.144465187202400912e-49
1.640250000000000000e+03 1.777015374339084890e-49
1.640500000000000000e+03 2.865793020087785583e-49
1.640750000000000000e+03 1.070801084874416028e-49
1.641000000000000000e+03 7.079809583035901506e-50
1.641250000000000000e+03 8.806700682407195639e-50
1.641500000000000000e+03 8.876374805503046477e-50
1.641750000000000000e+03 1.860556854411763426e-49
1.642000000000000000e+03 6.801536620761787545e-50
1.642250000000000000e+03 1.174743720737742406e-49
1.642500000000000000e+03 7.651606344509397185e-50
1.642750000000000000e+03 1.776190966299151963e-49
1.643000000000000000e+03 9.941313129027946628e-50
1.643250000000000000e+03 1.859518002672666911e-49
1.643500000000000000e+03 2.195416805124918203e-49
1.643750000000000000e+03 3.468948554831854844e-49
1.644000000000000000e+03 1.750437133281146402e-49
1.644250000000000000e+03 2.097549851927023143e-49
1.644500000000000000e+03 8.997832417507868598e-49
1.644750000000000000e+03 4.923811485236343074e-49
1.645000000000000000e+03 1.020191380624032580e-49
1.645250000000000000e+03 1.472545194677299987e-49
1.645500000000000000e+03 4.302192012957043268e-50
1.645750000000000000e+03 9.326538682459696341e-50
1.646000000000000000e+03 7.067702118568878681e-50
1.646250000000000000e+03 6.197320599177658904e-50
1.646500000000000000e+03 4.313606766176347791e-50
1.646750000000000000e+03 7.297818330292005594e-50
1.647000000000000000e+03 1.259489964192821262e-49
1.647250000000000000e+03 1.714949373691678889e-49
1.647500000000000000e+03 2.108188870434088076e-49
1.647750000000000000e+03 1.254625406530200809e-49
1.648000000000000000e+03 1.165436169337441850e-49
1.648250000000000000e+03 5.422994861813214297e-50
1.648500000000000000e+03 1.137735708351888343e-49
1.648750000000000000e+03 7.966815502341821059e-50
1.649000000000000000e+03 3.826638460088909438e-49
1.649250000000000000e+03 1.718484084158061620e-49
1.649500000000000000e+03 1.303694231466806209e-49
1.649750000000000000e+03 1.076423483139400551e-49
1.650000000000000000e+03 1.389117984701122950e-49
1.650250000000000000e+03 1.234777773389421237e-49
1.650500000000000000e+03 2.376307123351332988e-49
1.650750000000000000e+03 3.098249594106205207e-49
1.651000000000000000e+03 3.291527691638618483e-50
1.651250000000000000e+03 4.108660019216018541e-49
1.651500000000000000e+03 2.375811942257382396e-49
1.651750000000000000e+03 1.605451083555853136e-49
1.652000000000000000e+03 4.447827495183132640e-50
1.652250000000000000e+03 1.369755545189823914e-50
1.652500000000000000e+03 3.150357370588352875e-49
1.652750000000000000e+03 6.749423164078286338e-50
1.653000000000000000e+03 1.009947360216253145e-49
1.653250000000000000e+03 7.805292932929578138e-50
1.653500000000000000e+03 2.467209158364536349e-50
1.653750000000000000e+03 9.408394642359186228e-50
1.654000000000000000e+03 1.188909347661387703e-49
1.654250000000000000e+03 1.591418073529154682e-50
1.654500000000000000e+03 9.594616133314602666e-50
1.654750000000000000e+03 1.676505808116840165e-49
1.655000000000000000e+03 2.435943466352131008e-49
1.655250000000000000e+03 4.495373940368493600e-49
1.655500000000000000e+03 1.867204980675643749e-49
1.655750000000000000e+03 7.978643308623996946e-50
1.656000000000000000e+03 1.048005830238954259e-49
1.656250000000000000e+03 8.780621158318580506e-50
1.656500000000000000e+03 1.060406850309153557e-49
1.656750000000000000e+03 8.203476967489917368e-50
1.657000000000000000e+03 1.063052002297709429e-49
1.657250000000000000e+03 1.656265165294691772e-49
1.657500000000000000e+03 6.563703496195139808e-50
1.657750000000000000e+03 2.667093420289651151e-49
1.658000000000000000e+03 1.086642447523112780e-49
1.658250000000000000e+03 1.051723063579493180e-49
1.658500000000000000e+03 8.374731366867511770e-50
1.658750000000000000e+03 1.038088175784846326e-49
1.659000000000000000e+03 1.708551838896080698e-49
1.659250000000000000e+03 3.291195704044221764e-50
1.659500000000000000e+03 8.885990899693557356e-50
1.659750000000000000e+03 5.097081678345797384e-49
1.660000000000000000e+03 6.620370181249034424e-49
1.660250000000000000e+03 9.769888955879918378e-50
1.660500000000000000e+03 2.476720203760540243e-49
1.660750000000000000e+03 9.274219159057889361e-50
1.661000000000000000e+03 2.405096087704061493e-49
1.661250000000000000e+03 1.307332235276275385e-49
1.661500000000000000e+03 2.325857045710090163e-49
1.661750000000000000e+03 2.089702265449904346e-49
1.662000000000000000e+03 1.423516403027932973e-49
1.662250000000000000e+03 1.929400188168375885e-49
1.662500000000000000e+03 2.015342820576174852e-49
1.662750000000000000e+03 2.206546873746395563e-49
1.663000000000000000e+03 1.929384276540058140e-49
1.663250000000000000e+03 1.437982145050112171e-49
1.663500000000000000e+03 4.796904959303389911e-49
1.663750000000000000e+03 2.539439743543783299e-51
1.664000000000000000e+03 1.955833216211408764e-50
1.664250000000000000e+03 2.117114952367908353e-49
1.664500000000000000e+03 1.284137563253546002e-49
1.664750000000000000e+03 7.603464973330232159e-50
1.665000000000000000e+03 3.366714559728167964e-49
1.665250000000000000e+03 8.503363283416183262e-50
1.665500000000000000e+03 7.983177194368018392e-50
1.665750000000000000e+03 7.742472199571502705e-50
1.666000000000000000e+03 3.531868984384045429e-49
1.666250000000000000e+03 2.770612383429441294e-49
1.666500000000000000e+03 5.253894131712593738e-49
1.666750000000000000e+03 1.731098973625048004e-49
1.667000000000000000e+03 1.987505428151754503e-49
1.667250000000000000e+03 2.109210495373859496e-49
1.667500000000000000e+03 6.653405601464412821e-50
1.667750000000000000e+03 1.103151693530016808e-49
1.668000000000000000e+03 1.521088428096181478e-49
1.668250000000000000e+03 1.473071921267328621e-49
1.668500000000000000e+03 2.857253613501799543e-49
1.668750000000000000e+03 1.700758570936945380e-49
1.669000000000000000e+03 2.721068826167252223e-49
1.669250000000000000e+03 1.786939983000383423e-49
1.669500000000000000e+03 1.879977488417010502e-49
1.669750000000000000e+03 9.296219480149617649e-50
1.670000000000000000e+03 3.185082274145936635e-50
1.670250000000000000e+03 2.529031798560492580e-49
1.670500000000000000e+03 1.855436531220668750e-49
1.670750000000000000e+03 5.472829401306359124e-50
1.671000000000000000e+03 1.163663338835327511e-49
1.671250000000000000e+03 5.181442177755975650e-49
1.671500000000000000e+03 1.870247452611036870e-49
1.671750000000000000e+03 1.415030319489095632e-49
1.672000000000000000e+03 2.196410817141921670e-49
1.672250000000000000e+03 9.862833235324934288e-50
1.672500000000000000e+03 6.953042467033448064e-50
1.672750000000000000e+03 6.162330086808831589e-50
1.673000000000000000e+03 1.726167496735085885e-49
1.673250000000000000e+03 7.355101553430884887e-50
1.673500000000000000e+03 8.110361690806381801e-50
1.673750000000000000e+03 2.172172852875823473e-49
1.674000000000000000e+03 7.773583496807951760e-50
1.674250000000000000e+03 2.615067778705387796e-49
1.674500000000000000e+03 3.310385164988211748e-49
1.674750000000000000e+03 2.674682137713952445e-49
1.675000000000000000e+03 1.193541529371517831e-49
1.675250000000000000e+03 2.043856384046976681e-49
1.675500000000000000e+03 7.704063669677884672e-50
1.675750000000000000e+03 1.540954136007934895e-49
1.676000000000000000e+03 4.067671671220801958e-50
1.676250000000000000e+03 8.597116318964171998e-50
1.676500000000000000e+03 1.189158002645853096e-49
1.676750000000000000e+03 1.303708659968616066e-49
1.677000000000000000e+03 2.913958540191365851e-49
1.677250000000000000e+03 1.435172716638970717e-49
1.677500000000000000e+03 2.266848467467985916e-49
1.677750000000000000e+03 1.724793266167727624e-49
1.678000000000000000e+03 3.184741038569021453e-49
1.678250000000000000e+03 2.451661256922529654e-49
1.678500000000000000e+03 3.235339808922433938e-49
1.678750000000000000e+03 1.590337129937677099e-49
1.679000000000000000e+03 1.082520196401000743e-49
1.679250000000000000e+03 2.239180300725356717e-49
1.679500000000000000e+03 8.548823350418257554e-50
1.679750000000000000e+03 1.805615041615719029e-50
1.680000000000000000e+03 8.414241400562550111e-50
1.680250000000000000e+03 2.370039666717466037e-50
1.680500000000000000e+03 1.210501931175977117e-49
1.680750000000000000e+03 3.305929787257733117e-50
1.681000000000000000e+03 3.863223469943250360e-50
1.681250000000000000e+03 7.181593085578849773e-50
1.681500000000000000e+03 1.603798225919662597e-49
1.681750000000000000e+03 6.775934211862456644e-50
1.682000000000000000e+03 1.019827190837917318e-49
1.682250000000000000e+03 1.732240852629620686e-49
1.682500000000000000e+03 1.874592819619167323e-49
1.682750000000000000e+03 1.013045547264029029e-49
1.683000000000000000e+03 1.049746051425254751e-49
1.683250000000000000e+03 1.684519097459396940e-49
1.683500000000000000e+03 4.796347412825324513e-49
1.683750000000000000e+03 2.319987480605357420e-49
1.684000000000000000e+03 2.671937391806400017e-49
1.684250000000000000e+03 2.893707137582522984e-49
1.684500000000000000e+03 1.495081552624601276e-49
1.684750000000000000e+03 1.136674070572210998e-49
1.685000000000000000e+03 2.130854597113863996e-49
1.685250000000000000e+03 1.937703855541795797e-49
1.685500000000000000e+03 2.180509100902547547e-49
1.685750000000000000e+03 7.489804706456296127e-50
1.686000000000000000e+03 8.024253787605703710e-50
1.686250000000000000e+03 2.051101946245336294e-49
1.686500000000000000e+03 1.294977268815437510e-49
1.686750000000000000e+03 5.990951597803759241e-50
1.687000000000000000e+03 1.773950429208083762e-50
1.687250000000000000e+03 7.289550682461749915e-50
1.687500000000000000e+03 1.882584560323425142e-49
1.687750000000000000e+03 3.302000623175513321e-50
1.688000000000000000e+03 8.605398341708945390e-50
1.688250000000000000e+03 2.007824928448596512e-49
1.688500000000000000e+03 1.170649892099443754e-49
1.688750000000000000e+03 1.832174247677746365e-49
1.689000000000000000e+03 1.004932614810759726e-49
1.689250000000000000e+03 1.330224901902592945e-49
1.689500000000000000e+03 1.762782245470156766e-49
1.689750000000000000e+03 1.357194679481446219e-50
1.690000000000000000e+03 5.743553597363086188e-50
1.690250000000000000e+03 7.194116365136515757e-50
1.690500000000000000e+03 1.061982456922344195e-49
1.690750000000000000e+03 4.354493540601833921e-50
1.691000000000000000e+03 2.772188994841878852e-49
1.691250000000000000e+03 1.578568775733103748e-49
1.691500000000000000e+03 1.425377065101321548e-49
1.691750000000000000e+03 5.067264384340130621e-50
1.692000000000000000e+03 7.630627239737487240e-50
1.692250000000000000e+03 3.632495153321814161e-50
1.692500000000000000e+03 2.186334406819450351e-49
1.692750000000000000e+03 1.813034524379968707e-49
1.693000000000000000e+03 3.874714313740018239e-50
1.693250000000000000e+03 1.835786785882041357e-49
1.693500000000000000e+03 2.823968477355981454e-50
1.693750000000000000e+03 1.429360134431377338e-49
1.694000000000000000e+03 8.513763316899085869e-50
1.694250000000000000e+03 9.244543742505613549e-50
1.694500000000000000e+03 8.605067648243481682e-50
1.694750000000000000e+03 2.635637045250614402e-49
1.695000000000000000e+03 3.818148577699701628e-49
1.695250000000000000e+03 2.250375596505477050e-49
1.695500000000000000e+03 2.014915494133639214e-49
1.695750000000000000e+03 1.732437769140393679e-49
1.696000000000000000e+03 1.710949775289341219e-49
1.696250000000000000e+03 7.805796840984725364e-50
1.696500000000000000e+03 8.910858301059119901e-50
1.696750000000000000e+03 1.197947031666331166e-49
1.697000000000000000e+03 1.205634226190105897e-49
1.697250000000000000e+03 5.136655453825594590e-50
1.697500000000000000e+03 2.033999699146448475e-50
1.697750000000000000e+03 4.966732905078275449e-50
1.698000000000000000e+03 5.817237193580735676e-50
1.698250000000000000e+03 1.858035052000321148e-49
1.698500000000000000e+03 4.221391278737484903e-50
1.698750000000000000e+03 1.468928314856036874e-49
1.699000000000000000e+03 2.159061665645812291e-49
1.699250000000000000e+03 4.170573772104837905e-49
1.699500000000000000e+03 9.463302491798062861e-50
1.699750000000000000e+03 2.161173042362805599e-49
1.700000000000000000e+03 1.740611271384837457e-50
1.700250000000000000e+03 2.045987181400226171e-49
1.700500000000000000e+03 5.811358732804597848e-50
1.700750000000000000e+03 2.333551838112255559e-49
1.701000000000000000e+03 2.534505022426070406e-49
1.701250000000000000e+03 1.116312184235342545e-49
1.701500000000000000e+03 9.604464726341098047e-50
1.701750000000000000e+03 1.246900224003222322e-49
1.702000000000000000e+03 1.313869776439105466e-50
1.702250000000000000e+03 2.538815893251775416e-49
1.702500000000000000e+03 2.092004524801148807e-49
1.702750000000000000e+03 2.441506615533675227e-49
1.703000000000000000e+03 1.078736934011035333e-49
1.703250000000000000e+03 1.387573954444724982e-49
1.703500000000000000e+03 6.196336468144297830e-50
1.703750000000000000e+03 1.951093749172313154e-49
1.704000000000000000e+03 1.752337909304288682e-49
1.704250000000000000e+03 8.225723710981141767e-50
1.704500000000000000e+03 1.059429060293542450e-49
1.704750000000000000e+03 1.480030761758065426e-49
1.705000000000000000e+03 1.517632115672761903e-49
1.705250000000000000e+03 1.252197384597755445e-49
1.705500000000000000e+03 9.682696788469202284e-50
1.705750000000000000e+03 1.066420468738327339e-49
1.706000000000000000e+03 2.275635820707598487e-49
1.706250000000000000e+03 1.198687306684213019e-49
1.706500000000000000e+03 1.611425435528535451e-49
1.706750000000000000e+03 1.438695747165294113e-49
1.707000000000000000e+03 1.636903427569122483e-49
1.707250000000000000e+03 2.428544497394517446e-49
1.707500000000000000e+03 1.049653330153918336e-49
1.707750000000000000e+03 1.573080508404715655e-49
1.708000000000000000e+03 1.695652115378191062e-49
1.708250000000000000e+03 1.425313804349530795e-49
1.708500000000000000e+03 3.381345482984221439e-50
1.708750000000000000e+03 1.363785033281821729e-49
1.709000000000000000e+03 8.036844428582791432e-51
1.709250000000000000e+03 1.316799997307770547e-50
1.709500000000000000e+03 4.061486773264973212e-50
1.709750000000000000e+03 2.077733352877567110e-49
1.710000000000000000e+03 1.939145300645393739e-49
1.710250000000000000e+03 2.614878326699522493e-49
1.710500000000000000e+03 1.390184418669260325e-49
1.710750000000000000e+03 2.443456747766151919e-49
1.711000000000000000e+03 9.593946722190702034e-50
1.711250000000000000e+03 6.762634641318217164e-50
1.711500000000000000e+03 1.187336238321788146e-49
1.711750000000000000e+03 9.150807817285348675e-50
1.712000000000000000e+03 1.925521667005868587e-49
1.712250000000000000e+03 1.639708438327232094e-49
1.712500000000000000e+03 2.327205619852340293e-49
1.712750000000000000e+03 8.075448644531239691e-50
1.713000000000000000e+03 2.889194515335840553e-49
1.713250000000000000e+03 5.847026882370450729e-49
1.713500000000000000e+03 2.717229959923391871e-50
1.713750000000000000e+03 3.540218540603286013e-49
1.714000000000000000e+03 1.200677592000522778e-49
1.714250000000000000e+03 2.932843547578834543e-49
1.714500000000000000e+03 1.587818774878910116e-50
1.714750000000000000e+03 1.139496570637809964e-49
1.715000000000000000e+03 1.422934436941594747e-49
1.715250000000000000e+03 1.258161945937776143e-49
1.715500000000000000e+03 8.445591377992871585e-50
1.715750000000000000e+03 4.865307441753965682e-49
1.716000000000000000e+03 3.308230325251801813e-49
1.716250000000000000e+03 5.976918556322764499e-49
1.716500000000000000e+03 4.942133719174801585e-49
1.716750000000000000e+03 6.810528536595230861e-50
1.717000000000000000e+03 1.253900245263573457e-49
1.717250000000000000e+03 9.096985995719409763e-50
1.717500000000000000e+03 2.935697538955361463e-50
1.717750000000000000e+03 1.085684944248299831e-49
1.718000000000000000e+03 1.309168383153306093e-49
1.718250000000000000e+03 4.359095642340502884e-49
1.718500000000000000e+03 3.102016881433489664e-49
1.718750000000000000e+03 1.963791210798777826e-49
1.719000000000000000e+03 1.552191768375032294e-49
1.719250000000000000e+03 4.518315695425933237e-49
1.719500000000000000e+03 2.846986762854817955e-49
1.719750000000000000e+03 7.631108597305016418e-50
1.720000000000000000e+03 8.579655708274965900e-50
1.720250000000000000e+03 1.768602771133329033e-49
1.720500000000000000e+03 1.499266937935117885e-49
1.720750000000000000e+03 9.832809613605402122e-50
1.721000000000000000e+03 1.825095846997908868e-49
1.721250000000000000e+03 1.824219879906507106e-49
1.721500000000000000e+03 5.743650186165831205e-50
1.721750000000000000e+03 4.898619808135626091e-50
1.722000000000000000e+03 4.139006946790958236e-50
1.722250000000000000e+03 3.296564533269445158e-50
1.722500000000000000e+03 2.878272339161903641e-50
1.722750000000000000e+03 8.151030556508859374e-50
1.723000000000000000e+03 1.628059681191811502e-49
1.723250000000000000e+03 2.794757625148844826e-49
1.723500000000000000e+03 3.716748546127722626e-50
1.723750000000000000e+03 2.762028843779333284e-49
1.724000000000000000e+03 2.721396049456028198e-49
1.724250000000000000e+03 1.864083183986006256e-49
1.724500000000000000e+03 1.529773665938562400e-50
1.724750000000000000e+03 1.703625507549788025e-50
1.725000000000000000e+03 2.272179597639517220e-50
1.725250000000000000e+03 1.267665004228297826e-49
1.725500000000000000e+03 5.670071059514026564e-49
1.725750000000000000e+03 1.475091190069349492e-49
1.726000000000000000e+03 4.627169558044331767e-49
1.726250000000000000e+03 1.595329404896014666e-49
1.726500000000000000e+03 2.586794638777850287e-50
1.726750000000000000e+03 9.001832007627418511e-50
1.727000000000000000e+03 1.732510721927471750e-49
1.727250000000000000e+03 9.262543785614848936e-50
1.727500000000000000e+03 6.880433933251965303e-50
1.727750000000000000e+03 6.319374186856019227e-50
1.728000000000000000e+03 1.548388456700734670e-49
1.728250000000000000e+03 1.739847470518733182e-49
1.728500000000000000e+03 8.217295620519357590e-50
1.728750000000000000e+03 7.102885843983022102e-50
1.729000000000000000e+03 3.808540563536488209e-50
1.729250000000000000e+03 1.618991917628721972e-49
1.729500000000000000e+03 1.857611477941762527e-49
1.729750000000000000e+03 1.357287541676630315e-49
1.730000000000000000e+03 7.360986915388983386e-50
1.730250000000000000e+03 1.563144338051982545e-49
1.730500000000000000e+03 2.594673244854036221e-49
1.730750000000000000e+03 1.586644093474280306e-49
1.731000000000000000e+03 1.912994701078509103e-49
1.731250000000000000e+03 1.678285732603522908e-49
1.731500000000000000e+03 1.113798303784098852e-49
1.731750000000000000e+03 2.291814812612745614e-50
1.732000000000000000e+03 3.287871324948983559e-49
1.732250000000000000e+03 1.722733988812417071e-49
1.732500000000000000e+03 1.312373543674957330e-49
1.732750000000000000e+03 1.953633710369183240e-49
1.733000000000000000e+03 9.901396213639615940e-50
1.733250000000000000e+03 9.053675317781581879e-51
1.733500000000000000e+03 1.786568787727634255e-50
1.733750000000000000e+03 6.719765040518112831e-50
1.734000000000000000e+03 1.423267593276642913e-49
1.734250000000000000e+03 1.624381915097844151e-49
1.734500000000000000e+03 4.370768015432054288e-49
1.734750000000000000e+03 4.977699701425612053e-49
1.735000000000000000e+03 4.055180530843644003e-49
1.735250000000000000e+03 2.801141275296484714e-49
1.735500000000000000e+03 1.843527385530435356e-49
1.735750000000000000e+03 6.043881942240546186e-50
1.736000000000000000e+03 2.954585350134121861e-49
1.736250000000000000e+03 1.699181570940947142e-49
1.736500000000000000e+03 7.215152672234187060e-50
1.736750000000000000e+03 3.873216725851155230e-49
1.737000000000000000e+03 3.180853973652606381e-49
1.737250000000000000e+03 6.776975515476454833e-50
1.737500000000000000e+03 1.857973670497843693e-49
1.737750000000000000e+03 1.812393057003936194e-49
1.738000000000000000e+03 2.251118105278101040e-49
1.738250000000000000e+03 9.235782695083403935e-50
1.738500000000000000e+03 6.645714625315320759e-50
1.738750000000000000e+03 7.186021041670120811e-50
1.739000000000000000e+03 9.186532142300107358e-50
1.739250000000000000e+03 7.251476833793384559e-50
1.739500000000000000e+03 1.259527114313946659e-49
1.739750000000000000e+03 1.968386812136884293e-49
1.740000000000000000e+03 2.427861650582282795e-49
1.740250000000000000e+03 3.475142933108649752e-49
1.740500000000000000e+03 2.594890365328182231e-49
1.740750000000000000e+03 3.906773970371482900e-50
1.741000000000000000e+03 7.096467771116830717e-50
1.741250000000000000e+03 8.340986261059398955e-50
1.741500000000000000e+03 2.234938976097485579e-49
1.741750000000000000e+03 2.065987614898262658e-49
1.742000000000000000e+03 2.725904800035314355e-49
1.742250000000000000e+03 1.831189919370360856e-49
1.742500000000000000e+03 3.380216368687208639e-50
1.742750000000000000e+03 1.229534415673495795e-49
1.743000000000000000e+03 3.961013864830378764e-50
1.743250000000000000e+03 1.720455212219933412e-49
1.743500000000000000e+03 1.867386870128690369e-49
1.743750000000000000e+03 1.443811460085606457e-50
1.744000000000000000e+03 4.098399896598893620e-50
1.744250000000000000e+03 8.710337151515337358e-50
1.744500000000000000e+03 1.016299109716321207e-49
1.744750000000000000e+03 2.245254248806790235e-49
1.745000000000000000e+03 8.142587138556233196e-50
1.745250000000000000e+03 4.659879126296502475e-50
1.745500000000000000e+03 1.645390270491812107e-49
1.745750000000000000e+03 1.890771591386885546e-49
1.746000000000000000e+03 1.758510402613874125e-49
1.746250000000000000e+03 8.585781167441704379e-50
1.746500000000000000e+03 1.169169958407561201e-49
1.746750000000000000e+03 2.487810097844819271e-49
1.747000000000000000e+03 4.492191405070556409e-49
1.747250000000000000e+03 1.013333999115540962e-49
1.747500000000000000e+03 6.128991103138146057e-50
1.747750000000000000e+03 2.272522453316982553e-49
1.748000000000000000e+03 1.949066937065646420e-50
1.748250000000000000e+03 8.145686121730683864e-50
1.748500000000000000e+03 7.309792071210080099e-50
1.748750000000000000e+03 6.225631708556588893e-50
1.749000000000000000e+03 4.747631054008380076e-50
1.749250000000000000e+03 2.188429933327683380e-50
1.749500000000000000e+03 9.710994980427370209e-50
1.749750000000000000e+03 3.997583126075731480e-50
1.750000000000000000e+03 1.036807061504631476e-49
1.750250000000000000e+03 3.766191326919367578e-50
1.750500000000000000e+03 2.417924472534225060e-50
1.750750000000000000e+03 6.171534132100615901e-50
1.751000000000000000e+03 1.559948689451557870e-49
1.751250000000000000e+03 4.914526260845556471e-50
1.751500000000000000e+03 5.587943871889874332e-50
1.751750000000000000e+03 1.080496094913061483e-49
1.752000000000000000e+03 8.093883690546830762e-50
1.752250000000000000e+03 1.251556618644276840e-49
1.752500000000000000e+03 1.629439162115412131e-49
1.752750000000000000e+03 1.741966795436037185e-49
1.753000000000000000e+03 1.392493287414903406e-49
1.753250000000000000e+03 1.204784023464303542e-49
1.753500000000000000e+03 1.795579743938492971e-49
1.753750000000000000e+03 9.262562453147358694e-50
1.754000000000000000e+03 1.225242038897638353e-49
1.754250000000000000e+03 5.442303588804902398e-50
1.754500000000000000e+03 4.651386560648755013e-51
1.754750000000000000e+03 1.076010465060579402e-49
1.755000000000000000e+03 1.414911603280173813e-49
1.755250000000000000e+03 1.493051995647077493e-49
1.755500000000000000e+03 1.521560359651625341e-49
1.755750000000000000e+03 2.645184872128297765e-49
1.756000000000000000e+03 1.026027639753856344e-49
1.756250000000000000e+03 4.311416598359878510e-50
1.756500000000000000e+03 2.659461925569200341e-50
1.756750000000000000e+03 2.000230703916908311e-50
1.757000000000000000e+03 2.404679190587533277e-49
1.757250000000000000e+03 2.136082718299008302e-49
1.757500000000000000e+03 7.002860979948791204e-50
1.757750000000000000e+03 1.613717272221083865e-49
1.758000000000000000e+03 4.426164178154889150e-50
1.758250000000000000e+03 1.384587360838946038e-49
1.758500000000000000e+03 1.447217267421935918e-49
1.758750000000000000e+03 3.010198480417889423e-50
1.759000000000000000e+03 4.557845214452992253e-50
1.759250000000000000e+03 4.195257060079731742e-50
1.759500000000000000e+03 1.821968233023771593e-49
1.759750000000000000e+03 8.956847949871282669e-50
1.760000000000000000e+03 1.607684949271274454e-49
1.760250000000000000e+03 1.528386258381414406e-49
1.760500000000000000e+03 1.615615982669206806e-49
1.760750000000000000e+03 1.697937105498060863e-49
1.761000000000000000e+03 1.544950938910319088e-49
1.761250000000000000e+03 4.798676486898364485e-50
1.761500000000000000e+03 6.388439100214058849e-50
1.761750000000000000e+03 2.087803999593553536e-49
1.762000000000000000e+03 2.705085542669354898e-50
1.762250000000000000e+03 1.608541197631504971e-49
1.762500000000000000e+03 1.543226019000418425e-49
1.762750000000000000e+03 2.953642790159995339e-49
1.763000000000000000e+03 6.041695891213702607e-50
1.763250000000000000e+03 1.368790658326355926e-50
1.763500000000000000e+03 5.510055140717132785e-50
1.763750000000000000e+03 1.159607862098963834e-49
1.764000000000000000e+03 1.165184577889842475e-49
1.764250000000000000e+03 1.760450040057656697e-50
1.764500000000000000e+03 1.568531082962567892e-49
1.764750000000000000e+03 9.862267737221890151e-50
1.765000000000000000e+03 8.618178654992486337e-50
1.765250000000000000e+03 7.430143864638512338e-50
1.765500000000000000e+03 2.146659221423975955e-49
1.765750000000000000e+03 9.382374097463694611e-50
1.766000000000000000e+03 1.333755665169371016e-49
1.766250000000000000e+03 9.776459752922885057e-50
1.766500000000000000e+03 2.562032018232835535e-49
1.766750000000000000e+03 1.065155789071348018e-49
1.767000000000000000e+03 1.978406126883026794e-50
1.767250000000000000e+03 5.899102753898199393e-50
1.767500000000000000e+03 1.418610339859710555e-50
1.767750000000000000e+03 2.069490231154900838e-50
1.768000000000000000e+03 1.101691342468452191e-49
1.768250000000000000e+03 1.314712057168374257e-49
1.768500000000000000e+03 2.147043149077922182e-50
1.768750000000000000e+03 3.387195952786293511e-50
1.769000000000000000e+03 2.399111727434380978e-50
1.769250000000000000e+03 3.153274603011547840e-50
1.769500000000000000e+03 1.178945307554939830e-49
1.769750000000000000e+03 1.845300144906406475e-49
1.770000000000000000e+03 2.861367215240701054e-49
1.770250000000000000e+03 7.341943543906690620e-50
1.770500000000000000e+03 3.279311949309327900e-49
1.770750000000000000e+03 2.014598658830453402e-49
1.771000000000000000e+03 1.518238110866696271e-49
1.771250000000000000e+03 1.157552130543352477e-49
1.771500000000000000e+03 1.780658022035974152e-49
1.771750000000000000e+03 2.362162511308575339e-50
1.772000000000000000e+03 1.402676667711178871e-49
1.772250000000000000e+03 1.282146033382271733e-49
1.772500000000000000e+03 1.695053198576957007e-49
1.772750000000000000e+03 1.967042446774763220e-49
1.773000000000000000e+03 1.458252588164376295e-49
1.773250000000000000e+03 1.425084067222236246e-49
1.773500000000000000e+03 9.852938936811911762e-50
1.773750000000000000e+03 1.397288923685647748e-49
1.774000000000000000e+03 1.120182183511569137e-49
1.774250000000000000e+03 1.202040028663822157e-49
1.774500000000000000e+03 9.209455140467626711e-50
1.774750000000000000e+03 1.442428509965153957e-49
1.775000000000000000e+03 1.259117137406895923e-49
1.775250000000000000e+03 1.790533976312515717e-49
1.775500000000000000e+03 3.934954063766102870e-50
1.775750000000000000e+03 8.349996498329416574e-50
1.776000000000000000e+03 8.457129435443764461e-50
1.776250000000000000e+03 1.367871633917961282e-49
1.776500000000000000e+03 2.568372522091821573e-50
1.776750000000000000e+03 3.488709454150326880e-49
1.777000000000000000e+03 2.221617332403098574e-49
1.777250000000000000e+03 4.508862908263588139e-49
1.777500000000000000e+03 1.781136234608339589e-49
1.777750000000000000e+03 1.189444920946780181e-49
1.778000000000000000e+03 7.993276528485448404e-50
1.778250000000000000e+03 8.515026673935829790e-50
1.778500000000000000e+03 1.089222987878332488e-49
1.778750000000000000e+03 8.198077814024346506e-50
1.779000000000000000e+03 7.891035615027565292e-50
1.779250000000000000e+03 5.570151748853232310e-50
1.779500000000000000e+03 5.136297519817074154e-50
1.779750000000000000e+03 5.436056697002349212e-50
1.780000000000000000e+03 2.295527697002253620e-50
1.780250000000000000e+03 5.687977062131565985e-51
1.780500000000000000e+03 3.720336183844767059e-50
1.780750000000000000e+03 3.764388205100718129e-50
1.781000000000000000e+03 5.869203580615008803e-51
1.781250000000000000e+03 8.257588593749715319e-51
1.781500000000000000e+03 1.467333328649572136e-49
1.781750000000000000e+03 1.459016513581063053e-49
1.782000000000000000e+03 1.480730894201682300e-49
1.782250000000000000e+03 3.319064527165071713e-49
1.782500000000000000e+03 6.998403568012045234e-50
1.782750000000000000e+03 7.282280408031088201e-50
1.783000000000000000e+03 2.066748181974040711e-49
1.783250000000000000e+03 1.541405777645497331e-49
1.783500000000000000e+03 2.359020340881057440e-49
1.783750000000000000e+03 1.070449318638237725e-49
1.784000000000000000e+03 4.604985849687457806e-50
1.784250000000000000e+03 5.189519625524539760e-50
1.784500000000000000e+03 2.359440085500248535e-49
1.784750000000000000e+03 2.176428805872103195e-49
1.785000000000000000e+03 4.960809796000219566e-49
1.785250000000000000e+03 2.335800454565945198e-49
1.785500000000000000e+03 7.851682123137256495e-50
1.785750000000000000e+03 7.504978604985269171e-50
1.786000000000000000e+03 4.335331347270730926e-50
1.786250000000000000e+03 4.834108082554447516e-50
1.786500000000000000e+03 1.464929443938037510e-49
1.786750000000000000e+03 1.215865431501036548e-49
1.787000000000000000e+03 2.025586784185915756e-49
1.787250000000000000e+03 6.565444597799149866e-50
1.787500000000000000e+03 2.187475216832162193e-49
1.787750000000000000e+03 4.950188962211173374e-50
1.788000000000000000e+03 2.435336900487208403e-49
1.788250000000000000e+03 1.296997063413333892e-49
1.788500000000000000e+03 4.128698232900191343e-50
1.788750000000000000e+03 1.293052665006879093e-49
1.789000000000000000e+03 1.170899806517840728e-49
1.789250000000000000e+03 7.229499111715857674e-50
1.789500000000000000e+03 2.380548459427383164e-50
1.789750000000000000e+03 3.599036194351305177e-49
1.790000000000000000e+03 1.236760832145317183e-49
1.790250000000000000e+03 2.482391093215722697e-49
1.790500000000000000e+03 5.004932915984959534e-49
1.790750000000000000e+03 1.985817189090757951e-49
1.791000000000000000e+03 6.938456491804003654e-50
1.791250000000000000e+03 1.978767082942498762e-49
1.791500000000000000e+03 1.273807630235272864e-49
1.791750000000000000e+03 1.543560692345884167e-49
1.792000000000000000e+03 6.225795180883170502e-50
1.792250000000000000e+03 2.323319354038577974e-49
1.792500000000000000e+03 1.943019254661919314e-49
1.792750000000000000e+03 1.220561719792330702e-49
1.793000000000000000e+03 2.336496537579986064e-49
1.793250000000000000e+03 7.994882788723531138e-51
1.793500000000000000e+03 2.297756119408335093e-50
1.793750000000000000e+03 4.155899007839155271e-50
1.794000000000000000e+03 7.296148093243536569e-50
1.794250000000000000e+03 7.618920863164988045e-50
1.794500000000000000e+03 1.032864658212039940e-49
1.794750000000000000e+03 1.442722054232298320e-49
1.795000000000000000e+03 6.983572075944660627e-50
1.795250000000000000e+03 3.001635213576764047e-49
1.795500000000000000e+03 2.943079700885392522e-50
1.795750000000000000e+03 4.876821491495720510e-50
1.796000000000000000e+03 3.415623296986434829e-50
1.796250000000000000e+03 1.564716691321889777e-49
1.796500000000000000e+03 2.848279150966345931e-50
1.796750000000000000e+03 2.275323758930184786e-49
1.797000000000000000e+03 7.725828641248437361e-50
1.797250000000000000e+03 6.871336965522357590e-50
1.797500000000000000e+03 3.992321798133906993e-50
1.797750000000000000e+03 1.172381067355621880e-49
1.798000000000000000e+03 1.197853309172088579e-49
1.798250000000000000e+03 1.594426656381433580e-49
1.798500000000000000e+03 1.530783623615148655e-49
1.798750000000000000e+03 1.002641360514575386e-49
1.799000000000000000e+03 8.332748515957750788e-50
1.799250000000000000e+03 7.020120574451633936e-50
1.799500000000000000e+03 1.009457822913122437e-49
1.799750000000000000e+03 1.951195494881447307e-49
1.800000000000000000e+03 1.177182154690498286e-49
1.800250000000000000e+03 7.744833027848803702e-50
1.800500000000000000e+03 3.262862380678910083e-50
1.800750000000000000e+03 7.636543531701109231e-50
1.801000000000000000e+03 1.167253421150996863e-49
1.801250000000000000e+03 1.103742736549132344e-49
1.801500000000000000e+03 9.868149337429404523e-50
1.801750000000000000e+03 1.852490862171730371e-49
1.802000000000000000e+03 8.901480506809928149e-50
1.802250000000000000e+03 1.934946778062452849e-50
1.802500000000000000e+03 5.826421928470766029e-51
1.802750000000000000e+03 1.718849169579469834e-49
1.803000000000000000e+03 1.744160967075374048e-49
1.803250000000000000e+03 8.871005881216178887e-50
1.803500000000000000e+03 1.524550370231284528e-49
1.803750000000000000e+03 2.205575337610945310e-49
1.804000000000000000e+03 7.325411128524891216e-50
1.804250000000000000e+03 2.129426242983955422e-49
1.804500000000000000e+03 4.611870709750791509e-50
1.804750000000000000e+03 8.980046646901855713e-50
1.805000000000000000e+03 9.155501254716639279e-50
1.805250000000000000e+03 4.085376282575070235e-50
1.805500000000000000e+03 2.728720584815583682e-51
1.805750000000000000e+03 3.074407319423618291e-50
1.806000000000000000e+03 7.996709951933411948e-50
1.806250000000000000e+03 2.869634162306478145e-50
1.806500000000000000e+03 1.726188022899744833e-49
1.806750000000000000e+03 1.137184254900980492e-49
1.807000000000000000e+03 1.525310784179597216e-50
1.807250000000000000e+03 3.845224917678967755e-50
1.807500000000000000e+03 4.719774915744145766e-50
1.807750000000000000e+03 6.645542458681618936e-50
1.808000000000000000e+03 1.898753551143685855e-49
1.808250000000000000e+03 6.221186131929768784e-50
1.808500000000000000e+03 9.513904397784012137e-50
1.808750000000000000e+03 1.425851521352096673e-49
1.809000000000000000e+03 8.508389504362173164e-50
1.809250000000000000e+03 3.076416538353498112e-49
1.809500000000000000e+03 2.039982428394254634e-49
1.809750000000000000e+03 1.474544104486142286e-49
1.810000000000000000e+03 3.598831159248242114e-50
1.810250000000000000e+03 1.215428000679852414e-49
1.810500000000000000e+03 3.270884615806748932e-49
1.810750000000000000e+03 1.523541164194470382e-49
1.811000000000000000e+03 1.042132524542700825e-49
1.811250000000000000e+03 7.381172328508412124e-50
1.811500000000000000e+03 1.705092669308442468e-49
1.811750000000000000e+03 7.005938599906932036e-50
1.812000000000000000e+03 1.648706979420856775e-49
1.812250000000000000e+03 1.496979533701180562e-49
1.812500000000000000e+03 1.260220556853065421e-49
1.812750000000000000e+03 8.469464464020932420e-50
1.813000000000000000e+03 1.900109910306850925e-49
1.813250000000000000e+03 1.366269200161817838e-50
1.813500000000000000e+03 1.157012342593273973e-49
1.813750000000000000e+03 7.074814109720053307e-50
1.814000000000000000e+03 3.577960270312115303e-50
1.814250000000000000e+03 2.549936684813166810e-50
1.814500000000000000e+03 8.505313586732273030e-50
1.814750000000000000e+03 3.459943573877058834e-49
1.815000000000000000e+03 3.254161126162150840e-50
1.815250000000000000e+03 2.049284896205667295e-50
1.815500000000000000e+03 7.313296404744635459e-50
1.815750000000000000e+03 2.334875296561873679e-50
1.816000000000000000e+03 6.924710229343887414e-51
1.816250000000000000e+03 1.955779210722656419e-49
1.816500000000000000e+03 1.480272656025876956e-49
1.816750000000000000e+03 8.034946265744259892e-50
1.817000000000000000e+03 1.051115678827017056e-49
1.817250000000000000e+03 3.804240327047645744e-50
1.817500000000000000e+03 4.494337418873798113e-50
1.817750000000000000e+03 7.237995813578078760e-50
1.818000000000000000e+03 2.371267018869420977e-49
1.818250000000000000e+03 2.603114624746993775e-49
1.818500000000000000e+03 1.399192743725709429e-49
1.818750000000000000e+03 1.306640456711035488e-49
1.819000000000000000e+03 1.028169887003041391e-49
1.819250000000000000e+03 2.253976042035346078e-49
1.819500000000000000e+03 3.654390432342731139e-50
1.819750000000000000e+03 1.320132589337557665e-50
1.820000000000000000e+03 8.087146159098328945e-50
1.820250000000000000e+03 2.318620839432232792e-49
1.820500000000000000e+03 1.302931358373782568e-49
1.820750000000000000e+03 1.307699804057729197e-49
1.821000000000000000e+03 1.049181941731752970e-49
1.821250000000000000e+03 2.254709367948959045e-50
1.821500000000000000e+03 1.581336703272566565e-50
1.821750000000000000e+03 1.429916407073263933e-49
1.822000000000000000e+03 4.798997223514270687e-50
1.822250000000000000e+03 1.479285361904649478e-49
1.822500000000000000e+03 4.660341478884437257e-50
1.822750000000000000e+03 6.553381449893881185e-50
1.823000000000000000e+03 1.529370099348524751e-49
1.823250000000000000e+03 2.130960427770651589e-50
1.823500000000000000e+03 6.221048309822104655e-50
1.823750000000000000e+03 9.017131896074097063e-50
1.824000000000000000e+03 4.707605359375973549e-50
1.824250000000000000e+03 5.539289990308326573e-50
1.824500000000000000e+03 1.147041434636211128e-49
1.824750000000000000e+03 5.205964658192332119e-50
1.825000000000000000e+03 1.189993342899130344e-49
1.825250000000000000e+03 5.268626117133790636e-50
1.825500000000000000e+03 1.672366210906472170e-49
1.825750000000000000e+03 4.629737110030792916e-50
1.826000000000000000e+03 6.028761502375056779e-50
1.826250000000000000e+03 1.214386892748800759e-49
1.826500000000000000e+03 2.622013880139297860e-49
1.826750000000000000e+03 1.247401644740076595e-49
1.827000000000000000e+03 1.462343877200526684e-49
1.827250000000000000e+03 5.449847137400276762e-50
1.827500000000000000e+03 2.868779012978940263e-49
1.827750000000000000e+03 1.035505355232021426e-49
1.828000000000000000e+03 5.800981183619216296e-50
1.828250000000000000e+03 7.423626479348193706e-50
1.828500000000000000e+03 1.664402878861496744e-49
1.828750000000000000e+03 3.281755130400198611e-49
1.829000000000000000e+03 2.019898544407985121e-49
1.829250000000000000e+03 1.627745663383537242e-49
1.829500000000000000e+03 2.507070933065579498e-49
1.829750000000000000e+03 7.726827882288620888e-50
1.830000000000000000e+03 4.187261515061321489e-50
1.830250000000000000e+03 1.447751819064433199e-49
1.830500000000000000e+03 3.041110959337924883e-50
1.830750000000000000e+03 6.198897142086148957e-50
1.831000000000000000e+03 5.645297493764041174e-50
1.831250000000000000e+03 2.070071269180073730e-49
1.831500000000000000e+03 4.636320671572278256e-50
1.831750000000000000e+03 1.348257395418486611e-49
1.832000000000000000e+03 1.090350622942198029e-49
1.832250000000000000e+03 8.016160853249107000e-50
1.832500000000000000e+03 2.345353639313244255e-50
1.832750000000000000e+03 1.154452015331719148e-49
1.833000000000000000e+03 7.116741303555811502e-50
1.833250000000000000e+03 6.837751735072235174e-50
1.833500000000000000e+03 5.105224625055032629e-50
1.833750000000000000e+03 2.564609879521692145e-50
1.834000000000000000e+03 1.842637961993791475e-49
1.834250000000000000e+03 1.051316829860989140e-49
1.834500000000000000e+03 2.087027023217357030e-50
1.834750000000000000e+03 3.612492240774488996e-50
1.835000000000000000e+03 8.216998454531467083e-50
1.835250000000000000e+03 1.053063917099332405e-49
1.835500000000000000e+03 3.184652350674718812e-50
1.835750000000000000e+03 4.939173917426583960e-50
1.836000000000000000e+03 1.131014045959273750e-49
1.836250000000000000e+03 4.663177667169332189e-50
1.836500000000000000e+03 4.050314857528266512e-50
1.836750000000000000e+03 6.060257177398955368e-50
1.837000000000000000e+03 1.748700249018684069e-49
1.837250000000000000e+03 1.286068658416616308e-49
1.837500000000000000e+03 8.775609547617891717e-50
1.837750000000000000e+03 5.843358089933014130e-50
1.838000000000000000e+03 1.371712815514173166e-49
1.838250000000000000e+03 7.376960663801635768e-50
1.838500000000000000e+03 8.055857204649199217e-51
1.838750000000000000e+03 3.061391152007156924e-50
1.839000000000000000e+03 7.671112446627236928e-50
1.839250000000000000e+03 7.578547365669074600e-50
1.839500000000000000e+03 1.931837244609475323e-49
1.839750000000000000e+03 5.523844688285272756e-50
1.840000000000000000e+03 7.894000638611973044e-50
1.840250000000000000e+03 1.589746133011266062e-49
1.840500000000000000e+03 1.839651928581834405e-49
1.840750000000000000e+03 1.596100492218648963e-50
1.841000000000000000e+03 5.256551850018115962e-50
1.841250000000000000e+03 6.300712524182368805e-50
1.841500000000000000e+03 2.784749021534697299e-49
1.841750000000000000e+03 3.486893135468088288e-49
1.842000000000000000e+03 2.746482418268571530e-49
1.842250000000000000e+03 1.616207233219765574e-49
1.842500000000000000e+03 1.101670832099649108e-49
1.842750000000000000e+03 7.749035575308039554e-50
1.843000000000000000e+03 9.079669515820383134e-50
1.843250000000000000e+03 1.922937873952740851e-50
1.843500000000000000e+03 1.601143558679523807e-49
1.843750000000000000e+03 2.623944959043047123e-49
1.844000000000000000e+03 1.374655035009956978e-49
1.844250000000000000e+03 9.490368701152760986e-50
1.844500000000000000e+03 1.088232978075821384e-49
1.844750000000000000e+03 5.446699107464597916e-49
1.845000000000000000e+03 1.359354333983257004e-49
1.845250000000000000e+03 1.209297137383349185e-49
1.845500000000000000e+03 1.783306151671253465e-50
1.845750000000000000e+03 1.911884329869857414e-50
1.846000000000000000e+03 1.294869557299833108e-51
1.846250000000000000e+03 2.650319105217984624e-50
1.846500000000000000e+03 7.628769520885912653e-50
1.846750000000000000e+03 1.916943207545423944e-49
1.847000000000000000e+03 9.638991910651858154e-50
1.847250000000000000e+03 7.279841735197392961e-50
1.847500000000000000e+03 2.059599277966773138e-49
1.847750000000000000e+03 1.658082730390293897e-49
1.848000000000000000e+03 5.754245870253473732e-50
1.848250000000000000e+03 1.032658449895419063e-49
1.848500000000000000e+03 1.500394670221867079e-49
1.848750000000000000e+03 4.866436732326071503e-50
1.849000000000000000e+03 7.892580862678381412e-50
1.849250000000000000e+03 4.598847688043335109e-50
1.849500000000000000e+03 5.057824027213283182e-50
1.849750000000000000e+03 7.725288207984324918e-50
1.850000000000000000e+03 1.329529860001460771e-49
1.850250000000000000e+03 2.738507453568187602e-49
1.850500000000000000e+03 2.227541597587892721e-49
1.850750000000000000e+03 2.339108495937351554e-49
1.851000000000000000e+03 1.021395498301267220e-49
1.851250000000000000e+03 6.675316401364179290e-50
1.851500000000000000e+03 1.084462815386305774e-49
1.851750000000000000e+03 1.965605653192209201e-50
1.852000000000000000e+03 9.034837585379926847e-50
1.852250000000000000e+03 1.631665922499898148e-49
1.852500000000000000e+03 3.479405540306118500e-49
1.852750000000000000e+03 2.648090821554277745e-49
1.853000000000000000e+03 8.151822391185277279e-50
1.853250000000000000e+03 1.132082056726431154e-49
1.853500000000000000e+03 2.778530042455929590e-49
1.853750000000000000e+03 2.690810527116680370e-50
1.854000000000000000e+03 5.113385862567355345e-50
1.854250000000000000e+03 4.211732206490014208e-50
1.854500000000000000e+03 7.771017724213584457e-50
1.854750000000000000e+03 3.896577447609400064e-50
1.855000000000000000e+03 5.845393873492414260e-50
1.855250000000000000e+03 1.076046020541047006e-49
1.855500000000000000e+03 1.065478166059254136e-49
1.855750000000000000e+03 3.436041949522638444e-50
1.856000000000000000e+03 1.590815283804318238e-49
1.856250000000000000e+03 1.847293273588677375e-49
1.856500000000000000e+03 1.475238539555015210e-49
1.856750000000000000e+03 2.306601564868654761e-49
1.857000000000000000e+03 1.134860814570701406e-49
1.857250000000000000e+03 1.607136703617219255e-49
1.857500000000000000e+03 5.201348991686405826e-50
1.857750000000000000e+03 8.033109241476542231e-50
1.858000000000000000e+03 4.551219425146259947e-50
1.858250000000000000e+03 1.811521006854622620e-49
1.858500000000000000e+03 1.667126784388054450e-49
1.858750000000000000e+03 4.805999540534608329e-50
1.859000000000000000e+03 2.531159652621605047e-49
1.859250000000000000e+03 2.245819998930144817e-49
1.859500000000000000e+03 8.250426088659355489e-50
1.859750000000000000e+03 1.765665492904865638e-49
1.860000000000000000e+03 1.109562362042769431e-49
1.860250000000000000e+03 2.613278548557965808e-49
1.860500000000000000e+03 1.275644115863324621e-49
1.860750000000000000e+03 3.402203527244523256e-49
1.861000000000000000e+03 4.780200890518261926e-51
1.861250000000000000e+03 1.137978689752820292e-49
1.861500000000000000e+03 1.682759233945196394e-49
1.861750000000000000e+03 4.526451080503357390e-50
1.862000000000000000e+03 1.790154270677277565e-50
1.862250000000000000e+03 7.924694354815525157e-50
1.862500000000000000e+03 6.888248017133610591e-50
1.862750000000000000e+03 5.548445144173983679e-50
1.863000000000000000e+03 1.927194596101385000e-49
1.863250000000000000e+03 1.823244780240767140e-49
1.863500000000000000e+03 2.376155607106448877e-49
1.863750000000000000e+03 2.036582149420460027e-49
1.864000000000000000e+03 1.787735719690097822e-50
1.864250000000000000e+03 8.212785592958075226e-50
1.864500000000000000e+03 6.282918666788833526e-50
1.864750000000000000e+03 4.575451367447986730e-50
1.865000000000000000e+03 2.138813642206157765e-50
1.865250000000000000e+03 9.460611208545917836e-50
1.865500000000000000e+03 2.742803082482250220e-50
1.865750000000000000e+03 1.008139775559357719e-49
1.866000000000000000e+03 1.826755464897225202e-49
1.866250000000000000e+03 1.848508569264964061e-49
1.866500000000000000e+03 1.815388170258139690e-49
1.866750000000000000e+03 1.565564995986673490e-49
1.867000000000000000e+03 5.714642432928473012e-50
1.867250000000000000e+03 7.065428811881884620e-50
1.867500000000000000e+03 1.074626169547006734e-49
1.867750000000000000e+03 1.981014576365310655e-50
1.868000000000000000e+03 2.001636369995054468e-50
1.868250000000000000e+03 1.787679187897760969e-50
1.868500000000000000e+03 2.063780948023317292e-50
1.868750000000000000e+03 1.518819240034951493e-49
1.869000000000000000e+03 9.019557143945229058e-50
1.869250000000000000e+03 5.970480533921087435e-50
1.869500000000000000e+03 3.533787697398629270e-50
1.869750000000000000e+03 8.199676113786985277e-50
1.870000000000000000e+03 1.597657635967766627e-49
1.870250000000000000e+03 2.410735732109262166e-49
1.870500000000000000e+03 6.367180427628907685e-50
1.870750000000000000e+03 5.367118472478642340e-50
1.871000000000000000e+03 8.876611227918593757e-51
1.871250000000000000e+03 3.822023615069591397e-50
1.871500000000000000e+03 2.542204587936079585e-50
1.871750000000000000e+03 7.800043665982575107e-50
1.872000000000000000e+03 1.283339473809478248e-49
1.872250000000000000e+03 1.437003256893694254e-49
1.872500000000000000e+03 8.567683586557253463e-50
1.872750000000000000e+03 2.203610344041293507e-50
1.873000000000000000e+03 1.018723781801917636e-49
1.873250000000000000e+03 1.239462075664920267e-49
1.873500000000000000e+03 1.166537580418214784e-49
1.873750000000000000e+03 1.514639835895734074e-49
1.874000000000000000e+03 4.751234737496714135e-50
1.874250000000000000e+03 1.641781474047885033e-49
1.874500000000000000e+03 9.909417474056132078e-50
1.874750000000000000e+03 8.586014394596079686e-50
1.875000000000000000e+03 1.167762657496559285e-49
1.875250000000000000e+03 7.657603351261642828e-50
1.875500000000000000e+03 9.452701273804756842e-50
1.875750000000000000e+03 1.877076797021920427e-49
1.876000000000000000e+03 4.785571445626069587e-50
1.876250000000000000e+03 1.582817459596590793e-49
1.876500000000000000e+03 1.426258680316320620e-49
1.876750000000000000e+03 1.799401511945190780e-49
1.877000000000000000e+03 3.191590992541044473e-50
1.877250000000000000e+03 5.961596843612423986e-50
1.877500000000000000e+03 6.798231460592118352e-50
1.877750000000000000e+03 7.928313589344174190e-50
1.878000000000000000e+03 9.712714177172698052e-50
1.878250000000000000e+03 7.395372906660897681e-50
1.878500000000000000e+03 1.645874748391922920e-49
1.878750000000000000e+03 9.896778811973052605e-50
1.879000000000000000e+03 7.803855365659182282e-50
1.879250000000000000e+03 8.870803546057279653e-50
1.879500000000000000e+03 2.100357743864561219e-50
1.879750000000000000e+03 1.132235767694757875e-49
1.880000000000000000e+03 1.341937736126657452e-49
1.880250000000000000e+03 6.577129907337468640e-50
1.880500000000000000e+03 1.238846592902898173e-49
1.880750000000000000e+03 2.090370067742100002e-49
1.881000000000000000e+03 2.414022564288975404e-49
1.881250000000000000e+03 2.251438152019838625e-49
1.881500000000000000e+03 3.211196685533098202e-50
1.881750000000000000e+03 9.167367434780867300e-50
1.882000000000000000e+03 8.886179048666366348e-50
1.882250000000000000e+03 1.111589994016133794e-49
1.882500000000000000e+03 1.510483471134275675e-49
1.882750000000000000e+03 1.311537463433597159e-49
1.883000000000000000e+03 1.531049371998048729e-49
1.883250000000000000e+03 1.070754533315853527e-49
1.883500000000000000e+03 7.735099316444969013e-50
1.883750000000000000e+03 1.448894576585296137e-50
1.884000000000000000e+03 7.704043406174672567e-50
1.884250000000000000e+03 1.856592102173113367e-49
1.884500000000000000e+03 5.299694044796648276e-50
1.884750000000000000e+03 1.236163640676550984e-49
1.885000000000000000e+03 1.350659569758574124e-49
1.885250000000000000e+03 1.048351397747297501e-49
1.885500000000000000e+03 2.460280444318860252e-49
1.885750000000000000e+03 1.764943197703378242e-49
1.886000000000000000e+03 2.695973096680329280e-49
1.886250000000000000e+03 9.322585224931851965e-50
1.886500000000000000e+03 7.477272756523734364e-50
1.886750000000000000e+03 2.980270526642839069e-50
1.887000000000000000e+03 7.458552812358147397e-50
1.887250000000000000e+03 6.395227583713551425e-51
1.887500000000000000e+03 2.895460823229608193e-50
1.887750000000000000e+03 1.821982487442796150e-49
1.888000000000000000e+03 8.325059701919674377e-50
1.888250000000000000e+03 8.272055810214838450e-50
1.888500000000000000e+03 6.779090465750792088e-50
1.888750000000000000e+03 3.368054847902311101e-49
1.889000000000000000e+03 5.578616283057948024e-50
1.889250000000000000e+03 3.259204421123733899e-50
1.889500000000000000e+03 1.517663085189689752e-49
1.889750000000000000e+03 5.362609051191675997e-50
1.890000000000000000e+03 3.345433107623993607e-49
1.890250000000000000e+03 1.997766842298340089e-49
1.890500000000000000e+03 1.863921757859874811e-49
1.890750000000000000e+03 4.790809262603785131e-50
1.891000000000000000e+03 7.837098257847858773e-50
1.891250000000000000e+03 4.195612346772513124e-50
1.891500000000000000e+03 2.158098398550428516e-50
1.891750000000000000e+03 1.359184544110901784e-49
1.892000000000000000e+03 5.374377972499564960e-50
1.892250000000000000e+03 7.490742441314522416e-50
1.892500000000000000e+03 4.911452607748046825e-50
1.892750000000000000e+03 1.075699872484783752e-49
1.893000000000000000e+03 1.969470707523762867e-49
1.893250000000000000e+03 8.101985914634354410e-50
1.893500000000000000e+03 8.854651929503668445e-50
1.893750000000000000e+03 1.041883884722747330e-49
1.894000000000000000e+03 2.217679220710767634e-51
1.894250000000000000e+03 1.040759729519700252e-49
1.894500000000000000e+03 5.723785674416353284e-50
1.894750000000000000e+03 7.490999972823403230e-50
1.895000000000000000e+03 1.037283389765214728e-49
1.895250000000000000e+03 1.537251801810888153e-49
1.895500000000000000e+03 3.696866942844187931e-50
1.895750000000000000e+03 1.393106748647668023e-49
1.896000000000000000e+03 2.047897578081242165e-49
1.896250000000000000e+03 8.119496398003068139e-50
1.896500000000000000e+03 6.764088474612037818e-50
1.896750000000000000e+03 7.857883291812743424e-50
1.897000000000000000e+03 1.170671140972262159e-49
1.897250000000000000e+03 5.383486964617592455e-50
1.897500000000000000e+03 7.401553545104304916e-50
1.897750000000000000e+03 9.606615521987118796e-50
1.898000000000000000e+03 1.719349726982788586e-50
1.898250000000000000e+03 1.075446859188474338e-49
1.898500000000000000e+03 8.858290885599713775e-50
1.898750000000000000e+03 9.482614463433208872e-50
1.899000000000000000e+03 2.021985334470053958e-49
1.899250000000000000e+03 6.821534157878618503e-50
1.899500000000000000e+03 1.784273804660018695e-49
1.899750000000000000e+03 1.566511773357129757e-49
1.900000000000000000e+03 8.791438238284744792e-50
1.900250000000000000e+03 6.546922918158446789e-50
1.900500000000000000e+03 2.741680180239481371e-50
1.900750000000000000e+03 2.222397384722427667e-50
1.901000000000000000e+03 1.196857119090269070e-50
1.901250000000000000e+03 2.091601492899577745e-50
1.901500000000000000e+03 9.363383519310807286e-50
1.901750000000000000e+03 2.645052061477625201e-49
1.902000000000000000e+03 5.813147734877205402e-50
1.902250000000000000e+03 1.108574747923608701e-49
1.902500000000000000e+03 2.842165186673110536e-50
1.902750000000000000e+03 6.056454827382905375e-50
1.903000000000000000e+03 7.256824490730844837e-50
1.903250000000000000e+03 7.972221628660162148e-50
1.903500000000000000e+03 1.345688162744249935e-49
1.903750000000000000e+03 3.699456234512314878e-49
1.904000000000000000e+03 4.036196898521887788e-49
1.904250000000000000e+03 2.057205639247471697e-50
1.904500000000000000e+03 5.196801739092053837e-50
1.904750000000000000e+03 9.312345615437723350e-50
1.905000000000000000e+03 1.652635066404615862e-49
1.905250000000000000e+03 1.572051554463453230e-49
1.905500000000000000e+03 8.973478339669677933e-50
1.905750000000000000e+03 6.939839692972074824e-50
1.906000000000000000e+03 7.795008091430421166e-50
1.906250000000000000e+03 1.169914597690019752e-49
1.906500000000000000e+03 9.220658702225417910e-50
1.906750000000000000e+03 6.299828879121456278e-50
1.907000000000000000e+03 7.571146069766369279e-50
1.907250000000000000e+03 5.095978861199923085e-50
1.907500000000000000e+03 5.221031345089263819e-50
1.907750000000000000e+03 2.950377872666829266e-50
1.908000000000000000e+03 4.329177083270874323e-50
1.908250000000000000e+03 8.510468913892047467e-50
1.908500000000000000e+03 2.172510652247258017e-50
1.908750000000000000e+03 5.304690078823047583e-50
1.909000000000000000e+03 3.628830587302731659e-50
1.909250000000000000e+03 3.722870263995471619e-50
1.909500000000000000e+03 6.969209424079626697e-50
1.909750000000000000e+03 1.095835464780069637e-49
1.910000000000000000e+03 3.866812986964314906e-50
1.910250000000000000e+03 6.515086090254530427e-50
1.910500000000000000e+03 5.561791099577957045e-50
1.910750000000000000e+03 8.822914674492605870e-50
1.911000000000000000e+03 4.809793692132708048e-50
1.911250000000000000e+03 6.962355051401986821e-50
1.911500000000000000e+03 5.122273039066466112e-50
1.911750000000000000e+03 5.655888675816152159e-50
1.912000000000000000e+03 7.537918688937686179e-50
1.912250000000000000e+03 3.356209224561673935e-50
1.912500000000000000e+03 2.162358937044477481e-50
1.912750000000000000e+03 8.432482595781476816e-50
1.913000000000000000e+03 2.478372076684275977e-50
1.913250000000000000e+03 1.494634614089129086e-50
1.913500000000000000e+03 4.451501843527154403e-50
1.913750000000000000e+03 6.886488887196219702e-50
1.914000000000000000e+03 1.657352794895317756e-49
1.914250000000000000e+03 8.023820391308574919e-50
1.914500000000000000e+03 5.144061793282998841e-50
1.914750000000000000e+03 6.700379803958172636e-50
1.915000000000000000e+03 7.270496879512657837e-50
1.915250000000000000e+03 9.779396897695522050e-51
1.915500000000000000e+03 1.422430448880551377e-50
1.915750000000000000e+03 3.725945024623463244e-50
1.916000000000000000e+03 6.823648371799028107e-50
1.916250000000000000e+03 4.372868504092043113e-50
1.916500000000000000e+03 6.731045819164556430e-50
1.916750000000000000e+03 6.932588385439827840e-50
1.917000000000000000e+03 6.541996663144192880e-50
1.917250000000000000e+03 3.834098070720611617e-50
1.917500000000000000e+03 5.002855016923415183e-50
1.917750000000000000e+03 5.259438747569909265e-50
1.918000000000000000e+03 9.863276239294530074e-50
1.918250000000000000e+03 1.074226926593350895e-49
1.918500000000000000e+03 6.926432752144985673e-50
1.918750000000000000e+03 1.505015397136264372e-49
1.919000000000000000e+03 1.677573253695571251e-49
1.919250000000000000e+03 2.436592727144016088e-49
1.919500000000000000e+03 1.589451360697335033e-49
1.919750000000000000e+03 1.655350645845988188e-49
1.920000000000000000e+03 5.015631982966930156e-50
1.920250000000000000e+03 7.933151197486361338e-50
1.920500000000000000e+03 4.723178530107614406e-50
1.920750000000000000e+03 1.037044278411008405e-49
1.921000000000000000e+03 8.229460158431608600e-50
1.921250000000000000e+03 2.962315233900681271e-51
1.921500000000000000e+03 5.423095348745127769e-51
1.921750000000000000e+03 9.657428736140059981e-50
1.922000000000000000e+03 1.961255224549219280e-49
1.922250000000000000e+03 2.133725806661021528e-49
1.922500000000000000e+03 9.904431705862370831e-50
1.922750000000000000e+03 1.267994706881991638e-49
1.923000000000000000e+03 2.286254642386712280e-50
1.923250000000000000e+03 5.246103360698628198e-50
1.923500000000000000e+03 1.545336234795825250e-49
1.923750000000000000e+03 3.716437520219033949e-50
1.924000000000000000e+03 2.043041492091753352e-49
1.924250000000000000e+03 1.706320539968228212e-49
1.924500000000000000e+03 2.174453466895874363e-49
1.924750000000000000e+03 1.464396580694458179e-49
1.925000000000000000e+03 5.519791466356405124e-50
1.925250000000000000e+03 4.832091853954304007e-50
1.925500000000000000e+03 1.413081627118852089e-49
1.925750000000000000e+03 6.209960345861647637e-50
1.926000000000000000e+03 1.380202555124756926e-49
1.926250000000000000e+03 4.935799755537047440e-50
1.926500000000000000e+03 6.837402103619897371e-50
1.926750000000000000e+03 6.163178051466497114e-50
1.927000000000000000e+03 8.328520806999881523e-50
1.927250000000000000e+03 9.321687294629089087e-50
1.927500000000000000e+03 8.299832236565731058e-50
1.927750000000000000e+03 9.371809599312338006e-50
1.928000000000000000e+03 1.515518689986826022e-49
1.928250000000000000e+03 1.127911260421795599e-49
1.928500000000000000e+03 1.472348808044775923e-49
1.928750000000000000e+03 1.649824041202110022e-49
1.929000000000000000e+03 1.316441038485440820e-49
1.929250000000000000e+03 1.926415641310503619e-49
1.929500000000000000e+03 1.190065553720699338e-49
1.929750000000000000e+03 9.209358416616157802e-50
1.930000000000000000e+03 3.749278811258008866e-50
1.930250000000000000e+03 3.138479844938139218e-50
1.930500000000000000e+03 4.893165193519155748e-50
1.930750000000000000e+03 4.370431982052039770e-50
1.931000000000000000e+03 1.102175993000467000e-50
1.931250000000000000e+03 1.244392162532477208e-49
1.931500000000000000e+03 1.366241651079028804e-49
1.931750000000000000e+03 7.983700170001067348e-50
1.932000000000000000e+03 5.222595764668670709e-50
1.932250000000000000e+03 1.424122054595059238e-49
1.932500000000000000e+03 1.753425912164957318e-49
1.932750000000000000e+03 8.422658981699442914e-50
1.933000000000000000e+03 6.643328914616830532e-50
1.933250000000000000e+03 1.587789458747884389e-50
1.933500000000000000e+03 9.737667776624436233e-50
1.933750000000000000e+03 1.648324606981281017e-49
1.934000000000000000e+03 3.557276179892790433e-50
1.934250000000000000e+03 1.542753240416158868e-50
1.934500000000000000e+03 9.010628227707509864e-50
1.934750000000000000e+03 2.096655554736551462e-50
1.935000000000000000e+03 2.131373036830923075e-50
1.935250000000000000e+03 6.918713420204463316e-50
1.935500000000000000e+03 8.019947346933497670e-50
1.935750000000000000e+03 9.874515845003663121e-50
1.936000000000000000e+03 6.649289441014811441e-50
1.936250000000000000e+03 2.424390515245112725e-50
1.936500000000000000e+03 3.965704913214279803e-50
1.936750000000000000e+03 4.950994085942251722e-50
1.937000000000000000e+03 4.629038556811222589e-50
1.937250000000000000e+03 4.732762797306517802e-50
1.937500000000000000e+03 1.258688426677312020e-49
1.937750000000000000e+03 4.313597972871268888e-50
1.938000000000000000e+03 1.077442584089710831e-49
1.938250000000000000e+03 5.684244098832152049e-50
1.938500000000000000e+03 5.364477541483869976e-50
1.938750000000000000e+03 1.530381455177063613e-49
1.939000000000000000e+03 1.014229527021494963e-49
1.939250000000000000e+03 1.754479990589658650e-49
1.939500000000000000e+03 4.408424696867293362e-50
1.939750000000000000e+03 1.207189517787698799e-49
1.940000000000000000e+03 7.019860601565042823e-50
1.940250000000000000e+03 1.091111878402613397e-50
1.940500000000000000e+03 2.045096240944398984e-50
1.940750000000000000e+03 1.244562181019329782e-50
1.941000000000000000e+03 2.531434154919468451e-49
1.941250000000000000e+03 1.791576984524146868e-49
1.941500000000000000e+03 6.451653977465139062e-50
1.941750000000000000e+03 7.181142977973392046e-50
1.942000000000000000e+03 2.335162684491736631e-50
1.942250000000000000e+03 7.100345231835150820e-50
1.942500000000000000e+03 1.674162644777961692e-49
1.942750000000000000e+03 9.481200925449748147e-50
1.943000000000000000e+03 1.587663911790240910e-49
1.943250000000000000e+03 9.162258259613015105e-50
1.943500000000000000e+03 6.090813343777408339e-50
1.943750000000000000e+03 1.773093374016535564e-50
1.944000000000000000e+03 1.689158161989769516e-50
1.944250000000000000e+03 2.289042907969701877e-50
1.944500000000000000e+03 4.108105955506165370e-50
1.944750000000000000e+03 2.564142508940742709e-50
1.945000000000000000e+03 6.141065827601634903e-50
1.945250000000000000e+03 4.963650869626024363e-50
1.945500000000000000e+03 3.315528395875646777e-50
1.945750000000000000e+03 9.189182237388706844e-50
1.946000000000000000e+03 1.458924043989067767e-49
1.946250000000000000e+03 8.847987385716284963e-50
1.946500000000000000e+03 5.789693356809352837e-50
1.946750000000000000e+03 1.118761892185232555e-49
1.947000000000000000e+03 1.456592690749878459e-49
1.947250000000000000e+03 1.491795696583261739e-49
1.947500000000000000e+03 1.156691236335285889e-49
1.947750000000000000e+03 1.003161281075259640e-49
1.948000000000000000e+03 6.037062528223520085e-50
1.948250000000000000e+03 1.364319922016798506e-49
1.948500000000000000e+03 4.002382483132936753e-50
1.948750000000000000e+03 3.448314712781807365e-50
1.949000000000000000e+03 6.539782953381997046e-50
1.949250000000000000e+03 1.217219328330244285e-49
1.949500000000000000e+03 5.961910216342007776e-50
1.949750000000000000e+03 1.881142971374938442e-49
1.950000000000000000e+03 3.045364961849676394e-50
1.950250000000000000e+03 1.782989205740212011e-50
1.950500000000000000e+03 2.903448439932115134e-50
1.950750000000000000e+03 2.173645555500835060e-50
1.951000000000000000e+03 2.696006829131445555e-51
1.951250000000000000e+03 3.352197500477707486e-50
1.951500000000000000e+03 3.007654859723246154e-50
1.951750000000000000e+03 9.352156898531328070e-50
1.952000000000000000e+03 1.254410364314498636e-49
1.952250000000000000e+03 1.432332502838307178e-49
1.952500000000000000e+03 2.125947475643853970e-50
1.952750000000000000e+03 6.280488644975746282e-50
1.953000000000000000e+03 6.854423747059450480e-50
1.953250000000000000e+03 5.239141495914685787e-50
1.953500000000000000e+03 4.828046437143904283e-50
1.953750000000000000e+03 5.487452907101159942e-50
1.954000000000000000e+03 2.857780952736126081e-50
1.954250000000000000e+03 1.690612399147754849e-49
1.954500000000000000e+03 1.824324887724206146e-49
1.954750000000000000e+03 4.195240882043578925e-50
1.955000000000000000e+03 1.980888436813986693e-49
1.955250000000000000e+03 5.990097920664006693e-50
1.955500000000000000e+03 2.579788682426307070e-50
1.955750000000000000e+03 7.258807875513694104e-50
1.956000000000000000e+03 5.470035438197574643e-50
1.956250000000000000e+03 1.064233965785514569e-49
1.956500000000000000e+03 1.002557842751865204e-49
1.956750000000000000e+03 9.900690360424757128e-50
1.957000000000000000e+03 8.515708118172836424e-50
1.957250000000000000e+03 7.904420409449345552e-50
1.957500000000000000e+03 6.937043100052233989e-50
1.957750000000000000e+03 8.110948735416341213e-50
1.958000000000000000e+03 5.006848776887466701e-50
1.958250000000000000e+03 2.830567257990702313e-50
1.958500000000000000e+03 1.175604718444762224e-50
1.958750000000000000e+03 1.359467471468971574e-49
1.959000000000000000e+03 4.284537558887367889e-50
1.959250000000000000e+03 1.037438652128128267e-49
1.959500000000000000e+03 1.060846263494604695e-49
1.959750000000000000e+03 6.682272708077231532e-50
1.960000000000000000e+03 1.077856293106420684e-49
1.960250000000000000e+03 2.674455889053076861e-50
1.960500000000000000e+03 1.766728870939113046e-49
1.960750000000000000e+03 1.095593616050282434e-49
1.961000000000000000e+03 3.039364905592600292e-50
1.961250000000000000e+03 4.739951664534914069e-50
1.961500000000000000e+03 6.118360525767245911e-50
1.961750000000000000e+03 9.050902469072288136e-50
1.962000000000000000e+03 3.877029468986724783e-50
1.962250000000000000e+03 3.733205267912294195e-50
1.962500000000000000e+03 2.122805955855629399e-50
1.962750000000000000e+03 3.025265073118103030e-50
1.963000000000000000e+03 8.579343870289282743e-50
1.963250000000000000e+03 6.201651204809733155e-50
1.963500000000000000e+03 6.677741924789137341e-50
1.963750000000000000e+03 6.699730458452623095e-50
1.964000000000000000e+03 8.166774623744167081e-50
1.964250000000000000e+03 9.138722187646298609e-50
1.964500000000000000e+03 1.362543202486167068e-50
1.964750000000000000e+03 1.566948994784350607e-50
1.965000000000000000e+03 2.616189761299517578e-50
1.965250000000000000e+03 4.308887411811598080e-50
1.965500000000000000e+03 5.749379359522443683e-50
1.965750000000000000e+03 6.829032083341049171e-50
1.966000000000000000e+03 4.753937244947624298e-50
1.966250000000000000e+03 5.607313448711492715e-50
1.966500000000000000e+03 3.087988710021953710e-50
1.966750000000000000e+03 7.507151445907422612e-50
1.967000000000000000e+03 6.185736168181571795e-50
1.967250000000000000e+03 1.008780135300572046e-50
1.967500000000000000e+03 9.190153168195779280e-50
1.967750000000000000e+03 8.680308094417735540e-50
1.968000000000000000e+03 2.653084319449395145e-50
1.968250000000000000e+03 2.433898003581867268e-50
1.968500000000000000e+03 4.035012197541563282e-50
1.968750000000000000e+03 7.847950801647189412e-50
1.969000000000000000e+03 1.045018704190275711e-49
1.969250000000000000e+03 1.193606546384296827e-49
1.969500000000000000e+03 1.143745107237661070e-49
1.969750000000000000e+03 1.317454964166955361e-49
1.970000000000000000e+03 3.891089003301481047e-50
1.970250000000000000e+03 3.015177481403082624e-50
1.970500000000000000e+03 7.236710652595034564e-50
1.970750000000000000e+03 6.456133374194915524e-50
1.971000000000000000e+03 6.134053285340050835e-51
1.971250000000000000e+03 1.215655724321688424e-49
1.971500000000000000e+03 6.693550627304434234e-50
1.971750000000000000e+03 6.105142807854897962e-50
1.972000000000000000e+03 2.551999232514963912e-51
1.972250000000000000e+03 1.652769560360995114e-50
1.972500000000000000e+03 4.039701533853282685e-50
1.972750000000000000e+03 2.379500707156244008e-50
1.973000000000000000e+03 4.325799726990330163e-50
1.973250000000000000e+03 8.466678049379270864e-50
1.973500000000000000e+03 3.429695475894774157e-50
1.973750000000000000e+03 3.409394740369028664e-50
1.974000000000000000e+03 1.576407537454320804e-49
1.974250000000000000e+03 1.147801168331984346e-49
1.974500000000000000e+03 3.640362012739926190e-50
1.974750000000000000e+03 6.496801684264772508e-50
1.975000000000000000e+03 8.978937205250088069e-50
1.975250000000000000e+03 4.723761594777570052e-50
1.975500000000000000e+03 8.876740796635871742e-50
1.975750000000000000e+03 6.696054179757325340e-50
1.976000000000000000e+03 6.962413913816239561e-50
1.976250000000000000e+03 6.740265291820779010e-50
1.976500000000000000e+03 6.056294010879220302e-50
1.976750000000000000e+03 9.102017469325036405e-50
1.977000000000000000e+03 6.594546913114965548e-50
1.977250000000000000e+03 9.891768260284485127e-50
1.977500000000000000e+03 8.039790830191933256e-50
1.977750000000000000e+03 1.312769265479294322e-50
1.978000000000000000e+03 2.551151329001324685e-50
1.978250000000000000e+03 6.624478794645030500e-50
1.978500000000000000e+03 5.645375789570774263e-50
1.978750000000000000e+03 1.077648886902019176e-49
1.979000000000000000e+03 9.354237453576792137e-50
1.979250000000000000e+03 1.003705499858262648e-49
1.979500000000000000e+03 1.497317195873567198e-49
1.979750000000000000e+03 9.382234962763520056e-50
1.980000000000000000e+03 1.595128700937749073e-49
1.980250000000000000e+03 7.381313720049170378e-50
1.980500000000000000e+03 7.643715695328528546e-50
1.980750000000000000e+03 9.181479576538307809e-50
1.981000000000000000e+03 4.739600080759040784e-50
1.981250000000000000e+03 1.026883723025608351e-49
1.981500000000000000e+03 1.509594592646724836e-49
1.981750000000000000e+03 3.782819167973964400e-49
1.982000000000000000e+03 6.545422438920952622e-50
1.982250000000000000e+03 3.334259440153711868e-50
1.982500000000000000e+03 1.018129019274052325e-49
1.982750000000000000e+03 4.152598533206377660e-50
1.983000000000000000e+03 5.728689527822014107e-50
1.983250000000000000e+03 2.119575867165826269e-49
1.983500000000000000e+03 1.443486957224941017e-49
1.983750000000000000e+03 6.524910996974247388e-50
1.984000000000000000e+03 9.655636646593781991e-50
1.984250000000000000e+03 2.842673311847584608e-50
1.984500000000000000e+03 1.136168012373038300e-49
1.984750000000000000e+03 1.832235862255032573e-49
1.985000000000000000e+03 4.240804716104632361e-50
1.985250000000000000e+03 6.524150292223324009e-50
1.985500000000000000e+03 8.102370678089896021e-50
1.985750000000000000e+03 1.076788522620716082e-49
1.986000000000000000e+03 5.995053161128652348e-50
1.986250000000000000e+03 2.257988360917030129e-50
1.986500000000000000e+03 3.722538622651058850e-50
1.986750000000000000e+03 4.719849577984098214e-50
1.987000000000000000e+03 1.821834880525673852e-49
1.987250000000000000e+03 9.349283936975136487e-50
1.987500000000000000e+03 7.885164909484003453e-50
1.987750000000000000e+03 7.317869061405372405e-50
1.988000000000000000e+03 5.335263789298541143e-50
1.988250000000000000e+03 4.012478377364667666e-50
1.988500000000000000e+03 6.106303123706658917e-50
1.988750000000000000e+03 9.925953912815072808e-50
1.989000000000000000e+03 7.305913523901343179e-50
1.989250000000000000e+03 1.225878400530900095e-49
1.989500000000000000e+03 2.030614651549171419e-49
1.989750000000000000e+03 6.247250413287174990e-50
1.990000000000000000e+03 2.981201963522075902e-49
1.990250000000000000e+03 5.892817519002001369e-50
1.990500000000000000e+03 9.023493274255480041e-50
1.990750000000000000e+03 8.172427295228390758e-50
1.991000000000000000e+03 1.310567972581907873e-49
1.991250000000000000e+03 6.318950097143115994e-50
1.991500000000000000e+03 8.220841031663078601e-50
1.991750000000000000e+03 9.038906623553135094e-50
1.992000000000000000e+03 1.813893422836184109e-50
1.992250000000000000e+03 3.737153171175078601e-50
1.992500000000000000e+03 3.801648653044811946e-50
1.992750000000000000e+03 1.622468058974540009e-50
1.993000000000000000e+03 1.612648434979031310e-50
1.993250000000000000e+03 1.657205669689166810e-50
1.993500000000000000e+03 2.505138541322608056e-50
1.993750000000000000e+03 2.782989594629484473e-50
1.994000000000000000e+03 5.806736228545774046e-50
1.994250000000000000e+03 6.986992074645979690e-50
1.994500000000000000e+03 6.149266095670896181e-50
1.994750000000000000e+03 7.574091964554727846e-50
1.995000000000000000e+03 3.005656581594822504e-50
1.995250000000000000e+03 4.722157317497064884e-50
1.995500000000000000e+03 2.665150599464818528e-50
1.995750000000000000e+03 4.037618759847903802e-50
1.996000000000000000e+03 7.719247152103489426e-50
1.996250000000000000e+03 7.422552966149681150e-50
1.996500000000000000e+03 2.974700650267461202e-50
1.996750000000000000e+03 3.863331594689196798e-50
1.997000000000000000e+03 7.039839110209027450e-50
1.997250000000000000e+03 1.187309990390370228e-50
1.997500000000000000e+03 8.467483414592986206e-50
1.997750000000000000e+03 5.468477295298381449e-51
1.998000000000000000e+03 7.909942225750277369e-51
1.998250000000000000e+03 4.406944172660298521e-50
1.998500000000000000e+03 3.477318769139227030e-50
1.998750000000000000e+03 2.600467723883299761e-50
1.999000000000000000e+03 1.656730385998598151e-50
1.999250000000000000e+03 1.303593284636217970e-50
1.999500000000000000e+03 8.868169942854211118e-50
1.999750000000000000e+03 1.006749088878332102e-50
2.000000000000000000e+03 7.907293546384713749e-50
2.000250000000000000e+03 2.327993960767027535e-49
2.000500000000000000e+03 2.696662909890799655e-49
2.000750000000000000e+03 1.400691345323064472e-49
2.001000000000000000e+03 6.512561387829416610e-50
2.001250000000000000e+03 9.183114674734455145e-50
2.001500000000000000e+03 1.004424478077451346e-49
2.001750000000000000e+03 3.456473032952152405e-50
2.002000000000000000e+03 7.832618992987036827e-50
2.002250000000000000e+03 5.183579415442681130e-50
2.002500000000000000e+03 4.312972937567593573e-50
2.002750000000000000e+03 5.255312292478964288e-50
2.003000000000000000e+03 1.551247404905060693e-49
2.003250000000000000e+03 1.134704127495896189e-49
2.003500000000000000e+03 9.037465647996143123e-50
2.003750000000000000e+03 2.741456737797083874e-50
2.004000000000000000e+03 4.696492479461726842e-50
2.004250000000000000e+03 8.674757675189759317e-50
2.004500000000000000e+03 4.485858530101963513e-50
2.004750000000000000e+03 2.283226871506759987e-50
2.005000000000000000e+03 1.070704935345738947e-50
2.005250000000000000e+03 2.863991287182350276e-50
2.005500000000000000e+03 4.102247020562857879e-50
2.005750000000000000e+03 1.731343833155379724e-49
2.006000000000000000e+03 2.930355232966113133e-50
2.006250000000000000e+03 6.608460338382348436e-50
2.006500000000000000e+03 1.728694196136105771e-50
2.006750000000000000e+03 1.800548827718837597e-50
2.007000000000000000e+03 2.074583413373671878e-50
2.007250000000000000e+03 1.420854268198067857e-50
2.007500000000000000e+03 2.109702465605095466e-50
2.007750000000000000e+03 2.643292282485707656e-50
2.008000000000000000e+03 4.218589281481952265e-50
2.008250000000000000e+03 1.737700061859188975e-50
2.008500000000000000e+03 5.822294633786308756e-50
2.008750000000000000e+03 1.440173991641691356e-49
2.009000000000000000e+03 1.054261338970817235e-49
2.009250000000000000e+03 5.523725207946070748e-50
2.009500000000000000e+03 3.398576650089080828e-50
2.009750000000000000e+03 9.047132691610520751e-50
2.010000000000000000e+03 9.431375888933861186e-50
2.010250000000000000e+03 1.597634877716038110e-49
2.010500000000000000e+03 1.255164704475513844e-49
2.010750000000000000e+03 3.783707185381586835e-50
2.011000000000000000e+03 4.171615389657196814e-50
2.011250000000000000e+03 3.211471554547548608e-50
2.011500000000000000e+03 7.307958264070485205e-50
2.011750000000000000e+03 6.862564025701956303e-50
2.012000000000000000e+03 6.898167015093967209e-50
2.012250000000000000e+03 4.565228022131270479e-50
2.012500000000000000e+03 4.950975950860659245e-50
2.012750000000000000e+03 6.319566519907566025e-50
2.013000000000000000e+03 8.994914247821854297e-50
2.013250000000000000e+03 8.959330617497013028e-50
2.013500000000000000e+03 4.000358907174885249e-50
2.013750000000000000e+03 8.195049144604534328e-50
2.014000000000000000e+03 5.867862460119528515e-50
2.014250000000000000e+03 1.270388901298234696e-49
2.014500000000000000e+03 1.303590800090207344e-49
2.014750000000000000e+03 1.166901179184664499e-49
2.015000000000000000e+03 1.073526859697479593e-49
2.015250000000000000e+03 1.320042862636111272e-49
2.015500000000000000e+03 3.863769298507340114e-50
2.015750000000000000e+03 4.809611412684879534e-50
2.016000000000000000e+03 2.930636286973181020e-50
2.016250000000000000e+03 1.018489831844486066e-49
2.016500000000000000e+03 1.455554958455686544e-49
2.016750000000000000e+03 1.502468707105236255e-49
2.017000000000000000e+03 7.526936181385963032e-50
2.017250000000000000e+03 4.275818527433194806e-50
2.017500000000000000e+03 1.200491996992984872e-50
2.017750000000000000e+03 5.921941076657160882e-50
2.018000000000000000e+03 1.062284813061723004e-49
2.018250000000000000e+03 1.643904120972624228e-49
2.018500000000000000e+03 1.367011496827239847e-49
2.018750000000000000e+03 3.435458973184589763e-50
2.019000000000000000e+03 6.314193296496103132e-50
2.019250000000000000e+03 2.808092306057824797e-50
2.019500000000000000e+03 3.707175729725784083e-50
2.019750000000000000e+03 1.534670617846720372e-49
2.020000000000000000e+03 6.854963014929132173e-50
2.020250000000000000e+03 2.680628786707871162e-50
2.020500000000000000e+03 1.675225125540600982e-49
2.020750000000000000e+03 1.779013472608009094e-50
2.021000000000000000e+03 7.838916282023086780e-50
2.021250000000000000e+03 6.001509232556284162e-50
2.021500000000000000e+03 1.092053264756097668e-49
2.021750000000000000e+03 7.994954390938294986e-50
2.022000000000000000e+03 3.931828623941766366e-50
2.022250000000000000e+03 2.146525045614827659e-50
2.022500000000000000e+03 5.493207691997205905e-50
2.022750000000000000e+03 4.494897573104944835e-50
2.023000000000000000e+03 2.262602965581340612e-50
2.023250000000000000e+03 2.310748039756947186e-49
2.023500000000000000e+03 1.324220263429215362e-49
2.023750000000000000e+03 9.973268581557001879e-50
2.024000000000000000e+03 2.993360286793664169e-50
2.024250000000000000e+03 5.704180031224805905e-50
2.024500000000000000e+03 6.626360446586866122e-50
2.024750000000000000e+03 2.454288713018179356e-50
2.025000000000000000e+03 4.936465585814572733e-50
2.025250000000000000e+03 3.074116437349034721e-50
2.025500000000000000e+03 5.269221323061512508e-50
2.025750000000000000e+03 8.995822632335028244e-51
2.026000000000000000e+03 9.356591401375592291e-50
2.026250000000000000e+03 9.230040794710033354e-50
2.026500000000000000e+03 4.473054753434379261e-50
2.026750000000000000e+03 3.627776455269140229e-50
2.027000000000000000e+03 1.245585844353833610e-49
2.027250000000000000e+03 1.558893104187159426e-49
2.027500000000000000e+03 6.207598358120089758e-50
2.027750000000000000e+03 3.906768102412831930e-50
2.028000000000000000e+03 4.991914389150435059e-50
2.028250000000000000e+03 1.429169615129366360e-50
2.028500000000000000e+03 6.483025039007124236e-50
2.028750000000000000e+03 5.777048488707601233e-50
2.029000000000000000e+03 5.043394320898998213e-50
2.029250000000000000e+03 1.380416360556521950e-49
2.029500000000000000e+03 1.483599012969280838e-49
2.029750000000000000e+03 2.979107524411410864e-50
2.030000000000000000e+03 6.403437646066853604e-51
2.030250000000000000e+03 1.285152789739271615e-49
2.030500000000000000e+03 6.466505570889844451e-50
2.030750000000000000e+03 5.398361859866674842e-50
2.031000000000000000e+03 1.909685474203965156e-49
2.031250000000000000e+03 4.666312244749219380e-50
2.031500000000000000e+03 8.365282077339169969e-51
2.031750000000000000e+03 1.436055209830349707e-49
2.032000000000000000e+03 1.230395472743316962e-49
2.032250000000000000e+03 5.749335873061969408e-50
2.032500000000000000e+03 1.167478543748894697e-50
2.032750000000000000e+03 2.676399715517345318e-50
2.033000000000000000e+03 2.461218055773826825e-50
2.033250000000000000e+03 1.261651855231966087e-49
2.033500000000000000e+03 7.710048182127166696e-50
2.033750000000000000e+03 1.222355925558111933e-49
2.034000000000000000e+03 2.994385178760073399e-50
2.034250000000000000e+03 4.909184491169471639e-50
2.034500000000000000e+03 8.055801189151719436e-50
2.034750000000000000e+03 6.560286267489228480e-50
2.035000000000000000e+03 4.292855531787242980e-50
2.035250000000000000e+03 9.718519241068800956e-50
2.035500000000000000e+03 7.261468966515550749e-50
2.035750000000000000e+03 1.059732300021210581e-49
2.036000000000000000e+03 3.883410173283793340e-50
2.036250000000000000e+03 8.342004146565384057e-50
2.036500000000000000e+03 3.162721953435803695e-50
2.036750000000000000e+03 2.067487444103755998e-50
2.037000000000000000e+03 3.345120129600614680e-50
2.037250000000000000e+03 3.461295889778518897e-50
2.037500000000000000e+03 8.337526183654388932e-50
2.037750000000000000e+03 1.348224179219694838e-49
2.038000000000000000e+03 8.304314667670513866e-50
2.038250000000000000e+03 3.526716896337292895e-50
2.038500000000000000e+03 1.584455705925870237e-49
2.038750000000000000e+03 1.439681412881534833e-49
2.039000000000000000e+03 3.373825817031234306e-50
2.039250000000000000e+03 3.831385320453014919e-50
2.039500000000000000e+03 2.583860440907431525e-50
2.039750000000000000e+03 3.051085311498906977e-50
2.040000000000000000e+03 7.024287410282089205e-50
2.040250000000000000e+03 3.900432632780555331e-50
2.040500000000000000e+03 1.155652677157451853e-50
2.040750000000000000e+03 3.231082468413793172e-50
2.041000000000000000e+03 2.913868236671919893e-50
2.041250000000000000e+03 2.740568996366659632e-50
2.041500000000000000e+03 2.811107261686717912e-50
2.041750000000000000e+03 7.325743983399311976e-50
2.042000000000000000e+03 1.269101666295502206e-49
2.042250000000000000e+03 5.436943423553370428e-50
2.042500000000000000e+03 5.321569908137904752e-50
2.042750000000000000e+03 3.558112276637563287e-50
2.043000000000000000e+03 1.006833791898009062e-49
2.043250000000000000e+03 8.566411297549638938e-50
2.043500000000000000e+03 6.868178858126139948e-50
2.043750000000000000e+03 2.198499392174589219e-51
2.044000000000000000e+03 2.191067936928592544e-50
2.044250000000000000e+03 4.677795299489205250e-50
2.044500000000000000e+03 1.091524754925506659e-49
2.044750000000000000e+03 6.003548678868293588e-50
2.045000000000000000e+03 8.311880838217442546e-50
2.045250000000000000e+03 2.105602187018580771e-50
2.045500000000000000e+03 2.121492611787847896e-49
2.045750000000000000e+03 6.522122874380773654e-50
2.046000000000000000e+03 5.290812559899899430e-50
2.046250000000000000e+03 5.281331441704295554e-50
2.046500000000000000e+03 3.026026523173496632e-50
2.046750000000000000e+03 9.532400403036477519e-50
2.047000000000000000e+03 1.116648137245091960e-49
2.047250000000000000e+03 9.160115092439018575e-50
2.047500000000000000e+03 1.342155674541503594e-49
2.047750000000000000e+03 7.221895865219397019e-50
