domain units: Hz
measurement data type: Positive<double>
segment length (sec): 4
sampling rate (Hz): 4096
domain bounds (Hz): [0, 2048.25)
support bounds (Hz): [20, 1024)support indexes: [80, 4096)
---------------
domainValue measuredValue
0 1
0.25 1
0.5 1
0.75 1
1 1
1.25 1
1.5 1
1.75 1
2 1
2.25 1
2.5 1
2.75 1
3 1
3.25 1
3.5 1
3.75 1
4 1
4.25 1
4.5 1
4.75 1
5 1
5.25 1
5.5 1
5.75 1
6 1
6.25 1
6.5 1
6.75 1
7 1
7.25 1
7.5 1
7.75 1
8 1
8.25 1
8.5 1
8.75 1
9 1
9.25 1
9.5 1
9.75 1
10 1
10.25 1
10.5 1
10.75 1
11 1
11.25 1
11.5 1
11.75 1
12 1
12.25 1
12.5 1
12.75 1
13 1
13.25 1
13.5 1
13.75 1
14 1
14.25 1
14.5 1
14.75 1
15 1
15.25 1
15.5 1
15.75 1
16 1
16.25 1
16.5 1
16.75 1
17 1
17.25 1
17.5 1
17.75 1
18 1
18.25 1
18.5 1
18.75 1
19 1
19.25 1
19.5 1
19.75 1
20 2.43191720651816e-45
20.25 3.699815604971812e-45
20.5 1.137397616782339e-44
20.75 1.217152501249506e-44
21 1.106254247581505e-45
21.25 4.114364998115231e-45
21.5 3.912295100372572e-45
21.75 1.829868843838276e-45
22 4.319489326124539e-45
22.25 6.927897019787046e-46
22.5 4.537397147726325e-45
22.75 1.473887741276955e-44
23 7.203207499863613e-45
23.25 4.903374176061769e-47
23.5 8.409007105441375e-45
23.75 2.145322609803352e-44
24 1.917169466445064e-44
24.25 3.495026390869539e-45
24.5 9.139526693501726e-46
24.75 3.078405076739752e-45
25 1.502181591939389e-45
25.25 1.011135107108174e-45
25.5 3.662258297691385e-45
25.75 1.223887052548423e-44
26 1.609333383578513e-44
26.25 1.317503308782399e-44
26.5 1.031161809828013e-44
26.75 5.56454729131394e-45
27 4.297452419317643e-46
27.25 3.285356678086143e-45
27.5 5.574311204026957e-45
27.75 4.357205737680244e-45
28 2.850088446097074e-45
28.25 5.540500056737816e-45
28.5 6.72564819288003e-45
28.75 4.753991159907645e-45
29 1.514178251857208e-44
29.25 1.141429179195196e-44
29.5 1.030674017838225e-45
29.75 2.132979772445172e-45
30 1.258157245277167e-46
30.25 5.111213790479348e-45
30.5 1.033305998716459e-44
30.75 3.105138722635718e-45
31 2.761579010595891e-45
31.25 7.163816691674721e-45
31.5 1.338914001324801e-44
31.75 1.693667669887095e-44
32 6.247503126256662e-45
32.25 7.062520250867947e-46
32.5 7.145315219282665e-45
32.75 5.557184645970976e-45
33 1.142526431020599e-44
33.25 1.344491932809136e-44
33.5 7.182083168121356e-45
33.75 4.237736016923583e-45
34 4.493277568484148e-46
34.25 2.667328612211761e-45
34.5 8.121120425623483e-45
34.75 1.179301852660919e-44
35 5.707967924271445e-45
35.25 2.436354243851568e-45
35.5 2.426897933616469e-45
35.75 2.317486413089865e-46
36 3.728199447763001e-45
36.25 8.549596428448717e-45
36.5 1.04632288793698e-44
36.75 3.60085127946868e-45
37 4.037719730345544e-46
37.25 5.59343537701533e-45
37.5 7.065170718786526e-45
37.75 4.446893686326622e-45
38 2.161895249084562e-45
38.25 2.746294723747526e-45
38.5 7.085455433137303e-46
38.75 1.893771942508016e-45
39 6.446660707034971e-45
39.25 9.627256945999565e-45
39.5 9.32156249635892e-45
39.75 2.236813710804187e-45
40 1.08018319587693e-45
40.25 4.521871825271219e-45
40.5 2.626433179810594e-45
40.75 1.465777878982972e-45
41 2.604347896313448e-46
41.25 2.74537838848006e-45
41.5 1.21202025141049e-44
41.75 1.465707291449999e-44
42 8.20727360316258e-45
42.25 5.391316598055851e-45
42.5 1.789202461600996e-45
42.75 1.795050533297464e-45
43 3.774202450538392e-45
43.25 1.045668640999488e-45
43.5 2.743132192691229e-46
43.75 5.399296750533987e-46
44 3.485586103416936e-45
44.25 4.924974671284262e-45
44.5 2.205740749056643e-45
44.75 5.562120005417073e-46
45 2.018747741523313e-45
45.25 3.090572568684865e-45
45.5 3.733313144789941e-45
45.75 2.674689055385592e-45
46 4.216095043380627e-46
46.25 1.917652235898946e-47
46.5 1.266766218578068e-46
46.75 1.274676793805501e-45
47 8.838557563934562e-46
47.25 1.259988412342481e-45
47.5 1.596777982764162e-45
47.75 2.446755075166408e-45
48 5.23419146765215e-45
48.25 1.361226643634506e-45
48.5 2.645382461387271e-45
48.75 1.801763832229669e-45
49 3.276348543588845e-45
49.25 7.838165512535858e-45
49.5 6.291896949224859e-45
49.75 3.907971580318955e-45
50 2.159083359509659e-45
50.25 4.401204819528545e-45
50.5 5.621435640723559e-45
50.75 2.298091413485561e-45
51 6.197003600468563e-46
51.25 1.308898136648183e-45
51.5 2.6915316143425e-45
51.75 1.128955602644539e-45
52 3.78809002333899e-46
52.25 1.459742727863766e-46
52.5 2.91422534069561e-45
52.75 4.089094496686082e-45
53 6.962683135364698e-46
53.25 2.503088207609278e-46
53.5 8.029518265899312e-46
53.75 1.094810851009399e-45
54 1.920952221727054e-45
54.25 3.78861642416788e-45
54.5 4.52003365142383e-45
54.75 2.437773308684709e-45
55 4.104801652414878e-46
55.25 1.049001885371049e-46
55.5 7.132656027724779e-46
55.75 4.211500344067714e-46
56 1.60049202303441e-45
56.25 2.67426530083807e-45
56.5 2.183744417412129e-45
56.75 1.914290701788754e-45
57 4.04226096066208e-45
57.25 2.738976722110464e-45
57.5 1.569848954862118e-46
57.75 2.066883170743537e-45
58 1.597533372645359e-45
58.25 7.020994860882325e-46
58.5 3.137904995315116e-45
58.75 3.765564943638245e-45
59 1.947993525208489e-45
59.25 4.446357367602055e-45
59.5 2.74186021859272e-45
59.75 5.897965522961635e-46
60 6.075069353620367e-46
60.25 1.02954139520703e-45
60.5 4.721904433254055e-46
60.75 7.49283051335262e-46
61 1.231822637728369e-45
61.25 1.272765557735517e-46
61.5 2.395247686212848e-45
61.75 5.446762857159378e-45
62 8.230760501917302e-46
62.25 1.401966455790108e-45
62.5 3.608473830705677e-45
62.75 2.346407017103589e-45
63 4.437682740061587e-48
63.25 2.904180303547362e-45
63.5 2.786656592631712e-45
63.75 4.881030802193831e-46
64 3.414030103547988e-46
64.25 4.390659485599996e-46
64.5 1.44002667130931e-45
64.75 1.026280975890759e-45
65 2.012517382299451e-46
65.25 1.164150721019606e-45
65.5 1.41334799752971e-45
65.75 1.232239621361248e-45
66 8.828448474389877e-46
66.25 1.759162586744097e-47
66.5 1.062015151634495e-45
66.75 2.325931199425333e-45
67 3.058059719214675e-45
67.25 2.314596606351636e-45
67.5 1.813232088511451e-45
67.75 1.256179667746706e-45
68 9.023199131630864e-46
68.25 4.798992636402319e-46
68.5 1.882864111489619e-45
68.75 2.686008826704433e-45
69 2.564352430232172e-45
69.25 2.902278323546722e-45
69.5 1.919548754029136e-45
69.75 3.309623434882307e-46
70 2.301591896152527e-45
70.25 3.536467331856319e-45
70.5 2.348815215350803e-45
70.75 1.166507602332929e-45
71 1.732535045866604e-46
71.25 5.881038512176556e-46
71.5 3.077603668894482e-45
71.75 2.83146186936566e-45
72 7.744940110148202e-46
72.25 5.473506780849286e-46
72.5 4.313373051778649e-46
72.75 2.205643175010021e-46
73 1.838356563558129e-46
73.25 5.613530616200646e-46
73.5 1.069863044740656e-46
73.75 1.977663119408389e-46
74 3.260363050338385e-46
74.25 3.653960208406195e-48
74.5 5.368877865569959e-47
74.75 2.789181328704246e-46
75 1.334534566124378e-45
75.25 1.614825532615463e-45
75.5 8.081943021357765e-46
75.75 8.822959450724638e-46
76 1.758858436845553e-45
76.25 5.622598750903521e-46
76.5 6.151180319028923e-46
76.75 1.336441304403863e-45
77 9.807599938434915e-46
77.25 7.639430629070435e-46
77.5 7.056236712316808e-47
77.75 1.675819801769827e-45
78 1.876327831338424e-45
78.25 6.178887864477257e-46
78.5 5.463728295569158e-46
78.75 1.543212202904443e-45
79 1.544307161383017e-45
79.25 4.39663058794981e-46
79.5 6.378329422177061e-47
79.75 6.355827997108643e-46
80 1.188590775123902e-45
80.25 4.713812065966553e-46
80.5 1.081313776581481e-46
80.75 1.906293459861137e-47
81 4.229571649857628e-48
81.25 4.048465950653893e-46
81.5 1.770193872938139e-45
81.75 1.349504653436281e-45
82 1.129293038540416e-45
82.25 8.247925913465202e-46
82.5 8.547597228243344e-47
82.75 2.473645261886283e-45
83 3.694207675212137e-45
83.25 1.169299463086169e-45
83.5 1.891913959173959e-46
83.75 1.575603312949231e-45
84 9.098195743526966e-46
84.25 7.446437471558499e-46
84.5 1.025837670543714e-45
84.75 1.387469052857806e-45
85 1.292656410945302e-45
85.25 2.979886338337591e-46
85.5 8.264814043877854e-46
85.75 1.143991687093434e-45
86 7.579031524127866e-46
86.25 1.31474981375707e-45
86.5 1.874166888488943e-45
86.75 9.564959659100696e-46
87 6.163505825723669e-47
87.25 7.731537396039175e-46
87.5 1.589386796277059e-45
87.75 1.609226468343077e-45
88 1.419288360411174e-45
88.25 1.146986962956688e-45
88.5 7.266709719560766e-46
88.75 3.752100179915406e-46
89 4.397910649787147e-46
89.25 6.831718908854745e-46
89.5 5.400714228659464e-46
89.75 2.41539669981686e-46
90 1.738078518112086e-46
90.25 3.756915192235116e-46
90.5 7.374980816030064e-46
90.75 1.382692339493224e-45
91 9.386255572359197e-46
91.25 1.007816833549127e-47
91.5 8.243108319498109e-46
91.75 1.602256787595099e-45
92 8.48257796468855e-46
92.25 3.401058030262775e-47
92.5 1.997190187966355e-46
92.75 3.46027403765108e-46
93 8.23196524356361e-46
93.25 7.331737695465474e-46
93.5 1.832335810468182e-46
93.75 2.338014891968769e-46
94 3.910538811422953e-46
94.25 6.994546872419152e-46
94.5 6.960551116376431e-46
94.75 5.372263446247566e-46
95 2.751270229635435e-46
95.25 1.8225536120091e-47
95.5 7.636647678309491e-46
95.75 8.62882496250026e-46
96 3.114161592276487e-47
96.25 3.107319181417391e-46
96.5 2.665032568489297e-46
96.75 6.149345770827764e-47
97 2.550172041924019e-46
97.25 1.449784771957003e-46
97.5 7.863869722011964e-47
97.75 1.48587559498868e-46
98 7.945113485697992e-47
98.25 7.871563883169194e-47
98.5 6.644757514600085e-47
98.75 7.709440715878744e-47
99 1.302184878734372e-47
99.25 2.681196452623223e-46
99.5 8.309107365199885e-46
99.75 2.024534903863648e-46
100 1.024119926969041e-46
100.25 1.419818727660459e-46
100.5 3.067194254586136e-47
100.75 5.256577726683389e-47
101 1.882188126284096e-46
101.25 3.256634512098631e-46
101.5 1.111757758866402e-46
101.75 1.363539874739715e-45
102 7.786698645182275e-46
102.25 2.449848317195776e-46
102.5 4.426696679329069e-46
102.75 1.307484150607408e-46
103 1.506889741167317e-46
103.25 9.90524548895461e-47
103.5 9.143907247754183e-47
103.75 3.655308970179689e-46
104 5.867718764931179e-46
104.25 2.893292406779983e-46
104.5 8.146129580402366e-47
104.75 1.395446536416294e-47
105 5.447891673094614e-47
105.25 2.812131154906667e-46
105.5 4.458990337725265e-46
105.75 2.18937497289745e-46
106 6.482869347344666e-48
106.25 1.070145319207729e-46
106.5 2.222586315522206e-46
106.75 2.788345241802318e-46
107 1.887172172590835e-46
107.25 1.004000601247872e-46
107.5 3.160711381043924e-46
107.75 1.078303329257009e-46
108 4.063978595028024e-46
108.25 8.059651978698317e-46
108.5 1.173860279461905e-46
108.75 8.822420557260038e-47
109 7.747516495276392e-47
109.25 7.045503968564859e-47
109.5 2.144612687011247e-47
109.75 1.1517569609251e-46
110 2.262769537581278e-46
110.25 7.870985757829006e-47
110.5 3.803316010032203e-46
110.75 1.137767798919786e-45
111 1.225306770365455e-45
111.25 4.550450646683299e-46
111.5 7.291433492284358e-46
111.75 8.195279520949474e-46
112 1.117291750417772e-46
112.25 1.498678326605466e-46
112.5 4.671391519302102e-46
112.75 4.260657873427232e-46
113 5.423706564137676e-46
113.25 7.090245012292059e-46
113.5 5.374075786624553e-46
113.75 1.386250057830222e-46
114 8.04532486375997e-47
114.25 4.572624104771665e-46
114.5 6.080430306268787e-46
114.75 4.969471677448279e-46
115 3.557456877980994e-46
115.25 1.474509686302984e-46
115.5 3.087099489295984e-47
115.75 1.504659826607796e-46
116 1.581145960803076e-46
116.25 7.930304844190492e-47
116.5 1.022198511484496e-46
116.75 1.912943118385176e-46
117 2.069897859706481e-46
117.25 1.934362813343463e-46
117.5 9.447785820077285e-47
117.75 3.857032277185411e-47
118 6.231937073161831e-46
118.25 7.048558822246827e-46
118.5 3.600742540013882e-47
118.75 2.381329018897344e-46
119 2.225068818005475e-46
119.25 6.858083170100268e-46
119.5 1.350007470440771e-45
119.75 7.292828748562976e-46
120 1.320978518245906e-46
120.25 2.970299934662036e-47
120.5 3.350864238466843e-46
120.75 5.748383325334636e-46
121 1.91533705083962e-46
121.25 1.555006904061059e-47
121.5 1.49931825886594e-46
121.75 5.915350031644956e-47
122 9.659178539484534e-47
122.25 8.032851705703401e-47
122.5 3.56306551491643e-47
122.75 6.064123923071534e-47
123 4.972592668044588e-47
123.25 2.79166777121974e-46
123.5 2.846498505159941e-46
123.75 3.182699826979219e-46
124 1.879921893664324e-46
124.25 2.212070002289043e-47
124.5 6.050385981966372e-47
124.75 3.831290720629173e-46
125 6.745115091079883e-46
125.25 6.534995685361331e-46
125.5 2.557428601096086e-46
125.75 5.598928729256463e-47
126 4.275909763638048e-46
126.25 3.671235138650863e-46
126.5 1.161465539106199e-46
126.75 1.779066771393038e-46
127 2.123822387430303e-46
127.25 7.827570070720314e-47
127.5 5.414483975756201e-47
127.75 2.878793873671754e-46
128 8.545072887350024e-46
128.25 7.241697634806391e-46
128.5 1.503264695893932e-46
128.75 4.88312361475557e-48
129 8.336114005103442e-47
129.25 1.189095257850239e-46
129.5 8.155558451454791e-47
129.75 1.524155539738299e-47
130 2.126412568918139e-47
130.25 3.23789580382219e-47
130.5 1.657641824546157e-47
130.75 6.831173925736297e-48
131 3.382186679366148e-47
131.25 1.736968629169242e-46
131.5 2.065015453528197e-46
131.75 2.911605905869325e-47
132 1.505506065484558e-47
132.25 1.699890605150912e-47
132.5 1.799502001380846e-47
132.75 1.423262349171452e-47
133 2.571135721374494e-47
133.25 6.088290220451695e-47
133.5 2.421559008311781e-47
133.75 1.956313846404561e-46
134 3.839016271786919e-46
134.25 2.967063717694046e-46
134.5 1.934788381996708e-46
134.75 2.432713024820381e-46
135 1.756668412381441e-46
135.25 7.863602687903891e-47
135.5 1.359858452633152e-46
135.75 1.099141921021712e-46
136 4.401319026789228e-47
136.25 1.476218330505158e-46
136.5 8.517908286171807e-47
136.75 4.63647411843371e-47
137 8.082634015260757e-47
137.25 6.470286505732701e-48
137.5 2.146027053682768e-46
137.75 2.452859036030805e-46
138 1.890908826865254e-46
138.25 1.687572077356654e-46
138.5 7.24300411312503e-47
138.75 3.322211122838755e-47
139 8.971043495072002e-48
139.25 1.424134513497478e-47
139.5 7.005827042278406e-47
139.75 6.223836967643492e-47
140 6.248420953633528e-47
140.25 1.086517061819756e-46
140.5 6.549664872930796e-47
140.75 1.03670406159262e-47
141 1.413388463778018e-46
141.25 1.061590898471112e-46
141.5 1.834064099339314e-46
141.75 4.391563250506037e-46
142 3.432804906346666e-46
142.25 1.600067349601572e-46
142.5 1.492637993999076e-46
142.75 3.015385682034793e-46
143 4.854441271265637e-46
143.25 3.069188302050729e-46
143.5 1.999676438478054e-46
143.75 5.131843643155212e-46
144 3.113552783957852e-46
144.25 3.187959661836914e-47
144.5 2.793204241489929e-47
144.75 6.832467287591772e-47
145 1.869611036369778e-46
145.25 7.729442550685807e-47
145.5 5.92492357591587e-48
145.75 2.164848334059618e-47
146 1.938262882272975e-47
146.25 3.802002807349126e-47
146.5 7.679483543722951e-47
146.75 2.341501321277862e-47
147 6.380404081888477e-47
147.25 1.813275095673433e-47
147.5 2.4224785173404e-47
147.75 9.823471479429628e-47
148 2.018716694738939e-46
148.25 2.676653211358605e-46
148.5 2.545520554523217e-46
148.75 1.627940361550613e-46
149 2.413838281166509e-46
149.25 2.629327392400105e-46
149.5 1.203567325872279e-47
149.75 1.288594283858591e-46
150 1.468275098393213e-46
150.25 3.529837012469143e-47
150.5 2.381534835950761e-46
150.75 3.599836760998525e-46
151 2.467337084409049e-46
151.25 2.451280056955714e-46
151.5 1.389471677609228e-46
151.75 7.145015526275182e-47
152 1.278858320633118e-46
152.25 1.54943936664337e-46
152.5 1.036439749761055e-46
152.75 8.970616415769662e-47
153 6.036523521970857e-47
153.25 1.83527655637505e-47
153.5 1.86682300543758e-47
153.75 9.130931850279229e-47
154 4.21203848923486e-47
154.25 3.759612522252513e-47
154.5 2.729755140322309e-46
154.75 2.840573723263381e-46
155 1.470858127569879e-46
155.25 1.247298750072919e-46
155.5 3.936731125790171e-47
155.75 7.580247428757078e-48
156 2.149156558324817e-47
156.25 1.63023551999771e-47
156.5 1.517951098890656e-46
156.75 2.19359328848708e-46
157 1.373607024401274e-46
157.25 1.159560535034925e-46
157.5 2.098624390276181e-46
157.75 2.668514411119456e-46
158 1.578911344047985e-46
158.25 6.858731356268937e-48
158.5 5.245149526406311e-47
158.75 6.768942805847887e-47
159 4.381586824056724e-47
159.25 1.557890090425158e-46
159.5 1.241530313568113e-46
159.75 6.858806144506926e-48
160 2.561823847874167e-47
160.25 3.253349503049008e-47
160.5 5.156234176654867e-47
160.75 8.099910275912439e-47
161 7.681689055962177e-47
161.25 8.070870569965554e-47
161.5 3.074308693554366e-47
161.75 3.868642348943755e-47
162 1.796248075750518e-46
162.25 7.698475093118716e-47
162.5 1.795483298442402e-46
162.75 4.784417729727059e-46
163 3.416548605437414e-46
163.25 1.353614489026407e-46
163.5 2.235086895163662e-46
163.75 4.839108807547833e-46
164 2.638104662773142e-46
164.25 9.385322457846411e-48
164.5 2.200290615862012e-47
164.75 6.857978435980143e-47
165 2.294696196176094e-46
165.25 1.92098638411637e-46
165.5 1.234932944613099e-46
165.75 1.21348106826315e-46
166 1.338479482977287e-46
166.25 2.545688253539828e-46
166.5 2.666730791679665e-46
166.75 5.806247775439859e-47
167 2.147279618374116e-47
167.25 4.840760118895965e-47
167.5 3.231655030531188e-46
167.75 1.6773755447883e-46
168 5.485263656892273e-47
168.25 4.56870589322017e-46
168.5 4.85499131373638e-46
168.75 2.956667216522483e-46
169 3.098262456031251e-46
169.25 2.754160742135226e-46
169.5 2.513129881579922e-47
169.75 7.359831000394252e-47
170 2.352867608296814e-46
170.25 3.307199522277364e-46
170.5 4.965541465014388e-46
170.75 3.864791365552341e-46
171 1.771155311470493e-46
171.25 4.068555124378299e-46
171.5 3.849785077392457e-46
171.75 2.413966068672423e-46
172 1.499244215628168e-46
172.25 1.600089076909997e-46
172.5 1.65374022298976e-46
172.75 9.975098928980289e-47
173 6.9784719142695e-47
173.25 1.890684170492427e-46
173.5 3.968802315196796e-46
173.75 2.780220877554165e-46
174 8.681378768156049e-47
174.25 1.732115936704599e-47
174.5 6.527811280733159e-48
174.75 6.862417943879412e-47
175 1.778181176904125e-46
175.25 1.558084222255522e-46
175.5 3.630952994215677e-47
175.75 6.252224325136748e-48
176 6.727328067896769e-47
176.25 2.006355762829914e-46
176.5 4.324345321082164e-46
176.75 5.99502147662153e-46
177 3.940397308937409e-46
177.25 9.885777633723469e-47
177.5 5.684761049888895e-47
177.75 5.964968512580019e-47
178 6.15075559426246e-47
178.25 8.608346150989911e-47
178.5 7.52455776359565e-47
178.75 5.44899773293766e-47
179 5.684983199671676e-47
179.25 8.701430533532383e-48
179.5 3.038541400943618e-47
179.75 7.512859403019234e-47
180 1.356393881023669e-46
180.25 1.001069342891695e-46
180.5 7.244865941536611e-48
180.75 3.280554288913575e-48
181 5.921083178318659e-48
181.25 2.53099207508854e-47
181.5 1.893673879932912e-48
181.75 7.429597310934036e-47
182 2.107221731218819e-46
182.25 2.688231388382893e-46
182.5 1.148110568841969e-46
182.75 1.844257253013776e-47
183 1.179637522879435e-47
183.25 1.220349723639826e-46
183.5 4.91583370142287e-46
183.75 2.882739270122212e-46
184 7.518636155491424e-47
184.25 1.307334414653076e-46
184.5 4.443256270284959e-48
184.75 1.145056267060585e-46
185 2.869996895622191e-46
185.25 3.23419943503441e-46
185.5 2.007330774126485e-46
185.75 8.388265343354238e-47
186 5.900413286911933e-47
186.25 4.489366715714004e-47
186.5 7.874212419234021e-48
186.75 3.846987658966501e-47
187 3.719346499853892e-48
187.25 1.036563021425454e-46
187.5 3.17799827601366e-46
187.75 2.763492835545805e-46
188 7.898282269489805e-47
188.25 2.647344666629531e-47
188.5 2.320003212673168e-47
188.75 8.242140861461139e-47
189 3.548306777329896e-46
189.25 4.80194638013027e-46
189.5 4.174973712004021e-46
189.75 3.640881797068874e-46
190 2.946779049186197e-46
190.25 1.712500154593363e-46
190.5 8.009234361697882e-47
190.75 4.70431880648984e-47
191 1.103764089363644e-47
191.25 1.52881411744144e-47
191.5 1.002672132253556e-46
191.75 1.475498552948885e-46
192 1.464937591864521e-46
192.25 1.279351290134344e-46
192.5 4.498819787912392e-47
192.75 8.385021304664759e-48
193 3.645872082634461e-47
193.25 1.549476844616467e-48
193.5 1.168418155540988e-46
193.75 2.363878639028675e-46
194 3.132155301780774e-46
194.25 2.057993075087504e-46
194.5 1.085692846115707e-47
194.75 3.691902721805171e-47
195 5.244546092058501e-47
195.25 2.483826121998517e-47
195.5 5.478414363965484e-48
195.75 1.649682404759489e-49
196 3.131502182639557e-47
196.25 6.876625133743087e-47
196.5 1.356978280455298e-48
196.75 1.244553105932782e-46
197 2.042161162617015e-46
197.25 8.600724537892557e-47
197.5 4.203200136876752e-47
197.75 1.220107563759887e-46
198 2.236245324613411e-46
198.25 2.426806799140751e-46
198.5 1.779301093778619e-46
198.75 3.622794452616201e-47
199 3.41069188244239e-48
199.25 7.926882865071663e-48
199.5 4.650242558255921e-47
199.75 2.319634308291173e-46
200 2.729903212616085e-46
200.25 8.300889707838092e-47
200.5 4.50083433297158e-48
200.75 7.146082252998611e-47
201 1.050411952961896e-46
201.25 8.552695499895915e-47
201.5 4.10968714602555e-47
201.75 1.156010014280681e-47
202 6.759419356980713e-47
202.25 9.083182779209056e-47
202.5 1.049475002585202e-47
202.75 3.479759666625554e-47
203 6.676601334695713e-47
203.25 7.300600245179987e-47
203.5 1.587906099231235e-46
203.75 1.155077950031081e-46
204 1.281175454568766e-47
204.25 3.514414136247363e-47
204.5 8.427111383585843e-47
204.75 1.053897613137211e-46
205 1.152033298316543e-46
205.25 7.643675613707224e-47
205.5 2.530123901060006e-47
205.75 1.396313868745857e-46
206 3.253681246372707e-46
206.25 3.017352390828806e-46
206.5 1.230596764695781e-46
206.75 2.247238959561571e-47
207 2.355848362852176e-47
207.25 9.809599599446779e-48
207.5 4.949111290507069e-47
207.75 7.681684775237786e-47
208 4.133824493026416e-47
208.25 5.35474247941692e-47
208.5 1.900713193123554e-46
208.75 1.439526881071178e-46
209 5.072930153625559e-47
209.25 9.362451579124224e-47
209.5 4.02094293132224e-47
209.75 2.400905530946083e-46
210 1.493392986384962e-46
210.25 5.816194847994659e-47
210.5 2.307443389285082e-46
210.75 1.356951100567224e-46
211 1.361060868964341e-46
211.25 9.888804142938749e-47
211.5 1.929047379303573e-47
211.75 9.16138596504783e-48
212 4.070073580789783e-47
212.25 6.975035891733449e-47
212.5 1.641565750606758e-47
212.75 4.162789166829464e-47
213 8.314584982448754e-47
213.25 6.035409174278543e-47
213.5 7.616831494596103e-47
213.75 7.291453477674059e-47
214 1.465455992294828e-47
214.25 2.718228912981961e-48
214.5 1.945839731448771e-47
214.75 8.618667948246579e-47
215 1.835152209124282e-46
215.25 1.256797356302998e-46
215.5 1.962425250855904e-47
215.75 2.889411433018374e-47
216 2.403354239524734e-47
216.25 1.790579993564761e-48
216.5 3.188951521413367e-47
216.75 2.673448657243612e-47
217 4.327833134508798e-47
217.25 1.546263989842146e-46
217.5 1.62103186276325e-46
217.75 3.744624988485197e-47
218 4.52158372238881e-47
218.25 8.216414549361048e-47
218.5 8.556406207451577e-47
218.75 8.588068841796039e-47
219 1.063312462099493e-47
219.25 1.45861860590082e-46
219.5 3.011662564498926e-46
219.75 1.492234917598296e-46
220 5.525807396159713e-47
220.25 1.147721106788111e-46
220.5 5.190921942752988e-47
220.75 8.653572544604431e-48
221 7.311791023764813e-47
221.25 3.483571477906422e-47
221.5 3.465132020450069e-47
221.75 1.215284839520697e-46
222 1.28361745780633e-46
222.25 2.786378612097792e-47
222.5 2.638814077214954e-47
222.75 1.117358124474831e-46
223 4.114485198880704e-47
223.25 1.347651207427071e-47
223.5 5.780748700985682e-47
223.75 1.847276158275597e-46
224 2.087163800608963e-46
224.25 9.697052703274369e-47
224.5 9.908318822762537e-47
224.75 5.426807706531408e-47
225 1.311336602594261e-46
225.25 3.337427993301514e-46
225.5 1.984506290288307e-46
225.75 1.286443440065365e-47
226 8.11227346021715e-48
226.25 5.011696131785554e-48
226.5 3.140234897700358e-47
226.75 1.088701610816232e-46
227 5.083665171625741e-47
227.25 2.890738851539524e-47
227.5 1.366121909128018e-46
227.75 1.44207580161437e-47
228 8.993666085325948e-47
228.25 7.622134690576199e-47
228.5 2.007790722674833e-46
228.75 1.233177583224602e-46
229 5.602172115630699e-47
229.25 2.478012240734958e-46
229.5 7.740028559943397e-48
229.75 2.034207007905582e-46
230 1.486306250704324e-46
230.25 1.405872904542646e-46
230.5 2.919957730675998e-46
230.75 6.927279158923374e-47
231 1.232325735517556e-47
231.25 2.894230358736317e-47
231.5 1.950283590229903e-47
231.75 2.202840039362745e-46
232 2.790335186617926e-46
232.25 5.285588123404027e-47
232.5 1.073635646366203e-47
232.75 3.813119349936032e-47
233 2.130895538830106e-47
233.25 9.509400282195476e-48
233.5 4.252544281996446e-47
233.75 1.396831294237918e-46
234 1.369566927494042e-46
234.25 2.37801763584055e-47
234.5 2.701177155067896e-46
234.75 2.277332107851552e-46
235 5.624121760825547e-47
235.25 1.849876463431939e-46
235.5 2.018669637031447e-46
235.75 1.680620407776435e-46
236 3.002530951914514e-47
236.25 2.464305177407602e-47
236.5 8.493807675602569e-47
236.75 5.103428772111086e-47
237 1.339325201567699e-47
237.25 1.827404371716489e-48
237.5 5.214371081125522e-49
237.75 4.302849904324408e-48
238 1.640539130848999e-47
238.25 2.863936797819408e-47
238.5 2.622776812826513e-47
238.75 1.172088653757247e-47
239 2.242946208406442e-47
239.25 1.641231127747627e-46
239.5 1.461231732518462e-46
239.75 3.389517032480991e-47
240 1.146172545281312e-47
240.25 8.390618641155484e-48
240.5 6.068495343301806e-47
240.75 3.877740473968763e-47
241 2.370322758931857e-47
241.25 1.614038046049872e-46
241.5 1.506516917698942e-46
241.75 1.381367256254887e-47
242 4.044465504959258e-47
242.25 5.920464723277812e-47
242.5 6.971960632481783e-48
242.75 7.912761844868603e-47
243 2.248523571779304e-46
243.25 1.028948063314965e-46
243.5 5.108353656344488e-47
243.75 1.599160246610442e-46
244 1.241872214308876e-46
244.25 4.154599925795851e-47
244.5 8.60208228836448e-48
244.75 9.734199616977271e-47
245 1.548295604175336e-46
245.25 1.687116720313107e-46
245.5 4.303613327156404e-47
245.75 4.532062569219435e-47
246 1.4071275990596e-46
246.25 1.774619942381865e-46
246.5 5.051721747860627e-46
246.75 3.934257162990871e-46
247 1.089730780367012e-46
247.25 1.004076843655473e-47
247.5 1.091928708656063e-46
247.75 1.662500951083948e-46
248 7.152983883020037e-48
248.25 2.70516594232554e-46
248.5 1.970240708805535e-46
248.75 1.017311991496028e-46
249 2.118637209812396e-46
249.25 8.751661007487002e-47
249.5 4.707871493295898e-48
249.75 1.553294532034641e-47
250 1.06687653444137e-48
250.25 5.472307114129929e-47
250.5 3.462038761835254e-47
250.75 4.970868114767206e-49
251 1.7073923203056e-48
251.25 1.021465403630212e-46
251.5 3.325971705007685e-46
251.75 2.226117583472123e-46
252 8.312562005494115e-49
252.25 1.664455843294016e-46
252.5 1.782081076801105e-46
252.75 2.063972029678759e-48
253 5.278175076830851e-47
253.25 1.072976288611075e-47
253.5 6.997410096851766e-47
253.75 1.088249424328763e-46
254 4.138065595314331e-47
254.25 5.418938437609286e-48
254.5 2.582256613589833e-48
254.75 3.380896614726087e-47
255 2.105274757207153e-46
255.25 2.086119850572538e-46
255.5 1.373520446557456e-46
255.75 1.211118180450573e-46
256 6.361015762930088e-47
256.25 1.785683503203357e-46
256.5 1.986602831264313e-46
256.75 7.952078577921233e-47
257 2.468832316053189e-47
257.25 8.155574705900188e-47
257.5 6.903907600869396e-47
257.75 1.049172299487806e-48
258 8.941940061704138e-47
258.25 1.230171145719989e-46
258.5 7.481678781691833e-48
258.75 1.331823290403362e-46
259 3.378983495172347e-46
259.25 2.83992542145246e-46
259.5 4.537792246457752e-47
259.75 1.374042989621846e-46
260 4.403823944438818e-46
260.25 2.283267279555833e-46
260.5 5.081726071991777e-47
260.75 1.007477387306541e-46
261 9.620140641525955e-48
261.25 4.601574187316157e-47
261.5 7.490077343262429e-47
261.75 7.237760579972927e-47
262 1.146900574611591e-46
262.25 5.518174911971738e-47
262.5 2.742437638864256e-48
262.75 1.02687170522804e-46
263 1.522233133681821e-46
263.25 1.212692453719331e-46
263.5 7.576941704905699e-47
263.75 7.363502510701086e-49
264 4.381228858736573e-47
264.25 4.804782824720225e-47
264.5 1.770263368395405e-47
264.75 2.1127580098459e-47
265 3.96695412442341e-47
265.25 5.007222159706196e-47
265.5 6.724395319531902e-47
265.75 1.732301737201564e-47
266 7.551280010710904e-48
266.25 1.668205500184542e-47
266.5 5.056474531170113e-47
266.75 7.627544527268459e-47
267 4.136521072810256e-47
267.25 1.594179150758351e-47
267.5 1.819340009624437e-47
267.75 5.099775862194461e-47
268 3.834434514063551e-47
268.25 9.891110481889561e-47
268.5 5.605291796921546e-47
268.75 4.575569075964537e-47
269 1.429629648734039e-46
269.25 9.510668143679657e-47
269.5 2.980171719583542e-47
269.75 4.83397031612732e-47
270 6.409042457586512e-47
270.25 4.253502017379629e-47
270.5 1.231933883275047e-46
270.75 1.02825258714553e-46
271 2.89592125468852e-47
271.25 7.773158456412637e-47
271.5 1.412634024111409e-46
271.75 1.406683858588856e-46
272 9.983315217123447e-47
272.25 9.663009343387514e-47
272.5 3.258036769909908e-47
272.75 5.131888438616061e-47
273 1.020962234458572e-46
273.25 7.867339306203107e-47
273.5 1.709905134775299e-46
273.75 8.369383816617254e-47
274 2.316817420283442e-46
274.25 3.506418800707374e-46
274.5 9.836505590766706e-47
274.75 6.06197795410792e-47
275 3.289929432723038e-47
275.25 1.373362543492524e-46
275.5 8.842783269884975e-47
275.75 3.812025982676727e-47
276 5.252660851560898e-47
276.25 2.844856870723794e-47
276.5 5.983551024596976e-47
276.75 4.718125899608639e-47
277 5.481188830874789e-47
277.25 5.188129686552267e-47
277.5 7.015093593489204e-47
277.75 3.273690440960865e-47
278 5.473358349431088e-48
278.25 2.332074680637387e-47
278.5 8.966319437629729e-48
278.75 2.987491034784095e-47
279 6.805356878787247e-48
279.25 1.291523464046145e-47
279.5 1.011893377193131e-48
279.75 2.901213660297174e-47
280 3.850487812817147e-48
280.25 5.054209186268064e-47
280.5 3.881736852349957e-47
280.75 3.973999192363492e-47
281 5.584952991348865e-47
281.25 1.595122204314494e-47
281.5 3.047374905084147e-47
281.75 4.463233596456202e-48
282 5.560872744060904e-47
282.25 8.481891416247683e-47
282.5 3.293240373915306e-47
282.75 5.753749923667443e-47
283 3.582013450177749e-47
283.25 1.406513789478536e-47
283.5 1.411195737362312e-47
283.75 7.356087675375822e-48
284 1.50175476055011e-47
284.25 4.282542378319537e-47
284.5 5.469333976381296e-47
284.75 1.660589408420402e-48
285 2.041328758038476e-47
285.25 1.478841965318931e-47
285.5 6.668026518570917e-48
285.75 8.289727441831307e-48
286 1.434801876923969e-47
286.25 4.756132748977639e-48
286.5 2.585332851777901e-48
286.75 2.090934185086537e-47
287 3.060666023681272e-47
287.25 7.49117463259825e-48
287.5 1.379026147018317e-47
287.75 3.874647749728711e-47
288 3.563463952417322e-47
288.25 3.189441572532476e-47
288.5 2.889749045233294e-47
288.75 4.133047040700958e-47
289 4.373622473987941e-47
289.25 6.158672594029939e-47
289.5 7.347769921242835e-47
289.75 4.686132200134602e-47
290 2.152964468683352e-47
290.25 9.191270691470238e-48
290.5 1.427712967790381e-48
290.75 3.751763720967058e-47
291 1.152653462861005e-46
291.25 8.413547136938261e-47
291.5 1.85490388944341e-47
291.75 2.741131617705224e-47
292 1.818314967516273e-47
292.25 8.058642264940343e-48
292.5 9.691028925880811e-48
292.75 1.100391880613353e-47
293 8.246189865484263e-48
293.25 2.263039609771543e-47
293.5 8.060548527323136e-47
293.75 8.708127982984806e-47
294 7.455204299023215e-47
294.25 1.423422089625073e-46
294.5 6.054154262597062e-47
294.75 2.44941632854004e-48
295 8.642294532501345e-49
295.25 2.221098980942383e-47
295.5 2.784165297954095e-47
295.75 1.063334541228805e-47
296 2.101471344429317e-47
296.25 5.897743959082629e-47
296.5 2.434980714976523e-47
296.75 6.642697266778217e-47
297 5.880963543637498e-47
297.25 1.794180390292854e-47
297.5 4.624616082001504e-47
297.75 5.535785742127348e-47
298 1.104928417253333e-46
298.25 1.306627468257806e-46
298.5 1.252793343244202e-47
298.75 9.249506214342149e-47
299 1.27026723365048e-46
299.25 1.035866109717086e-47
299.5 1.476727341993489e-46
299.75 1.325883188973242e-46
300 7.711956030061754e-47
300.25 8.255026639131579e-48
300.5 2.019582805133835e-47
300.75 1.654413713009021e-47
301 9.612414146997697e-48
301.25 6.294050416327592e-47
301.5 5.812395549813252e-47
301.75 3.337953452620407e-47
302 1.139336154431805e-47
302.25 2.346283589517932e-47
302.5 2.824867252629964e-47
302.75 2.479777517755126e-47
303 6.693673942952228e-47
303.25 1.95556936093111e-47
303.5 4.293486382446782e-47
303.75 3.947214405547536e-47
304 5.244371724410754e-48
304.25 2.815926978766927e-47
304.5 9.644507542096829e-47
304.75 7.693104708384122e-47
305 3.869117612799842e-47
305.25 9.569560870499207e-48
305.5 5.074146506615303e-47
305.75 7.81167369458068e-47
306 2.305742111361838e-47
306.25 1.822825873395545e-47
306.5 5.345319461402042e-47
306.75 3.462195593334553e-47
307 5.111313949513542e-47
307.25 2.005984196421807e-47
307.5 1.830972646794981e-47
307.75 5.275810864393215e-47
308 5.371130728439796e-47
308.25 3.149655634603807e-47
308.5 7.488922416199871e-48
308.75 4.227388111516284e-48
309 3.746747020592356e-48
309.25 4.260940575742978e-48
309.5 1.638710480490037e-47
309.75 2.854606788057981e-47
310 9.529696651902496e-48
310.25 7.96540184733776e-51
310.5 1.51822789175467e-47
310.75 1.804117075072699e-47
311 1.02858187816021e-48
311.25 1.115911128385731e-47
311.5 1.242622032406167e-47
311.75 1.589883143113263e-47
312 1.822734970881183e-47
312.25 1.925630039565069e-47
312.5 7.911017815315542e-47
312.75 1.011015005392374e-46
313 9.264436828690594e-48
313.25 1.505846693576032e-47
313.5 9.669652617580808e-48
313.75 1.172384546951306e-47
314 1.954997384277107e-47
314.25 1.935068203715337e-47
314.5 1.552095348280823e-47
314.75 1.767312509684651e-48
315 3.155380021092769e-47
315.25 3.712413979453277e-47
315.5 4.04614755747674e-48
315.75 3.291571954277023e-47
316 6.515939265043329e-47
316.25 3.159703226415169e-47
316.5 2.214823111586793e-47
316.75 3.79161162985702e-47
317 1.59381610704594e-47
317.25 3.559538057114181e-48
317.5 4.499941966441924e-47
317.75 3.139421285915283e-47
318 1.134365512661187e-48
318.25 3.263390578491043e-47
318.5 5.081154111807369e-47
318.75 4.923497505705258e-47
319 3.131010856014653e-47
319.25 4.745242719453141e-48
319.5 2.391454830540265e-48
319.75 5.923847832675619e-48
320 2.611059856823882e-48
320.25 3.386991532045631e-47
320.5 1.898431947047097e-47
320.75 3.005028343842779e-47
321 6.403705903303575e-47
321.25 1.943619646906273e-48
321.5 5.047579816927013e-47
321.75 6.969198410186728e-47
322 1.983096759378896e-47
322.25 8.009019695009049e-48
322.5 4.060500576734227e-47
322.75 4.012085997505242e-47
323 9.489532743536367e-48
323.25 2.247046847024877e-47
323.5 2.607516876825905e-47
323.75 1.494940454340106e-47
324 6.980243111375454e-48
324.25 3.092977899771055e-47
324.5 2.972262335993019e-47
324.75 1.205141208181817e-47
325 4.612627409417277e-48
325.25 9.842102342224e-48
325.5 2.093687894494684e-47
325.75 2.498311582567394e-47
326 1.134871514372333e-47
326.25 2.512290991007001e-47
326.5 5.839383006647857e-47
326.75 8.225024893376996e-47
327 4.245926074092605e-47
327.25 1.614710669671716e-48
327.5 1.384024943276308e-47
327.75 2.392826217335644e-47
328 8.516641746328237e-48
328.25 1.178199928725315e-48
328.5 1.552101931357311e-47
328.75 1.015625587526271e-47
329 2.706719159955092e-48
329.25 1.098862692112572e-47
329.5 7.785939095957914e-48
329.75 4.252631992058198e-48
330 1.347253539223759e-47
330.25 1.489757637790821e-47
330.5 4.174651555442099e-48
330.75 4.116750004134632e-48
331 1.530545041652629e-48
331.25 1.483197791750154e-48
331.5 3.859655093874712e-48
331.75 1.340945386132652e-47
332 5.034867466947887e-47
332.25 4.390127883847856e-47
332.5 2.511553758339828e-48
332.75 7.835283422466083e-48
333 1.086983383560358e-47
333.25 5.67790086262494e-48
333.5 3.848203026427649e-48
333.75 3.482761895450057e-50
334 1.526849371010196e-47
334.25 4.794347361012374e-47
334.5 5.907735859824358e-47
334.75 4.015598381428065e-47
335 9.742001861628859e-48
335.25 9.508342170982777e-48
335.5 3.223992476092034e-48
335.75 3.524520454097927e-48
336 1.891682556929282e-47
336.25 1.346866920806524e-47
336.5 1.134523231519047e-47
336.75 8.730494773917495e-47
337 6.550006211025556e-47
337.25 5.963131392014836e-48
337.5 5.001675609051213e-48
337.75 2.283285746047861e-47
338 9.015460878652989e-48
338.25 5.111957025473507e-48
338.5 1.680443170065661e-47
338.75 2.689217250461838e-47
339 3.154440071459327e-47
339.25 2.585655335550787e-48
339.5 6.699800156932645e-48
339.75 1.701938218675745e-47
340 2.525875908519502e-47
340.25 2.01235602498334e-47
340.5 2.205179890039486e-47
340.75 4.424057495561811e-47
341 2.081266329951796e-47
341.25 8.14363349951461e-48
341.5 7.243519005002048e-47
341.75 4.385976403451739e-47
342 1.489849901591237e-48
342.25 1.009783169247954e-47
342.5 1.010455560250437e-47
342.75 4.812399019861182e-47
343 1.937618396123809e-47
343.25 1.610316935208957e-47
343.5 7.199077479781763e-47
343.75 4.815377769503782e-47
344 2.259895864009816e-47
344.25 2.113390544669592e-47
344.5 7.982383309473152e-48
344.75 1.025301612023879e-47
345 6.039090078066172e-47
345.25 6.490492902189729e-47
345.5 2.349501081339359e-47
345.75 1.369011237337737e-48
346 3.207594517948707e-47
346.25 7.413076231250266e-47
346.5 4.096680443844874e-47
346.75 2.612926898941957e-48
347 9.409582549786223e-48
347.25 2.53647519412132e-47
347.5 3.521251654225062e-47
347.75 3.024954986782649e-47
348 1.345971124922534e-47
348.25 1.637711342519478e-47
348.5 5.802729150657224e-47
348.75 3.646055383012901e-47
349 2.202346888244405e-48
349.25 5.946016693094873e-48
349.5 2.488476448128604e-48
349.75 2.310347116400699e-47
350 8.422231643138787e-48
350.25 6.482485486069427e-48
350.5 4.284587328297377e-48
350.75 2.086726552296056e-47
351 2.056014038014426e-47
351.25 5.178677441276783e-50
351.5 8.611266039916838e-48
351.75 6.025032385405158e-48
352 1.569500725473358e-47
352.25 4.713603860510868e-47
352.5 7.757669598141155e-47
352.75 7.143996363050424e-47
353 4.728460843196069e-47
353.25 1.660810916778868e-47
353.5 5.15496715227587e-49
353.75 7.631904265167991e-48
354 3.808866300544739e-48
354.25 4.867089884005795e-47
354.5 4.169681453391073e-47
354.75 4.122291555320058e-48
355 4.330427752868905e-47
355.25 3.108134097049149e-47
355.5 7.022766568496088e-49
355.75 3.522346439500943e-47
356 4.361132367487853e-47
356.25 1.11885122848373e-47
356.5 2.174405394442966e-48
356.75 1.473237920251714e-47
357 9.015589609690295e-48
357.25 3.748326789313114e-48
357.5 3.33237345590716e-48
357.75 6.090620846653142e-48
358 2.89169316425595e-47
358.25 3.159085411231938e-47
358.5 1.55533136657806e-47
358.75 4.149941297571664e-48
359 8.855662206865302e-48
359.25 1.229568549516204e-47
359.5 5.645811580991323e-48
359.75 1.880032915138628e-48
360 8.504832259597095e-48
360.25 4.826740909192617e-48
360.5 1.539921848488934e-47
360.75 2.812412648902538e-47
361 1.778376199810779e-47
361.25 4.933662511333091e-48
361.5 9.016671815216395e-48
361.75 2.791229272718556e-47
362 2.927123210357219e-47
362.25 1.520471339012643e-47
362.5 3.043019106565684e-48
362.75 6.061457720551031e-49
363 5.873259944924744e-48
363.25 3.498018483302891e-48
363.5 1.580233012985053e-48
363.75 7.390569131704582e-48
364 9.431219477281097e-48
364.25 5.657818640099053e-47
364.5 3.945542996137919e-47
364.75 6.201751045255144e-48
365 3.564038037305512e-47
365.25 1.235862746533794e-47
365.5 5.798382918107904e-47
365.75 3.317382894566584e-47
366 2.12573429009299e-47
366.25 9.143003698789437e-47
366.5 8.094770711708229e-47
366.75 3.472428687020391e-47
367 1.374544138866555e-48
367.25 6.119017720901257e-48
367.5 3.817972646189261e-48
367.75 2.415224479203512e-47
368 2.189071216014508e-47
368.25 1.812400920424969e-47
368.5 1.679287003976783e-47
368.75 1.34955702672557e-48
369 1.606323895272167e-48
369.25 8.235487125224187e-49
369.5 1.204358856429609e-47
369.75 1.162598859136173e-47
370 1.28932017282758e-47
370.25 2.691857900538949e-47
370.5 1.078403109410084e-47
370.75 9.835038035478954e-49
371 4.606396473070075e-49
371.25 1.545304884468203e-48
371.5 9.747431955301647e-48
371.75 3.746732855272562e-48
372 7.495915441289976e-48
372.25 1.918522652588804e-47
372.5 4.585551917689513e-49
372.75 5.503552141823884e-48
373 1.778217021730402e-48
373.25 3.51052974451827e-47
373.5 2.532330269726856e-47
373.75 1.496277644566816e-47
374 1.044316738013231e-47
374.25 1.597771872042448e-47
374.5 1.833177695156592e-47
374.75 5.72535394444082e-48
375 2.215705157390458e-48
375.25 7.634649996624938e-48
375.5 3.728157596986354e-47
375.75 7.965042133808106e-47
376 4.488848730906791e-47
376.25 1.599520868502694e-47
376.5 3.746204112626993e-47
376.75 9.018799952085961e-48
377 6.791971232917912e-48
377.25 1.219159633010729e-47
377.5 5.673861404202736e-48
377.75 5.687654238605224e-48
378 1.254986386414132e-47
378.25 1.263782295485963e-47
378.5 1.70884164427228e-47
378.75 2.622928392665581e-48
379 1.728268550121028e-47
379.25 1.716859710702549e-47
379.5 3.520354651217817e-47
379.75 9.320227027472442e-48
380 2.691700124357575e-47
380.25 5.63711085301745e-47
380.5 1.533815555893613e-47
380.75 2.246200175710337e-47
381 1.515087851482055e-47
381.25 2.41158056365344e-47
381.5 2.55632486543343e-47
381.75 3.781692499609807e-47
382 2.239042652009523e-47
382.25 1.13654861463353e-47
382.5 4.112631193502681e-47
382.75 4.106062591787918e-47
383 1.222061847724417e-47
383.25 1.364245955894244e-48
383.5 9.69243683284949e-48
383.75 1.759389562025356e-48
384 7.980345439511719e-48
384.25 5.352804711333852e-48
384.5 1.222579669637125e-47
384.75 5.294302253957456e-47
385 2.762904841736131e-47
385.25 6.393283726787333e-48
385.5 4.505019496472446e-47
385.75 3.265427605940714e-47
386 1.250511328238969e-47
386.25 5.859657150051956e-47
386.5 5.791413822252603e-47
386.75 6.583116152203818e-48
387 1.151772079688344e-47
387.25 2.187474108098484e-47
387.5 1.343476867679394e-48
387.75 4.640321996340457e-48
388 9.227691371753262e-48
388.25 2.087434988363768e-47
388.5 9.65532000662181e-48
388.75 2.027339831596966e-48
389 4.094806144843919e-48
389.25 5.032037309256281e-49
389.5 2.11081104445542e-48
389.75 1.458176582321174e-47
390 2.197785789036836e-47
390.25 2.84305556246497e-47
390.5 2.852330029860507e-47
390.75 1.103178174360797e-47
391 2.140563238455944e-47
391.25 3.040343298034066e-47
391.5 1.848891418276973e-47
391.75 5.191009296244208e-48
392 8.224215591579561e-48
392.25 1.128784468177884e-47
392.5 1.408101884422814e-47
392.75 2.832552702306463e-47
393 4.601807513384641e-48
393.25 1.696290652125134e-47
393.5 3.031277010814436e-47
393.75 4.062948997996619e-48
394 1.246935979944291e-47
394.25 4.137981270000739e-48
394.5 1.322388129292527e-48
394.75 6.522935661182397e-50
395 1.711507114410073e-47
395.25 3.193530371439558e-47
395.5 1.905382960985535e-47
395.75 2.386534054487593e-47
396 1.869153665235733e-47
396.25 6.694130028063573e-49
396.5 2.63650862906826e-47
396.75 2.529486389278775e-47
397 1.292004370494285e-47
397.25 4.695451913836001e-47
397.5 2.116929947326968e-47
397.75 7.327385481606898e-50
398 1.594238068522994e-48
398.25 1.083874321095489e-47
398.5 4.973711208825057e-48
398.75 4.056629501645732e-47
399 6.500706038478785e-47
399.25 6.495952672526547e-47
399.5 7.589475438857781e-47
399.75 6.712106477673383e-48
400 3.078660927425371e-47
400.25 1.595480863215565e-47
400.5 1.190000367376756e-47
400.75 3.052990139994878e-47
401 3.381045906027529e-49
401.25 2.708682732124905e-47
401.5 8.933207549721862e-48
401.75 1.272491256714693e-47
402 1.627525303803245e-47
402.25 5.514466003568701e-48
402.5 1.740156102781734e-47
402.75 1.045839401574726e-47
403 6.331461462033956e-49
403.25 3.512831641015143e-48
403.5 4.30027465453481e-48
403.75 7.044106464801631e-48
404 4.021939330033139e-47
404.25 6.777572276107387e-47
404.5 4.434066693471591e-47
404.75 4.3809341790524e-48
405 1.630075383991704e-47
405.25 1.265605572377643e-47
405.5 9.256576733650843e-48
405.75 1.26738519747334e-47
406 9.081098886507072e-48
406.25 1.350528271249872e-48
406.5 9.595874501004724e-48
406.75 2.191012088712663e-47
407 1.411215203645331e-47
407.25 6.00868758776603e-48
407.5 3.445197594538003e-49
407.75 2.94445182482778e-48
408 4.722699396502729e-48
408.25 2.585360986724442e-47
408.5 1.262574218510671e-47
408.75 2.788850504830948e-48
409 7.737874311581532e-48
409.25 2.2965704059695e-48
409.5 1.590702758061795e-47
409.75 3.704273128129376e-47
410 6.090991790340723e-47
410.25 2.493451446958186e-47
410.5 4.433115047743518e-48
410.75 9.316337179512749e-48
411 3.467509335301761e-48
411.25 3.417324982401658e-48
411.5 1.210995895354429e-47
411.75 1.160155643176728e-47
412 1.826429394671787e-48
412.25 1.970417881682433e-48
412.5 9.397463404617044e-49
412.75 7.494651322948272e-49
413 9.489498477907251e-48
413.25 1.873969938174071e-47
413.5 7.069331791611665e-48
413.75 1.235967259408361e-47
414 3.107470595737363e-47
414.25 3.749904465653461e-47
414.5 2.031277739265741e-47
414.75 1.815545974299384e-47
415 4.127928375693785e-47
415.25 3.506984740848343e-47
415.5 1.559825823540143e-47
415.75 1.242326371697916e-47
416 2.40221281374099e-47
416.25 1.278208239389825e-47
416.5 1.990477355980374e-48
416.75 2.490589903243282e-47
417 3.231344240543111e-47
417.25 1.157957116790923e-47
417.5 2.631526454314889e-48
417.75 8.75580315298518e-48
418 2.275642908493728e-47
418.25 1.499608820145287e-47
418.5 3.782824002523565e-48
418.75 7.032270341724401e-48
419 2.676522287846795e-47
419.25 2.142355739437255e-47
419.5 6.611276597342026e-48
419.75 1.408988723793315e-47
420 4.776070122039458e-49
420.25 4.070407387814336e-47
420.5 3.254959735484354e-47
420.75 4.844174554137243e-48
421 1.817902807142314e-47
421.25 1.680751579908898e-48
421.5 2.055018318065433e-47
421.75 1.402306561126516e-47
422 6.424159365855628e-49
422.25 3.291171418411552e-48
422.5 3.395256530551902e-48
422.75 2.62697915187677e-48
423 1.725284358032555e-50
423.25 8.439219974984152e-48
423.5 2.751099728245518e-47
423.75 1.373986880810927e-47
424 2.68902606499495e-48
424.25 1.888481273330637e-47
424.5 4.976109450524408e-48
424.75 7.889827057424601e-48
425 1.960931691630569e-47
425.25 1.854424962817645e-47
425.5 1.219526789659758e-47
425.75 1.100590211885063e-47
426 3.864858768663973e-48
426.25 1.561226523370045e-47
426.5 3.773805535117679e-47
426.75 2.839257408278582e-47
427 5.165038675014725e-47
427.25 2.113130766178855e-47
427.5 7.928413403961757e-48
427.75 3.906113976361442e-47
428 6.946214328279047e-48
428.25 3.905022511612932e-47
428.5 4.045612429868706e-47
428.75 3.214412542488828e-48
429 4.088966833581887e-48
429.25 1.295884123497426e-48
429.5 9.484815779901908e-48
429.75 8.541537598261119e-48
430 7.785515235698239e-48
430.25 9.444527127643863e-48
430.5 3.278590361892195e-48
430.75 4.901452909084054e-48
431 8.169321139351116e-48
431.25 2.894506354166674e-47
431.5 3.337317971693322e-47
431.75 2.7633716313165e-47
432 5.4674383384966e-48
432.25 1.972588834307091e-47
432.5 5.460624886431881e-47
432.75 3.790853819500056e-48
433 3.345120897983352e-47
433.25 2.940072805837979e-47
433.5 3.812689908517416e-48
433.75 2.08021351766678e-47
434 6.657850357021899e-48
434.25 4.434059123730307e-48
434.5 9.865003752058473e-48
434.75 6.418053960854107e-47
435 6.412195828951295e-47
435.25 9.532717729599108e-48
435.5 1.019847471441795e-47
435.75 1.762378598905095e-47
436 7.98133833046256e-48
436.25 2.092013845030483e-47
436.5 1.639939802278388e-47
436.75 1.936678076129816e-48
437 2.318667103651402e-47
437.25 2.324312187010999e-47
437.5 1.221944073728392e-47
437.75 1.202477154007112e-47
438 1.109359735254204e-48
438.25 1.392148870329077e-47
438.5 6.710314658048583e-48
438.75 1.074212933915007e-48
439 1.298928418632114e-47
439.25 1.622796894326878e-47
439.5 9.955236754114156e-49
439.75 1.164640489505632e-47
440 1.170483552736102e-47
440.25 1.388102829750175e-48
440.5 5.452023684087542e-48
440.75 2.388410984765225e-48
441 6.184060376013267e-49
441.25 1.801722842133326e-47
441.5 2.808792174745677e-47
441.75 5.817767121276833e-48
442 2.2503094918788e-47
442.25 1.311601553781133e-47
442.5 7.51710387695563e-49
442.75 1.025862209667933e-47
443 6.419025897494579e-48
443.25 4.158941445717598e-48
443.5 9.215875899297901e-48
443.75 1.203120532347584e-47
444 9.656431021316536e-48
444.25 9.063168184299144e-48
444.5 1.230243711035527e-47
444.75 2.244184468136026e-47
445 3.223981504144651e-47
445.25 1.7778212199114e-47
445.5 2.040364680656316e-47
445.75 6.867757946493556e-47
446 3.824193759493577e-47
446.25 5.580023451080315e-48
446.5 4.876125436699045e-47
446.75 3.120266701674599e-47
447 9.26309297482558e-49
447.25 1.084411247710376e-47
447.5 2.05246108900123e-47
447.75 2.0402499131318e-47
448 7.844440728594966e-48
448.25 3.827206794026826e-49
448.5 1.594264400252122e-48
448.75 2.742387042354577e-48
449 1.007991292548037e-47
449.25 3.059389266732105e-47
449.5 5.144076975769464e-47
449.75 5.206935283780568e-47
450 3.32954405796223e-47
450.25 8.331246071173093e-48
450.5 2.596281127158212e-47
450.75 4.30742440518866e-47
451 9.785077329943573e-48
451.25 4.549624192059755e-47
451.5 4.922246656505505e-47
451.75 6.073536282862039e-48
452 2.992982176572348e-48
452.25 4.619097688722776e-47
452.5 7.899480567481672e-47
452.75 1.896369149309469e-47
453 5.232601976671719e-48
453.25 3.402073668470274e-48
453.5 1.024663157962701e-47
453.75 2.23388014680219e-47
454 7.581832347174879e-49
454.25 1.721282594899032e-47
454.5 1.986214322731346e-47
454.75 1.490595328568923e-47
455 4.774904863032306e-48
455.25 1.018416820812241e-47
455.5 3.873512655143091e-47
455.75 1.140636121738714e-47
456 5.154588702807382e-48
456.25 2.44481801252257e-47
456.5 1.387038678242444e-47
456.75 2.19919181921446e-48
457 3.895416274244661e-48
457.25 2.618778938593931e-48
457.5 2.212443628388156e-49
457.75 5.545417813384596e-48
458 1.926349476656005e-47
458.25 2.077200385943463e-47
458.5 6.677080228057587e-48
458.75 1.785241103248822e-48
459 6.21730122112826e-48
459.25 7.013695394289983e-48
459.5 2.557562097118601e-47
459.75 4.386127419887491e-48
460 7.159317132669667e-48
460.25 9.316128051832179e-48
460.5 1.48491254984003e-48
460.75 1.709429112167972e-48
461 3.613458322550816e-48
461.25 4.99617288048301e-48
461.5 9.448774328527947e-48
461.75 8.398010755768881e-48
462 2.745220460309894e-47
462.25 7.967947026438481e-48
462.5 1.337342014838676e-47
462.75 1.664313547165265e-47
463 6.963564501792389e-50
463.25 7.423241667980029e-48
463.5 1.080142143778058e-48
463.75 4.164004278339737e-49
464 4.643038701298436e-50
464.25 2.367975874642909e-48
464.5 2.12136117500288e-48
464.75 2.662864383326634e-49
465 4.874594718672213e-49
465.25 8.027770106017044e-48
465.5 1.462162323355347e-47
465.75 4.031283323613377e-48
466 7.401242864638552e-48
466.25 3.14507286100274e-49
466.5 1.091517168590809e-47
466.75 8.472628859885232e-48
467 1.277804956719471e-47
467.25 2.217028640802331e-47
467.5 1.209923734203499e-48
467.75 5.803699616457302e-48
468 6.525782918823637e-48
468.25 7.73698810644323e-48
468.5 1.056587637902173e-47
468.75 3.884627234316975e-48
469 4.749741148971552e-48
469.25 1.875172343257668e-48
469.5 9.490774738981793e-48
469.75 8.493525101960014e-48
470 1.625389594046137e-47
470.25 2.639197348627946e-47
470.5 2.994454965333339e-48
470.75 9.181413855072427e-48
471 2.25088306749734e-47
471.25 1.870718187635089e-47
471.5 3.490630598507389e-48
471.75 6.278805863710188e-48
472 5.883952660670657e-48
472.25 7.320727730113226e-48
472.5 2.024519032720377e-48
472.75 6.115667552492481e-48
473 2.526565617915654e-48
473.25 3.238173472319154e-47
473.5 3.013858380873865e-47
473.75 2.479605940455409e-48
474 9.928826145951605e-48
474.25 1.044078253111245e-47
474.5 7.597955892331381e-48
474.75 2.290418100182967e-48
475 7.505866046169098e-48
475.25 2.733958774458807e-49
475.5 6.81698242905042e-48
475.75 4.112331679671206e-48
476 1.314876450765183e-48
476.25 4.560375727380855e-48
476.5 2.863515198602145e-48
476.75 3.956906052476618e-49
477 8.836002729811726e-48
477.25 3.056501231399253e-48
477.5 7.391288577518183e-48
477.75 1.738603672904475e-47
478 7.64192264053272e-48
478.25 6.367682665764797e-48
478.5 5.192981306957392e-48
478.75 1.40291664193309e-47
479 7.652609181164136e-48
479.25 8.775597549099858e-49
479.5 1.374630066989487e-48
479.75 6.515715325728117e-50
480 7.120947680719894e-48
480.25 7.262905220275169e-48
480.5 3.660138732979679e-48
480.75 2.396348927616482e-47
481 1.132784350878648e-47
481.25 6.602251520580776e-48
481.5 6.141969431247109e-49
481.75 1.952305402930842e-47
482 2.242083342123005e-47
482.25 2.730045058232759e-48
482.5 6.414284738380638e-49
482.75 2.190478143056317e-48
483 2.279936992944639e-49
483.25 4.470573015010677e-48
483.5 5.520977781541738e-48
483.75 1.136652501330548e-48
484 3.209200730606713e-48
484.25 1.039955601041026e-47
484.5 2.214894322461888e-47
484.75 1.798302116796886e-47
485 2.011205880658817e-48
485.25 4.798272941053473e-48
485.5 1.73731010938338e-47
485.75 1.876701556683903e-47
486 5.276524723331185e-48
486.25 6.115060714523233e-48
486.5 2.826910122195114e-48
486.75 6.8849480166155e-48
487 8.974385559998565e-48
487.25 1.094861079140538e-48
487.5 2.356705093654542e-47
487.75 1.564541511360223e-47
488 1.954528103108653e-49
488.25 5.663641657111827e-48
488.5 7.337922998922812e-48
488.75 1.56865057829866e-47
489 1.540245537615348e-47
489.25 1.063218794148984e-47
489.5 1.157740800267209e-47
489.75 6.701319958768633e-48
490 2.385068170377199e-48
490.25 1.014908785931563e-47
490.5 3.832815638020857e-48
490.75 1.993716697920076e-49
491 1.879146060717695e-48
491.25 1.778244046231254e-47
491.5 1.344070879328443e-47
491.75 1.072916140730017e-48
492 1.452128186843757e-47
492.25 5.712597992578953e-48
492.5 7.994509322036554e-49
492.75 5.825212813531882e-48
493 1.490379133689083e-47
493.25 7.600604309636532e-49
493.5 1.648796269901395e-47
493.75 2.217497748662983e-47
494 5.973417474935257e-48
494.25 7.786778638295975e-48
494.5 2.130295389412049e-48
494.75 1.136297286783217e-47
495 9.48998646252091e-48
495.25 4.076571702300855e-48
495.5 5.43828125549355e-48
495.75 9.804813612455225e-48
496 1.587296611730121e-47
496.25 1.832715317551623e-47
496.5 6.741663910907678e-48
496.75 3.055846246461563e-48
497 4.334795244744573e-48
497.25 2.280066337201595e-48
497.5 1.25535256561557e-48
497.75 2.656380654263077e-48
498 7.815925983078669e-48
498.25 1.184655925891352e-47
498.5 9.397955570572109e-48
498.75 6.294827507631895e-48
499 8.058742033634919e-49
499.25 3.842803242037744e-48
499.5 2.237954197550473e-47
499.75 4.71735195688168e-47
500 4.952397085641918e-47
500.25 1.853142224831274e-47
500.5 1.235734072774281e-48
500.75 1.367889037764539e-48
501 8.919971386978752e-48
501.25 5.239051937654825e-48
501.5 5.28140017531964e-48
501.75 3.071979231425012e-47
502 1.448642596375319e-47
502.25 1.115092947459423e-49
502.5 5.425037169823701e-48
502.75 2.986384099494912e-48
503 4.79806479309816e-48
503.25 7.403096343917809e-48
503.5 5.017696534862494e-48
503.75 4.702286565818178e-48
504 1.092980001162015e-48
504.25 2.158405859263849e-48
504.5 5.690408223874712e-48
504.75 1.116134070253113e-47
505 3.515193533290286e-48
505.25 1.263129038054189e-49
505.5 4.551800611745803e-48
505.75 1.54978688079155e-47
506 1.167167551838431e-47
506.25 6.521893964108892e-48
506.5 2.889037800643961e-48
506.75 3.414235020826494e-49
507 3.931337257258197e-48
507.25 1.355056720994893e-47
507.5 3.839809459004976e-48
507.75 5.572802590560994e-48
508 7.171937845099335e-48
508.25 1.181102095093498e-47
508.5 6.503589956793029e-48
508.75 4.536547777560768e-48
509 7.686511517884755e-48
509.25 1.577136170994265e-47
509.5 2.643931630799734e-47
509.75 7.864749353019329e-48
510 5.368402234413601e-48
510.25 8.535089621290355e-49
510.5 6.686859901554646e-48
510.75 2.049586814418808e-47
511 7.122332333266817e-48
511.25 1.492988520484343e-48
511.5 7.063233942709447e-48
511.75 1.332541329368161e-48
512 5.371280551565876e-48
512.25 3.130198348278889e-48
512.5 1.303621227062746e-47
512.75 1.387436366964165e-47
513 6.58305784572508e-48
513.25 1.274305092213532e-48
513.5 9.72168859444305e-48
513.75 2.875384586770681e-47
514 1.470197437921132e-47
514.25 2.412356387101258e-48
514.5 2.965816712726419e-48
514.75 7.071539533607259e-48
515 1.635558514180818e-48
515.25 7.925881223524742e-48
515.5 6.848717751304225e-48
515.75 5.695269261539233e-48
516 1.883206579894946e-47
516.25 6.685057787393197e-48
516.5 1.585035281270979e-49
516.75 5.13748460587844e-49
517 5.44662464698023e-48
517.25 3.356911871102174e-48
517.5 1.204036422256878e-48
517.75 8.836342336110229e-48
518 1.279364914301286e-47
518.25 1.01399455307958e-47
518.5 6.402478744574484e-48
518.75 2.293193072479384e-48
519 3.332687674789019e-48
519.25 8.508464659723584e-48
519.5 6.210471557740373e-48
519.75 9.498047048415491e-49
520 2.604266983619214e-48
520.25 3.06191684487227e-48
520.5 4.624337878016908e-48
520.75 6.837766061946054e-48
521 2.33608777185907e-48
521.25 1.090671789290839e-48
521.5 5.56995884233098e-48
521.75 9.971268189313113e-48
522 8.544438980245292e-48
522.25 6.999262359882598e-48
522.5 4.729479249616895e-48
522.75 2.685201927899369e-48
523 1.44180321027528e-48
523.25 2.183309641925439e-49
523.5 5.644423865279836e-49
523.75 3.320661511572988e-48
524 2.213496935398427e-47
524.25 4.263190811375718e-47
524.5 3.574904183470329e-47
524.75 1.584869162410361e-47
525 2.602410126755736e-48
525.25 2.805488251665281e-48
525.5 1.212121843724787e-47
525.75 1.548940762934711e-47
526 1.312116173079541e-47
526.25 8.142685131607632e-49
526.5 1.169547199395348e-47
526.75 2.596078720530815e-47
527 9.732180846380103e-48
527.25 1.604544454732914e-48
527.5 1.251543308417574e-48
527.75 4.836237818996638e-49
528 1.922000477393425e-48
528.25 6.169733120917012e-48
528.5 1.678601831441504e-48
528.75 3.518965919366442e-49
529 5.006962969803239e-48
529.25 2.078684760717776e-47
529.5 9.750996176923923e-48
529.75 1.454093918361056e-48
530 6.191594142484781e-48
530.25 6.097004697014612e-49
530.5 3.574348834455805e-48
530.75 9.849688025979375e-49
531 1.216350646756458e-48
531.25 3.150541860088593e-48
531.5 3.926742059767846e-48
531.75 1.285731438211268e-47
532 8.840461938421994e-48
532.25 4.078562980527326e-48
532.5 1.933053927328172e-48
532.75 5.092576404296849e-48
533 1.727713034629102e-47
533.25 4.957930269883356e-48
533.5 2.101626039503772e-48
533.75 5.171596293749612e-48
534 6.01169899719815e-48
534.25 1.451988774580943e-47
534.5 6.027850541300239e-48
534.75 7.800037198549093e-48
535 1.377386290517596e-47
535.25 1.1852986470725e-47
535.5 1.556677998739365e-47
535.75 1.248264124182425e-48
536 3.879302499528483e-48
536.25 1.17701956689635e-48
536.5 1.276345975079914e-47
536.75 1.149543450260443e-47
537 2.6964958961211e-48
537.25 7.648461641251704e-48
537.5 2.029351751865714e-48
537.75 5.643718059161626e-48
538 1.942561629125179e-48
538.25 5.076037614169921e-48
538.5 7.016053576296997e-48
538.75 8.921124073436759e-48
539 6.318038518373974e-48
539.25 1.081654328749961e-48
539.5 1.563394935241972e-48
539.75 3.046234086064775e-48
540 1.953785823366309e-48
540.25 4.591456982062222e-49
540.5 1.938381763214121e-48
540.75 1.155390426122718e-49
541 9.374949693890764e-49
541.25 2.494947999535425e-48
541.5 8.568110456685129e-48
541.75 6.702764475536569e-48
542 7.634972794444574e-48
542.25 3.359223851935955e-47
542.5 3.581153646073627e-47
542.75 9.005741988763916e-48
543 1.829415427264501e-48
543.25 2.161103626032763e-48
543.5 1.094004538153915e-48
543.75 9.101838636694918e-49
544 2.32759925887323e-48
544.25 9.061913333483583e-48
544.5 1.247511271986788e-48
544.75 1.270617388018611e-47
545 2.604483094225218e-47
545.25 1.523365866651064e-47
545.5 1.263339335641774e-47
545.75 6.128882940077444e-48
546 3.423818965543517e-48
546.25 5.59389527736538e-48
546.5 9.63576942979607e-48
546.75 1.133489513049949e-47
547 4.390196645135975e-48
547.25 9.318210097541937e-49
547.5 3.612173588245162e-48
547.75 4.489971658651794e-48
548 2.834181795063026e-48
548.25 4.374651247515137e-48
548.5 2.695086606297594e-48
548.75 4.128867006035857e-49
549 2.101185420160618e-49
549.25 1.529867643318436e-48
549.5 4.829567511464277e-48
549.75 6.691769784689766e-48
550 6.592404417887256e-48
550.25 1.361532395915817e-47
550.5 2.237424963646793e-47
550.75 1.359299854574389e-47
551 3.101674872905462e-48
551.25 2.136781810399547e-48
551.5 3.537550216802435e-48
551.75 4.453986550602925e-48
552 2.059482810173093e-49
552.25 4.694370111724056e-48
552.5 2.176367210840022e-48
552.75 7.908051532916443e-48
553 6.972458561894133e-48
553.25 7.398215379608501e-49
553.5 7.76814512526091e-48
553.75 1.820168903158215e-48
554 2.164036176885582e-47
554.25 2.718543375247373e-47
554.5 6.912965926183376e-48
554.75 3.390567765787035e-48
555 2.932925359792963e-48
555.25 1.135773130445032e-48
555.5 2.705672127378254e-48
555.75 2.044428390125979e-48
556 2.562461677675195e-48
556.25 8.932328496229843e-48
556.5 1.266342947136806e-47
556.75 1.380271411862701e-47
557 7.461534143540724e-48
557.25 5.108114497862599e-48
557.5 9.258209717769527e-48
557.75 1.00841533317584e-47
558 7.628495480540219e-48
558.25 5.245113939142912e-48
558.5 2.684106112811663e-48
558.75 1.898495659109872e-48
559 1.533562842577501e-48
559.25 6.465417959087063e-49
559.5 1.319546831065037e-48
559.75 1.390798179924649e-49
560 2.121719927755623e-48
560.25 2.606126764388678e-48
560.5 6.102856350265818e-49
560.75 2.802504042778219e-49
561 1.233323842804781e-48
561.25 5.776822979267366e-48
561.5 4.944537885584095e-48
561.75 2.899098765284626e-48
562 8.393331639458199e-48
562.25 5.932134255578891e-48
562.5 2.284907614722405e-48
562.75 2.137750272847292e-48
563 7.218101437534731e-48
563.25 1.201578961508767e-47
563.5 2.906476659010058e-48
563.75 8.833723753545237e-49
564 1.531005272422256e-47
564.25 3.20508086918055e-47
564.5 1.120737283151694e-47
564.75 1.013572660626202e-47
565 2.198720068060308e-47
565.25 2.85483379028486e-48
565.5 3.344482181767036e-48
565.75 2.204259737315301e-48
566 3.064255777517805e-48
566.25 5.799562387007543e-48
566.5 5.077492575286056e-49
566.75 2.83169719031203e-48
567 1.958747091793654e-48
567.25 1.593635566097054e-49
567.5 3.995115312815306e-48
567.75 6.176684109845484e-48
568 3.838813705690067e-48
568.25 4.030302356643507e-48
568.5 7.000012081693559e-48
568.75 6.569040289418647e-48
569 8.084136305394578e-48
569.25 5.675693198720208e-48
569.5 2.652432709143621e-48
569.75 7.803756028369584e-48
570 5.506544938232174e-48
570.25 8.512884418833717e-48
570.5 1.399155664996348e-47
570.75 1.598592954046444e-47
571 5.402341124170733e-48
571.25 6.161475760784635e-48
571.5 1.132413801335119e-48
571.75 7.974542557645873e-48
572 1.156802018520391e-47
572.25 1.437596552874045e-49
572.5 2.864936971386149e-48
572.75 1.322340040447368e-48
573 4.457144899817294e-48
573.25 1.477114909450023e-48
573.5 7.750874385901604e-48
573.75 9.472659539454444e-48
574 1.05769848378234e-48
574.25 2.71745456715053e-48
574.5 8.277364590597721e-48
574.75 3.284220381497809e-48
575 2.08329119876431e-49
575.25 1.645666550827812e-48
575.5 9.083218240651174e-48
575.75 6.190342706075861e-48
576 1.243606781236473e-47
576.25 1.841289919874348e-47
576.5 2.868868912677402e-48
576.75 1.714503947560578e-48
577 3.405384556293821e-48
577.25 4.403289542751475e-48
577.5 3.445172816047319e-48
577.75 2.038113336293687e-48
578 4.276855271951731e-48
578.25 2.59713122677885e-48
578.5 7.093626162466568e-49
578.75 1.869928713783864e-48
579 8.394297098174792e-48
579.25 1.091058471142001e-47
579.5 4.765661774759874e-48
579.75 2.314182961912839e-48
580 1.54733297014728e-48
580.25 2.022143648248918e-48
580.5 8.301958860796685e-49
580.75 1.407449490125044e-47
581 3.526155210005917e-47
581.25 2.340790945004694e-47
581.5 4.345266120818517e-48
581.75 2.352511834306148e-49
582 4.646485611842329e-49
582.25 2.421573773170603e-49
582.5 4.107265824833034e-48
582.75 1.653005661946056e-47
583 2.647025446425181e-47
583.25 2.68913764800593e-47
583.5 1.736295446483559e-47
583.75 1.402356042600155e-47
584 3.378271562739698e-47
584.25 2.550278690134829e-47
584.5 4.876383780944742e-49
584.75 5.115217015575262e-48
585 3.126388958974234e-50
585.25 2.248060902656325e-47
585.5 2.837033453363357e-47
585.75 8.829312956804105e-49
586 6.7469402504055e-48
586.25 6.372499820964182e-49
586.5 1.243094646394412e-47
586.75 1.994866816721643e-47
587 1.611131217792214e-48
587.25 4.950558824880502e-48
587.5 5.270356357941389e-48
587.75 1.480098957576124e-48
588 1.334954820552721e-48
588.25 4.077413836036438e-48
588.5 7.761441524414798e-48
588.75 4.97606358352449e-48
589 7.461471699067608e-48
589.25 7.633953305971814e-48
589.5 1.111490337017917e-48
589.75 6.226370570694951e-48
590 1.78315011894645e-47
590.25 8.298545640489942e-48
590.5 6.42511019476529e-50
590.75 1.742286537331992e-48
591 2.658017943452059e-48
591.25 2.270659151392972e-48
591.5 1.723019595022195e-49
591.75 3.939679407917245e-48
592 3.65008319920231e-48
592.25 1.493753549444315e-48
592.5 2.673516968221195e-49
592.75 6.639475723668315e-49
593 7.374470555777923e-49
593.25 4.089633780319153e-48
593.5 3.709584433050992e-48
593.75 4.935643227369045e-50
594 1.960291602177451e-48
594.25 5.49309883444985e-48
594.5 1.491478955449235e-47
594.75 7.460619695759859e-48
595 2.558334026484655e-48
595.25 2.619332458110686e-47
595.5 2.295755841520819e-47
595.75 6.061077896482358e-48
596 2.555028498557228e-48
596.25 3.484174515929752e-48
596.5 6.856277588186244e-48
596.75 8.466086545481889e-48
597 7.762921445968341e-48
597.25 1.522849689518606e-47
597.5 1.432214287425914e-47
597.75 3.410646689166562e-48
598 2.734546353685447e-48
598.25 5.995811729259653e-48
598.5 2.108973110988667e-48
598.75 1.628535440833321e-48
599 7.018360083670244e-48
599.25 4.875320536217337e-48
599.5 1.046710807979278e-48
599.75 9.850557554446792e-49
600 7.376045828873801e-49
600.25 3.277739539247349e-48
600.5 1.083835066030136e-47
600.75 1.487075421046415e-47
601 8.442946395334873e-48
601.25 1.93797191778141e-48
601.5 3.785315337698413e-48
601.75 4.483649601619192e-48
602 1.529024467259204e-48
602.25 4.309778154876802e-51
602.5 1.818278586694073e-48
602.75 3.508400269235133e-48
603 1.982290211606179e-48
603.25 1.059260006655476e-48
603.5 4.946051855075414e-48
603.75 6.371027043472443e-48
604 4.926927966569251e-48
604.25 6.701646496009595e-48
604.5 3.343423633180628e-48
604.75 3.574743442769671e-48
605 5.056349760148102e-48
605.25 7.587899635745267e-48
605.5 1.364349879771426e-47
605.75 6.982862495475277e-48
606 1.121625953516804e-47
606.25 1.183763706675898e-47
606.5 4.111577490971454e-48
606.75 4.713707157693531e-47
607 2.377678560983526e-47
607.25 2.819383721563643e-48
607.5 8.663396545179326e-48
607.75 1.162260570831122e-48
608 1.144601679376132e-47
608.25 7.406007245750764e-49
608.5 7.584139196914135e-48
608.75 1.594322399049603e-47
609 1.145454264724293e-47
609.25 6.708443714247332e-48
609.5 1.785311149459174e-47
609.75 1.737158500112638e-47
610 8.664759461091018e-48
610.25 7.725482335229117e-49
610.5 6.7358122559817e-48
610.75 5.94345863710193e-48
611 1.373454998210384e-48
611.25 1.081989026704927e-47
611.5 1.38791268807649e-47
611.75 5.292221358364627e-48
612 7.01415373565129e-49
612.25 2.075711481727341e-48
612.5 5.412742866690069e-48
612.75 1.113876351537799e-48
613 6.38806246375751e-49
613.25 1.74023055389018e-50
613.5 2.034493223716521e-48
613.75 7.246306603586299e-49
614 1.799041869457848e-48
614.25 5.012614922107536e-48
614.5 7.027412493227271e-48
614.75 1.233886952513173e-47
615 1.044537442203092e-47
615.25 5.16594163148678e-48
615.5 3.260586482651289e-48
615.75 7.098600421002076e-48
616 1.170448305777961e-47
616.25 5.480603579043327e-48
616.5 1.107702338713557e-47
616.75 1.410292548439204e-47
617 1.1661344726581e-48
617.25 6.873751790119012e-48
617.5 1.215440768980971e-48
617.75 1.088214516261063e-47
618 1.320512606148547e-47
618.25 3.398352854200482e-48
618.5 4.156138479816573e-48
618.75 5.610096080808438e-49
619 1.867138753899899e-48
619.25 7.610953507033799e-50
619.5 3.68156883475372e-48
619.75 5.202916537980277e-48
620 2.406116172837339e-47
620.25 2.810356867502716e-47
620.5 5.232469599554448e-48
620.75 1.809276139456837e-48
621 8.193573233388591e-48
621.25 5.98665493364662e-48
621.5 1.007420649575805e-48
621.75 2.129428050774918e-48
622 3.260282320958584e-48
622.25 2.12994935785411e-48
622.5 4.12760317914191e-48
622.75 2.143537053276695e-48
623 1.69440229279215e-48
623.25 5.805199751501987e-48
623.5 7.760263663310779e-48
623.75 4.775796748617641e-48
624 2.436837821710133e-48
624.25 6.610858725217698e-48
624.5 1.156030168930012e-47
624.75 3.499356927666974e-48
625 8.223255922865879e-48
625.25 7.356367496811408e-48
625.5 3.645735783431554e-48
625.75 9.52883752144435e-48
626 6.060582166089738e-48
626.25 4.332148094102258e-48
626.5 8.500287230478096e-48
626.75 8.994824820114431e-48
627 4.481435658905388e-48
627.25 2.86242292076848e-48
627.5 8.142300654737837e-49
627.75 2.783057256514505e-48
628 5.850536233180646e-48
628.25 1.291941290656086e-47
628.5 1.796655040723221e-47
628.75 6.663207167166874e-48
629 5.057552372528579e-49
629.25 3.694227093327218e-48
629.5 5.50306239945669e-49
629.75 1.336412119976174e-47
630 1.293583613008841e-47
630.25 6.343681497271348e-49
630.5 6.621243590911344e-48
630.75 1.794367024107318e-47
631 1.491993823249717e-47
631.25 4.501607098522535e-48
631.5 1.992181392161247e-49
631.75 1.414443607429467e-49
632 1.807060600581394e-48
632.25 4.632203117078571e-48
632.5 1.327370621884535e-48
632.75 1.384881714519921e-48
633 7.431729356131244e-48
633.25 8.208936326095374e-48
633.5 4.320847800307504e-48
633.75 3.018751713633424e-48
634 2.728223428525665e-48
634.25 3.565100351773262e-48
634.5 5.646891442502582e-48
634.75 3.047576248637933e-48
635 2.362403679495378e-48
635.25 2.98357929722244e-48
635.5 6.107430519306761e-48
635.75 6.81281923395934e-48
636 5.599144778151302e-48
636.25 3.606932626521874e-48
636.5 5.48764998434048e-48
636.75 3.981971926667943e-48
637 1.190944071359477e-48
637.25 6.111693281270245e-48
637.5 3.186552719653828e-48
637.75 1.324440074587016e-48
638 6.159994592916089e-48
638.25 4.111255212202076e-48
638.5 1.019518869336935e-48
638.75 1.956393716103878e-48
639 8.351010247517437e-49
639.25 2.226493532726529e-49
639.5 3.013705022587517e-48
639.75 4.993406605985696e-48
640 6.131396779610982e-48
640.25 9.198249319678846e-48
640.5 9.102303143657813e-48
640.75 3.384385296542861e-48
641 2.280175181085911e-48
641.25 1.353661843950524e-48
641.5 1.717547818878621e-48
641.75 8.584009327538914e-49
642 2.087055026238974e-48
642.25 5.99529661538365e-48
642.5 6.020065769319794e-48
642.75 4.758483677528383e-48
643 2.251829735730781e-48
643.25 5.309059961688958e-49
643.5 9.80597215623638e-49
643.75 1.535648720219715e-49
644 1.546454967116728e-48
644.25 2.594535564056377e-48
644.5 3.630325934115598e-49
644.75 3.150883563712501e-48
645 1.286379899430589e-47
645.25 9.272948132770971e-48
645.5 2.393084273042045e-48
645.75 1.787853358993269e-47
646 8.614529038888821e-48
646.25 3.518177902572707e-48
646.5 1.105998814843172e-47
646.75 3.121806967125205e-48
647 6.898996359500117e-48
647.25 8.799412987411714e-48
647.5 5.642308795255802e-49
647.75 1.284296963474583e-48
648 3.217165483818865e-49
648.25 3.944664095409488e-48
648.5 6.023743791260368e-48
648.75 3.422933085953101e-48
649 5.732201662676392e-48
649.25 4.285719833948345e-48
649.5 3.790929207994828e-48
649.75 4.358554904690844e-48
650 1.098140089184304e-48
650.25 1.444500126179258e-48
650.5 2.762055315153854e-48
650.75 7.478708146412503e-49
651 3.696304941472192e-48
651.25 2.399576384911459e-48
651.5 3.108884836031263e-50
651.75 2.303674313130535e-49
652 2.180547992654365e-48
652.25 2.836444546080323e-48
652.5 1.51897126404578e-49
652.75 3.483793204869117e-49
653 2.54963316748657e-48
653.25 3.198464595431401e-48
653.5 2.705998778945112e-49
653.75 3.808032369233575e-48
654 8.193609725153853e-49
654.25 4.002779236143239e-49
654.5 2.590043973699126e-48
654.75 1.134336877662006e-47
655 7.901028713850983e-48
655.25 9.385622376573532e-48
655.5 3.798218453318781e-48
655.75 2.694030915710297e-48
656 3.773872814724208e-48
656.25 5.053621176083137e-48
656.5 1.656975246622412e-47
656.75 9.774309791960546e-48
657 2.133034331845229e-48
657.25 6.312123279783203e-48
657.5 8.019961606039517e-48
657.75 1.641718483593077e-48
658 2.834215470479057e-48
658.25 8.42194876419149e-48
658.5 2.288714206929318e-48
658.75 3.915169585754917e-49
659 1.302961603364523e-48
659.25 3.018003224465442e-49
659.5 3.677220135595804e-49
659.75 1.350538592621386e-48
660 9.074818492008745e-49
660.25 1.935376377270455e-49
660.5 2.048494908813638e-48
660.75 5.333686430653254e-48
661 3.871831326948776e-48
661.25 1.692670692444211e-48
661.5 4.603432776231815e-49
661.75 2.538059910375795e-49
662 2.13308468385912e-49
662.25 2.994137101393175e-49
662.5 5.213440091594759e-48
662.75 1.454085557922101e-47
663 7.085130608703538e-48
663.25 3.19168617377652e-48
663.5 7.562756525185525e-48
663.75 2.761641444569608e-48
664 8.690837785866589e-49
664.25 1.070293152139947e-47
664.5 2.365448388317389e-47
664.75 1.502117218120326e-47
665 3.235064566381745e-49
665.25 1.211701910303731e-47
665.5 1.214333562538582e-47
665.75 1.234546712736336e-48
666 1.689054364175242e-48
666.25 3.074793041223761e-48
666.5 6.058764043324225e-48
666.75 6.064967342184874e-48
667 6.223103469791414e-48
667.25 5.100908306000529e-48
667.5 4.273098275083242e-48
667.75 1.623816840699063e-48
668 3.617227200395177e-50
668.25 1.775336810793097e-48
668.5 3.662878348970533e-48
668.75 5.5396647193221e-48
669 2.17498894232521e-47
669.25 3.558720676137923e-47
669.5 2.422547211243294e-47
669.75 6.048545889944713e-48
670 4.426645617008517e-48
670.25 2.137409417490418e-48
670.5 3.786689885961007e-49
670.75 2.721133865336153e-48
671 3.651625289508824e-49
671.25 1.588787721576237e-48
671.5 5.793263982220887e-48
671.75 7.36965134397025e-48
672 6.756756401768965e-48
672.25 7.541063591379263e-48
672.5 4.103487364674227e-48
672.75 1.029723854937037e-49
673 2.693848013303505e-48
673.25 3.431089218160168e-48
673.5 3.580951691418946e-48
673.75 4.624798619394092e-48
674 5.34391038154705e-48
674.25 6.847979167796854e-49
674.5 1.495455739695329e-48
674.75 1.844671281970022e-48
675 4.351693301943948e-50
675.25 1.049745028580617e-48
675.5 4.09724513488274e-48
675.75 5.692999557189861e-48
676 3.433981071460169e-48
676.25 5.140766322015881e-48
676.5 1.400728294117999e-47
676.75 1.399918725602501e-47
677 3.86008887046644e-48
677.25 1.016491584292367e-47
677.5 1.068112613985828e-47
677.75 1.519907537064932e-48
678 1.156036574907512e-48
678.25 8.41450306769889e-48
678.5 1.935779746087381e-47
678.75 2.031305746873641e-47
679 8.015213300979068e-48
679.25 5.012948969772799e-48
679.5 5.314793718729953e-48
679.75 2.376282512364914e-48
680 1.220069291326478e-48
680.25 1.021929014365706e-48
680.5 2.762129625257074e-49
680.75 7.153311634585402e-49
681 2.560875564674906e-48
681.25 4.672646836999139e-48
681.5 8.035202174230095e-48
681.75 8.530742644683837e-48
682 3.780570194551615e-49
682.25 7.221633871910241e-48
682.5 7.341214590841672e-48
682.75 3.332105002337781e-50
683 2.141432498850335e-48
683.25 4.080689339307441e-48
683.5 1.000381474472141e-47
683.75 3.933689593057665e-48
684 9.486457847618272e-49
684.25 1.030495451075887e-47
684.5 8.720662813552162e-48
684.75 5.93062595857595e-48
685 1.156163683505757e-47
685.25 4.30029358626862e-48
685.5 5.000978156705118e-48
685.75 6.127259988284951e-48
686 1.411358444205287e-48
686.25 1.297116407369843e-47
686.5 1.029143134631089e-47
686.75 8.589969634426319e-49
687 4.926493205952086e-48
687.25 3.119067059048412e-48
687.5 3.66286503028406e-48
687.75 2.604451414364592e-48
688 4.988108187994096e-48
688.25 1.771769148433802e-48
688.5 5.311924125053905e-48
688.75 3.807506550110602e-48
689 5.003853214482611e-48
689.25 2.502611250046227e-47
689.5 1.203527258989841e-47
689.75 3.591325340176906e-48
690 1.638611424676481e-47
690.25 9.303900094749606e-48
690.5 7.207295596729813e-48
690.75 6.739142197536939e-49
691 6.18055754132977e-48
691.25 7.988629072116674e-48
691.5 4.449310096849763e-49
691.75 7.619173162388448e-48
692 9.128869111865248e-48
692.25 7.30130332865013e-48
692.5 1.371372654040314e-48
692.75 6.527905897789654e-49
693 2.628075776476268e-48
693.25 1.624580432992833e-48
693.5 6.832934448832983e-49
693.75 2.702205895823738e-49
694 1.494447122719866e-48
694.25 3.642516952021364e-48
694.5 2.635451736531419e-49
694.75 1.216224895241674e-47
695 9.855826531287043e-48
695.25 5.141087441171132e-49
695.5 1.246196077539931e-47
695.75 1.226078515819678e-47
696 3.454171154494598e-48
696.25 4.659160754932962e-49
696.5 2.534601318385071e-48
696.75 6.614432778574777e-48
697 5.909454676744477e-48
697.25 5.56985843100374e-48
697.5 5.308650352690679e-48
697.75 4.588858628167283e-48
698 9.136101752105032e-48
698.25 1.080114688807564e-47
698.5 8.887828500807567e-48
698.75 8.237994335278975e-48
699 6.584080276851539e-48
699.25 4.444164727517932e-48
699.5 9.239442477109024e-48
699.75 1.012086392103265e-47
700 1.176390502709773e-48
700.25 2.14204945242889e-48
700.5 3.97117453907299e-48
700.75 5.281625895011663e-48
701 8.898226831928792e-48
701.25 3.748498802565414e-48
701.5 3.023859746372327e-48
701.75 1.178690149745746e-47
702 1.330626828884376e-47
702.25 5.442224125783865e-48
702.5 4.217691758450688e-49
702.75 2.556161748217299e-48
703 8.004267913831373e-48
703.25 8.610360642055465e-48
703.5 2.982628864756073e-48
703.75 1.872922704136719e-48
704 6.597739608734976e-48
704.25 6.419945922096909e-48
704.5 2.72380747616163e-48
704.75 4.14712980177887e-48
705 7.653635884910224e-48
705.25 6.536898249148538e-48
705.5 4.000890758151463e-48
705.75 4.352509956810173e-49
706 5.852315631929211e-48
706.25 1.170002593971278e-47
706.5 1.245626589573307e-48
706.75 5.98508349159946e-48
707 9.903188428803926e-48
707.25 3.016717144840371e-48
707.5 2.654545304144889e-48
707.75 2.164255290805892e-48
708 4.81217514018671e-48
708.25 5.479547882184241e-48
708.5 3.024596096239046e-48
708.75 2.827380610062992e-48
709 2.838930783909606e-48
709.25 2.025731112543307e-48
709.5 8.661850773525894e-49
709.75 1.749975402539601e-49
710 2.408600619782385e-48
710.25 2.1115194255591e-48
710.5 2.056504738683389e-48
710.75 2.491745171238412e-49
711 3.327773360570583e-48
711.25 1.075326118496851e-47
711.5 9.453114941523179e-48
711.75 4.089636096897964e-48
712 2.007551956609095e-48
712.25 8.061564090177346e-49
712.5 3.910555524830635e-48
712.75 1.084044570663306e-47
713 9.781732565089491e-48
713.25 4.710871734419652e-48
713.5 1.558585405175538e-48
713.75 1.165294621593486e-47
714 1.057779219854997e-47
714.25 6.666453415331959e-49
714.5 3.624140272401596e-48
714.75 7.44513321722674e-48
715 1.447272527119891e-48
715.25 2.885035317777129e-48
715.5 1.089366103357818e-48
715.75 2.001827110186163e-48
716 4.734914302078695e-48
716.25 5.164677003593605e-49
716.5 3.050086349192509e-48
716.75 2.803254133953782e-48
717 1.180895470811253e-48
717.25 3.91071602946354e-49
717.5 1.024203625633153e-48
717.75 6.736374378806512e-48
718 1.539369907243263e-47
718.25 9.084799744622698e-48
718.5 3.231883022549579e-49
718.75 1.490417206553268e-47
719 2.044376908279972e-47
719.25 6.176823014205036e-48
719.5 2.055087167922061e-49
719.75 2.991758630894966e-48
720 2.71505036141664e-48
720.25 5.435612832210229e-49
720.5 8.255454683906327e-49
720.75 2.186941831538179e-48
721 3.169547955420224e-48
721.25 1.749321918486768e-48
721.5 3.21945952881259e-48
721.75 3.538027428525369e-48
722 8.186318069221985e-48
722.25 1.585039294718205e-47
722.5 1.675283499038397e-47
722.75 7.797924204230339e-48
723 1.319021446027574e-48
723.25 1.208537620980967e-48
723.5 2.509388711491078e-48
723.75 4.53315858695577e-48
724 2.315640919609381e-48
724.25 4.51668816000252e-48
724.5 1.617512411221221e-48
724.75 4.059884732292317e-48
725 1.698999649127018e-47
725.25 9.286235280235886e-48
725.5 2.312506063789404e-48
725.75 7.911891044655615e-48
726 9.182175977989449e-49
726.25 4.727186188234251e-48
726.5 7.266768848672095e-48
726.75 4.818716630073646e-49
727 6.301063317843328e-48
727.25 1.80852828496863e-47
727.5 6.302571420832155e-48
727.75 3.288685031727321e-48
728 1.315272312621867e-47
728.25 6.719297567106151e-48
728.5 4.823618933084067e-48
728.75 2.096247716846129e-48
729 3.509160535679447e-48
729.25 9.246799505206826e-48
729.5 3.420805968140683e-48
729.75 7.283834579387325e-49
730 2.309566169461463e-49
730.25 7.836250193014855e-48
730.5 2.498421122984298e-47
730.75 1.547715338692841e-47
731 3.166051167188636e-48
731.25 5.9361632303035e-48
731.5 1.318950277015557e-47
731.75 1.862199491641404e-47
732 1.472092527723826e-47
732.25 4.458928468228792e-48
732.5 2.099473359447117e-48
732.75 1.099313257744643e-48
733 7.928466698992911e-48
733.25 3.248048250369044e-47
733.5 3.384539651586426e-47
733.75 1.191117528875433e-47
734 1.08358666136015e-47
734.25 1.065090236518002e-47
734.5 2.618638328920818e-48
734.75 1.317994756321181e-47
735 1.619482678963928e-47
735.25 2.960253367789703e-48
735.5 1.696449695057848e-48
735.75 6.455022197019651e-48
736 2.464730769869447e-48
736.25 3.642600681479775e-49
736.5 5.542667272821412e-48
736.75 6.720350817396959e-48
737 3.882850905670613e-48
737.25 7.355924434354156e-48
737.5 9.567580261755103e-48
737.75 3.49118977048572e-48
738 6.063122794506347e-49
738.25 5.80374538023391e-48
738.5 8.297802359114725e-48
738.75 2.442199580140336e-48
739 5.969133935253668e-49
739.25 2.14377752771017e-48
739.5 8.591106024038829e-49
739.75 3.923143078169358e-49
740 2.869705361110606e-49
740.25 1.365922019537738e-49
740.5 6.680969319688181e-49
740.75 2.271891493148107e-48
741 2.313214128497391e-48
741.25 1.699483986388139e-48
741.5 2.147485488266856e-48
741.75 2.879481216423841e-48
742 1.697932887155297e-48
742.25 1.907146927646401e-48
742.5 8.599265066230068e-48
742.75 9.227835227052261e-48
743 3.043671023961084e-48
743.25 2.546814056057856e-48
743.5 6.59377770667665e-48
743.75 6.55506181692635e-48
744 4.011990351376084e-49
744.25 5.250441385723261e-48
744.5 1.228164590305326e-47
744.75 2.933630232066603e-48
745 1.698613877551522e-48
745.25 5.241696370496676e-48
745.5 4.654894660556353e-49
745.75 2.012681069342435e-48
746 3.638575669146274e-48
746.25 7.227318205767245e-48
746.5 6.19861458783902e-48
746.75 3.496039100290374e-49
747 2.286096267434887e-48
747.25 6.099679974355176e-48
747.5 3.841203393080378e-48
747.75 7.520038929513905e-49
748 1.989125324851451e-49
748.25 3.23519355980672e-48
748.5 6.402537419065141e-48
748.75 5.879288491250393e-48
749 1.034544526074944e-47
749.25 1.515657322136664e-47
749.5 1.025604050272351e-47
749.75 3.582510727738335e-48
750 2.837019625527565e-48
750.25 4.842542128106764e-48
750.5 7.369587666845934e-48
750.75 9.84127871284843e-48
751 1.002195117907297e-47
751.25 6.819072050264211e-48
751.5 2.814302718320688e-48
751.75 3.251560355394119e-48
752 5.005987198334157e-48
752.25 2.574238932725858e-48
752.5 9.951434904366433e-49
752.75 1.446551262914207e-48
753 6.656398321861662e-49
753.25 2.363622536854824e-49
753.5 1.695514285316562e-48
753.75 3.297006066984219e-49
754 3.850105164378312e-48
754.25 4.470499898726775e-48
754.5 1.339807730215593e-49
754.75 1.484510928295897e-48
755 1.951897246758243e-48
755.25 2.406311538552185e-48
755.5 3.738554300608058e-48
755.75 2.96068386447714e-48
756 6.046577399045619e-48
756.25 1.047621555351583e-47
756.5 3.117004751314264e-48
756.75 3.295909029658409e-48
757 2.600717634857266e-48
757.25 7.539685256752409e-48
757.5 1.772280280896743e-47
757.75 8.568890018919918e-48
758 2.751043155208535e-48
758.25 3.291085117516487e-48
758.5 1.216079829573072e-48
758.75 7.119833787798937e-48
759 3.936697755725787e-48
759.25 3.553776743295991e-49
759.5 4.70789483604529e-48
759.75 2.795990793563693e-48
760 1.228029763327974e-49
760.25 8.486718560824025e-49
760.5 1.72973528934216e-48
760.75 1.331481390631978e-48
761 7.685960756871313e-48
761.25 1.769943109980584e-47
761.5 1.304762427244433e-47
761.75 4.033874659411389e-48
762 1.598194203533083e-48
762.25 2.492470484162185e-48
762.5 2.579306030735282e-48
762.75 1.195548560047571e-48
763 2.309847049357015e-49
763.25 5.683771422656168e-48
763.5 5.586233193228404e-48
763.75 2.204784337282723e-48
764 7.441043181813721e-48
764.25 4.378102883692453e-48
764.5 3.95527012151903e-48
764.75 4.234059141858314e-48
765 1.262172574116418e-48
765.25 2.98150266719741e-48
765.5 5.639214272728596e-48
765.75 4.217846606873186e-48
766 2.343268386127998e-48
766.25 3.078299888861702e-48
766.5 2.695847319403568e-48
766.75 8.76270111646368e-49
767 1.599662209436237e-48
767.25 2.888199533347544e-48
767.5 1.456172665387929e-47
767.75 9.05285906841762e-48
768 4.008312115446822e-49
768.25 3.017229330586227e-48
768.5 1.509633490227131e-48
768.75 1.724519130893936e-47
769 8.67736663620159e-48
769.25 9.687076266182255e-49
769.5 6.463652900126635e-48
769.75 3.939693347061051e-49
770 2.469214826043866e-48
770.25 1.071392437611208e-48
770.5 5.654182082665082e-48
770.75 4.67829473054248e-48
771 3.452776550226498e-51
771.25 1.382448940751304e-48
771.5 2.125532628621374e-49
771.75 5.742857123108663e-48
772 1.368235948674177e-47
772.25 9.680727025156661e-48
772.5 2.012715191543897e-48
772.75 4.800995825103404e-48
773 5.522235962143062e-48
773.25 1.825180007526416e-48
773.5 5.398189159720812e-48
773.75 7.032572317396617e-48
774 1.096188679530422e-48
774.25 1.456559166700709e-48
774.5 4.230265095361038e-48
774.75 1.009540612712783e-48
775 4.159613123139289e-49
775.25 2.540858448592058e-48
775.5 4.896041071922788e-48
775.75 7.403997374743376e-48
776 7.348375888966219e-48
776.25 5.51723565027525e-48
776.5 1.881093769326212e-48
776.75 1.085301360156901e-49
777 8.517943587837545e-49
777.25 2.039754647693816e-50
777.5 8.850743106596324e-49
777.75 1.999781534880719e-48
778 7.181743857129587e-48
778.25 1.286646997389446e-47
778.5 1.457299158670243e-47
778.75 9.532889831738463e-48
779 3.464200177961101e-48
779.25 7.738950648820158e-49
779.5 3.494739746278309e-49
779.75 1.027196157544415e-48
780 1.526320171602117e-48
780.25 3.008619262213246e-48
780.5 3.124941235404048e-48
780.75 1.890606671607623e-48
781 4.204933470726952e-49
781.25 2.561932840636657e-49
781.5 1.533299079784256e-48
781.75 1.350208701666392e-48
782 1.350287104985863e-49
782.25 1.122068898501847e-48
782.5 3.287958826974438e-48
782.75 4.953243996605452e-48
783 3.232211779304123e-48
783.25 8.084410445773508e-49
783.5 4.291114915689929e-48
783.75 6.303587524334496e-48
784 5.380897873450603e-48
784.25 5.399026449551709e-48
784.5 8.715593406703352e-48
784.75 1.082025736155581e-47
785 3.427928249226448e-48
785.25 3.788610254873671e-48
785.5 9.028639482244892e-48
785.75 1.012009255955792e-47
786 4.488681919284884e-48
786.25 5.610657568243379e-49
786.5 3.825981002866871e-48
786.75 1.438818321821789e-48
787 8.050070375589527e-49
787.25 5.353748633186584e-48
787.5 3.468288838399095e-48
787.75 2.041264250303957e-48
788 1.272889522416096e-47
788.25 2.024511970956087e-47
788.5 1.264648465274356e-47
788.75 4.485468379805537e-48
789 3.158933018956009e-48
789.25 1.478332728452029e-48
789.5 6.027828074443434e-49
789.75 1.949062383952816e-48
790 2.189224234694284e-48
790.25 1.643160312439535e-48
790.5 1.015197537377273e-48
790.75 1.65112516901822e-49
791 3.481191468252748e-49
791.25 6.476110958144293e-51
791.5 3.826080655580615e-49
791.75 3.035709731840967e-49
792 3.450407299525635e-48
792.25 1.737388140294439e-48
792.5 1.697699874094145e-48
792.75 1.108908931725707e-47
793 8.91599929711378e-48
793.25 2.398486923290382e-48
793.5 2.971518204498386e-49
793.75 8.671166665571342e-50
794 7.523950054408591e-49
794.25 9.203354034471844e-49
794.5 1.064744632707448e-51
794.75 2.191242381368218e-48
795 3.882637843171075e-48
795.25 5.851105461487417e-49
795.5 3.450807900362178e-48
795.75 1.381386462231845e-47
796 9.159902210528946e-48
796.25 1.045927461560616e-48
796.5 1.271225015720386e-48
796.75 3.252400992397427e-48
797 8.204556788071498e-48
797.25 5.700140758615242e-48
797.5 7.373559526828028e-49
797.75 1.38701799437398e-48
798 3.519827059649879e-48
798.25 3.216444710338479e-48
798.5 2.465351210329908e-48
798.75 2.083181230898566e-48
799 7.2072631124768e-49
799.25 7.231707068973105e-49
799.5 1.279597302748093e-48
799.75 2.967970378879432e-49
800 3.790004626200961e-48
800.25 1.243124523115452e-47
800.5 1.047219558476481e-47
800.75 2.214333663562301e-48
801 4.175087695910151e-49
801.25 1.477196835507462e-48
801.5 1.607526422087708e-48
801.75 2.563881149430455e-48
802 1.115044943672952e-47
802.25 8.123057253970956e-48
802.5 1.247043448674801e-48
802.75 5.572691283555884e-49
803 3.993464090312816e-49
803.25 8.284163752278499e-48
803.5 1.532887359263426e-47
803.75 7.19920733833386e-48
804 1.233024658130852e-48
804.25 2.063202865600539e-48
804.5 6.033097900707881e-48
804.75 1.936563023281053e-48
805 2.712509672397421e-48
805.25 7.087299045586511e-48
805.5 6.440720994224861e-49
805.75 2.450604832171077e-48
806 3.285577528504793e-48
806.25 1.054612734085018e-48
806.5 9.204559783542321e-49
806.75 3.054141530445496e-50
807 2.399476662085924e-48
807.25 7.253610275495534e-48
807.5 8.670855686437903e-48
807.75 9.655870562651487e-48
808 6.857954225555375e-48
808.25 2.88684059856578e-48
808.5 5.068846775290619e-48
808.75 4.572529264676363e-48
809 1.649506513984994e-48
809.25 1.039866224108031e-48
809.5 1.12658611586211e-48
809.75 8.367317870881886e-48
810 1.959125563671219e-47
810.25 1.986273943588227e-47
810.5 1.111391239622569e-47
810.75 4.331372677883496e-48
811 1.729247794186732e-48
811.25 3.031969401314827e-48
811.5 2.701354544943679e-48
811.75 4.329275139091021e-49
812 2.177435096292793e-48
812.25 2.85589204714083e-48
812.5 3.074695417020312e-48
812.75 4.248086909691347e-48
813 1.007533855081709e-48
813.25 1.79817913713654e-48
813.5 3.615052609254441e-48
813.75 2.910721995610913e-48
814 7.932921924823604e-48
814.25 3.51172020670532e-48
814.5 1.085377792265515e-48
814.75 4.218421255171807e-48
815 1.192511305990522e-48
815.25 5.768826006425123e-49
815.5 1.292005287576162e-48
815.75 6.146143379139809e-49
816 1.591174269013195e-49
816.25 5.54290579362789e-50
816.5 3.12560871932551e-49
816.75 3.699174604057219e-48
817 5.820559966114394e-48
817.25 1.220427339078488e-48
817.5 1.853110124400804e-48
817.75 5.04239999504584e-48
818 2.869970094382985e-48
818.25 1.906089733627423e-48
818.5 4.423052332118434e-48
818.75 7.919249719582944e-48
819 8.627780389676571e-48
819.25 6.27545513764141e-48
819.5 2.558530426111444e-48
819.75 5.460514025720736e-49
820 1.52460855696383e-48
820.25 1.446554588329849e-50
820.5 3.34492154595023e-48
820.75 2.233338281579897e-48
821 1.925714247366925e-48
821.25 3.07381593801957e-48
821.5 1.333099546132704e-50
821.75 1.133819445810877e-48
822 8.675612515496007e-50
822.25 1.964018183623131e-48
822.5 1.814837117065895e-48
822.75 1.630244399207323e-49
823 6.050126790632514e-50
823.25 2.01688869844573e-48
823.5 4.125473156112344e-48
823.75 1.704725018569622e-48
824 5.020757263023254e-48
824.25 5.243179526094408e-48
824.5 8.592501545568028e-50
824.75 2.378918518208133e-48
825 2.612877013421316e-48
825.25 5.933045273672405e-49
825.5 4.725828520477919e-48
825.75 1.226159865421814e-47
826 1.119171655971361e-47
826.25 5.472172999415148e-48
826.5 1.601611030514885e-48
826.75 7.336646953155252e-49
827 1.345232326825456e-48
827.25 3.988000446947188e-49
827.5 2.387342276130701e-49
827.75 1.629607408572121e-48
828 2.065702175872478e-48
828.25 2.008288697358652e-48
828.5 3.110669761593351e-48
828.75 1.517151738310919e-48
829 2.097587665852977e-48
829.25 8.88448810494291e-48
829.5 6.977741682254388e-48
829.75 2.335331945761673e-48
830 9.312889029156802e-49
830.25 3.839947459239362e-48
830.5 5.853115230478699e-48
830.75 2.295019548202019e-48
831 1.228721663185885e-48
831.25 4.753519638165762e-49
831.5 3.973985396095462e-49
831.75 1.283090368554448e-48
832 1.871765725973717e-48
832.25 5.7433891248125e-48
832.5 1.055208079429538e-47
832.75 4.716672754851225e-48
833 4.420926437478556e-49
833.25 2.090196086576531e-48
833.5 2.368472515804084e-48
833.75 4.780056816625766e-48
834 9.132697491937959e-48
834.25 9.191702077483643e-48
834.5 5.100500964161551e-48
834.75 4.457826322722542e-48
835 6.796894962494854e-48
835.25 8.132723257748011e-48
835.5 7.195190202976146e-48
835.75 1.178586514126669e-47
836 1.998698717605266e-47
836.25 1.312364546439236e-47
836.5 2.387095421647635e-48
836.75 1.694522205735113e-47
837 1.718630962674763e-47
837.25 3.944759593291702e-48
837.5 5.182228829192861e-48
837.75 5.339923156137192e-48
838 2.327781669923853e-48
838.25 1.303467827336976e-48
838.5 1.930949269185072e-48
838.75 1.601730121365198e-48
839 8.795691768443108e-49
839.25 1.442774320089373e-49
839.5 9.277960036344449e-49
839.75 3.837993110666785e-48
840 2.774668965458098e-48
840.25 7.040151220102782e-49
840.5 2.338209531180065e-48
840.75 3.335206403887595e-48
841 2.687256697580669e-48
841.25 9.037426042128613e-48
841.5 1.501498767608707e-47
841.75 1.220341900653766e-47
842 6.733280085450647e-48
842.25 1.695298729097128e-48
842.5 1.091864295290451e-48
842.75 1.708888852364673e-48
843 1.768685254279777e-48
843.25 9.537562976764822e-49
843.5 4.964474145426252e-48
843.75 9.280756592541369e-48
844 4.575071027919743e-48
844.25 3.011919745833257e-48
844.5 2.474584207187102e-49
844.75 3.18904676958241e-48
845 4.448645430460251e-48
845.25 6.846148564762655e-50
845.5 1.188201151706735e-48
845.75 6.855002705714696e-49
846 4.265026539763385e-48
846.25 5.097824475759655e-48
846.5 2.473367395977458e-48
846.75 1.50939251908267e-48
847 2.964375630684595e-48
847.25 9.445010133272528e-48
847.5 1.468375793010543e-47
847.75 4.796379438720044e-48
848 1.833706964756041e-48
848.25 2.395637388347341e-48
848.5 7.620847157106047e-48
848.75 1.479255238436351e-47
849 6.071832602716507e-48
849.25 5.411761297835026e-49
849.5 1.343104224522337e-48
849.75 8.572464488646849e-48
850 6.599865374314553e-48
850.25 4.773662700970297e-51
850.5 6.013404964373411e-48
850.75 9.436864173819154e-48
851 3.702690211113068e-48
851.25 3.618441084783399e-48
851.5 1.056927073424983e-47
851.75 1.016788037336871e-47
852 2.178121574906882e-48
852.25 1.423287511743727e-49
852.5 2.303575124987606e-48
852.75 4.83773365887385e-48
853 5.630469096587208e-48
853.25 5.006950337090505e-48
853.5 2.663785638758175e-48
853.75 8.289759148180601e-49
854 1.305632610046338e-48
854.25 2.244623125526036e-48
854.5 1.926656673179057e-48
854.75 3.423890537089347e-48
855 2.970085955301015e-48
855.25 6.046213356445794e-49
855.5 2.722025557202104e-48
855.75 7.550693199312618e-49
856 1.407449238002585e-48
856.25 2.375778090564415e-48
856.5 1.032132502007683e-48
856.75 6.796748815477293e-48
857 3.079041590039532e-48
857.25 4.593412137974268e-49
857.5 2.915909577571388e-48
857.75 4.131807801136432e-48
858 4.940900886084156e-48
858.25 3.429594827947008e-48
858.5 3.541540986171773e-48
858.75 1.007644198453124e-47
859 1.048415779709564e-47
859.25 5.478929461793852e-48
859.5 3.093145225547e-48
859.75 2.374439394423763e-48
860 4.466994211321895e-48
860.25 6.708932079568027e-48
860.5 1.131533270383018e-47
860.75 1.720240241617712e-47
861 1.507192812659721e-47
861.25 1.937557732814056e-47
861.5 1.902822160211197e-47
861.75 7.409463812639403e-48
862 6.304212416703855e-48
862.25 1.539256807872878e-47
862.5 1.592229472849808e-47
862.75 1.398620364687963e-47
863 7.356793980490593e-48
863.25 9.68063440604682e-50
863.5 2.527392075557615e-48
863.75 2.412066673677708e-48
864 3.830091050416644e-49
864.25 1.184785765786391e-48
864.5 2.588594453890417e-48
864.75 2.265293091251632e-48
865 3.449254745491038e-49
865.25 5.114157782612037e-49
865.5 6.650693057094262e-49
865.75 6.27437512208672e-49
866 8.365359675526961e-49
866.25 4.98362789684878e-49
866.5 2.09829136162398e-48
866.75 4.277824685666468e-48
867 2.276637133701221e-48
867.25 9.338706581913403e-49
867.5 5.177355585873819e-48
867.75 6.648114825983865e-48
868 5.31447249710028e-48
868.25 5.205701144546671e-48
868.5 8.043627332855322e-49
868.75 2.007763789861082e-48
869 6.654499835676361e-48
869.25 6.028622938932086e-48
869.5 3.731253757845457e-48
869.75 3.186586102289007e-48
870 1.050096210115962e-48
870.25 9.893923433750917e-49
870.5 6.05727289262461e-48
870.75 3.946703095743939e-48
871 4.372088634748424e-48
871.25 4.918771653999447e-48
871.5 2.855610302158513e-48
871.75 5.811095616163871e-48
872 1.82786009494745e-48
872.25 5.975827681411138e-48
872.5 8.5468584768317e-48
872.75 2.308244023748917e-48
873 1.060172924338506e-49
873.25 3.945206824639411e-49
873.5 1.217004659092029e-49
873.75 1.965691109785676e-48
874 2.163172785075429e-48
874.25 1.992139718873732e-48
874.5 9.105929278698626e-48
874.75 8.02490052306026e-48
875 1.377801044481623e-48
875.25 2.025579295504107e-48
875.5 2.425448925556874e-48
875.75 1.605229019094069e-48
876 1.355027697810305e-48
876.25 1.562718991405566e-49
876.5 1.779667162755013e-48
876.75 6.695296930549949e-48
877 3.117705534903104e-48
877.25 1.236641324557616e-49
877.5 9.148401878905178e-49
877.75 2.664103746457103e-48
878 1.068967931421016e-47
878.25 1.183297735292947e-47
878.5 5.342044582018518e-48
878.75 4.068304778377768e-48
879 4.512342030739472e-48
879.25 1.513970579034774e-48
879.5 5.954446879687561e-48
879.75 1.066053814366232e-47
880 1.234887331624585e-47
880.25 1.550384352353094e-47
880.5 4.23218955393878e-48
880.75 9.42639604989041e-49
881 3.122466421815793e-48
881.25 9.462782592976151e-49
881.5 5.79275855289273e-48
881.75 1.378184015025917e-47
882 1.5331375347101e-47
882.25 2.07832898200985e-48
882.5 2.153437615539755e-48
882.75 1.191770837310841e-48
883 4.821202678969388e-48
883.25 9.08542160613645e-48
883.5 1.392809963708001e-48
883.75 5.647155866164291e-48
884 3.081700588438324e-48
884.25 6.008375291202563e-48
884.5 5.948522790227953e-48
884.75 1.833183729574525e-48
885 4.853998258254848e-48
885.25 1.898526447167136e-48
885.5 8.639476816924192e-48
885.75 1.097363292902077e-47
886 3.364513910235446e-48
886.25 1.976488663222066e-48
886.5 6.386005254154999e-49
886.75 2.286425414352986e-49
887 9.964441892448269e-49
887.25 1.562744628014918e-48
887.5 3.706386546105972e-48
887.75 4.000419347282386e-48
888 8.37561175331729e-49
888.25 2.072370543916156e-48
888.5 1.448952893294064e-48
888.75 2.336075521852765e-49
889 5.872323438137649e-49
889.25 1.743879295447942e-48
889.5 1.152625180318619e-48
889.75 7.26292931688759e-49
890 2.978267278883365e-48
890.25 3.827529471960288e-48
890.5 2.952982928423031e-48
890.75 2.404166288408344e-49
891 5.178428529935297e-48
891.25 6.642465998312949e-48
891.5 5.552401891963815e-49
891.75 9.214499249191667e-48
892 5.633407289473326e-48
892.25 2.603358705516764e-48
892.5 1.73148626141965e-47
892.75 8.603998270853684e-48
893 1.369356676393445e-48
893.25 6.923948436689022e-48
893.5 1.245544229228897e-47
893.75 7.219066841687073e-48
894 3.202342150165281e-50
894.25 4.441462560548943e-48
894.5 5.852869321363506e-48
894.75 3.961434600918389e-48
895 9.515200224882999e-49
895.25 9.61907467004197e-49
895.5 7.567402398538003e-48
895.75 1.184174824887433e-47
896 6.846577457220936e-48
896.25 2.335370661389792e-48
896.5 3.665348919091802e-48
896.75 3.572422572941848e-48
897 1.163697349016243e-48
897.25 5.986213290749901e-50
897.5 3.03428816509789e-50
897.75 5.571420252071245e-49
898 2.546547235362837e-48
898.25 3.777018262606783e-48
898.5 1.904575647717547e-48
898.75 2.522016037952729e-49
899 1.580437810204163e-48
899.25 1.1753648185754e-48
899.5 1.747766865351787e-48
899.75 1.317332648529966e-47
900 9.656894532932576e-48
900.25 5.485931594718195e-48
900.5 6.731593376894586e-48
900.75 6.607739369406222e-48
901 1.172979542582003e-47
901.25 2.849554736365703e-48
901.5 5.076438504937622e-48
901.75 6.107577457781636e-48
902 3.534362209206693e-48
902.25 2.756873017157289e-48
902.5 1.446986185443449e-48
902.75 9.135972617535909e-48
903 8.409852927197426e-48
903.25 2.93201744686535e-48
903.5 1.433813227303336e-48
903.75 5.805885113229327e-48
904 6.587073475083191e-48
904.25 1.365247825678932e-48
904.5 2.346626477873378e-49
904.75 7.234594329755681e-49
905 3.699932385382864e-48
905.25 7.601958248921807e-48
905.5 6.098693547806203e-48
905.75 3.076813705961174e-48
906 1.007895452528126e-47
906.25 1.780952378811633e-47
906.5 7.863039796727085e-48
906.75 1.515228766311531e-48
907 3.946084456871672e-48
907.25 1.922764252247225e-48
907.5 1.228910726011023e-48
907.75 6.16657672869444e-50
908 1.666089132834378e-48
908.25 3.303526259939471e-48
908.5 3.143614944748226e-48
908.75 8.821338717906842e-49
909 6.51398300403406e-48
909.25 9.741343018058067e-48
909.5 2.293425815045794e-48
909.75 2.650379736892479e-48
910 6.479001509208676e-48
910.25 5.989862291965593e-48
910.5 2.07049766721865e-48
910.75 9.459655733193999e-49
911 1.409489566293897e-48
911.25 5.59680114334547e-48
911.5 1.664561901983811e-47
911.75 1.993486713673632e-47
912 4.912344012498548e-48
912.25 1.979555980749693e-48
912.5 9.665982018977266e-48
912.75 7.810746343541783e-48
913 6.025498680535894e-48
913.25 5.107371090241059e-48
913.5 4.487415353071219e-48
913.75 5.60685090321001e-48
914 7.567459211981689e-48
914.25 5.34383355626176e-48
914.5 2.940320613632011e-48
914.75 5.84328099893484e-48
915 6.87450551051737e-48
915.25 3.945394899307053e-48
915.5 3.423611442660447e-48
915.75 2.449283849695245e-48
916 7.581515812864526e-49
916.25 4.035388800813099e-48
916.5 6.560431137338671e-48
916.75 3.784476606504826e-48
917 4.240830406039482e-49
917.25 3.928979312030847e-49
917.5 6.915009596549549e-49
917.75 9.995683412225973e-50
918 1.611592653347771e-48
918.25 4.533897824221558e-48
918.5 6.189563832844929e-48
918.75 5.624245617192487e-48
919 5.519827060273012e-48
919.25 5.794029946806991e-48
919.5 2.442498644971098e-48
919.75 8.923452468592758e-49
920 2.006983988887449e-48
920.25 3.579622847228956e-48
920.5 2.043681190271411e-48
920.75 1.502331748924508e-48
921 4.283198349059226e-48
921.25 1.492686388899795e-48
921.5 3.427037973168492e-48
921.75 3.463357518154269e-48
922 1.918953209335807e-48
922.25 3.044144947556218e-48
922.5 3.699982746827326e-48
922.75 9.760639149933268e-49
923 3.343618366828338e-50
923.25 7.177435655785947e-49
923.5 7.446310357998199e-48
923.75 9.722054458330485e-48
924 1.237186571788808e-48
924.25 1.903781730844541e-48
924.5 6.417858322673464e-48
924.75 8.675268220091066e-48
925 3.614165692432069e-48
925.25 4.664843399612599e-49
925.5 5.199444661572383e-48
925.75 4.072985980905532e-48
926 2.866989888947013e-48
926.25 2.217544167554665e-48
926.5 1.377283846266829e-47
926.75 1.820637010602383e-47
927 7.071886949813164e-48
927.25 7.319765456973087e-49
927.5 7.442937444499015e-49
927.75 7.135770652060668e-49
928 1.456775615529485e-48
928.25 8.909620594473784e-48
928.5 1.16354173059515e-47
928.75 8.239521051871343e-48
929 4.309322996962079e-48
929.25 3.978016884144238e-48
929.5 1.287313246242748e-47
929.75 1.792085489194358e-47
930 7.255535062883264e-48
930.25 7.503034797370171e-49
930.5 4.066077242997705e-48
930.75 6.699123320845161e-48
931 1.000718208960926e-47
931.25 4.676218424991697e-48
931.5 1.420945509423615e-49
931.75 3.547584862930183e-48
932 3.330203225751528e-48
932.25 5.813095049715711e-49
932.5 1.328172467947297e-48
932.75 4.489863517808472e-48
933 6.891251793283966e-48
933.25 6.35653259798122e-48
933.5 1.388345493675002e-48
933.75 4.877738436707658e-48
934 1.165890520272595e-47
934.25 2.256685562848218e-48
934.5 3.790554726141375e-48
934.75 9.663809237970271e-48
935 1.078497900053796e-47
935.25 1.373366305277257e-47
935.5 3.649405224396484e-48
935.75 2.547767297079664e-48
936 5.786492486032025e-48
936.25 3.140530326206331e-48
936.5 2.07314377356698e-48
936.75 8.705832468447426e-48
937 1.588604806944321e-47
937.25 1.047723635702539e-47
937.5 7.838440879435418e-48
937.75 6.707729906536173e-48
938 1.913633636545912e-48
938.25 4.821306298018658e-49
938.5 5.888850388318111e-49
938.75 4.580125742032448e-48
939 5.162518787310734e-48
939.25 4.979992126003047e-49
939.5 4.086225718356814e-48
939.75 8.890186719660949e-48
940 3.434466756514753e-48
940.25 4.231721635433065e-48
940.5 4.186417247031796e-48
940.75 7.350825089093619e-49
941 1.0349158731553e-47
941.25 1.234247578735459e-47
941.5 1.463151472454149e-48
941.75 1.801094132498272e-48
942 3.962526241053939e-48
942.25 3.297473468337521e-48
942.5 4.045811846689151e-48
942.75 1.173500768126731e-48
943 7.866792506458295e-49
943.25 5.408933230849615e-48
943.5 5.208801200664089e-48
943.75 2.040459812098277e-48
944 6.033738504205663e-48
944.25 6.271602124323271e-48
944.5 1.898901828026369e-48
944.75 1.377813444065088e-48
945 1.354236954804493e-48
945.25 3.924321153673757e-48
945.5 4.191981495366355e-48
945.75 8.080601880704553e-48
946 1.418286697050735e-47
946.25 7.89176724642986e-48
946.5 1.575760311389577e-48
946.75 1.98252416292748e-49
947 2.024836465525003e-48
947.25 1.559183914003404e-48
947.5 6.43359752664278e-48
947.75 1.229853762439294e-47
948 6.665467844764256e-48
948.25 1.011583231941119e-48
948.5 9.907414940044828e-49
948.75 2.831050655649312e-48
949 5.261376701126927e-49
949.25 1.087031985775395e-48
949.5 1.771342023500883e-48
949.75 8.406913484244847e-49
950 2.357061405192255e-48
950.25 9.970446324484808e-49
950.5 5.217988137045904e-49
950.75 3.405803941322442e-48
951 1.818573731449225e-48
951.25 4.628042866810137e-49
951.5 5.512047616420624e-48
951.75 3.738548398606458e-48
952 3.215201090382194e-49
952.25 1.183967279276687e-48
952.5 1.118871190624997e-48
952.75 4.449308330807636e-48
953 8.384101324384254e-49
953.25 3.366940911278761e-48
953.5 4.000452257526726e-48
953.75 6.383129053652939e-49
954 5.622440636671323e-48
954.25 1.654873350943474e-48
954.5 2.744806661602894e-49
954.75 2.447208673481512e-49
955 1.371521515976302e-48
955.25 3.076631432885495e-48
955.5 8.430046229288176e-49
955.75 6.057594892964138e-49
956 1.255321082990962e-48
956.25 9.774207657657508e-50
956.5 3.035029797884275e-48
956.75 6.418169491939382e-49
957 3.235649591423348e-48
957.25 1.053632206903575e-47
957.5 7.593155057552147e-48
957.75 1.860265085880934e-48
958 9.434751345670611e-49
958.25 2.778064564462551e-48
958.5 1.286558994467157e-48
958.75 4.379911854904651e-48
959 6.173633131560683e-48
959.25 2.105595821427073e-48
959.5 4.203458165309827e-49
959.75 5.032354253434591e-48
960 5.346482980510388e-48
960.25 2.083170196780228e-48
960.5 1.114611755495165e-47
960.75 1.68657825732063e-47
961 4.877481165333407e-48
961.25 3.090821250707101e-49
961.5 1.067146237625105e-48
961.75 6.783156612405808e-49
962 1.776529662062084e-48
962.25 8.45393736228716e-49
962.5 1.573529495855563e-48
962.75 1.62365708209163e-48
963 2.735010869173853e-48
963.25 6.961109665712991e-48
963.5 6.127988787710421e-48
963.75 3.42631133252972e-48
964 5.047390773201194e-48
964.25 4.491066057288282e-48
964.5 1.362702689683013e-48
964.75 1.012100045985034e-48
965 9.907806039643808e-48
965.25 1.420370301991073e-47
965.5 3.636721917163575e-48
965.75 5.810509122220363e-48
966 2.538057793722327e-48
966.25 3.556790956764028e-48
966.5 1.415403279371088e-47
966.75 7.661127247719629e-48
967 1.057982184754778e-47
967.25 1.410068675528508e-47
967.5 8.777835425467677e-48
967.75 1.222876312868146e-48
968 4.147213822091246e-48
968.25 1.358628242607628e-47
968.5 1.220993316991953e-47
968.75 7.740340877120152e-48
969 4.004247034424967e-48
969.25 8.783395746559189e-49
969.5 9.865136980301841e-49
969.75 4.027313377922236e-48
970 4.013363941795532e-48
970.25 5.767715791755666e-48
970.5 3.126130551677795e-48
970.75 1.613692691787832e-50
971 4.565066105675057e-48
971.25 8.395296038052833e-48
971.5 5.667297994259421e-48
971.75 6.323369124016632e-48
972 4.033960508235996e-49
972.25 8.925334172161197e-48
972.5 1.312127834681782e-47
972.75 2.169009062860442e-48
973 4.1871834886337e-48
973.25 2.708126979147997e-48
973.5 3.33967234198247e-48
973.75 3.463273640531553e-48
974 2.824729653630062e-48
974.25 2.824380297486483e-48
974.5 1.060765492957036e-47
974.75 9.688615223378073e-48
975 2.897726680977754e-49
975.25 6.221465809258897e-48
975.5 8.131822042810989e-48
975.75 4.300443969661068e-48
976 1.253595586754982e-48
976.25 1.797378499077201e-49
976.5 2.611888608658828e-48
976.75 7.775300663183602e-48
977 9.927706638034865e-48
977.25 6.067116772948972e-48
977.5 1.960940934600787e-48
977.75 7.400599361384355e-49
978 3.116005374638836e-48
978.25 2.734276844603213e-48
978.5 3.446678381795198e-48
978.75 2.759372795218513e-49
979 3.578710763352826e-48
979.25 3.531413259931928e-48
979.5 4.847136848134276e-49
979.75 1.752796477735241e-49
980 3.501906379034801e-48
980.25 4.031052883574155e-48
980.5 1.86412978316052e-48
980.75 7.47294392783269e-49
981 4.197269363031092e-48
981.25 8.255971127198207e-48
981.5 2.089135156874158e-48
981.75 5.746645580025309e-49
982 1.468010677537117e-48
982.25 1.570272383430917e-48
982.5 2.148108647868199e-51
982.75 2.846640454795489e-48
983 3.174196735558544e-48
983.25 3.994743307795347e-50
983.5 1.157751241389684e-48
983.75 5.381427136045583e-49
984 7.735788578014256e-49
984.25 3.848771953563759e-48
984.5 4.689756698443485e-48
984.75 6.633597390578713e-48
985 1.042108377720611e-47
985.25 1.817410267645312e-48
985.5 4.708843957970763e-48
985.75 1.174673239553162e-47
986 2.148732454051483e-48
986.25 9.217409733635306e-49
986.5 2.513050724965948e-49
986.75 2.042636849917149e-48
987 4.682157803693812e-48
987.25 1.359804123558843e-48
987.5 5.315463893340082e-49
987.75 2.428031729288679e-48
988 1.615609307412272e-48
988.25 3.613099324916992e-49
988.5 4.974904493751697e-49
988.75 1.076990992027671e-48
989 5.786705788334388e-49
989.25 4.396598104386152e-49
989.5 1.326657896500485e-48
989.75 3.598097001341999e-49
990 3.240839329309554e-49
990.25 1.948412239980071e-48
990.5 6.164186784424779e-48
990.75 6.531660991528257e-48
991 3.23006308311639e-48
991.25 5.010516282008761e-48
991.5 4.737969135158508e-48
991.75 7.630873248815934e-49
992 5.748297508847127e-50
992.25 8.643402739626461e-49
992.5 5.065821046861673e-48
992.75 4.25822109138857e-48
993 1.063405194066702e-49
993.25 5.305618859396526e-48
993.5 7.416853215967215e-48
993.75 4.53355063903795e-48
994 8.333157427008388e-49
994.25 2.808232322608171e-48
994.5 5.655163728243093e-48
994.75 7.390022448123304e-48
995 7.299917526890605e-48
995.25 2.031677542590569e-48
995.5 8.642022843144683e-48
995.75 9.768740582993102e-48
996 4.644262035420942e-49
996.25 4.790003994704063e-48
996.5 1.000294468733142e-47
996.75 3.659929261637557e-48
997 3.610133486696104e-49
997.25 2.857389980377811e-48
997.5 2.697732652630893e-48
997.75 4.343081243752808e-49
998 5.363241440218845e-49
998.25 1.550022884640952e-48
998.5 1.221856958482763e-48
998.75 6.658460696252831e-48
999 1.138966623097515e-47
999.25 1.743081828056599e-48
999.5 1.055827557128618e-47
999.75 2.199936087542013e-47
1000 5.760638984241358e-48
1000.25 7.212425317340215e-48
1000.5 1.089692805502175e-47
1000.75 3.200081244648013e-48
1001 1.03412106938525e-47
1001.25 6.975295728591269e-48
1001.5 3.891335840180266e-49
1001.75 9.628045221239294e-48
1002 6.288734118322849e-48
1002.25 1.195918462609146e-48
1002.5 8.868902932820032e-48
1002.75 6.457165173445897e-48
1003 4.292558486439029e-48
1003.25 5.340277817879098e-48
1003.5 2.462492768229436e-48
1003.75 3.866574703896422e-48
1004 3.801184058207002e-48
1004.25 1.47076323379237e-48
1004.5 1.395646272155805e-49
1004.75 1.339196228868009e-48
1005 1.368018170821374e-48
1005.25 1.218971652352947e-49
1005.5 5.529113955673203e-49
1005.75 8.99663301247293e-49
1006 7.474571246829527e-48
1006.25 1.060549643466068e-47
1006.5 2.020369975546725e-48
1006.75 9.572763643875612e-49
1007 1.785683210220331e-48
1007.25 7.43961133814649e-49
1007.5 6.118182303280442e-48
1007.75 4.369303203675861e-48
1008 1.511692513390039e-50
1008.25 5.395207930720593e-48
1008.5 9.179317228852639e-48
1008.75 6.690883535215189e-48
1009 5.27561842840423e-48
1009.25 4.543469349975078e-48
1009.5 3.388403142674005e-48
1009.75 2.593702800932601e-48
1010 1.857417915245053e-48
1010.25 2.491485630633063e-49
1010.5 1.388698330820771e-49
1010.75 5.951476806521876e-49
1011 4.781757007026094e-49
1011.25 1.296444490707119e-48
1011.5 3.6646871526197e-48
1011.75 6.005450495890291e-49
1012 4.461063258872691e-48
1012.25 6.137586440116033e-48
1012.5 7.350460053140638e-48
1012.75 1.082653864150845e-47
1013 1.920190709186912e-48
1013.25 8.930900283458316e-49
1013.5 3.632679824885491e-49
1013.75 3.458841124837974e-48
1014 4.846758065939917e-48
1014.25 3.356388638372947e-48
1014.5 1.75085189027071e-48
1014.75 1.403798110276884e-49
1015 2.650500534729088e-48
1015.25 7.276340556732507e-48
1015.5 1.312840203182471e-47
1015.75 8.452114326839837e-48
1016 7.092820610490525e-48
1016.25 1.141430226328086e-47
1016.5 6.956466548137573e-48
1016.75 7.774554049847562e-49
1017 1.891633595775254e-48
1017.25 2.732684919509054e-48
1017.5 2.847159545421111e-49
1017.75 1.012123313273769e-48
1018 1.86346092872505e-48
1018.25 7.376606230442056e-48
1018.5 1.072881767130815e-47
1018.75 4.875895644527455e-48
1019 1.697698054558486e-49
1019.25 2.439186346419764e-48
1019.5 4.262063763124025e-48
1019.75 1.84737898034749e-48
1020 1.591155001513308e-48
1020.25 4.578917016466178e-49
1020.5 9.702883811433437e-51
1020.75 1.186328104693817e-48
1021 1.044337048037116e-47
1021.25 1.338930373212396e-47
1021.5 5.791810532315866e-49
1021.75 2.302518358797011e-47
1022 4.001493507475609e-47
1022.25 8.381422246630954e-48
1022.5 2.027996332957393e-48
1022.75 3.220783787379119e-48
1023 3.83795063565193e-49
1023.25 2.605045096898046e-48
1023.5 1.416585672059073e-48
1023.75 5.594239286807985e-48
1024 1
1024.25 1
1024.5 1
1024.75 1
1025 1
1025.25 1
1025.5 1
1025.75 1
1026 1
1026.25 1
1026.5 1
1026.75 1
1027 1
1027.25 1
1027.5 1
1027.75 1
1028 1
1028.25 1
1028.5 1
1028.75 1
1029 1
1029.25 1
1029.5 1
1029.75 1
1030 1
1030.25 1
1030.5 1
1030.75 1
1031 1
1031.25 1
1031.5 1
1031.75 1
1032 1
1032.25 1
1032.5 1
1032.75 1
1033 1
1033.25 1
1033.5 1
1033.75 1
1034 1
1034.25 1
1034.5 1
1034.75 1
1035 1
1035.25 1
1035.5 1
1035.75 1
1036 1
1036.25 1
1036.5 1
1036.75 1
1037 1
1037.25 1
1037.5 1
1037.75 1
1038 1
1038.25 1
1038.5 1
1038.75 1
1039 1
1039.25 1
1039.5 1
1039.75 1
1040 1
1040.25 1
1040.5 1
1040.75 1
1041 1
1041.25 1
1041.5 1
1041.75 1
1042 1
1042.25 1
1042.5 1
1042.75 1
1043 1
1043.25 1
1043.5 1
1043.75 1
1044 1
1044.25 1
1044.5 1
1044.75 1
1045 1
1045.25 1
1045.5 1
1045.75 1
1046 1
1046.25 1
1046.5 1
1046.75 1
1047 1
1047.25 1
1047.5 1
1047.75 1
1048 1
1048.25 1
1048.5 1
1048.75 1
1049 1
1049.25 1
1049.5 1
1049.75 1
1050 1
1050.25 1
1050.5 1
1050.75 1
1051 1
1051.25 1
1051.5 1
1051.75 1
1052 1
1052.25 1
1052.5 1
1052.75 1
1053 1
1053.25 1
1053.5 1
1053.75 1
1054 1
1054.25 1
1054.5 1
1054.75 1
1055 1
1055.25 1
1055.5 1
1055.75 1
1056 1
1056.25 1
1056.5 1
1056.75 1
1057 1
1057.25 1
1057.5 1
1057.75 1
1058 1
1058.25 1
1058.5 1
1058.75 1
1059 1
1059.25 1
1059.5 1
1059.75 1
1060 1
1060.25 1
1060.5 1
1060.75 1
1061 1
1061.25 1
1061.5 1
1061.75 1
1062 1
1062.25 1
1062.5 1
1062.75 1
1063 1
1063.25 1
1063.5 1
1063.75 1
1064 1
1064.25 1
1064.5 1
1064.75 1
1065 1
1065.25 1
1065.5 1
1065.75 1
1066 1
1066.25 1
1066.5 1
1066.75 1
1067 1
1067.25 1
1067.5 1
1067.75 1
1068 1
1068.25 1
1068.5 1
1068.75 1
1069 1
1069.25 1
1069.5 1
1069.75 1
1070 1
1070.25 1
1070.5 1
1070.75 1
1071 1
1071.25 1
1071.5 1
1071.75 1
1072 1
1072.25 1
1072.5 1
1072.75 1
1073 1
1073.25 1
1073.5 1
1073.75 1
1074 1
1074.25 1
1074.5 1
1074.75 1
1075 1
1075.25 1
1075.5 1
1075.75 1
1076 1
1076.25 1
1076.5 1
1076.75 1
1077 1
1077.25 1
1077.5 1
1077.75 1
1078 1
1078.25 1
1078.5 1
1078.75 1
1079 1
1079.25 1
1079.5 1
1079.75 1
1080 1
1080.25 1
1080.5 1
1080.75 1
1081 1
1081.25 1
1081.5 1
1081.75 1
1082 1
1082.25 1
1082.5 1
1082.75 1
1083 1
1083.25 1
1083.5 1
1083.75 1
1084 1
1084.25 1
1084.5 1
1084.75 1
1085 1
1085.25 1
1085.5 1
1085.75 1
1086 1
1086.25 1
1086.5 1
1086.75 1
1087 1
1087.25 1
1087.5 1
1087.75 1
1088 1
1088.25 1
1088.5 1
1088.75 1
1089 1
1089.25 1
1089.5 1
1089.75 1
1090 1
1090.25 1
1090.5 1
1090.75 1
1091 1
1091.25 1
1091.5 1
1091.75 1
1092 1
1092.25 1
1092.5 1
1092.75 1
1093 1
1093.25 1
1093.5 1
1093.75 1
1094 1
1094.25 1
1094.5 1
1094.75 1
1095 1
1095.25 1
1095.5 1
1095.75 1
1096 1
1096.25 1
1096.5 1
1096.75 1
1097 1
1097.25 1
1097.5 1
1097.75 1
1098 1
1098.25 1
1098.5 1
1098.75 1
1099 1
1099.25 1
1099.5 1
1099.75 1
1100 1
1100.25 1
1100.5 1
1100.75 1
1101 1
1101.25 1
1101.5 1
1101.75 1
1102 1
1102.25 1
1102.5 1
1102.75 1
1103 1
1103.25 1
1103.5 1
1103.75 1
1104 1
1104.25 1
1104.5 1
1104.75 1
1105 1
1105.25 1
1105.5 1
1105.75 1
1106 1
1106.25 1
1106.5 1
1106.75 1
1107 1
1107.25 1
1107.5 1
1107.75 1
1108 1
1108.25 1
1108.5 1
1108.75 1
1109 1
1109.25 1
1109.5 1
1109.75 1
1110 1
1110.25 1
1110.5 1
1110.75 1
1111 1
1111.25 1
1111.5 1
1111.75 1
1112 1
1112.25 1
1112.5 1
1112.75 1
1113 1
1113.25 1
1113.5 1
1113.75 1
1114 1
1114.25 1
1114.5 1
1114.75 1
1115 1
1115.25 1
1115.5 1
1115.75 1
1116 1
1116.25 1
1116.5 1
1116.75 1
1117 1
1117.25 1
1117.5 1
1117.75 1
1118 1
1118.25 1
1118.5 1
1118.75 1
1119 1
1119.25 1
1119.5 1
1119.75 1
1120 1
1120.25 1
1120.5 1
1120.75 1
1121 1
1121.25 1
1121.5 1
1121.75 1
1122 1
1122.25 1
1122.5 1
1122.75 1
1123 1
1123.25 1
1123.5 1
1123.75 1
1124 1
1124.25 1
1124.5 1
1124.75 1
1125 1
1125.25 1
1125.5 1
1125.75 1
1126 1
1126.25 1
1126.5 1
1126.75 1
1127 1
1127.25 1
1127.5 1
1127.75 1
1128 1
1128.25 1
1128.5 1
1128.75 1
1129 1
1129.25 1
1129.5 1
1129.75 1
1130 1
1130.25 1
1130.5 1
1130.75 1
1131 1
1131.25 1
1131.5 1
1131.75 1
1132 1
1132.25 1
1132.5 1
1132.75 1
1133 1
1133.25 1
1133.5 1
1133.75 1
1134 1
1134.25 1
1134.5 1
1134.75 1
1135 1
1135.25 1
1135.5 1
1135.75 1
1136 1
1136.25 1
1136.5 1
1136.75 1
1137 1
1137.25 1
1137.5 1
1137.75 1
1138 1
1138.25 1
1138.5 1
1138.75 1
1139 1
1139.25 1
1139.5 1
1139.75 1
1140 1
1140.25 1
1140.5 1
1140.75 1
1141 1
1141.25 1
1141.5 1
1141.75 1
1142 1
1142.25 1
1142.5 1
1142.75 1
1143 1
1143.25 1
1143.5 1
1143.75 1
1144 1
1144.25 1
1144.5 1
1144.75 1
1145 1
1145.25 1
1145.5 1
1145.75 1
1146 1
1146.25 1
1146.5 1
1146.75 1
1147 1
1147.25 1
1147.5 1
1147.75 1
1148 1
1148.25 1
1148.5 1
1148.75 1
1149 1
1149.25 1
1149.5 1
1149.75 1
1150 1
1150.25 1
1150.5 1
1150.75 1
1151 1
1151.25 1
1151.5 1
1151.75 1
1152 1
1152.25 1
1152.5 1
1152.75 1
1153 1
1153.25 1
1153.5 1
1153.75 1
1154 1
1154.25 1
1154.5 1
1154.75 1
1155 1
1155.25 1
1155.5 1
1155.75 1
1156 1
1156.25 1
1156.5 1
1156.75 1
1157 1
1157.25 1
1157.5 1
1157.75 1
1158 1
1158.25 1
1158.5 1
1158.75 1
1159 1
1159.25 1
1159.5 1
1159.75 1
1160 1
1160.25 1
1160.5 1
1160.75 1
1161 1
1161.25 1
1161.5 1
1161.75 1
1162 1
1162.25 1
1162.5 1
1162.75 1
1163 1
1163.25 1
1163.5 1
1163.75 1
1164 1
1164.25 1
1164.5 1
1164.75 1
1165 1
1165.25 1
1165.5 1
1165.75 1
1166 1
1166.25 1
1166.5 1
1166.75 1
1167 1
1167.25 1
1167.5 1
1167.75 1
1168 1
1168.25 1
1168.5 1
1168.75 1
1169 1
1169.25 1
1169.5 1
1169.75 1
1170 1
1170.25 1
1170.5 1
1170.75 1
1171 1
1171.25 1
1171.5 1
1171.75 1
1172 1
1172.25 1
1172.5 1
1172.75 1
1173 1
1173.25 1
1173.5 1
1173.75 1
1174 1
1174.25 1
1174.5 1
1174.75 1
1175 1
1175.25 1
1175.5 1
1175.75 1
1176 1
1176.25 1
1176.5 1
1176.75 1
1177 1
1177.25 1
1177.5 1
1177.75 1
1178 1
1178.25 1
1178.5 1
1178.75 1
1179 1
1179.25 1
1179.5 1
1179.75 1
1180 1
1180.25 1
1180.5 1
1180.75 1
1181 1
1181.25 1
1181.5 1
1181.75 1
1182 1
1182.25 1
1182.5 1
1182.75 1
1183 1
1183.25 1
1183.5 1
1183.75 1
1184 1
1184.25 1
1184.5 1
1184.75 1
1185 1
1185.25 1
1185.5 1
1185.75 1
1186 1
1186.25 1
1186.5 1
1186.75 1
1187 1
1187.25 1
1187.5 1
1187.75 1
1188 1
1188.25 1
1188.5 1
1188.75 1
1189 1
1189.25 1
1189.5 1
1189.75 1
1190 1
1190.25 1
1190.5 1
1190.75 1
1191 1
1191.25 1
1191.5 1
1191.75 1
1192 1
1192.25 1
1192.5 1
1192.75 1
1193 1
1193.25 1
1193.5 1
1193.75 1
1194 1
1194.25 1
1194.5 1
1194.75 1
1195 1
1195.25 1
1195.5 1
1195.75 1
1196 1
1196.25 1
1196.5 1
1196.75 1
1197 1
1197.25 1
1197.5 1
1197.75 1
1198 1
1198.25 1
1198.5 1
1198.75 1
1199 1
1199.25 1
1199.5 1
1199.75 1
1200 1
1200.25 1
1200.5 1
1200.75 1
1201 1
1201.25 1
1201.5 1
1201.75 1
1202 1
1202.25 1
1202.5 1
1202.75 1
1203 1
1203.25 1
1203.5 1
1203.75 1
1204 1
1204.25 1
1204.5 1
1204.75 1
1205 1
1205.25 1
1205.5 1
1205.75 1
1206 1
1206.25 1
1206.5 1
1206.75 1
1207 1
1207.25 1
1207.5 1
1207.75 1
1208 1
1208.25 1
1208.5 1
1208.75 1
1209 1
1209.25 1
1209.5 1
1209.75 1
1210 1
1210.25 1
1210.5 1
1210.75 1
1211 1
1211.25 1
1211.5 1
1211.75 1
1212 1
1212.25 1
1212.5 1
1212.75 1
1213 1
1213.25 1
1213.5 1
1213.75 1
1214 1
1214.25 1
1214.5 1
1214.75 1
1215 1
1215.25 1
1215.5 1
1215.75 1
1216 1
1216.25 1
1216.5 1
1216.75 1
1217 1
1217.25 1
1217.5 1
1217.75 1
1218 1
1218.25 1
1218.5 1
1218.75 1
1219 1
1219.25 1
1219.5 1
1219.75 1
1220 1
1220.25 1
1220.5 1
1220.75 1
1221 1
1221.25 1
1221.5 1
1221.75 1
1222 1
1222.25 1
1222.5 1
1222.75 1
1223 1
1223.25 1
1223.5 1
1223.75 1
1224 1
1224.25 1
1224.5 1
1224.75 1
1225 1
1225.25 1
1225.5 1
1225.75 1
1226 1
1226.25 1
1226.5 1
1226.75 1
1227 1
1227.25 1
1227.5 1
1227.75 1
1228 1
1228.25 1
1228.5 1
1228.75 1
1229 1
1229.25 1
1229.5 1
1229.75 1
1230 1
1230.25 1
1230.5 1
1230.75 1
1231 1
1231.25 1
1231.5 1
1231.75 1
1232 1
1232.25 1
1232.5 1
1232.75 1
1233 1
1233.25 1
1233.5 1
1233.75 1
1234 1
1234.25 1
1234.5 1
1234.75 1
1235 1
1235.25 1
1235.5 1
1235.75 1
1236 1
1236.25 1
1236.5 1
1236.75 1
1237 1
1237.25 1
1237.5 1
1237.75 1
1238 1
1238.25 1
1238.5 1
1238.75 1
1239 1
1239.25 1
1239.5 1
1239.75 1
1240 1
1240.25 1
1240.5 1
1240.75 1
1241 1
1241.25 1
1241.5 1
1241.75 1
1242 1
1242.25 1
1242.5 1
1242.75 1
1243 1
1243.25 1
1243.5 1
1243.75 1
1244 1
1244.25 1
1244.5 1
1244.75 1
1245 1
1245.25 1
1245.5 1
1245.75 1
1246 1
1246.25 1
1246.5 1
1246.75 1
1247 1
1247.25 1
1247.5 1
1247.75 1
1248 1
1248.25 1
1248.5 1
1248.75 1
1249 1
1249.25 1
1249.5 1
1249.75 1
1250 1
1250.25 1
1250.5 1
1250.75 1
1251 1
1251.25 1
1251.5 1
1251.75 1
1252 1
1252.25 1
1252.5 1
1252.75 1
1253 1
1253.25 1
1253.5 1
1253.75 1
1254 1
1254.25 1
1254.5 1
1254.75 1
1255 1
1255.25 1
1255.5 1
1255.75 1
1256 1
1256.25 1
1256.5 1
1256.75 1
1257 1
1257.25 1
1257.5 1
1257.75 1
1258 1
1258.25 1
1258.5 1
1258.75 1
1259 1
1259.25 1
1259.5 1
1259.75 1
1260 1
1260.25 1
1260.5 1
1260.75 1
1261 1
1261.25 1
1261.5 1
1261.75 1
1262 1
1262.25 1
1262.5 1
1262.75 1
1263 1
1263.25 1
1263.5 1
1263.75 1
1264 1
1264.25 1
1264.5 1
1264.75 1
1265 1
1265.25 1
1265.5 1
1265.75 1
1266 1
1266.25 1
1266.5 1
1266.75 1
1267 1
1267.25 1
1267.5 1
1267.75 1
1268 1
1268.25 1
1268.5 1
1268.75 1
1269 1
1269.25 1
1269.5 1
1269.75 1
1270 1
1270.25 1
1270.5 1
1270.75 1
1271 1
1271.25 1
1271.5 1
1271.75 1
1272 1
1272.25 1
1272.5 1
1272.75 1
1273 1
1273.25 1
1273.5 1
1273.75 1
1274 1
1274.25 1
1274.5 1
1274.75 1
1275 1
1275.25 1
1275.5 1
1275.75 1
1276 1
1276.25 1
1276.5 1
1276.75 1
1277 1
1277.25 1
1277.5 1
1277.75 1
1278 1
1278.25 1
1278.5 1
1278.75 1
1279 1
1279.25 1
1279.5 1
1279.75 1
1280 1
1280.25 1
1280.5 1
1280.75 1
1281 1
1281.25 1
1281.5 1
1281.75 1
1282 1
1282.25 1
1282.5 1
1282.75 1
1283 1
1283.25 1
1283.5 1
1283.75 1
1284 1
1284.25 1
1284.5 1
1284.75 1
1285 1
1285.25 1
1285.5 1
1285.75 1
1286 1
1286.25 1
1286.5 1
1286.75 1
1287 1
1287.25 1
1287.5 1
1287.75 1
1288 1
1288.25 1
1288.5 1
1288.75 1
1289 1
1289.25 1
1289.5 1
1289.75 1
1290 1
1290.25 1
1290.5 1
1290.75 1
1291 1
1291.25 1
1291.5 1
1291.75 1
1292 1
1292.25 1
1292.5 1
1292.75 1
1293 1
1293.25 1
1293.5 1
1293.75 1
1294 1
1294.25 1
1294.5 1
1294.75 1
1295 1
1295.25 1
1295.5 1
1295.75 1
1296 1
1296.25 1
1296.5 1
1296.75 1
1297 1
1297.25 1
1297.5 1
1297.75 1
1298 1
1298.25 1
1298.5 1
1298.75 1
1299 1
1299.25 1
1299.5 1
1299.75 1
1300 1
1300.25 1
1300.5 1
1300.75 1
1301 1
1301.25 1
1301.5 1
1301.75 1
1302 1
1302.25 1
1302.5 1
1302.75 1
1303 1
1303.25 1
1303.5 1
1303.75 1
1304 1
1304.25 1
1304.5 1
1304.75 1
1305 1
1305.25 1
1305.5 1
1305.75 1
1306 1
1306.25 1
1306.5 1
1306.75 1
1307 1
1307.25 1
1307.5 1
1307.75 1
1308 1
1308.25 1
1308.5 1
1308.75 1
1309 1
1309.25 1
1309.5 1
1309.75 1
1310 1
1310.25 1
1310.5 1
1310.75 1
1311 1
1311.25 1
1311.5 1
1311.75 1
1312 1
1312.25 1
1312.5 1
1312.75 1
1313 1
1313.25 1
1313.5 1
1313.75 1
1314 1
1314.25 1
1314.5 1
1314.75 1
1315 1
1315.25 1
1315.5 1
1315.75 1
1316 1
1316.25 1
1316.5 1
1316.75 1
1317 1
1317.25 1
1317.5 1
1317.75 1
1318 1
1318.25 1
1318.5 1
1318.75 1
1319 1
1319.25 1
1319.5 1
1319.75 1
1320 1
1320.25 1
1320.5 1
1320.75 1
1321 1
1321.25 1
1321.5 1
1321.75 1
1322 1
1322.25 1
1322.5 1
1322.75 1
1323 1
1323.25 1
1323.5 1
1323.75 1
1324 1
1324.25 1
1324.5 1
1324.75 1
1325 1
1325.25 1
1325.5 1
1325.75 1
1326 1
1326.25 1
1326.5 1
1326.75 1
1327 1
1327.25 1
1327.5 1
1327.75 1
1328 1
1328.25 1
1328.5 1
1328.75 1
1329 1
1329.25 1
1329.5 1
1329.75 1
1330 1
1330.25 1
1330.5 1
1330.75 1
1331 1
1331.25 1
1331.5 1
1331.75 1
1332 1
1332.25 1
1332.5 1
1332.75 1
1333 1
1333.25 1
1333.5 1
1333.75 1
1334 1
1334.25 1
1334.5 1
1334.75 1
1335 1
1335.25 1
1335.5 1
1335.75 1
1336 1
1336.25 1
1336.5 1
1336.75 1
1337 1
1337.25 1
1337.5 1
1337.75 1
1338 1
1338.25 1
1338.5 1
1338.75 1
1339 1
1339.25 1
1339.5 1
1339.75 1
1340 1
1340.25 1
1340.5 1
1340.75 1
1341 1
1341.25 1
1341.5 1
1341.75 1
1342 1
1342.25 1
1342.5 1
1342.75 1
1343 1
1343.25 1
1343.5 1
1343.75 1
1344 1
1344.25 1
1344.5 1
1344.75 1
1345 1
1345.25 1
1345.5 1
1345.75 1
1346 1
1346.25 1
1346.5 1
1346.75 1
1347 1
1347.25 1
1347.5 1
1347.75 1
1348 1
1348.25 1
1348.5 1
1348.75 1
1349 1
1349.25 1
1349.5 1
1349.75 1
1350 1
1350.25 1
1350.5 1
1350.75 1
1351 1
1351.25 1
1351.5 1
1351.75 1
1352 1
1352.25 1
1352.5 1
1352.75 1
1353 1
1353.25 1
1353.5 1
1353.75 1
1354 1
1354.25 1
1354.5 1
1354.75 1
1355 1
1355.25 1
1355.5 1
1355.75 1
1356 1
1356.25 1
1356.5 1
1356.75 1
1357 1
1357.25 1
1357.5 1
1357.75 1
1358 1
1358.25 1
1358.5 1
1358.75 1
1359 1
1359.25 1
1359.5 1
1359.75 1
1360 1
1360.25 1
1360.5 1
1360.75 1
1361 1
1361.25 1
1361.5 1
1361.75 1
1362 1
1362.25 1
1362.5 1
1362.75 1
1363 1
1363.25 1
1363.5 1
1363.75 1
1364 1
1364.25 1
1364.5 1
1364.75 1
1365 1
1365.25 1
1365.5 1
1365.75 1
1366 1
1366.25 1
1366.5 1
1366.75 1
1367 1
1367.25 1
1367.5 1
1367.75 1
1368 1
1368.25 1
1368.5 1
1368.75 1
1369 1
1369.25 1
1369.5 1
1369.75 1
1370 1
1370.25 1
1370.5 1
1370.75 1
1371 1
1371.25 1
1371.5 1
1371.75 1
1372 1
1372.25 1
1372.5 1
1372.75 1
1373 1
1373.25 1
1373.5 1
1373.75 1
1374 1
1374.25 1
1374.5 1
1374.75 1
1375 1
1375.25 1
1375.5 1
1375.75 1
1376 1
1376.25 1
1376.5 1
1376.75 1
1377 1
1377.25 1
1377.5 1
1377.75 1
1378 1
1378.25 1
1378.5 1
1378.75 1
1379 1
1379.25 1
1379.5 1
1379.75 1
1380 1
1380.25 1
1380.5 1
1380.75 1
1381 1
1381.25 1
1381.5 1
1381.75 1
1382 1
1382.25 1
1382.5 1
1382.75 1
1383 1
1383.25 1
1383.5 1
1383.75 1
1384 1
1384.25 1
1384.5 1
1384.75 1
1385 1
1385.25 1
1385.5 1
1385.75 1
1386 1
1386.25 1
1386.5 1
1386.75 1
1387 1
1387.25 1
1387.5 1
1387.75 1
1388 1
1388.25 1
1388.5 1
1388.75 1
1389 1
1389.25 1
1389.5 1
1389.75 1
1390 1
1390.25 1
1390.5 1
1390.75 1
1391 1
1391.25 1
1391.5 1
1391.75 1
1392 1
1392.25 1
1392.5 1
1392.75 1
1393 1
1393.25 1
1393.5 1
1393.75 1
1394 1
1394.25 1
1394.5 1
1394.75 1
1395 1
1395.25 1
1395.5 1
1395.75 1
1396 1
1396.25 1
1396.5 1
1396.75 1
1397 1
1397.25 1
1397.5 1
1397.75 1
1398 1
1398.25 1
1398.5 1
1398.75 1
1399 1
1399.25 1
1399.5 1
1399.75 1
1400 1
1400.25 1
1400.5 1
1400.75 1
1401 1
1401.25 1
1401.5 1
1401.75 1
1402 1
1402.25 1
1402.5 1
1402.75 1
1403 1
1403.25 1
1403.5 1
1403.75 1
1404 1
1404.25 1
1404.5 1
1404.75 1
1405 1
1405.25 1
1405.5 1
1405.75 1
1406 1
1406.25 1
1406.5 1
1406.75 1
1407 1
1407.25 1
1407.5 1
1407.75 1
1408 1
1408.25 1
1408.5 1
1408.75 1
1409 1
1409.25 1
1409.5 1
1409.75 1
1410 1
1410.25 1
1410.5 1
1410.75 1
1411 1
1411.25 1
1411.5 1
1411.75 1
1412 1
1412.25 1
1412.5 1
1412.75 1
1413 1
1413.25 1
1413.5 1
1413.75 1
1414 1
1414.25 1
1414.5 1
1414.75 1
1415 1
1415.25 1
1415.5 1
1415.75 1
1416 1
1416.25 1
1416.5 1
1416.75 1
1417 1
1417.25 1
1417.5 1
1417.75 1
1418 1
1418.25 1
1418.5 1
1418.75 1
1419 1
1419.25 1
1419.5 1
1419.75 1
1420 1
1420.25 1
1420.5 1
1420.75 1
1421 1
1421.25 1
1421.5 1
1421.75 1
1422 1
1422.25 1
1422.5 1
1422.75 1
1423 1
1423.25 1
1423.5 1
1423.75 1
1424 1
1424.25 1
1424.5 1
1424.75 1
1425 1
1425.25 1
1425.5 1
1425.75 1
1426 1
1426.25 1
1426.5 1
1426.75 1
1427 1
1427.25 1
1427.5 1
1427.75 1
1428 1
1428.25 1
1428.5 1
1428.75 1
1429 1
1429.25 1
1429.5 1
1429.75 1
1430 1
1430.25 1
1430.5 1
1430.75 1
1431 1
1431.25 1
1431.5 1
1431.75 1
1432 1
1432.25 1
1432.5 1
1432.75 1
1433 1
1433.25 1
1433.5 1
1433.75 1
1434 1
1434.25 1
1434.5 1
1434.75 1
1435 1
1435.25 1
1435.5 1
1435.75 1
1436 1
1436.25 1
1436.5 1
1436.75 1
1437 1
1437.25 1
1437.5 1
1437.75 1
1438 1
1438.25 1
1438.5 1
1438.75 1
1439 1
1439.25 1
1439.5 1
1439.75 1
1440 1
1440.25 1
1440.5 1
1440.75 1
1441 1
1441.25 1
1441.5 1
1441.75 1
1442 1
1442.25 1
1442.5 1
1442.75 1
1443 1
1443.25 1
1443.5 1
1443.75 1
1444 1
1444.25 1
1444.5 1
1444.75 1
1445 1
1445.25 1
1445.5 1
1445.75 1
1446 1
1446.25 1
1446.5 1
1446.75 1
1447 1
1447.25 1
1447.5 1
1447.75 1
1448 1
1448.25 1
1448.5 1
1448.75 1
1449 1
1449.25 1
1449.5 1
1449.75 1
1450 1
1450.25 1
1450.5 1
1450.75 1
1451 1
1451.25 1
1451.5 1
1451.75 1
1452 1
1452.25 1
1452.5 1
1452.75 1
1453 1
1453.25 1
1453.5 1
1453.75 1
1454 1
1454.25 1
1454.5 1
1454.75 1
1455 1
1455.25 1
1455.5 1
1455.75 1
1456 1
1456.25 1
1456.5 1
1456.75 1
1457 1
1457.25 1
1457.5 1
1457.75 1
1458 1
1458.25 1
1458.5 1
1458.75 1
1459 1
1459.25 1
1459.5 1
1459.75 1
1460 1
1460.25 1
1460.5 1
1460.75 1
1461 1
1461.25 1
1461.5 1
1461.75 1
1462 1
1462.25 1
1462.5 1
1462.75 1
1463 1
1463.25 1
1463.5 1
1463.75 1
1464 1
1464.25 1
1464.5 1
1464.75 1
1465 1
1465.25 1
1465.5 1
1465.75 1
1466 1
1466.25 1
1466.5 1
1466.75 1
1467 1
1467.25 1
1467.5 1
1467.75 1
1468 1
1468.25 1
1468.5 1
1468.75 1
1469 1
1469.25 1
1469.5 1
1469.75 1
1470 1
1470.25 1
1470.5 1
1470.75 1
1471 1
1471.25 1
1471.5 1
1471.75 1
1472 1
1472.25 1
1472.5 1
1472.75 1
1473 1
1473.25 1
1473.5 1
1473.75 1
1474 1
1474.25 1
1474.5 1
1474.75 1
1475 1
1475.25 1
1475.5 1
1475.75 1
1476 1
1476.25 1
1476.5 1
1476.75 1
1477 1
1477.25 1
1477.5 1
1477.75 1
1478 1
1478.25 1
1478.5 1
1478.75 1
1479 1
1479.25 1
1479.5 1
1479.75 1
1480 1
1480.25 1
1480.5 1
1480.75 1
1481 1
1481.25 1
1481.5 1
1481.75 1
1482 1
1482.25 1
1482.5 1
1482.75 1
1483 1
1483.25 1
1483.5 1
1483.75 1
1484 1
1484.25 1
1484.5 1
1484.75 1
1485 1
1485.25 1
1485.5 1
1485.75 1
1486 1
1486.25 1
1486.5 1
1486.75 1
1487 1
1487.25 1
1487.5 1
1487.75 1
1488 1
1488.25 1
1488.5 1
1488.75 1
1489 1
1489.25 1
1489.5 1
1489.75 1
1490 1
1490.25 1
1490.5 1
1490.75 1
1491 1
1491.25 1
1491.5 1
1491.75 1
1492 1
1492.25 1
1492.5 1
1492.75 1
1493 1
1493.25 1
1493.5 1
1493.75 1
1494 1
1494.25 1
1494.5 1
1494.75 1
1495 1
1495.25 1
1495.5 1
1495.75 1
1496 1
1496.25 1
1496.5 1
1496.75 1
1497 1
1497.25 1
1497.5 1
1497.75 1
1498 1
1498.25 1
1498.5 1
1498.75 1
1499 1
1499.25 1
1499.5 1
1499.75 1
1500 1
1500.25 1
1500.5 1
1500.75 1
1501 1
1501.25 1
1501.5 1
1501.75 1
1502 1
1502.25 1
1502.5 1
1502.75 1
1503 1
1503.25 1
1503.5 1
1503.75 1
1504 1
1504.25 1
1504.5 1
1504.75 1
1505 1
1505.25 1
1505.5 1
1505.75 1
1506 1
1506.25 1
1506.5 1
1506.75 1
1507 1
1507.25 1
1507.5 1
1507.75 1
1508 1
1508.25 1
1508.5 1
1508.75 1
1509 1
1509.25 1
1509.5 1
1509.75 1
1510 1
1510.25 1
1510.5 1
1510.75 1
1511 1
1511.25 1
1511.5 1
1511.75 1
1512 1
1512.25 1
1512.5 1
1512.75 1
1513 1
1513.25 1
1513.5 1
1513.75 1
1514 1
1514.25 1
1514.5 1
1514.75 1
1515 1
1515.25 1
1515.5 1
1515.75 1
1516 1
1516.25 1
1516.5 1
1516.75 1
1517 1
1517.25 1
1517.5 1
1517.75 1
1518 1
1518.25 1
1518.5 1
1518.75 1
1519 1
1519.25 1
1519.5 1
1519.75 1
1520 1
1520.25 1
1520.5 1
1520.75 1
1521 1
1521.25 1
1521.5 1
1521.75 1
1522 1
1522.25 1
1522.5 1
1522.75 1
1523 1
1523.25 1
1523.5 1
1523.75 1
1524 1
1524.25 1
1524.5 1
1524.75 1
1525 1
1525.25 1
1525.5 1
1525.75 1
1526 1
1526.25 1
1526.5 1
1526.75 1
1527 1
1527.25 1
1527.5 1
1527.75 1
1528 1
1528.25 1
1528.5 1
1528.75 1
1529 1
1529.25 1
1529.5 1
1529.75 1
1530 1
1530.25 1
1530.5 1
1530.75 1
1531 1
1531.25 1
1531.5 1
1531.75 1
1532 1
1532.25 1
1532.5 1
1532.75 1
1533 1
1533.25 1
1533.5 1
1533.75 1
1534 1
1534.25 1
1534.5 1
1534.75 1
1535 1
1535.25 1
1535.5 1
1535.75 1
1536 1
1536.25 1
1536.5 1
1536.75 1
1537 1
1537.25 1
1537.5 1
1537.75 1
1538 1
1538.25 1
1538.5 1
1538.75 1
1539 1
1539.25 1
1539.5 1
1539.75 1
1540 1
1540.25 1
1540.5 1
1540.75 1
1541 1
1541.25 1
1541.5 1
1541.75 1
1542 1
1542.25 1
1542.5 1
1542.75 1
1543 1
1543.25 1
1543.5 1
1543.75 1
1544 1
1544.25 1
1544.5 1
1544.75 1
1545 1
1545.25 1
1545.5 1
1545.75 1
1546 1
1546.25 1
1546.5 1
1546.75 1
1547 1
1547.25 1
1547.5 1
1547.75 1
1548 1
1548.25 1
1548.5 1
1548.75 1
1549 1
1549.25 1
1549.5 1
1549.75 1
1550 1
1550.25 1
1550.5 1
1550.75 1
1551 1
1551.25 1
1551.5 1
1551.75 1
1552 1
1552.25 1
1552.5 1
1552.75 1
1553 1
1553.25 1
1553.5 1
1553.75 1
1554 1
1554.25 1
1554.5 1
1554.75 1
1555 1
1555.25 1
1555.5 1
1555.75 1
1556 1
1556.25 1
1556.5 1
1556.75 1
1557 1
1557.25 1
1557.5 1
1557.75 1
1558 1
1558.25 1
1558.5 1
1558.75 1
1559 1
1559.25 1
1559.5 1
1559.75 1
1560 1
1560.25 1
1560.5 1
1560.75 1
1561 1
1561.25 1
1561.5 1
1561.75 1
1562 1
1562.25 1
1562.5 1
1562.75 1
1563 1
1563.25 1
1563.5 1
1563.75 1
1564 1
1564.25 1
1564.5 1
1564.75 1
1565 1
1565.25 1
1565.5 1
1565.75 1
1566 1
1566.25 1
1566.5 1
1566.75 1
1567 1
1567.25 1
1567.5 1
1567.75 1
1568 1
1568.25 1
1568.5 1
1568.75 1
1569 1
1569.25 1
1569.5 1
1569.75 1
1570 1
1570.25 1
1570.5 1
1570.75 1
1571 1
1571.25 1
1571.5 1
1571.75 1
1572 1
1572.25 1
1572.5 1
1572.75 1
1573 1
1573.25 1
1573.5 1
1573.75 1
1574 1
1574.25 1
1574.5 1
1574.75 1
1575 1
1575.25 1
1575.5 1
1575.75 1
1576 1
1576.25 1
1576.5 1
1576.75 1
1577 1
1577.25 1
1577.5 1
1577.75 1
1578 1
1578.25 1
1578.5 1
1578.75 1
1579 1
1579.25 1
1579.5 1
1579.75 1
1580 1
1580.25 1
1580.5 1
1580.75 1
1581 1
1581.25 1
1581.5 1
1581.75 1
1582 1
1582.25 1
1582.5 1
1582.75 1
1583 1
1583.25 1
1583.5 1
1583.75 1
1584 1
1584.25 1
1584.5 1
1584.75 1
1585 1
1585.25 1
1585.5 1
1585.75 1
1586 1
1586.25 1
1586.5 1
1586.75 1
1587 1
1587.25 1
1587.5 1
1587.75 1
1588 1
1588.25 1
1588.5 1
1588.75 1
1589 1
1589.25 1
1589.5 1
1589.75 1
1590 1
1590.25 1
1590.5 1
1590.75 1
1591 1
1591.25 1
1591.5 1
1591.75 1
1592 1
1592.25 1
1592.5 1
1592.75 1
1593 1
1593.25 1
1593.5 1
1593.75 1
1594 1
1594.25 1
1594.5 1
1594.75 1
1595 1
1595.25 1
1595.5 1
1595.75 1
1596 1
1596.25 1
1596.5 1
1596.75 1
1597 1
1597.25 1
1597.5 1
1597.75 1
1598 1
1598.25 1
1598.5 1
1598.75 1
1599 1
1599.25 1
1599.5 1
1599.75 1
1600 1
1600.25 1
1600.5 1
1600.75 1
1601 1
1601.25 1
1601.5 1
1601.75 1
1602 1
1602.25 1
1602.5 1
1602.75 1
1603 1
1603.25 1
1603.5 1
1603.75 1
1604 1
1604.25 1
1604.5 1
1604.75 1
1605 1
1605.25 1
1605.5 1
1605.75 1
1606 1
1606.25 1
1606.5 1
1606.75 1
1607 1
1607.25 1
1607.5 1
1607.75 1
1608 1
1608.25 1
1608.5 1
1608.75 1
1609 1
1609.25 1
1609.5 1
1609.75 1
1610 1
1610.25 1
1610.5 1
1610.75 1
1611 1
1611.25 1
1611.5 1
1611.75 1
1612 1
1612.25 1
1612.5 1
1612.75 1
1613 1
1613.25 1
1613.5 1
1613.75 1
1614 1
1614.25 1
1614.5 1
1614.75 1
1615 1
1615.25 1
1615.5 1
1615.75 1
1616 1
1616.25 1
1616.5 1
1616.75 1
1617 1
1617.25 1
1617.5 1
1617.75 1
1618 1
1618.25 1
1618.5 1
1618.75 1
1619 1
1619.25 1
1619.5 1
1619.75 1
1620 1
1620.25 1
1620.5 1
1620.75 1
1621 1
1621.25 1
1621.5 1
1621.75 1
1622 1
1622.25 1
1622.5 1
1622.75 1
1623 1
1623.25 1
1623.5 1
1623.75 1
1624 1
1624.25 1
1624.5 1
1624.75 1
1625 1
1625.25 1
1625.5 1
1625.75 1
1626 1
1626.25 1
1626.5 1
1626.75 1
1627 1
1627.25 1
1627.5 1
1627.75 1
1628 1
1628.25 1
1628.5 1
1628.75 1
1629 1
1629.25 1
1629.5 1
1629.75 1
1630 1
1630.25 1
1630.5 1
1630.75 1
1631 1
1631.25 1
1631.5 1
1631.75 1
1632 1
1632.25 1
1632.5 1
1632.75 1
1633 1
1633.25 1
1633.5 1
1633.75 1
1634 1
1634.25 1
1634.5 1
1634.75 1
1635 1
1635.25 1
1635.5 1
1635.75 1
1636 1
1636.25 1
1636.5 1
1636.75 1
1637 1
1637.25 1
1637.5 1
1637.75 1
1638 1
1638.25 1
1638.5 1
1638.75 1
1639 1
1639.25 1
1639.5 1
1639.75 1
1640 1
1640.25 1
1640.5 1
1640.75 1
1641 1
1641.25 1
1641.5 1
1641.75 1
1642 1
1642.25 1
1642.5 1
1642.75 1
1643 1
1643.25 1
1643.5 1
1643.75 1
1644 1
1644.25 1
1644.5 1
1644.75 1
1645 1
1645.25 1
1645.5 1
1645.75 1
1646 1
1646.25 1
1646.5 1
1646.75 1
1647 1
1647.25 1
1647.5 1
1647.75 1
1648 1
1648.25 1
1648.5 1
1648.75 1
1649 1
1649.25 1
1649.5 1
1649.75 1
1650 1
1650.25 1
1650.5 1
1650.75 1
1651 1
1651.25 1
1651.5 1
1651.75 1
1652 1
1652.25 1
1652.5 1
1652.75 1
1653 1
1653.25 1
1653.5 1
1653.75 1
1654 1
1654.25 1
1654.5 1
1654.75 1
1655 1
1655.25 1
1655.5 1
1655.75 1
1656 1
1656.25 1
1656.5 1
1656.75 1
1657 1
1657.25 1
1657.5 1
1657.75 1
1658 1
1658.25 1
1658.5 1
1658.75 1
1659 1
1659.25 1
1659.5 1
1659.75 1
1660 1
1660.25 1
1660.5 1
1660.75 1
1661 1
1661.25 1
1661.5 1
1661.75 1
1662 1
1662.25 1
1662.5 1
1662.75 1
1663 1
1663.25 1
1663.5 1
1663.75 1
1664 1
1664.25 1
1664.5 1
1664.75 1
1665 1
1665.25 1
1665.5 1
1665.75 1
1666 1
1666.25 1
1666.5 1
1666.75 1
1667 1
1667.25 1
1667.5 1
1667.75 1
1668 1
1668.25 1
1668.5 1
1668.75 1
1669 1
1669.25 1
1669.5 1
1669.75 1
1670 1
1670.25 1
1670.5 1
1670.75 1
1671 1
1671.25 1
1671.5 1
1671.75 1
1672 1
1672.25 1
1672.5 1
1672.75 1
1673 1
1673.25 1
1673.5 1
1673.75 1
1674 1
1674.25 1
1674.5 1
1674.75 1
1675 1
1675.25 1
1675.5 1
1675.75 1
1676 1
1676.25 1
1676.5 1
1676.75 1
1677 1
1677.25 1
1677.5 1
1677.75 1
1678 1
1678.25 1
1678.5 1
1678.75 1
1679 1
1679.25 1
1679.5 1
1679.75 1
1680 1
1680.25 1
1680.5 1
1680.75 1
1681 1
1681.25 1
1681.5 1
1681.75 1
1682 1
1682.25 1
1682.5 1
1682.75 1
1683 1
1683.25 1
1683.5 1
1683.75 1
1684 1
1684.25 1
1684.5 1
1684.75 1
1685 1
1685.25 1
1685.5 1
1685.75 1
1686 1
1686.25 1
1686.5 1
1686.75 1
1687 1
1687.25 1
1687.5 1
1687.75 1
1688 1
1688.25 1
1688.5 1
1688.75 1
1689 1
1689.25 1
1689.5 1
1689.75 1
1690 1
1690.25 1
1690.5 1
1690.75 1
1691 1
1691.25 1
1691.5 1
1691.75 1
1692 1
1692.25 1
1692.5 1
1692.75 1
1693 1
1693.25 1
1693.5 1
1693.75 1
1694 1
1694.25 1
1694.5 1
1694.75 1
1695 1
1695.25 1
1695.5 1
1695.75 1
1696 1
1696.25 1
1696.5 1
1696.75 1
1697 1
1697.25 1
1697.5 1
1697.75 1
1698 1
1698.25 1
1698.5 1
1698.75 1
1699 1
1699.25 1
1699.5 1
1699.75 1
1700 1
1700.25 1
1700.5 1
1700.75 1
1701 1
1701.25 1
1701.5 1
1701.75 1
1702 1
1702.25 1
1702.5 1
1702.75 1
1703 1
1703.25 1
1703.5 1
1703.75 1
1704 1
1704.25 1
1704.5 1
1704.75 1
1705 1
1705.25 1
1705.5 1
1705.75 1
1706 1
1706.25 1
1706.5 1
1706.75 1
1707 1
1707.25 1
1707.5 1
1707.75 1
1708 1
1708.25 1
1708.5 1
1708.75 1
1709 1
1709.25 1
1709.5 1
1709.75 1
1710 1
1710.25 1
1710.5 1
1710.75 1
1711 1
1711.25 1
1711.5 1
1711.75 1
1712 1
1712.25 1
1712.5 1
1712.75 1
1713 1
1713.25 1
1713.5 1
1713.75 1
1714 1
1714.25 1
1714.5 1
1714.75 1
1715 1
1715.25 1
1715.5 1
1715.75 1
1716 1
1716.25 1
1716.5 1
1716.75 1
1717 1
1717.25 1
1717.5 1
1717.75 1
1718 1
1718.25 1
1718.5 1
1718.75 1
1719 1
1719.25 1
1719.5 1
1719.75 1
1720 1
1720.25 1
1720.5 1
1720.75 1
1721 1
1721.25 1
1721.5 1
1721.75 1
1722 1
1722.25 1
1722.5 1
1722.75 1
1723 1
1723.25 1
1723.5 1
1723.75 1
1724 1
1724.25 1
1724.5 1
1724.75 1
1725 1
1725.25 1
1725.5 1
1725.75 1
1726 1
1726.25 1
1726.5 1
1726.75 1
1727 1
1727.25 1
1727.5 1
1727.75 1
1728 1
1728.25 1
1728.5 1
1728.75 1
1729 1
1729.25 1
1729.5 1
1729.75 1
1730 1
1730.25 1
1730.5 1
1730.75 1
1731 1
1731.25 1
1731.5 1
1731.75 1
1732 1
1732.25 1
1732.5 1
1732.75 1
1733 1
1733.25 1
1733.5 1
1733.75 1
1734 1
1734.25 1
1734.5 1
1734.75 1
1735 1
1735.25 1
1735.5 1
1735.75 1
1736 1
1736.25 1
1736.5 1
1736.75 1
1737 1
1737.25 1
1737.5 1
1737.75 1
1738 1
1738.25 1
1738.5 1
1738.75 1
1739 1
1739.25 1
1739.5 1
1739.75 1
1740 1
1740.25 1
1740.5 1
1740.75 1
1741 1
1741.25 1
1741.5 1
1741.75 1
1742 1
1742.25 1
1742.5 1
1742.75 1
1743 1
1743.25 1
1743.5 1
1743.75 1
1744 1
1744.25 1
1744.5 1
1744.75 1
1745 1
1745.25 1
1745.5 1
1745.75 1
1746 1
1746.25 1
1746.5 1
1746.75 1
1747 1
1747.25 1
1747.5 1
1747.75 1
1748 1
1748.25 1
1748.5 1
1748.75 1
1749 1
1749.25 1
1749.5 1
1749.75 1
1750 1
1750.25 1
1750.5 1
1750.75 1
1751 1
1751.25 1
1751.5 1
1751.75 1
1752 1
1752.25 1
1752.5 1
1752.75 1
1753 1
1753.25 1
1753.5 1
1753.75 1
1754 1
1754.25 1
1754.5 1
1754.75 1
1755 1
1755.25 1
1755.5 1
1755.75 1
1756 1
1756.25 1
1756.5 1
1756.75 1
1757 1
1757.25 1
1757.5 1
1757.75 1
1758 1
1758.25 1
1758.5 1
1758.75 1
1759 1
1759.25 1
1759.5 1
1759.75 1
1760 1
1760.25 1
1760.5 1
1760.75 1
1761 1
1761.25 1
1761.5 1
1761.75 1
1762 1
1762.25 1
1762.5 1
1762.75 1
1763 1
1763.25 1
1763.5 1
1763.75 1
1764 1
1764.25 1
1764.5 1
1764.75 1
1765 1
1765.25 1
1765.5 1
1765.75 1
1766 1
1766.25 1
1766.5 1
1766.75 1
1767 1
1767.25 1
1767.5 1
1767.75 1
1768 1
1768.25 1
1768.5 1
1768.75 1
1769 1
1769.25 1
1769.5 1
1769.75 1
1770 1
1770.25 1
1770.5 1
1770.75 1
1771 1
1771.25 1
1771.5 1
1771.75 1
1772 1
1772.25 1
1772.5 1
1772.75 1
1773 1
1773.25 1
1773.5 1
1773.75 1
1774 1
1774.25 1
1774.5 1
1774.75 1
1775 1
1775.25 1
1775.5 1
1775.75 1
1776 1
1776.25 1
1776.5 1
1776.75 1
1777 1
1777.25 1
1777.5 1
1777.75 1
1778 1
1778.25 1
1778.5 1
1778.75 1
1779 1
1779.25 1
1779.5 1
1779.75 1
1780 1
1780.25 1
1780.5 1
1780.75 1
1781 1
1781.25 1
1781.5 1
1781.75 1
1782 1
1782.25 1
1782.5 1
1782.75 1
1783 1
1783.25 1
1783.5 1
1783.75 1
1784 1
1784.25 1
1784.5 1
1784.75 1
1785 1
1785.25 1
1785.5 1
1785.75 1
1786 1
1786.25 1
1786.5 1
1786.75 1
1787 1
1787.25 1
1787.5 1
1787.75 1
1788 1
1788.25 1
1788.5 1
1788.75 1
1789 1
1789.25 1
1789.5 1
1789.75 1
1790 1
1790.25 1
1790.5 1
1790.75 1
1791 1
1791.25 1
1791.5 1
1791.75 1
1792 1
1792.25 1
1792.5 1
1792.75 1
1793 1
1793.25 1
1793.5 1
1793.75 1
1794 1
1794.25 1
1794.5 1
1794.75 1
1795 1
1795.25 1
1795.5 1
1795.75 1
1796 1
1796.25 1
1796.5 1
1796.75 1
1797 1
1797.25 1
1797.5 1
1797.75 1
1798 1
1798.25 1
1798.5 1
1798.75 1
1799 1
1799.25 1
1799.5 1
1799.75 1
1800 1
1800.25 1
1800.5 1
1800.75 1
1801 1
1801.25 1
1801.5 1
1801.75 1
1802 1
1802.25 1
1802.5 1
1802.75 1
1803 1
1803.25 1
1803.5 1
1803.75 1
1804 1
1804.25 1
1804.5 1
1804.75 1
1805 1
1805.25 1
1805.5 1
1805.75 1
1806 1
1806.25 1
1806.5 1
1806.75 1
1807 1
1807.25 1
1807.5 1
1807.75 1
1808 1
1808.25 1
1808.5 1
1808.75 1
1809 1
1809.25 1
1809.5 1
1809.75 1
1810 1
1810.25 1
1810.5 1
1810.75 1
1811 1
1811.25 1
1811.5 1
1811.75 1
1812 1
1812.25 1
1812.5 1
1812.75 1
1813 1
1813.25 1
1813.5 1
1813.75 1
1814 1
1814.25 1
1814.5 1
1814.75 1
1815 1
1815.25 1
1815.5 1
1815.75 1
1816 1
1816.25 1
1816.5 1
1816.75 1
1817 1
1817.25 1
1817.5 1
1817.75 1
1818 1
1818.25 1
1818.5 1
1818.75 1
1819 1
1819.25 1
1819.5 1
1819.75 1
1820 1
1820.25 1
1820.5 1
1820.75 1
1821 1
1821.25 1
1821.5 1
1821.75 1
1822 1
1822.25 1
1822.5 1
1822.75 1
1823 1
1823.25 1
1823.5 1
1823.75 1
1824 1
1824.25 1
1824.5 1
1824.75 1
1825 1
1825.25 1
1825.5 1
1825.75 1
1826 1
1826.25 1
1826.5 1
1826.75 1
1827 1
1827.25 1
1827.5 1
1827.75 1
1828 1
1828.25 1
1828.5 1
1828.75 1
1829 1
1829.25 1
1829.5 1
1829.75 1
1830 1
1830.25 1
1830.5 1
1830.75 1
1831 1
1831.25 1
1831.5 1
1831.75 1
1832 1
1832.25 1
1832.5 1
1832.75 1
1833 1
1833.25 1
1833.5 1
1833.75 1
1834 1
1834.25 1
1834.5 1
1834.75 1
1835 1
1835.25 1
1835.5 1
1835.75 1
1836 1
1836.25 1
1836.5 1
1836.75 1
1837 1
1837.25 1
1837.5 1
1837.75 1
1838 1
1838.25 1
1838.5 1
1838.75 1
1839 1
1839.25 1
1839.5 1
1839.75 1
1840 1
1840.25 1
1840.5 1
1840.75 1
1841 1
1841.25 1
1841.5 1
1841.75 1
1842 1
1842.25 1
1842.5 1
1842.75 1
1843 1
1843.25 1
1843.5 1
1843.75 1
1844 1
1844.25 1
1844.5 1
1844.75 1
1845 1
1845.25 1
1845.5 1
1845.75 1
1846 1
1846.25 1
1846.5 1
1846.75 1
1847 1
1847.25 1
1847.5 1
1847.75 1
1848 1
1848.25 1
1848.5 1
1848.75 1
1849 1
1849.25 1
1849.5 1
1849.75 1
1850 1
1850.25 1
1850.5 1
1850.75 1
1851 1
1851.25 1
1851.5 1
1851.75 1
1852 1
1852.25 1
1852.5 1
1852.75 1
1853 1
1853.25 1
1853.5 1
1853.75 1
1854 1
1854.25 1
1854.5 1
1854.75 1
1855 1
1855.25 1
1855.5 1
1855.75 1
1856 1
1856.25 1
1856.5 1
1856.75 1
1857 1
1857.25 1
1857.5 1
1857.75 1
1858 1
1858.25 1
1858.5 1
1858.75 1
1859 1
1859.25 1
1859.5 1
1859.75 1
1860 1
1860.25 1
1860.5 1
1860.75 1
1861 1
1861.25 1
1861.5 1
1861.75 1
1862 1
1862.25 1
1862.5 1
1862.75 1
1863 1
1863.25 1
1863.5 1
1863.75 1
1864 1
1864.25 1
1864.5 1
1864.75 1
1865 1
1865.25 1
1865.5 1
1865.75 1
1866 1
1866.25 1
1866.5 1
1866.75 1
1867 1
1867.25 1
1867.5 1
1867.75 1
1868 1
1868.25 1
1868.5 1
1868.75 1
1869 1
1869.25 1
1869.5 1
1869.75 1
1870 1
1870.25 1
1870.5 1
1870.75 1
1871 1
1871.25 1
1871.5 1
1871.75 1
1872 1
1872.25 1
1872.5 1
1872.75 1
1873 1
1873.25 1
1873.5 1
1873.75 1
1874 1
1874.25 1
1874.5 1
1874.75 1
1875 1
1875.25 1
1875.5 1
1875.75 1
1876 1
1876.25 1
1876.5 1
1876.75 1
1877 1
1877.25 1
1877.5 1
1877.75 1
1878 1
1878.25 1
1878.5 1
1878.75 1
1879 1
1879.25 1
1879.5 1
1879.75 1
1880 1
1880.25 1
1880.5 1
1880.75 1
1881 1
1881.25 1
1881.5 1
1881.75 1
1882 1
1882.25 1
1882.5 1
1882.75 1
1883 1
1883.25 1
1883.5 1
1883.75 1
1884 1
1884.25 1
1884.5 1
1884.75 1
1885 1
1885.25 1
1885.5 1
1885.75 1
1886 1
1886.25 1
1886.5 1
1886.75 1
1887 1
1887.25 1
1887.5 1
1887.75 1
1888 1
1888.25 1
1888.5 1
1888.75 1
1889 1
1889.25 1
1889.5 1
1889.75 1
1890 1
1890.25 1
1890.5 1
1890.75 1
1891 1
1891.25 1
1891.5 1
1891.75 1
1892 1
1892.25 1
1892.5 1
1892.75 1
1893 1
1893.25 1
1893.5 1
1893.75 1
1894 1
1894.25 1
1894.5 1
1894.75 1
1895 1
1895.25 1
1895.5 1
1895.75 1
1896 1
1896.25 1
1896.5 1
1896.75 1
1897 1
1897.25 1
1897.5 1
1897.75 1
1898 1
1898.25 1
1898.5 1
1898.75 1
1899 1
1899.25 1
1899.5 1
1899.75 1
1900 1
1900.25 1
1900.5 1
1900.75 1
1901 1
1901.25 1
1901.5 1
1901.75 1
1902 1
1902.25 1
1902.5 1
1902.75 1
1903 1
1903.25 1
1903.5 1
1903.75 1
1904 1
1904.25 1
1904.5 1
1904.75 1
1905 1
1905.25 1
1905.5 1
1905.75 1
1906 1
1906.25 1
1906.5 1
1906.75 1
1907 1
1907.25 1
1907.5 1
1907.75 1
1908 1
1908.25 1
1908.5 1
1908.75 1
1909 1
1909.25 1
1909.5 1
1909.75 1
1910 1
1910.25 1
1910.5 1
1910.75 1
1911 1
1911.25 1
1911.5 1
1911.75 1
1912 1
1912.25 1
1912.5 1
1912.75 1
1913 1
1913.25 1
1913.5 1
1913.75 1
1914 1
1914.25 1
1914.5 1
1914.75 1
1915 1
1915.25 1
1915.5 1
1915.75 1
1916 1
1916.25 1
1916.5 1
1916.75 1
1917 1
1917.25 1
1917.5 1
1917.75 1
1918 1
1918.25 1
1918.5 1
1918.75 1
1919 1
1919.25 1
1919.5 1
1919.75 1
1920 1
1920.25 1
1920.5 1
1920.75 1
1921 1
1921.25 1
1921.5 1
1921.75 1
1922 1
1922.25 1
1922.5 1
1922.75 1
1923 1
1923.25 1
1923.5 1
1923.75 1
1924 1
1924.25 1
1924.5 1
1924.75 1
1925 1
1925.25 1
1925.5 1
1925.75 1
1926 1
1926.25 1
1926.5 1
1926.75 1
1927 1
1927.25 1
1927.5 1
1927.75 1
1928 1
1928.25 1
1928.5 1
1928.75 1
1929 1
1929.25 1
1929.5 1
1929.75 1
1930 1
1930.25 1
1930.5 1
1930.75 1
1931 1
1931.25 1
1931.5 1
1931.75 1
1932 1
1932.25 1
1932.5 1
1932.75 1
1933 1
1933.25 1
1933.5 1
1933.75 1
1934 1
1934.25 1
1934.5 1
1934.75 1
1935 1
1935.25 1
1935.5 1
1935.75 1
1936 1
1936.25 1
1936.5 1
1936.75 1
1937 1
1937.25 1
1937.5 1
1937.75 1
1938 1
1938.25 1
1938.5 1
1938.75 1
1939 1
1939.25 1
1939.5 1
1939.75 1
1940 1
1940.25 1
1940.5 1
1940.75 1
1941 1
1941.25 1
1941.5 1
1941.75 1
1942 1
1942.25 1
1942.5 1
1942.75 1
1943 1
1943.25 1
1943.5 1
1943.75 1
1944 1
1944.25 1
1944.5 1
1944.75 1
1945 1
1945.25 1
1945.5 1
1945.75 1
1946 1
1946.25 1
1946.5 1
1946.75 1
1947 1
1947.25 1
1947.5 1
1947.75 1
1948 1
1948.25 1
1948.5 1
1948.75 1
1949 1
1949.25 1
1949.5 1
1949.75 1
1950 1
1950.25 1
1950.5 1
1950.75 1
1951 1
1951.25 1
1951.5 1
1951.75 1
1952 1
1952.25 1
1952.5 1
1952.75 1
1953 1
1953.25 1
1953.5 1
1953.75 1
1954 1
1954.25 1
1954.5 1
1954.75 1
1955 1
1955.25 1
1955.5 1
1955.75 1
1956 1
1956.25 1
1956.5 1
1956.75 1
1957 1
1957.25 1
1957.5 1
1957.75 1
1958 1
1958.25 1
1958.5 1
1958.75 1
1959 1
1959.25 1
1959.5 1
1959.75 1
1960 1
1960.25 1
1960.5 1
1960.75 1
1961 1
1961.25 1
1961.5 1
1961.75 1
1962 1
1962.25 1
1962.5 1
1962.75 1
1963 1
1963.25 1
1963.5 1
1963.75 1
1964 1
1964.25 1
1964.5 1
1964.75 1
1965 1
1965.25 1
1965.5 1
1965.75 1
1966 1
1966.25 1
1966.5 1
1966.75 1
1967 1
1967.25 1
1967.5 1
1967.75 1
1968 1
1968.25 1
1968.5 1
1968.75 1
1969 1
1969.25 1
1969.5 1
1969.75 1
1970 1
1970.25 1
1970.5 1
1970.75 1
1971 1
1971.25 1
1971.5 1
1971.75 1
1972 1
1972.25 1
1972.5 1
1972.75 1
1973 1
1973.25 1
1973.5 1
1973.75 1
1974 1
1974.25 1
1974.5 1
1974.75 1
1975 1
1975.25 1
1975.5 1
1975.75 1
1976 1
1976.25 1
1976.5 1
1976.75 1
1977 1
1977.25 1
1977.5 1
1977.75 1
1978 1
1978.25 1
1978.5 1
1978.75 1
1979 1
1979.25 1
1979.5 1
1979.75 1
1980 1
1980.25 1
1980.5 1
1980.75 1
1981 1
1981.25 1
1981.5 1
1981.75 1
1982 1
1982.25 1
1982.5 1
1982.75 1
1983 1
1983.25 1
1983.5 1
1983.75 1
1984 1
1984.25 1
1984.5 1
1984.75 1
1985 1
1985.25 1
1985.5 1
1985.75 1
1986 1
1986.25 1
1986.5 1
1986.75 1
1987 1
1987.25 1
1987.5 1
1987.75 1
1988 1
1988.25 1
1988.5 1
1988.75 1
1989 1
1989.25 1
1989.5 1
1989.75 1
1990 1
1990.25 1
1990.5 1
1990.75 1
1991 1
1991.25 1
1991.5 1
1991.75 1
1992 1
1992.25 1
1992.5 1
1992.75 1
1993 1
1993.25 1
1993.5 1
1993.75 1
1994 1
1994.25 1
1994.5 1
1994.75 1
1995 1
1995.25 1
1995.5 1
1995.75 1
1996 1
1996.25 1
1996.5 1
1996.75 1
1997 1
1997.25 1
1997.5 1
1997.75 1
1998 1
1998.25 1
1998.5 1
1998.75 1
1999 1
1999.25 1
1999.5 1
1999.75 1
2000 1
2000.25 1
2000.5 1
2000.75 1
2001 1
2001.25 1
2001.5 1
2001.75 1
2002 1
2002.25 1
2002.5 1
2002.75 1
2003 1
2003.25 1
2003.5 1
2003.75 1
2004 1
2004.25 1
2004.5 1
2004.75 1
2005 1
2005.25 1
2005.5 1
2005.75 1
2006 1
2006.25 1
2006.5 1
2006.75 1
2007 1
2007.25 1
2007.5 1
2007.75 1
2008 1
2008.25 1
2008.5 1
2008.75 1
2009 1
2009.25 1
2009.5 1
2009.75 1
2010 1
2010.25 1
2010.5 1
2010.75 1
2011 1
2011.25 1
2011.5 1
2011.75 1
2012 1
2012.25 1
2012.5 1
2012.75 1
2013 1
2013.25 1
2013.5 1
2013.75 1
2014 1
2014.25 1
2014.5 1
2014.75 1
2015 1
2015.25 1
2015.5 1
2015.75 1
2016 1
2016.25 1
2016.5 1
2016.75 1
2017 1
2017.25 1
2017.5 1
2017.75 1
2018 1
2018.25 1
2018.5 1
2018.75 1
2019 1
2019.25 1
2019.5 1
2019.75 1
2020 1
2020.25 1
2020.5 1
2020.75 1
2021 1
2021.25 1
2021.5 1
2021.75 1
2022 1
2022.25 1
2022.5 1
2022.75 1
2023 1
2023.25 1
2023.5 1
2023.75 1
2024 1
2024.25 1
2024.5 1
2024.75 1
2025 1
2025.25 1
2025.5 1
2025.75 1
2026 1
2026.25 1
2026.5 1
2026.75 1
2027 1
2027.25 1
2027.5 1
2027.75 1
2028 1
2028.25 1
2028.5 1
2028.75 1
2029 1
2029.25 1
2029.5 1
2029.75 1
2030 1
2030.25 1
2030.5 1
2030.75 1
2031 1
2031.25 1
2031.5 1
2031.75 1
2032 1
2032.25 1
2032.5 1
2032.75 1
2033 1
2033.25 1
2033.5 1
2033.75 1
2034 1
2034.25 1
2034.5 1
2034.75 1
2035 1
2035.25 1
2035.5 1
2035.75 1
2036 1
2036.25 1
2036.5 1
2036.75 1
2037 1
2037.25 1
2037.5 1
2037.75 1
2038 1
2038.25 1
2038.5 1
2038.75 1
2039 1
2039.25 1
2039.5 1
2039.75 1
2040 1
2040.25 1
2040.5 1
2040.75 1
2041 1
2041.25 1
2041.5 1
2041.75 1
2042 1
2042.25 1
2042.5 1
2042.75 1
2043 1
2043.25 1
2043.5 1
2043.75 1
2044 1
2044.25 1
2044.5 1
2044.75 1
2045 1
2045.25 1
2045.5 1
2045.75 1
2046 1
2046.25 1
2046.5 1
2046.75 1
2047 1
2047.25 1
2047.5 1
2047.75 1
2048 1
