domain units: sec
measurement data type: double
segment length (sec): 4
sampling rate (Hz): 4096
domain bounds (sec): [0, 4)
support bounds (sec): [0, 4)support indexes: [0, 16384)
---------------
domainValue measuredValue
0 -1.078562460145689e-22
0.000244140625 -1.044755159926857e-22
0.00048828125 -1.029736011935191e-22
0.000732421875 -1.044581969317335e-22
0.0009765625 -1.038748896376473e-22
0.001220703125 -1.001151239031306e-22
0.00146484375 -9.823837582680362e-23
0.001708984375 -9.935871452014259e-23
0.001953125 -9.841638275578255e-23
0.002197265625 -9.429698441391825e-23
0.00244140625 -9.206621438126451e-23
0.002685546875 -9.284474783737077e-23
0.0029296875 -9.156714685828323e-23
0.003173828125 -8.711296849397695e-23
0.00341796875 -8.455424366263319e-23
0.003662109375 -8.501834786910056e-23
0.00390625 -8.343411871556861e-23
0.004150390625 -7.867497109980238e-23
0.00439453125 -7.581917171203341e-23
0.004638671875 -7.600079106367919e-23
0.0048828125 -7.414304596493721e-23
0.005126953125 -6.911318683734357e-23
0.00537109375 -6.599550193536255e-23
0.005615234375 -6.593068518699154e-23
0.005859375 -6.383651314397739e-23
0.006103515625 -5.857409614384514e-23
0.00634765625 -5.523346662208437e-23
0.006591796875 -5.496182615307379e-23
0.0068359375 -5.267173245996946e-23
0.007080078125 -4.721821011459075e-23
0.00732421875 -4.36967228760238e-23
0.007568359375 -4.326083460282937e-23
0.0078125 -4.081812654306924e-23
0.008056640625 -3.5217610973768e-23
0.00830078125 -3.155985108527614e-23
0.008544921875 -3.100460797280106e-23
0.0087890625 -2.845473797610257e-23
0.009033203125 -2.275332671285113e-23
0.00927734375 -1.900569623562256e-23
0.009521484375 -1.837762708505388e-23
0.009765625 -1.576750442048212e-23
0.010009765625 -1.001258044672405e-23
0.01025390625 -6.222593652973761e-24
0.010498046875 -5.569158503249421e-24
0.0107421875 -2.94644060788856e-24
0.010986328125 2.814043333896577e-24
0.01123046875 6.598478035017424e-24
0.011474609375 7.229604638005964e-24
0.01171875 9.817230052057529e-24
0.011962890625 1.553547238960167e-23
0.01220703125 1.926677317258134e-23
0.012451171875 1.982841985150353e-23
0.0126953125 2.233395080159817e-23
0.012939453125 2.796301660780715e-23
0.01318359375 3.159464086262764e-23
0.013427734375 3.204084698763925e-23
0.013671875 3.441867037698797e-23
0.013916015625 3.991319074362479e-23
0.01416015625 4.340032899322518e-23
0.014404296875 4.368703138934821e-23
0.0146484375 4.589360264369849e-23
0.014892578125 5.12104475442066e-23
0.01513671875 5.451068831350012e-23
0.015380859375 5.45963767244433e-23
0.015625 5.659086566891337e-23
0.015869140625 6.168978031423587e-23
0.01611328125 6.476373607642253e-23
0.016357421875 6.461006755613126e-23
0.0166015625 6.635496086663971e-23
0.016845703125 7.119915613234317e-23
0.01708984375 7.401104107362376e-23
0.017333984375 7.358340415772124e-23
0.017578125 7.504505543341217e-23
0.017822265625 7.960174365804243e-23
0.01806640625 8.211989475982197e-23
0.018310546875 8.138791507977575e-23
0.0185546875 8.253703442305556e-23
0.018798828125 8.677790273232144e-23
0.01904296875 8.89752365566369e-23
0.019287109375 8.791321648920283e-23
0.01953125 8.872529243657715e-23
0.019775390625 9.262690672046609e-23
0.02001953125 9.448130528465176e-23
0.020263671875 9.306859126444452e-23
0.0205078125 9.352423897010612e-23
0.020751953125 9.706837271429533e-23
0.02099609375 9.856299293826129e-23
0.021240234375 9.678426518682038e-23
0.021484375 9.686949590607801e-23
0.021728515625 1.000433792374626e-22
0.02197265625 1.011668816241118e-22
0.022216796875 9.901236224763251e-23
0.0224609375 9.871877038130003e-23
0.022705078125 1.015152559120026e-22
0.02294921875 1.022619493594776e-22
0.023193359375 9.972752602128936e-23
0.0234375 9.905239124675425e-23
0.023681640625 1.01470034572316e-22
0.02392578125 1.01839935496974e-22
0.024169921875 9.892719916089703e-23
0.0244140625 9.787350247151311e-23
0.024658203125 9.991655647755083e-23
0.02490234375 9.991536172890874e-23
0.025146484375 9.663155827623225e-23
0.025390625 9.520791205831579e-23
0.025634765625 9.688623549582061e-23
0.02587890625 9.652520984936257e-23
0.026123046875 9.288310667569896e-23
0.0263671875 9.110360025195064e-23
0.026611328125 9.243248233471501e-23
0.02685546875 9.172826263559005e-23
0.027099609375 8.774593261450499e-23
0.02734375 8.562989595466675e-23
0.027587890625 8.66297999934996e-23
0.02783203125 8.560411927425125e-23
0.028076171875 8.130464571328497e-23
0.0283203125 7.887633523806009e-23
0.028564453125 7.957256553644117e-23
0.02880859375 7.825190162630788e-23
0.029052734375 7.366300901916002e-23
0.029296875 7.095122058370492e-23
0.029541015625 7.137351796033836e-23
0.02978515625 6.978867222436646e-23
0.030029296875 6.49422887031347e-23
0.0302734375 6.197990392446349e-23
0.030517578125 6.216197628272954e-23
0.03076171875 6.034758915948534e-23
0.031005859375 5.527934755668806e-23
0.03125 5.210282062922263e-23
0.031494140625 5.208181594628357e-23
0.03173828125 5.007582687796089e-23
0.031982421875 4.482451220481712e-23
0.0322265625 4.147330521570564e-23
0.032470703125 4.128923516105719e-23
0.03271484375 3.913229531586674e-23
0.032958984375 3.373924723792703e-23
0.033203125 3.025522273605548e-23
0.033447265625 2.995034583838362e-23
0.03369140625 2.768519270055206e-23
0.033935546875 2.219367223311647e-23
0.0341796875 1.862045241226563e-23
0.034423828125 1.823862626456021e-23
0.03466796875 1.590942970244248e-23
0.034912109375 1.036395984717367e-23
0.03515625 6.746262166015772e-24
0.035400390625 6.332274583862264e-24
0.03564453125 3.983964394137609e-24
0.035888671875 -1.570345212006057e-24
0.0361328125 -5.187385838762814e-24
0.036376953125 -5.58849651761303e-24
0.03662109375 -7.910911357123388e-24
0.036865234375 -1.342904551367509e-23
0.037109375 -1.700055766172322e-23
0.037353515625 -1.734418283051981e-23
0.03759765625 -1.959629288810857e-23
0.037841796875 -2.503400731688117e-23
0.0380859375 -2.851605684442921e-23
0.038330078125 -2.875868816578432e-23
0.03857421875 -3.089735002929237e-23
0.038818359375 -3.621183308376416e-23
0.0390625 -3.956207963237185e-23
0.039306640625 -3.966195978777465e-23
0.03955078125 -4.164594028215731e-23
0.039794921875 -4.679644995981152e-23
0.0400390625 -4.99747763344991e-23
0.040283203125 -4.989252025588766e-23
0.04052734375 -5.168310878477763e-23
0.040771484375 -5.663157554036044e-23
0.041015625 -5.960068059428707e-23
0.041259765625 -5.92998579389564e-23
0.04150390625 -6.086143785578477e-23
0.041748046875 -6.557302427369312e-23
0.0419921875 -6.82989705170241e-23
0.042236328125 -6.774664077507257e-23
0.04248046875 -6.904721134997734e-23
0.042724609375 -7.349082042692492e-23
0.04296875 -7.594352830393153e-23
0.043212890625 -7.511072068256396e-23
0.04345703125 -7.612236201656086e-23
0.043701171875 -8.027108662010609e-23
0.0439453125 -8.242476824138171e-23
0.044189453125 -8.128689934086411e-23
0.04443359375 -8.198617347595587e-23
0.044677734375 -8.581768046754789e-23
0.044921875 -8.765120653227039e-23
0.045166015625 -8.61884298004065e-23
0.04541015625 -8.65567122694764e-23
0.045654296875 -9.005355579800855e-23
0.0458984375 -9.1550750479592e-23
0.046142578125 -8.97482324901295e-23
0.04638671875 -8.977196962811264e-23
0.046630859375 -9.292182919559592e-23
0.046875 -9.407168887671327e-23
0.047119140625 -9.191980860560169e-23
0.04736328125 -9.159069708678815e-23
0.047607421875 -9.438653714493841e-23
0.0478515625 -9.518337005764467e-23
0.048095703125 -9.267783851234204e-23
0.04833984375 -9.199292477029076e-23
0.048583984375 -9.443307380758952e-23
0.048828125 -9.487655884311132e-23
0.049072265625 -9.201845761585008e-23
0.04931640625 -9.098015602388032e-23
0.049560546875 -9.306830432879507e-23
0.0498046875 -9.316346851111847e-23
0.050048828125 -8.995920705882968e-23
0.05029296875 -8.857523698193229e-23
0.050537109375 -9.032035350077485e-23
0.05078125 -9.007746884961232e-23
0.051025390625 -8.653866153230276e-23
0.05126953125 -8.482190458679735e-23
0.051513671875 -8.623807451541872e-23
0.0517578125 -8.56724762390436e-23
0.052001953125 -8.181574135615136e-23
0.05224609375 -7.978402141306522e-23
0.052490234375 -8.089020735194867e-23
0.052734375 -8.002203649023107e-23
0.052978515625 -7.586872072294739e-23
0.05322265625 -7.354451034678911e-23
0.053466796875 -7.436424099112457e-23
0.0537109375 -7.321811575641332e-23
0.053955078125 -6.879394853528385e-23
0.05419921875 -6.620400664451976e-23
0.054443359375 -6.676499805754832e-23
0.0546875 -6.536961917882481e-23
0.054931640625 -6.070430253398344e-23
0.05517578125 -5.787924908661825e-23
0.055419921875 -5.821296459994545e-23
0.0556640625 -5.660066094840054e-23
0.055908203125 -5.172740134884429e-23
0.05615234375 -4.870123578120227e-23
0.056396484375 -4.884239146512922e-23
0.056640625 -4.704861311256314e-23
0.056884765625 -4.200360264725025e-23
0.05712890625 -3.881317361270728e-23
0.057373046875 -3.879919704986927e-23
0.0576171875 -3.686196367237367e-23
0.057861328125 -3.168381865712567e-23
0.05810546875 -2.836825331224455e-23
0.058349609375 -2.823870407744365e-23
0.05859375 -2.619801725470854e-23
0.058837890625 -2.092718295448201e-23
0.05908203125 -1.752728461277174e-23
0.059326171875 -1.73232454013236e-23
0.0595703125 -1.522047386751291e-23
0.059814453125 -9.898604494938378e-24
0.06005859375 -6.456227905160961e-24
0.060302734375 -6.219675653714003e-24
0.060546875 -4.096922922151711e-24
0.060791015625 1.233753596123088e-24
0.06103515625 4.676339795542067e-24
0.061279296875 4.90317319323503e-24
0.0615234375 7.003709187265257e-24
0.061767578125 1.230103199939562e-23
0.06201171875 1.570178594943614e-23
0.062255859375 1.587705361732007e-23
0.0625 1.791371913612428e-23
0.062744140625 2.313623109373658e-23
0.06298828125 2.645397180553146e-23
0.063232421875 2.653684287153776e-23
0.0634765625 2.846915560965459e-23
0.063720703125 3.35767261298717e-23
0.06396484375 3.677175144067188e-23
0.064208984375 3.672302353710745e-23
0.064453125 3.851227904147478e-23
0.064697265625 4.346670384950057e-23
0.06494140625 4.650138297663483e-23
0.065185546875 4.62840670817734e-23
0.0654296875 4.789391528737795e-23
0.065673828125 5.265948408075808e-23
0.06591796875 5.549881593446552e-23
0.066162109375 5.507868484421365e-23
0.06640625 5.647566815003545e-23
0.066650390625 6.101969175345643e-23
0.06689453125 6.363182072925636e-23
0.067138671875 6.297791303915864e-23
0.0673828125 6.413195797174674e-23
0.067626953125 6.842524720389151e-23
0.06787109375 7.078192885767874e-23
0.068115234375 6.986700104703518e-23
0.068359375 7.075185629874222e-23
0.068603515625 7.476914554025542e-23
0.06884765625 7.684615534349436e-23
0.069091796875 7.564707537364849e-23
0.0693359375 7.624068984818795e-23
0.069580078125 7.996099916961045e-23
0.06982421875 8.173847843552381e-23
0.070068359375 8.02365551904964e-23
0.0703125 8.052139062631542e-23
0.070556640625 8.392832129374688e-23
0.07080078125 8.539105534406685e-23
0.071044921875 8.357229923945513e-23
0.0712890625 8.353557299719348e-23
0.071533203125 8.661753220609439e-23
0.07177734375 8.775515689676705e-23
0.072021484375 8.561046804656308e-23
0.072265625 8.524432272462436e-23
0.072509765625 8.799467450297524e-23
0.07275390625 8.880180832980208e-23
0.072998046875 8.632708977429974e-23
0.0732421875 8.562868743978107e-23
0.073486328125 8.804582779370931e-23
0.07373046875 8.852212793846623e-23
0.073974609375 8.571832258245708e-23
0.07421875 8.468986255621754e-23
0.074462890625 8.677721808702708e-23
0.07470703125 8.692735992366886e-23
0.074951171875 8.380041099529861e-23
0.0751953125 8.244907129209795e-23
0.075439453125 8.421502167575401e-23
0.07568359375 8.404860241717081e-23
0.075927734375 8.060933841647305e-23
0.076171875 7.894714209634622e-23
0.076416015625 8.040486796721821e-23
0.07666015625 7.993623627827042e-23
0.076904296875 7.620018252288899e-23
0.0771484375 7.424379134077361e-23
0.077392578125 7.541105024347961e-23
0.07763671875 7.465906475817607e-23
0.077880859375 7.064618473516713e-23
0.078125 6.841662356519777e-23
0.078369140625 6.931545771489178e-23
0.07861328125 6.830317845818357e-23
0.078857421875 6.403754923835946e-23
0.0791015625 6.155986578093521e-23
0.079345703125 6.221624638717642e-23
0.07958984375 6.097056409879465e-23
0.079833984375 5.647999104834548e-23
0.080078125 5.378285628670901e-23
0.080322265625 5.422627013418092e-23
0.08056640625 5.277747940866269e-23
0.080810546875 4.809305632723263e-23
0.0810546875 4.520831207165171e-23
0.081298828125 4.547129689844554e-23
0.08154296875 4.385261987832682e-23
0.081787109375 3.900824149016442e-23
0.08203125 3.597040211913486e-23
0.082275390625 3.608803807784099e-23
0.08251953125 3.433510615396758e-23
0.082763671875 2.936694056758253e-23
0.0830078125 2.621265673550542e-23
0.083251953125 2.622202185300227e-23
0.08349609375 2.43723234266637e-23
0.083740234375 1.931825274868133e-23
0.083984375 1.608574536874488e-23
0.084228515625 1.602534342840453e-23
0.08447265625 1.411764626589979e-23
0.084716796875 9.016683998445212e-24
0.0849609375 5.745157220372048e-24
0.085205078125 5.654326868286113e-24
0.08544921875 3.728083923039539e-24
0.085693359375 -1.380221915247023e-24
0.0859375 -4.651179736040244e-24
0.086181640625 -4.73286561647928e-24
0.08642578125 -6.638117830734626e-24
0.086669921875 -1.171428674597155e-23
0.0869140625 -1.494530495194191e-23
0.087158203125 -1.497864044815495e-23
0.08740234375 -1.682388177974608e-23
0.087646484375 -2.182909885729204e-23
0.087890625 -2.498162012895841e-23
0.088134765625 -2.492835897555297e-23
0.08837890625 -2.667567476863019e-23
0.088623046875 -3.157237569544002e-23
0.0888671875 -3.460923643027844e-23
0.089111328125 -3.443266721168441e-23
0.08935546875 -3.604581777373391e-23
0.089599609375 -4.079825202360506e-23
0.08984375 -4.368423872966272e-23
0.090087890625 -4.33497339742472e-23
0.09033203125 -4.479469583976773e-23
0.090576171875 -4.93694595891768e-23
0.0908203125 -5.207183297423902e-23
0.091064453125 -5.154736394166339e-23
0.09130859375 -5.279283486240245e-23
0.091552734375 -5.715936570334731e-23
0.091796875 -5.964834466957054e-23
0.092041015625 -5.890495419202967e-23
0.09228515625 -5.992281437216016e-23
0.092529296875 -6.405384050511239e-23
0.0927734375 -6.630303890369477e-23
0.093017578125 -6.53152653137041e-23
0.09326171875 -6.608098810707589e-23
0.093505859375 -6.995292542186745e-23
0.09375 -7.193973517233453e-23
0.093994140625 -7.068598112424508e-23
0.09423828125 -7.117898720916938e-23
0.094482421875 -7.477227848292393e-23
0.0947265625 -7.647819350509023e-23
0.094970703125 -7.494103436236592e-23
0.09521484375 -7.514498429468893e-23
0.095458984375 -7.844437564090257e-23
0.095703125 -7.985525197129916e-23
0.095947265625 -7.802167937318269e-23
0.09619140625 -7.792470037698182e-23
0.096435546875 -8.091945105441047e-23
0.0966796875 -8.202569950860184e-23
0.096923828125 -7.988729673354542e-23
0.09716796875 -7.94821406056591e-23
0.097412109375 -8.216616332473514e-23
0.09765625 -8.296287210719661e-23
0.097900390625 -8.05159189008036e-23
0.09814453125 -7.980004896497797e-23
0.098388671875 -8.217197889716155e-23
0.0986328125 -8.265896463516564e-23
0.098876953125 -7.990447025135655e-23
0.09912109375 -7.888007638371396e-23
0.099365234375 -8.094326816917726e-23
0.099609375 -8.112505494013832e-23
0.099853515625 -7.806871923905265e-23
0.10009765625 -7.674266108241882e-23
0.100341796875 -7.850511422707958e-23
0.1005859375 -7.839084124319186e-23
0.100830078125 -7.504294478161761e-23
0.10107421875 -7.342662435511978e-23
0.101318359375 -7.490083849266611e-23
0.1015625 -7.450409818600118e-23
0.101806640625 -7.087932330903064e-23
0.10205078125 -6.898848928502082e-23
0.102294921875 -7.019125183682467e-23
0.1025390625 -6.952986113593677e-23
0.102783203125 -6.564704711610937e-23
0.10302734375 -6.350153406266001e-23
0.103271484375 -6.445364384239331e-23
0.103515625 -6.35493524321766e-23
0.103759765625 -5.943118868889862e-23
0.10400390625 -5.705459554757991e-23
0.104248046875 -5.778052681282032e-23
0.1044921875 -5.66586671079257e-23
0.104736328125 -5.233132946074203e-23
0.10498046875 -4.975064243157646e-23
0.105224609375 -5.027815476739781e-23
0.10546875 -4.896723919198477e-23
0.105712890625 -4.445997494271913e-23
0.10595703125 -4.170514076773157e-23
0.106201171875 -4.206484098425343e-23
0.1064453125 -4.059611292446671e-23
0.106689453125 -3.594078131276645e-23
0.10693359375 -3.304423767444759e-23
0.107177734375 -3.326910059976265e-23
0.107421875 -3.167604606878138e-23
0.107666015625 -2.690662129246298e-23
0.10791015625 -2.390279166302313e-23
0.108154296875 -2.402764730474521e-23
0.1083984375 -2.234547492373514e-23
0.108642578125 -1.749751944998113e-23
0.10888671875 -1.442228023267284e-23
0.109130859375 -1.448327525701533e-23
0.109375 -1.274837260084526e-23
0.109619140625 -7.858488909284518e-24
0.10986328125 -4.748617097136793e-24
0.110107421875 -4.782658927222933e-24
0.1103515625 -3.03203360503439e-24
0.110595703125 1.862697206810119e-24
0.11083984375 4.97008737211023e-24
0.111083984375 4.925895311816063e-24
0.111328125 6.655181278304417e-24
0.111572265625 1.151776543658723e-23
0.11181640625 1.458578819544912e-23
0.112060546875 1.449471146705622e-23
0.1123046875 1.61661053428547e-23
0.112548828125 2.096019826635804e-23
0.11279296875 2.395275585536605e-23
0.113037109375 2.377898564294438e-23
0.11328125 2.535699720142989e-23
0.113525390625 3.004745278034838e-23
0.11376953125 3.292978025784998e-23
0.114013671875 3.263897323228804e-23
0.1142578125 3.408970914291396e-23
0.114501953125 3.864310814081986e-23
0.11474609375 4.138229531483348e-23
0.114990234375 4.09420886041327e-23
0.115234375 4.223375995495748e-23
0.115478515625 4.661890960302945e-23
0.11572265625 4.918439223832319e-23
0.115966796875 4.856488579527879e-23
0.1162109375 4.966828116458528e-23
0.116455078125 5.385667849174506e-23
0.11669921875 5.622069147605627e-23
0.116943359375 5.539489066647445e-23
0.1171875 5.628380771644061e-23
0.117431640625 6.025005974470647e-23
0.11767578125 6.238804550614417e-23
0.117919921875 6.133225737853678e-23
0.1181640625 6.19838866068465e-23
0.118408203125 6.570608122858511e-23
0.11865234375 6.75970474073746e-23
0.118896484375 6.629122483930548e-23
0.119140625 6.668647988116975e-23
0.119384765625 7.014650201312884e-23
0.11962890625 7.177332318992213e-23
0.119873046875 7.020135192525862e-23
0.1201171875 7.032514163666844e-23
0.120361328125 7.350893010245318e-23
0.12060546875 7.485858925979958e-23
0.120849609375 7.300851374227223e-23
0.12109375 7.284995220230205e-23
0.121337890625 7.574769371697573e-23
0.12158203125 7.681146004666469e-23
0.121826171875 7.467564490447674e-23
0.1220703125 7.422819643608675e-23
0.122314453125 7.683445403951706e-23
0.12255859375 7.76079946918715e-23
0.122802734375 7.518321972083408e-23
0.123046875 7.444477703091258e-23
0.123291015625 7.675855132534919e-23
0.12353515625 7.724197571197698e-23
0.123779296875 7.45294632257988e-23
0.1240234375 7.350235779084071e-23
0.124267578125 7.552708036751766e-23
0.12451171875 7.572491666098672e-23
0.124755859375 7.273029111086768e-23
0.125 7.142123596904864e-23
0.125244140625 7.316469544258846e-23
0.12548828125 7.308579994920307e-23
0.125732421875 6.981898074539305e-23
0.1259765625 6.823894688288053e-23
0.126220703125 6.971314897528653e-23
0.12646484375 6.937055007491648e-23
0.126708984375 6.584557955448579e-23
0.126953125 6.400960807847112e-23
0.127197265625 6.523057219086561e-23
0.12744140625 6.46412515252176e-23
0.127685546875 6.087606098777065e-23
0.1279296875 5.880301424521896e-23
0.128173828125 5.97905099104298e-23
0.12841796875 5.897512444335922e-23
0.128662109375 5.499124210514799e-23
0.12890625 5.270349782060517e-23
0.129150390625 5.348072532865421e-23
0.12939453125 5.246327478500227e-23
0.129638671875 4.828548036775923e-23
0.1298828125 4.580857372170354e-23
0.130126953125 4.640179403991948e-23
0.13037109375 4.520923903971657e-23
0.130615234375 4.086517050093513e-23
0.130859375 3.822738983975499e-23
0.131103515625 3.866550969730637e-23
0.13134765625 3.732734662807314e-23
0.131591796875 3.284706524241093e-23
0.1318359375 3.007900779056745e-23
0.132080078125 3.039312645260695e-23
0.13232421875 2.894092575317717e-23
0.132568359375 2.435644636012932e-23
0.1328125 2.149054088468057e-23
0.133056640625 2.1713465694529e-23
0.13330078125 2.018038075017501e-23
0.133544921875 1.552517448215697e-23
0.1337890625 1.259517833103707e-23
0.134033203125 1.276091654186403e-23
0.13427734375 1.118117080498254e-23
0.134521484375 6.489647995492713e-24
0.134765625 3.530126287214574e-24
0.135009765625 3.673361031342883e-24
0.13525390625 2.081721278698805e-24
0.135498046875 -2.611297483130594e-24
0.1357421875 -5.565502504430484e-24
0.135986328125 -5.409944054757814e-24
0.13623046875 -6.978700242128229e-24
0.136474609375 -1.163851680005529e-23
0.13671875 -1.455281811700907e-23
0.136962890625 -1.435049626122154e-23
0.13720703125 -1.586211065818999e-23
0.137451171875 -2.045467758979155e-23
0.1376953125 -2.329526935529328e-23
0.137939453125 -2.301265495425321e-23
0.13818359375 -2.443390842738504e-23
0.138427734375 -2.892634493038674e-23
0.138671875 -3.166071402027385e-23
0.138916015625 -3.126569523488449e-23
0.13916015625 -3.256490918471466e-23
0.139404296875 -3.692599674714016e-23
0.1396484375 -3.952341219542956e-23
0.139892578125 -3.898577722971968e-23
0.14013671875 -4.013328918453484e-23
0.140380859375 -4.433393958028648e-23
0.140625 -4.676591254212535e-23
0.140869140625 -4.605780114643265e-23
0.14111328125 -4.702640738046681e-23
0.141357421875 -5.104009598714568e-23
0.1416015625 -5.328080335675911e-23
0.141845703125 -5.237712035519186e-23
0.14208984375 -5.314247893857376e-23
0.142333984375 -5.694563693417168e-23
0.142578125 -5.897230232974702e-23
0.142822265625 -5.785108704496554e-23
0.14306640625 -5.839207536524594e-23
0.143310546875 -6.196443501583644e-23
0.1435546875 -6.375766152107161e-23
0.143798828125 -6.240040766891616e-23
0.14404296875 -6.26994291844597e-23
0.144287109375 -6.602431717571712e-23
0.14453125 -6.756836698804624e-23
0.144775390625 -6.596028839360669e-23
0.14501953125 -6.600352417623258e-23
0.145263671875 -6.906809875597986e-23
0.1455078125 -7.035111572226717e-23
0.145751953125 -6.84813540553914e-23
0.14599609375 -6.825895554088933e-23
0.146240234375 -7.105438411507052e-23
0.146484375 -7.2068556023947e-23
0.146728515625 -6.993032765286474e-23
0.14697265625 -6.943654793002791e-23
0.147216796875 -7.195812267706813e-23
0.1474609375 -7.269978110921502e-23
0.147705078125 -7.029046111178513e-23
0.14794921875 -6.95237230293335e-23
0.148193359375 -7.177091305342025e-23
0.1484375 -7.22405695526994e-23
0.148681640625 -6.956171189144298e-23
0.14892578125 -6.852461223291076e-23
0.149169921875 -7.050105175069871e-23
0.1494140625 -7.070337005522921e-23
0.149658203125 -6.776066389984983e-23
0.14990234375 -6.645991385449576e-23
0.150146484375 -6.817332688712348e-23
0.150390625 -6.811703193533866e-23
0.150634765625 -6.492019508995745e-23
0.15087890625 -6.336649821791549e-23
0.151123046875 -6.482856122617059e-23
0.1513671875 -6.452628661366478e-23
0.151611328125 -6.108889796065985e-23
0.15185546875 -5.929676779828497e-23
0.152099609375 -6.052291263857549e-23
0.15234375 -5.999098913257461e-23
0.152587890625 -5.633026292637666e-23
0.15283203125 -5.431778328858595e-23
0.153076171875 -5.532694376686066e-23
0.1533203125 -5.458513237245848e-23
0.153564453125 -5.072163809076509e-23
0.15380859375 -4.851016998750888e-23
0.154052734375 -4.932447613390969e-23
0.154296875 -4.83956500363107e-23
0.154541015625 -4.435298231016927e-23
0.15478515625 -4.196682219103114e-23
0.155029296875 -4.261124715716855e-23
0.1552734375 -4.152102762484258e-23
0.155517578125 -3.73254315103951e-23
0.15576171875 -3.479142627288079e-23
0.156005859375 -3.52933914546118e-23
0.15625 -3.406974346804655e-23
0.156494140625 -2.974970098077304e-23
0.15673828125 -2.7096825813387e-23
0.156982421875 -2.748577041453556e-23
0.1572265625 -2.615856437424396e-23
0.157470703125 -2.174434877135676e-23
0.15771484375 -1.900325444279913e-23
0.157958984375 -1.931017621034579e-23
0.158203125 -1.791072256731197e-23
0.158447265625 -1.343392732748201e-23
0.15869140625 -1.063646397035147e-23
0.158935546875 -1.089343824188127e-23
0.1591796875 -9.454002276684692e-24
0.159423828125 -4.947052081790372e-24
0.15966796875 -2.12577684689634e-24
0.159912109375 -2.365461350644411e-24
0.16015625 -9.187655986866431e-25
0.160400390625 3.585583135148539e-24
0.16064453125 6.397906964019644e-24
0.160888671875 6.142773931404495e-24
0.1611328125 7.56405195550424e-24
0.161376953125 1.203321332390042e-23
0.16162109375 1.480411806786132e-23
0.161865234375 1.450121839303287e-23
0.162109375 1.586494548056566e-23
0.162353515625 2.026700143145019e-23
0.16259765625 2.296480994073777e-23
0.162841796875 2.258273773207946e-23
0.1630859375 2.385781366289305e-23
0.163330078125 2.81619988576349e-23
0.16357421875 3.075630509342531e-23
0.163818359375 3.026504252978389e-23
0.1640625 3.142187073552521e-23
0.164306640625 3.559903758024413e-23
0.16455078125 3.806116557709735e-23
0.164794921875 3.743253537022338e-23
0.1650390625 3.844346846871367e-23
0.165283203125 4.246652530014215e-23
0.16552734375 4.476995959393603e-23
0.165771484375 4.397804725646309e-23
0.166015625 4.4817800762411e-23
0.166259765625 4.866211661315081e-23
0.16650390625 5.078289768516241e-23
0.166748046875 4.980443728661647e-23
0.1669921875 5.045046531891882e-23
0.167236328125 5.409423522587298e-23
0.16748046875 5.60113140759331e-23
0.167724609375 5.482603175434347e-23
0.16796875 5.525885916747192e-23
0.168212890625 5.868342461607039e-23
0.16845703125 6.037897122748893e-23
0.168701171875 5.896988139421939e-23
0.1689453125 5.917338745092433e-23
0.169189453125 6.236350725640837e-23
0.16943359375 6.382316844235288e-23
0.169677734375 6.217681836232837e-23
0.169921875 6.213846782623306e-23
0.170166015625 6.508253553077645e-23
0.17041015625 6.62956384445363e-23
0.170654296875 6.440229768135304e-23
0.1708984375 6.411331602913643e-23
0.171142578125 6.680352072757563e-23
0.17138671875 6.776321916538487e-23
0.171630859375 6.561701123833885e-23
0.171875 6.507250155919903e-23
0.172119140625 6.750492994389179e-23
0.17236328125 6.820829145544223e-23
0.172607421875 6.580726594994033e-23
0.1728515625 6.500626600160554e-23
0.173095703125 6.718094432462505e-23
0.17333984375 6.762897705952822e-23
0.173583984375 6.497512134992246e-23
0.173828125 6.392060016156254e-23
0.174072265625 6.584147573632824e-23
0.17431640625 6.603909488038552e-23
0.174560546875 6.313828555081178e-23
0.1748046875 6.183707988984301e-23
0.175048828125 6.351194267996531e-23
0.17529296875 6.346787725913844e-23
0.175537109375 6.032977222932014e-23
0.17578125 5.879246416692501e-23
0.176025390625 6.023280992358712e-23
0.17626953125 5.995945166179538e-23
0.176513671875 5.659732492692308e-23
0.1767578125 5.483806263233573e-23
0.177001953125 5.605889992887435e-23
0.17724609375 5.557209672446257e-23
0.177490234375 5.200261848748783e-23
0.177734375 5.003888323995989e-23
0.177978515625 5.105848760012123e-23
0.17822265625 5.037728502169179e-23
0.178466796875 4.662025081950691e-23
0.1787109375 4.447257403657227e-23
0.178955078125 4.531219314829164e-23
0.17919921875 4.445852813105079e-23
0.179443359375 4.053654132074242e-23
0.1796875 3.822817614961926e-23
0.179931640625 3.891169088732881e-23
0.18017578125 3.791004252433721e-23
0.180419921875 3.384815519046578e-23
0.1806640625 3.140470788511502e-23
0.180908203125 3.195825451945106e-23
0.18115234375 3.083525747770759e-23
0.181396484375 2.666057543616833e-23
0.181640625 2.410960233553529e-23
0.181884765625 2.4561161880277e-23
0.18212890625 2.334518851993746e-23
0.182373046875 1.908644661916318e-23
0.1826171875 1.645702304383168e-23
0.182861328125 1.683598416753669e-23
0.18310546875 1.555670189571507e-23
0.183349609375 1.124381624431814e-23
0.18359375 8.566084031819515e-24
0.183837890625 8.902786339050745e-24
0.18408203125 7.590697081105199e-24
0.184326171875 3.2543011561904e-24
0.1845703125 5.590018538134465e-25
0.184814453125 8.842666126053116e-25
0.18505859375 -4.297644714519393e-25
0.185302734375 -4.758792663561828e-24
0.185546875 -7.440791739553124e-24
0.185791015625 -7.096136184856688e-24
0.18603515625 -8.381355476451952e-24
0.186279296875 -1.267236790844698e-23
0.1865234375 -1.531054745927843e-23
0.186767578125 -1.491613829962949e-23
0.18701171875 -1.61423747047434e-23
0.187255859375 -2.036542223172574e-23
0.1875 -2.293007735313521e-23
0.187744140625 -2.245648072129684e-23
0.18798828125 -2.359460566357859e-23
0.188232421875 -2.772089416396164e-23
0.1884765625 -3.018358620228705e-23
0.188720703125 -2.960274431572701e-23
0.18896484375 -3.062511374074495e-23
0.189208984375 -3.46274405621238e-23
0.189453125 -3.696142758984428e-23
0.189697265625 -3.624708284981019e-23
0.18994140625 -3.71279545460516e-23
0.190185546875 -4.098111865381662e-23
0.1904296875 -4.316175806070493e-23
0.190673828125 -4.228984770816012e-23
0.19091796875 -4.300576765606967e-23
0.191162109375 -4.668694731253134e-23
0.19140625 -4.869206446249902e-23
0.191650390625 -4.764107986898046e-23
0.19189453125 -4.817123182958062e-23
0.192138671875 -5.166032415409526e-23
0.1923828125 -5.34705416024112e-23
0.192626953125 -5.222184683985251e-23
0.19287109375 -5.254835998134322e-23
0.193115234375 -5.582827734902191e-23
0.193359375 -5.742729974134119e-23
0.193603515625 -5.596540472065666e-23
0.19384765625 -5.607361474550388e-23
0.194091796875 -5.913053366387787e-23
0.1943359375 -6.050538413739049e-23
0.194580078125 -5.881816832084509e-23
0.19482421875 -5.869682828677412e-23
0.195068359375 -6.152038713570535e-23
0.1953125 -6.26615918027545e-23
0.195556640625 -6.07404752687067e-23
0.19580078125 -6.03819130832641e-23
0.196044921875 -6.296535590153638e-23
0.1962890625 -6.38670738054928e-23
0.196533203125 -6.170713326385062e-23
0.19677734375 -6.110735366157744e-23
0.197021484375 -6.344761800181246e-23
0.197265625 -6.410771478106383e-23
0.197509765625 -6.170774299110862e-23
0.19775390625 -6.086647266199035e-23
0.197998046875 -6.296422040060743e-23
0.1982421875 -6.338428476636911e-23
0.198486328125 -6.074679268217475e-23
0.19873046875 -5.966746809660304e-23
0.198974609375 -6.152705896431729e-23
0.19921875 -6.171236197793286e-23
0.199462890625 -5.884352382711988e-23
0.19970703125 -5.753322218272025e-23
0.199951171875 -5.916263065987097e-23
0.2001953125 -5.912202867209154e-23
0.200439453125 -5.603157104747895e-23
0.20068359375 -5.450088563321177e-23
0.200927734375 -5.591156271976173e-23
0.201171875 -5.565734569454809e-23
0.201416015625 -5.235838259214163e-23
0.20166015625 -5.062124471192747e-23
0.201904296875 -5.182792692091815e-23
0.2021484375 -5.137561469665243e-23
0.202392578125 -4.788443125427384e-23
0.20263671875 -4.595788166304626e-23
0.202880859375 -4.697835038596507e-23
0.203125 -4.634644021487921e-23
0.203369140625 -4.268222868120751e-23
0.20361328125 -4.058614224853068e-23
0.203857421875 -4.144093738937844e-23
0.2041015625 -4.065060682967725e-23
0.204345703125 -3.683515901180797e-23
0.20458984375 -3.459192703054123e-23
0.204833984375 -3.530401949100712e-23
0.205078125 -3.437878939452495e-23
0.205322265625 -3.043615048254038e-23
0.20556640625 -2.807032567188843e-23
0.205810546875 -2.866475388283949e-23
0.2060546875 -2.763011681410019e-23
0.206298828125 -2.358620605401366e-23
0.20654296875 -2.11241158583304e-23
0.206787109375 -2.162759208352644e-23
0.20703125 -2.051061201507225e-23
0.207275390625 -1.639281618815149e-23
0.20751953125 -1.386215043693059e-23
0.207763671875 -1.430264301579096e-23
0.2080078125 -1.313153256199436e-23
0.208251953125 -8.968278622014798e-24
0.20849609375 -6.397657985672401e-24
0.208740234375 -6.803956026576232e-24
0.208984375 -5.607637797953899e-24
0.209228515625 -1.427951312500515e-24
0.20947265625 1.153516742245721e-24
0.209716796875 7.522494631380356e-25
0.2099609375 1.944590585523693e-24
0.210205078125 6.111534352051346e-24
0.21044921875 8.674705238075353e-24
0.210693359375 8.249380278568524e-24
0.2109375 9.408747036502229e-24
0.211181640625 1.353407247455032e-23
0.21142578125 1.605021286305105e-23
0.211669921875 1.557226409056283e-23
0.2119140625 1.667029199169184e-23
0.212158203125 2.072586602983284e-23
0.21240234375 2.316709405055322e-23
0.212646484375 2.260891473869051e-23
0.212890625 2.361830563106444e-23
0.213134765625 2.757716737420242e-23
0.21337890625 2.991687790834795e-23
0.213623046875 2.925224127989656e-23
0.2138671875 3.014717874420572e-23
0.214111328125 3.398394931984173e-23
0.21435546875 3.619721791203772e-23
0.214599609375 3.540167473408083e-23
0.21484375 3.615821498471785e-23
0.215087890625 3.984948137983959e-23
0.21533203125 4.191344064898342e-23
0.215576171875 4.096468786308776e-23
0.2158203125 4.156112024977181e-23
0.216064453125 4.508578734443617e-23
0.21630859375 4.697997021935568e-23
0.216552734375 4.58581850579118e-23
0.216796875 4.627535674934508e-23
0.217041015625 4.961496226392791e-23
0.21728515625 5.13216069012157e-23
0.217529296875 5.000974149255359e-23
0.2177734375 5.023134149462344e-23
0.218017578125 5.337032915765969e-23
0.21826171875 5.487464100743738e-23
0.218505859375 5.3358673098457e-23
0.21875 5.337147140281144e-23
0.218994140625 5.629741830619059e-23
0.21923828125 5.758778546722975e-23
0.219482421875 5.585692158320177e-23
0.2197265625 5.565095994740611e-23
0.219970703125 5.835475477495449e-23
0.22021484375 5.94229135129446e-23
0.220458984375 5.746974161890646e-23
0.220703125 5.703847323591717e-23
0.220947265625 5.951444281877987e-23
0.22119140625 6.035559089921416e-23
0.221435546875 5.817618041448382e-23
0.2216796875 5.751655652489612e-23
0.221923828125 5.97625389808638e-23
0.22216796875 6.037539527876754e-23
0.222412109375 5.796934311325477e-23
0.22265625 5.708184543650132e-23
0.222900390625 5.909920897782069e-23
0.22314453125 5.948601865798396e-23
0.223388671875 5.685644077348463e-23
0.2236328125 5.574505947106017e-23
0.223876953125 5.753866680375955e-23
0.22412109375 5.770515220428179e-23
0.224365234375 5.485862104310149e-23
0.224609375 5.35307787650844e-23
0.224853515625 5.510889783932667e-23
0.22509765625 5.506415602533533e-23
0.225341796875 5.201058497927683e-23
0.2255859375 5.047700837211282e-23
0.225830078125 5.18511710648948e-23
0.22607421875 5.160751983542259e-23
0.226318359375 4.83599967378833e-23
0.2265625 4.663453759380374e-23
0.226806640625 4.781934869979281e-23
0.22705078125 4.739212361649688e-23
0.227294921875 4.396669601666339e-23
0.2275390625 4.2066105011185e-23
0.227783203125 4.307900467254616e-23
0.22802734375 4.248631042241098e-23
0.228271484375 3.890172613153348e-23
0.228515625 3.684538281341906e-23
0.228759765625 3.77063662237097e-23
0.22900390625 3.696878631761193e-23
0.229248046875 3.324619339214064e-23
0.2294921875 3.105579674923493e-23
0.229736328125 3.178709560915046e-23
0.22998046875 3.092736504403196e-23
0.230224609375 2.708997597862427e-23
0.23046875 2.478920049320372e-23
0.230712890625 2.541493126756866e-23
0.23095703125 2.445757733231742e-23
0.231201171875 2.053030276851226e-23
0.2314453125 1.814442538836868e-23
0.231689453125 1.869020990564471e-23
0.23193359375 1.766116678165046e-23
0.232177734375 1.367022448724421e-23
0.232421875 1.122572836599168e-23
0.232666015625 1.1718292706568e-23
0.23291015625 1.064449589611692e-23
0.233154296875 6.617001129482558e-24
0.2333984375 4.141162325412738e-24
0.233642578125 4.607920257051572e-24
0.23388671875 3.516887160900613e-24
0.234130859375 -5.195692016184604e-25
0.234375 -2.999105639363305e-24
0.234619140625 -2.53047820580813e-24
0.23486328125 -3.611075050442003e-24
0.235107421875 -7.628854081022885e-24
0.2353515625 -1.008450207048849e-23
0.235595703125 -9.586495017435926e-24
0.23583984375 -1.062925543810234e-23
0.236083984375 -1.460109681106729e-23
0.236328125 -1.700575463294046e-23
0.236572265625 -1.645144736417716e-23
0.23681640625 -1.742966520595508e-23
0.237060546875 -2.13291063699179e-23
0.2373046875 -2.365657295718215e-23
0.237548828125 -2.302004740603103e-23
0.23779296875 -2.390811986212757e-23
0.238037109375 -2.770990130103089e-23
0.23828125 -2.993527704343942e-23
0.238525390625 -2.91920136380499e-23
0.23876953125 -2.996583199763876e-23
0.239013671875 -3.364628238850956e-23
0.2392578125 -3.574634833397665e-23
0.239501953125 -3.487359888194146e-23
0.23974609375 -3.551091474334312e-23
0.239990234375 -3.904831015038605e-23
0.240234375 -4.100187984006882e-23
0.240478515625 -3.99790116717057e-23
0.24072265625 -4.045977306819445e-23
0.240966796875 -4.383466473371272e-23
0.2412109375 -4.56229033495876e-23
0.241455078125 -4.443170952208972e-23
0.24169921875 -4.473836189081378e-23
0.241943359375 -4.793386768650819e-23
0.2421875 -4.954057371271195e-23
0.242431640625 -4.816554461862873e-23
0.24267578125 -4.82832921026699e-23
0.242919921875 -5.128534728214643e-23
0.2431640625 -5.269719247576119e-23
0.243408203125 -5.112574481029623e-23
0.24365234375 -5.104276801092669e-23
0.243896484375 -5.384033154659991e-23
0.244140625 -5.504705567070574e-23
0.244384765625 -5.326971538350735e-23
0.24462890625 -5.297734236428341e-23
0.244873046875 -5.556255584926107e-23
0.2451171875 -5.655711333047622e-23
0.245361328125 -5.456764990841243e-23
0.24560546875 -5.406047798425037e-23
0.245849609375 -5.642877482120174e-23
0.24609375 -5.720743124463985e-23
0.246337890625 -5.50029414312344e-23
0.24658203125 -5.427890804257822e-23
0.246826171875 -5.642907141559097e-23
0.2470703125 -5.699144855040191e-23
0.247314453125 -5.457238839337859e-23
0.24755859375 -5.36327901560745e-23
0.247802734375 -5.556695907597928e-23
0.248046875 -5.591602792238578e-23
0.248291015625 -5.32861928409295e-23
0.24853515625 -5.213565266424621e-23
0.248779296875 -5.38592761806638e-23
0.2490234375 -5.400129833221249e-23
0.249267578125 -5.116775169775567e-23
0.24951171875 -4.981413466379133e-23
0.249755859375 -5.133587513568724e-23
0.25 -5.128029354608634e-23
0.250244140625 -4.825324506231323e-23
0.25048828125 -4.670752454740723e-23
0.250732421875 -4.803911164612384e-23
0.2509765625 -4.779839266620089e-23
0.251220703125 -4.459102860340396e-23
0.25146484375 -4.286710488414362e-23
0.251708984375 -4.402314275663468e-23
0.251953125 -4.361257205175309e-23
0.252197265625 -4.02408401258445e-23
0.25244140625 -3.835531443709347e-23
0.252685546875 -3.935304517090552e-23
0.2529296875 -3.87904808313398e-23
0.253173828125 -3.527283320762086e-23
0.25341796875 -3.324474089676931e-23
0.253662109375 -3.410376809139158e-23
0.25390625 -3.340935489690387e-23
0.254150390625 -2.976645343251316e-23
0.25439453125 -2.761696047244928e-23
0.254638671875 -2.835893732390215e-23
0.2548828125 -2.755478670937359e-23
0.255126953125 -2.380917511672917e-23
0.25537109375 -2.156124279068843e-23
0.255615234375 -2.220952962857221e-23
0.255859375 -2.131937041111565e-23
0.256103515625 -1.749511851899911e-23
0.25634765625 -1.517314156507072e-23
0.256591796875 -1.575243823578675e-23
0.2568359375 -1.480124359768884e-23
0.257080078125 -1.092356929959064e-23
0.25732421875 -8.552993194258123e-24
0.257568359375 -9.08895205400866e-24
0.2578125 -8.102548623682355e-24
0.258056640625 -4.19742342843872e-24
0.25830078125 -1.804346791314633e-24
0.258544921875 -2.323172352286081e-24
0.2587890625 -1.327837482045835e-24
0.259033203125 2.578418184962013e-24
0.25927734375 4.967649873492123e-24
0.259521484375 4.439608414553324e-24
0.259765625 5.417554913306314e-24
0.260009765625 9.29868037245254e-24
0.26025390625 1.165788343547718e-23
0.260498046875 1.109454046799339e-23
0.2607421875 1.202914380682103e-23
0.260986328125 1.585934442380302e-23
0.26123046875 1.816290171298662e-23
0.261474609375 1.753883797283352e-23
0.26171875 1.840490879320909e-23
0.261962890625 2.215925364696303e-23
0.26220703125 2.438250908911062e-23
0.262451171875 2.367336270457662e-23
0.2626953125 2.444686424729812e-23
0.262939453125 2.810166905125138e-23
0.26318359375 3.022130595455076e-23
0.263427734375 2.940414577523482e-23
0.263671875 3.006256187441609e-23
0.263916015625 3.35957512836849e-23
0.26416015625 3.55901486123747e-23
0.264404296875 3.464382411147251e-23
0.2646484375 3.516650239065609e-23
0.264892578125 3.855794616520509e-23
0.26513671875 4.040750735043897e-23
0.265380859375 3.931296977107556e-23
0.265625 3.968143482012761e-23
0.265869140625 4.291325273553218e-23
0.26611328125 4.460070203187091e-23
0.266357421875 4.334129190946714e-23
0.2666015625 4.353952370138664e-23
0.266845703125 4.659635459793113e-23
0.26708984375 4.810699651218774e-23
0.267333984375 4.666869323977374e-23
0.267578125 4.668336659860766e-23
0.267822265625 4.955259752812722e-23
0.26806640625 5.087453543198228e-23
0.268310546875 4.924616513551953e-23
0.2685546875 4.906684668156917e-23
0.268798828125 5.17387987407043e-23
0.26904296875 5.286310942137124e-23
0.269287109375 5.103650806802275e-23
0.26953125 5.065580773477518e-23
0.269775390625 5.312387585322362e-23
0.27001953125 5.404473744744439e-23
0.270263671875 5.201486681106367e-23
0.2705078125 5.142854173930141e-23
0.270751953125 5.368928641167306e-23
0.27099609375 5.440405789661193e-23
0.271240234375 5.216907274060735e-23
0.271484375 5.137608209785436e-23
0.271728515625 5.342927179658014e-23
0.27197265625 5.393852296540222e-23
0.272216796875 5.149978856202995e-23
0.2724609375 5.050229859836081e-23
0.272705078125 5.235090237115714e-23
0.27294921875 5.265839398963012e-23
0.273193359375 5.002045386499169e-23
0.2734375 4.882379328740415e-23
0.273681640625 5.047392381417707e-23
0.27392578125 5.058653842546671e-23
0.274169921875 4.775703298907527e-23
0.2744140625 4.636959950418613e-23
0.274658203125 4.78304076531127e-23
0.27490234375 4.775803225926308e-23
0.275146484375 4.474756973416338e-23
0.275390625 4.318068936116555e-23
0.275634765625 4.446421203010574e-23
0.27587890625 4.421957461881914e-23
0.276123046875 4.10415564211752e-23
0.2763671875 3.930929790212759e-23
0.276611328125 4.043026164823055e-23
0.27685546875 4.002872424095937e-23
0.277099609375 3.669912765565983e-23
0.27734375 3.481807497724778e-23
0.277587890625 3.579365861344971e-23
0.27783203125 3.52529701748953e-23
0.278076171875 3.179009182527276e-23
0.2783203125 2.977907850466611e-23
0.278564453125 3.062863846656051e-23
0.27880859375 2.996865162613403e-23
0.279052734375 2.63928158314903e-23
0.279296875 2.427262519906604e-23
0.279541015625 2.501738804981972e-23
0.27978515625 2.425974413328629e-23
0.280029296875 2.059298077855936e-23
0.2802734375 1.838601700335513e-23
0.280517578125 1.904874393936513e-23
0.28076171875 1.821653128543755e-23
0.281005859375 1.448222828495826e-23
0.28125 1.221216332698335e-23
0.281494140625 1.281679196550177e-23
0.28173828125 1.193418290049945e-23
0.281982421875 8.156718715544666e-24
0.2822265625 5.848120745946385e-24
0.282470703125 6.419389811508837e-24
0.28271484375 5.51126196929867e-24
0.282958984375 1.715623931503474e-24
0.283203125 -6.064269681814487e-25
0.283447265625 -4.336419373597586e-26
0.28369140625 -9.518162939459865e-25
0.283935546875 -4.74042189870156e-24
0.2841796875 -7.050724767314485e-24
0.284423828125 -6.470692209955148e-24
0.28466796875 -7.354349282073467e-24
0.284912109375 -1.111088930472224e-23
0.28515625 -1.338451398486516e-23
0.285400390625 -1.276270367423003e-23
0.28564453125 -1.359691139462347e-23
0.285888671875 -1.729691400837602e-23
0.2861328125 -1.950958741265578e-23
0.286376953125 -1.882194345554446e-23
0.28662109375 -1.958289377258288e-23
0.286865234375 -2.320282675044156e-23
0.287109375 -2.533130774224463e-23
0.287353515625 -2.455489744528856e-23
0.28759765625 -2.521999558619667e-23
0.287841796875 -2.873762883881934e-23
0.2880859375 -3.076006595280836e-23
0.288330078125 -2.987343238183566e-23
0.28857421875 -3.042164391226452e-23
0.288818359375 -3.381639071491342e-23
0.2890625 -3.571265722459059e-23
0.289306640625 -3.469614779198635e-23
0.28955078125 -3.510832040868075e-23
0.289794921875 -3.836155209178752e-23
0.2900390625 -4.01135532978414e-23
0.290283203125 -3.894961935568873e-23
0.29052734375 -3.920877449891201e-23
0.290771484375 -4.230410380249897e-23
0.291015625 -4.389605186031586e-23
0.291259765625 -4.256951474026255e-23
0.29150390625 -4.266110459383409e-23
0.291748046875 -4.558463338476765e-23
0.2919921875 -4.700328550526757e-23
0.292236328125 -4.550156497844373e-23
0.29248046875 -4.54136909736839e-23
0.292724609375 -4.815421858864889e-23
0.29296875 -4.938907502549086e-23
0.293212890625 -4.770237674903696e-23
0.29345703125 -4.742596629588806e-23
0.293701171875 -4.99751553932004e-23
0.2939453125 -5.101861426218066e-23
0.294189453125 -4.914007342366973e-23
0.29443359375 -4.86690122483732e-23
0.294677734375 -5.102150971846982e-23
0.294921875 -5.186897637171697e-23
0.295166015625 -4.979475542893193e-23
0.29541015625 -4.912597359247039e-23
0.295654296875 -5.127948477981258e-23
0.2958984375 -5.192943416759987e-23
0.296142578125 -4.965877329797016e-23
0.29638671875 -4.879228369229551e-23
0.296630859375 -5.074759890946363e-23
0.296875 -5.120159009504324e-23
0.297119140625 -4.873680970545723e-23
0.29736328125 -4.767569856403394e-23
0.297607421875 -4.943667162069429e-23
0.2978515625 -4.969931435711587e-23
0.298095703125 -4.704576974932743e-23
0.29833984375 -4.579613945326537e-23
0.298583984375 -4.736961866691398e-23
0.298828125 -4.74484926878205e-23
0.299072265625 -4.461448171577227e-23
0.29931640625 -4.318534691524836e-23
0.299560546875 -4.458105980572909e-23
0.2998046875 -4.448658821312443e-23
0.300048828125 -4.148321349471591e-23
0.30029296875 -3.988635228613024e-23
0.300537109375 -4.111674587049178e-23
0.30078125 -4.086202471017209e-23
0.301025390625 -3.770301265616593e-23
0.30126953125 -3.595277524743025e-23
0.301513671875 -3.703281453471333e-23
0.3017578125 -3.663340132356967e-23
0.302001953125 -3.333488090966416e-23
0.30224609375 -3.144795885850004e-23
0.302490234375 -3.239488678514986e-23
0.302734375 -3.18685513835639e-23
0.302978515625 -2.844879620798516e-23
0.30322265625 -2.644395592123473e-23
0.303466796875 -2.727701855706183e-23
0.3037109375 -2.664346035446133e-23
0.303955078125 -2.312259808337834e-23
0.30419921875 -2.102038280974901e-23
0.304443359375 -2.176052419285113e-23
0.3046875 -2.104106008649745e-23
0.304931640625 -1.744075388454181e-23
0.30517578125 -1.526315891078995e-23
0.305419921875 -1.593269032946464e-23
0.3056640625 -1.514991841782706e-23
0.305908203125 -1.14930253835742e-23
0.30615234375 -9.26315154751383e-24
0.306396484375 -9.885400471111179e-24
0.306640625 -9.06284474720968e-24
0.306884765625 -5.373056717225251e-24
0.30712890625 -3.114747674198895e-24
0.307373046875 -3.713691837219065e-24
0.3076171875 -2.87543344850945e-24
0.307861328125 8.230942065595867e-25
0.30810546875 3.085625288949804e-24
0.308349609375 2.485732928885186e-24
0.30859375 3.315432093155539e-24
0.308837890625 6.998457884923496e-24
0.30908203125 9.241006379250301e-24
0.309326171875 8.616015961660439e-24
0.3095703125 9.413091490130717e-24
0.309814453125 1.305666556380353e-23
0.31005859375 1.525541229880086e-23
0.310302734375 1.458165277469518e-23
0.310546875 1.532261188165375e-23
0.310791015625 1.890344823429003e-23
0.31103515625 2.103532942288799e-23
0.311279296875 2.028997583399712e-23
0.3115234375 2.095226163392063e-23
0.311767578125 2.444809903185546e-23
0.31201171875 2.649116348262101e-23
0.312255859375 2.565259012147376e-23
0.3125 2.621493039643792e-23
0.312744140625 2.960487641351412e-23
0.31298828125 3.153862450806687e-23
0.313232421875 3.058673850776178e-23
0.3134765625 3.102947358809951e-23
0.313720703125 3.429432646179698e-23
0.31396484375 3.610002567711307e-23
0.314208984375 3.50165758965146e-23
0.314453125 3.532196061218451e-23
0.314697265625 3.844450397170205e-23
0.31494140625 4.010547610268622e-23
0.315185546875 3.887433256842239e-23
0.3154296875 3.902680764302698e-23
0.315673828125 4.199207359619695e-23
0.31591796875 4.349394928469742e-23
0.316162109375 4.210134891960148e-23
0.31640625 4.208777766421357e-23
0.316650390625 4.488327423193766e-23
0.31689453125 4.621421092618566e-23
0.317138671875 4.464896582716229e-23
0.3173828125 4.445883253951436e-23
0.317626953125 4.707473198920216e-23
0.31787109375 4.822559203440582e-23
0.318115234375 4.647925715279789e-23
0.318359375 4.610482423021085e-23
0.318603515625 4.853410947477284e-23
0.31884765625 4.949859566220449e-23
0.319091796875 4.756559337731185e-23
0.3193359375 4.700201479967579e-23
0.319580078125 4.924058168616836e-23
0.31982421875 5.001532825469168e-23
0.320068359375 4.789302800609876e-23
0.3203125 4.713841752795036e-23
0.320556640625 4.918513152986844e-23
0.32080078125 4.976974931017266e-23
0.321044921875 4.74585011565601e-23
0.3212890625 4.651395425437076e-23
0.321533203125 4.837066079294817e-23
0.32177734375 4.876773589976145e-23
0.322021484375 4.627085758989729e-23
0.322265625 4.514042693096372e-23
0.322509765625 4.681191527270409e-23
0.32275390625 4.702696147297734e-23
0.322998046875 4.435067933743795e-23
0.3232421875 4.304130425909708e-23
0.323486328125 4.453522565785368e-23
0.32373046875 4.457659126211057e-23
0.323974609375 4.172993595083335e-23
0.32421875 4.025132715193291e-23
0.324462890625 4.15780686130447e-23
0.32470703125 4.145679944151795e-23
0.324951171875 3.845145823138224e-23
0.3251953125 3.681593957098408e-23
0.325439453125 3.798845530127415e-23
0.32568359375 3.771811595541381e-23
0.325927734375 3.456824402289388e-23
0.326171875 3.279055398333968e-23
0.326416015625 3.38241572436487e-23
0.32666015625 3.342061355642284e-23
0.326904296875 3.014260724268796e-23
0.3271484375 2.823966323527919e-23
0.327392578125 2.915178192147723e-23
0.32763671875 2.863294805687853e-23
0.327880859375 2.524518373668255e-23
0.328125 2.323581299872287e-23
0.328369140625 2.404571283364607e-23
0.32861328125 2.343126704764101e-23
0.328857421875 1.995380974013148e-23
0.3291015625 1.785845108324108e-23
0.329345703125 1.858693079702615e-23
0.32958984375 1.789800435069386e-23
0.329833984375 1.435229067173492e-23
0.330078125 1.219267178532305e-23
0.330322265625 1.286173508773592e-23
0.33056640625 1.212057921118048e-23
0.330810546875 8.529079655913273e-24
0.3310546875 6.327875039836864e-24
0.331298828125 6.96038453889352e-24
0.33154296875 6.190020675456323e-24
0.331787109375 2.575886530760771e-24
0.33203125 3.563614217586023e-25
0.332275390625 9.756799129342919e-25
0.33251953125 1.995387224046194e-25
0.332763671875 -3.41376086299654e-24
0.3330078125 -5.628114999745513e-24
0.333251953125 -4.99849026415685e-24
0.33349609375 -5.756935501058861e-24
0.333740234375 -9.345980619366914e-24
0.333984375 -1.153181334231002e-23
0.334228515625 -1.086861769632214e-23
0.33447265625 -1.1586217554206e-23
0.334716796875 -1.512800309114919e-23
0.3349609375 -1.726246925561332e-23
0.335205078125 -1.654303325874833e-23
0.33544921875 -1.719732281981339e-23
0.335693359375 -2.066961676954587e-23
0.3359375 -2.273073215729088e-23
0.336181640625 -2.193333419324006e-23
0.33642578125 -2.250288227257723e-23
0.336669921875 -2.588457125100257e-23
0.3369140625 -2.785155403674568e-23
0.337158203125 -2.695575740196511e-23
0.33740234375 -2.742049893152131e-23
0.337646484375 -3.069191553406414e-23
0.337890625 -3.25455083005273e-23
0.338134765625 -3.153247756500468e-23
0.33837890625 -3.187402399416969e-23
0.338623046875 -3.501725093661201e-23
0.3388671875 -3.674001826228967e-23
0.339111328125 -3.559281001703757e-23
0.33935546875 -3.57947329394583e-23
0.339599609375 -3.879387929114434e-23
0.33984375 -4.037047632428387e-23
0.340087890625 -3.907429983767163e-23
0.34033203125 -3.912238347934902e-23
0.340576171875 -4.196382874092303e-23
0.3408203125 -4.338123663308425e-23
0.341064453125 -4.192368041452009e-23
0.34130859375 -4.180613911066952e-23
0.341552734375 -4.447874139652862e-23
0.341796875 -4.572646599218007e-23
0.342041015625 -4.409768679933424e-23
0.34228515625 -4.38053441392314e-23
0.342529296875 -4.630060929010803e-23
0.3427734375 -4.737084004688611e-23
0.343017578125 -4.55637114631618e-23
0.34326171875 -4.509013838452487e-23
0.343505859375 -4.740234744914276e-23
0.34375 -4.829007418754681e-23
0.343994140625 -4.630029253065962e-23
0.34423828125 -4.564190228859192e-23
0.344482421875 -4.776819546557435e-23
0.3447265625 -4.847128120719773e-23
0.344970703125 -4.629742719753462e-23
0.34521484375 -4.545352580772368e-23
0.345458984375 -4.73939416197345e-23
0.345703125 -4.791315045943018e-23
0.345947265625 -4.555670576792194e-23
0.34619140625 -4.45294972189719e-23
0.346435546875 -4.628696638972919e-23
0.3466796875 -4.662594604856412e-23
0.346923828125 -4.409126454741729e-23
0.34716796875 -4.288581078223435e-23
0.347412109375 -4.446610499281641e-23
0.34765625 -4.463132440444776e-23
0.347900390625 -4.192555864920635e-23
0.34814453125 -4.054969501915162e-23
0.348388671875 -4.19613314217975e-23
0.3486328125 -4.196197440407985e-23
0.348876953125 -3.909495857127975e-23
0.34912109375 -3.755916615855184e-23
0.349365234375 -3.88132692131863e-23
0.349609375 -3.866108595840911e-23
0.349853515625 -3.564517713865335e-23
0.35009765625 -3.396241401125272e-23
0.350341796875 -3.507253687155209e-23
0.3505859375 -3.478165564230411e-23
0.350830078125 -3.163153603360171e-23
0.35107421875 -2.981703013299753e-23
0.351318359375 -3.07989384346663e-23
0.3515625 -3.038564046779975e-23
0.351806640625 -2.711808361836946e-23
0.35205078125 -2.518909057271393e-23
0.352294921875 -2.606051205724808e-23
0.3525390625 -2.554297324615851e-23
0.352783203125 -2.217657805041744e-23
0.35302734375 -2.01521077468282e-23
0.353271484375 -2.093245168027328e-23
0.353515625 -2.033045511716478e-23
0.353759765625 -1.688535176464468e-23
0.35400390625 -1.478586799427204e-23
0.354248046875 -1.549591880444159e-23
0.3544921875 -1.483054271137889e-23
0.354736328125 -1.132807521830099e-23
0.35498046875 -9.175173120310155e-24
0.355224609375 -9.836763070319602e-24
0.35546875 -9.130049023987175e-24
0.355712890625 -5.592439334645638e-24
0.35595703125 -3.408505703539865e-24
0.356201171875 -4.044171738476036e-24
0.3564453125 -3.318778392766651e-24
0.356689453125 2.312226829193322e-25
0.35693359375 2.423360903107985e-24
0.357177734375 1.790730760991591e-24
0.357421875 2.511883032494838e-24
0.357666015625 6.051352581845222e-24
0.35791015625 8.228786117118565e-24
0.358154296875 7.576311294615024e-24
0.3583984375 8.270399280961715e-24
0.358642578125 1.177660117668366e-23
0.35888671875 1.391669696683342e-23
0.359130859375 1.322186218892226e-23
0.359375 1.386651664694397e-23
0.359619140625 1.731725696052197e-23
0.35986328125 1.939801183446125e-23
0.360107421875 1.863901871660526e-23
0.3603515625 1.92126735373815e-23
0.360595703125 2.25866469399265e-23
0.36083984375 2.458703091387588e-23
0.361083984375 2.374313782316508e-23
0.361328125 2.422536612526629e-23
0.361572265625 2.750248788628159e-23
0.36181640625 2.940277174553192e-23
0.362060546875 2.845461664684876e-23
0.3623046875 2.882644857309725e-23
0.362548828125 3.198816699951904e-23
0.36279296875 3.377022907677876e-23
0.363037109375 3.270013035255503e-23
0.36328125 3.294434763925476e-23
0.363525390625 3.597393210896929e-23
0.36376953125 3.762153950333381e-23
0.364013671875 3.641377008541846e-23
0.3642578125 3.651517284162261e-23
0.364501953125 3.939797297236113e-23
0.36474609375 4.089703285756666e-23
0.364990234375 3.953806343178861e-23
0.365234375 3.948370500514106e-23
0.365478515625 4.220737695533396e-23
0.36572265625 4.35461540977001e-23
0.365966796875 4.202486162909924e-23
0.3662109375 4.180424793747041e-23
0.366455078125 4.435894435292567e-23
0.36669921875 4.552824149089292e-23
0.366943359375 4.383607986280402e-23
0.3671875 4.344133012920346e-23
0.367431640625 4.581985082038411e-23
0.36767578125 4.68131491404899e-23
0.367919921875 4.494427929501272e-23
0.3681640625 4.437024572854436e-23
0.368408203125 4.656814677875741e-23
0.36865234375 4.738170434810873e-23
0.368896484375 4.533308194981862e-23
0.369140625 4.45774265581784e-23
0.369384765625 4.659308621355669e-23
0.36962890625 4.722599288660469e-23
0.369873046875 4.499741219564063e-23
0.3701171875 4.406063958484863e-23
0.370361328125 4.589527995244577e-23
0.37060546875 4.634946794991907e-23
0.370849609375 4.394356127453698e-23
0.37109375 4.282900697883489e-23
0.371337890625 4.448667124894906e-23
0.37158203125 4.476688129849129e-23
0.371826171875 4.218907409013841e-23
0.3720703125 4.090284866845051e-23
0.372314453125 4.239033427071377e-23
0.37255859375 4.250403789140546e-23
0.372802734375 3.976246023653024e-23
0.373046875 3.831335006098652e-23
0.373291015625 3.964009884998386e-23
0.37353515625 3.959737804571867e-23
0.373779296875 3.670273398719566e-23
0.3740234375 3.510206032303987e-23
0.374267578125 3.628000755767749e-23
0.37451171875 3.609339384669217e-23
0.374755859375 3.30587906233286e-23
0.375 3.132022924779395e-23
0.375244140625 3.236361376883244e-23
0.37548828125 3.204788910830962e-23
0.375732421875 2.888862902330385e-23
0.3759765625 2.702799324357753e-23
0.376220703125 2.795313185591688e-23
0.37646484375 2.752509461167955e-23
0.376708984375 2.425843282041772e-23
0.376953125 2.229342331820474e-23
0.377197265625 2.311845293914906e-23
0.37744140625 2.259665259195171e-23
0.377685546875 1.924152462723881e-23
0.3779296875 1.719145007087396e-23
0.378173828125 1.793604170432672e-23
0.37841796875 1.734048646766656e-23
0.378662109375 1.391720978823838e-23
0.37890625 1.180268260487999e-23
0.379150390625 1.248773163638435e-23
0.37939453125 1.183957357874278e-23
0.379638671875 8.369527827427378e-24
0.3798828125 6.21213991062383e-24
0.380126953125 6.859437582758456e-24
0.38037109375 6.180640193238608e-24
0.380615234375 2.685931178380553e-24
0.380859375 5.079146143245574e-25
0.381103515625 1.139805830520518e-24
0.38134765625 4.5279923568198e-25
0.381591796875 -3.044088101723773e-24
0.3818359375 -5.220209977319071e-24
0.382080078125 -4.581177164267565e-24
0.38232421875 -5.253847937046474e-24
0.382568359375 -8.730402141403792e-24
0.3828125 -1.088216789815743e-23
0.383056640625 -1.021359563210049e-23
0.38330078125 -1.084962384607838e-23
0.383544921875 -1.428365963926454e-23
0.3837890625 -1.638902160046366e-23
0.384033203125 -1.56690128824353e-23
0.38427734375 -1.62466792214794e-23
0.384521484375 -1.961668476167763e-23
0.384765625 -2.165435405325886e-23
0.385009765625 -2.086185524342511e-23
0.38525390625 -2.136036743245007e-23
0.385498046875 -2.464584072209906e-23
0.3857421875 -2.659562014022878e-23
0.385986328125 -2.571074996016539e-23
0.38623046875 -2.611056758102842e-23
0.386474609375 -2.929233678009372e-23
0.38671875 -3.113543628996002e-23
0.386962890625 -3.01397961991928e-23
0.38720703125 -3.042293564238621e-23
0.387451171875 -3.348345829860103e-23
0.3876953125 -3.520278825215903e-23
0.387939453125 -3.40797493676558e-23
0.38818359375 -3.423006417406855e-23
0.388427734375 -3.715370071461149e-23
0.388671875 -3.873413822651289e-23
0.388916015625 -3.746910032350284e-23
0.38916015625 -3.747253255811146e-23
0.389404296875 -4.024578979232618e-23
0.3896484375 -4.167441413543973e-23
0.389892578125 -4.025503270682934e-23
0.39013671875 -4.009983146134554e-23
0.390380859375 -4.271157231503747e-23
0.390625 -4.397786568331949e-23
0.390869140625 -4.239424353618082e-23
0.39111328125 -4.207114717327895e-23
0.391357421875 -4.451276340461986e-23
0.3916015625 -4.560877393392382e-23
0.391845703125 -4.385361435721208e-23
0.39208984375 -4.335599367689716e-23
0.392333984375 -4.562153890368601e-23
0.392578125 -4.654200343196555e-23
0.392822265625 -4.461072257108502e-23
0.39306640625 -4.393468269127955e-23
0.393310546875 -4.602096368016904e-23
0.3935546875 -4.676338835823105e-23
0.393798828125 -4.465418506994541e-23
0.39404296875 -4.379862445878483e-23
0.394287109375 -4.570524927946577e-23
0.39453125 -4.626994680210052e-23
0.394775390625 -4.398382892761563e-23
0.39501953125 -4.295045469429353e-23
0.395263671875 -4.467983701534163e-23
0.3955078125 -4.506991992005877e-23
0.395751953125 -4.261068659456467e-23
0.39599609375 -4.14039858283897e-23
0.396240234375 -4.296130531600073e-23
0.396484375 -4.318263548218966e-23
0.396728515625 -4.055681578507846e-23
0.39697265625 -3.918398341809431e-23
0.397216796875 -4.057710288367028e-23
0.3974609375 -4.063819804807743e-23
0.397705078125 -3.785494697890813e-23
0.39794921875 -3.632577132526121e-23
0.398193359375 -3.756511194203429e-23
0.3984375 -3.747701071647434e-23
0.398681640625 -3.454796414677496e-23
0.39892578125 -3.287467193152671e-23
0.399169921875 -3.397304849372846e-23
0.3994140625 -3.37491360173583e-23
0.399658203125 -3.068822690736453e-23
0.39990234375 -2.888529022836521e-23
0.400146484375 -2.985770904861986e-23
0.400390625 -2.951350602000835e-23
0.400634765625 -2.633674479243711e-23
0.40087890625 -2.442065305131784e-23
0.401123046875 -2.528407567338072e-23
0.4013671875 -2.483699407741563e-23
0.401611328125 -2.156221659795201e-23
0.40185546875 -1.955121698123875e-23
0.402099609375 -2.032429341685445e-23
0.40234375 -1.9793362779386e-23
0.402587890625 -1.643994989719241e-23
0.40283203125 -1.435376047736792e-23
0.403076171875 -1.505653614959628e-23
0.4033203125 -1.446210461064993e-23
0.403564453125 -1.105067765397813e-23
0.40380859375 -8.910177605517374e-24
0.404052734375 -9.563778589149402e-24
0.404296875 -8.927193476378109e-24
0.404541015625 -5.479290471467025e-24
0.40478515625 -3.306192251905714e-24
0.405029296875 -3.932493738096882e-24
0.4052734375 -3.275766639931323e-24
0.405517578125 1.864956799483196e-25
0.40576171875 2.369987054621184e-24
0.406005859375 1.748703882695207e-24
0.40625 2.403242305041154e-24
0.406494140625 5.857515413921404e-24
0.40673828125 8.029050670930419e-24
0.406982421875 7.390447985898476e-24
0.4072265625 8.02049805033604e-24
0.407470703125 1.144455204366162e-23
0.40771484375 1.358198808741068e-23
0.407958984375 1.290402152840975e-23
0.408203125 1.348766397671892e-23
0.408447265625 1.68597360089467e-23
0.40869140625 1.894148301122095e-23
0.408935546875 1.820274708692215e-23
0.4091796875 1.871878646262418e-23
0.409423828125 2.201792176479121e-23
0.40966796875 2.402328148910827e-23
0.409912109375 2.320334487776386e-23
0.41015625 2.363164147382775e-23
0.410400390625 2.683802162504421e-23
0.41064453125 2.874751170158181e-23
0.410888671875 2.782723721208167e-23
0.4111328125 2.814902240515528e-23
0.411376953125 3.124427573245655e-23
0.41162109375 3.303993482068481e-23
0.411865234375 3.200177901943934e-23
0.412109375 3.21999490679446e-23
0.412353515625 3.516743832913801e-23
0.41259765625 3.683310740488908e-23
0.412841796875 3.566139523191848e-23
0.4130859375 3.572077895262971e-23
0.413330078125 3.854586181249759e-23
0.41357421875 4.006743718983885e-23
0.413818359375 3.874860727882736e-23
0.4140625 3.865620342520407e-23
0.414306640625 4.132646166088324e-23
0.41455078125 4.269211580121985e-23
0.414794921875 4.121493267630189e-23
0.4150390625 4.096011331545703e-23
0.415283203125 4.34655471756079e-23
0.41552734375 4.466591383978695e-23
0.415771484375 4.302164367940402e-23
0.416015625 4.259632039581815e-23
0.416259765625 4.492950508253834e-23
0.41650390625 4.595782593871385e-23
0.416748046875 4.414037316591643e-23
0.4169921875 4.353912350052743e-23
0.417236328125 4.569532533444912e-23
0.41748046875 4.654755573631959e-23
0.417724609375 4.455355830650272e-23
0.41796875 4.377371046064717e-23
0.418212890625 4.575096091904899e-23
0.41845703125 4.642583320643151e-23
0.418701171875 4.425471510821025e-23
0.4189453125 4.329638959328586e-23
0.419189453125 4.509551606856209e-23
0.41943359375 4.55945594052374e-23
0.419677734375 4.324853955792741e-23
0.419921875 4.211464714356475e-23
0.420166015625 4.373925994479778e-23
0.42041015625 4.406677638676748e-23
0.420654296875 4.155083379833709e-23
0.4208984375 4.02470297937881e-23
0.421142578125 4.170346559692091e-23
0.42138671875 4.186646276717729e-23
0.421630859375 3.918825849898094e-23
0.421875 3.772285408374673e-23
0.422119140625 3.902007671537344e-23
0.42236328125 3.902815813833225e-23
0.422607421875 3.619791529687289e-23
0.4228515625 3.458174728669064e-23
0.423095703125 3.573120739214137e-23
0.42333984375 3.559642220145484e-23
0.423583984375 3.262676583228033e-23
0.423828125 3.08730269151251e-23
0.424072265625 3.188848270304597e-23
0.42431640625 3.162513707039837e-23
0.424560546875 2.853089645483459e-23
0.4248046875 2.665492854834499e-23
0.425048828125 2.755223041129708e-23
0.42529296875 2.717666364108851e-23
0.425537109375 2.397464008323299e-23
0.42578125 2.199369404044248e-23
0.426025390625 2.279053641473474e-23
0.42626953125 2.232086520094263e-23
0.426513671875 1.902956893086606e-23
0.4267578125 1.696253434634559e-23
0.427001953125 1.767817868569031e-23
0.42724609375 1.713401352417968e-23
0.427490234375 1.37733738254065e-23
0.427734375 1.164048316067042e-23
0.427978515625 1.229545634918681e-23
0.42822265625 1.169759453348436e-23
0.428466796875 8.288647620926092e-24
0.4287109375 6.111159269035899e-24
0.428955078125 6.726932182795265e-24
0.42919921875 6.097032177148317e-24
0.429443359375 2.661591699300521e-24
0.4296875 4.61456937683061e-25
0.429931640625 1.060108174227217e-24
0.43017578125 4.203504489314945e-25
0.430419921875 -3.019334240134686e-24
0.4306640625 -5.219815207537165e-24
0.430908203125 -4.615945180143054e-24
0.43115234375 -5.243205554249409e-24
0.431396484375 -8.664798015985108e-24
0.431640625 -1.084332555514669e-23
0.431884765625 -1.021198442783734e-23
0.43212890625 -1.08045679993174e-23
0.432373046875 -1.418599477930247e-23
0.4326171875 -1.632061940164237e-23
0.432861328125 -1.563999176441617e-23
0.43310546875 -1.617624226433556e-23
0.433349609375 -1.949603893917744e-23
0.43359375 -2.156550549439556e-23
0.433837890625 -2.081455483785633e-23
0.43408203125 -2.127367865504947e-23
0.434326171875 -2.451132644996047e-23
0.4345703125 -2.649540755717031e-23
0.434814453125 -2.56542061904347e-23
0.43505859375 -2.601659845288517e-23
0.435302734375 -2.915284616812236e-23
0.435546875 -3.103265967289172e-23
0.435791015625 -3.008270139992094e-23
0.43603515625 -3.033025356383523e-23
0.436279296875 -3.33474197760899e-23
0.4365234375 -3.51057252688249e-23
0.436767578125 -3.403021593287399e-23
0.43701171875 -3.414660006814955e-23
0.437255859375 -3.702885087926166e-23
0.4375 -3.865032063567404e-23
0.437744140625 -3.743444198541922e-23
0.43798828125 -3.740536730835212e-23
0.438232421875 -4.013896529383361e-23
0.4384765625 -4.161042539581053e-23
0.438720703125 -4.024156814151605e-23
0.43896484375 -4.005500577715408e-23
0.439208984375 -4.262852623491254e-23
0.439453125 -4.39391640939759e-23
0.439697265625 -4.240712650134061e-23
0.43994140625 -4.205349895216897e-23
0.440185546875 -4.445801006059927e-23
0.4404296875 -4.559954508894546e-23
0.440673828125 -4.389669399463571e-23
0.44091796875 -4.336902634164067e-23
0.441162109375 -4.559823039808191e-23
0.44140625 -4.656504514589922e-23
0.441650390625 -4.468643686379733e-23
0.44189453125 -4.398046732178433e-23
0.442138671875 -4.603080083838011e-23
0.4423828125 -4.682003053183793e-23
0.442626953125 -4.476348974376076e-23
0.44287109375 -4.387773782590579e-23
0.443115234375 -4.574842890081713e-23
0.443359375 -4.636000796319374e-23
0.443603515625 -4.412616334249513e-23
0.44384765625 -4.30619545496843e-23
0.444091796875 -4.475503659741312e-23
0.4443359375 -4.519170140623562e-23
0.444580078125 -4.278397739701452e-23
0.44482421875 -4.154542402519156e-23
0.445068359375 -4.306570563011496e-23
0.4453125 -4.333295344556251e-23
0.445556640625 -4.075751830394729e-23
0.44580078125 -3.935145664699967e-23
0.446044921875 -4.070644798853609e-23
0.4462890625 -4.081245267194298e-23
0.446533203125 -3.807812355813637e-23
0.44677734375 -3.65140084641808e-23
0.447021484375 -3.77138054396045e-23
0.447265625 -3.766929125523047e-23
0.447509765625 -3.478739783538913e-23
0.44775390625 -3.307715623995521e-23
0.447998046875 -3.413428407130916e-23
0.4482421875 -3.395235951900618e-23
0.448486328125 -3.093656818387053e-23
0.44873046875 -2.909441388423169e-23
0.448974609375 -3.002363262866233e-23
0.44921875 -2.971958687951817e-23
0.449462890625 -2.65856883021742e-23
0.44970703125 -2.46279008427787e-23
0.449951171875 -2.544597582114199e-23
0.4501953125 -2.503704091289379e-23
0.450439453125 -2.180270424131054e-23
0.45068359375 -1.974737534172004e-23
0.450927734375 -2.047281604915966e-23
0.451171875 -1.997789853399569e-23
0.451416015625 -1.666239603631377e-23
0.45166015625 -1.452914750118674e-23
0.451904296875 -1.51819190570932e-23
0.4521484375 -1.462130527309416e-23
0.452392578125 -1.124521171670141e-23
0.45263671875 -9.05488921455729e-24
0.452880859375 -9.656100840003156e-24
0.453125 -9.051140391376286e-24
0.453369140625 -5.636011833542394e-24
0.45361328125 -3.410359310083852e-24
0.453857421875 -3.981934681945321e-24
0.4541015625 -3.354707055959454e-24
0.454345703125 7.725595218005514e-26
0.45458984375 2.315936155302639e-24
0.454833984375 1.751601538562532e-24
0.455078125 2.378632023848154e-24
0.455322265625 5.804931571774951e-24
0.45556640625 8.034127595654037e-24
0.455810546875 7.454516695591851e-24
0.4560546875 8.05885223323481e-24
0.456298828125 1.145704511105236e-23
0.45654296875 1.365438801458169e-23
0.456787109375 1.303721471788904e-23
0.45703125 1.359667616223995e-23
0.457275390625 1.694472535268268e-23
0.45751953125 1.908833960366061e-23
0.457763671875 1.841189786901086e-23
0.4580078125 1.890497219627571e-23
0.458251953125 2.218159231009797e-23
0.45849609375 2.425043885838515e-23
0.458740234375 2.349394309097763e-23
0.458984375 2.390012074140696e-23
0.459228515625 2.708511199795231e-23
0.45947265625 2.905931856829385e-23
0.459716796875 2.820322990075272e-23
0.4599609375 2.850332672736979e-23
0.460205078125 3.157789225664406e-23
0.46044921875 3.343906569398269e-23
0.460693359375 3.246539906796982e-23
0.4609375 3.264185785272818e-23
0.461181640625 3.558889935128225e-23
0.46142578125 3.732041512715779e-23
0.461669921875 3.621302236540397e-23
0.4619140625 3.625018917821292e-23
0.462158203125 3.905457628471306e-23
0.46240234375 4.064184062556257e-23
0.462646484375 3.938666505444597e-23
0.462890625 3.927103611896508e-23
0.463134765625 4.191984528125323e-23
0.46337890625 4.335052580249823e-23
0.463623046875 4.193582442524197e-23
0.4638671875 4.165625961150468e-23
0.464111328125 4.413897868909981e-23
0.46435546875 4.540319990651533e-23
0.464599609375 4.381972962952921e-23
0.46484375 4.336762921047985e-23
0.465087890625 4.567632458741375e-23
0.46533203125 4.67668252216464e-23
0.465576171875 4.500799019395579e-23
0.4658203125 4.437743207275077e-23
0.466064453125 4.650687563724932e-23
0.46630859375 4.741912522030483e-23
0.466552734375 4.54810829495913e-23
0.466796875 4.466891817823438e-23
0.467041015625 4.66166721490406e-23
0.46728515625 4.734894507370738e-23
0.467529296875 4.523066962299683e-23
0.4677734375 4.423657468107626e-23
0.468017578125 4.600303291541747e-23
0.46826171875 4.655643873027506e-23
0.468505859375 4.425973996674416e-23
0.46875 4.308622494160325e-23
0.468994140625 4.467461003690172e-23
0.46923828125 4.505307947045081e-23
0.469482421875 4.258257802185824e-23
0.4697265625 4.123495051809436e-23
0.469970703125 4.265126670784954e-23
0.47021484375 4.286149359481711e-23
0.470458984375 4.022455185912283e-23
0.470703125 3.871083715512721e-23
0.470947265625 3.996377968843678e-23
0.47119140625 4.001511965877447e-23
0.471435546875 3.722172989774288e-23
0.4716796875 3.555254854941871e-23
0.471923828125 3.6653370922449e-23
0.47216796875 3.655769838828517e-23
0.472412109375 3.362032960575426e-23
0.47265625 3.180873436192116e-23
0.472900390625 3.277107542788998e-23
0.47314453125 3.254260105507082e-23
0.473388671875 2.947600700458864e-23
0.4736328125 2.75372815345612e-23
0.473876953125 2.837695514610492e-23
0.47412109375 2.803200661507103e-23
0.474365234375 2.485299788976419e-23
0.474609375 2.28044204212517e-23
0.474853515625 2.353917084567552e-23
0.47509765625 2.309594028134777e-23
0.475341796875 1.982312400165708e-23
0.4755859375 1.768369951723578e-23
0.475830078125 1.833292640187807e-23
0.47607421875 1.78111883752228e-23
0.476318359375 1.446467949880878e-23
0.4765625 1.225484463294076e-23
0.476806640625 1.283930177645957e-23
0.47705078125 1.22601062431299e-23
0.477294921875 8.861214967741532e-24
0.4775390625 6.602520176283191e-24
0.477783203125 7.143992774387299e-24
0.47802734375 6.52933771112101e-24
0.478271484375 3.100237818658472e-24
0.478515625 8.150117518782279e-25
0.478759765625 1.335977126614287e-24
0.47900390625 7.084659477093987e-25
0.479248046875 -2.728150759952307e-24
0.4794921875 -5.017149466988889e-24
0.479736328125 -4.493872382322333e-24
0.47998046875 -5.111383303307379e-24
0.480224609375 -8.532661103635444e-24
0.48046875 -1.080259920749308e-23
0.480712890625 -1.025420617453785e-23
0.48095703125 -1.083896439240439e-23
0.481201171875 -1.422224076439948e-23
0.4814453125 -1.645056742278603e-23
0.481689453125 -1.585462544559329e-23
0.48193359375 -1.638433817994721e-23
0.482177734375 -1.970749838339934e-23
0.482421875 -2.187229823208632e-23
0.482666015625 -2.120709678573478e-23
0.48291015625 -2.166027995707501e-23
0.483154296875 -2.490210353609338e-23
0.4833984375 -2.698244032220075e-23
0.483642578125 -2.622733177864325e-23
0.48388671875 -2.658364689262823e-23
0.484130859375 -2.972414068975714e-23
0.484375 -3.170038609076785e-23
0.484619140625 -3.083611001957893e-23
0.48486328125 -3.107668363065118e-23
0.485107421875 -3.409739610137371e-23
0.4853515625 -3.59515385834176e-23
0.485595703125 -3.496052484971356e-23
0.48583984375 -3.506824560006625e-23
0.486083984375 -3.795255750228401e-23
0.486328125 -3.966848637568828e-23
0.486572265625 -3.853513228138444e-23
0.48681640625 -3.849492085421582e-23
0.487060546875 -4.122830774903819e-23
0.4873046875 -4.27920679593079e-23
0.487548828125 -4.150298507208193e-23
0.48779296875 -4.130203281402611e-23
0.488037109375 -4.387229524736043e-23
0.48828125 -4.52723088897971e-23
0.488525390625 -4.381653567059753e-23
0.48876953125 -4.344450812058184e-23
0.489013671875 -4.584196585298214e-23
0.4892578125 -4.70692169121202e-23
0.489501953125 -4.543839377958721e-23
0.48974609375 -4.488759588300502e-23
0.489990234375 -4.710524309029513e-23
0.490234375 -4.815342247336591e-23
0.490478515625 -4.634192652397622e-23
0.49072265625 -4.560742690333798e-23
0.490966796875 -4.764104587415685e-23
0.4912109375 -4.850665442217015e-23
0.491455078125 -4.651169164940134e-23
0.49169921875 -4.559140393662795e-23
0.491943359375 -4.743963543590946e-23
0.4921875 -4.812204324704393e-23
0.492431640625 -4.594369676164589e-23
0.49267578125 -4.483841666294962e-23
0.492919921875 -4.650278580252591e-23
0.4931640625 -4.70042468804335e-23
0.493408203125 -4.464548031680566e-23
0.49365234375 -4.335887776846923e-23
0.493896484375 -4.484377491704041e-23
0.494140625 -4.516939685076417e-23
0.494384765625 -4.263601284098186e-23
0.49462890625 -4.117457931253146e-23
0.494873046875 -4.248719627649281e-23
0.4951171875 -4.264486535832966e-23
0.495361328125 -3.994541965459297e-23
0.49560546875 -3.831837135412503e-23
0.495849609375 -3.946859375732319e-23
0.49609375 -3.946885663912986e-23
0.496337890625 -3.661452915660816e-23
0.49658203125 -3.483366758050333e-23
0.496826171875 -3.583392505405046e-23
0.4970703125 -3.568982872054823e-23
0.497314453125 -3.269425344490517e-23
0.49755859375 -3.077378538010788e-23
0.497802734375 -3.163886183235751e-23
0.498046875 -3.13657543212996e-23
0.498291015625 -2.824481066818672e-23
0.49853515625 -2.620113038934947e-23
0.498779296875 -2.694793725068861e-23
0.4990234375 -2.65632321641451e-23
0.499267578125 -2.333480098166033e-23
0.49951171875 -2.118623797776531e-23
0.499755859375 -2.183355389532553e-23
0.5 -2.135646231431565e-23
0.500244140625 -1.804015027429917e-23
0.50048828125 -1.580668638073755e-23
0.500732421875 -1.637486736531464e-23
0.5009765625 -1.582610129260563e-23
0.501220703125 -1.244293791412931e-23
0.50146484375 -1.014589820801779e-23
0.501708984375 -1.065656270128314e-23
0.501953125 -1.00580146063545e-23
0.502197265625 -6.630126586964984e-24
0.50244140625 -4.291848818312211e-24
0.502685546875 -4.767542545316976e-24
0.5029296875 -4.14194596426659e-24
0.503173828125 -6.922138546846287e-25
0.50341796875 1.664298472805386e-24
0.503662109375 1.200452678880154e-24
0.50390625 1.829876233438945e-24
0.504150390625 5.278173693038701e-24
0.50439453125 7.629609215509262e-24
0.504638671875 7.154271187642643e-24
0.5048828125 7.764173530525346e-24
0.505126953125 1.11877218943753e-23
0.50537109375 1.351082470064298e-23
0.505615234375 1.300080072484854e-23
0.505859375 1.35680709036475e-23
0.506103515625 1.694388369141291e-23
0.50634765625 1.921581640701974e-23
0.506591796875 1.86484213641741e-23
0.5068359375 1.915054650428795e-23
0.507080078125 2.245632439893931e-23
0.50732421875 2.465502538804479e-23
0.507568359375 2.400843760967021e-23
0.5078125 2.442385507593241e-23
0.508056640625 2.763833504874876e-23
0.50830078125 2.974286416295007e-23
0.508544921875 2.899646746429868e-23
0.5087890625 2.930490284216318e-23
0.509033203125 3.24081917528321e-23
0.50927734375 3.439905922519885e-23
0.509521484375 3.353376676950532e-23
0.509765625 3.371655238045475e-23
0.510009765625 3.66904398328737e-23
0.51025390625 3.854991316885506e-23
0.510498046875 3.754846809047786e-23
0.5107421875 3.758883705043161e-23
0.510986328125 4.041708259891298e-23
0.51123046875 4.21294666495163e-23
0.511474609375 4.09767147168321e-23
0.51171875 4.086006591844673e-23
0.511962890625 4.352865610981069e-23
0.51220703125 4.508054192157499e-23
0.512451171875 4.376367194744529e-23
0.5126953125 4.34778017916989e-23
0.512939453125 4.597517299026933e-23
0.51318359375 4.735565150467769e-23
0.513427734375 4.586439970666285e-23
0.513671875 4.539969691912658e-23
0.513916015625 4.771692038692249e-23
0.51416015625 4.891775760187095e-23
0.514404296875 4.724457266846652e-23
0.5146484375 4.659417310343917e-23
0.514892578125 4.87250993886854e-23
0.51513671875 4.974087018802301e-23
0.515380859375 4.788103641264641e-23
0.515625 4.704093536513661e-23
0.515869140625 4.898229567982665e-23
0.51611328125 4.981047417480059e-23
0.516357421875 4.776219066651209e-23
0.5166015625 4.673131086836351e-23
0.516845703125 4.848277380025537e-23
0.51708984375 4.912377869895194e-23
0.517333984375 4.688819335836717e-23
0.517578125 4.566840752049944e-23
0.517822265625 4.723259011632012e-23
0.51806640625 4.768978433371783e-23
0.518310546875 4.527098198328437e-23
0.5185546875 4.386708945059916e-23
0.518798828125 4.524952241477862e-23
0.51904296875 4.552916684582885e-23
0.519287109375 4.293411161519011e-23
0.51953125 4.135376941306632e-23
0.519775390625 4.256281687898862e-23
0.52001953125 4.267397896939664e-23
0.520263671875 3.991241174763438e-23
0.5205078125 3.816602100824152e-23
0.520751953125 3.921275604577747e-23
0.52099609375 3.916717449872346e-23
0.521240234375 3.625146696498596e-23
0.521484375 3.435201641679076e-23
0.521728515625 3.525005412977425e-23
0.52197265625 3.506196177081076e-23
0.522216796875 3.200692919224742e-23
0.5224609375 2.996979806623419e-23
0.522705078125 3.073508879582682e-23
0.52294921875 3.042099627196242e-23
0.523193359375 2.724367190245569e-23
0.5234375 2.508639524340568e-23
0.523681640625 2.573698101769461e-23
0.52392578125 2.531542461997247e-23
0.524169921875 2.203479913489392e-23
0.5244140625 1.977679909554498e-23
0.524658203125 2.033253704236654e-23
0.52490234375 1.982379450461571e-23
0.525146484375 1.646052445622863e-23
0.525390625 1.412281168709306e-23
0.525634765625 1.460506864710444e-23
0.52587890625 1.40308472780364e-23
0.526123046875 1.060693704470612e-23
0.5263671875 8.21178676441137e-24
0.526611328125 8.643109796555217e-24
0.52685546875 8.026211740126742e-24
0.527099609375 4.56467386244592e-24
0.52734375 2.135281595156139e-24
0.527587890625 2.539049449754524e-24
0.52783203125 1.903019232847759e-24
0.528076171875 -1.572481625476229e-24
0.5283203125 -4.012359333917926e-24
0.528564453125 -3.612298394163439e-24
0.52880859375 -4.243538583048767e-24
0.529052734375 -7.70905254762322e-24
0.529296875 -1.013546688005241e-23
0.529541015625 -9.715165308849024e-24
0.52978515625 -1.031768696545042e-23
0.530029296875 -1.374935105588628e-23
0.5302734375 -1.613853342845097e-23
0.530517578125 -1.567431693665172e-23
0.53076171875 -1.622455745347257e-23
0.531005859375 -1.959896710794869e-23
0.53125 -2.192769964775459e-23
0.531494140625 -2.139653627150022e-23
0.53173828125 -2.187166623476623e-23
0.531982421875 -2.51662404801925e-23
0.5322265625 -2.741221871522751e-23
0.532470703125 -2.67920786699019e-23
0.53271484375 -2.717035852409004e-23
0.532958984375 -3.036369310526563e-23
0.533203125 -3.25058752158154e-23
0.533447265625 -3.177607592632243e-23
0.53369140625 -3.203719644355011e-23
0.533935546875 -3.510939940080394e-23
0.5341796875 -3.712833657940065e-23
0.534423828125 -3.626986749669746e-23
0.53466796875 -3.639526872901705e-23
0.534912109375 -3.932827317570649e-23
0.53515625 -4.120641592543323e-23
0.535400390625 -4.020223804264097e-23
0.53564453125 -4.017540175905315e-23
0.535888671875 -4.295325095409596e-23
0.5361328125 -4.467522651860711e-23
0.536376953125 -4.351054188293438e-23
0.53662109375 -4.331725289483209e-23
0.536865234375 -4.592635312597759e-23
0.537109375 -4.747920968333225e-23
0.537353515625 -4.614169665659287e-23
0.53759765625 -4.577026890929098e-23
0.537841796875 -4.819960619372365e-23
0.5380859375 -4.957301995346506e-23
0.538330078125 -4.805303049730412e-23
0.53857421875 -4.749449434409732e-23
0.538818359375 -4.973581150666299e-23
0.5390625 -5.092225341775796e-23
0.539306640625 -4.921296926171192e-23
0.53955078125 -4.846121693227919e-23
0.539794921875 -5.050914822980768e-23
0.5400390625 -5.150400762733122e-23
0.540283203125 -4.960155280977659e-23
0.54052734375 -4.865343972755114e-23
0.540771484375 -5.050560084091037e-23
0.541015625 -5.130726402230829e-23
0.541259765625 -4.921077196629823e-23
0.54150390625 -4.806617224995709e-23
0.541748046875 -4.972320415367773e-23
0.5419921875 -5.0333086570776e-23
0.542236328125 -4.804472055860268e-23
0.54248046875 -4.670653575029089e-23
0.542724609375 -4.817210168232497e-23
0.54296875 -4.859463315227718e-23
0.543212890625 -4.611955978332372e-23
0.54345703125 -4.459368057006971e-23
0.543701171875 -4.587441605024093e-23
0.5439453125 -4.611697911633318e-23
0.544189453125 -4.346329506138728e-23
0.54443359375 -4.175851648489699e-23
0.544677734375 -4.286393305891988e-23
0.544921875 -4.293675535918605e-23
0.545166015625 -4.011536844951094e-23
0.54541015625 -3.824325982208568e-23
0.545654296875 -3.918560392723088e-23
0.5458984375 -3.910160614400365e-23
0.546142578125 -3.612607254394181e-23
0.54638671875 -3.410080399330467e-23
0.546630859375 -3.489487304070508e-23
0.546875 -3.466947469643301e-23
0.547119140625 -3.155579459302454e-23
0.54736328125 -2.939392283544272e-23
0.547607421875 -3.00568412719429e-23
0.5478515625 -2.970772729499497e-23
0.548095703125 -2.647410218647897e-23
0.54833984375 -2.419431876525366e-23
0.548583984375 -2.474527750397443e-23
0.548828125 -2.429212910258426e-23
0.549072265625 -2.095868436948373e-23
0.54931640625 -1.858153018459415e-23
0.549560546875 -1.904149336846726e-23
0.5498046875 -1.850568731172006e-23
0.550048828125 -1.509416430019618e-23
0.55029296875 -1.264171478550135e-23
0.550537109375 -1.303309836274306e-23
0.55078125 -1.243737926586154e-23
0.551025390625 -8.970801594491076e-24
0.55126953125 -6.466327363033459e-24
0.551513671875 -6.812654399864554e-24
0.5517578125 -6.18078503917417e-24
0.552001953125 -2.683104249743562e-24
0.55224609375 -1.507124180700305e-25
0.552490234375 -4.762504449107382e-25
0.552734375 1.673545210915713e-25
0.552978515625 3.6716285172793e-24
0.55322265625 6.20736680449066e-24
0.553466796875 5.877980827561136e-24
0.5537109375 6.508632086107825e-24
0.553955078125 9.994810067829383e-24
0.55419921875 1.250924016605767e-23
0.554443359375 1.215138147517043e-23
0.5546875 1.274449740964859e-23
0.554931640625 1.618809355337529e-23
0.55517578125 1.865686001582891e-23
0.555419921875 1.824629835681101e-23
0.5556640625 1.877778660163076e-23
0.555908203125 2.215489891045311e-23
0.55615234375 2.455432442529135e-23
0.556396484375 2.406760112798056e-23
0.556640625 2.45142334096633e-23
0.556884765625 2.780191595960525e-23
0.55712890625 3.010937064296393e-23
0.557373046875 2.95241645982389e-23
0.5576171875 2.986393903608553e-23
0.557861328125 3.3040560250276e-23
0.55810546875 3.523481554826727e-23
0.558349609375 3.453029238930442e-23
0.55859375 3.474277761097756e-23
0.558837890625 3.778835897637434e-23
0.55908203125 3.984992065556287e-23
0.559326171875 3.900705969298865e-23
0.5595703125 3.907371539018043e-23
0.559814453125 4.197024532275134e-23
0.56005859375 4.388166034091585e-23
0.560302734375 4.288355413464388e-23
0.560546875 4.278802303763039e-23
0.560791015625 4.551974097567421e-23
0.56103515625 4.7265873418266e-23
0.561279296875 4.609799528189642e-23
0.5615234375 4.582636196386453e-23
0.561767578125 4.838000821995215e-23
0.56201171875 4.994827995666339e-23
0.562255859375 4.859871517704368e-23
0.5625 4.813972760320201e-23
0.562744140625 5.050475502610823e-23
0.56298828125 5.188534727922381e-23
0.563232421875 5.034498438691357e-23
0.5634765625 4.969023469176132e-23
0.563720703125 5.185897877292831e-23
0.56396484375 5.304499138647252e-23
0.564208984375 5.130767042379084e-23
0.564453125 5.045173202396075e-23
0.564697265625 5.241953671949376e-23
0.56494140625 5.340710256651863e-23
0.565185546875 5.146971795941568e-23
0.5654296875 5.041023677960686e-23
0.565673828125 5.217553399886966e-23
0.56591796875 5.296388665355171e-23
0.566162109375 5.082644299148499e-23
0.56640625 4.956418128694076e-23
0.566650390625 5.112852271201303e-23
0.56689453125 5.17200162330201e-23
0.567138671875 4.938563598672396e-23
0.5673828125 4.792446797656989e-23
0.567626953125 4.929250861218745e-23
0.56787109375 4.969258902294843e-23
0.568115234375 4.716747197219109e-23
0.568359375 4.551433124253927e-23
0.568603515625 4.669376484235691e-23
0.56884765625 4.691089364093772e-23
0.569091796875 4.420422853166841e-23
0.5693359375 4.236900791414598e-23
0.569580078125 4.337045517467667e-23
0.56982421875 4.341598594954536e-23
0.570068359375 4.053981564065249e-23
0.5703125 3.853522100944322e-23
0.570556640625 3.937207215628064e-23
0.57080078125 3.926008211265829e-23
0.571044921875 3.622912419548851e-23
0.5712890625 3.407048434258529e-23
0.571533203125 3.475869844324325e-23
0.57177734375 3.450577734676839e-23
0.572021484375 3.133720291420241e-23
0.572265625 2.904223834731136e-23
0.572509765625 2.960010236001192e-23
0.57275390625 2.922510206919901e-23
0.572998046875 2.593827596489129e-23
0.5732421875 2.352683011453984e-23
0.573486328125 2.3974681312204e-23
0.57373046875 2.3498429688164e-23
0.573974609375 2.011461617010122e-23
0.57421875 1.760835308203874e-23
0.574462890625 1.796826906565523e-23
0.57470703125 1.741325260732871e-23
0.574951171875 1.395529090383984e-23
0.5751953125 1.137736402053978e-23
0.575439453125 1.167282504694713e-23
0.57568359375 1.106284509366326e-23
0.575927734375 7.554799805867102e-24
0.576171875 4.929496898491639e-24
0.576416015625 5.185025686551946e-24
0.57666015625 4.544833449482504e-24
0.576904296875 1.011625154310592e-24
0.5771484375 -1.63600515322928e-24
0.577392578125 -1.395220614259346e-24
0.57763671875 -2.040304590957725e-24
0.577880859375 -5.573282864794908e-24
0.578125 -8.217817241261782e-24
0.578369140625 -7.966312082080294e-24
0.57861328125 -8.59078817638407e-24
0.578857421875 -1.209806269607084e-23
0.5791015625 -1.471409597064736e-23
0.579345703125 -1.44265220458977e-23
0.57958984375 -1.500510551198781e-23
0.579833984375 -1.846151576820613e-23
0.580078125 -2.102405445631612e-23
0.580322265625 -2.067557308325192e-23
0.58056640625 -2.118358561674039e-23
0.580810546875 -2.456467434045188e-23
0.5810546875 -2.704952473985108e-23
0.581298828125 -2.66161924926872e-23
0.58154296875 -2.702994534273615e-23
0.581787109375 -3.031233856747191e-23
0.58203125 -3.269648340737739e-23
0.582275390625 -3.215562498240213e-23
0.58251953125 -3.245278766386719e-23
0.582763671875 -3.561455893051718e-23
0.5830078125 -3.787651672034826e-23
0.583251953125 -3.720707907362335e-23
0.58349609375 -3.736702794199681e-23
0.583740234375 -4.038804097536323e-23
0.583984375 -4.250820245440541e-23
0.584228515625 -4.169108469084385e-23
0.58447265625 -4.16952259416006e-23
0.584716796875 -4.455745044847627e-23
0.5849609375 -4.651838687957628e-23
0.585205078125 -4.553674073502736e-23
0.58544921875 -4.536880277257255e-23
0.585693359375 -4.80565984150346e-23
0.5859375 -4.984333688938155e-23
0.586181640625 -4.868283309082442e-23
0.58642578125 -4.832912367484007e-23
0.586669921875 -5.08294877537542e-23
0.5869140625 -5.242974917330392e-23
0.587158203125 -5.107880547957957e-23
0.58740234375 -5.052842959115819e-23
0.587646484375 -5.283120452626344e-23
0.587890625 -5.423560049803269e-23
0.588134765625 -5.268556780689165e-23
0.58837890625 -5.193060277536123e-23
0.588623046875 -5.402864008139904e-23
0.5888671875 -5.523082558494452e-23
0.589111328125 -5.347612913266959e-23
0.58935546875 -5.251175421732245e-23
0.589599609375 -5.440103234114472e-23
0.58984375 -5.539781170749116e-23
0.590087890625 -5.343604507522161e-23
0.59033203125 -5.226062339418899e-23
0.590576171875 -5.394031748535915e-23
0.5908203125 -5.473170194217582e-23
0.591064453125 -5.256367230774672e-23
0.59130859375 -5.117878373846633e-23
0.591552734375 -5.265128616487059e-23
0.591796875 -5.324050194769347e-23
0.592041015625 -5.087022577216044e-23
0.59228515625 -4.928065020286255e-23
0.592529296875 -5.055154138171066e-23
0.5927734375 -5.094498817308875e-23
0.593017578125 -4.837963727564063e-23
0.59326171875 -4.659328835351996e-23
0.593505859375 -4.767125823534816e-23
0.59375 -4.787841846121325e-23
0.593994140625 -4.512821720304773e-23
0.59423828125 -4.315602749039953e-23
0.594482421875 -4.405274879721917e-23
0.5947265625 -4.4086049070621e-23
0.594970703125 -4.116412412576303e-23
0.59521484375 -3.901988332851707e-23
0.595458984375 -3.974983839558632e-23
0.595703125 -3.962446514049166e-23
0.595947265625 -3.654665006765032e-23
0.59619140625 -3.42467987298068e-23
0.596435546875 -3.482706252162571e-23
0.5966796875 -3.456073452222862e-23
0.596923828125 -3.134533205535334e-23
0.59716796875 -2.890871380642046e-23
0.597412109375 -2.935869636067655e-23
0.59765625 -2.897139765341828e-23
0.597900390625 -2.563890328847657e-23
0.59814453125 -2.308647937840796e-23
0.598388671875 -2.342763156575466e-23
0.5986328125 -2.294130871172932e-23
0.598876953125 -1.951409977329365e-23
0.59912109375 -1.686863022043599e-23
0.599365234375 -1.712411728350185e-23
0.599609375 -1.656234561821293e-23
0.599853515625 -1.306434053207429e-23
0.60009765625 -1.035003673510397e-23
0.600341796875 -1.054438457778516e-23
0.6005859375 -9.932008524732966e-24
0.600830078125 -6.388301493539467e-24
0.60107421875 -3.630455609917882e-24
0.601318359375 -3.789175240028755e-24
0.6015625 -3.151928186496987e-24
0.601806640625 4.115951431642338e-25
0.60205078125 3.186998379048753e-24
0.602294921875 3.037802501391479e-24
0.6025390625 3.673692940185149e-24
0.602783203125 7.230752924898687e-24
0.60302734375 9.997435987083317e-24
0.603271484375 9.831467681682874e-24
0.603515625 1.043968294543121e-23
0.603759765625 1.396401039647203e-23
0.60400390625 1.669580820717306e-23
0.604248046875 1.648698520413947e-23
0.6044921875 1.704152140742376e-23
0.604736328125 2.050726281538398e-23
0.60498046875 2.317852719242481e-23
0.605224609375 2.290138440464043e-23
0.60546875 2.337695403458226e-23
0.605712890625 2.675907131034427e-23
0.60595703125 2.934506837428045e-23
0.606201171875 2.897515257870383e-23
0.6064453125 2.934757605788346e-23
0.606689453125 3.262223460437226e-23
0.60693359375 3.50995289925306e-23
0.607177734375 3.46137788063815e-23
0.607421875 3.486035985177992e-23
0.607666015625 3.800529894781818e-23
0.60791015625 4.035211887304639e-23
0.608154296875 3.972922412489131e-23
0.6083984375 3.98291030707959e-23
0.608642578125 4.282398280868251e-23
0.60888671875 4.502056028365615e-23
0.609130859375 4.424129518497469e-23
0.609375 4.417577476569697e-23
0.609619140625 4.700249413387712e-23
0.60986328125 4.903137505320804e-23
0.610107421875 4.807889996876842e-23
0.6103515625 4.783173847056021e-23
0.610595703125 5.047471960691972e-23
0.61083984375 5.232103883353219e-23
0.611083984375 5.118116592273009e-23
0.611328125 5.073883310741983e-23
0.611572265625 5.31852672605519e-23
0.61181640625 5.483698439294049e-23
0.612060546875 5.349840294220387e-23
0.6123046875 5.285029471026223e-23
0.612548828125 5.50903460279739e-23
0.61279296875 5.653843812301823e-23
0.613037109375 5.49928960030363e-23
0.61328125 5.413150439239908e-23
0.613525390625 5.615846829980535e-23
0.61376953125 5.739707648266127e-23
0.614013671875 5.563951483421146e-23
0.6142578125 5.456055063379312e-23
0.614501953125 5.637096425773954e-23
0.61474609375 5.739749185598596e-23
0.614990234375 5.542613082431235e-23
0.615234375 5.412859680712082e-23
0.615478515625 5.572229963887699e-23
0.61572265625 5.653746022169233e-23
0.615966796875 5.435383431071117e-23
0.6162109375 5.28400478498337e-23
0.616455078125 5.422019160258148e-23
0.61669921875 5.482800607587311e-23
0.616943359375 5.243694846845699e-23
0.6171875 5.071251307817772e-23
0.617431640625 5.188552047816841e-23
0.61767578125 5.229326317145403e-23
0.617919921875 4.970283914867024e-23
0.6181640625 4.777656528070259e-23
0.618408203125 4.875203831886926e-23
0.61865234375 4.897013278717927e-23
0.618896484375 4.619152316562106e-23
0.619140625 4.407529937459683e-23
0.619384765625 4.486587832689911e-23
0.61962890625 4.490774436885803e-23
0.619873046875 4.195508064877861e-23
0.6201171875 3.966369700977584e-23
0.620361328125 4.028487229730951e-23
0.62060546875 4.016672644688205e-23
0.620849609375 3.70568801129429e-23
0.62109375 3.460780651486206e-23
0.621337890625 3.507768620720986e-23
0.62158203125 3.481829867954166e-23
0.621826171875 3.157062780881373e-23
0.6220703125 2.898375044952198e-23
0.622314453125 2.932278690531498e-23
0.62255859375 2.894319865550889e-23
0.622802734375 2.557925565292295e-23
0.623046875 2.287657571410299e-23
0.623291015625 2.310725549078678e-23
0.62353515625 2.263045966767179e-23
0.623779296875 1.917366455704193e-23
0.6240234375 1.637896362867259e-23
0.624267578125 1.652546536885497e-23
0.62451171875 1.5976058004158e-23
0.624755859375 1.245134224355769e-23
0.625 9.58981959049211e-24
0.625244140625 9.677645096147228e-24
0.62548828125 9.081450354167195e-24
0.625732421875 5.514876609495639e-24
0.6259765625 2.612763817494831e-24
0.626220703125 2.668347947627118e-24
0.62646484375 2.052023663870271e-24
0.626708984375 -1.529612643527349e-24
0.626953125 -4.445453744656362e-24
0.627197265625 -4.39514837911323e-24
0.62744140625 -5.004518826138908e-24
0.627685546875 -8.574100089037201e-24
0.6279296875 -1.147659005772419e-23
0.628173828125 -1.140448738147829e-23
0.62841796875 -1.197981059819678e-23
0.628662109375 -1.551031340232754e-23
0.62890625 -1.837257203028576e-23
0.629150390625 -1.825189940249701e-23
0.62939453125 -1.876648851422599e-23
0.629638671875 -2.223139941636666e-23
0.6298828125 -2.502716036631363e-23
0.630126953125 -2.483186166660846e-23
0.63037109375 -2.525984743578726e-23
0.630615234375 -2.863357172784036e-23
0.630859375 -3.133758856530554e-23
0.631103515625 -3.104272708930302e-23
0.63134765625 -3.135945726731973e-23
0.631591796875 -3.461771440891081e-23
0.6318359375 -3.720615174997428e-23
0.632080078125 -3.678829668155784e-23
0.63232421875 -3.697071741285548e-23
0.632568359375 -4.009091700854055e-23
0.6328125 -4.254172072298746e-23
0.633056640625 -4.197931119206925e-23
0.63330078125 -4.200632455434485e-23
0.633544921875 -4.496791704008402e-23
0.6337890625 -4.726115776114971e-23
0.634033203125 -4.653483883020333e-23
0.63427734375 -4.638763095157397e-23
0.634521484375 -4.91724275343681e-23
0.634765625 -5.129061212729475e-23
0.635009765625 -5.038353747246605e-23
0.63525390625 -5.004587211006965e-23
0.635498046875 -5.263832896888841e-23
0.6357421875 -5.456667509503552e-23
0.635986328125 -5.346477165183739e-23
0.63623046875 -5.292324463983412e-23
0.636474609375 -5.531070693824341e-23
0.63671875 -5.703737641191247e-23
0.636962890625 -5.572956683376399e-23
0.63720703125 -5.497381740405748e-23
0.637451171875 -5.714671927690921e-23
0.6376953125 -5.866300654013825e-23
0.637939453125 -5.714138596139413e-23
0.63818359375 -5.616426159867811e-23
0.638427734375 -5.811627894768909e-23
0.638671875 -5.941675167416915e-23
0.638916015625 -5.767671596817746e-23
0.63916015625 -5.647438817191481e-23
0.639404296875 -5.820254182748585e-23
0.6396484375 -5.928513140018676e-23
0.639892578125 -5.732545486638221e-23
0.64013671875 -5.589748394528909e-23
0.640380859375 -5.740219151356615e-23
0.640625 -5.826823189020201e-23
0.640869140625 -5.609109308107076e-23
0.64111328125 -5.444044088892178e-23
0.641357421875 -5.572551639204863e-23
0.6416015625 -5.637973066648211e-23
0.641845703125 -5.399068586333282e-23
0.64208984375 -5.212367618642747e-23
0.642333984375 -5.319627740816556e-23
0.642578125 -5.364671218185323e-23
0.642822265625 -5.105461683547758e-23
0.64306640625 -4.898084394959457e-23
0.643310546875 -4.985136820539099e-23
0.6435546875 -5.010927668873451e-23
0.643798828125 -4.732615594471733e-23
0.64404296875 -4.505834266019934e-23
0.644287109375 -4.574027250814277e-23
0.64453125 -4.581994806450036e-23
0.644775390625 -4.286081828073642e-23
0.64501953125 -4.041462557631877e-23
0.645263671875 -4.092432676060633e-23
0.6455078125 -4.08428893736095e-23
0.645751953125 -3.772553329730889e-23
0.64599609375 -3.51193243940467e-23
0.646240234375 -3.547579905384552e-23
0.646484375 -3.525293792944897e-23
0.646728515625 -3.199763692065412e-23
0.64697265625 -2.925219935540139e-23
0.647216796875 -2.947679822750381e-23
0.6474609375 -2.913447442476009e-23
0.647705078125 -2.576370178213382e-23
0.64794921875 -2.290193169421316e-23
0.648193359375 -2.301802967711196e-23
0.6484375 -2.258014328499622e-23
0.648681640625 -1.911822333672961e-23
0.64892578125 -1.616477677169033e-23
0.649169921875 -1.61974167913787e-23
0.6494140625 -1.568944372377261e-23
0.649658203125 -1.216218188257404e-23
0.64990234375 -9.143098433865506e-24
0.650146484375 -9.118609049009052e-24
0.650390625 -8.567213007084769e-24
0.650634765625 -5.001502444789384e-24
0.65087890625 -1.943806989779263e-24
0.651123046875 -1.889399588012349e-24
0.6513671875 -1.322025131505992e-24
0.651611328125 2.254563901180931e-24
0.65185546875 5.323275267172226e-24
0.652099609375 5.379923505785938e-24
0.65234375 5.935470535933081e-24
0.652587890625 9.495112441675881e-24
0.65283203125 1.254709591609195e-23
0.653076171875 1.257826688300668e-23
0.6533203125 1.309424514319193e-23
0.653564453125 1.660928527897135e-23
0.65380859375 1.96170757946693e-23
0.654052734375 1.959543660813761e-23
0.654296875 2.004459467872397e-23
0.654541015625 2.348797366176916e-23
0.65478515625 2.642480769360202e-23
0.655029296875 2.632383157933767e-23
0.6552734375 2.667982648184752e-23
0.655517578125 3.002549595774671e-23
0.65576171875 3.28657241713888e-23
0.656005859375 3.266009957431988e-23
0.65625 3.289790191855643e-23
0.656494140625 3.612122537089631e-23
0.65673828125 3.884070873943521e-23
0.656982421875 3.850673034446431e-23
0.6572265625 3.860300984195464e-23
0.657470703125 4.168114224442234e-23
0.65771484375 4.42576255042865e-23
0.657958984375 4.377356111415498e-23
0.658203125 4.370704648845082e-23
0.658447265625 4.66192869181709e-23
0.65869140625 4.903274357713007e-23
0.658935546875 4.83791711597576e-23
0.6591796875 4.813097887104065e-23
0.659423828125 5.08590906111866e-23
0.65966796875 5.30920341523989e-23
0.659912109375 5.225214382277697e-23
0.66015625 5.180607049811221e-23
0.660400390625 5.433456365231755e-23
0.66064453125 5.637232009305783e-23
0.660888671875 5.533217632918677e-23
0.6611328125 5.467495034328724e-23
0.661376953125 5.699132255663078e-23
0.66162109375 5.882226011068795e-23
0.661865234375 5.757102011091753e-23
0.662109375 5.66925083871478e-23
0.662353515625 5.878743990965771e-23
0.66259765625 6.040315215931869e-23
0.662841796875 5.893323692048057e-23
0.6630859375 5.782660370834612e-23
0.663330078125 5.969410373730516e-23
0.66357421875 6.108954343431079e-23
0.663818359375 5.939675885599937e-23
0.6640625 5.80585739790008e-23
0.664306640625 5.96960759650579e-23
0.66455078125 6.08696373389382e-23
0.664794921875 5.89532434278302e-23
0.6650390625 5.738353827306334e-23
0.665283203125 5.87919426606485e-23
0.66552734375 5.974549090572067e-23
0.665771484375 5.760821795334208e-23
0.666015625 5.581048827941625e-23
0.666259765625 5.699415196227633e-23
0.66650390625 5.773299938906e-23
0.666748046875 5.538101081428026e-23
0.6669921875 5.336216627472602e-23
0.667236328125 5.432883886976397e-23
0.66748046875 5.48616680300989e-23
0.667724609375 5.23044704014283e-23
0.66796875 5.007473150399571e-23
0.668212890625 5.083543936854975e-23
0.66845703125 5.117417428341635e-23
0.668701171875 4.842447585297292e-23
0.6689453125 4.599721988829693e-23
0.669189453125 4.656609961450784e-23
0.66943359375 4.672572703685626e-23
0.669677734375 4.379924691510637e-23
0.669921875 4.119080517856659e-23
0.670166015625 4.158488908126112e-23
0.67041015625 4.158323250046574e-23
0.670654296875 3.849846336597748e-23
0.6708984375 3.572787275187871e-23
0.671142578125 3.596682961100463e-23
0.67138671875 3.582427943887127e-23
0.671630859375 3.260220739861292e-23
0.671875 2.969092015427146e-23
0.672119140625 2.979675516796471e-23
0.67236328125 2.953595922710973e-23
0.672607421875 2.61997451088425e-23
0.6728515625 2.317130118675529e-23
0.673095703125 2.316801972561439e-23
0.67333984375 2.281353877877421e-23
0.673583984375 1.938816573756717e-23
0.673828125 1.62678327664182e-23
0.674072265625 1.618107308358523e-23
0.67431640625 1.57590066874816e-23
0.674560546875 1.227089953382052e-23
0.6748046875 9.085285934375579e-24
0.675048828125 8.941926470838504e-24
0.67529296875 8.479514901871185e-24
0.675537109375 4.956137001004133e-24
0.67578125 1.73278419322406e-24
0.676025390625 1.560531515553029e-24
0.67626953125 1.085739889721316e-24
0.676513671875 -2.44482616617307e-24
0.6767578125 -5.677866190081712e-24
0.677001953125 -5.850902477679936e-24
0.67724609375 -6.309811487738098e-24
0.677490234375 -9.819292976845316e-24
0.677734375 -1.303388820718412e-23
0.677978515625 -1.317962702805782e-23
0.67822265625 -1.359452529452251e-23
0.678466796875 -1.705489161823653e-23
0.6787109375 -2.0223262073421e-23
0.678955078125 -2.031408226724427e-23
0.67919921875 -2.065740646315621e-23
0.679443359375 -2.404129788679188e-23
0.6796875 -2.713644248486312e-23
0.679931640625 -2.714560736429192e-23
0.68017578125 -2.739078073408339e-23
0.680419921875 -3.067192699745172e-23
0.6806640625 -3.366803866406205e-23
0.680908203125 -3.35701071847667e-23
0.68115234375 -3.369194631604953e-23
0.681396484375 -3.684556864828394e-23
0.681640625 -3.971843124952964e-23
0.681884765625 -3.948964944215793e-23
0.68212890625 -3.946474975363989e-23
0.682373046875 -4.246794007958845e-23
0.6826171875 -4.51953010455426e-23
0.682861328125 -4.481396765999279e-23
0.68310546875 -4.462106164619804e-23
0.683349609375 -4.745313312126546e-23
0.68359375 -5.001504599904785e-23
0.683837890625 -4.946184670740918e-23
0.68408203125 -4.908212939961649e-23
0.684326171875 -5.172493285081665e-23
0.6845703125 -5.410406448876881e-23
0.684814453125 -5.336236947742327e-23
0.68505859375 -5.277978608515656e-23
0.685302734375 -5.521798746166268e-23
0.685546875 -5.739988507156172e-23
0.685791015625 -5.645600541771149e-23
0.68603515625 -5.565749669883649e-23
0.686279296875 -5.787881123713694e-23
0.6865234375 -5.985212520101874e-23
0.686767578125 -5.869552406561069e-23
0.68701171875 -5.767122562625153e-23
0.687255859375 -5.966660510415276e-23
0.6875 -6.142326407657065e-23
0.687744140625 -6.004671944442985e-23
0.68798828125 -5.879011188258938e-23
0.688232421875 -6.055388206211121e-23
0.6884765625 -6.208921765696143e-23
0.688720703125 -6.04889341049875e-23
0.68896484375 -5.899694167286487e-23
0.689208984375 -6.05268878034571e-23
0.689453125 -6.183970693544152e-23
0.689697265625 -6.00153746993863e-23
0.68994140625 -5.828841095703789e-23
0.690185546875 -5.95858100154375e-23
0.6904296875 -6.067841377750327e-23
0.690673828125 -5.863321420486924e-23
0.69091796875 -5.667517395971694e-23
0.691162109375 -5.77447731286439e-23
0.69140625 -5.862292191596818e-23
0.691650390625 -5.636347922412882e-23
0.69189453125 -5.418167688399118e-23
0.692138671875 -5.503161860595541e-23
0.6923828125 -5.570444403099725e-23
0.692626953125 -5.324072412286089e-23
0.69287109375 -5.084577942184297e-23
0.693115234375 -5.148747419340834e-23
0.693359375 -5.196733916248902e-23
0.693603515625 -4.93124970738605e-23
0.69384765625 -4.671816994731624e-23
0.694091796875 -4.716611883052557e-23
0.6943359375 -4.746842795722436e-23
0.694580078125 -4.463860630761924e-23
0.69482421875 -4.186158348204012e-23
0.695068359375 -4.213315309044143e-23
0.6953125 -4.227611639231767e-23
0.695556640625 -3.929019797187944e-23
0.69580078125 -3.634983458534624e-23
0.696044921875 -3.646498804010053e-23
0.6962890625 -3.646934159071776e-23
0.696533203125 -3.334865992814243e-23
0.69677734375 -3.026668019530442e-23
0.697021484375 -3.0247668230543e-23
0.697265625 -3.013635610721188e-23
0.697509765625 -2.690436851603877e-23
0.69775390625 -2.370453008746606e-23
0.697998046875 -2.357554710268661e-23
0.6982421875 -2.337336957115387e-23
0.698486328125 -2.005529775419023e-23
0.69873046875 -1.676302498332119e-23
0.698974609375 -1.654983538452579e-23
0.69921875 -1.628306878559567e-23
0.699462890625 -1.290551258042813e-23
0.69970703125 -9.547504393457168e-24
0.699951171875 -9.277045025216254e-24
0.7001953125 -8.97303926684699e-24
0.700439453125 -5.563569531469024e-24
0.70068359375 -2.167387988706958e-24
0.700927734375 -1.867352829299074e-24
0.701171875 -1.554112734003847e-24
0.701416015625 1.859150306069087e-24
0.70166015625 5.265504370761577e-24
0.701904296875 5.567090805504026e-24
0.7021484375 5.861333799439611e-24
0.702392578125 9.250150197629403e-24
0.70263671875 1.263866787448649e-23
0.702880859375 1.291388180024973e-23
0.703125 1.316110093822356e-23
0.703369140625 1.649754200076748e-23
0.70361328125 1.984063665874954e-23
0.703857421875 2.006208427719177e-23
0.7041015625 2.02348850997736e-23
0.704345703125 2.349175900397157e-23
0.70458984375 2.676268963157815e-23
0.704833984375 2.690392771805501e-23
0.705078125 2.697596535753034e-23
0.705322265625 3.012723081900222e-23
0.70556640625 3.330051179415248e-23
0.705810546875 3.333645310624434e-23
0.7060546875 3.328283280655421e-23
0.706298828125 3.630399439110175e-23
0.70654296875 3.935578533936762e-23
0.706787109375 3.926308257530815e-23
0.70703125 3.906073724030963e-23
0.707275390625 4.192921620725746e-23
0.70751953125 4.483768592342557e-23
0.707763671875 4.459508829931964e-23
0.7080078125 4.422312723785889e-23
0.708251953125 4.691860218872146e-23
0.70849609375 4.966426100668662e-23
0.708740234375 4.92529379541847e-23
0.708984375 4.869296144539222e-23
0.709228515625 5.119767352845195e-23
0.70947265625 5.376366902248599e-23
0.709716796875 5.316749602726834e-23
0.7099609375 5.240387086861507e-23
0.710205078125 5.470288884882797e-23
0.71044921875 5.70752603273562e-23
0.710693359375 5.628106252569916e-23
0.7109375 5.530115434115527e-23
0.711181640625 5.73825954771304e-23
0.71142578125 5.95504833792683e-23
0.711669921875 5.85482331951674e-23
0.7119140625 5.734259196170689e-23
0.712158203125 5.919779532719984e-23
0.71240234375 6.115360234226865e-23
0.712646484375 5.993656817108497e-23
0.712890625 5.849906415791288e-23
0.713134765625 6.012271379354072e-23
0.71337890625 6.186221528324801e-23
0.713623046875 6.042705899787895e-23
0.7138671875 5.875496709264918e-23
0.714111328125 6.014516316234775e-23
0.71435546875 6.166756526248279e-23
0.714599609375 6.001438712267172e-23
0.71484375 5.810841833017576e-23
0.715087890625 5.926669527405352e-23
0.71533203125 6.057463987466612e-23
0.715576171875 5.870697024638762e-23
0.7158203125 5.657124997499457e-23
0.716064453125 5.75025414825636e-23
0.71630859375 5.860205811974816e-23
0.716552734375 5.652679624674601e-23
0.716796875 5.416878983301454e-23
0.717041015625 5.488134129529751e-23
0.71728515625 5.57817468206237e-23
0.717529296875 5.350904772072334e-23
0.7177734375 5.093943447007417e-23
0.718017578125 5.144466439240528e-23
0.71826171875 5.215841210461963e-23
0.718505859375 4.970152347636606e-23
0.71875 4.693402130407286e-23
0.718994140625 4.72463339606849e-23
0.71923828125 4.77888146754666e-23
0.719482421875 4.51638664830086e-23
0.7197265625 4.221501001260276e-23
0.719970703125 4.235156238640861e-23
0.72021484375 4.274086067125059e-23
0.720458984375 3.996661081478366e-23
0.720703125 3.685548651768036e-23
0.720947265625 3.68359132821694e-23
0.72119140625 3.709252278285524e-23
0.721435546875 3.419006294661765e-23
0.7216796875 3.093800557610807e-23
0.721923828125 3.07841065294069e-23
0.72216796875 3.093060895103341e-23
0.722412109375 2.792303533998659e-23
0.72265625 2.455329051379127e-23
0.722900390625 2.428868545752937e-23
0.72314453125 2.434939832642238e-23
0.723388671875 2.126145254640819e-23
0.7236328125 1.779881085546008e-23
0.723876953125 1.744856741368434e-23
0.72412109375 1.744916622792973e-23
0.724365234375 1.430685202375032e-23
0.724609375 1.077726048227312e-23
0.724853515625 1.036750077042201e-23
0.72509765625 1.033462153844745e-23
0.725341796875 7.164803472536643e-24
0.7255859375 3.594960468894114e-24
0.725830078125 3.152452843120672e-24
0.72607421875 3.113281305535049e-24
0.726318359375 -5.672826901751575e-26
0.7265625 -3.639788115222906e-24
0.726806640625 -4.08804577741889e-24
0.72705078125 -4.106191752257659e-24
0.727294921875 -7.249050901105273e-24
0.7275390625 -1.081837542656893e-23
0.727783203125 -1.124557434577442e-23
0.72802734375 -1.1215662610516e-23
0.728271484375 -1.430441662127552e-23
0.728515625 -1.783355176299132e-23
0.728759765625 -1.821348619606935e-23
0.72900390625 -1.810918184904601e-23
0.729248046875 -2.111767207964267e-23
0.7294921875 -2.458106795336486e-23
0.729736328125 -2.4888537961365e-23
0.72998046875 -2.468460209723213e-23
0.730224609375 -2.758786046506329e-23
0.73046875 -3.096126152644849e-23
0.730712890625 -3.117245827919479e-23
0.73095703125 -3.084512773687852e-23
0.731201171875 -3.361975069100867e-23
0.7314453125 -3.688056389920591e-23
0.731689453125 -3.69734315196931e-23
0.73193359375 -3.650077371966798e-23
0.732177734375 -3.912526988300939e-23
0.732421875 -4.225290515490612e-23
0.732666015625 -4.220747349846494e-23
0.73291015625 -4.156971087608584e-23
0.733154296875 -4.402481698175618e-23
0.7333984375 -4.700099468447824e-23
0.733642578125 -4.679967792868216e-23
0.73388671875 -4.59794769724181e-23
0.734130859375 -4.824843724120822e-23
0.734375 -5.105745801326765e-23
0.734619140625 -5.068531449695076e-23
0.73486328125 -4.966803498173447e-23
0.735107421875 -5.173683968733835e-23
0.7353515625 -5.43658124964213e-23
0.735595703125 -5.381076188084269e-23
0.73583984375 -5.258466253790746e-23
0.736083984375 -5.444224217357961e-23
0.736328125 -5.688126720109865e-23
0.736572265625 -5.613426172299086e-23
0.73681640625 -5.469065929799081e-23
0.737060546875 -5.63290314817329e-23
0.7373046875 -5.857133516008078e-23
0.737548828125 -5.762648249366397e-23
0.73779296875 -5.595986190298149e-23
0.738037109375 -5.73742289265216e-23
0.73828125 -5.94162492323751e-23
0.738525390625 -5.827088526331181e-23
0.73876953125 -5.637895935202787e-23
0.739013671875 -5.756775507921247e-23
0.7392578125 -5.940917599267915e-23
0.739501953125 -5.806388661859904e-23
0.73974609375 -5.594760483956899e-23
0.739990234375 -5.691249047936786e-23
0.740234375 -5.855622534107404e-23
0.740478515625 -5.701481723753205e-23
0.74072265625 -5.467832339629134e-23
0.740966796875 -5.542413250100294e-23
0.7412109375 -5.687625682402545e-23
0.741455078125 -5.514567793810057e-23
0.74169921875 -5.259621796925931e-23
0.741943359375 -5.313085182635683e-23
0.7421875 -5.440048693379644e-23
0.742431640625 -5.249069827653417e-23
0.74267578125 -4.973847982074779e-23
0.742919921875 -5.007275520365355e-23
0.7431640625 -5.117190485219833e-23
0.743408203125 -4.909570594273031e-23
0.74365234375 -4.615371226586656e-23
0.743896484375 -4.630116427186104e-23
0.744140625 -4.724450717425007e-23
0.744384765625 -4.501731822960473e-23
0.74462890625 -4.190107975502892e-23
0.744873046875 -4.187772317496237e-23
0.7451171875 -4.268236503721371e-23
0.745361328125 -4.032196969074286e-23
0.74560546875 -3.704929708949436e-23
0.745849609375 -3.687335041227034e-23
0.74609375 -3.755853974368564e-23
0.746337890625 -3.508479270015413e-23
0.74658203125 -3.167547609138654e-23
0.746826171875 -3.13670528355287e-23
0.7470703125 -3.195386535998911e-23
0.747314453125 -2.938836994661531e-23
0.74755859375 -2.586384929183682e-23
0.747802734375 -2.544462186712106e-23
0.748046875 -2.595561885397266e-23
0.748291015625 -2.33213798949261e-23
0.74853515625 -1.970439211578595e-23
0.748779296875 -1.919723384160577e-23
0.7490234375 -1.965610007520539e-23
0.749267578125 -1.697715789455639e-23
0.74951171875 -1.329136659761567e-23
0.749755859375 -1.271997783440164e-23
0.75 -1.315114524671976e-23
0.750244140625 -1.045219688546859e-23
0.75048828125 -6.721810833007015e-24
0.750732421875 -6.11033541324378e-24
0.7509765625 -6.538598608669087e-24
0.751220703125 -3.844612520553746e-24
0.75146484375 -9.399913948507275e-26
0.751708984375 5.333625881161232e-25
0.751953125 8.323258572115344e-26
0.752197265625 2.747402020359679e-24
0.75244140625 6.494101751178737e-24
0.752685546875 7.113476929114045e-24
0.7529296875 6.617114381791212e-24
0.753173828125 9.22710621590636e-24
0.75341796875 1.294635521731936e-23
0.753662109375 1.353457328706766e-23
0.75390625 1.29683886853981e-23
0.754150390625 1.550070246699401e-23
0.75439453125 1.916993122982889e-23
0.754638671875 1.970488347692659e-23
0.7548828125 1.904641771854208e-23
0.755126953125 2.147876232154668e-23
0.75537109375 2.507671293962376e-23
0.755615234375 2.553769100233572e-23
0.755859375 2.476594711874796e-23
0.756103515625 2.707756574830414e-23
0.75634765625 3.058461082029058e-23
0.756591796875 3.095261877372346e-23
0.7568359375 3.004836592651572e-23
0.757080078125 3.222033213523981e-23
0.75732421875 3.561876349502641e-23
0.757568359375 3.587679859794443e-23
0.7578125 3.482284356191627e-23
0.758056640625 3.683832363086716e-23
0.75830078125 4.01126064036753e-23
0.758544921875 4.024590415242729e-23
0.7587890625 3.902732607935318e-23
0.759033203125 4.087180371199342e-23
0.75927734375 4.400879180577806e-23
0.759521484375 4.40050315693383e-23
0.759765625 4.260937647204081e-23
0.760009765625 4.427083641114865e-23
0.76025390625 4.725994622984612e-23
0.760498046875 4.710941443139074e-23
0.7607421875 4.552684653269528e-23
0.760986328125 4.699591442800923e-23
0.76123046875 4.982925432322639e-23
0.761474609375 4.952496287514417e-23
0.76171875 4.774837071828678e-23
0.761962890625 4.901840733433595e-23
0.76220703125 5.16908610828725e-23
0.762451171875 5.122861956112312e-23
0.7626953125 4.925367556437017e-23
0.762939453125 5.032082421057562e-23
0.76318359375 5.283008760357949e-23
0.763427734375 5.220852845059507e-23
0.763671875 5.003370139590049e-23
0.763916015625 5.089688827108831e-23
0.76416015625 5.324345871307558e-23
0.764404296875 5.246401557221757e-23
0.7646484375 5.009053633183525e-23
0.764892578125 5.075142428893418e-23
0.76513671875 5.293854411737173e-23
0.765380859375 5.200538421234784e-23
0.765625 4.943716582456335e-23
0.765869140625 4.990006286445475e-23
0.76611328125 5.193361789924552e-23
0.766357421875 5.085353016497878e-23
0.7666015625 4.809704415645122e-23
0.766845703125 4.836876873889406e-23
0.76708984375 5.025714434201889e-23
0.767333984375 4.90393857754158e-23
0.767578125 4.610349737959486e-23
0.767822265625 4.619320338029686e-23
0.76806640625 4.794710103575153e-23
0.768310546875 4.660320445255173e-23
0.7685546875 4.349897007801112e-23
0.768798828125 4.341793491137111e-23
0.76904296875 4.505015301159992e-23
0.769287109375 4.35937000562788e-23
0.76953125 4.033413100335496e-23
0.769775390625 4.009551105804381e-23
0.77001953125 4.162069419348936e-23
0.770263671875 4.006705804156813e-23
0.7705078125 3.666685503895485e-23
0.770751953125 3.628541312718572e-23
0.77099609375 3.771977470941499e-23
0.771240234375 3.608583741484124e-23
0.771484375 3.256110103961587e-23
0.771728515625 3.205291103084382e-23
0.77197265625 3.341393452756425e-23
0.772216796875 3.171778439295309e-23
0.7724609375 2.808570683898144e-23
0.772705078125 2.746784102629102e-23
0.77294921875 2.877396544015676e-23
0.773193359375 2.7034580116771e-23
0.7734375 2.331312408021077e-23
0.773681640625 2.260332910589836e-23
0.77392578125 2.387362458186638e-23
0.774169921875 2.211054583321508e-23
0.7744140625 1.831811648415201e-23
0.774658203125 1.753448382461686e-23
0.77490234375 1.878832341779443e-23
0.775146484375 1.702132960114943e-23
0.775390625 1.317644570336161e-23
0.775634765625 1.233708277890891e-23
0.77587890625 1.359381645339218e-23
0.776123046875 1.184259878479072e-23
0.7763671875 7.963569008993463e-24
0.776611328125 7.086276939831807e-24
0.77685546875 8.364913797614811e-24
0.777099609375 6.648762367294563e-24
0.77734375 2.753372716800239e-24
0.777587890625 1.85533659261703e-24
0.77783203125 3.174241151091982e-24
0.778076171875 1.511746448989245e-24
0.7783203125 -2.383035517876501e-24
0.778564453125 -3.285538248757038e-24
0.77880859375 -1.908930199360118e-24
0.779052734375 -3.500154801354111e-24
0.779296875 -7.378453606915482e-24
0.779541015625 -8.27032138761708e-24
0.77978515625 -6.819762204781833e-24
0.780029296875 -8.32333198077299e-24
0.7802734375 -1.21706108149615e-23
0.780517578125 -1.303815809060132e-23
0.78076171875 -1.14988183210961e-23
0.781005859375 -1.289979820382544e-23
0.78125 -1.670307408608201e-23
0.781494140625 -1.753423904840017e-23
0.78173828125 -1.589290400670957e-23
0.781982421875 -1.717799515237534e-23
0.7822265625 -2.092601890569135e-23
0.782470703125 -2.17105352785109e-23
0.78271484375 -1.995576472892478e-23
0.782958984375 -2.111345337014548e-23
0.783203125 -2.479685133075952e-23
0.783447265625 -2.552638130607924e-23
0.78369140625 -2.364862953317882e-23
0.783935546875 -2.466929558844695e-23
0.7841796875 -2.828067072199664e-23
0.784423828125 -2.894889691750459e-23
0.78466796875 -2.694059124226796e-23
0.784912109375 -2.781657493388932e-23
0.78515625 -3.135056582411691e-23
0.785400390625 -3.195324093840624e-23
0.78564453125 -2.98088175507529e-23
0.785888671875 -3.053444310445819e-23
0.7861328125 -3.398774010982535e-23
0.786376953125 -3.452269378767751e-23
0.78662109375 -3.223859060651667e-23
0.786865234375 -3.281014695001412e-23
0.787109375 -3.618146567219726e-23
0.787353515625 -3.664856894380492e-23
0.78759765625 -3.422317606757546e-23
0.787841796875 -3.463885529721176e-23
0.7880859375 -3.792886835808445e-23
0.788330078125 -3.832995686793095e-23
0.78857421875 -3.576352602682066e-23
0.788818359375 -3.602332125569641e-23
0.7890625 -3.923455022057516e-23
0.789306640625 -3.95733082982068e-23
0.78955078125 -3.686782354808786e-23
0.789794921875 -3.697338856998438e-23
0.7900390625 -4.011005866912582e-23
0.790283203125 -4.039186709985768e-23
0.79052734375 -3.755087979218322e-23
0.790771484375 -3.750535377799687e-23
0.791015625 -4.057321485040754e-23
0.791259765625 -4.080496596391532e-23
0.79150390625 -3.783339777026135e-23
0.791748046875 -3.764119894259907e-23
0.7919921875 -4.064731674128732e-23
0.792236328125 -4.083720113562383e-23
0.79248046875 -3.774111958596606e-23
0.792724609375 -3.740771247891513e-23
0.79296875 -4.036023512107058e-23
0.793212890625 -4.051750496513912e-23
0.79345703125 -3.730387656185751e-23
0.793701171875 -3.683551805343802e-23
0.7939453125 -3.974342295965233e-23
0.794189453125 -3.987813735610375e-23
0.79443359375 -3.655456383884758e-23
0.794677734375 -3.59580336315146e-23
0.794921875 -3.883086076353815e-23
0.795166015625 -3.89536190951562e-23
0.79541015625 -3.552806284416934e-23
0.795654296875 -3.481038445328791e-23
0.7958984375 -3.765796201987682e-23
0.796142578125 -3.777963153615281e-23
0.79638671875 -3.426013640426984e-23
0.796630859375 -3.34282949869484e-23
0.796875 -3.626046403358709e-23
0.797119140625 -3.639190815240403e-23
0.79736328125 -3.278632220105748e-23
0.797607421875 -3.184698571104184e-23
0.7978515625 -3.467333013543773e-23
0.798095703125 -3.482514403159779e-23
0.79833984375 -3.114085070835491e-23
0.798583984375 -3.010010089177625e-23
0.798828125 -3.292968942822669e-23
0.799072265625 -3.311194945198996e-23
0.79931640625 -2.935561368290808e-23
0.799560546875 -2.821869333155221e-23
0.7998046875 -3.105983992142452e-23
0.800048828125 -3.128187323446719e-23
0.80029296875 -2.745920871242829e-23
0.800537109375 -2.623029136512181e-23
0.80078125 -2.909034007741729e-23
0.801025390625 -2.936052061105191e-23
0.80126953125 -2.547608424237242e-23
0.801513671875 -2.415807217237707e-23
0.8017578125 -2.704321245987209e-23
0.802001953125 -2.7368788893707e-23
0.80224609375 -2.342580792259925e-23
0.802490234375 -2.202016377335667e-23
0.802734375 -2.493528135030169e-23
0.802978515625 -2.532224228357147e-23
0.80322265625 -2.132247905303533e-23
0.803466796875 -1.982909589203587e-23
0.8037109375 -2.277766390547297e-23
0.803955078125 -2.32306447553153e-23
0.80419921875 -1.91743033912366e-23
0.804443359375 -1.759141725028192e-23
0.8046875 -2.057543169739427e-23
0.804931640625 -2.10976671174562e-23
0.80517578125 -1.698334564978608e-23
0.805419921875 -1.530749381954869e-23
0.8056640625 -1.832745634877619e-23
0.805908203125 -1.892078112920747e-23
0.80615234375 -1.474547170165589e-23
0.806396484375 -1.297149916133177e-23
0.806640625 -1.60264494979468e-23
0.806884765625 -1.669134999703809e-23
0.80712890625 -1.245048887835701e-23
0.807373046875 -1.057160428104712e-23
0.8076171875 -1.365920355284369e-23
0.807861328125 -1.4394920736325e-23
0.80810546875 -1.008248884681083e-23
0.808349609375 -8.090370463496738e-24
0.80859375 -1.120703568515905e-23
0.808837890625 -1.201171982773453e-23
0.80908203125 -7.620393450704262e-24
0.809326171875 -5.505344416912831e-24
0.8095703125 -8.646433339604671e-24
0.809814453125 -9.517349392257849e-24
0.81005859375 -5.03869966949776e-24
0.810302734375 -2.789850796728359e-24
0.810546875 -5.949895260786192e-24
0.810791015625 -6.883676825434314e-24
0.81103515625 -2.308415556380313e-24
0.811279296875 8.602711641521359e-26
0.8115234375 -3.086957745844702e-24
0.811767578125 -4.079906545179814e-24
0.81201171875 6.018252589686413e-25
0.812255859375 3.154292071127362e-24
0.8125 -2.539159157554437e-26
0.812744140625 -1.073818296160617e-24
0.81298828125 3.724487098499111e-24
0.813232421875 6.447720467132564e-24
0.8134765625 3.267448902266633e-24
0.813720703125 2.166847605552674e-24
0.81396484375 7.091714400516727e-24
0.814208984375 9.99841453726282e-24
0.814453125 6.823147408708393e-24
0.814697265625 5.672881533501155e-24
0.81494140625 1.073379688842874e-23
0.815185546875 1.383624437333526e-23
0.8154296875 1.067064367521428e-23
0.815673828125 9.471999288723623e-24
0.81591796875 1.467754554995458e-23
0.816162109375 1.798720843049474e-23
0.81640625 1.483457765110095e-23
0.816650390625 1.358717043419179e-23
0.81689453125 1.894461027859611e-23
0.817138671875 2.247174408548212e-23
0.8173828125 1.933359186700624e-23
0.817626953125 1.803491305023474e-23
0.81787109375 2.354977261493741e-23
0.818115234375 2.730302229072385e-23
0.818359375 2.417862662888812e-23
0.818603515625 2.282358993431703e-23
0.81884765625 2.84992490914416e-23
0.819091796875 3.248526230002593e-23
0.8193359375 2.937124437908387e-23
0.819580078125 2.795174290718039e-23
0.81982421875 3.378904217806964e-23
0.820068359375 3.801210379240466e-23
0.8203125 3.490202077181075e-23
0.820556640625 3.340650291869809e-23
0.82080078125 3.940337670267821e-23
0.821044921875 4.386507444596636e-23
0.8212890625 4.074904057035071e-23
0.821533203125 3.916211403288157e-23
0.82177734375 4.531325984427518e-23
0.822021484375 5.001219108121977e-23
0.822265625 4.687653636770482e-23
0.822509765625 4.517860908427948e-23
0.82275390625 5.147520234341122e-23
0.822998046875 5.640673188020198e-23
0.8232421875 5.323370734163011e-23
0.823486328125 5.140067381952695e-23
0.82373046875 5.783013742728967e-23
0.823974609375 6.298621588279283e-23
0.82421875 5.975375376980029e-23
0.824462890625 5.775673466136998e-23
0.82470703125 6.430257210389884e-23
0.824951171875 6.967162396430673e-23
0.8251953125 6.635316085349647e-23
0.825439453125 6.415830286249858e-23
0.82568359375 7.080000294728731e-23
0.825927734375 7.636689282033665e-23
0.826171875 7.293126254303083e-23
0.826416015625 7.049960476879814e-23
0.82666015625 7.721262529410762e-23
0.826904296875 8.295871014915956e-23
0.8271484375 7.937011255036115e-23
0.827392578125 7.665752421376744e-23
0.82763671875 8.341336093076871e-23
0.827880859375 8.931663526393431e-23
0.828125 8.553468561190557e-23
0.828369140625 8.249187875612354e-23
0.82861328125 8.925822491279162e-23
0.828857421875 9.529356483312204e-23
0.8291015625 9.127342737568079e-23
0.829345703125 8.784604660062851e-23
0.82958984375 9.458704717643539e-23
0.829833984375 1.007265583962252e-22
0.830078125 9.641916609168416e-23
0.830322265625 9.254795566711292e-23
0.83056640625 9.922455914033756e-23
0.830810546875 1.054380328020247e-22
0.8310546875 1.00790393652604e-22
0.831298828125 9.641144046341887e-23
0.83154296875 1.029818496245525e-22
0.831787109375 1.092373288471207e-22
0.83203125 1.041929175432863e-22
0.832275390625 9.923796625102607e-23
0.83251953125 1.056581882168636e-22
0.832763671875 1.119226472427363e-22
0.8330078125 1.064218789999571e-22
0.833251953125 1.008187135509582e-22
0.83349609375 1.070432077797185e-22
0.833740234375 1.132833447051023e-22
0.833984375 1.07264126250156e-22
0.834228515625 1.009370094104281e-22
0.83447265625 1.06919431209492e-22
0.834716796875 1.131025745553752e-22
0.8349609375 1.065009252040388e-22
0.835205078125 9.937108512862352e-23
0.83544921875 1.050651209308821e-22
0.835693359375 1.111602498427249e-22
0.8359375 1.039109835052982e-22
0.836181640625 9.589713341463841e-23
0.83642578125 1.012574230332374e-22
0.836669921875 1.072363007905777e-22
0.8369140625 9.927375753809823e-23
0.837158203125 9.029263131000102e-23
0.83740234375 9.527577153263616e-23
0.837646484375 1.011141924404435e-22
0.837890625 9.237300594111459e-23
0.838134765625 8.233988873437932e-23
0.83837890625 8.690551207118477e-23
0.838623046875 9.25846628694287e-23
0.8388671875 8.300054752035461e-23
0.839111328125 7.182977627448286e-23
0.83935546875 7.594169853566931e-23
0.839599609375 8.144963743797082e-23
0.83984375 7.096017630099557e-23
0.840087890625 5.856557988206461e-23
0.84033203125 6.219301067421237e-23
0.840576171875 6.752627035334159e-23
0.8408203125 5.607168194061128e-23
0.841064453125 4.236692449528248e-23
0.84130859375 4.548573588150534e-23
0.841552734375 5.065106160974936e-23
0.841796875 3.817491997342104e-23
0.842041015625 2.307370321871707e-23
0.84228515625 2.566775395957977e-23
0.842529296875 3.068399533090568e-23
0.8427734375 1.71338735086368e-23
0.843017578125 5.499434885207771e-25
0.84326171875 2.612459862227328e-24
0.843505859375 7.512645013869935e-24
0.84375 -7.159353775668563e-24
0.843994140625 -2.531246360776043e-23
0.84423828125 -2.377744382477977e-23
0.844482421875 -1.894380740172193e-23
0.8447265625 -3.478067402918172e-23
0.844970703125 -5.459025039586474e-23
0.84521484375 -5.356635571280102e-23
0.845458984375 -4.873068767727213e-23
0.845703125 -6.577034073279219e-23
0.845947265625 -8.732556247491004e-23
0.84619140625 -8.678245931157559e-23
0.846435546875 -8.185412198437722e-23
0.8466796875 -1.001295202227651e-22
0.846923828125 -1.235231470549587e-22
0.84716796875 -1.234147577304287e-22
0.847412109375 -1.182775344954458e-22
0.84765625 -1.378171610194415e-22
0.847900390625 -1.631480492889373e-22
0.84814453125 -1.634105386854729e-22
0.848388671875 -1.579183568603245e-22
0.8486328125 -1.787472045141199e-22
0.848876953125 -2.061239483747212e-22
0.84912109375 -2.066733538708458e-22
0.849365234375 -2.006449217671061e-22
0.849609375 -2.227861679826423e-22
0.849853515625 -2.523323029712719e-22
0.85009765625 -2.530616047114343e-22
0.850341796875 -2.462734547807221e-22
0.8505859375 -2.697511118442973e-22
0.850830078125 -3.016125422257934e-22
0.85107421875 -3.023878404869307e-22
0.851318359375 -2.945649786236992e-22
0.8515625 -3.194079739329897e-22
0.851806640625 -3.537636612013797e-22
0.85205078125 -3.544188996911722e-22
0.852294921875 -3.452217636949118e-22
0.8525390625 -3.7147020789906e-22
0.852783203125 -4.08547813593306e-22
0.85302734375 -4.088770698943584e-22
0.853271484375 -3.978826155332909e-22
0.853515625 -4.255975893485887e-22
0.853759765625 -4.656969641271762e-22
0.85400390625 -4.654425205858862e-22
0.854248046875 -4.521155951760836e-22
0.8544921875 -4.813949319010107e-22
0.854736328125 -5.24924662421267e-22
0.85498046875 -5.237574038806266e-22
0.855224609375 -5.07405253577095e-22
0.85546875 -5.384102525860765e-22
0.855712890625 -5.859472928567918e-22
0.85595703125 -5.834322602088566e-22
0.856201171875 -5.631278486351952e-22
0.8564453125 -5.961315983009761e-22
0.856689453125 -6.48524946854659e-22
0.85693359375 -6.440557436581541e-22
0.857177734375 -6.184983588749738e-22
0.857421875 -6.53981306156323e-22
0.857666015625 -7.125487124532817e-22
0.85791015625 -7.052090490528284e-22
0.858154296875 -6.724429418326945e-22
0.8583984375 -7.11306324202797e-22
0.858642578125 -7.782593134707936e-22
0.85888671875 -7.664868502788786e-22
0.859130859375 -7.232256189436201e-22
0.859375 -7.673297676314745e-22
0.859619140625 -8.468875084242486e-22
0.85986328125 -8.275397264065768e-22
0.860107421875 -7.67181933745067e-22
0.8603515625 -8.211381665651852e-22
0.860595703125 -9.235586403538064e-22
0.86083984375 -8.880936716714432e-22
0.861083984375 -7.907940118675637e-22
0.861328125 -8.728763938193331e-22
0.861572265625 -1.063103857771586e-21
0.86181640625 -1.039813088919181e-21
0.862060546875 -8.334900699223501e-22
0.8623046875 -8.669930583456722e-22
0.862548828125 -1.220769075364721e-21
0.86279296875 -1.37453029419017e-21
0.863037109375 -9.850521400821606e-22
0.86328125 -4.467917039834228e-22
0.863525390625 -2.680847671192031e-22
0.86376953125 -2.99006055833982e-22
0.864013671875 -8.93102523726394e-23
0.8642578125 2.92351282482677e-22
0.864501953125 3.839408086485617e-22
0.86474609375 1.232763765230766e-22
0.864990234375 -6.335220232473877e-23
0.865234375 5.016791798224589e-23
0.865478515625 2.325441021942642e-22
0.86572265625 2.969862731212154e-22
0.865966796875 3.983434830424568e-22
0.8662109375 6.788172736891494e-22
0.866455078125 9.980065377445079e-22
0.86669921875 1.225900345597972e-21
0.866943359375 1.528042115415814e-21
0.8671875 2.122546547844238e-21
0.867431640625 2.907092619804235e-21
0.86767578125 3.534023665834691e-21
0.867919921875 3.807107844462296e-21
0.8681640625 3.869651326123025e-21
0.868408203125 3.986192476995951e-21
0.86865234375 4.202442922774685e-21
0.868896484375 4.300561583087498e-21
0.869140625 4.139545906901865e-21
0.869384765625 3.925063844932168e-21
0.86962890625 3.928641939228116e-21
0.869873046875 3.998594273646473e-21
0.8701171875 3.716337030933082e-21
0.870361328125 3.124679997316038e-21
0.87060546875 2.847658178569379e-21
0.870849609375 3.196284792681252e-21
0.87109375 3.581802172827546e-21
0.871337890625 3.291760305673422e-21
0.87158203125 2.539578786646234e-21
0.871826171875 2.157791834683277e-21
0.8720703125 2.408793790767588e-21
0.872314453125 2.724891556374835e-21
0.87255859375 2.61268462273167e-21
0.872802734375 2.204680935006486e-21
0.873046875 1.81181927054893e-21
0.873291015625 1.495864945352977e-21
0.87353515625 1.278085120829831e-21
0.873779296875 1.262096988440887e-21
0.8740234375 1.286448761345931e-21
0.874267578125 8.981440396508744e-22
0.87451171875 -1.122729461963579e-23
0.874755859375 -9.070602005337215e-22
0.875 -1.296058138484987e-21
0.875244140625 -1.42513188297739e-21
0.87548828125 -1.925367887638608e-21
0.875732421875 -2.933525832738106e-21
0.8759765625 -3.919829543521686e-21
0.876220703125 -4.332789372111301e-21
0.87646484375 -4.162129410177311e-21
0.876708984375 -3.871508324817781e-21
0.876953125 -3.918691677224927e-21
0.877197265625 -4.328608695118428e-21
0.87744140625 -4.697605879020263e-21
0.877685546875 -4.681172652340937e-21
0.8779296875 -4.420725384482016e-21
0.878173828125 -4.291658884598819e-21
0.87841796875 -4.29188261437352e-21
0.878662109375 -4.02554488563379e-21
0.87890625 -3.34428991646821e-21
0.879150390625 -2.618167885055169e-21
0.87939453125 -2.212358184589543e-21
0.879638671875 -2.0608179778093e-21
0.8798828125 -1.971376928627816e-21
0.880126953125 -1.983499085793925e-21
0.88037109375 -2.124371785737848e-21
0.880615234375 -2.143658124005013e-21
0.880859375 -1.870302492389749e-21
0.881103515625 -1.583468029129256e-21
0.88134765625 -1.624190224276693e-21
0.881591796875 -1.81885867182783e-21
0.8818359375 -1.702528458307144e-21
0.882080078125 -1.194959603118139e-21
0.88232421875 -6.388863739544883e-22
0.882568359375 -2.33276761435723e-22
0.8828125 1.445097769640332e-22
0.883056640625 5.393978603467436e-22
0.88330078125 7.530206597773982e-22
0.883544921875 6.897841244564854e-22
0.8837890625 5.498579408976018e-22
0.884033203125 5.363260302721169e-22
0.88427734375 6.047388992165583e-22
0.884521484375 6.250559500447368e-22
0.884765625 5.924915583179596e-22
0.885009765625 5.565026879132106e-22
0.88525390625 4.995289345453814e-22
0.885498046875 3.969238493402196e-22
0.8857421875 2.766071714820601e-22
0.885986328125 1.389193943034312e-22
0.88623046875 -6.866777670033411e-23
0.886474609375 -3.267034499203992e-22
0.88671875 -4.988666156628644e-22
0.886962890625 -4.776693377010158e-22
0.88720703125 -2.86436094213697e-22
0.887451171875 1.04458840830992e-23
0.8876953125 3.979251487832524e-22
0.887939453125 8.491814363825301e-22
0.88818359375 1.264383030759056e-21
0.888427734375 1.549102117116943e-21
0.888671875 1.699979752001178e-21
0.888916015625 1.755929218155879e-21
0.88916015625 1.725281160800267e-21
0.889404296875 1.63383389673135e-21
0.8896484375 1.592274202588415e-21
0.889892578125 1.704377622025259e-21
0.89013671875 1.901690362269031e-21
0.890380859375 1.977036990789177e-21
0.890625 1.837634144820714e-21
0.890869140625 1.626296100205897e-21
0.89111328125 1.486301813774278e-21
0.891357421875 1.307298169294352e-21
0.8916015625 9.140755490295005e-22
0.891845703125 4.739256908874122e-22
0.89208984375 4.11757791566583e-22
0.892333984375 8.084899343560402e-22
0.892578125 1.191555035251384e-21
0.892822265625 1.156927520702221e-21
0.89306640625 9.220663869786364e-22
0.893310546875 9.29674434885173e-22
0.8935546875 1.149747162280687e-21
0.893798828125 1.225024043538146e-21
0.89404296875 1.138341806359759e-21
0.894287109375 1.18243740906242e-21
0.89453125 1.322624951460374e-21
0.894775390625 1.210579534946709e-21
0.89501953125 9.107372853858311e-22
0.895263671875 9.568390194936111e-22
0.8955078125 1.450994733717117e-21
0.895751953125 1.741053020575105e-21
0.89599609375 1.369862894050978e-21
0.896240234375 7.744529938652299e-22
0.896484375 5.625872675096696e-22
0.896728515625 6.008741478207865e-22
0.89697265625 4.00091080760004e-22
0.897216796875 -1.726002542653138e-23
0.8974609375 -3.073261809674013e-22
0.897705078125 -5.548440887367165e-22
0.89794921875 -1.08911890005838e-21
0.898193359375 -1.692661267814597e-21
0.8984375 -1.737113137708162e-21
0.898681640625 -1.138994165159955e-21
0.89892578125 -5.41932080735277e-22
0.899169921875 -4.538740799346509e-22
0.8994140625 -7.531682748780737e-22
0.899658203125 -1.136346972800579e-21
0.89990234375 -1.496044388043154e-21
0.900146484375 -1.701101517151557e-21
0.900390625 -1.532453014964363e-21
0.900634765625 -1.079761698252937e-21
0.90087890625 -7.869474025924812e-22
0.901123046875 -8.765633954310366e-22
0.9013671875 -1.073343311046341e-21
0.901611328125 -1.072300297560306e-21
0.90185546875 -9.302984769547238e-22
0.902099609375 -8.2335423801522e-22
0.90234375 -7.682909613652276e-22
0.902587890625 -7.721075718117004e-22
0.90283203125 -9.251778337340634e-22
0.903076171875 -1.157506328345678e-21
0.9033203125 -1.21722309355713e-21
0.903564453125 -1.068679317215807e-21
0.90380859375 -9.950246357353632e-22
0.904052734375 -1.131726553478945e-21
0.904296875 -1.233120375539894e-21
0.904541015625 -1.100061856313286e-21
0.90478515625 -9.054306606826232e-22
0.905029296875 -8.728690038033675e-22
0.9052734375 -9.524618809548634e-22
0.905517578125 -1.046806402525615e-21
0.90576171875 -1.240012652504444e-21
0.906005859375 -1.548238831555463e-21
0.90625 -1.742740117999587e-21
0.906494140625 -1.677250130786859e-21
0.90673828125 -1.507005146514599e-21
0.906982421875 -1.361201493836931e-21
0.9072265625 -1.141152876010884e-21
0.907470703125 -8.878310619453462e-22
0.90771484375 -9.255055059651072e-22
0.907958984375 -1.280185312627151e-21
0.908203125 -1.385932410059427e-21
0.908447265625 -8.612995215428632e-22
0.90869140625 -2.134163060834659e-22
0.908935546875 -1.804731937737855e-22
0.9091796875 -6.423033900056946e-22
0.909423828125 -8.439865897938233e-22
0.90966796875 -5.496013306785127e-22
0.909912109375 -2.622213886557186e-22
0.91015625 -2.951306525140459e-22
0.910400390625 -3.36167456159406e-22
0.91064453125 -1.187159484101017e-22
0.910888671875 9.065104279317489e-23
0.9111328125 -1.013675071475925e-23
0.911376953125 -2.282306168529705e-22
0.91162109375 -1.91872241971672e-22
0.911865234375 1.071525144893087e-22
0.912109375 3.958282297188741e-22
0.912353515625 5.36039436402738e-22
0.91259765625 6.098626722483761e-22
0.912841796875 7.416757750462579e-22
0.9130859375 1.011389685743955e-21
0.913330078125 1.40164497837859e-21
0.91357421875 1.715675896126328e-21
0.913818359375 1.726255608440127e-21
0.9140625 1.509592305927288e-21
0.914306640625 1.418356063534578e-21
0.91455078125 1.597072135304493e-21
0.914794921875 1.750335467916865e-21
0.9150390625 1.559408157787875e-21
0.915283203125 1.123517021087974e-21
0.91552734375 7.865088064289169e-22
0.915771484375 6.83472464424789e-22
0.916015625 6.708233514807749e-22
0.916259765625 6.121016553411213e-22
0.91650390625 5.499190743741995e-22
0.916748046875 6.239142816057025e-22
0.9169921875 9.052246213591614e-22
0.917236328125 1.268686772172155e-21
0.91748046875 1.431870049602179e-21
0.917724609375 1.250378468328845e-21
0.91796875 9.508808367153599e-22
0.918212890625 8.617762352775068e-22
0.91845703125 9.370614830471597e-22
0.918701171875 8.546853450375072e-22
0.9189453125 5.981162858551757e-22
0.919189453125 5.116303778193339e-22
0.91943359375 6.481157091805155e-22
0.919677734375 5.698640517329572e-22
0.919921875 1.090570419055291e-22
0.920166015625 -1.766333867019822e-22
0.92041015625 1.906176048999355e-22
0.920654296875 7.591134229345828e-22
0.9208984375 7.543891981115888e-22
0.921142578125 2.628108324917317e-22
0.92138671875 4.979892558950198e-23
0.921630859375 3.073912682006293e-22
0.921875 4.314514549078681e-22
0.922119140625 1.5239497196721e-22
0.92236328125 9.571116186849197e-24
0.922607421875 3.351038527493474e-22
0.9228515625 5.698086793110426e-22
0.923095703125 1.984305652544682e-22
0.92333984375 -2.696237361556721e-22
0.923583984375 -4.41928682266154e-23
0.923828125 6.216351949031524e-22
0.924072265625 7.457919620369599e-22
0.92431640625 1.415751358343668e-22
0.924560546875 -2.537347797156355e-22
0.9248046875 2.641047219463265e-22
0.925048828125 1.232391793405818e-21
0.92529296875 1.796425381529072e-21
0.925537109375 1.838210566507216e-21
0.92578125 1.854179220966087e-21
0.926025390625 2.086803220669522e-21
0.92626953125 2.318958736721188e-21
0.926513671875 2.388692223367215e-21
0.9267578125 2.421178863817127e-21
0.927001953125 2.506670432808661e-21
0.92724609375 2.504582096315085e-21
0.927490234375 2.306375250162517e-21
0.927734375 2.075622757872229e-21
0.927978515625 2.055339908774367e-21
0.92822265625 2.226603983504611e-21
0.928466796875 2.312943495085427e-21
0.9287109375 2.127340729555102e-21
0.928955078125 1.788118271507191e-21
0.92919921875 1.502214950212294e-21
0.929443359375 1.221231792819589e-21
0.9296875 7.02104693540685e-22
0.929931640625 -6.642022814625198e-23
0.93017578125 -7.256090299847461e-22
0.930419921875 -9.874041863977619e-22
0.9306640625 -1.024285779696412e-21
0.930908203125 -1.18481911837917e-21
0.93115234375 -1.459918249468601e-21
0.931396484375 -1.536288448078156e-21
0.931640625 -1.32447001933011e-21
0.931884765625 -1.107379310920321e-21
0.93212890625 -1.133291288424618e-21
0.932373046875 -1.346833362898259e-21
0.9326171875 -1.577489105174761e-21
0.932861328125 -1.734882385880175e-21
0.93310546875 -1.765439149789295e-21
0.933349609375 -1.666893216708157e-21
0.93359375 -1.581644670090706e-21
0.933837890625 -1.621371986007262e-21
0.93408203125 -1.618415122190566e-21
0.934326171875 -1.388565626234946e-21
0.9345703125 -1.205886500172549e-21
0.934814453125 -1.53348991043761e-21
0.93505859375 -2.215276256934626e-21
0.935302734375 -2.509600684654183e-21
0.935546875 -2.151407662954602e-21
0.935791015625 -1.800342168544555e-21
0.93603515625 -2.067642170728896e-21
0.936279296875 -2.642217618568893e-21
0.9365234375 -2.864536374440472e-21
0.936767578125 -2.675974611009366e-21
0.93701171875 -2.41365618433058e-21
0.937255859375 -2.093760011616274e-21
0.9375 -1.599379011615669e-21
0.937744140625 -1.265786903269504e-21
0.93798828125 -1.502563179304558e-21
0.938232421875 -1.994077714949492e-21
0.9384765625 -2.032327765531033e-21
0.938720703125 -1.563946433965719e-21
0.93896484375 -1.162272293932647e-21
0.939208984375 -1.016313797330768e-21
0.939453125 -7.72200600702715e-22
0.939697265625 -4.28996453639122e-22
0.93994140625 -4.963667707382313e-22
0.940185546875 -1.014922637143013e-21
0.9404296875 -1.266768407069046e-21
0.940673828125 -8.628076561199667e-22
0.94091796875 -3.791342622077618e-22
0.941162109375 -4.363297482830081e-22
0.94140625 -8.145527130692165e-22
0.941650390625 -1.031810989462807e-21
0.94189453125 -1.181763018817661e-21
0.942138671875 -1.521331103456273e-21
0.9423828125 -1.720054414657246e-21
0.942626953125 -1.302147022086999e-21
0.94287109375 -5.56797896020564e-22
0.943115234375 -2.492542543427979e-22
0.943359375 -5.310080742009752e-22
0.943603515625 -8.06238049553244e-22
0.94384765625 -6.6885432171688e-22
0.944091796875 -3.633917426894484e-22
0.9443359375 -2.224360118892952e-22
0.944580078125 -1.632331625484198e-22
0.94482421875 5.725757921482583e-23
0.945068359375 4.251335229290643e-22
0.9453125 7.083610284470941e-22
0.945556640625 7.538082874190187e-22
0.94580078125 6.518422379430345e-22
0.946044921875 6.671833806291177e-22
0.9462890625 9.602888686504297e-22
0.946533203125 1.330631140329028e-21
0.94677734375 1.411257249147184e-21
0.947021484375 1.205770836358985e-21
0.947265625 1.144089773082414e-21
0.947509765625 1.409443594349137e-21
0.94775390625 1.550054684159309e-21
0.947998046875 1.101080051141139e-21
0.9482421875 3.066201915289573e-22
0.948486328125 -2.030018821284236e-22
0.94873046875 -2.537545586921981e-22
0.948974609375 -2.049860478161445e-22
0.94921875 -3.222484322690514e-22
0.949462890625 -5.189025963318118e-22
0.94970703125 -6.538582128479534e-22
0.949951171875 -6.829463028964783e-22
0.9501953125 -5.537467159105257e-22
0.950439453125 -2.895670670651484e-22
0.95068359375 -9.744471627428679e-23
0.950927734375 -7.264593546596312e-23
0.951171875 5.012932141238565e-23
0.951416015625 4.760903242746167e-22
0.95166015625 8.782165390296216e-22
0.951904296875 8.285689593111723e-22
0.9521484375 5.503036788212171e-22
0.952392578125 6.851019917690049e-22
0.95263671875 1.376008609031597e-21
0.952880859375 2.136506853664673e-21
0.953125 2.602285953465439e-21
0.953369140625 2.838578889742383e-21
0.95361328125 2.895317099042987e-21
0.953857421875 2.669790273856741e-21
0.9541015625 2.292639504289588e-21
0.954345703125 2.058729251545627e-21
0.95458984375 1.880842485315536e-21
0.954833984375 1.431715998129441e-21
0.955078125 9.334514894632511e-22
0.955322265625 1.069200850262655e-21
0.95556640625 1.843868228314081e-21
0.955810546875 2.279115983356812e-21
0.9560546875 1.699829942027193e-21
0.956298828125 7.040334253096447e-22
0.95654296875 3.160073242999677e-22
0.956787109375 6.795212139656393e-22
0.95703125 1.163652003022676e-21
0.957275390625 1.353177944235734e-21
0.95751953125 1.32605061744033e-21
0.957763671875 1.237246181826336e-21
0.9580078125 1.208766827540901e-21
0.958251953125 1.439549620475529e-21
0.95849609375 1.916838519799344e-21
0.958740234375 2.192901999190263e-21
0.958984375 1.915715770953207e-21
0.959228515625 1.394420080573784e-21
0.95947265625 1.160630989656162e-21
0.959716796875 1.159422119366138e-21
0.9599609375 9.175385666160794e-22
0.960205078125 3.953506771095714e-22
0.96044921875 8.441588774747241e-23
0.960693359375 2.274787030105912e-22
0.9609375 4.527235316030724e-22
0.961181640625 3.131570915936181e-22
0.96142578125 -1.835422084891461e-22
0.961669921875 -7.133473913589567e-22
0.9619140625 -1.03798228919303e-21
0.962158203125 -1.172257510232204e-21
0.96240234375 -1.315402712252303e-21
0.962646484375 -1.631652244933389e-21
0.962890625 -2.011488670720377e-21
0.963134765625 -2.186467142779888e-21
0.96337890625 -2.187250183622555e-21
0.963623046875 -2.392866311703617e-21
0.9638671875 -2.884714631503359e-21
0.964111328125 -3.123039438983059e-21
0.96435546875 -2.695508583017275e-21
0.964599609375 -2.062985630212105e-21
0.96484375 -1.985667247095022e-21
0.965087890625 -2.419474232083494e-21
0.96533203125 -2.632654125162051e-21
0.965576171875 -2.322141464830733e-21
0.9658203125 -1.920535213484848e-21
0.966064453125 -1.765461483142373e-21
0.96630859375 -1.669039390979964e-21
0.966552734375 -1.481718019842575e-21
0.966796875 -1.426186880395664e-21
0.967041015625 -1.587311286231965e-21
0.96728515625 -1.641100509820382e-21
0.967529296875 -1.44153918641059e-21
0.9677734375 -1.392355699498224e-21
0.968017578125 -1.83642200167507e-21
0.96826171875 -2.456235187972415e-21
0.968505859375 -2.682324797804163e-21
0.96875 -2.405163457489235e-21
0.968994140625 -1.918862168850887e-21
0.96923828125 -1.42485216948672e-21
0.969482421875 -9.636145477129378e-22
0.9697265625 -6.243479246626978e-22
0.969970703125 -4.464391225974291e-22
0.97021484375 -2.471642539404543e-22
0.970458984375 1.328492572525235e-22
0.970703125 5.237435509498644e-22
0.970947265625 6.496587648589596e-22
0.97119140625 5.597383130858918e-22
0.971435546875 5.70154147886905e-22
0.9716796875 8.431686703798232e-22
0.971923828125 1.253642219970519e-21
0.97216796875 1.621872910776233e-21
0.972412109375 1.875674089881999e-21
0.97265625 2.007369487567899e-21
0.972900390625 2.034408955864205e-21
0.97314453125 2.017110474896881e-21
0.973388671875 2.04224278596054e-21
0.9736328125 2.172444487090565e-21
0.973876953125 2.358257422855739e-21
0.97412109375 2.343204717713214e-21
0.974365234375 1.830778316226248e-21
0.974609375 9.743793691908963e-22
0.974853515625 4.955372099306759e-22
0.97509765625 8.810112414852574e-22
0.975341796875 1.586539154031971e-21
0.9755859375 1.626686782979148e-21
0.975830078125 9.52815677941287e-22
0.97607421875 5.235327816312903e-22
0.976318359375 8.364269098290408e-22
0.9765625 1.223849343432266e-21
0.976806640625 1.051467324844019e-21
0.97705078125 7.957802929985654e-22
0.977294921875 1.191714582701513e-21
0.9775390625 1.958228980865054e-21
0.977783203125 2.295594311194179e-21
0.97802734375 2.217929853643602e-21
0.978271484375 2.377859080352147e-21
0.978515625 2.797576041871223e-21
0.978759765625 2.846750111590093e-21
0.97900390625 2.47896746460776e-21
0.979248046875 2.427882619520868e-21
0.9794921875 2.948104057548618e-21
0.979736328125 3.324581775614884e-21
0.97998046875 3.023184327202019e-21
0.980224609375 2.489241227632994e-21
0.98046875 2.299441626682048e-21
0.980712890625 2.237002198240997e-21
0.98095703125 1.815572240125455e-21
0.981201171875 1.17472311951607e-21
0.9814453125 8.163613767704586e-22
0.981689453125 8.242907914191107e-22
0.98193359375 9.204573958357578e-22
0.982177734375 1.004312973576722e-21
0.982421875 1.110574890945833e-21
0.982666015625 1.082601864828945e-21
0.98291015625 7.939478608111474e-22
0.983154296875 4.905691918123395e-22
0.9833984375 4.45099761390009e-22
0.983642578125 4.727831367967933e-22
0.98388671875 2.607938164790334e-22
0.984130859375 -2.612064551838113e-23
0.984375 3.654195904456567e-24
0.984619140625 2.511261491942118e-22
0.98486328125 2.096375464439455e-22
0.985107421875 -2.833271443085423e-22
0.9853515625 -8.938914234222779e-22
0.985595703125 -1.382494894839003e-21
0.98583984375 -1.831946044060097e-21
0.986083984375 -2.232365969521029e-21
0.986328125 -2.346389550600855e-21
0.986572265625 -2.144454720147547e-21
0.98681640625 -1.966560699029805e-21
0.987060546875 -2.084916605405566e-21
0.9873046875 -2.436518277622315e-21
0.987548828125 -2.897887614514603e-21
0.98779296875 -3.462930306887797e-21
0.988037109375 -4.021860848733609e-21
0.98828125 -4.346923989473966e-21
0.988525390625 -4.478353120721182e-21
0.98876953125 -4.762976543238253e-21
0.989013671875 -5.302950475592202e-21
0.9892578125 -5.725902766423599e-21
0.989501953125 -5.747930707748795e-21
0.98974609375 -5.595438074635704e-21
0.989990234375 -5.547021257506272e-21
0.990234375 -5.419234889628857e-21
0.990478515625 -4.951653336168567e-21
0.99072265625 -4.422167348865251e-21
0.990966796875 -4.31745014269851e-21
0.9912109375 -4.492563296234994e-21
0.991455078125 -4.232729612393298e-21
0.99169921875 -3.231804508146736e-21
0.991943359375 -2.021878762900197e-21
0.9921875 -1.25014861059805e-21
0.992431640625 -9.299624345684684e-22
0.99267578125 -6.553068006077474e-22
0.992919921875 -2.383401709420793e-22
0.9931640625 1.714019772923722e-22
0.993408203125 3.994739324340806e-22
0.99365234375 3.897948957230471e-22
0.993896484375 1.715435751615092e-22
0.994140625 -6.337313752528233e-23
0.994384765625 1.838731347465597e-23
0.99462890625 5.1007088992256e-22
0.994873046875 1.000674512314032e-21
0.9951171875 1.006139185558848e-21
0.995361328125 6.21565426303315e-22
0.99560546875 4.077704505971155e-22
0.995849609375 6.217972923157116e-22
0.99609375 9.439656548179279e-22
0.996337890625 1.075504709111524e-21
0.99658203125 1.194373558033944e-21
0.996826171875 1.550408526179566e-21
0.9970703125 1.949698432863084e-21
0.997314453125 2.037641070202705e-21
0.99755859375 1.898188493034031e-21
0.997802734375 1.943615811132763e-21
0.998046875 2.281388613067116e-21
0.998291015625 2.602860328087752e-21
0.99853515625 2.711623470679769e-21
0.998779296875 2.766908992389632e-21
0.9990234375 2.91462557472247e-21
0.999267578125 3.037956722779243e-21
0.99951171875 3.020957784502107e-21
0.999755859375 2.945572917730072e-21
1 2.85749600210287e-21
1.000244140625 2.635831185403533e-21
1.00048828125 2.302354925331658e-21
1.000732421875 2.168917735442342e-21
1.0009765625 2.398801534406508e-21
1.001220703125 2.654557773946873e-21
1.00146484375 2.502970823838242e-21
1.001708984375 2.011393553659744e-21
1.001953125 1.616349448473016e-21
1.002197265625 1.505459515549665e-21
1.00244140625 1.461568073052983e-21
1.002685546875 1.275897095070281e-21
1.0029296875 9.922970272374194e-22
1.003173828125 7.159769982730659e-22
1.00341796875 4.596461280002928e-22
1.003662109375 2.562735908294087e-22
1.00390625 2.145333284865156e-22
1.004150390625 3.634696359614532e-22
1.00439453125 5.560102154748836e-22
1.004638671875 5.816258038397319e-22
1.0048828125 3.337451548186685e-22
1.005126953125 -8.823682931562642e-23
1.00537109375 -3.993210301342573e-22
1.005615234375 -3.826902319587248e-22
1.005859375 -2.02827163432738e-22
1.006103515625 -2.601522856933528e-22
1.00634765625 -5.981978025328431e-22
1.006591796875 -7.474313343690734e-22
1.0068359375 -4.220460611274885e-22
1.007080078125 -4.79423500221313e-23
1.00732421875 -1.706765408619097e-22
1.007568359375 -6.144352392590131e-22
1.0078125 -8.004913893662431e-22
1.008056640625 -7.16745511827155e-22
1.00830078125 -8.607103760556907e-22
1.008544921875 -1.241944349991747e-21
1.0087890625 -1.246110598539011e-21
1.009033203125 -7.025482588538584e-22
1.00927734375 -3.07663167069185e-22
1.009521484375 -5.67045499602095e-22
1.009765625 -9.919316438884413e-22
1.010009765625 -9.137371674257528e-22
1.01025390625 -5.465369315188197e-22
1.010498046875 -5.527748976897943e-22
1.0107421875 -9.358029423234497e-22
1.010986328125 -1.116805384609858e-21
1.01123046875 -9.269785148512956e-22
1.011474609375 -7.896111081542596e-22
1.01171875 -9.218976968709453e-22
1.011962890625 -9.921097307863237e-22
1.01220703125 -6.867205566633388e-22
1.012451171875 -1.430033614411701e-22
1.0126953125 2.983234307719492e-22
1.012939453125 4.189577296168318e-22
1.01318359375 1.764727919330547e-22
1.013427734375 -2.27924946423903e-22
1.013671875 -3.751769090722115e-22
1.013916015625 -9.498846866966541e-23
1.01416015625 1.763326005653269e-22
1.014404296875 -5.562612208016277e-23
1.0146484375 -5.426926632977756e-22
1.014892578125 -6.014147784445547e-22
1.01513671875 -1.718122545169631e-22
1.015380859375 1.008897295106062e-22
1.015625 -8.361248790919676e-23
1.015869140625 -2.847990341052606e-22
1.01611328125 -2.11372136562865e-22
1.016357421875 -2.655930406098136e-22
1.0166015625 -7.821758932644475e-22
1.016845703125 -1.384042359712062e-21
1.01708984375 -1.633558486802316e-21
1.017333984375 -1.756507951056518e-21
1.017578125 -2.094406290433926e-21
1.017822265625 -2.332516810776453e-21
1.01806640625 -2.010808210123236e-21
1.018310546875 -1.437699598861744e-21
1.0185546875 -1.284591541091382e-21
1.018798828125 -1.485063836492301e-21
1.01904296875 -1.370621213041131e-21
1.019287109375 -8.192984877017711e-22
1.01953125 -4.205686202791788e-22
1.019775390625 -4.372261358774315e-22
1.02001953125 -4.399909718873448e-22
1.020263671875 -1.75892132036307e-22
1.0205078125 3.77289093375026e-24
1.020751953125 -7.604793097991987e-23
1.02099609375 4.854164812998424e-23
1.021240234375 6.728831816948712e-22
1.021484375 1.285826002269135e-21
1.021728515625 1.344874760654224e-21
1.02197265625 1.200575803641583e-21
1.022216796875 1.559358939524636e-21
1.0224609375 2.338263807647242e-21
1.022705078125 2.772661348046768e-21
1.02294921875 2.547444313183184e-21
1.023193359375 2.167099872581851e-21
1.0234375 2.172849391974563e-21
1.023681640625 2.530042720856849e-21
1.02392578125 2.885872781531919e-21
1.024169921875 3.005827702065455e-21
1.0244140625 2.851295734038988e-21
1.024658203125 2.568404198012469e-21
1.02490234375 2.470489375164965e-21
1.025146484375 2.727883164551811e-21
1.025390625 3.05542032989055e-21
1.025634765625 3.028641079227462e-21
1.02587890625 2.699632009770329e-21
1.026123046875 2.518538217017256e-21
1.0263671875 2.632549453976815e-21
1.026611328125 2.702497912329005e-21
1.02685546875 2.490102592377115e-21
1.027099609375 2.153437032948695e-21
1.02734375 1.807233965218716e-21
1.027587890625 1.288159985543333e-21
1.02783203125 6.189448543593243e-22
1.028076171875 2.263704289834826e-22
1.0283203125 3.194694597551241e-22
1.028564453125 4.501514082748291e-22
1.02880859375 1.255513104453358e-22
1.029052734375 -4.84131150809421e-22
1.029296875 -9.247473698701062e-22
1.029541015625 -1.220428104785631e-21
1.02978515625 -1.665344794691295e-21
1.030029296875 -2.083890956593725e-21
1.0302734375 -2.003485542993204e-21
1.030517578125 -1.519882517370292e-21
1.03076171875 -1.27136580005297e-21
1.031005859375 -1.431588466593333e-21
1.03125 -1.422663071117993e-21
1.031494140625 -9.004678718481988e-22
1.03173828125 -3.687394292030468e-22
1.031982421875 -3.63088041996489e-22
1.0322265625 -5.672514963412282e-22
1.032470703125 -3.484266187360419e-22
1.03271484375 1.794582340042109e-22
1.032958984375 3.120430014187192e-22
1.033203125 -1.526272068479191e-22
1.033447265625 -6.313459132383746e-22
1.03369140625 -6.237280725009613e-22
1.033935546875 -3.028070607029718e-22
1.0341796875 -6.85395176269574e-23
1.034423828125 1.656960423916036e-23
1.03466796875 8.842511515130563e-23
1.034912109375 1.564041998156485e-22
1.03515625 2.425692004088616e-22
1.035400390625 5.715880196313899e-22
1.03564453125 1.247734577445205e-21
1.035888671875 1.896627536770696e-21
1.0361328125 2.021363191083872e-21
1.036376953125 1.691954790767603e-21
1.03662109375 1.515791882697965e-21
1.036865234375 1.832590822424616e-21
1.037109375 2.246042250191299e-21
1.037353515625 2.140997627637135e-21
1.03759765625 1.447990445856981e-21
1.037841796875 6.520846921802724e-22
1.0380859375 1.687455598931343e-22
1.038330078125 -1.197892422509519e-23
1.03857421875 -9.220317665238988e-23
1.038818359375 -1.821957155654476e-22
1.0390625 -3.507142573535977e-22
1.039306640625 -7.037552728612436e-22
1.03955078125 -1.213195329359343e-21
1.039794921875 -1.631431286290274e-21
1.0400390625 -1.79980399684878e-21
1.040283203125 -1.915393561765737e-21
1.04052734375 -2.227132038855363e-21
1.040771484375 -2.571417013461033e-21
1.041015625 -2.574585045957965e-21
1.041259765625 -2.313241914034635e-21
1.04150390625 -2.326807598116809e-21
1.041748046875 -2.796220619281832e-21
1.0419921875 -3.142930707785327e-21
1.042236328125 -2.809977370610346e-21
1.04248046875 -2.120156024418288e-21
1.042724609375 -1.858420229298533e-21
1.04296875 -2.157709818543608e-21
1.043212890625 -2.366601055401582e-21
1.04345703125 -2.062985395207279e-21
1.043701171875 -1.642833181401944e-21
1.0439453125 -1.657875045582233e-21
1.044189453125 -2.00403948478817e-21
1.04443359375 -2.14826178491376e-21
1.044677734375 -1.918130673016949e-21
1.044921875 -1.674571691959772e-21
1.045166015625 -1.775989437326315e-21
1.04541015625 -2.180976075614203e-21
1.045654296875 -2.592788981762338e-21
1.0458984375 -2.791713495280642e-21
1.046142578125 -2.800502665120824e-21
1.04638671875 -2.833385604102179e-21
1.046630859375 -3.050559170229213e-21
1.046875 -3.28775974529125e-21
1.047119140625 -3.149570815602754e-21
1.04736328125 -2.512388583647168e-21
1.047607421875 -1.806112925535088e-21
1.0478515625 -1.588136996750209e-21
1.048095703125 -1.907003797045208e-21
1.04833984375 -2.28810319834732e-21
1.048583984375 -2.298003758696914e-21
1.048828125 -1.927059045264817e-21
1.049072265625 -1.462428852477378e-21
1.04931640625 -1.194437373018242e-21
1.049560546875 -1.227836285285114e-21
1.0498046875 -1.391902980619624e-21
1.050048828125 -1.368314104966996e-21
1.05029296875 -1.090270584212424e-21
1.050537109375 -9.297337522117912e-22
1.05078125 -1.234183801992829e-21
1.051025390625 -1.759416924371853e-21
1.05126953125 -1.90560407878935e-21
1.051513671875 -1.506575957125959e-21
1.0517578125 -1.005092243453921e-21
1.052001953125 -7.876206068389243e-22
1.05224609375 -7.521462072213874e-22
1.052490234375 -6.711130200016399e-22
1.052734375 -5.595574158385653e-22
1.052978515625 -4.438594439636771e-22
1.05322265625 -1.566354991509269e-22
1.053466796875 3.155632580850954e-22
1.0537109375 6.15844126548869e-22
1.053955078125 5.210124306402854e-22
1.05419921875 3.742799930199532e-22
1.054443359375 5.990712971269776e-22
1.0546875 1.031944323223816e-21
1.054931640625 1.21806367302574e-21
1.05517578125 1.177920957354997e-21
1.055419921875 1.331679851875156e-21
1.0556640625 1.748792074450276e-21
1.055908203125 2.047554586311814e-21
1.05615234375 2.066695183739804e-21
1.056396484375 2.084520542186549e-21
1.056640625 2.260891937292625e-21
1.056884765625 2.378414732684134e-21
1.05712890625 2.31027427641376e-21
1.057373046875 2.271725299794256e-21
1.0576171875 2.401518537548587e-21
1.057861328125 2.536708369261579e-21
1.05810546875 2.616947619182974e-21
1.058349609375 2.848442253832535e-21
1.05859375 3.200431090486465e-21
1.058837890625 3.21897141944913e-21
1.05908203125 2.696765407442007e-21
1.059326171875 2.083212377957135e-21
1.0595703125 1.821306363568809e-21
1.059814453125 1.713851826647057e-21
1.06005859375 1.431663735924511e-21
1.060302734375 1.216319662844672e-21
1.060546875 1.451988030200432e-21
1.060791015625 1.875120892880587e-21
1.06103515625 1.931143757709714e-21
1.061279296875 1.716845815607747e-21
1.0615234375 1.818982009397106e-21
1.061767578125 2.309102020487474e-21
1.06201171875 2.664714730164398e-21
1.062255859375 2.690266341018589e-21
1.0625 2.733884777236368e-21
1.062744140625 2.899859334770967e-21
1.06298828125 2.858859866210129e-21
1.063232421875 2.640033605509618e-21
1.0634765625 2.771305695428521e-21
1.063720703125 3.292012960193424e-21
1.06396484375 3.465914184977089e-21
1.064208984375 2.972612024817429e-21
1.064453125 2.574866024792397e-21
1.064697265625 2.936419214850304e-21
1.06494140625 3.517608786550444e-21
1.065185546875 3.479942110228904e-21
1.0654296875 3.050803426882475e-21
1.065673828125 2.982619621983047e-21
1.06591796875 3.137953370257432e-21
1.066162109375 2.783738172453527e-21
1.06640625 2.045367021660733e-21
1.066650390625 1.805417469606097e-21
1.06689453125 2.140602871519192e-21
1.067138671875 2.139963903076917e-21
1.0673828125 1.542699172024616e-21
1.067626953125 1.285583954522039e-21
1.06787109375 1.875157124113636e-21
1.068115234375 2.399587539574495e-21
1.068359375 1.983297808530373e-21
1.068603515625 1.221015790294055e-21
1.06884765625 1.130614823606265e-21
1.069091796875 1.470793490559548e-21
1.0693359375 1.308617314950374e-21
1.069580078125 7.249413089183328e-22
1.06982421875 6.179334633937698e-22
1.070068359375 1.026779782708138e-21
1.0703125 1.007329571669309e-21
1.070556640625 2.721158190480486e-22
1.07080078125 -3.154105865409731e-22
1.071044921875 -2.117948839266201e-22
1.0712890625 3.633856953180352e-24
1.071533203125 -1.854757614516078e-22
1.07177734375 -3.055558816070899e-22
1.072021484375 1.178284776368654e-22
1.072265625 5.38051274727715e-22
1.072509765625 2.596812466015283e-22
1.07275390625 -3.391588006235746e-22
1.072998046875 -4.558701732684938e-22
1.0732421875 -2.68716402745797e-22
1.073486328125 -6.151238364795642e-22
1.07373046875 -1.48776675032101e-21
1.073974609375 -1.949052104756973e-21
1.07421875 -1.595673081780998e-21
1.074462890625 -1.109694573903609e-21
1.07470703125 -1.112302043367932e-21
1.074951171875 -1.344960499564316e-21
1.0751953125 -1.358503029575456e-21
1.075439453125 -1.253170247075636e-21
1.07568359375 -1.253563119666253e-21
1.075927734375 -1.182964966981023e-21
1.076171875 -9.214988304727171e-22
1.076416015625 -8.843636997440314e-22
1.07666015625 -1.424817994781491e-21
1.076904296875 -2.117120778629677e-21
1.0771484375 -2.264734027027833e-21
1.077392578125 -1.89538774674477e-21
1.07763671875 -1.640351347218571e-21
1.077880859375 -1.768438909007265e-21
1.078125 -1.964659315418134e-21
1.078369140625 -2.034819113470924e-21
1.07861328125 -2.1955385830088e-21
1.078857421875 -2.534317465885765e-21
1.0791015625 -2.735388733844453e-21
1.079345703125 -2.596683773100161e-21
1.07958984375 -2.404485806697311e-21
1.079833984375 -2.506497718643426e-21
1.080078125 -2.818530252395698e-21
1.080322265625 -3.037440887873689e-21
1.08056640625 -3.100743028095749e-21
1.080810546875 -3.140276939444674e-21
1.0810546875 -3.154776251913766e-21
1.081298828125 -3.03550879730079e-21
1.08154296875 -2.837430076832976e-21
1.081787109375 -2.756695589605545e-21
1.08203125 -2.848386703384421e-21
1.082275390625 -2.962824662226382e-21
1.08251953125 -2.968158112736839e-21
1.082763671875 -2.897108691218478e-21
1.0830078125 -2.881909030311202e-21
1.083251953125 -3.047237196349212e-21
1.08349609375 -3.418868083438936e-21
1.083740234375 -3.829553690794369e-21
1.083984375 -4.002973268378548e-21
1.084228515625 -3.887244918155017e-21
1.08447265625 -3.804528751720308e-21
1.084716796875 -4.033215333578968e-21
1.0849609375 -4.307314063773394e-21
1.085205078125 -4.066510657271889e-21
1.08544921875 -3.262521434763346e-21
1.085693359375 -2.543279440753047e-21
1.0859375 -2.410178269131799e-21
1.086181640625 -2.520032226489272e-21
1.08642578125 -2.208720066882902e-21
1.086669921875 -1.494623393497762e-21
1.0869140625 -1.038107209387199e-21
1.087158203125 -1.113499127507129e-21
1.08740234375 -1.194789852641708e-21
1.087646484375 -7.966680122836554e-22
1.087890625 -2.223948120741008e-22
1.088134765625 -3.428210647370115e-23
1.08837890625 -1.312198557306939e-22
1.088623046875 6.933777168224604e-23
1.0888671875 6.831327811334909e-22
1.089111328125 1.223765929975112e-21
1.08935546875 1.460821816226808e-21
1.089599609375 1.784851057825917e-21
1.08984375 2.457773241548505e-21
1.090087890625 3.036670363246504e-21
1.09033203125 2.979017451317878e-21
1.090576171875 2.46443628905885e-21
1.0908203125 2.121602155213712e-21
1.091064453125 2.136365275607431e-21
1.09130859375 2.120617816141574e-21
1.091552734375 1.790864816652227e-21
1.091796875 1.312770714690561e-21
1.092041015625 9.375582983965449e-22
1.09228515625 6.908974326465116e-22
1.092529296875 5.159990738267814e-22
1.0927734375 4.041168671584262e-22
1.093017578125 2.752779885737668e-22
1.09326171875 2.755369283847175e-24
1.093505859375 -3.362866243744566e-22
1.09375 -4.785343615319774e-22
1.093994140625 -3.413481367419932e-22
1.09423828125 -1.350142998101739e-22
1.094482421875 -1.583577340483921e-23
1.0947265625 1.097227659972854e-22
1.094970703125 3.022218748353621e-22
1.09521484375 3.896148253818963e-22
1.095458984375 2.711919480804327e-22
1.095703125 2.028032802441029e-22
1.095947265625 4.992183798989804e-22
1.09619140625 1.060660779275416e-21
1.096435546875 1.45844471556264e-21
1.0966796875 1.470633274759391e-21
1.096923828125 1.327720538511197e-21
1.09716796875 1.395915169948891e-21
1.097412109375 1.748028134477262e-21
1.09765625 2.10322285784245e-21
1.097900390625 2.157969356539762e-21
1.09814453125 1.955184316885972e-21
1.098388671875 1.87040816944005e-21
1.0986328125 2.146893422274849e-21
1.098876953125 2.508319321948053e-21
1.09912109375 2.429683007609982e-21
1.099365234375 1.802708818469936e-21
1.099609375 1.090417928437885e-21
1.099853515625 7.282096659135532e-22
1.10009765625 6.171197282188709e-22
1.100341796875 3.872159719319447e-22
1.1005859375 -4.34208002000391e-23
1.100830078125 -4.159285524155245e-22
1.10107421875 -5.210302073795988e-22
1.101318359375 -4.102417455133792e-22
1.1015625 -2.612885274116153e-22
1.101806640625 -2.010895748581799e-22
1.10205078125 -2.249930517992652e-22
1.102294921875 -1.78419110746808e-22
1.1025390625 1.030387636835525e-22
1.102783203125 5.356809905489989e-22
1.10302734375 7.988153291953262e-22
1.103271484375 7.304332539124233e-22
1.103515625 5.529248629634008e-22
1.103759765625 5.350031851617895e-22
1.10400390625 6.025307571639211e-22
1.104248046875 5.165184550897105e-22
1.1044921875 2.881064622783066e-22
1.104736328125 1.395322148197441e-22
1.10498046875 1.526303646408748e-22
1.105224609375 2.341615022527861e-22
1.10546875 3.484494586150514e-22
1.105712890625 5.000084766445568e-22
1.10595703125 5.679076637746809e-22
1.106201171875 4.820404366835413e-22
1.1064453125 5.079853858703384e-22
1.106689453125 9.883369000696037e-22
1.10693359375 1.791152984442872e-21
1.107177734375 2.380913905126794e-21
1.107421875 2.489997514875762e-21
1.107666015625 2.362410740658128e-21
1.10791015625 2.257673063556035e-21
1.108154296875 2.099896042636361e-21
1.1083984375 1.77201036447449e-21
1.108642578125 1.403796752831601e-21
1.10888671875 1.158102817221255e-21
1.109130859375 1.005273916468831e-21
1.109375 8.816718263345415e-22
1.109619140625 8.035068006019958e-22
1.10986328125 6.890721303590809e-22
1.110107421875 3.922283541339913e-22
1.1103515625 5.825433996078551e-23
1.110595703125 4.958220520853668e-23
1.11083984375 3.09955810848016e-22
1.111083984375 2.679165456602351e-22
1.111328125 -2.972400776020695e-22
1.111572265625 -7.783723616893213e-22
1.11181640625 -5.988710202167279e-22
1.112060546875 -8.989618453710291e-23
1.1123046875 1.023110895191666e-22
1.112548828125 7.763593973294829e-23
1.11279296875 3.639360158780359e-22
1.113037109375 8.259988424798604e-22
1.11328125 8.602805525879824e-22
1.113525390625 6.210024642769658e-22
1.11376953125 9.7540644070516e-22
1.114013671875 1.991723493175871e-21
1.1142578125 2.539016902526243e-21
1.114501953125 1.952355803830021e-21
1.11474609375 1.166690434615168e-21
1.114990234375 1.380436348965297e-21
1.115234375 2.300254999669165e-21
1.115478515625 2.693713814958865e-21
1.11572265625 2.232737613799367e-21
1.115966796875 1.727009468225664e-21
1.1162109375 1.718716717582775e-21
1.116455078125 1.910239820830343e-21
1.11669921875 2.035313103335744e-21
1.116943359375 2.290322547931419e-21
1.1171875 2.642358573915609e-21
1.117431640625 2.601340920864246e-21
1.11767578125 2.080860104430693e-21
1.117919921875 1.726025147389421e-21
1.1181640625 1.919884156511067e-21
1.118408203125 2.146883028358068e-21
1.11865234375 1.871435054205629e-21
1.118896484375 1.39582010083328e-21
1.119140625 1.196151804837949e-21
1.119384765625 1.004016421577731e-21
1.11962890625 3.667802093766888e-22
1.119873046875 -3.326462658763442e-22
1.1201171875 -3.696058275759001e-22
1.120361328125 5.817877398364642e-23
1.12060546875 7.491459479674768e-23
1.120849609375 -4.103932722047436e-22
1.12109375 -5.395837004143392e-22
1.121337890625 1.124204399249595e-24
1.12158203125 3.582398443709298e-22
1.121826171875 -1.484325373815746e-22
1.1220703125 -9.543942054382915e-22
1.122314453125 -1.193965288638984e-21
1.12255859375 -1.019926279073354e-21
1.122802734375 -1.170803644087179e-21
1.123046875 -1.691006358324147e-21
1.123291015625 -1.967974252939703e-21
1.12353515625 -1.838217418019219e-21
1.123779296875 -1.811470619914681e-21
1.1240234375 -2.17597336257401e-21
1.124267578125 -2.589910794686802e-21
1.12451171875 -2.70349084098642e-21
1.124755859375 -2.632321956822156e-21
1.125 -2.643133561496216e-21
1.125244140625 -2.805744197784129e-21
1.12548828125 -3.097691957030533e-21
1.125732421875 -3.473600398142785e-21
1.1259765625 -3.722538488629999e-21
1.126220703125 -3.617932419357465e-21
1.12646484375 -3.288127415908461e-21
1.126708984375 -3.073756572806517e-21
1.126953125 -2.986422566616491e-21
1.127197265625 -2.75778524866019e-21
1.12744140625 -2.475753166060153e-21
1.127685546875 -2.600860411263914e-21
1.1279296875 -3.157093955565925e-21
1.128173828125 -3.509258921885992e-21
1.12841796875 -3.30873623305188e-21
1.128662109375 -3.106950885969914e-21
1.12890625 -3.505139153206768e-21
1.129150390625 -4.128167069742154e-21
1.12939453125 -4.094610746875063e-21
1.129638671875 -3.283282326590842e-21
1.1298828125 -2.489592615063409e-21
1.130126953125 -2.373353973816164e-21
1.13037109375 -2.793497162478486e-21
1.130615234375 -3.193642055036111e-21
1.130859375 -3.160279311896865e-21
1.131103515625 -2.556430299440441e-21
1.13134765625 -1.569940826325711e-21
1.131591796875 -7.43325149430188e-22
1.1318359375 -5.564572234799514e-22
1.132080078125 -8.385793189679106e-22
1.13232421875 -9.235699641055198e-22
1.132568359375 -4.983639545293968e-22
1.1328125 4.368424341061485e-23
1.133056640625 2.290104572826914e-22
1.13330078125 1.325351986959685e-22
1.133544921875 1.578028152994455e-22
1.1337890625 4.465006095870324e-22
1.134033203125 7.504693617635575e-22
1.13427734375 7.559054312062001e-22
1.134521484375 3.819227347263707e-22
1.134765625 -1.31539857942986e-22
1.135009765625 -3.691135044859575e-22
1.13525390625 -1.353778232201612e-22
1.135498046875 2.561821408921575e-22
1.1357421875 2.917909413173339e-22
1.135986328125 -1.219087431372038e-22
1.13623046875 -5.958061648493275e-22
1.136474609375 -8.250333146058476e-22
1.13671875 -8.723015317445083e-22
1.136962890625 -8.229273783660485e-22
1.13720703125 -5.878767303007822e-22
1.137451171875 -2.436394087894515e-22
1.1376953125 -1.446999626908852e-22
1.137939453125 -4.035498838884693e-22
1.13818359375 -6.434643376057795e-22
1.138427734375 -6.200294422496532e-22
1.138671875 -6.959999878725372e-22
1.138916015625 -1.218542528611825e-21
1.13916015625 -1.764389133248128e-21
1.139404296875 -1.642090703631537e-21
1.1396484375 -9.802627965467474e-22
1.139892578125 -6.188141071398459e-22
1.14013671875 -8.867757134849542e-22
1.140380859375 -1.166844557707925e-21
1.140625 -8.919140041485308e-22
1.140869140625 -3.755074654929955e-22
1.14111328125 -2.577564157458432e-22
1.141357421875 -5.51943024344803e-22
1.1416015625 -7.318286852011749e-22
1.141845703125 -5.593078255446887e-22
1.14208984375 -3.465626302677744e-22
1.142333984375 -3.984820660576938e-22
1.142578125 -5.629691533380012e-22
1.142822265625 -4.706032142460866e-22
1.14306640625 -3.046119613761315e-23
1.143310546875 4.650167974416076e-22
1.1435546875 6.820571317044824e-22
1.143798828125 5.90813645969978e-22
1.14404296875 4.427572799756339e-22
1.144287109375 4.681228883309446e-22
1.14453125 6.923345197882034e-22
1.144775390625 1.039295841109803e-21
1.14501953125 1.448152332358406e-21
1.145263671875 1.799843792236853e-21
1.1455078125 1.909888481709042e-21
1.145751953125 1.781984357995157e-21
1.14599609375 1.726576126387533e-21
1.146240234375 1.985042207670164e-21
1.146484375 2.345628009875108e-21
1.146728515625 2.42616845379914e-21
1.14697265625 2.267410174882557e-21
1.147216796875 2.292615088992332e-21
1.1474609375 2.669321342429599e-21
1.147705078125 3.083414781377642e-21
1.14794921875 3.237688410627941e-21
1.148193359375 3.216695441927952e-21
1.1484375 3.201351975951659e-21
1.148681640625 3.157882044732178e-21
1.14892578125 3.035915014166649e-21
1.149169921875 2.997707001704069e-21
1.1494140625 3.183160170478708e-21
1.149658203125 3.440575497174419e-21
1.14990234375 3.534748823530126e-21
1.150146484375 3.469469878086548e-21
1.150390625 3.395941981803031e-21
1.150634765625 3.360933719059212e-21
1.15087890625 3.353001011767964e-21
1.151123046875 3.436740714173261e-21
1.1513671875 3.618636029181159e-21
1.151611328125 3.723740082831809e-21
1.15185546875 3.62604228171247e-21
1.152099609375 3.463948498374837e-21
1.15234375 3.410878202548358e-21
1.152587890625 3.379678981599073e-21
1.15283203125 3.185280912248983e-21
1.153076171875 2.845701430133229e-21
1.1533203125 2.469113570017848e-21
1.153564453125 2.013102887594381e-21
1.15380859375 1.466039349924326e-21
1.154052734375 1.109112610235136e-21
1.154296875 1.206845221639416e-21
1.154541015625 1.512716253807283e-21
1.15478515625 1.498434529424097e-21
1.155029296875 1.081648483632768e-21
1.1552734375 7.174958641384595e-22
1.155517578125 7.005546020987521e-22
1.15576171875 7.941499724189898e-22
1.156005859375 7.161164427423398e-22
1.15625 5.949168202196221e-22
1.156494140625 6.47983217307562e-22
1.15673828125 6.935778207231982e-22
1.156982421875 3.69018496124798e-22
1.1572265625 -2.633637481925044e-22
1.157470703125 -6.871168815175386e-22
1.15771484375 -5.749059107487933e-22
1.157958984375 -2.149763959760714e-22
1.158203125 -1.348094900840645e-22
1.158447265625 -4.160178314666261e-22
1.15869140625 -6.086920260383407e-22
1.158935546875 -3.911200006940613e-22
1.1591796875 -1.033545171425192e-22
1.159423828125 -3.456052067865769e-22
1.15966796875 -1.089013466703408e-21
1.159912109375 -1.571813233137008e-21
1.16015625 -1.266560078007675e-21
1.160400390625 -6.032648171852853e-22
1.16064453125 -3.734805595284868e-22
1.160888671875 -6.744250995610637e-22
1.1611328125 -9.423605444169151e-22
1.161376953125 -9.145937760506916e-22
1.16162109375 -9.508063606517481e-22
1.161865234375 -1.292261534119881e-21
1.162109375 -1.590299315466817e-21
1.162353515625 -1.490321052717512e-21
1.16259765625 -1.231542341642586e-21
1.162841796875 -1.23801316585067e-21
1.1630859375 -1.425489044009338e-21
1.163330078125 -1.404099654744333e-21
1.16357421875 -1.204206815812646e-21
1.163818359375 -1.278302229341612e-21
1.1640625 -1.75505183598456e-21
1.164306640625 -2.138983608318158e-21
1.16455078125 -1.924726674660955e-21
1.164794921875 -1.220994493278092e-21
1.1650390625 -5.732794217170764e-22
1.165283203125 -3.525872664579664e-22
1.16552734375 -5.018093779106908e-22
1.165771484375 -7.647841793905013e-22
1.166015625 -9.667751515062571e-22
1.166259765625 -1.079293605730477e-21
1.16650390625 -1.148319887714443e-21
1.166748046875 -1.223094631866748e-21
1.1669921875 -1.332794330493877e-21
1.167236328125 -1.503659427420815e-21
1.16748046875 -1.765478492455951e-21
1.167724609375 -2.102646522438463e-21
1.16796875 -2.412944432057701e-21
1.168212890625 -2.581954029469484e-21
1.16845703125 -2.622114550092044e-21
1.168701171875 -2.677828590001935e-21
1.1689453125 -2.843201437780164e-21
1.169189453125 -3.020080227728848e-21
1.16943359375 -3.030633490567999e-21
1.169677734375 -2.850651308253721e-21
1.169921875 -2.636228233472402e-21
1.170166015625 -2.501691233205018e-21
1.17041015625 -2.378481743317304e-21
1.170654296875 -2.158708973857829e-21
1.1708984375 -1.871912583690006e-21
1.171142578125 -1.603096315883456e-21
1.17138671875 -1.325583914102068e-21
1.171630859375 -9.807956774611393e-22
1.171875 -6.646941729867057e-22
1.172119140625 -5.329326085958252e-22
1.17236328125 -5.491118380651088e-22
1.172607421875 -5.535086073845139e-22
1.1728515625 -5.518690673607443e-22
1.173095703125 -6.319919438693109e-22
1.17333984375 -5.964549063604345e-22
1.173583984375 -1.151724703123484e-22
1.173828125 6.167777159929345e-22
1.174072265625 8.792539417318331e-22
1.17431640625 4.226896757704334e-22
1.174560546875 -1.024374937162286e-23
1.1748046875 3.256935107200729e-22
1.175048828125 1.0552948579359e-21
1.17529296875 1.224071876313099e-21
1.175537109375 7.120538047266992e-22
1.17578125 3.00993096626211e-22
1.176025390625 3.77493335775237e-22
1.17626953125 4.384323094177658e-22
1.176513671875 8.869640808018993e-23
1.1767578125 -2.831695253298684e-22
1.177001953125 -2.261792896450141e-22
1.17724609375 5.631701223015902e-23
1.177490234375 2.096193104028639e-22
1.177734375 3.772208353365948e-22
1.177978515625 7.731499602622467e-22
1.17822265625 1.069654702045649e-21
1.178466796875 8.544763551239221e-22
1.1787109375 3.721375660107541e-22
1.178955078125 1.649269358499256e-22
1.17919921875 2.104753702184948e-22
1.179443359375 6.264437162970822e-23
1.1796875 -3.166396448630282e-22
1.179931640625 -5.436985940518089e-22
1.18017578125 -5.650554533164324e-22
1.180419921875 -7.367341403946493e-22
1.1806640625 -1.089875373507254e-21
1.180908203125 -1.163218960417011e-21
1.18115234375 -7.486799322256541e-22
1.181396484375 -2.470227387564711e-22
1.181640625 -3.338945487564877e-23
1.181884765625 6.276192270394867e-23
1.18212890625 3.557108659646108e-22
1.182373046875 7.601802405422728e-22
1.1826171875 9.619113053176514e-22
1.182861328125 8.66940117275853e-22
1.18310546875 6.100131568405652e-22
1.183349609375 3.054354066315865e-22
1.18359375 -6.852053998965929e-24
1.183837890625 -3.26674731472295e-22
1.18408203125 -7.269633317642098e-22
1.184326171875 -1.226981702161932e-21
1.1845703125 -1.562673841368518e-21
1.184814453125 -1.376929084083772e-21
1.18505859375 -7.719514335902975e-22
1.185302734375 -3.493778519343901e-22
1.185546875 -4.82810588386369e-22
1.185791015625 -8.383983287676285e-22
1.18603515625 -8.83585214819509e-22
1.186279296875 -6.144122048829088e-22
1.1865234375 -4.426998389777943e-22
1.186767578125 -5.281331450613513e-22
1.18701171875 -5.848775149964037e-22
1.187255859375 -3.157861048264885e-22
1.1875 2.490456856499769e-22
1.187744140625 8.682947810325328e-22
1.18798828125 1.337042007069394e-21
1.188232421875 1.582294626270169e-21
1.1884765625 1.654608020917415e-21
1.188720703125 1.678594369983318e-21
1.18896484375 1.767420368490586e-21
1.189208984375 1.977492321350469e-21
1.189453125 2.314194960590087e-21
1.189697265625 2.687714094553508e-21
1.18994140625 2.89062819996061e-21
1.190185546875 2.785619690923308e-21
1.1904296875 2.525585043998798e-21
1.190673828125 2.397227844269508e-21
1.19091796875 2.426688580466e-21
1.191162109375 2.365364845047946e-21
1.19140625 2.094636199868317e-21
1.191650390625 1.767901995803279e-21
1.19189453125 1.494238721508887e-21
1.192138671875 1.206755472066735e-21
1.1923828125 9.406101087608804e-22
1.192626953125 8.585462138253908e-22
1.19287109375 8.395233086422538e-22
1.193115234375 4.847764660429972e-22
1.193359375 -1.905240416162021e-22
1.193603515625 -5.266935527631698e-22
1.19384765625 -8.469604507603146e-23
1.194091796875 6.673893983554902e-22
1.1943359375 1.026264612170125e-21
1.194580078125 1.030873738311358e-21
1.19482421875 1.149805140987676e-21
1.195068359375 1.301557290284562e-21
1.1953125 9.644286528462724e-22
1.195556640625 1.657332536584135e-22
1.19580078125 -4.313457229581906e-22
1.196044921875 -5.176759580370504e-22
1.1962890625 -5.052064653173536e-22
1.196533203125 -7.348467077708271e-22
1.19677734375 -9.847506372686744e-22
1.197021484375 -1.026479330747432e-21
1.197265625 -1.067063571421154e-21
1.197509765625 -1.312073722163243e-21
1.19775390625 -1.605679914122662e-21
1.197998046875 -1.83036609846693e-21
1.1982421875 -2.176743865743654e-21
1.198486328125 -2.679692867339699e-21
1.19873046875 -2.96579002163331e-21
1.198974609375 -2.826772336448026e-21
1.19921875 -2.579737430644403e-21
1.199462890625 -2.4894591144405e-21
1.19970703125 -2.347067253781096e-21
1.199951171875 -2.060229938169994e-21
1.2001953125 -2.088935586493523e-21
1.200439453125 -2.682580367068818e-21
1.20068359375 -3.196327714458083e-21
1.200927734375 -2.919966042465832e-21
1.201171875 -2.187893159870412e-21
1.201416015625 -1.823835985821944e-21
1.20166015625 -1.789815161714531e-21
1.201904296875 -1.362150246489707e-21
1.2021484375 -5.213212098830037e-22
1.202392578125 -9.129639256031168e-23
1.20263671875 -3.456801947666398e-22
1.202880859375 -4.964185698706765e-22
1.203125 4.442652957283349e-23
1.203369140625 7.710342992609641e-22
1.20361328125 9.853971973381509e-22
1.203857421875 8.824363904351752e-22
1.2041015625 1.107538700311781e-21
1.204345703125 1.748831777723947e-21
1.20458984375 2.403329127234597e-21
1.204833984375 2.87779608443765e-21
1.205078125 3.221492972890572e-21
1.205322265625 3.32586358816461e-21
1.20556640625 3.066044926300672e-21
1.205810546875 2.688578198734543e-21
1.2060546875 2.572147741064097e-21
1.206298828125 2.711628939399146e-21
1.20654296875 2.832542234976836e-21
1.206787109375 2.857217079477369e-21
1.20703125 2.844251515012128e-21
1.207275390625 2.626898838476141e-21
1.20751953125 1.984060673915886e-21
1.207763671875 1.109459508109964e-21
1.2080078125 4.885482629072144e-22
1.208251953125 3.278110547936095e-22
1.20849609375 4.518837246287337e-22
1.208740234375 6.929661002671685e-22
1.208984375 9.976872736049681e-22
1.209228515625 1.204901037164721e-21
1.20947265625 1.140249005393791e-21
1.209716796875 9.476152000933918e-22
1.2099609375 9.417984033086071e-22
1.210205078125 1.104404065878387e-21
1.21044921875 1.11041858014224e-21
1.210693359375 9.041062851228377e-22
1.2109375 8.361309758908384e-22
1.211181640625 1.091468117061706e-21
1.21142578125 1.35384187778893e-21
1.211669921875 1.255545425652599e-21
1.2119140625 8.877360651319327e-22
1.212158203125 6.281954735698929e-22
1.21240234375 6.267497658286027e-22
1.212646484375 6.570620270097768e-22
1.212890625 4.031501875112039e-22
1.213134765625 -2.022052853919786e-22
1.21337890625 -8.628080322304463e-22
1.213623046875 -1.146097090160674e-21
1.2138671875 -9.340418227873283e-22
1.214111328125 -5.830959196354338e-22
1.21435546875 -4.585742939897922e-22
1.214599609375 -4.260364708560688e-22
1.21484375 -1.173196442872326e-22
1.215087890625 3.771617895119413e-22
1.21533203125 5.448362630866691e-22
1.215576171875 2.778838172809785e-22
1.2158203125 1.76606090652372e-22
1.216064453125 7.164101374910032e-22
1.21630859375 1.473030766508098e-21
1.216552734375 1.612808632928651e-21
1.216796875 9.883784028418666e-22
1.217041015625 3.101224895559433e-22
1.21728515625 2.261861825702695e-22
1.217529296875 6.025835661785507e-22
1.2177734375 8.506065966429112e-22
1.218017578125 7.084169078328869e-22
1.21826171875 4.594352413150076e-22
1.218505859375 4.491080085150103e-22
1.21875 6.188527941124147e-22
1.218994140625 6.314285774916909e-22
1.21923828125 3.502692593795458e-22
1.219482421875 2.30896703483806e-24
1.2197265625 -1.674941534600081e-22
1.219970703125 -2.158258187847033e-22
1.22021484375 -3.370174262557644e-22
1.220458984375 -5.189597679818378e-22
1.220703125 -5.689504470550068e-22
1.220947265625 -4.203441180557838e-22
1.22119140625 -2.033627364633648e-22
1.221435546875 -2.879231076772176e-23
1.2216796875 9.96438587241442e-23
1.221923828125 1.604063879805875e-22
1.22216796875 1.07682757198174e-22
1.222412109375 1.349355290452387e-23
1.22265625 1.703194852941282e-23
1.222900390625 8.806930583254719e-23
1.22314453125 3.046460397472724e-23
1.223388671875 -2.17721829825246e-22
1.2236328125 -4.681555930383544e-22
1.223876953125 -5.514039979370307e-22
1.22412109375 -5.507478861745537e-22
1.224365234375 -6.665134673711386e-22
1.224609375 -9.519525593206067e-22
1.224853515625 -1.279648125598904e-21
1.22509765625 -1.525658391146139e-21
1.225341796875 -1.732570881513042e-21
1.2255859375 -2.073851329794508e-21
1.225830078125 -2.610549270106475e-21
1.22607421875 -3.106655387541412e-21
1.226318359375 -3.253446260125024e-21
1.2265625 -3.112708220898656e-21
1.226806640625 -3.067302771051172e-21
1.22705078125 -3.195021742790306e-21
1.227294921875 -3.053780123538191e-21
1.2275390625 -2.407782646094328e-21
1.227783203125 -1.802945439767166e-21
1.22802734375 -1.89660263713597e-21
1.228271484375 -2.457926546690116e-21
1.228515625 -2.673755055666456e-21
1.228759765625 -2.343418033829713e-21
1.22900390625 -2.067949947890956e-21
1.229248046875 -2.220676712054113e-21
1.2294921875 -2.47029818176349e-21
1.229736328125 -2.516360226791467e-21
1.22998046875 -2.577406660126638e-21
1.230224609375 -2.815527490517126e-21
1.23046875 -2.927146226055784e-21
1.230712890625 -2.730534554383762e-21
1.23095703125 -2.58045949126006e-21
1.231201171875 -2.718741661768915e-21
1.2314453125 -2.7560621604518e-21
1.231689453125 -2.36599757691304e-21
1.23193359375 -2.010100100731294e-21
1.232177734375 -2.303250485053288e-21
1.232421875 -3.017592257414441e-21
1.232666015625 -3.426819143312408e-21
1.23291015625 -3.390938559518288e-21
1.233154296875 -3.357205724350001e-21
1.2333984375 -3.406444513328206e-21
1.233642578125 -3.061617350750063e-21
1.23388671875 -2.118464135168376e-21
1.234130859375 -1.029442459309305e-21
1.234375 -2.961665900674647e-22
1.234619140625 3.929599329710943e-23
1.23486328125 1.679328926210385e-22
1.235107421875 2.176301358925306e-22
1.2353515625 3.320662466854896e-22
1.235595703125 6.828546020296472e-22
1.23583984375 1.257917259076336e-21
1.236083984375 1.891641360171182e-21
1.236328125 2.52471202841809e-21
1.236572265625 3.136891861285608e-21
1.23681640625 3.460572342846435e-21
1.237060546875 3.169710567149304e-21
1.2373046875 2.40799944685371e-21
1.237548828125 1.744806251714381e-21
1.23779296875 1.513387001659525e-21
1.238037109375 1.528667689651304e-21
1.23828125 1.525563249058845e-21
1.238525390625 1.512398361492042e-21
1.23876953125 1.584947241506032e-21
1.239013671875 1.731142247900301e-21
1.2392578125 1.944729714770295e-21
1.239501953125 2.240170948779698e-21
1.23974609375 2.474322257200023e-21
1.239990234375 2.461327657340031e-21
1.240234375 2.321351781520198e-21
1.240478515625 2.364424702567138e-21
1.24072265625 2.566094383519262e-21
1.240966796875 2.565732733119916e-21
1.2412109375 2.290706474573782e-21
1.241455078125 2.120677066800022e-21
1.24169921875 2.231850437025346e-21
1.241943359375 2.246584196651951e-21
1.2421875 1.847410817597959e-21
1.242431640625 1.324773754494798e-21
1.24267578125 1.118390175263642e-21
1.242919921875 1.149689864644414e-21
1.2431640625 1.063809311387972e-21
1.243408203125 8.907477779838941e-22
1.24365234375 9.65024215974491e-22
1.243896484375 1.297699812244886e-21
1.244140625 1.505892247359288e-21
1.244384765625 1.373030594754372e-21
1.24462890625 1.07967918890482e-21
1.244873046875 8.20864066327978e-22
1.2451171875 5.35912277556667e-22
1.245361328125 1.195427620034289e-22
1.24560546875 -3.646631178901772e-22
1.245849609375 -7.831021764019979e-22
1.24609375 -1.038655185364586e-21
1.246337890625 -1.026239872515555e-21
1.24658203125 -7.151737862580801e-22
1.246826171875 -3.388258395321767e-22
1.2470703125 -2.294423191552804e-22
1.247314453125 -3.345587588047215e-22
1.24755859375 -1.827628211236997e-22
1.247802734375 4.420502326229881e-22
1.248046875 1.058393301125364e-21
1.248291015625 1.083573682477749e-21
1.24853515625 7.108931959445442e-22
1.248779296875 7.021983049145404e-22
1.2490234375 1.266974267257214e-21
1.249267578125 1.678818819088293e-21
1.24951171875 1.301283511867066e-21
1.249755859375 5.598056156169312e-22
1.25 3.806593987965218e-22
1.250244140625 8.8145328944075e-22
1.25048828125 1.228224960652656e-21
1.250732421875 8.275954848060905e-22
1.2509765625 9.024603809576114e-23
1.251220703125 -2.235665857399127e-22
1.25146484375 2.832172539088118e-23
1.251708984375 3.908701553739962e-22
1.251953125 4.92839676642255e-22
1.252197265625 3.4977941160022e-22
1.25244140625 1.719613229901044e-22
1.252685546875 1.807281630124478e-22
1.2529296875 4.908979765110184e-22
1.253173828125 9.364883702482003e-22
1.25341796875 1.155416524819659e-21
1.253662109375 1.046554605316129e-21
1.25390625 9.355271740367247e-22
1.254150390625 1.068470419897641e-21
1.25439453125 1.226565529407655e-21
1.254638671875 1.15878620406648e-21
1.2548828125 1.082238276714934e-21
1.255126953125 1.292260971205986e-21
1.25537109375 1.52978771766936e-21
1.255615234375 1.317040530061118e-21
1.255859375 7.936889141107836e-22
1.256103515625 5.813661962612152e-22
1.25634765625 8.06154713849119e-22
1.256591796875 9.04175900621339e-22
1.2568359375 5.512150553887184e-22
1.257080078125 1.668581935423416e-22
1.25732421875 1.971735984824644e-22
1.257568359375 4.285021190015718e-22
1.2578125 4.358440200694443e-22
1.258056640625 3.257395061656748e-22
1.25830078125 5.351775042599655e-22
1.258544921875 1.077970916670771e-21
1.2587890625 1.463692264989492e-21
1.259033203125 1.379155501223971e-21
1.25927734375 1.120595337718981e-21
1.259521484375 1.225366990850249e-21
1.259765625 1.809634139405122e-21
1.260009765625 2.385662272665296e-21
1.26025390625 2.35888137962713e-21
1.260498046875 1.669739252983662e-21
1.2607421875 8.286934673425375e-22
1.260986328125 2.79978086504726e-22
1.26123046875 -5.581065077950244e-23
1.261474609375 -4.42850193453759e-22
1.26171875 -8.136506439116404e-22
1.261962890625 -9.656643039395222e-22
1.26220703125 -1.085267226748534e-21
1.262451171875 -1.558666120836512e-21
1.2626953125 -2.275039145765627e-21
1.262939453125 -2.648687429096086e-21
1.26318359375 -2.458310704716332e-21
1.263427734375 -2.17777118280152e-21
1.263671875 -2.254719211605532e-21
1.263916015625 -2.483834909570113e-21
1.26416015625 -2.394947847411967e-21
1.264404296875 -1.957819429568055e-21
1.2646484375 -1.59161198757726e-21
1.264892578125 -1.643929536868381e-21
1.26513671875 -2.074694576334216e-21
1.265380859375 -2.544006615612349e-21
1.265625 -2.722236824921065e-21
1.265869140625 -2.642308986336457e-21
1.26611328125 -2.716569029401541e-21
1.266357421875 -3.189941771276916e-21
1.2666015625 -3.693845968148566e-21
1.266845703125 -3.711405753259054e-21
1.26708984375 -3.362481409443283e-21
1.267333984375 -3.193917487134453e-21
1.267578125 -3.240883679161965e-21
1.267822265625 -2.972090080551145e-21
1.26806640625 -2.264468250363927e-21
1.268310546875 -1.687999604292608e-21
1.2685546875 -1.558063305876438e-21
1.268798828125 -1.443140141615316e-21
1.26904296875 -1.00712682172215e-21
1.269287109375 -6.147101278526165e-22
1.26953125 -5.685354796157715e-22
1.269775390625 -4.275416631233174e-22
1.27001953125 2.36339225036324e-22
1.270263671875 9.704987791548135e-22
1.2705078125 1.094964098428726e-21
1.270751953125 7.899664449108921e-22
1.27099609375 7.514662044150039e-22
1.271240234375 1.101341798372484e-21
1.271484375 1.424328281267989e-21
1.271728515625 1.611737163301707e-21
1.27197265625 1.862154839615237e-21
1.272216796875 2.05043970709306e-21
1.2724609375 1.9108234574839e-21
1.272705078125 1.696172853546027e-21
1.27294921875 1.833596292803576e-21
1.273193359375 2.051779443711167e-21
1.2734375 1.737402075321338e-21
1.273681640625 1.100224874199212e-21
1.27392578125 1.011949382534538e-21
1.274169921875 1.601936276162592e-21
1.2744140625 2.018651500716475e-21
1.274658203125 1.838244578672966e-21
1.27490234375 1.708208039849971e-21
1.275146484375 2.139205474902665e-21
1.275390625 2.581170878077416e-21
1.275634765625 2.36005508689153e-21
1.27587890625 1.806700029536516e-21
1.276123046875 1.691407038510748e-21
1.2763671875 2.037842574897538e-21
1.276611328125 2.261194180871956e-21
1.27685546875 2.161955622994283e-21
1.277099609375 2.053658917981637e-21
1.27734375 2.064023190188212e-21
1.277587890625 1.964910456195899e-21
1.27783203125 1.684558910903839e-21
1.278076171875 1.477636581531349e-21
1.2783203125 1.528120960687683e-21
1.278564453125 1.72146069674696e-21
1.27880859375 1.819599012546127e-21
1.279052734375 1.614501983278094e-21
1.279296875 9.870694700515149e-22
1.279541015625 7.968787669265749e-23
1.27978515625 -6.767446677435891e-22
1.280029296875 -9.815375747064179e-22
1.2802734375 -1.046767605652938e-21
1.280517578125 -1.318426401317203e-21
1.28076171875 -1.889448360515037e-21
1.281005859375 -2.441381436473944e-21
1.28125 -2.723415308705228e-21
1.281494140625 -2.847123886907707e-21
1.28173828125 -3.098631857840544e-21
1.281982421875 -3.628229271033601e-21
1.2822265625 -4.331236053363852e-21
1.282470703125 -4.936118880062972e-21
1.28271484375 -5.246441603649e-21
1.282958984375 -5.350384671550534e-21
1.283203125 -5.495322855336501e-21
1.283447265625 -5.724630922637175e-21
1.28369140625 -5.821644268956085e-21
1.283935546875 -5.680474942896453e-21
1.2841796875 -5.488499811211935e-21
1.284423828125 -5.399477322195993e-21
1.28466796875 -5.27588273308793e-21
1.284912109375 -4.962342281558548e-21
1.28515625 -4.590852480940172e-21
1.285400390625 -4.362663536366562e-21
1.28564453125 -4.201735147117522e-21
1.285888671875 -3.885992960901875e-21
1.2861328125 -3.394946273716982e-21
1.286376953125 -2.891029248220574e-21
1.28662109375 -2.47013711883466e-21
1.286865234375 -2.142587273482601e-21
1.287109375 -1.93809673312769e-21
1.287353515625 -1.822958921567443e-21
1.28759765625 -1.639418520994986e-21
1.287841796875 -1.32052613943434e-21
1.2880859375 -1.02327875182673e-21
1.288330078125 -8.734766820154065e-22
1.28857421875 -7.681365257911017e-22
1.288818359375 -6.134337527738995e-22
1.2890625 -4.998490715793847e-22
1.289306640625 -4.057684931161158e-22
1.28955078125 -5.563451913321581e-23
1.289794921875 5.759352225943393e-22
1.2900390625 9.696759426859976e-22
1.290283203125 7.754608987953894e-22
1.29052734375 5.248722568419103e-22
1.290771484375 9.815178929440156e-22
1.291015625 1.953022346911879e-21
1.291259765625 2.508902621721096e-21
1.29150390625 2.381918761588723e-21
1.291748046875 2.336110179048907e-21
1.2919921875 2.925029232564964e-21
1.292236328125 3.677142868288623e-21
1.29248046875 3.954715204374006e-21
1.292724609375 3.947787301288584e-21
1.29296875 4.194344088799901e-21
1.293212890625 4.591046099013248e-21
1.29345703125 4.600498297681297e-21
1.293701171875 4.199375672420919e-21
1.2939453125 3.908605181149795e-21
1.294189453125 3.911655103665401e-21
1.29443359375 3.769997241817736e-21
1.294677734375 3.153899247466451e-21
1.294921875 2.383637568013198e-21
1.295166015625 2.017878754182452e-21
1.29541015625 2.184833027715708e-21
1.295654296875 2.508780606244659e-21
1.2958984375 2.53670593096912e-21
1.296142578125 2.129677204151505e-21
1.29638671875 1.548619355212307e-21
1.296630859375 1.198358234487848e-21
1.296875 1.206459773300319e-21
1.297119140625 1.309397150116419e-21
1.29736328125 1.266763172147898e-21
1.297607421875 1.23318154610015e-21
1.2978515625 1.468806220341345e-21
1.298095703125 1.814122477878784e-21
1.29833984375 1.830178321705938e-21
1.298583984375 1.455079544934422e-21
1.298828125 1.129305660390938e-21
1.299072265625 1.174157884448859e-21
1.29931640625 1.413882748455961e-21
1.299560546875 1.579557722895858e-21
1.2998046875 1.736949641477375e-21
1.300048828125 2.052900084898647e-21
1.30029296875 2.413516559516504e-21
1.300537109375 2.594129085987166e-21
1.30078125 2.633162662338247e-21
1.301025390625 2.714686367574562e-21
1.30126953125 2.779293537660754e-21
1.301513671875 2.572557109764697e-21
1.3017578125 2.07395385236714e-21
1.302001953125 1.610513979378944e-21
1.30224609375 1.481597750142157e-21
1.302490234375 1.630567230978085e-21
1.302734375 1.729706492457485e-21
1.302978515625 1.501185580002642e-21
1.30322265625 9.803170124466775e-22
1.303466796875 5.426609869969654e-22
1.3037109375 5.832447731678015e-22
1.303955078125 1.053249018132903e-21
1.30419921875 1.434220303514699e-21
1.304443359375 1.331701459902681e-21
1.3046875 9.566606160030548e-22
1.304931640625 8.062056125638968e-22
1.30517578125 1.027021774035537e-21
1.305419921875 1.411008156338808e-21
1.3056640625 1.893250831496691e-21
1.305908203125 2.59699169877258e-21
1.30615234375 3.341334850935865e-21
1.306396484375 3.58233999680153e-21
1.306640625 3.090257709919576e-21
1.306884765625 2.358788390151191e-21
1.30712890625 2.053764226892503e-21
1.307373046875 2.264972252938698e-21
1.3076171875 2.557813767535587e-21
1.307861328125 2.583547185731384e-21
1.30810546875 2.36729398558957e-21
1.308349609375 2.118515249980641e-21
1.30859375 2.024149971394634e-21
1.308837890625 2.167418480344933e-21
1.30908203125 2.43806891966136e-21
1.309326171875 2.574668308593028e-21
1.3095703125 2.453357369502856e-21
1.309814453125 2.22904718863524e-21
1.31005859375 2.027449751367113e-21
1.310302734375 1.674889704616507e-21
1.310546875 9.996537596844079e-22
1.310791015625 2.412681067060661e-22
1.31103515625 -2.12895362900804e-22
1.311279296875 -4.400983525692451e-22
1.3115234375 -9.201095108222385e-22
1.311767578125 -1.805946902187324e-21
1.31201171875 -2.657771979914199e-21
1.312255859375 -3.066100735342224e-21
1.3125 -3.18264231140255e-21
1.312744140625 -3.372843198408901e-21
1.31298828125 -3.626263288598033e-21
1.313232421875 -3.665944150275034e-21
1.3134765625 -3.501104468323516e-21
1.313720703125 -3.500563617683893e-21
1.31396484375 -3.902768525553878e-21
1.314208984375 -4.533712456668597e-21
1.314453125 -5.079159384272761e-21
1.314697265625 -5.413072371690301e-21
1.31494140625 -5.550435291505871e-21
1.315185546875 -5.46702446489047e-21
1.3154296875 -5.159461785899369e-21
1.315673828125 -4.814820433993099e-21
1.31591796875 -4.721328005754434e-21
1.316162109375 -4.945322152866295e-21
1.31640625 -5.195800307629424e-21
1.316650390625 -5.106388429406557e-21
1.31689453125 -4.640023608190468e-21
1.317138671875 -4.145509377301497e-21
1.3173828125 -3.985206736612637e-21
1.317626953125 -4.138164617476964e-21
1.31787109375 -4.208674035628145e-21
1.318115234375 -3.835525844990268e-21
1.318359375 -3.085434832303731e-21
1.318603515625 -2.422817033500412e-21
1.31884765625 -2.251338704832555e-21
1.319091796875 -2.470229580241541e-21
1.3193359375 -2.546041452733696e-21
1.319580078125 -2.091719672054344e-21
1.31982421875 -1.322191001142429e-21
1.320068359375 -8.204535363017001e-22
1.3203125 -8.771126212525075e-22
1.320556640625 -1.222776791501871e-21
1.32080078125 -1.443105628977182e-21
1.321044921875 -1.463187053225481e-21
1.3212890625 -1.490538006987049e-21
1.321533203125 -1.625209489800839e-21
1.32177734375 -1.723278743566116e-21
1.322021484375 -1.614989154842191e-21
1.322265625 -1.323500375375601e-21
1.322509765625 -1.077418081280738e-21
1.32275390625 -1.169922235874052e-21
1.322998046875 -1.72060043083328e-21
1.3232421875 -2.472082256807203e-21
1.323486328125 -2.918727039613756e-21
1.32373046875 -2.78661685579006e-21
1.323974609375 -2.328789213507761e-21
1.32421875 -2.016936077173652e-21
1.324462890625 -2.021720257938473e-21
1.32470703125 -2.145460000967694e-21
1.324951171875 -2.166041298116979e-21
1.3251953125 -2.04092583982125e-21
1.325439453125 -1.838175576439782e-21
1.32568359375 -1.68999823802006e-21
1.325927734375 -1.771415179253527e-21
1.326171875 -2.087132230020133e-21
1.326416015625 -2.301357510644139e-21
1.32666015625 -2.029185456564616e-21
1.326904296875 -1.302612912638241e-21
1.3271484375 -5.104640875918137e-22
1.327392578125 1.069566219757324e-22
1.32763671875 6.169558654809394e-22
1.327880859375 1.054112423030524e-21
1.328125 1.280951191596793e-21
1.328369140625 1.275669808503912e-21
1.32861328125 1.208203752401012e-21
1.328857421875 1.098216600004116e-21
1.3291015625 7.57636940237646e-22
1.329345703125 2.501757168737737e-22
1.32958984375 7.608108428774309e-24
1.329833984375 1.993987505930273e-22
1.330078125 3.694486878857973e-22
1.330322265625 1.113742287434672e-22
1.33056640625 -2.06123754168094e-22
1.330810546875 9.364597875065239e-23
1.3310546875 9.88187530330188e-22
1.331298828125 1.788053886991334e-21
1.33154296875 2.133371533388406e-21
1.331787109375 2.36864064207914e-21
1.33203125 2.803367732672295e-21
1.332275390625 3.15651110007734e-21
1.33251953125 3.048286079712305e-21
1.332763671875 2.648178500735658e-21
1.3330078125 2.438011094963577e-21
1.333251953125 2.541138983897685e-21
1.33349609375 2.660045163311301e-21
1.333740234375 2.598971979866615e-21
1.333984375 2.523914655441501e-21
1.334228515625 2.674522239510259e-21
1.33447265625 3.043354570493989e-21
1.334716796875 3.414993553730508e-21
1.3349609375 3.597783838326441e-21
1.335205078125 3.55810922572262e-21
1.33544921875 3.399833559602124e-21
1.335693359375 3.264073943846184e-21
1.3359375 3.230462431704747e-21
1.336181640625 3.292234944355481e-21
1.33642578125 3.400831481564643e-21
1.336669921875 3.496548337123128e-21
1.3369140625 3.513993716640555e-21
1.337158203125 3.436390538114192e-21
1.33740234375 3.359416332582602e-21
1.337646484375 3.417507354810765e-21
1.337890625 3.60647785602435e-21
1.338134765625 3.74797531702146e-21
1.33837890625 3.674811673292654e-21
1.338623046875 3.392540246416828e-21
1.3388671875 3.01478793680321e-21
1.339111328125 2.602178273388452e-21
1.33935546875 2.134758752905378e-21
1.339599609375 1.623166768089525e-21
1.33984375 1.190811369458124e-21
1.340087890625 1.011823527840952e-21
1.34033203125 1.135325884686705e-21
1.340576171875 1.375239217591145e-21
1.3408203125 1.471583948922867e-21
1.341064453125 1.426820027300141e-21
1.34130859375 1.546327589805459e-21
1.341552734375 1.970212827951556e-21
1.341796875 2.291402083961334e-21
1.342041015625 1.968176801744922e-21
1.34228515625 1.135988719569505e-21
1.342529296875 6.238199665515156e-22
1.3427734375 9.555904053556874e-22
1.343017578125 1.654060351340695e-21
1.34326171875 1.870642235416651e-21
1.343505859375 1.487306184537236e-21
1.34375 1.161729342428202e-21
1.343994140625 1.349952114704649e-21
1.34423828125 1.755514936689585e-21
1.344482421875 1.86055295052845e-21
1.3447265625 1.599263023962741e-21
1.344970703125 1.2649018636705e-21
1.34521484375 1.035894184704159e-21
1.345458984375 8.855057902357593e-22
1.345703125 7.880940191199746e-22
1.345947265625 7.338873145443818e-22
1.34619140625 6.408169187848632e-22
1.346435546875 4.921866547405174e-22
1.3466796875 4.577977330241095e-22
1.346923828125 6.269730066850759e-22
1.34716796875 7.439532627120051e-22
1.347412109375 5.427126828334686e-22
1.34765625 2.628796238339477e-22
1.347900390625 3.98212212516465e-22
1.34814453125 8.986329715710217e-22
1.348388671875 1.12109064600912e-21
1.3486328125 7.691246405932149e-22
1.348876953125 3.687576519151603e-22
1.34912109375 4.186408545046845e-22
1.349365234375 5.239502588138983e-22
1.349609375 -1.251330634368428e-23
1.349853515625 -1.018463620834564e-21
1.35009765625 -1.635881694660983e-21
1.350341796875 -1.643622278591786e-21
1.3505859375 -1.775052332486161e-21
1.350830078125 -2.470305530555882e-21
1.35107421875 -3.097920170894344e-21
1.351318359375 -2.958696659866011e-21
1.3515625 -2.450930664850713e-21
1.351806640625 -2.479456065529084e-21
1.35205078125 -3.055554349204307e-21
1.352294921875 -3.33606702360432e-21
1.3525390625 -2.978615739340908e-21
1.352783203125 -2.609037785712241e-21
1.35302734375 -2.759206810379353e-21
1.353271484375 -3.106249462905833e-21
1.353515625 -3.183628844626937e-21
1.353759765625 -3.251981653627995e-21
1.35400390625 -3.863421776407276e-21
1.354248046875 -4.874087600282196e-21
1.3544921875 -5.505319202393302e-21
1.354736328125 -5.340195249871564e-21
1.35498046875 -4.786447144775853e-21
1.355224609375 -4.473532530212594e-21
1.35546875 -4.52330553638525e-21
1.355712890625 -4.556804141903886e-21
1.35595703125 -4.239204927112493e-21
1.356201171875 -3.672166284730618e-21
1.3564453125 -3.255490540590454e-21
1.356689453125 -3.190782687701921e-21
1.35693359375 -3.214738527256919e-21
1.357177734375 -2.985119191293886e-21
1.357421875 -2.6637115246445e-21
1.357666015625 -2.764352378340074e-21
1.35791015625 -3.322372522921131e-21
1.358154296875 -3.645328114784928e-21
1.3583984375 -3.207364726717033e-21
1.358642578125 -2.425896954391557e-21
1.35888671875 -2.079013073257587e-21
1.359130859375 -2.1993911200319e-21
1.359375 -2.112059703812809e-21
1.359619140625 -1.464458534450971e-21
1.35986328125 -6.155446930278919e-22
1.360107421875 3.302183514073526e-23
1.3603515625 4.912527927020203e-22
1.360595703125 8.004091736934586e-22
1.36083984375 7.683086494782796e-22
1.361083984375 4.042450304894492e-22
1.361328125 1.810492716093469e-22
1.361572265625 4.879563627234992e-22
1.36181640625 1.120377988515822e-21
1.362060546875 1.638088333183214e-21
1.3623046875 1.952008167384262e-21
1.362548828125 2.217784669710328e-21
1.36279296875 2.398905487758412e-21
1.363037109375 2.322983898444978e-21
1.36328125 2.027686311274461e-21
1.363525390625 1.721568439981317e-21
1.36376953125 1.512180100188395e-21
1.364013671875 1.430387171812044e-21
1.3642578125 1.558689935147989e-21
1.364501953125 1.859644079561837e-21
1.36474609375 2.064442794119903e-21
1.364990234375 2.03742145477923e-21
1.365234375 2.047031845390882e-21
1.365478515625 2.322925123371762e-21
1.36572265625 2.569954926487357e-21
1.365966796875 2.383499734557556e-21
1.3662109375 1.980731555887108e-21
1.366455078125 1.963327929073368e-21
1.36669921875 2.386048141775769e-21
1.366943359375 2.622151733791746e-21
1.3671875 2.241942527505099e-21
1.367431640625 1.5206915315214e-21
1.36767578125 9.315158740375995e-22
1.367919921875 6.02124886494603e-22
1.3681640625 4.649103398646597e-22
1.368408203125 5.052173139499029e-22
1.36865234375 6.008065199083141e-22
1.368896484375 4.758356812432204e-22
1.369140625 9.080878940058727e-23
1.369384765625 -2.018367791991609e-22
1.36962890625 -1.221943338930637e-22
1.369873046875 1.786823742032184e-22
1.3701171875 4.155453341050942e-22
1.370361328125 5.351864014638354e-22
1.37060546875 5.90389041512821e-22
1.370849609375 5.575032283437497e-22
1.37109375 4.996119987555108e-22
1.371337890625 6.005351763344455e-22
1.37158203125 8.088921670466722e-22
1.371826171875 7.833978635623639e-22
1.3720703125 4.401057379573218e-22
1.372314453125 1.746920510180982e-22
1.37255859375 2.350563483715602e-22
1.372802734375 2.923616899778485e-22
1.373046875 4.178646256401852e-23
1.373291015625 -1.95529319603144e-22
1.37353515625 -1.52544897822356e-24
1.373779296875 3.810767330211295e-22
1.3740234375 4.51468090646037e-22
1.374267578125 3.073657949935541e-22
1.37451171875 3.727610983568347e-22
1.374755859375 4.942654503778052e-22
1.375 1.637981405306313e-22
1.375244140625 -4.153461116481541e-22
1.37548828125 -4.172828007520823e-22
1.375732421875 2.879864655836039e-22
1.3759765625 8.096767469816623e-22
1.376220703125 5.805259679379787e-22
1.37646484375 1.852030540467203e-22
1.376708984375 3.238869808286076e-22
1.376953125 6.952041256364485e-22
1.377197265625 6.104107179308637e-22
1.37744140625 1.475987929022962e-22
1.377685546875 -1.110776732721097e-22
1.3779296875 -1.186755976724049e-22
1.378173828125 -3.060735906948756e-22
1.37841796875 -6.889820044124745e-22
1.378662109375 -8.67431325480929e-22
1.37890625 -8.75616207662383e-22
1.379150390625 -1.212403895296022e-21
1.37939453125 -1.892595397650148e-21
1.379638671875 -2.228344054168542e-21
1.3798828125 -1.855778191148539e-21
1.380126953125 -1.341111747956623e-21
1.38037109375 -1.355505281729288e-21
1.380615234375 -1.756688084864448e-21
1.380859375 -1.978072731721864e-21
1.381103515625 -1.945628679986006e-21
1.38134765625 -2.034191775117277e-21
1.381591796875 -2.304005709807772e-21
1.3818359375 -2.36222796536073e-21
1.382080078125 -2.00634168324258e-21
1.38232421875 -1.540855692232839e-21
1.382568359375 -1.319922834533774e-21
1.3828125 -1.312194914569703e-21
1.383056640625 -1.293279387428943e-21
1.38330078125 -1.22156669521979e-21
1.383544921875 -1.212503458616448e-21
1.3837890625 -1.282117328866462e-21
1.384033203125 -1.31314038442209e-21
1.38427734375 -1.212641706628804e-21
1.384521484375 -9.540212009870631e-22
1.384765625 -5.149471015807439e-22
1.385009765625 6.97596710715609e-23
1.38525390625 6.133593055824657e-22
1.385498046875 9.082886624308645e-22
1.3857421875 9.993432541803947e-22
1.385986328125 1.181285965123206e-21
1.38623046875 1.638784516151268e-21
1.386474609375 2.209532555032391e-21
1.38671875 2.61694316614722e-21
1.386962890625 2.821231724288934e-21
1.38720703125 2.975153402457039e-21
1.387451171875 3.126667666891008e-21
1.3876953125 3.19526753614375e-21
1.387939453125 3.199632918902243e-21
1.38818359375 3.217588081098721e-21
1.388427734375 3.084704311376649e-21
1.388671875 2.485277528924989e-21
1.388916015625 1.523548551899636e-21
1.38916015625 8.641296447812101e-22
1.389404296875 9.675149503420695e-22
1.3896484375 1.425359471758491e-21
1.389892578125 1.48212847981829e-21
1.39013671875 1.082229475308048e-21
1.390380859375 8.909070996201407e-22
1.390625 1.258843978396366e-21
1.390869140625 1.710239144934926e-21
1.39111328125 1.673283417052497e-21
1.391357421875 1.248555976121613e-21
1.3916015625 8.899251557571725e-22
1.391845703125 6.683670863580941e-22
1.39208984375 3.141874927182412e-22
1.392333984375 -1.835911777757108e-22
1.392578125 -4.911053567486621e-22
1.392822265625 -4.306538967694452e-22
1.39306640625 -1.876733894681446e-22
1.393310546875 2.636427843126868e-23
1.3935546875 1.938905903044007e-22
1.393798828125 3.044000120714401e-22
1.39404296875 2.567781343774147e-22
1.394287109375 8.448637977606001e-23
1.39453125 2.903188858136197e-23
1.394775390625 2.154429412753816e-22
1.39501953125 4.344109368836096e-22
1.395263671875 4.286426342512639e-22
1.3955078125 2.735044730308106e-22
1.395751953125 2.837935378503143e-22
1.39599609375 5.78316480612774e-22
1.396240234375 8.808514156862006e-22
1.396484375 7.921025248412238e-22
1.396728515625 2.28813985050969e-22
1.39697265625 -4.334828597359036e-22
1.397216796875 -7.208634467681093e-22
1.3974609375 -6.006661473740107e-22
1.397705078125 -5.240081818686812e-22
1.39794921875 -7.874500639586022e-22
1.398193359375 -1.033866679762685e-21
1.3984375 -7.16973314048735e-22
1.398681640625 2.410696391190075e-23
1.39892578125 4.156367339618781e-22
1.399169921875 7.183881360072568e-23
1.3994140625 -5.073308357722013e-22
1.399658203125 -7.171378323483173e-22
1.39990234375 -6.775994489219579e-22
1.400146484375 -8.544034068926017e-22
1.400390625 -1.20144079149463e-21
1.400634765625 -1.265659963941137e-21
1.40087890625 -9.995026094086403e-22
1.401123046875 -8.482233151060017e-22
1.4013671875 -9.756771660011404e-22
1.401611328125 -9.69368119121657e-22
1.40185546875 -5.210664223187351e-22
1.402099609375 5.898975454792502e-23
1.40234375 3.009400078244964e-22
1.402587890625 2.065908853559954e-22
1.40283203125 9.386159133010628e-23
1.403076171875 5.171372955147111e-23
1.4033203125 -9.579171168606101e-23
1.403564453125 -3.98787719280302e-22
1.40380859375 -6.787260144803619e-22
1.404052734375 -8.102269345939738e-22
1.404296875 -8.779973981389672e-22
1.404541015625 -1.017762988553131e-21
1.40478515625 -1.231338948672835e-21
1.405029296875 -1.381869062286073e-21
1.4052734375 -1.319182129515864e-21
1.405517578125 -1.042947970201696e-21
1.40576171875 -7.642069649577064e-22
1.406005859375 -7.118360792160603e-22
1.40625 -8.489984184367138e-22
1.406494140625 -9.140824005421812e-22
1.40673828125 -7.759496232773316e-22
1.406982421875 -5.622220158379549e-22
1.4072265625 -3.770841220104365e-22
1.407470703125 -1.513061572994849e-22
1.40771484375 7.801123220362132e-23
1.407958984375 2.701347276561343e-23
1.408203125 -4.161252872350061e-22
1.408447265625 -8.62429236637487e-22
1.40869140625 -8.83093525415321e-22
1.408935546875 -6.59068220483829e-22
1.4091796875 -7.38463538088128e-22
1.409423828125 -1.175811371614168e-21
1.40966796875 -1.391515520488326e-21
1.409912109375 -1.028071969364255e-21
1.41015625 -5.091294719642216e-22
1.410400390625 -4.396408115340356e-22
1.41064453125 -7.462718221790743e-22
1.410888671875 -8.105882887040233e-22
1.4111328125 -3.395123380787934e-22
1.411376953125 2.905691840645537e-22
1.41162109375 5.968862013978671e-22
1.411865234375 5.666626625624709e-22
1.412109375 5.155322423045544e-22
1.412353515625 6.058498677513311e-22
1.41259765625 7.40230677960378e-22
1.412841796875 8.176248630053628e-22
1.4130859375 8.387071152159419e-22
1.413330078125 7.762300624130917e-22
1.41357421875 5.976582707383795e-22
1.413818359375 4.712503154820106e-22
1.4140625 6.763869519476474e-22
1.414306640625 1.151131925110404e-21
1.41455078125 1.389731458744015e-21
1.414794921875 1.061746708366696e-21
1.4150390625 5.25081431415849e-22
1.415283203125 3.557470925759066e-22
1.41552734375 5.140299800035807e-22
1.415771484375 4.609172661048393e-22
1.416015625 7.2637254656266e-23
1.416259765625 -1.528344016270923e-22
1.41650390625 2.521164777599269e-23
1.416748046875 1.119773852812483e-22
1.4169921875 -3.171335574682155e-22
1.417236328125 -8.325571063445669e-22
1.41748046875 -7.492012461269651e-22
1.417724609375 -1.868495133042957e-22
1.41796875 1.174643812829211e-22
1.418212890625 -9.763430296124427e-23
1.41845703125 -3.842132096054644e-22
1.418701171875 -4.426024520889128e-22
1.4189453125 -5.414972652570854e-22
1.419189453125 -9.012102290420405e-22
1.41943359375 -1.235953726218234e-21
1.419677734375 -1.21923211853863e-21
1.419921875 -9.762153874587783e-22
1.420166015625 -7.838132272014817e-22
1.42041015625 -6.133582019988961e-22
1.420654296875 -3.084459618436497e-22
1.4208984375 2.80864967702187e-23
1.421142578125 1.463603767701523e-22
1.42138671875 -1.670396118886652e-23
1.421630859375 -3.648572111525427e-22
1.421875 -8.274497421844362e-22
1.422119140625 -1.273117927977729e-21
1.42236328125 -1.419907261674968e-21
1.422607421875 -1.119754146307983e-21
1.4228515625 -6.322194959789008e-22
1.423095703125 -3.74593309368912e-22
1.42333984375 -4.755417036381552e-22
1.423583984375 -7.53956036947792e-22
1.423828125 -1.008513935956551e-21
1.424072265625 -1.11865690723113e-21
1.42431640625 -9.913143532856676e-22
1.424560546875 -6.549960298110822e-22
1.4248046875 -3.249052901113921e-22
1.425048828125 -1.567260403498882e-22
1.42529296875 -2.13520417558679e-23
1.425537109375 2.654475187883392e-22
1.42578125 5.987090262325125e-22
1.426025390625 7.234027193937686e-22
1.42626953125 6.372031258915283e-22
1.426513671875 5.753539925560546e-22
1.4267578125 6.205503413032411e-22
1.427001953125 5.958614536012972e-22
1.42724609375 3.659497265133882e-22
1.427490234375 2.151412686297534e-23
1.427734375 -2.591310959861613e-22
1.427978515625 -3.406033126837355e-22
1.42822265625 -1.237657879989052e-22
1.428466796875 3.878460047550385e-22
1.4287109375 1.000788883405492e-21
1.428955078125 1.492770004753701e-21
1.42919921875 1.85728037866493e-21
1.429443359375 2.20808495074994e-21
1.4296875 2.481523956739699e-21
1.429931640625 2.475498379162539e-21
1.43017578125 2.181773959178816e-21
1.430419921875 1.827915665566038e-21
1.4306640625 1.57388891595031e-21
1.430908203125 1.431861288752165e-21
1.43115234375 1.500965694900094e-21
1.431396484375 1.936303263162025e-21
1.431640625 2.563390304249258e-21
1.431884765625 2.863126137848216e-21
1.43212890625 2.575063198954896e-21
1.432373046875 2.074363458215633e-21
1.4326171875 1.901807665081981e-21
1.432861328125 2.10723270671466e-21
1.43310546875 2.310646609048246e-21
1.433349609375 2.25177711859001e-21
1.43359375 1.988399794909461e-21
1.433837890625 1.644513936061467e-21
1.43408203125 1.266029534874318e-21
1.434326171875 9.270057489116778e-22
1.4345703125 7.311704616379669e-22
1.434814453125 6.597285684749585e-22
1.43505859375 5.879177514850964e-22
1.435302734375 4.822630089017178e-22
1.435546875 4.414022553700674e-22
1.435791015625 5.295267426779315e-22
1.43603515625 6.968246722250459e-22
1.436279296875 8.593014082110465e-22
1.4365234375 9.291944117525044e-22
1.436767578125 7.92811876626881e-22
1.43701171875 4.194716946501669e-22
1.437255859375 -1.579711057896192e-23
1.4375 -2.935940114814663e-22
1.437744140625 -4.473522093688379e-22
1.43798828125 -7.158235075650316e-22
1.438232421875 -1.163855746892008e-21
1.4384765625 -1.554161944225891e-21
1.438720703125 -1.69111425602314e-21
1.43896484375 -1.711677012783307e-21
1.439208984375 -1.891683646510906e-21
1.439453125 -2.288328813232206e-21
1.439697265625 -2.724931968973612e-21
1.43994140625 -3.045276385999203e-21
1.440185546875 -3.23244500358642e-21
1.4404296875 -3.318360598892282e-21
1.440673828125 -3.310628639999296e-21
1.44091796875 -3.210046864131987e-21
1.441162109375 -3.024504476372463e-21
1.44140625 -2.781485146654526e-21
1.441650390625 -2.568237910609925e-21
1.44189453125 -2.488128266300032e-21
1.442138671875 -2.498744604391403e-21
1.4423828125 -2.371577575299106e-21
1.442626953125 -1.932609895772577e-21
1.44287109375 -1.299279210671189e-21
1.443115234375 -7.553623440868008e-22
1.443359375 -4.159101689519575e-22
1.443603515625 -1.478772492489759e-22
1.44384765625 1.741824897076524e-22
1.444091796875 4.705246960923767e-22
1.4443359375 5.702998334941654e-22
1.444580078125 4.333224403649205e-22
1.44482421875 1.836047845764405e-22
1.445068359375 -4.555733781387543e-23
1.4453125 -2.390491683936607e-22
1.445556640625 -4.543598771529806e-22
1.44580078125 -6.730963221443158e-22
1.446044921875 -7.678329880490154e-22
1.4462890625 -6.826730446175595e-22
1.446533203125 -5.861690668705334e-22
1.44677734375 -6.890505658162688e-22
1.447021484375 -9.023122827809185e-22
1.447265625 -8.70370039752243e-22
1.447509765625 -4.178724917890644e-22
1.44775390625 2.432963846474019e-22
1.447998046875 8.639142239585065e-22
1.4482421875 1.447879920288819e-21
1.448486328125 1.977503025446849e-21
1.44873046875 2.152401040806556e-21
1.448974609375 1.804748027114673e-21
1.44921875 1.362558764519788e-21
1.449462890625 1.363122137328017e-21
1.44970703125 1.580221365421893e-21
1.449951171875 1.272802339922054e-21
1.4501953125 4.162194528088413e-22
1.450439453125 -9.113078461116259e-24
1.45068359375 6.513328365840408e-22
1.450927734375 1.687865261183171e-21
1.451171875 1.916468528370455e-21
1.451416015625 1.230533810379793e-21
1.45166015625 5.663445831263595e-22
1.451904296875 4.874840567167467e-22
1.4521484375 5.607482518366556e-22
1.452392578125 2.487035565427889e-22
1.45263671875 -2.598802426270505e-22
1.452880859375 -4.756196246716158e-22
1.453125 -4.178900193742481e-22
1.453369140625 -5.344682795898251e-22
1.45361328125 -9.864226373952154e-22
1.453857421875 -1.412275992051985e-21
1.4541015625 -1.421934675149458e-21
1.454345703125 -1.073591601836612e-21
1.45458984375 -7.617181921299802e-22
1.454833984375 -7.370567175246194e-22
1.455078125 -8.543096971256393e-22
1.455322265625 -8.375969067485447e-22
1.45556640625 -7.255321550377287e-22
1.455810546875 -8.64973589305626e-22
1.4560546875 -1.367753436644785e-21
1.456298828125 -1.782392634699995e-21
1.45654296875 -1.583237198396786e-21
1.456787109375 -9.029085824320005e-22
1.45703125 -4.3780854475025e-22
1.457275390625 -5.6799711185647e-22
1.45751953125 -8.885179679798861e-22
1.457763671875 -7.840533427182758e-22
1.4580078125 -2.251515721036456e-22
1.458251953125 2.512116702692417e-22
1.45849609375 2.257140761201185e-22
1.458740234375 -1.927575463982494e-22
1.458984375 -6.260185231068285e-22
1.459228515625 -8.765933488528668e-22
1.45947265625 -1.013464001476923e-21
1.459716796875 -1.115469065092284e-21
1.4599609375 -1.101910462886245e-21
1.460205078125 -8.845105459890983e-22
1.46044921875 -5.721570210546674e-22
1.460693359375 -3.511070005068181e-22
1.4609375 -1.910981080906151e-22
1.461181640625 9.508582931316516e-23
1.46142578125 4.520740814644341e-22
1.461669921875 5.509438183193605e-22
1.4619140625 3.433184081059494e-22
1.462158203125 3.170289770631754e-22
1.46240234375 8.365603047819364e-22
1.462646484375 1.478863363499376e-21
1.462890625 1.52280312239321e-21
1.463134765625 9.876226024242621e-22
1.46337890625 6.21947309681999e-22
1.463623046875 8.240712657055175e-22
1.4638671875 1.156152872988797e-21
1.464111328125 1.130753961415133e-21
1.46435546875 9.432321901019163e-22
1.464599609375 1.074114961753917e-21
1.46484375 1.57594148438659e-21
1.465087890625 2.166682900768165e-21
1.46533203125 2.734432339702615e-21
1.465576171875 3.309665595423629e-21
1.4658203125 3.718698432923233e-21
1.466064453125 3.703695708138605e-21
1.46630859375 3.342830471582836e-21
1.466552734375 3.014054377713761e-21
1.466796875 2.943459529733367e-21
1.467041015625 3.030908647287369e-21
1.46728515625 3.093779151615364e-21
1.467529296875 3.066924885683881e-21
1.4677734375 2.980647068324581e-21
1.468017578125 2.900773722465765e-21
1.46826171875 2.845848213512226e-21
1.468505859375 2.663623930438065e-21
1.46875 2.13680876722276e-21
1.468994140625 1.361351696296066e-21
1.46923828125 8.263392454232037e-22
1.469482421875 8.77654271333933e-22
1.4697265625 1.246002964101929e-21
1.469970703125 1.362744235974564e-21
1.47021484375 1.030902997511472e-21
1.470458984375 5.342919246915242e-22
1.470703125 1.966812247626018e-22
1.470947265625 1.066331980723628e-22
1.47119140625 1.931725599771938e-22
1.471435546875 2.987539435191183e-22
1.4716796875 2.30456022115474e-22
1.471923828125 -2.67038956108325e-23
1.47216796875 -2.297055767371238e-22
1.472412109375 -2.336874983138923e-22
1.47265625 -2.734793908487266e-22
1.472900390625 -5.794277260874691e-22
1.47314453125 -8.70887668356627e-22
1.473388671875 -6.664625316044547e-22
1.4736328125 -5.563911905991001e-23
1.473876953125 3.010431676800459e-22
1.47412109375 2.067467158455564e-23
1.474365234375 -5.63156050485864e-22
1.474609375 -9.462309119266412e-22
1.474853515625 -1.064272471696353e-21
1.47509765625 -1.151412062900861e-21
1.475341796875 -1.292987178662155e-21
1.4755859375 -1.390122249026784e-21
1.475830078125 -1.408493341720203e-21
1.47607421875 -1.434944838014164e-21
1.476318359375 -1.540947303470743e-21
1.4765625 -1.704335225777529e-21
1.476806640625 -1.834682001241277e-21
1.47705078125 -1.871484130958378e-21
1.477294921875 -1.924774179857286e-21
1.4775390625 -2.232477169042875e-21
1.477783203125 -2.817370666323667e-21
1.47802734375 -3.298834772258771e-21
1.478271484375 -3.301990095202003e-21
1.478515625 -2.966688152201475e-21
1.478759765625 -2.734908542664546e-21
1.47900390625 -2.70490869261688e-21
1.479248046875 -2.591080533372809e-21
1.4794921875 -2.302655109365323e-21
1.479736328125 -2.090355168908075e-21
1.47998046875 -2.039684343742214e-21
1.480224609375 -1.909722533791053e-21
1.48046875 -1.640296531083376e-21
1.480712890625 -1.526711133177951e-21
1.48095703125 -1.652554563116634e-21
1.481201171875 -1.651418836963431e-21
1.4814453125 -1.364184104905545e-21
1.481689453125 -1.235119223062793e-21
1.48193359375 -1.605584116906778e-21
1.482177734375 -2.068416751513381e-21
1.482421875 -2.090813574698519e-21
1.482666015625 -1.904876076557774e-21
1.48291015625 -2.104607312917224e-21
1.483154296875 -2.612898741593424e-21
1.4833984375 -2.807717965337483e-21
1.483642578125 -2.573153022796735e-21
1.48388671875 -2.422101895239382e-21
1.484130859375 -2.507889969179036e-21
1.484375 -2.332101698063997e-21
1.484619140625 -1.704499579551497e-21
1.48486328125 -1.232385853888123e-21
1.485107421875 -1.385726199883355e-21
1.4853515625 -1.691879583244287e-21
1.485595703125 -1.45521706554432e-21
1.48583984375 -8.155826976593552e-22
1.486083984375 -4.085662153364582e-22
1.486328125 -2.820274945018466e-22
1.486572265625 7.263267654534434e-23
1.48681640625 6.933544078219088e-22
1.487060546875 9.436069365826616e-22
1.4873046875 5.093000852660679e-22
1.487548828125 -7.698251213282269e-23
1.48779296875 -2.569068324972863e-22
1.488037109375 -2.607471419719202e-22
1.48828125 -6.357807229775503e-22
1.488525390625 -1.338156505895255e-21
1.48876953125 -1.845495000765355e-21
1.489013671875 -1.973969733907845e-21
1.4892578125 -1.998782487676446e-21
1.489501953125 -1.982885596978389e-21
1.48974609375 -1.559857159470405e-21
1.489990234375 -5.548660377615343e-22
1.490234375 6.414101694490169e-22
1.490478515625 1.578645273707816e-21
1.49072265625 2.256927103012337e-21
1.490966796875 2.835729619333071e-21
1.4912109375 3.183860850699831e-21
1.491455078125 3.130382671930847e-21
1.49169921875 2.905024658650538e-21
1.491943359375 2.835033552139834e-21
1.4921875 2.752874712738761e-21
1.492431640625 2.257102642632966e-21
1.49267578125 1.524308716022988e-21
1.492919921875 1.242292746187573e-21
1.4931640625 1.601505294923249e-21
1.493408203125 1.972347723961805e-21
1.49365234375 1.888218367029747e-21
1.493896484375 1.765268468556753e-21
1.494140625 2.159768408784994e-21
1.494384765625 2.79571386724766e-21
1.49462890625 2.987568285241277e-21
1.494873046875 2.72785303647886e-21
1.4951171875 2.611469519931112e-21
1.495361328125 2.790135789450408e-21
1.49560546875 2.782970643260765e-21
1.495849609375 2.417927936026784e-21
1.49609375 2.198587130795477e-21
1.496337890625 2.435373250000401e-21
1.49658203125 2.675109292395183e-21
1.496826171875 2.448086970232025e-21
1.4970703125 2.052385741134453e-21
1.497314453125 2.034774639031431e-21
1.49755859375 2.271048573633833e-21
1.497802734375 2.187795200248691e-21
1.498046875 1.687418839178698e-21
1.498291015625 1.228442135425933e-21
1.49853515625 1.058607572278427e-21
1.498779296875 9.604784494080474e-22
1.4990234375 7.954179304934689e-22
1.499267578125 7.488302025673374e-22
1.49951171875 8.997829923338278e-22
1.499755859375 1.02618382242478e-21
1.5 1.019509349617091e-21
1.500244140625 1.060145591376446e-21
1.50048828125 1.164181922508266e-21
1.500732421875 9.792652980717656e-22
1.5009765625 3.338200706855674e-22
1.501220703125 -3.694528479124587e-22
1.50146484375 -6.66847764929658e-22
1.501708984375 -6.586727984351152e-22
1.501953125 -7.414043542361542e-22
1.502197265625 -9.484630860810637e-22
1.50244140625 -9.896740383998423e-22
1.502685546875 -8.054940561921872e-22
1.5029296875 -6.301167549993737e-22
1.503173828125 -5.385362725784555e-22
1.50341796875 -3.470362134005181e-22
1.503662109375 5.331471062718246e-24
1.50390625 3.460465568533179e-22
1.504150390625 5.931840542092917e-22
1.50439453125 8.369775173844468e-22
1.504638671875 1.019262886998415e-21
1.5048828125 8.939084144272658e-22
1.505126953125 4.578286906196705e-22
1.50537109375 1.060487295900038e-22
1.505615234375 1.702360201205861e-22
1.505859375 5.554607252620348e-22
1.506103515625 9.864294554194424e-22
1.50634765625 1.326260549895173e-21
1.506591796875 1.468032221715545e-21
1.5068359375 1.24230209766009e-21
1.507080078125 7.310592748673447e-22
1.50732421875 3.991670739999916e-22
1.507568359375 5.534648157121777e-22
1.5078125 8.783237661333955e-22
1.508056640625 8.877335493743926e-22
1.50830078125 6.417985388781814e-22
1.508544921875 5.495317051010503e-22
1.5087890625 6.088330484115573e-22
1.509033203125 4.392791171364555e-22
1.50927734375 7.664174735759209e-23
1.509521484375 5.255319665946156e-23
1.509765625 4.407733089137954e-22
1.510009765625 4.86993177273801e-22
1.51025390625 -3.080330234732423e-22
1.510498046875 -1.249275813085323e-21
1.5107421875 -1.288988207016512e-21
1.510986328125 -5.188696520882814e-22
1.51123046875 -1.034762434251355e-23
1.511474609375 -2.066025156041266e-22
1.51171875 -3.63308733585965e-22
1.511962890625 1.176581312936004e-22
1.51220703125 6.395154344698264e-22
1.512451171875 3.522036800439514e-22
1.5126953125 -4.427407215573812e-22
1.512939453125 -7.178153386899832e-22
1.51318359375 -3.179990474489264e-22
1.513427734375 -1.869094734269953e-22
1.513671875 -8.884458694322688e-22
1.513916015625 -1.774800675615428e-21
1.51416015625 -2.008974418567484e-21
1.514404296875 -1.701975405011897e-21
1.5146484375 -1.478613524668223e-21
1.514892578125 -1.469064879561612e-21
1.51513671875 -1.426295778785129e-21
1.515380859375 -1.475673073711334e-21
1.515625 -1.954045576525414e-21
1.515869140625 -2.629324631928867e-21
1.51611328125 -2.839303956656054e-21
1.516357421875 -2.450930992045853e-21
1.5166015625 -2.00815102992417e-21
1.516845703125 -1.822089494634698e-21
1.51708984375 -1.588274456227902e-21
1.517333984375 -1.115892347406696e-21
1.517578125 -7.712957837707044e-22
1.517822265625 -8.465051844269246e-22
1.51806640625 -1.066091893894307e-21
1.518310546875 -1.142365616525921e-21
1.5185546875 -1.300057148192973e-21
1.518798828125 -1.761783212001271e-21
1.51904296875 -2.190143741400439e-21
1.519287109375 -2.227641433854814e-21
1.51953125 -2.19564897417928e-21
1.519775390625 -2.579779828499189e-21
1.52001953125 -3.099079681617251e-21
1.520263671875 -3.033996581541854e-21
1.5205078125 -2.361542238774866e-21
1.520751953125 -1.81239440854238e-21
1.52099609375 -1.762572000756625e-21
1.521240234375 -1.770086773625173e-21
1.521484375 -1.37075286174543e-21
1.521728515625 -7.08138363026966e-22
1.52197265625 -1.249111163742047e-22
1.522216796875 3.368489461967186e-22
1.5224609375 7.201062621815614e-22
1.522705078125 8.696553049161023e-22
1.52294921875 6.956892596652171e-22
1.523193359375 4.039000078774201e-22
1.5234375 1.720913136316435e-22
1.523681640625 -1.419797788879279e-22
1.52392578125 -7.090680575366223e-22
1.524169921875 -1.360565631327276e-21
1.5244140625 -1.744748795248809e-21
1.524658203125 -1.700252325757731e-21
1.52490234375 -1.335989827541369e-21
1.525146484375 -9.015957335236663e-22
1.525390625 -6.432386539030987e-22
1.525634765625 -5.818741754412981e-22
1.52587890625 -4.28489326027125e-22
1.526123046875 2.514598176442731e-24
1.5263671875 3.482557029505318e-22
1.526611328125 9.827673868193697e-23
1.52685546875 -5.615556445675549e-22
1.527099609375 -8.699300235754838e-22
1.52734375 -5.737942139018238e-22
1.527587890625 -2.589511411024112e-22
1.52783203125 -3.5410062871698e-22
1.528076171875 -5.003891685578738e-22
1.5283203125 -3.449936300732421e-22
1.528564453125 -2.739163874204518e-22
1.52880859375 -7.059618017222325e-22
1.529052734375 -1.22093940302276e-21
1.529296875 -1.18150110231342e-21
1.529541015625 -8.240884804370795e-22
1.52978515625 -8.739493782056524e-22
1.530029296875 -1.317895209173422e-21
1.5302734375 -1.441715526131062e-21
1.530517578125 -9.894637559653716e-22
1.53076171875 -4.174777392384087e-22
1.531005859375 1.599902494732468e-23
1.53125 5.566317475958823e-22
1.531494140625 1.231554847142719e-21
1.53173828125 1.650659842447429e-21
1.531982421875 1.750702318478913e-21
1.5322265625 1.959939452973987e-21
1.532470703125 2.337827349077123e-21
1.53271484375 2.322340854106155e-21
1.532958984375 1.728351444391555e-21
1.533203125 1.272170301630613e-21
1.533447265625 1.587844130335186e-21
1.53369140625 2.325254241204248e-21
1.533935546875 2.762767849406339e-21
1.5341796875 2.774387527072539e-21
1.534423828125 2.632844263977543e-21
1.53466796875 2.382398428887298e-21
1.534912109375 2.050225032859312e-21
1.53515625 2.017478878483084e-21
1.535400390625 2.464190493516341e-21
1.53564453125 2.813284971368314e-21
1.535888671875 2.472352908976011e-21
1.5361328125 1.820716995666735e-21
1.536376953125 1.659742607696227e-21
1.53662109375 1.931982047047057e-21
1.536865234375 1.895863797328487e-21
1.537109375 1.464011679018506e-21
1.537353515625 1.365527289776391e-21
1.53759765625 1.846950580150144e-21
1.537841796875 2.181018151016446e-21
1.5380859375 1.827120051733315e-21
1.538330078125 1.260317012300458e-21
1.53857421875 1.164320856764498e-21
1.538818359375 1.462622545435581e-21
1.5390625 1.675876778071229e-21
1.539306640625 1.687684653472427e-21
1.53955078125 1.592096542386556e-21
1.539794921875 1.233531776373458e-21
1.5400390625 4.957289488018684e-22
1.540283203125 -2.822599073564684e-22
1.54052734375 -7.440775351900006e-22
1.540771484375 -1.090478632660004e-21
1.541015625 -1.650400453915706e-21
1.541259765625 -2.125199523945578e-21
1.54150390625 -1.900249984961367e-21
1.541748046875 -1.009277560562919e-21
1.5419921875 -1.828034948032046e-22
1.542236328125 7.270739937128807e-23
1.54248046875 -6.9560076174614e-23
1.542724609375 -2.333163851205145e-22
1.54296875 -2.644904723662623e-22
1.543212890625 -1.150029423202423e-22
1.54345703125 2.230443990447725e-22
1.543701171875 5.444665382082365e-22
1.5439453125 5.830751267734258e-22
1.544189453125 4.233421816480562e-22
1.54443359375 3.855255248755195e-22
1.544677734375 4.693623764260621e-22
1.544921875 3.738675377474381e-22
1.545166015625 1.430919072636876e-22
1.54541015625 2.469875249178459e-22
1.545654296875 8.195245680657312e-22
1.5458984375 1.354955726463505e-21
1.546142578125 1.467182704568117e-21
1.54638671875 1.443971971733182e-21
1.546630859375 1.651810463063659e-21
1.546875 1.872092115892747e-21
1.547119140625 1.752079922632136e-21
1.54736328125 1.523821824324338e-21
1.547607421875 1.641343933815857e-21
1.5478515625 1.94305356125033e-21
1.548095703125 1.845423143890353e-21
1.54833984375 1.278891478359637e-21
1.548583984375 7.767126912481055e-22
1.548828125 6.083251694401115e-22
1.549072265625 4.579334892732129e-22
1.54931640625 1.088524080378293e-22
1.549560546875 -1.40110914342481e-22
1.5498046875 -1.282592207154404e-23
1.550048828125 2.517667184123408e-22
1.55029296875 2.548681522541567e-22
1.550537109375 -5.83276528974049e-23
1.55078125 -5.115807140386542e-22
1.551025390625 -9.81115932953204e-22
1.55126953125 -1.302068776702293e-21
1.551513671875 -1.239385359418017e-21
1.5517578125 -8.83420138712314e-22
1.552001953125 -7.645543008507615e-22
1.55224609375 -1.185448536870903e-21
1.552490234375 -1.69331187660649e-21
1.552734375 -1.650020841759567e-21
1.552978515625 -1.134088448425072e-21
1.55322265625 -7.957945962214366e-22
1.553466796875 -9.310996884135483e-22
1.5537109375 -1.226788768375759e-21
1.553955078125 -1.422826742255905e-21
1.55419921875 -1.671677732188413e-21
1.554443359375 -2.076391452890813e-21
1.5546875 -2.368489778305798e-21
1.554931640625 -2.351583175103786e-21
1.55517578125 -2.296958656673069e-21
1.555419921875 -2.521278802897124e-21
1.5556640625 -2.815384502064979e-21
1.555908203125 -2.718906550508988e-21
1.55615234375 -2.266455564445357e-21
1.556396484375 -2.025850663004329e-21
1.556640625 -2.311196244126133e-21
1.556884765625 -2.70648230758698e-21
1.55712890625 -2.589691110569385e-21
1.557373046875 -1.932142924823482e-21
1.5576171875 -1.308126345357817e-21
1.557861328125 -1.156146307447303e-21
1.55810546875 -1.28484491244997e-21
1.558349609375 -1.193721315595308e-21
1.55859375 -6.811603958680704e-22
1.558837890625 5.179786460980846e-23
1.55908203125 7.756976877571122e-22
1.559326171875 1.426174553051781e-21
1.5595703125 1.903752332319606e-21
1.559814453125 1.979212605224021e-21
1.56005859375 1.580406238937488e-21
1.560302734375 9.808764164028409e-22
1.560546875 4.863717798182508e-22
1.560791015625 6.942180062476583e-23
1.56103515625 -4.509933063289375e-22
1.561279296875 -9.848943094688805e-22
1.5615234375 -1.22972174667818e-21
1.561767578125 -1.13207007303347e-21
1.56201171875 -9.995702610600113e-22
1.562255859375 -1.097774659008864e-21
1.5625 -1.358130727250197e-21
1.562744140625 -1.526676458994657e-21
1.56298828125 -1.401698039893188e-21
1.563232421875 -9.249314207541535e-22
1.5634765625 -2.754508723828016e-22
1.563720703125 1.455548153071281e-22
1.56396484375 1.282180782738272e-22
1.564208984375 4.599367555002581e-23
1.564453125 4.467245241921156e-22
1.564697265625 1.212170107027873e-21
1.56494140625 1.62060589540766e-21
1.565185546875 1.410923324152474e-21
1.5654296875 1.209818290957843e-21
1.565673828125 1.532227784586745e-21
1.56591796875 1.915694662963236e-21
1.566162109375 1.646761293602986e-21
1.56640625 9.386253137226166e-22
1.566650390625 6.391556628246365e-22
1.56689453125 9.62217276944855e-22
1.567138671875 1.286187031523327e-21
1.5673828125 1.199551506192678e-21
1.567626953125 9.91096058507154e-22
1.56787109375 9.687009097261778e-22
1.568115234375 1.000654380098561e-21
1.568359375 9.858879819538277e-22
1.568603515625 1.128049656615544e-21
1.56884765625 1.384822375505672e-21
1.569091796875 1.225580338359453e-21
1.5693359375 3.947070026461826e-22
1.569580078125 -5.480989867855286e-22
1.56982421875 -9.376394625479487e-22
1.570068359375 -8.714877440957655e-22
1.5703125 -8.668693626433221e-22
1.570556640625 -9.940896367766312e-22
1.57080078125 -9.3751483800003e-22
1.571044921875 -6.98347264086112e-22
1.5712890625 -6.184768738471949e-22
1.571533203125 -7.658831117649053e-22
1.57177734375 -8.386689949508525e-22
1.572021484375 -6.982113332075826e-22
1.572265625 -5.394928109888658e-22
1.572509765625 -4.958618078951831e-22
1.57275390625 -4.88747439799306e-22
1.572998046875 -5.231154409358836e-22
1.5732421875 -7.486493541596449e-22
1.573486328125 -1.138330529699432e-21
1.57373046875 -1.418499210171813e-21
1.573974609375 -1.398266994719009e-21
1.57421875 -1.137194430569024e-21
1.574462890625 -8.004209202397738e-22
1.57470703125 -5.893257703588048e-22
1.574951171875 -7.126254270891358e-22
1.5751953125 -1.091442026741465e-21
1.575439453125 -1.208199518268276e-21
1.57568359375 -6.757757230139107e-22
1.575927734375 1.222970872728659e-22
1.576171875 4.500774022858901e-22
1.576416015625 2.323340899229694e-22
1.57666015625 7.846919771669741e-23
1.576904296875 2.725817810116399e-22
1.5771484375 4.154926823803787e-22
1.577392578125 2.643871605255459e-22
1.57763671875 2.340593751561033e-22
1.577880859375 6.601244408337434e-22
1.578125 1.129272388599291e-21
1.578369140625 1.051143596960829e-21
1.57861328125 5.016851315375698e-22
1.578857421875 1.26207903012012e-23
1.5791015625 -1.729529388419665e-22
1.579345703125 -1.949699075234541e-22
1.57958984375 -2.024512676500287e-22
1.579833984375 -2.9394042439284e-22
1.580078125 -5.608213630103317e-22
1.580322265625 -8.101013638542842e-22
1.58056640625 -5.717682479877626e-22
1.580810546875 1.848319089523406e-22
1.5810546875 7.095912860447184e-22
1.581298828125 3.977335130592169e-22
1.58154296875 -2.696196704965958e-22
1.581787109375 -3.68574941719939e-22
1.58203125 1.321932973021619e-22
1.582275390625 4.460986000764495e-22
1.58251953125 2.797099008200657e-22
1.582763671875 2.343116522850967e-22
1.5830078125 7.611210562149829e-22
1.583251953125 1.463583476703129e-21
1.58349609375 1.752780501744174e-21
1.583740234375 1.636438798729095e-21
1.583984375 1.514179611396414e-21
1.584228515625 1.6021763581931e-21
1.58447265625 1.858787337725849e-21
1.584716796875 2.143309925128987e-21
1.5849609375 2.201335500322721e-21
1.585205078125 1.801094302133599e-21
1.58544921875 1.101005096895188e-21
1.585693359375 5.960915272873594e-22
1.5859375 5.208365487014653e-22
1.586181640625 5.966602748579655e-22
1.58642578125 5.243750803860721e-22
1.586669921875 3.95502233938461e-22
1.5869140625 4.230588397425952e-22
1.587158203125 5.817711562353284e-22
1.58740234375 7.417190419275915e-22
1.587646484375 9.091398945523215e-22
1.587890625 1.148920230602729e-21
1.588134765625 1.474261798373316e-21
1.58837890625 1.889628996834073e-21
1.588623046875 2.276422082192075e-21
1.5888671875 2.248680166557851e-21
1.589111328125 1.558495275773537e-21
1.58935546875 6.787427433520498e-22
1.589599609375 4.042937648420911e-22
1.58984375 7.137527271111189e-22
1.590087890625 6.951294802751996e-22
1.59033203125 -6.779700750580964e-23
1.590576171875 -7.524914792499518e-22
1.5908203125 -5.153796699677055e-22
1.591064453125 1.683555071191511e-22
1.59130859375 1.772106580064407e-22
1.591552734375 -6.283816697841955e-22
1.591796875 -1.311342343503652e-21
1.592041015625 -1.239785694823458e-21
1.59228515625 -7.374902432442499e-22
1.592529296875 -3.191638760040424e-22
1.5927734375 -2.466055920678513e-23
1.593017578125 2.652190013947414e-22
1.59326171875 4.088880554453427e-22
1.593505859375 2.010009995746422e-22
1.59375 -3.100002027734655e-22
1.593994140625 -8.766453250793497e-22
1.59423828125 -1.258026134626847e-21
1.594482421875 -1.398262437522249e-21
1.5947265625 -1.60225761805532e-21
1.594970703125 -2.359513778862413e-21
1.59521484375 -3.654063501387556e-21
1.595458984375 -4.653230152400753e-21
1.595703125 -4.550611319612372e-21
1.595947265625 -3.563732171749182e-21
1.59619140625 -2.572306314061192e-21
1.596435546875 -1.932726112468483e-21
1.5966796875 -1.320604981440004e-21
1.596923828125 -6.649705065299555e-22
1.59716796875 -3.988379886613048e-22
1.597412109375 -5.962792171512386e-22
1.59765625 -6.475709328272204e-22
1.597900390625 -1.761717965768637e-22
1.59814453125 3.44614485762431e-22
1.598388671875 3.235226297605953e-22
1.5986328125 -9.884513087228154e-23
1.598876953125 -3.498220728843116e-22
1.59912109375 -1.433831492588785e-22
1.599365234375 4.819397554971706e-22
1.599609375 1.399344543647919e-21
1.599853515625 2.251363224908769e-21
1.60009765625 2.508115890525116e-21
1.600341796875 2.146115144540209e-21
1.6005859375 1.882994119971777e-21
1.600830078125 2.235239645073016e-21
1.60107421875 2.721808200572455e-21
1.601318359375 2.58251967122124e-21
1.6015625 1.943288124160645e-21
1.601806640625 1.563484969956095e-21
1.60205078125 1.625924364270849e-21
1.602294921875 1.542701694847057e-21
1.6025390625 9.642065029579707e-22
1.602783203125 2.754522100986781e-22
1.60302734375 -6.530313767689457e-23
1.603271484375 -1.07346906509833e-22
1.603515625 -1.226540789544527e-22
1.603759765625 -2.114389105626294e-22
1.60400390625 -4.060014135136471e-22
1.604248046875 -7.610488658914202e-22
1.6044921875 -1.116537824443788e-21
1.604736328125 -1.131873237238493e-21
1.60498046875 -7.956391245365626e-22
1.605224609375 -5.740162309168054e-22
1.60546875 -7.818101478237878e-22
1.605712890625 -1.102027338327027e-21
1.60595703125 -1.070692970904828e-21
1.606201171875 -8.226143862235697e-22
1.6064453125 -9.328579330019821e-22
1.606689453125 -1.550398547421983e-21
1.60693359375 -2.085214115867271e-21
1.607177734375 -1.914484182073408e-21
1.607421875 -1.157088218913919e-21
1.607666015625 -5.090717619810908e-22
1.60791015625 -4.009479034386707e-22
1.608154296875 -5.830774250352272e-22
1.6083984375 -6.036766886575311e-22
1.608642578125 -4.326724948547252e-22
1.60888671875 -3.625669466782497e-22
1.609130859375 -4.287856568330745e-22
1.609375 -2.840878585184166e-22
1.609619140625 3.049156537473091e-22
1.60986328125 1.151771934437436e-21
1.610107421875 1.964506615015212e-21
1.6103515625 2.676747530570365e-21
1.610595703125 3.284752201097797e-21
1.61083984375 3.630034140436725e-21
1.611083984375 3.602674450872711e-21
1.611328125 3.355388321502691e-21
1.611572265625 3.050983268329773e-21
1.61181640625 2.575064706860829e-21
1.612060546875 1.771204323340368e-21
1.6123046875 7.943563108278785e-22
1.612548828125 -5.894225277938035e-23
1.61279296875 -7.178472973712796e-22
1.613037109375 -1.235386552542398e-21
1.61328125 -1.492162267403616e-21
1.613525390625 -1.375927153485455e-21
1.61376953125 -1.144729855287841e-21
1.614013671875 -1.202528789593654e-21
1.6142578125 -1.533633128307239e-21
1.614501953125 -1.722617659074969e-21
1.61474609375 -1.539305626906157e-21
1.614990234375 -1.170736238423689e-21
1.615234375 -8.632188449423098e-22
1.615478515625 -6.547492860766529e-22
1.61572265625 -4.904555317265849e-22
1.615966796875 -3.247963603206371e-22
1.6162109375 -1.015659917410103e-22
1.616455078125 1.274372695479424e-22
1.61669921875 1.346528745874069e-22
1.616943359375 -1.571365626813566e-22
1.6171875 -4.153586009902977e-22
1.617431640625 -3.320757739091738e-22
1.61767578125 -1.791191071764691e-22
1.617919921875 -4.62604163641783e-22
1.6181640625 -1.116881451904669e-21
1.618408203125 -1.589489914217083e-21
1.61865234375 -1.709042095039125e-21
1.618896484375 -1.860995694652447e-21
1.619140625 -2.218388208271592e-21
1.619384765625 -2.43223865247604e-21
1.61962890625 -2.288821165538228e-21
1.619873046875 -2.073946091086161e-21
1.6201171875 -2.00059437731778e-21
1.620361328125 -1.833671893364856e-21
1.62060546875 -1.429803637517723e-21
1.620849609375 -1.13595394457146e-21
1.62109375 -1.250890635772986e-21
1.621337890625 -1.539228334315653e-21
1.62158203125 -1.683781976533553e-21
1.621826171875 -1.779308230427805e-21
1.6220703125 -1.938838785823773e-21
1.622314453125 -1.86520094692591e-21
1.62255859375 -1.365949946705408e-21
1.622802734375 -9.136523438986635e-22
1.623046875 -1.052064128865772e-21
1.623291015625 -1.491220240199219e-21
1.62353515625 -1.458004195588483e-21
1.623779296875 -8.400976896222168e-22
1.6240234375 -3.478837293861668e-22
1.624267578125 -5.151026744056276e-22
1.62451171875 -1.071271752853289e-21
1.624755859375 -1.388546233758719e-21
1.625 -1.1222745935541e-21
1.625244140625 -3.287783856575329e-22
1.62548828125 6.810754123002926e-22
1.625732421875 1.516489631282145e-21
1.6259765625 2.018984180525665e-21
1.626220703125 2.423273163283722e-21
1.62646484375 2.950772916982671e-21
1.626708984375 3.323860653007122e-21
1.626953125 3.058462214443418e-21
1.627197265625 2.215872867251397e-21
1.62744140625 1.444667821879795e-21
1.627685546875 1.206567169305902e-21
1.6279296875 1.347650728779812e-21
1.628173828125 1.54511042630058e-21
1.62841796875 1.782284735301007e-21
1.628662109375 2.159739776390648e-21
1.62890625 2.544614182016069e-21
1.629150390625 2.701437758208049e-21
1.62939453125 2.616752942014957e-21
1.629638671875 2.448845614296435e-21
1.6298828125 2.236414742982563e-21
1.630126953125 1.873754365683194e-21
1.63037109375 1.377157083373651e-21
1.630615234375 1.008978549327923e-21
1.630859375 1.034376353856384e-21
1.631103515625 1.382413082679896e-21
1.63134765625 1.651033206973592e-21
1.631591796875 1.537919456359359e-21
1.6318359375 1.220230613621322e-21
1.632080078125 1.14314353394463e-21
1.63232421875 1.397114020110567e-21
1.632568359375 1.508051433579657e-21
1.6328125 1.000709781502803e-21
1.633056640625 2.870708812484863e-23
1.63330078125 -7.748323494066801e-22
1.633544921875 -1.03951280471039e-21
1.6337890625 -1.043001871240811e-21
1.634033203125 -1.277088069525272e-21
1.63427734375 -1.75504635793121e-21
1.634521484375 -1.946940912913845e-21
1.634765625 -1.50756416735836e-21
1.635009765625 -9.12727785846035e-22
1.63525390625 -1.013436368364068e-21
1.635498046875 -1.874618497990083e-21
1.6357421875 -2.524599396739997e-21
1.635986328125 -2.238660480647947e-21
1.63623046875 -1.626257100556615e-21
1.636474609375 -1.747024186458778e-21
1.63671875 -2.411321800553927e-21
1.636962890625 -2.311387795959555e-21
1.63720703125 -9.1998819740583e-22
1.637451171875 7.358767802678442e-22
1.6376953125 1.571052666294458e-21
1.637939453125 1.78257844274191e-21
1.63818359375 2.083050570792258e-21
1.638427734375 2.418490991897832e-21
1.638671875 2.310628198879352e-21
1.638916015625 1.913224403343169e-21
1.63916015625 1.789712708350876e-21
1.639404296875 1.943468082702941e-21
1.6396484375 1.919200466724776e-21
1.639892578125 1.673134772018876e-21
1.64013671875 1.564059664215509e-21
1.640380859375 1.629986888747854e-21
1.640625 1.607989705754448e-21
1.640869140625 1.530118119959489e-21
1.64111328125 1.568933728099146e-21
1.641357421875 1.443267965542735e-21
1.6416015625 7.817581748123448e-22
1.641845703125 2.042505747429257e-24
1.64208984375 -1.422817172459324e-23
1.642333984375 8.305021430229081e-22
1.642578125 1.705077755223837e-21
1.642822265625 2.025257341044127e-21
1.64306640625 2.013003579417841e-21
1.643310546875 1.990998257334636e-21
1.6435546875 1.913063690157671e-21
1.643798828125 1.779882872376784e-21
1.64404296875 1.765445537518326e-21
1.644287109375 1.696976219175133e-21
1.64453125 1.129651282879545e-21
1.644775390625 1.955838463644071e-22
1.64501953125 -3.403010803905961e-22
1.645263671875 -1.832414744849078e-22
1.6455078125 2.834636671041829e-23
1.645751953125 -2.674005412130377e-22
1.64599609375 -7.387839527324643e-22
1.646240234375 -7.883932265737708e-22
1.646484375 -4.276958613739689e-22
1.646728515625 -6.84083663319757e-23
1.64697265625 9.150170201274151e-23
1.647216796875 7.579183277668284e-23
1.6474609375 -4.070912714212673e-23
1.647705078125 1.280289117130203e-23
1.64794921875 5.322483781097544e-22
1.648193359375 1.209380843152122e-21
1.6484375 1.235839593792606e-21
1.648681640625 4.224959640577008e-22
1.64892578125 -3.774257257314001e-22
1.649169921875 -4.536112987318706e-22
1.6494140625 -2.667658655792211e-22
1.649658203125 -6.676077292357384e-22
1.64990234375 -1.574603735726456e-21
1.650146484375 -2.178183630608339e-21
1.650390625 -2.182067772661183e-21
1.650634765625 -2.09797179965443e-21
1.65087890625 -2.381739487417786e-21
1.651123046875 -2.896933374565562e-21
1.6513671875 -3.279695271554675e-21
1.651611328125 -3.383166088851315e-21
1.65185546875 -3.289007616820613e-21
1.652099609375 -3.17044457750904e-21
1.65234375 -3.167857369790755e-21
1.652587890625 -3.23205360553519e-21
1.65283203125 -3.170089371052042e-21
1.653076171875 -2.955842692429597e-21
1.6533203125 -2.794893383267408e-21
1.653564453125 -2.75899784265901e-21
1.65380859375 -2.652392321076458e-21
1.654052734375 -2.424933244516559e-21
1.654296875 -2.371197973021363e-21
1.654541015625 -2.646251877344917e-21
1.65478515625 -2.910093189548028e-21
1.655029296875 -2.781644324320114e-21
1.6552734375 -2.370537919176535e-21
1.655517578125 -2.01997892067901e-21
1.65576171875 -1.761608572063799e-21
1.656005859375 -1.379044078356492e-21
1.65625 -8.502534467975357e-22
1.656494140625 -4.241404325438043e-22
1.65673828125 -3.532143435653742e-22
1.656982421875 -7.108610319732123e-22
1.6572265625 -1.314705018413839e-21
1.657470703125 -1.751461669820406e-21
1.65771484375 -1.736875690484089e-21
1.657958984375 -1.505971536587813e-21
1.658203125 -1.500655870751503e-21
1.658447265625 -1.648283065626896e-21
1.65869140625 -1.447558194931823e-21
1.658935546875 -8.499729364680921e-22
1.6591796875 -4.269993540386945e-22
1.659423828125 -4.522047446301518e-22
1.65966796875 -4.988566532717225e-22
1.659912109375 -2.749414483994703e-22
1.66015625 -1.388810009045065e-22
1.660400390625 -3.274604580561545e-22
1.66064453125 -4.004969603322736e-22
1.660888671875 -6.52142640712514e-23
1.6611328125 1.344793146623473e-22
1.661376953125 -2.846119445284239e-22
1.66162109375 -7.404492182999687e-22
1.661865234375 -3.562623328270169e-22
1.662109375 6.796192609525593e-22
1.662353515625 1.41291276672569e-21
1.66259765625 1.484085768250696e-21
1.662841796875 1.316996167978405e-21
1.6630859375 1.181993502261773e-21
1.663330078125 9.848486324814098e-22
1.66357421875 8.940521146470749e-22
1.663818359375 1.287191920282767e-21
1.6640625 2.012809547766499e-21
1.664306640625 2.451175372221658e-21
1.66455078125 2.38369401494045e-21
1.664794921875 2.154221251552604e-21
1.6650390625 1.945208945828628e-21
1.665283203125 1.560365991519044e-21
1.66552734375 9.924431481143123e-22
1.665771484375 5.74699094456808e-22
1.666015625 4.563761359669186e-22
1.666259765625 4.624128395044186e-22
1.66650390625 5.339569414740281e-22
1.666748046875 7.998818770776438e-22
1.6669921875 1.197295347183292e-21
1.667236328125 1.530854035829181e-21
1.66748046875 1.877666831079359e-21
1.667724609375 2.390172293211407e-21
1.66796875 2.764852665262285e-21
1.668212890625 2.542238227536e-21
1.66845703125 1.924057808840962e-21
1.668701171875 1.620435109974352e-21
1.6689453125 1.82636623615804e-21
1.669189453125 2.015034297020902e-21
1.66943359375 1.846167285226957e-21
1.669677734375 1.602934401150835e-21
1.669921875 1.557769059123877e-21
1.670166015625 1.556533659708634e-21
1.67041015625 1.469044252978184e-21
1.670654296875 1.468959628846262e-21
1.6708984375 1.612898507928894e-21
1.671142578125 1.661695934117987e-21
1.67138671875 1.546058603359694e-21
1.671630859375 1.512605710938628e-21
1.671875 1.622131134589329e-21
1.672119140625 1.637538939633112e-21
1.67236328125 1.592220855479947e-21
1.672607421875 1.851750098735711e-21
1.6728515625 2.329330063356728e-21
1.673095703125 2.290144217948563e-21
1.67333984375 1.394652984436921e-21
1.673583984375 4.037061774705293e-22
1.673828125 2.850906884443353e-22
1.674072265625 9.669097863236742e-22
1.67431640625 1.51845664571042e-21
1.674560546875 1.349541836012759e-21
1.6748046875 7.351572931686574e-22
1.675048828125 2.700223200335362e-22
1.67529296875 2.598387923788819e-22
1.675537109375 6.654902357172722e-22
1.67578125 1.291864158066402e-21
1.676025390625 1.884284876599698e-21
1.67626953125 2.178932970902965e-21
1.676513671875 2.011508706155058e-21
1.6767578125 1.469939173550845e-21
1.677001953125 9.478916031876944e-22
1.67724609375 8.773635304821145e-22
1.677490234375 1.261340659041774e-21
1.677734375 1.63704891153606e-21
1.677978515625 1.700296153786431e-21
1.67822265625 1.73386362755198e-21
1.678466796875 2.093205731504719e-21
1.6787109375 2.52115146050456e-21
1.678955078125 2.469745165159321e-21
1.67919921875 1.947339887563813e-21
1.679443359375 1.464069364082292e-21
1.6796875 1.187497664099789e-21
1.679931640625 7.762557170618338e-22
1.68017578125 9.649959622899075e-23
1.680419921875 -5.396571531022635e-22
1.6806640625 -9.825920686611934e-22
1.680908203125 -1.447326494720934e-21
1.68115234375 -1.904938083505906e-21
1.681396484375 -1.94442865907167e-21
1.681640625 -1.570930498214975e-21
1.681884765625 -1.481171489941817e-21
1.68212890625 -2.049696863756854e-21
1.682373046875 -2.600256272715705e-21
1.6826171875 -2.317286378021109e-21
1.682861328125 -1.496654560013648e-21
1.68310546875 -1.185843581158014e-21
1.683349609375 -1.742141055544125e-21
1.68359375 -2.423725419717183e-21
1.683837890625 -2.468217693847697e-21
1.68408203125 -2.023278792711287e-21
1.684326171875 -1.778828681740165e-21
1.6845703125 -2.027903839323372e-21
1.684814453125 -2.408156299234617e-21
1.68505859375 -2.475962433242212e-21
1.685302734375 -2.263487592760002e-21
1.685546875 -2.144508996637303e-21
1.685791015625 -2.27182909088436e-21
1.68603515625 -2.39323672105326e-21
1.686279296875 -2.285755378651133e-21
1.6865234375 -2.10585580578065e-21
1.686767578125 -2.098202244899763e-21
1.68701171875 -2.193556227851952e-21
1.687255859375 -2.210536252411271e-21
1.6875 -2.248822070363372e-21
1.687744140625 -2.459533392343825e-21
1.68798828125 -2.574088598268894e-21
1.688232421875 -2.187459008059365e-21
1.6884765625 -1.474360995178624e-21
1.688720703125 -1.053964594464765e-21
1.68896484375 -1.070221608464879e-21
1.689208984375 -1.001464676522388e-21
1.689453125 -5.784520673976185e-22
1.689697265625 -2.906594949333303e-22
1.68994140625 -6.052359239801861e-22
1.690185546875 -1.161997283702322e-21
1.6904296875 -1.224886690926322e-21
1.690673828125 -6.370396765587723e-22
1.69091796875 1.234920080575815e-22
1.691162109375 6.312153543001502e-22
1.69140625 8.150385326696951e-22
1.691650390625 7.035563818407373e-22
1.69189453125 3.384007691377942e-22
1.692138671875 -1.869068335617379e-23
1.6923828125 8.090058194136484e-24
1.692626953125 3.908488107889733e-22
1.69287109375 5.111567729348013e-22
1.693115234375 -2.25591647634776e-22
1.693359375 -1.600685462013172e-21
1.693603515625 -2.664311364999857e-21
1.69384765625 -2.770682227910218e-21
1.694091796875 -2.345699434354002e-21
1.6943359375 -2.316292181268163e-21
1.694580078125 -2.876926099396693e-21
1.69482421875 -3.295200889329698e-21
1.695068359375 -3.018687676459911e-21
1.6953125 -2.40254084771307e-21
1.695556640625 -2.034038901149733e-21
1.69580078125 -1.915989875768746e-21
1.696044921875 -1.853513010582663e-21
1.6962890625 -2.126575460185752e-21
1.696533203125 -2.986830308529529e-21
1.69677734375 -3.78938304058354e-21
1.697021484375 -3.550163919167574e-21
1.697265625 -2.370940417248818e-21
1.697509765625 -1.474060849540323e-21
1.69775390625 -1.64543902824256e-21
1.697998046875 -2.344146752433796e-21
1.6982421875 -2.586444152906296e-21
1.698486328125 -2.085517524567566e-21
1.69873046875 -1.223526027570205e-21
1.698974609375 -4.324706294378537e-22
1.69921875 4.697301384865084e-23
1.699462890625 1.744351084616197e-22
1.69970703125 1.860081865818054e-22
1.699951171875 4.186360203164936e-22
1.7001953125 9.034354370920511e-22
1.700439453125 1.360335275572459e-21
1.70068359375 1.614124009492876e-21
1.700927734375 1.715143867589158e-21
1.701171875 1.684714781912943e-21
1.701416015625 1.508835146519186e-21
1.70166015625 1.338396613121369e-21
1.701904296875 1.317131722424194e-21
1.7021484375 1.31263904303054e-21
1.702392578125 1.214017440569571e-21
1.70263671875 1.268307559548568e-21
1.702880859375 1.595867741079245e-21
1.703125 1.690119488811247e-21
1.703369140625 1.154045082386779e-21
1.70361328125 6.569295681254671e-22
1.703857421875 1.184014543806941e-21
1.7041015625 2.457272323320738e-21
1.704345703125 3.208255392290772e-21
1.70458984375 3.071240956717566e-21
1.704833984375 3.006787201930908e-21
1.705078125 3.587515776791087e-21
1.705322265625 4.110169235550988e-21
1.70556640625 3.936735251490963e-21
1.705810546875 3.559576200210212e-21
1.7060546875 3.58752666605623e-21
1.706298828125 3.642692997631437e-21
1.70654296875 3.12386792100383e-21
1.706787109375 2.32186899192494e-21
1.70703125 1.939078320086185e-21
1.707275390625 2.080294174949194e-21
1.70751953125 2.446850340824599e-21
1.707763671875 2.975764361009421e-21
1.7080078125 3.594458884663152e-21
1.708251953125 3.873142377199556e-21
1.70849609375 3.592483816779012e-21
1.708740234375 3.174100211793718e-21
1.708984375 2.974842001624515e-21
1.709228515625 2.714450466611747e-21
1.70947265625 2.168054064336995e-21
1.709716796875 1.765345806659046e-21
1.7099609375 1.841646869318662e-21
1.710205078125 1.970799497107641e-21
1.71044921875 1.783786468614534e-21
1.710693359375 1.766586764571288e-21
1.7109375 2.389149862451823e-21
1.711181640625 3.069732650581147e-21
1.71142578125 2.951414122871912e-21
1.711669921875 2.184161492951975e-21
1.7119140625 1.483015971840001e-21
1.712158203125 9.104627099577972e-22
1.71240234375 1.238902025337113e-22
1.712646484375 -5.84846550334864e-22
1.712890625 -5.961283539919904e-22
1.713134765625 -6.216506196959389e-23
1.71337890625 3.128523684106849e-22
1.713623046875 4.02949423345965e-22
1.7138671875 6.356480912876521e-22
1.714111328125 1.045268996640472e-21
1.71435546875 1.284041044982855e-21
1.714599609375 1.384332632929584e-21
1.71484375 1.597865196209594e-21
1.715087890625 1.700999468286493e-21
1.71533203125 1.394767924512403e-21
1.715576171875 1.113081787431906e-21
1.7158203125 1.381206336458984e-21
1.716064453125 1.648980935287977e-21
1.71630859375 9.841277977735719e-22
1.716552734375 -2.370382707404516e-22
1.716796875 -6.913093005015314e-22
1.717041015625 -1.867518984198603e-22
1.71728515625 5.78388164879231e-23
1.717529296875 -5.17018699348139e-22
1.7177734375 -9.11722966217817e-22
1.718017578125 -3.295578376763642e-22
1.71826171875 4.505836019586322e-22
1.718505859375 3.213199133018637e-22
1.71875 -5.003298143073111e-22
1.718994140625 -9.904661751361187e-22
1.71923828125 -8.229800284444674e-22
1.719482421875 -5.031172241911633e-22
1.7197265625 -4.466639981716545e-22
1.719970703125 -6.600694597172214e-22
1.72021484375 -1.04982485807317e-21
1.720458984375 -1.488183557857106e-21
1.720703125 -1.782685253354277e-21
1.720947265625 -1.934301095507076e-21
1.72119140625 -2.153903387062643e-21
1.721435546875 -2.411243707312685e-21
1.7216796875 -2.395357603599885e-21
1.721923828125 -2.132390792010871e-21
1.72216796875 -2.085893336034988e-21
1.722412109375 -2.348393553930573e-21
1.72265625 -2.36018647295865e-21
1.722900390625 -1.861823129192542e-21
1.72314453125 -1.504114568077293e-21
1.723388671875 -1.92233439834315e-21
1.7236328125 -2.709897649745537e-21
1.723876953125 -2.989805104144777e-21
1.72412109375 -2.662627381104931e-21
1.724365234375 -2.415280815070938e-21
1.724609375 -2.705327901809496e-21
1.724853515625 -3.361296113817393e-21
1.72509765625 -4.058198527053262e-21
1.725341796875 -4.600969913110133e-21
1.7255859375 -4.787311209270531e-21
1.725830078125 -4.530148047129253e-21
1.72607421875 -4.144756882120009e-21
1.726318359375 -4.053708237624527e-21
1.7265625 -4.149498278716058e-21
1.726806640625 -3.871447480343465e-21
1.72705078125 -3.022466509813405e-21
1.727294921875 -2.122315274896179e-21
1.7275390625 -1.750503868573926e-21
1.727783203125 -1.831107211772782e-21
1.72802734375 -1.839853414846326e-21
1.728271484375 -1.558005060464288e-21
1.728515625 -1.305204423222069e-21
1.728759765625 -1.405229574303e-21
1.72900390625 -1.694667154085388e-21
1.729248046875 -1.751537346434368e-21
1.7294921875 -1.468033115517751e-21
1.729736328125 -1.126749869508276e-21
1.72998046875 -9.335222993243385e-22
1.730224609375 -7.962017260748324e-22
1.73046875 -6.671777750138422e-22
1.730712890625 -7.55344549205724e-22
1.73095703125 -1.135236348789538e-21
1.731201171875 -1.42117534403728e-21
1.7314453125 -1.179435124345909e-21
1.731689453125 -4.904738608910715e-22
1.73193359375 2.28654963998821e-22
1.732177734375 7.771339868267727e-22
1.732421875 1.167827952430111e-21
1.732666015625 1.262995269306783e-21
1.73291015625 9.07919755029723e-22
1.733154296875 3.608969443397654e-22
1.7333984375 1.03894175551221e-22
1.733642578125 2.282006453825976e-22
1.73388671875 4.557595045380884e-22
1.734130859375 7.333731649770589e-22
1.734375 1.26459911185093e-21
1.734619140625 1.907933440378607e-21
1.73486328125 2.144898925528961e-21
1.735107421875 1.851469512865098e-21
1.7353515625 1.576647323994032e-21
1.735595703125 1.774993187652019e-21
1.73583984375 2.200598922256378e-21
1.736083984375 2.357065018730035e-21
1.736328125 2.151133497694883e-21
1.736572265625 1.774714536237389e-21
1.73681640625 1.299516601787543e-21
1.737060546875 7.778043295456183e-22
1.7373046875 4.840867726102999e-22
1.737548828125 6.454536055025867e-22
1.73779296875 1.051736448658944e-21
1.738037109375 1.257320387410481e-21
1.73828125 1.105515283062348e-21
1.738525390625 8.178780567823088e-22
1.73876953125 6.38113553785983e-22
1.739013671875 6.021153067587089e-22
1.7392578125 6.242683539479041e-22
1.739501953125 6.476319484919215e-22
1.73974609375 7.027218140936537e-22
1.739990234375 8.68474343768502e-22
1.740234375 1.132590763824973e-21
1.740478515625 1.30513810280244e-21
1.74072265625 1.191545009501506e-21
1.740966796875 8.371316654506638e-22
1.7412109375 4.415135017332682e-22
1.741455078125 5.176287374422437e-23
1.74169921875 -4.536809081990212e-22
1.741943359375 -1.074367971262713e-21
1.7421875 -1.602853738016427e-21
1.742431640625 -1.850672281035653e-21
1.74267578125 -1.753117799120536e-21
1.742919921875 -1.262492920090281e-21
1.7431640625 -3.913615756366164e-22
1.743408203125 6.231800336559663e-22
1.74365234375 1.448436131289974e-21
1.743896484375 1.96821038871539e-21
1.744140625 2.259384939376499e-21
1.744384765625 2.351544615034499e-21
1.74462890625 2.324287150744023e-21
1.744873046875 2.513440004747476e-21
1.7451171875 3.137455478496511e-21
1.745361328125 3.746133924278974e-21
1.74560546875 3.601744135427018e-21
1.745849609375 2.693086422148436e-21
1.74609375 1.787452773320202e-21
1.746337890625 1.331840169757465e-21
1.74658203125 9.807736321612721e-22
1.746826171875 4.969329709720667e-22
1.7470703125 3.274787511478818e-22
1.747314453125 6.824770423530069e-22
1.74755859375 7.449797991803335e-22
1.747802734375 -2.737460471346856e-22
1.748046875 -1.683897114036772e-21
1.748291015625 -1.975844342310445e-21
1.74853515625 -8.745264556818897e-22
1.748779296875 2.963718456032828e-22
1.7490234375 5.160033135473002e-22
1.749267578125 3.296055062679345e-22
1.74951171875 6.73235925397493e-22
1.749755859375 1.293725604585808e-21
1.75 1.241633920378107e-21
1.750244140625 4.888319266796717e-22
1.75048828125 3.943361314642484e-23
1.750732421875 4.402435732820074e-22
1.7509765625 1.051239784426655e-21
1.751220703125 1.037933001342583e-21
1.75146484375 3.965557503874687e-22
1.751708984375 -3.670919874097414e-22
1.751953125 -9.991133642202616e-22
1.752197265625 -1.458645668939666e-21
1.75244140625 -1.562831674587324e-21
1.752685546875 -1.234846760154526e-21
1.7529296875 -8.324158124849153e-22
1.753173828125 -6.9662768338577e-22
1.75341796875 -5.951650543547706e-22
1.753662109375 -1.503099538352541e-22
1.75390625 4.092956006105583e-22
1.754150390625 5.627819937688079e-22
1.75439453125 3.890413963131184e-22
1.754638671875 4.028037249274842e-22
1.7548828125 5.845025369751765e-22
1.755126953125 4.316051223338157e-22
1.75537109375 3.254544412713736e-23
1.755615234375 1.135912825318659e-22
1.755859375 7.191543735389137e-22
1.756103515625 8.328373038608478e-22
1.75634765625 -1.311679064618162e-22
1.756591796875 -1.331092369049979e-21
1.7568359375 -1.707907121629141e-21
1.757080078125 -1.447798000959427e-21
1.75732421875 -1.402568416154884e-21
1.757568359375 -1.670748170622108e-21
1.7578125 -1.70807196148131e-21
1.758056640625 -1.420655177405349e-21
1.75830078125 -1.169174395778215e-21
1.758544921875 -9.368205384285594e-22
1.7587890625 -4.118151536118601e-22
1.759033203125 2.531980268834417e-22
1.75927734375 5.998906785903265e-22
1.759521484375 6.441999800373727e-22
1.759765625 7.113731249182676e-22
1.760009765625 6.812794621697456e-22
1.76025390625 2.489627657096211e-22
1.760498046875 -2.398281433583296e-22
1.7607421875 -1.512448913415355e-22
1.760986328125 3.440942740912633e-22
1.76123046875 5.163271971249177e-22
1.761474609375 3.443307959700197e-22
1.76171875 4.711807942694467e-22
1.761962890625 8.858036207015448e-22
1.76220703125 8.591765224372035e-22
1.762451171875 4.156130348815938e-22
1.7626953125 5.981485495449321e-22
1.762939453125 1.749326631598451e-21
1.76318359375 2.677013337268839e-21
1.763427734375 2.274251115956062e-21
1.763671875 1.047652729389295e-21
1.763916015625 2.294326923854725e-22
1.76416015625 1.314253525085647e-22
1.764404296875 2.312003782186561e-22
1.7646484375 2.723768904851837e-22
1.764892578125 3.618675069234263e-22
1.76513671875 3.614546621416457e-22
1.765380859375 3.284034775605103e-23
1.765625 -4.1032972255652e-22
1.765869140625 -5.690032511390426e-22
1.76611328125 -5.128563295606163e-22
1.766357421875 -6.149348229858415e-22
1.7666015625 -9.156155567535299e-22
1.766845703125 -1.156131312115244e-21
1.76708984375 -1.265668607294394e-21
1.767333984375 -1.341198534063356e-21
1.767578125 -1.298378673477308e-21
1.767822265625 -9.721947851380793e-22
1.76806640625 -4.498556965537783e-22
1.768310546875 1.162384502072198e-23
1.7685546875 2.347233576697818e-22
1.768798828125 7.283041739264771e-23
1.76904296875 -5.602659949341644e-22
1.769287109375 -1.328048939254885e-21
1.76953125 -1.537764744019921e-21
1.769775390625 -9.657182404428982e-22
1.77001953125 -2.540593198201962e-22
1.770263671875 -6.081342604121919e-23
1.7705078125 -1.883528864186156e-22
1.770751953125 -4.760828862146407e-23
1.77099609375 3.834970506596868e-22
1.771240234375 6.785402866786694e-22
1.771484375 7.737222091696154e-22
1.771728515625 9.773361006767489e-22
1.77197265625 1.254412874971174e-21
1.772216796875 1.144283227646684e-21
1.7724609375 4.81542146383766e-22
1.772705078125 -2.734247307286436e-22
1.77294921875 -5.657214077391418e-22
1.773193359375 -3.278606261647534e-22
1.7734375 3.105263745094552e-23
1.773681640625 4.43845851226525e-23
1.77392578125 -3.576433613168689e-22
1.774169921875 -6.895172404174163e-22
1.7744140625 -3.788237516146733e-22
1.774658203125 4.688111315808596e-22
1.77490234375 1.061753541099566e-21
1.775146484375 8.96878046241057e-22
1.775390625 3.887125278393881e-22
1.775634765625 2.081625792103416e-22
1.77587890625 3.810098968406013e-22
1.776123046875 5.044189451931855e-22
1.7763671875 5.237859946663765e-22
1.776611328125 7.048150368238353e-22
1.77685546875 1.01429388293243e-21
1.777099609375 1.11666243819216e-21
1.77734375 9.206348627712483e-22
1.777587890625 6.063921887461029e-22
1.77783203125 1.508931687166516e-22
1.778076171875 -6.504336111356947e-22
1.7783203125 -1.660541355564301e-21
1.778564453125 -2.387418964029199e-21
1.77880859375 -2.596623475027011e-21
1.779052734375 -2.549443826739714e-21
1.779296875 -2.540022947359664e-21
1.779541015625 -2.543653490502141e-21
1.77978515625 -2.425323453886323e-21
1.780029296875 -2.195386608582905e-21
1.7802734375 -1.940292321164545e-21
1.780517578125 -1.707153948291142e-21
1.78076171875 -1.512666174320801e-21
1.781005859375 -1.303727271672833e-21
1.78125 -9.431851113559104e-22
1.781494140625 -4.283484013654784e-22
1.78173828125 -5.183971062403308e-23
1.781982421875 -1.151227440780294e-22
1.7822265625 -5.550022064737934e-22
1.782470703125 -1.086888577788775e-21
1.78271484375 -1.611205461192059e-21
1.782958984375 -2.197622509684611e-21
1.783203125 -2.767886470584789e-21
1.783447265625 -3.120709030881849e-21
1.78369140625 -3.224083939439523e-21
1.783935546875 -3.1838833985981e-21
1.7841796875 -2.977852203768345e-21
1.784423828125 -2.521070172269249e-21
1.78466796875 -1.92215591478725e-21
1.784912109375 -1.344664920830589e-21
1.78515625 -6.974533661964816e-22
1.785400390625 1.445125298643617e-22
1.78564453125 8.687324877812238e-22
1.785888671875 9.573043879920988e-22
1.7861328125 4.578569798370996e-22
1.786376953125 3.975070444099747e-23
1.78662109375 9.444759759710943e-23
1.786865234375 2.238137380642654e-22
1.787109375 -6.492124539313629e-23
1.787353515625 -5.120851407989316e-22
1.78759765625 -4.071578207692498e-22
1.787841796875 3.83451877829759e-22
1.7880859375 1.12106200594755e-21
1.788330078125 1.029253182568e-21
1.78857421875 1.654521249354325e-22
1.788818359375 -7.118600524258378e-22
1.7890625 -1.02410675100649e-21
1.789306640625 -9.104743527766642e-22
1.78955078125 -8.508319993028483e-22
1.789794921875 -9.400140191889117e-22
1.7900390625 -7.539517886345809e-22
1.790283203125 6.853555365931776e-23
1.79052734375 1.327898959115307e-21
1.790771484375 2.465398247451486e-21
1.791015625 3.119484264198949e-21
1.791259765625 3.319182537464835e-21
1.79150390625 3.203065223938566e-21
1.791748046875 2.762138436237407e-21
1.7919921875 1.958685274628881e-21
1.792236328125 1.024361697862904e-21
1.79248046875 4.823440177056031e-22
1.792724609375 7.241597212436603e-22
1.79296875 1.55764319429754e-21
1.793212890625 2.350583838579772e-21
1.79345703125 2.710339543200344e-21
1.793701171875 2.803434113354125e-21
1.7939453125 2.839513715874549e-21
1.794189453125 2.576714108786686e-21
1.79443359375 1.772809235681384e-21
1.794677734375 8.819291262288215e-22
1.794921875 6.420908757066892e-22
1.795166015625 9.598154670852355e-22
1.79541015625 8.982099513637281e-22
1.795654296875 -6.255883161286626e-24
1.7958984375 -1.062521642637521e-21
1.796142578125 -1.425799656668438e-21
1.79638671875 -1.18948009109062e-21
1.796630859375 -9.595885247458983e-22
1.796875 -8.27340121136236e-22
1.797119140625 -4.497446248334924e-22
1.79736328125 9.276940045756546e-23
1.797607421875 2.258300381331377e-22
1.7978515625 -2.985153100546506e-22
1.798095703125 -1.012960322257739e-21
1.79833984375 -1.289182360652473e-21
1.798583984375 -9.99175286538104e-22
1.798828125 -5.657661809767048e-22
1.799072265625 -5.083284636466515e-22
1.79931640625 -8.97018032282741e-22
1.799560546875 -1.195352336829051e-21
1.7998046875 -8.54260326320198e-22
1.800048828125 -1.318585285794285e-22
1.80029296875 7.907381222908393e-23
1.800537109375 -5.425335794383907e-22
1.80078125 -1.210902256681479e-21
1.801025390625 -1.124848926369279e-21
1.80126953125 -5.967513599808382e-22
1.801513671875 -4.372736976219542e-22
1.8017578125 -5.773192256108063e-22
1.802001953125 -1.590429129632273e-22
1.80224609375 1.064366892961778e-21
1.802490234375 2.278449562439519e-21
1.802734375 2.783281667811195e-21
1.802978515625 2.932361181957074e-21
1.80322265625 3.490808090737198e-21
1.803466796875 4.496322937403435e-21
1.8037109375 5.224776719948907e-21
1.803955078125 5.134477246734682e-21
1.80419921875 4.488303409264804e-21
1.804443359375 3.997260529557286e-21
1.8046875 4.018881705283443e-21
1.804931640625 4.250664963685212e-21
1.80517578125 4.250435679463152e-21
1.805419921875 4.070199136888857e-21
1.8056640625 4.059432448559283e-21
1.805908203125 4.105515959793062e-21
1.80615234375 3.612636187824374e-21
1.806396484375 2.462743907576153e-21
1.806640625 1.459366250589202e-21
1.806884765625 1.374126177900572e-21
1.80712890625 1.985607163156715e-21
1.807373046875 2.585190905438804e-21
1.8076171875 3.021569796393844e-21
1.807861328125 3.577832980161471e-21
1.80810546875 4.14368910469395e-21
1.808349609375 4.31783582216065e-21
1.80859375 4.178681205338754e-21
1.808837890625 4.117343386374164e-21
1.80908203125 3.928654646944459e-21
1.809326171875 2.942675490652334e-21
1.8095703125 1.219825966136543e-21
1.809814453125 -2.16686954811351e-22
1.81005859375 -6.745671769386693e-22
1.810302734375 -6.26029027199698e-22
1.810546875 -8.485975394098825e-22
1.810791015625 -1.333699171840876e-21
1.81103515625 -1.555609743226387e-21
1.811279296875 -1.403667480138609e-21
1.8115234375 -1.309053056101261e-21
1.811767578125 -1.624214587370314e-21
1.81201171875 -2.254414712014959e-21
1.812255859375 -2.823909250638193e-21
1.8125 -3.016016573094787e-21
1.812744140625 -2.854164095330692e-21
1.81298828125 -2.705097311100796e-21
1.813232421875 -2.828825852891924e-21
1.8134765625 -2.977427277104166e-21
1.813720703125 -2.767398546010655e-21
1.81396484375 -2.39410456431035e-21
1.814208984375 -2.497352840261496e-21
1.814453125 -3.262907270624164e-21
1.814697265625 -4.170035390887437e-21
1.81494140625 -4.751751027926506e-21
1.815185546875 -5.062017736067048e-21
1.8154296875 -5.207223094739855e-21
1.815673828125 -5.020101644072188e-21
1.81591796875 -4.533638134811017e-21
1.816162109375 -4.224601527929003e-21
1.81640625 -4.345566821653522e-21
1.816650390625 -4.472444293983381e-21
1.81689453125 -4.185104690651964e-21
1.817138671875 -3.778197803540326e-21
1.8173828125 -3.748712045845601e-21
1.817626953125 -3.915382258423932e-21
1.81787109375 -3.68533191211115e-21
1.818115234375 -3.038361705534891e-21
1.818359375 -2.621261034681562e-21
1.818603515625 -2.828818908425778e-21
1.81884765625 -3.280836730194014e-21
1.819091796875 -3.352799965152878e-21
1.8193359375 -2.919066089777491e-21
1.819580078125 -2.425993106603958e-21
1.81982421875 -2.36785609862347e-21
1.820068359375 -2.761882735994253e-21
1.8203125 -3.134098587885351e-21
1.820556640625 -3.08643635526752e-21
1.82080078125 -2.802866000303834e-21
1.821044921875 -2.726371569106528e-21
1.8212890625 -2.777957545896541e-21
1.821533203125 -2.393435991499474e-21
1.82177734375 -1.510534347972772e-21
1.822021484375 -9.487060683222505e-22
1.822265625 -1.362294144539946e-21
1.822509765625 -2.26162022839244e-21
1.82275390625 -2.656346103403626e-21
1.822998046875 -2.373354939167875e-21
1.8232421875 -2.092250745943442e-21
1.823486328125 -2.236417407941761e-21
1.82373046875 -2.514922118092307e-21
1.823974609375 -2.572386165515183e-21
1.82421875 -2.444604060004244e-21
1.824462890625 -2.214855853522559e-21
1.82470703125 -1.773697065496505e-21
1.824951171875 -1.17469381575028e-21
1.8251953125 -7.967218713793986e-22
1.825439453125 -8.50553182141781e-22
1.82568359375 -1.015318314868622e-21
1.825927734375 -8.34762463293217e-22
1.826171875 -2.723706234306184e-22
1.826416015625 3.377300035446608e-22
1.82666015625 7.170210691817684e-22
1.826904296875 8.34449730325786e-22
1.8271484375 8.19934950411538e-22
1.827392578125 8.572775252672058e-22
1.82763671875 1.071164414731199e-21
1.827880859375 1.419203444542286e-21
1.828125 1.786936702673452e-21
1.828369140625 2.209339963427572e-21
1.82861328125 2.808568071499519e-21
1.828857421875 3.457465920792756e-21
1.8291015625 3.758344522483786e-21
1.829345703125 3.521768833297403e-21
1.82958984375 3.067230166952883e-21
1.829833984375 2.842342953981323e-21
1.830078125 2.894212223226735e-21
1.830322265625 2.949482087908024e-21
1.83056640625 2.904842040054762e-21
1.830810546875 2.944032315793814e-21
1.8310546875 3.15909861698734e-21
1.831298828125 3.332154348109048e-21
1.83154296875 3.233467671731105e-21
1.831787109375 2.976192173100343e-21
1.83203125 2.896076498350209e-21
1.832275390625 3.125062904033712e-21
1.83251953125 3.440682423598066e-21
1.832763671875 3.567121750839325e-21
1.8330078125 3.503968510383867e-21
1.833251953125 3.469484869260661e-21
1.83349609375 3.590705004275451e-21
1.833740234375 3.780210187460384e-21
1.833984375 3.917017665779343e-21
1.834228515625 4.006886618543923e-21
1.83447265625 4.087989864587935e-21
1.834716796875 4.091639161345226e-21
1.8349609375 3.940284173809215e-21
1.835205078125 3.745793475713424e-21
1.83544921875 3.7448066471339e-21
1.835693359375 3.975357871779087e-21
1.8359375 4.128804520702877e-21
1.836181640625 3.844943139164681e-21
1.83642578125 3.147054764159584e-21
1.836669921875 2.491957713701091e-21
1.8369140625 2.334116379445166e-21
1.837158203125 2.667909324563377e-21
1.83740234375 3.051782787315474e-21
1.837646484375 3.077001112802898e-21
1.837890625 2.751925147635816e-21
1.838134765625 2.416548901205407e-21
1.83837890625 2.375958697338982e-21
1.838623046875 2.692539359015453e-21
1.8388671875 3.246643307856724e-21
1.839111328125 3.837839248764043e-21
1.83935546875 4.219288370680973e-21
1.839599609375 4.187309307548054e-21
1.83984375 3.726401749763626e-21
1.840087890625 3.004900627226943e-21
1.84033203125 2.187374979613036e-21
1.840576171875 1.324045809724529e-21
1.8408203125 4.6011032030817e-22
1.841064453125 -2.501263372422179e-22
1.84130859375 -6.408840859508381e-22
1.841552734375 -7.176509313229497e-22
1.841796875 -6.692775331785816e-22
1.842041015625 -6.933620560142152e-22
1.84228515625 -8.349304710521972e-22
1.842529296875 -9.931882020267904e-22
1.8427734375 -1.074916509938342e-21
1.843017578125 -1.120789924850341e-21
1.84326171875 -1.230156517996809e-21
1.843505859375 -1.367823372123261e-21
1.84375 -1.381394387471654e-21
1.843994140625 -1.298968817770755e-21
1.84423828125 -1.451895690470378e-21
1.844482421875 -2.096897305217009e-21
1.8447265625 -3.014788924820916e-21
1.844970703125 -3.744287086058801e-21
1.84521484375 -4.165091261837933e-21
1.845458984375 -4.541244724287655e-21
1.845703125 -4.989750335902611e-21
1.845947265625 -5.297824661396515e-21
1.84619140625 -5.392551104978231e-21
1.846435546875 -5.579790323494645e-21
1.8466796875 -6.027447802784056e-21
1.846923828125 -6.339763734025977e-21
1.84716796875 -6.044361166924072e-21
1.847412109375 -5.310304463201203e-21
1.84765625 -4.754117000033781e-21
1.847900390625 -4.600004063295383e-21
1.84814453125 -4.447608601116615e-21
1.848388671875 -3.925370104853092e-21
1.8486328125 -3.222016165232094e-21
1.848876953125 -2.811106089471655e-21
1.84912109375 -2.849409190459973e-21
1.849365234375 -2.996968406221012e-21
1.849609375 -2.770459249168796e-21
1.849853515625 -2.046821760765492e-21
1.85009765625 -1.254901924722111e-21
1.850341796875 -9.80738375323895e-22
1.8505859375 -1.297460869657808e-21
1.850830078125 -1.648375979353574e-21
1.85107421875 -1.546403197329433e-21
1.851318359375 -1.153235825406407e-21
1.8515625 -8.833161009264223e-22
1.851806640625 -7.02926973676212e-22
1.85205078125 -3.199467419134104e-22
1.852294921875 6.748921295616043e-23
1.8525390625 -1.410484283132331e-22
1.852783203125 -9.88656474096935e-22
1.85302734375 -1.674308115722671e-21
1.853271484375 -1.516876228480938e-21
1.853515625 -7.631973884120369e-22
1.853759765625 -1.177281645658712e-22
1.85400390625 1.473999005205421e-22
1.854248046875 2.542161011658758e-22
1.8544921875 4.202044508599507e-22
1.854736328125 6.962533709721133e-22
1.85498046875 1.062480026834823e-21
1.855224609375 1.313279026289991e-21
1.85546875 1.059022590913393e-21
1.855712890625 2.054083358914629e-22
1.85595703125 -7.677391992120239e-22
1.856201171875 -1.354909358177661e-21
1.8564453125 -1.619057748617639e-21
1.856689453125 -1.852172968139516e-21
1.85693359375 -1.923536372826551e-21
1.857177734375 -1.497553423050502e-21
1.857421875 -7.16644541697977e-22
1.857666015625 -8.05223578294686e-23
1.85791015625 2.695554714915314e-22
1.858154296875 5.690167612117286e-22
1.8583984375 8.038878507454601e-22
1.858642578125 7.193660427405768e-22
1.85888671875 4.723852428114673e-22
1.859130859375 5.715270487327009e-22
1.859375 1.019986796295304e-21
1.859619140625 1.216527019274754e-21
1.85986328125 9.537105127858693e-22
1.860107421875 8.075732424628436e-22
1.8603515625 1.154686665962382e-21
1.860595703125 1.477636718948159e-21
1.86083984375 1.187788811996876e-21
1.861083984375 5.880631950403398e-22
1.861328125 3.900777594329841e-22
1.861572265625 6.75178355417782e-22
1.86181640625 9.713519404946805e-22
1.862060546875 1.071819128385104e-21
1.8623046875 1.151817471670222e-21
1.862548828125 1.261638967309579e-21
1.86279296875 1.278712617995857e-21
1.863037109375 1.244081876967407e-21
1.86328125 1.27191826964914e-21
1.863525390625 1.279956956751534e-21
1.86376953125 1.238714468880243e-21
1.864013671875 1.438503164814591e-21
1.8642578125 2.01426296822907e-21
1.864501953125 2.497953468941689e-21
1.86474609375 2.43969375989187e-21
1.864990234375 2.186361611227756e-21
1.865234375 2.341099587045852e-21
1.865478515625 2.715862196429614e-21
1.86572265625 2.671551837627292e-21
1.865966796875 2.324105098922804e-21
1.8662109375 2.405721278145845e-21
1.866455078125 2.906550054901037e-21
1.86669921875 2.942363670952628e-21
1.866943359375 2.241961101790816e-21
1.8671875 1.699013903718187e-21
1.867431640625 1.931250552321194e-21
1.86767578125 2.249289359693294e-21
1.867919921875 1.787893403436033e-21
1.8681640625 9.048462087484878e-22
1.868408203125 5.877489658841289e-22
1.86865234375 9.617049466102661e-22
1.868896484375 1.257671787593687e-21
1.869140625 1.013120044790755e-21
1.869384765625 5.356913248311037e-22
1.86962890625 2.667708657821464e-22
1.869873046875 3.091777392867636e-22
1.8701171875 5.763059215897001e-22
1.870361328125 9.423541388395832e-22
1.87060546875 1.238780559896853e-21
1.870849609375 1.396769618029756e-21
1.87109375 1.499870486332476e-21
1.871337890625 1.500667183546407e-21
1.87158203125 1.157620021167524e-21
1.871826171875 5.037765283999596e-22
1.8720703125 2.029282578079981e-25
1.872314453125 -1.339236924196331e-22
1.87255859375 -3.31039007709184e-22
1.872802734375 -9.553707730614533e-22
1.873046875 -1.593616058614815e-21
1.873291015625 -1.657036365525478e-21
1.87353515625 -1.342138217807881e-21
1.873779296875 -1.303719727369757e-21
1.8740234375 -1.61124064640865e-21
1.874267578125 -1.762768165680662e-21
1.87451171875 -1.609091913324449e-21
1.874755859375 -1.513785539171915e-21
1.875 -1.586079488742421e-21
1.875244140625 -1.451495873142654e-21
1.87548828125 -9.060637211851769e-22
1.875732421875 -2.400864225374514e-22
1.8759765625 1.912628966210962e-22
1.876220703125 2.493388229728148e-22
1.87646484375 -1.339345567640596e-22
1.876708984375 -8.537570276775216e-22
1.876953125 -1.391859562316373e-21
1.877197265625 -1.264268654276177e-21
1.87744140625 -7.416647204454439e-22
1.877685546875 -5.13606449659698e-22
1.8779296875 -5.903812787481207e-22
1.878173828125 -2.434892858955054e-22
1.87841796875 7.939240362497323e-22
1.878662109375 1.799042121079688e-21
1.87890625 2.055807306018633e-21
1.879150390625 1.722390641473298e-21
1.87939453125 1.280886177441057e-21
1.879638671875 7.115369636927616e-22
1.8798828125 -2.218906143986115e-22
1.880126953125 -1.269004050838965e-21
1.88037109375 -1.877191660334043e-21
1.880615234375 -1.907201307250627e-21
1.880859375 -1.706823531616048e-21
1.881103515625 -1.56987985899048e-21
1.88134765625 -1.472550957372777e-21
1.881591796875 -1.279954308911294e-21
1.8818359375 -9.479254255407777e-22
1.882080078125 -5.578821297549592e-22
1.88232421875 -2.999291180290037e-22
1.882568359375 -3.388567478166818e-22
1.8828125 -6.159616639508134e-22
1.883056640625 -9.073986634263674e-22
1.88330078125 -1.08688722859407e-21
1.883544921875 -1.129234418892409e-21
1.8837890625 -9.106826255935256e-22
1.884033203125 -3.698238366331967e-22
1.88427734375 1.24393173188288e-22
1.884521484375 3.520382755272287e-23
1.884765625 -5.701616903689791e-22
1.885009765625 -9.746168844946222e-22
1.88525390625 -7.562279883138644e-22
1.885498046875 -3.308574990287488e-22
1.8857421875 -2.73502210545433e-22
1.885986328125 -5.436185934090206e-22
1.88623046875 -7.553082355092625e-22
1.886474609375 -8.255441598846746e-22
1.88671875 -9.080824932430457e-22
1.886962890625 -9.754768440062841e-22
1.88720703125 -9.254146354855142e-22
1.887451171875 -8.941478905097962e-22
1.8876953125 -1.022783189824858e-21
1.887939453125 -1.067010933282252e-21
1.88818359375 -6.82161513644201e-22
1.888427734375 -2.639225888795853e-23
1.888671875 3.237744542335101e-22
1.888916015625 7.264814389074695e-23
1.88916015625 -4.859884450959824e-22
1.889404296875 -8.877354806722684e-22
1.8896484375 -9.889328476738965e-22
1.889892578125 -9.88643631475695e-22
1.89013671875 -1.100759118844208e-21
1.890380859375 -1.261401014162477e-21
1.890625 -1.178657343879948e-21
1.890869140625 -7.334606710429482e-22
1.89111328125 -2.305006696401291e-22
1.891357421875 -2.303645189516346e-23
1.8916015625 2.228922656879931e-23
1.891845703125 3.132705357355387e-22
1.89208984375 8.107977124345068e-22
1.892333984375 1.013803150312471e-21
1.892578125 7.598500217836506e-22
1.892822265625 4.910028817279279e-22
1.89306640625 5.085711196076511e-22
1.893310546875 5.347583484600136e-22
1.8935546875 3.385707405842693e-22
1.893798828125 2.142288065596499e-22
1.89404296875 3.835382114823594e-22
1.894287109375 4.689858619387162e-22
1.89453125 1.280569900115379e-22
1.894775390625 -2.664557398326125e-22
1.89501953125 -2.259027528292568e-22
1.895263671875 -1.263720799109043e-23
1.8955078125 -1.823434692753584e-22
1.895751953125 -5.876956773882902e-22
1.89599609375 -6.449583784144049e-22
1.896240234375 -3.979876732316429e-22
1.896484375 -4.652864543689349e-22
1.896728515625 -9.485291946357336e-22
1.89697265625 -1.196129016406946e-21
1.897216796875 -7.772853674373814e-22
1.8974609375 -2.630551352705209e-23
1.897705078125 5.255705730603026e-22
1.89794921875 6.818132785159458e-22
1.898193359375 4.286488826830101e-22
1.8984375 -1.802752734805412e-22
1.898681640625 -8.322352633084506e-22
1.89892578125 -1.133990856309135e-21
1.899169921875 -1.095061719823523e-21
1.8994140625 -1.000173728930548e-21
1.899658203125 -8.206327084564891e-22
1.89990234375 -3.187982740192973e-22
1.900146484375 2.72073076499916e-22
1.900390625 3.828735956486301e-22
1.900634765625 5.373258278324193e-23
1.90087890625 2.040126036821601e-24
1.901123046875 4.745123468182243e-22
1.9013671875 7.599805873464438e-22
1.901611328125 2.852306304909634e-22
1.90185546875 -4.237676139216885e-22
1.902099609375 -4.337935809985355e-22
1.90234375 3.69528076643472e-22
1.902587890625 1.286752372199941e-21
1.90283203125 1.742549460741329e-21
1.903076171875 1.73257281663877e-21
1.9033203125 1.526383492081265e-21
1.903564453125 1.345350253461576e-21
1.90380859375 1.26368154072089e-21
1.904052734375 1.192777223260542e-21
1.904296875 1.050255811933508e-21
1.904541015625 9.916811704937317e-22
1.90478515625 1.214891057499783e-21
1.905029296875 1.530813841943306e-21
1.9052734375 1.56677978583408e-21
1.905517578125 1.451412441326786e-21
1.90576171875 1.709247836611582e-21
1.906005859375 2.302846609632548e-21
1.90625 2.488294184214652e-21
1.906494140625 1.992324284652173e-21
1.90673828125 1.598051691269482e-21
1.906982421875 1.978909953778702e-21
1.9072265625 2.626693823482423e-21
1.907470703125 2.705626592777834e-21
1.90771484375 2.397134430169057e-21
1.907958984375 2.442017505915238e-21
1.908203125 2.739667434546746e-21
1.908447265625 2.511070554115925e-21
1.90869140625 1.747997022431639e-21
1.908935546875 1.369066610922037e-21
1.9091796875 1.740901494818313e-21
1.909423828125 2.053777249761862e-21
1.90966796875 1.562985811482926e-21
1.909912109375 5.923793274656964e-22
1.91015625 -2.261874056271793e-22
1.910400390625 -9.802928065522167e-22
1.91064453125 -2.043468883344827e-21
1.910888671875 -3.105459937642415e-21
1.9111328125 -3.416236924125252e-21
1.911376953125 -2.828727779961907e-21
1.91162109375 -1.96275566582462e-21
1.911865234375 -1.370481971326188e-21
1.912109375 -1.066239243603494e-21
1.912353515625 -9.00702036249695e-22
1.91259765625 -8.839665185209024e-22
1.912841796875 -9.623206858310201e-22
1.9130859375 -8.749151185191332e-22
1.913330078125 -5.145987023169011e-22
1.91357421875 -1.948651330263741e-22
1.913818359375 -2.598117885957323e-22
1.9140625 -5.52853243467066e-22
1.914306640625 -5.971358271732696e-22
1.91455078125 -3.048298772262139e-22
1.914794921875 -1.614647058081987e-22
1.9150390625 -5.269587391593187e-22
1.915283203125 -1.043934864814359e-21
1.91552734375 -1.096812187116081e-21
1.915771484375 -7.120884377992129e-22
1.916015625 -5.21798024843188e-22
1.916259765625 -7.733263414020165e-22
1.91650390625 -9.044014645988824e-22
1.916748046875 -4.202344826908077e-22
1.9169921875 2.437283567110515e-22
1.917236328125 2.727265246869352e-22
1.91748046875 -3.223279959185953e-22
1.917724609375 -6.559970099477694e-22
1.91796875 -1.522558719929958e-22
1.918212890625 7.664640064276962e-22
1.91845703125 1.356546462784726e-21
1.918701171875 1.462960560209838e-21
1.9189453125 1.441896275300537e-21
1.919189453125 1.491914969180514e-21
1.91943359375 1.446821457489486e-21
1.919677734375 1.114067769810192e-21
1.919921875 5.020393938001886e-22
1.920166015625 -2.708846161598558e-22
1.92041015625 -1.063016476842936e-21
1.920654296875 -1.684012257593619e-21
1.9208984375 -1.942332094029296e-21
1.921142578125 -1.760856092268577e-21
1.92138671875 -1.18653521237332e-21
1.921630859375 -3.338116575572105e-22
1.921875 5.832341060730069e-22
1.922119140625 1.231604375701449e-21
1.92236328125 1.357078688021958e-21
1.922607421875 1.046959080182805e-21
1.9228515625 6.687763581509176e-22
1.923095703125 4.771595506509084e-22
1.92333984375 3.827828159957566e-22
1.923583984375 2.042201459899762e-22
1.923828125 3.477310331305243e-23
1.924072265625 1.453143905628845e-22
1.92431640625 5.169661279683829e-22
1.924560546875 7.323016198168209e-22
1.9248046875 5.067330662053465e-22
1.925048828125 1.284219955242193e-22
1.92529296875 7.424295257033108e-23
1.925537109375 2.900285204687049e-22
1.92578125 2.416790903987754e-22
1.926025390625 -2.726150685258403e-22
1.92626953125 -7.801710038892681e-22
1.926513671875 -8.052692449024057e-22
1.9267578125 -4.995192415261776e-22
1.927001953125 -2.670246303654616e-22
1.92724609375 -8.975508519053114e-23
1.927490234375 2.743317762092823e-22
1.927734375 5.91219509765854e-22
1.927978515625 2.569054724365998e-22
1.92822265625 -8.017223002878376e-22
1.928466796875 -1.85289766790665e-21
1.9287109375 -2.248209960780763e-21
1.928955078125 -2.207184724274458e-21
1.92919921875 -2.382473493479795e-21
1.929443359375 -2.909197500119018e-21
1.9296875 -3.303963479119759e-21
1.929931640625 -3.222441868272066e-21
1.93017578125 -2.891929950826993e-21
1.930419921875 -2.673212108087691e-21
1.9306640625 -2.518990532152104e-21
1.930908203125 -2.14614765724773e-21
1.93115234375 -1.59888105514906e-21
1.931396484375 -1.284561199261524e-21
1.931640625 -1.374570351251621e-21
1.931884765625 -1.483971748707017e-21
1.93212890625 -1.202484259616915e-21
1.932373046875 -7.40199611879908e-22
1.9326171875 -6.752367836509355e-22
1.932861328125 -1.135910679367036e-21
1.93310546875 -1.676565148258177e-21
1.933349609375 -2.018925058908721e-21
1.93359375 -2.405858934165613e-21
1.933837890625 -2.978183592645443e-21
1.93408203125 -3.307269781964987e-21
1.934326171875 -2.999869133668999e-21
1.9345703125 -2.382438799332209e-21
1.934814453125 -2.004395465594624e-21
1.93505859375 -1.709524808376681e-21
1.935302734375 -8.791672555422534e-22
1.935546875 4.627020604393052e-22
1.935791015625 1.484290397093172e-21
1.93603515625 1.62584052039875e-21
1.936279296875 1.259741872331473e-21
1.9365234375 1.056665865954238e-21
1.936767578125 1.209788109000278e-21
1.93701171875 1.565416274800703e-21
1.937255859375 2.053841204660252e-21
1.9375 2.613249485155807e-21
1.937744140625 3.019509116768376e-21
1.93798828125 3.166891800618278e-21
1.938232421875 3.290184574771746e-21
1.9384765625 3.596061466643224e-21
1.938720703125 3.886660386879481e-21
1.93896484375 3.855657313670482e-21
1.939208984375 3.57809805050781e-21
1.939453125 3.40082929137992e-21
1.939697265625 3.468345117309214e-21
1.93994140625 3.619597637133586e-21
1.940185546875 3.665074867560019e-21
1.9404296875 3.559109355604712e-21
1.940673828125 3.376041117752371e-21
1.94091796875 3.245408732503617e-21
1.941162109375 3.192279531345134e-21
1.94140625 2.985791364810188e-21
1.941650390625 2.385669083190125e-21
1.94189453125 1.613620082986051e-21
1.942138671875 1.218635380448672e-21
1.9423828125 1.287533428225107e-21
1.942626953125 1.19633558452567e-21
1.94287109375 4.660423333670564e-22
1.943115234375 -5.16596269704419e-22
1.943359375 -1.062484939273252e-21
1.943603515625 -1.148381461080037e-21
1.94384765625 -1.310909814981416e-21
1.944091796875 -1.790795838627789e-21
1.9443359375 -2.331522139986674e-21
1.944580078125 -2.716037207608943e-21
1.94482421875 -2.959620380014238e-21
1.945068359375 -3.004909528233961e-21
1.9453125 -2.752406446231364e-21
1.945556640625 -2.425280785256075e-21
1.94580078125 -2.412801086197734e-21
1.946044921875 -2.682236346829868e-21
1.9462890625 -2.80353581636433e-21
1.946533203125 -2.629693152519313e-21
1.94677734375 -2.474384515208033e-21
1.947021484375 -2.496477622041753e-21
1.947265625 -2.402836875227433e-21
1.947509765625 -1.964382632533781e-21
1.94775390625 -1.366513799315571e-21
1.947998046875 -7.856919622446535e-22
1.9482421875 -5.183288713231265e-23
1.948486328125 9.176516177309418e-22
1.94873046875 1.697690830866207e-21
1.948974609375 1.788637396604012e-21
1.94921875 1.28232913863283e-21
1.949462890625 7.476424550538089e-22
1.94970703125 5.726981771464468e-22
1.949951171875 6.931779908768017e-22
1.9501953125 8.497412430914849e-22
1.950439453125 8.517090733706841e-22
1.95068359375 6.673916799048555e-22
1.950927734375 4.632086343126505e-22
1.951171875 4.854180065877379e-22
1.951416015625 7.727882111501613e-22
1.95166015625 1.111336524143154e-21
1.951904296875 1.359252876808871e-21
1.9521484375 1.576590818742314e-21
1.952392578125 1.699073908915526e-21
1.95263671875 1.434953781928981e-21
1.952880859375 7.900123992277576e-22
1.953125 3.666356020889997e-22
1.953369140625 6.771153686818275e-22
1.95361328125 1.355929801011323e-21
1.953857421875 1.57979785791384e-21
1.9541015625 1.197432554484744e-21
1.954345703125 8.754542831877638e-22
1.95458984375 1.039817249033266e-21
1.954833984375 1.235744626976031e-21
1.955078125 8.264101740463058e-22
1.955322265625 -9.152808458988983e-23
1.95556640625 -8.61431064053004e-22
1.955810546875 -1.113034302519551e-21
1.9560546875 -1.031931938980436e-21
1.956298828125 -8.779497894897235e-22
1.95654296875 -6.283723495038175e-22
1.956787109375 -1.864206710619979e-22
1.95703125 3.292035328071385e-22
1.957275390625 6.885995901220686e-22
1.95751953125 8.325562492485448e-22
1.957763671875 8.768920905752669e-22
1.9580078125 8.563664575681066e-22
1.958251953125 6.416408523399674e-22
1.95849609375 2.010087751997617e-22
1.958740234375 -2.037181898589387e-22
1.958984375 -2.975493359954112e-22
1.959228515625 -2.301252475122726e-22
1.95947265625 -4.663545436434725e-22
1.959716796875 -1.165983370051926e-21
1.9599609375 -1.944942090758673e-21
1.960205078125 -2.410149587434797e-21
1.96044921875 -2.632711460601792e-21
1.960693359375 -2.807425399996161e-21
1.9609375 -2.73601438608485e-21
1.961181640625 -2.121329998444712e-21
1.96142578125 -1.234726488901386e-21
1.961669921875 -7.292958975221116e-22
1.9619140625 -7.3328797069288e-22
1.962158203125 -6.514282181576311e-22
1.96240234375 -3.865095500261451e-23
1.962646484375 8.040617616197155e-22
1.962890625 1.352153095633419e-21
1.963134765625 1.52752105822256e-21
1.96337890625 1.512195004042254e-21
1.963623046875 1.302093125995505e-21
1.9638671875 8.982409622393491e-22
1.964111328125 6.468491854974177e-22
1.96435546875 8.719356892134579e-22
1.964599609375 1.310783586455953e-21
1.96484375 1.388429803278036e-21
1.965087890625 9.906061669517952e-22
1.96533203125 5.480499767006968e-22
1.965576171875 4.043394003232181e-22
1.9658203125 5.065505552657087e-22
1.966064453125 6.865739156965516e-22
1.96630859375 8.337279098507313e-22
1.966552734375 8.01600137030681e-22
1.966796875 5.730064653442807e-22
1.967041015625 5.250391042035102e-22
1.96728515625 1.060261560948535e-21
1.967529296875 1.907288423779596e-21
1.9677734375 2.284207203809637e-21
1.968017578125 1.909332410138952e-21
1.96826171875 1.358553224993359e-21
1.968505859375 1.182442767810395e-21
1.96875 1.146017931848269e-21
1.968994140625 7.051059895241219e-22
1.96923828125 -1.372326433790866e-22
1.969482421875 -8.776856531326267e-22
1.9697265625 -1.197191068643698e-21
1.969970703125 -1.228093406469244e-21
1.97021484375 -1.268192831290824e-21
1.970458984375 -1.498100763972735e-21
1.970703125 -1.855029016172099e-21
1.970947265625 -2.00622189549435e-21
1.97119140625 -1.652165990166416e-21
1.971435546875 -1.019382920045124e-21
1.9716796875 -7.504302897794226e-22
1.971923828125 -1.081430593611211e-21
1.97216796875 -1.488408617805164e-21
1.972412109375 -1.458053614529446e-21
1.97265625 -1.208719979998482e-21
1.972900390625 -1.208413340983421e-21
1.97314453125 -1.365955353671277e-21
1.973388671875 -1.293588219705335e-21
1.9736328125 -1.084866344259439e-21
1.973876953125 -1.135624116914206e-21
1.97412109375 -1.347475207776056e-21
1.974365234375 -1.259389101091332e-21
1.974609375 -9.451186147227088e-22
1.974853515625 -9.864433504230461e-22
1.97509765625 -1.424625284343897e-21
1.975341796875 -1.550680614886634e-21
1.9755859375 -1.064252484653899e-21
1.975830078125 -6.727291048893437e-22
1.97607421875 -9.918351114703493e-22
1.976318359375 -1.474810606216266e-21
1.9765625 -1.172021741201089e-21
1.976806640625 -1.857853756930722e-22
1.97705078125 4.415165507385284e-22
1.977294921875 2.007727130170034e-22
1.9775390625 -2.863622381435532e-22
1.977783203125 -2.982287497673362e-22
1.97802734375 5.105345339878456e-24
1.978271484375 7.434701608810071e-24
1.978515625 -3.873594767250906e-22
1.978759765625 -7.134526229786905e-22
1.97900390625 -7.192987561133006e-22
1.979248046875 -6.761459230647155e-22
1.9794921875 -8.268967936827943e-22
1.979736328125 -9.505557012309288e-22
1.97998046875 -7.452857856697727e-22
1.980224609375 -3.599691787626411e-22
1.98046875 -1.671024455743064e-22
1.980712890625 -1.588672183940511e-22
1.98095703125 -1.284885032111175e-23
1.981201171875 2.835844663333946e-22
1.9814453125 3.986134087066817e-22
1.981689453125 3.483536413530248e-22
1.98193359375 6.410218600584291e-22
1.982177734375 1.429160798881324e-21
1.982421875 2.079982062206298e-21
1.982666015625 2.073349995089552e-21
1.98291015625 1.83960092800192e-21
1.983154296875 2.076838197491297e-21
1.9833984375 2.639975476074742e-21
1.983642578125 2.882127267538224e-21
1.98388671875 2.816008577515336e-21
1.984130859375 3.018110277666871e-21
1.984375 3.467474880881225e-21
1.984619140625 3.473513018800081e-21
1.98486328125 2.896415358295403e-21
1.985107421875 2.460189841466256e-21
1.9853515625 2.524812436766572e-21
1.985595703125 2.487719869936348e-21
1.98583984375 1.921901870885203e-21
1.986083984375 1.440344654738894e-21
1.986328125 1.698216525903147e-21
1.986572265625 2.213736014050332e-21
1.98681640625 2.032930560157373e-21
1.987060546875 1.121646720065223e-21
1.9873046875 2.475620569134009e-22
1.987548828125 -2.391173852406173e-22
1.98779296875 -6.641088090148977e-22
1.988037109375 -1.179758638611892e-21
1.98828125 -1.438818357722707e-21
1.988525390625 -1.190967776678958e-21
1.98876953125 -6.297078932069099e-22
1.989013671875 -7.637165698612293e-23
1.9892578125 2.350420498806217e-22
1.989501953125 8.580715554214091e-23
1.98974609375 -5.351290234323794e-22
1.989990234375 -1.171375909467753e-21
1.990234375 -1.297391019296882e-21
1.990478515625 -9.968482404449983e-22
1.99072265625 -8.184321209731496e-22
1.990966796875 -9.640835437257135e-22
1.9912109375 -1.087458529148908e-21
1.991455078125 -9.467421914414352e-22
1.99169921875 -7.938704888617834e-22
1.991943359375 -9.799230180835989e-22
1.9921875 -1.528426933355194e-21
1.992431640625 -2.203273230022078e-21
1.99267578125 -2.700738460784906e-21
1.992919921875 -2.747119639121344e-21
1.9931640625 -2.343227388417363e-21
1.993408203125 -1.926772313330724e-21
1.99365234375 -1.923165012629725e-21
1.993896484375 -2.124617474835696e-21
1.994140625 -1.938553302866769e-21
1.994384765625 -1.290232840878233e-21
1.99462890625 -7.775401714604137e-22
1.994873046875 -7.799056492832202e-22
1.9951171875 -9.313174989285945e-22
1.995361328125 -7.780683355092497e-22
1.99560546875 -5.191991125985778e-22
1.995849609375 -6.659049665760082e-22
1.99609375 -1.230677332163691e-21
1.996337890625 -1.692818668598956e-21
1.99658203125 -1.673982889329881e-21
1.996826171875 -1.306725371895815e-21
1.9970703125 -9.577520912439552e-22
1.997314453125 -8.370891056588285e-22
1.99755859375 -8.794859195346334e-22
1.997802734375 -8.353018715448654e-22
1.998046875 -4.885018543037687e-22
1.998291015625 9.134326286553739e-23
1.99853515625 5.590537580869479e-22
1.998779296875 6.705403385890634e-22
1.9990234375 5.769234748694588e-22
1.999267578125 5.994121305204615e-22
1.99951171875 7.780663220468611e-22
1.999755859375 8.342106521758857e-22
2 5.757897175208797e-22
2.000244140625 1.343054193543411e-22
2.00048828125 -2.889766206341011e-22
2.000732421875 -7.406853524704349e-22
2.0009765625 -1.387682496845451e-21
2.001220703125 -2.128607561213297e-21
2.00146484375 -2.563433060623899e-21
2.001708984375 -2.439968864979241e-21
2.001953125 -1.965868030405637e-21
2.002197265625 -1.532079645489427e-21
2.00244140625 -1.257649673082861e-21
2.002685546875 -1.005713306865653e-21
2.0029296875 -7.38377691135713e-22
2.003173828125 -5.61465377540776e-22
2.00341796875 -4.296184752041278e-22
2.003662109375 -1.318635108957757e-22
2.00390625 3.386031864044465e-22
2.004150390625 6.961838038764646e-22
2.00439453125 7.888745740080465e-22
2.004638671875 8.419269446965685e-22
2.0048828125 1.09170910364569e-21
2.005126953125 1.42507627247309e-21
2.00537109375 1.60829581963622e-21
2.005615234375 1.665761082311583e-21
2.005859375 1.790647438574111e-21
2.006103515625 2.048644674577682e-21
2.00634765625 2.387582286475138e-21
2.006591796875 2.756057470413351e-21
2.0068359375 2.984410634698935e-21
2.007080078125 2.763075257014992e-21
2.00732421875 2.040865101721765e-21
2.007568359375 1.279889707559089e-21
2.0078125 9.930071544362726e-22
2.008056640625 1.146417946237135e-21
2.00830078125 1.329420457754435e-21
2.008544921875 1.393088647239489e-21
2.0087890625 1.558944534390218e-21
2.009033203125 1.94690516911363e-21
2.00927734375 2.361594642068685e-21
2.009521484375 2.587316859659806e-21
2.009765625 2.607680068320564e-21
2.010009765625 2.477028385660492e-21
2.01025390625 2.206529448408139e-21
2.010498046875 1.840739622174311e-21
2.0107421875 1.478893567297432e-21
2.010986328125 1.178769483046627e-21
2.01123046875 9.506159073070664e-22
2.011474609375 8.332792829926956e-22
2.01171875 8.724512025655875e-22
2.011962890625 1.044964605982062e-21
2.01220703125 1.255565616870962e-21
2.012451171875 1.347230061312326e-21
2.0126953125 1.141127841943439e-21
2.012939453125 6.53830144684383e-22
2.01318359375 2.505726538243633e-22
2.013427734375 2.766723360770372e-22
2.013671875 5.182209906827248e-22
2.013916015625 4.36095678896005e-22
2.01416015625 4.46446190800799e-24
2.014404296875 -2.215032708811071e-22
2.0146484375 -6.008048112696228e-23
2.014892578125 -7.41606528568934e-23
2.01513671875 -6.032653867880571e-22
2.015380859375 -1.095010619401514e-21
2.015625 -9.917254416845358e-22
2.015869140625 -6.639475941142186e-22
2.01611328125 -6.933139266956486e-22
2.016357421875 -7.667209822930168e-22
2.0166015625 -2.489922715744066e-22
2.016845703125 5.057051958019593e-22
2.01708984375 5.113530692244917e-22
2.017333984375 -2.925163021580279e-22
2.017578125 -9.268280531619355e-22
2.017822265625 -8.986692604920123e-22
2.01806640625 -8.095721732606163e-22
2.018310546875 -1.202579615912115e-21
2.0185546875 -1.75590053508368e-21
2.018798828125 -2.001364370235444e-21
2.01904296875 -2.023227968990661e-21
2.019287109375 -2.001438732379415e-21
2.01953125 -1.758935508800393e-21
2.019775390625 -1.221176030701364e-21
2.02001953125 -7.355343699259514e-22
2.020263671875 -5.089365836494111e-22
2.0205078125 -2.644010710627464e-22
2.020751953125 1.549997287215938e-22
2.02099609375 3.808689349715059e-22
2.021240234375 1.363208452775693e-22
2.021484375 -2.316925600685113e-22
2.021728515625 -2.557572947012092e-22
2.02197265625 4.68332091891894e-23
2.022216796875 4.366236447214052e-22
2.0224609375 8.643038896017138e-22
2.022705078125 1.234658734396362e-21
2.02294921875 1.199450842632108e-21
2.023193359375 6.113016998866271e-22
2.0234375 -1.535083204249948e-22
2.023681640625 -6.505348979925548e-22
2.02392578125 -8.013101668029382e-22
2.024169921875 -6.605508034482441e-22
2.0244140625 -2.317561933993527e-22
2.024658203125 2.438077462394709e-22
2.02490234375 3.827164841517237e-22
2.025146484375 3.319437458775841e-22
2.025390625 6.952398803263535e-22
2.025634765625 1.440894547178446e-21
2.02587890625 1.673721593698414e-21
2.026123046875 1.043067040982997e-21
2.0263671875 5.341552079996941e-22
2.026611328125 1.028141498623739e-21
2.02685546875 1.812871260230725e-21
2.027099609375 1.605905099001474e-21
2.02734375 5.533623792585685e-22
2.027587890625 -2.605479620094263e-23
2.02783203125 3.035183979337978e-22
2.028076171875 5.526830094164578e-22
2.0283203125 -3.721347756322067e-23
2.028564453125 -9.055020119051637e-22
2.02880859375 -1.142572359413561e-21
2.029052734375 -7.147046663274916e-22
2.029296875 -2.385095271813284e-22
2.029541015625 -1.14637093453182e-22
2.02978515625 -3.218117582135011e-22
2.030029296875 -6.52975882139019e-22
2.0302734375 -8.015356250341708e-22
2.030517578125 -5.441366248740016e-22
2.03076171875 -1.064864537377864e-22
2.031005859375 -3.532015530252799e-23
2.03125 -4.824753538923089e-22
2.031494140625 -9.424804890002889e-22
2.03173828125 -9.49826857071621e-22
2.031982421875 -7.279551236654256e-22
2.0322265625 -8.323759570521233e-22
2.032470703125 -1.366652216613104e-21
2.03271484375 -1.908862951463817e-21
2.032958984375 -2.156534980017252e-21
2.033203125 -2.317051257636932e-21
2.033447265625 -2.720693561051542e-21
2.03369140625 -3.212806405207732e-21
2.033935546875 -3.206669714107899e-21
2.0341796875 -2.458087729507101e-21
2.034423828125 -1.564013687283013e-21
2.03466796875 -1.349627887720779e-21
2.034912109375 -1.828952634247861e-21
2.03515625 -2.229778590046946e-21
2.035400390625 -2.116628762367306e-21
2.03564453125 -1.914287322407197e-21
2.035888671875 -2.040740966620225e-21
2.0361328125 -2.151343467915072e-21
2.036376953125 -1.810969548322434e-21
2.03662109375 -1.409723205539953e-21
2.036865234375 -1.633249955209435e-21
2.037109375 -2.297259082410084e-21
2.037353515625 -2.531611043295949e-21
2.03759765625 -2.032255445591024e-21
2.037841796875 -1.335079503735131e-21
2.0380859375 -8.430507709799841e-22
2.038330078125 -4.056920502733132e-22
2.03857421875 -7.181026844692611e-24
2.038818359375 -4.088299459419999e-23
2.0390625 -5.584084567267837e-22
2.039306640625 -9.477322079042662e-22
2.03955078125 -7.911676684812991e-22
2.039794921875 -4.745799987707066e-22
2.0400390625 -5.00431220682038e-22
2.040283203125 -7.041954688762932e-22
2.04052734375 -6.389561147153833e-22
2.040771484375 -3.027246095259685e-22
2.041015625 3.913869787924854e-23
2.041259765625 4.03836943698036e-22
2.04150390625 9.216165560903587e-22
2.041748046875 1.374298922984036e-21
2.0419921875 1.432393736052811e-21
2.042236328125 1.186881870067333e-21
2.04248046875 9.859992042916024e-22
2.042724609375 9.099071282262502e-22
2.04296875 8.585041408753458e-22
2.043212890625 9.818737253613551e-22
2.04345703125 1.50805556878704e-21
2.043701171875 2.244471695177497e-21
2.0439453125 2.759224012631295e-21
2.044189453125 2.994889130103229e-21
2.04443359375 3.194956478661432e-21
2.044677734375 3.292452836138945e-21
2.044921875 2.98920932081211e-21
2.045166015625 2.486745083531392e-21
2.04541015625 2.448028585151705e-21
2.045654296875 2.981100616668415e-21
2.0458984375 3.296122221476034e-21
2.046142578125 2.799033424532179e-21
2.04638671875 2.011561009717114e-21
2.046630859375 1.844738647739457e-21
2.046875 2.297060856222628e-21
2.047119140625 2.501476524121957e-21
2.04736328125 1.941771533770859e-21
2.047607421875 1.044376781267967e-21
2.0478515625 5.264379432093096e-22
2.048095703125 6.203472760239447e-22
2.04833984375 1.04919993658953e-21
2.048583984375 1.408004014504148e-21
2.048828125 1.437991971236458e-21
2.049072265625 1.180868770424071e-21
2.04931640625 9.486112024355318e-22
2.049560546875 9.491603996844879e-22
2.0498046875 9.734629959878828e-22
2.050048828125 7.096465806514377e-22
2.05029296875 2.621814085366487e-22
2.050537109375 -5.571255674171243e-23
2.05078125 -3.821135485520164e-22
2.051025390625 -1.170740906681936e-21
2.05126953125 -2.275069904311911e-21
2.051513671875 -2.824776468134687e-21
2.0517578125 -2.383712360516917e-21
2.052001953125 -1.661388927295806e-21
2.05224609375 -1.54596479332457e-21
2.052490234375 -1.89476286843239e-21
2.052734375 -1.94837856712568e-21
2.052978515625 -1.617963921591992e-21
2.05322265625 -1.561242321825361e-21
2.053466796875 -2.054379211666609e-21
2.0537109375 -2.575447409000913e-21
2.053955078125 -2.6655119386866e-21
2.05419921875 -2.548148757362669e-21
2.054443359375 -2.609665383296434e-21
2.0546875 -2.769196572876124e-21
2.054931640625 -2.71210207682177e-21
2.05517578125 -2.414290471034469e-21
2.055419921875 -2.114003052530335e-21
2.0556640625 -1.951756383383199e-21
2.055908203125 -1.84373026566598e-21
2.05615234375 -1.581210674959231e-21
2.056396484375 -1.000700379697336e-21
2.056640625 -2.517220020513875e-22
2.056884765625 1.389874799697896e-22
2.05712890625 -1.955659692896203e-22
2.057373046875 -8.61258523448151e-22
2.0576171875 -1.053099251073131e-21
2.057861328125 -5.670239032697531e-22
2.05810546875 2.261525667181173e-24
2.058349609375 1.920933769488109e-22
2.05859375 2.630518503795442e-22
2.058837890625 6.009672263890431e-22
2.05908203125 1.055366000032569e-21
2.059326171875 1.290966784730592e-21
2.0595703125 1.393841752931098e-21
2.059814453125 1.643910221434388e-21
2.06005859375 1.945155474723503e-21
2.060302734375 1.947031230955199e-21
2.060546875 1.588808136074116e-21
2.060791015625 1.155205929125401e-21
2.06103515625 9.178431260745978e-22
2.061279296875 1.011643881061209e-21
2.0615234375 1.481777955647446e-21
2.061767578125 2.141556133997132e-21
2.06201171875 2.571794478239607e-21
2.062255859375 2.58890344813221e-21
2.0625 2.540884713213024e-21
2.062744140625 2.820939944849127e-21
2.06298828125 3.281767974349602e-21
2.063232421875 3.485476552862221e-21
2.0634765625 3.348854902557336e-21
2.063720703125 3.14879191875729e-21
2.06396484375 3.036392270829864e-21
2.064208984375 2.954080366349179e-21
2.064453125 2.922280320390779e-21
2.064697265625 2.991730606893981e-21
2.06494140625 2.983601920309691e-21
2.065185546875 2.683140455624692e-21
2.0654296875 2.237332332674271e-21
2.065673828125 1.950453188788375e-21
2.06591796875 1.726367668012353e-21
2.066162109375 1.169995009583083e-21
2.06640625 2.87824855851819e-22
2.066650390625 -3.585295627571382e-22
2.06689453125 -3.485026943137885e-22
2.067138671875 8.807104600819808e-23
2.0673828125 4.223765261520586e-22
2.067626953125 4.304359549325129e-22
2.06787109375 2.959434069037678e-22
2.068115234375 2.980940416661765e-22
2.068359375 5.170472038712183e-22
2.068603515625 7.472224683007097e-22
2.06884765625 6.992345760108289e-22
2.069091796875 4.036529293674681e-22
2.0693359375 3.103498939852463e-22
2.069580078125 7.631735296255418e-22
2.06982421875 1.488694957769969e-21
2.070068359375 1.927892189823672e-21
2.0703125 2.004850937430376e-21
2.070556640625 2.153973581929012e-21
2.07080078125 2.538741283143109e-21
2.071044921875 2.685648088007888e-21
2.0712890625 2.116514928390075e-21
2.071533203125 1.037309945658071e-21
2.07177734375 1.319427435492794e-22
2.072021484375 -1.563133748994962e-22
2.072265625 7.044149854495417e-23
2.072509765625 4.270191253827368e-22
2.07275390625 5.83743417675255e-22
2.072998046875 4.098281618370402e-22
2.0732421875 -9.538098316117763e-24
2.073486328125 -4.523074612187068e-22
2.07373046875 -7.472518342477799e-22
2.073974609375 -9.269749278983183e-22
2.07421875 -1.161550203113577e-21
2.074462890625 -1.500770335878472e-21
2.07470703125 -1.699186897599147e-21
2.074951171875 -1.415034756654051e-21
2.0751953125 -7.007274927860612e-22
2.075439453125 -1.907285337462319e-22
2.07568359375 -5.344679901475355e-22
2.075927734375 -1.620542524560767e-21
2.076171875 -2.666817992567895e-21
2.076416015625 -3.181452406091534e-21
2.07666015625 -3.477958314369871e-21
2.076904296875 -4.01610025455529e-21
2.0771484375 -4.617089898537891e-21
2.077392578125 -4.744060595611022e-21
2.07763671875 -4.29912817676829e-21
2.077880859375 -3.655382464231621e-21
2.078125 -3.038254635533449e-21
2.078369140625 -2.377214946005166e-21
2.07861328125 -1.726976495035767e-21
2.078857421875 -1.341462461116282e-21
2.0791015625 -1.288866424634499e-21
2.079345703125 -1.433964084089004e-21
2.07958984375 -1.834808069520813e-21
2.079833984375 -2.657686211904678e-21
2.080078125 -3.583281410164197e-21
2.080322265625 -3.848284763567913e-21
2.08056640625 -3.192801930494825e-21
2.080810546875 -2.348616098625475e-21
2.0810546875 -2.188270188292837e-21
2.081298828125 -2.660560629473251e-21
2.08154296875 -2.974300989337181e-21
2.081787109375 -2.668151887006327e-21
2.08203125 -2.069555294091428e-21
2.082275390625 -1.707595007303678e-21
2.08251953125 -1.655809501266752e-21
2.082763671875 -1.613060951628563e-21
2.0830078125 -1.414453948264307e-21
2.083251953125 -1.237865836267719e-21
2.08349609375 -1.330940447947496e-21
2.083740234375 -1.704218077543674e-21
2.083984375 -2.187541225496908e-21
2.084228515625 -2.691842139942525e-21
2.08447265625 -3.233728240194167e-21
2.084716796875 -3.704894872058932e-21
2.0849609375 -3.857452806734264e-21
2.085205078125 -3.644123791174368e-21
2.08544921875 -3.358840506130152e-21
2.085693359375 -3.239248127606362e-21
2.0859375 -3.116761034887308e-21
2.086181640625 -2.718571367708228e-21
2.08642578125 -2.149722195821174e-21
2.086669921875 -1.740814635522351e-21
2.0869140625 -1.518443224951946e-21
2.087158203125 -1.205633279520846e-21
2.08740234375 -7.312558274144198e-22
2.087646484375 -3.601841861817005e-22
2.087890625 -2.605038432109618e-22
2.088134765625 -2.820503664949698e-22
2.08837890625 -2.486166722776217e-22
2.088623046875 -1.462558551525362e-22
2.0888671875 8.966016833904123e-23
2.089111328125 6.560705344314399e-22
2.08935546875 1.574287881978797e-21
2.089599609375 2.531152462026204e-21
2.08984375 3.179144308665933e-21
2.090087890625 3.416390231285543e-21
2.09033203125 3.293319674984871e-21
2.090576171875 2.875845484326051e-21
2.0908203125 2.305410770820071e-21
2.091064453125 1.778603856078329e-21
2.09130859375 1.376964324439578e-21
2.091552734375 1.110494295461217e-21
2.091796875 1.119571876895467e-21
2.092041015625 1.501885203378395e-21
2.09228515625 1.908439854562261e-21
2.092529296875 1.769521725924443e-21
2.0927734375 1.113897766720431e-21
2.093017578125 7.115880318989225e-22
2.09326171875 1.084985957823863e-21
2.093505859375 1.783414250299111e-21
2.09375 2.055911699230419e-21
2.093994140625 1.885740730009308e-21
2.09423828125 1.806119128619941e-21
2.094482421875 1.9232883197777e-21
2.0947265625 1.790522142740034e-21
2.094970703125 1.249491975810211e-21
2.09521484375 7.512191859753697e-22
2.095458984375 6.397511499595951e-22
2.095703125 6.506797504836664e-22
2.095947265625 4.45465497880207e-22
2.09619140625 2.119252060940884e-22
2.096435546875 2.834229782215431e-22
2.0966796875 4.497773875997139e-22
2.096923828125 2.176603884224199e-22
2.09716796875 -2.935695237843613e-22
2.097412109375 -3.034007937073811e-22
2.09765625 5.641305135048075e-22
2.097900390625 1.623366403813528e-21
2.09814453125 1.937570380830036e-21
2.098388671875 1.515095777474473e-21
2.0986328125 1.20059627664832e-21
2.098876953125 1.466742293328728e-21
2.09912109375 1.881759104937798e-21
2.099365234375 1.913991669300277e-21
2.099609375 1.70402644500524e-21
2.099853515625 1.639522440558027e-21
2.10009765625 1.577499947158281e-21
2.100341796875 1.087113913839125e-21
2.1005859375 3.252335382115038e-22
2.100830078125 5.048201866397771e-23
2.10107421875 6.442282534682564e-22
2.101318359375 1.591772606687697e-21
2.1015625 2.161508819884389e-21
2.101806640625 2.252107201274821e-21
2.10205078125 2.29744480920999e-21
2.102294921875 2.572351060168723e-21
2.1025390625 2.893754806948353e-21
2.102783203125 2.930663814867674e-21
2.10302734375 2.61008540175559e-21
2.103271484375 2.22729206706909e-21
2.103515625 2.204317660299297e-21
2.103759765625 2.646451688316123e-21
2.10400390625 3.126845831868655e-21
2.104248046875 3.091873450249103e-21
2.1044921875 2.527722238157904e-21
2.104736328125 2.004431791554215e-21
2.10498046875 1.972051676277283e-21
2.105224609375 2.273972586551727e-21
2.10546875 2.526456720638738e-21
2.105712890625 2.713751288941725e-21
2.10595703125 3.102143638183325e-21
2.106201171875 3.699343566817146e-21
2.1064453125 4.137646133860035e-21
2.106689453125 4.127908888100059e-21
2.10693359375 3.80262138933789e-21
2.107177734375 3.514321445837962e-21
2.107421875 3.397920994423676e-21
2.107666015625 3.217978113343749e-21
2.10791015625 2.658135319893865e-21
2.108154296875 1.750117875709431e-21
2.1083984375 9.346657574542584e-22
2.108642578125 5.794776714643764e-22
2.10888671875 4.941497693550823e-22
2.109130859375 1.421693153515054e-22
2.109375 -6.385033049311263e-22
2.109619140625 -1.381209930213241e-21
2.10986328125 -1.572726661985573e-21
2.110107421875 -1.255231861931464e-21
2.1103515625 -8.754383766208821e-22
2.110595703125 -7.405220439570621e-22
2.11083984375 -8.381254661202643e-22
2.111083984375 -1.020783483828464e-21
2.111328125 -1.111646219818918e-21
2.111572265625 -9.460200367297582e-22
2.11181640625 -5.752226231335472e-22
2.112060546875 -3.606018054556671e-22
2.1123046875 -6.073184416194647e-22
2.112548828125 -1.141540498252966e-21
2.11279296875 -1.504031036028044e-21
2.113037109375 -1.553469021843346e-21
2.11328125 -1.611856440002704e-21
2.113525390625 -1.95707805960401e-21
2.11376953125 -2.418292637106122e-21
2.114013671875 -2.614509008066613e-21
2.1142578125 -2.443346354323437e-21
2.114501953125 -2.169918757565745e-21
2.11474609375 -2.066896560612858e-21
2.114990234375 -2.084239008144922e-21
2.115234375 -1.935996896666281e-21
2.115478515625 -1.50761620869492e-21
2.11572265625 -1.08738870414883e-21
2.115966796875 -1.063149889860936e-21
2.1162109375 -1.409633316764435e-21
2.116455078125 -1.681876915794684e-21
2.11669921875 -1.59244825682329e-21
2.116943359375 -1.374014414650883e-21
2.1171875 -1.415771764294555e-21
2.117431640625 -1.757348834970327e-21
2.11767578125 -2.16371058273813e-21
2.117919921875 -2.48794853411331e-21
2.1181640625 -2.646770472092067e-21
2.118408203125 -2.405141229016679e-21
2.11865234375 -1.597153356964243e-21
2.118896484375 -5.285885408328826e-22
2.119140625 2.182607674328253e-22
2.119384765625 3.939611677508357e-22
2.11962890625 1.547893521892502e-22
2.119873046875 -4.251784746833738e-22
2.1201171875 -1.421073017401163e-21
2.120361328125 -2.551963548374865e-21
2.12060546875 -3.173467790735401e-21
2.120849609375 -3.080226215015031e-21
2.12109375 -2.856649914561769e-21
2.121337890625 -3.034481119395847e-21
2.12158203125 -3.307845914962381e-21
2.121826171875 -3.105083686804708e-21
2.1220703125 -2.622844436297382e-21
2.122314453125 -2.599295221869309e-21
2.12255859375 -3.121733171430291e-21
2.122802734375 -3.372346084532204e-21
2.123046875 -2.775048753753633e-21
2.123291015625 -1.824258760570476e-21
2.12353515625 -1.380909959730891e-21
2.123779296875 -1.516913745413911e-21
2.1240234375 -1.543875441515565e-21
2.124267578125 -1.051407513916317e-21
2.12451171875 -4.378346251096194e-22
2.124755859375 -3.04969960213888e-22
2.125 -6.707732071318643e-22
2.125244140625 -1.05661797193296e-21
2.12548828125 -1.222935576619172e-21
2.125732421875 -1.472089566337045e-21
2.1259765625 -2.092146635224918e-21
2.126220703125 -2.774452233385245e-21
2.12646484375 -2.93518690532801e-21
2.126708984375 -2.528465249142921e-21
2.126953125 -2.071686219489962e-21
2.127197265625 -1.739817895915194e-21
2.12744140625 -9.826783226611962e-22
2.127685546875 5.117365795235969e-22
2.1279296875 1.909744681139609e-21
2.128173828125 2.026210660245019e-21
2.12841796875 9.270235977341084e-22
2.128662109375 -1.86395505996084e-23
2.12890625 1.702472966586445e-22
2.129150390625 1.037868932890374e-21
2.12939453125 1.616792113676535e-21
2.129638671875 1.69993590485866e-21
2.1298828125 1.650994313200238e-21
2.130126953125 1.498458376016427e-21
2.13037109375 9.667871528503206e-22
2.130615234375 1.66447302943172e-22
2.130859375 -4.647594702373761e-22
2.131103515625 -8.578024927568579e-22
2.13134765625 -1.321495636162765e-21
2.131591796875 -1.821787910508407e-21
2.1318359375 -1.851601242531038e-21
2.132080078125 -1.182970782038506e-21
2.13232421875 -2.519613857365303e-22
2.132568359375 4.225897587400483e-22
2.1328125 7.933243481498561e-22
2.133056640625 1.035736714536626e-21
2.13330078125 1.139352020975213e-21
2.133544921875 1.050599515512059e-21
2.1337890625 9.269888849925251e-22
2.134033203125 9.145463756865266e-22
2.13427734375 8.523246476701549e-22
2.134521484375 4.901641775738777e-22
2.134765625 -1.187728707796381e-22
2.135009765625 -6.818783263880259e-22
2.13525390625 -1.017878133377951e-21
2.135498046875 -1.133480551844529e-21
2.1357421875 -1.063061785732912e-21
2.135986328125 -8.669891989023957e-22
2.13623046875 -7.201792972289777e-22
2.136474609375 -7.640786062593009e-22
2.13671875 -8.760120451481657e-22
2.136962890625 -7.830799120107509e-22
2.13720703125 -4.349187554295261e-22
2.137451171875 -1.106331866829043e-22
2.1376953125 -1.036015904252398e-22
2.137939453125 -4.004697348033726e-22
2.13818359375 -7.234546324991945e-22
2.138427734375 -8.257703479260093e-22
2.138671875 -6.877392495167017e-22
2.138916015625 -4.40537222274912e-22
2.13916015625 -1.6039865610427e-22
2.139404296875 1.99681586678279e-22
2.1396484375 6.805498831304086e-22
2.139892578125 1.220792147329635e-21
2.14013671875 1.753117098073455e-21
2.140380859375 2.294283789476466e-21
2.140625 2.821010163067705e-21
2.140869140625 3.150454307885765e-21
2.14111328125 3.120298528686963e-21
2.141357421875 2.83745986536453e-21
2.1416015625 2.562398258401868e-21
2.141845703125 2.391807791495388e-21
2.14208984375 2.272170907928432e-21
2.142333984375 2.274913694052031e-21
2.142578125 2.5406692549041e-21
2.142822265625 2.900384893440995e-21
2.14306640625 2.897640504295725e-21
2.143310546875 2.373177005299835e-21
2.1435546875 1.762520426075004e-21
2.143798828125 1.58141712365768e-21
2.14404296875 1.817760206236799e-21
2.144287109375 2.090357767868246e-21
2.14453125 2.248745512689727e-21
2.144775390625 2.491378904658543e-21
2.14501953125 2.926236676322235e-21
2.145263671875 3.332735036411042e-21
2.1455078125 3.467919596223919e-21
2.145751953125 3.403654076065197e-21
2.14599609375 3.393389005672048e-21
2.146240234375 3.488250542469216e-21
2.146484375 3.450172827484316e-21
2.146728515625 3.056445700222452e-21
2.14697265625 2.346797121037405e-21
2.147216796875 1.488386323440038e-21
2.1474609375 5.457260416153592e-22
2.147705078125 -4.061610587412103e-22
2.14794921875 -1.034408191043555e-21
2.148193359375 -9.763225454918962e-22
2.1484375 -4.096282706789115e-22
2.148681640625 -2.50866139430663e-23
2.14892578125 -1.943369345291233e-22
2.149169921875 -5.046996862850197e-22
2.1494140625 -4.447834995085868e-22
2.149658203125 -1.845178633580158e-22
2.14990234375 -1.691984181203314e-22
2.150146484375 -2.402804214949872e-22
2.150390625 1.486353451236439e-22
2.150634765625 9.552711287858489e-22
2.15087890625 1.543476783616708e-21
2.151123046875 1.705166717939038e-21
2.1513671875 1.910780635976201e-21
2.151611328125 2.330476619780964e-21
2.15185546875 2.38697515133266e-21
2.152099609375 1.689408695011971e-21
2.15234375 7.30835199864365e-22
2.152587890625 1.36583074191702e-22
2.15283203125 -2.009434294937934e-22
2.153076171875 -6.519755238661536e-22
2.1533203125 -1.033734831288672e-21
2.153564453125 -9.567870117929753e-22
2.15380859375 -6.00641763832834e-22
2.154052734375 -4.087442044207134e-22
2.154296875 -2.737006295127994e-22
2.154541015625 2.187180750603902e-22
2.15478515625 8.862096265756891e-22
2.155029296875 1.069474106313709e-21
2.1552734375 6.613420739984689e-22
2.155517578125 3.014682032929099e-22
2.15576171875 4.256138835079205e-22
2.156005859375 7.485257321527095e-22
2.15625 8.784721507014275e-22
2.156494140625 8.875448139298638e-22
2.15673828125 9.950323131020093e-22
2.156982421875 1.097977377834351e-21
2.1572265625 9.089888294329975e-22
2.157470703125 3.251248468969192e-22
2.15771484375 -5.032009554135582e-22
2.157958984375 -1.284021037876345e-21
2.158203125 -1.726841135141711e-21
2.158447265625 -1.790340683019318e-21
2.15869140625 -1.749022391187672e-21
2.158935546875 -1.772272158173802e-21
2.1591796875 -1.601270450481605e-21
2.159423828125 -1.034438500431061e-21
2.15966796875 -5.249028622736363e-22
2.159912109375 -6.755914348508113e-22
2.16015625 -1.214045054003409e-21
2.160400390625 -1.222469383467015e-21
2.16064453125 -5.077862062412719e-22
2.160888671875 5.377638429131758e-23
2.1611328125 -1.455484304588384e-22
2.161376953125 -5.581057715771945e-22
2.16162109375 -4.834141441728927e-22
2.161865234375 -2.64623236670786e-22
2.162109375 -6.889708615934757e-22
2.162353515625 -1.62635796938168e-21
2.16259765625 -2.163898198463627e-21
2.162841796875 -1.975751687299704e-21
2.1630859375 -1.729921863809874e-21
2.163330078125 -2.022889790315984e-21
2.16357421875 -2.588233675933096e-21
2.163818359375 -2.809890824845733e-21
2.1640625 -2.532906887232308e-21
2.164306640625 -2.105087429153097e-21
2.16455078125 -1.962702730096616e-21
2.164794921875 -2.36601795532787e-21
2.1650390625 -3.210460180115673e-21
2.165283203125 -3.915523678825331e-21
2.16552734375 -3.846791447199588e-21
2.165771484375 -3.080154851000092e-21
2.166015625 -2.423085019570292e-21
2.166259765625 -2.413939747396876e-21
2.16650390625 -2.646944079785679e-21
2.166748046875 -2.463461123097241e-21
2.1669921875 -1.975493037020107e-21
2.167236328125 -1.822792201538484e-21
2.16748046875 -2.070505084729835e-21
2.167724609375 -2.067412049900047e-21
2.16796875 -1.549335883805063e-21
2.168212890625 -1.199702075142119e-21
2.16845703125 -1.664489639254846e-21
2.168701171875 -2.495845452932124e-21
2.1689453125 -2.704244354219278e-21
2.169189453125 -2.132099031195601e-21
2.16943359375 -1.587995192408046e-21
2.169677734375 -1.594973910128368e-21
2.169921875 -1.690980420697035e-21
2.170166015625 -1.273692105341886e-21
2.17041015625 -5.997482434258078e-22
2.170654296875 -4.1871854325665e-22
2.1708984375 -8.567483398086493e-22
2.171142578125 -1.198572097572651e-21
2.17138671875 -7.857052870064657e-22
2.171630859375 2.697795070903261e-22
2.171875 1.366383695395678e-21
2.172119140625 2.094226713993858e-21
2.17236328125 2.451741769187538e-21
2.172607421875 2.58824737258599e-21
2.1728515625 2.601591279399172e-21
2.173095703125 2.601873373108771e-21
2.17333984375 2.778730524257332e-21
2.173583984375 3.232362865096945e-21
2.173828125 3.742608203235605e-21
2.174072265625 3.876949399359851e-21
2.17431640625 3.462375349598527e-21
2.174560546875 2.845802383822345e-21
2.1748046875 2.485266355168991e-21
2.175048828125 2.341485070716293e-21
2.17529296875 1.957344485913392e-21
2.175537109375 1.175763046550478e-21
2.17578125 4.474509070152909e-22
2.176025390625 2.507650033842416e-22
2.17626953125 4.854048747466411e-22
2.176513671875 6.94102701178796e-22
2.1767578125 6.687417972138146e-22
2.177001953125 5.426884759313008e-22
2.17724609375 4.4682677958262e-22
2.177490234375 4.067979506960933e-22
2.177734375 4.883203912800132e-22
2.177978515625 7.074857519289283e-22
2.17822265625 8.32002514323841e-22
2.178466796875 5.953247163166468e-22
2.1787109375 1.057485048019067e-22
2.178955078125 -2.777380520984083e-22
2.17919921875 -4.900290348571849e-22
2.179443359375 -8.17493519225763e-22
2.1796875 -1.330303518533953e-21
2.179931640625 -1.660605577542455e-21
2.18017578125 -1.577012450450219e-21
2.180419921875 -1.433665416781998e-21
2.1806640625 -1.677748576457184e-21
2.180908203125 -2.112590611628403e-21
2.18115234375 -2.092673797939535e-21
2.181396484375 -1.439001185790325e-21
2.181640625 -7.437876394169266e-22
2.181884765625 -6.082286484727137e-22
2.18212890625 -8.960521625274436e-22
2.182373046875 -1.009089891561016e-21
2.1826171875 -6.946122655481289e-22
2.182861328125 -2.307638500242387e-22
2.18310546875 1.115588650737883e-22
2.183349609375 3.821340021075746e-22
2.18359375 6.284184667403669e-22
2.183837890625 6.479124991056107e-22
2.18408203125 3.352552113338437e-22
2.184326171875 1.343623544885066e-24
2.1845703125 -2.182054478590989e-24
2.184814453125 2.052535720960368e-22
2.18505859375 2.785247091454924e-22
2.185302734375 2.604562601000263e-22
2.185546875 4.792205726457071e-22
2.185791015625 8.800653044517568e-22
2.18603515625 9.986673951379083e-22
2.186279296875 6.913308423563406e-22
2.1865234375 3.512980963605881e-22
2.186767578125 2.093616120500852e-22
2.18701171875 -2.256152815249029e-23
2.187255859375 -5.016407755820344e-22
2.1875 -8.167919615223486e-22
2.187744140625 -6.781078838799915e-22
2.18798828125 -5.384924296314713e-22
2.188232421875 -8.91679654648337e-22
2.1884765625 -1.341446649771386e-21
2.188720703125 -1.154065679284889e-21
2.18896484375 -5.311412843886197e-22
2.189208984375 -4.501148521746861e-22
2.189453125 -1.190736584474697e-21
2.189697265625 -1.884037794577373e-21
2.18994140625 -1.80803346784338e-21
2.190185546875 -1.361874418346153e-21
2.1904296875 -1.2686299218119e-21
2.190673828125 -1.428096036465491e-21
2.19091796875 -1.226471735019012e-21
2.191162109375 -6.260966103251736e-22
2.19140625 -2.214093380508378e-22
2.191650390625 -2.826301259502781e-22
2.19189453125 -3.851390972054073e-22
2.192138671875 -1.380561245766431e-22
2.1923828125 1.984690125802263e-22
2.192626953125 1.08669028413908e-22
2.19287109375 -4.328209499833717e-22
2.193115234375 -9.123722989097826e-22
2.193359375 -8.922903939946622e-22
2.193603515625 -4.419193583966743e-22
2.19384765625 6.070925311458878e-23
2.194091796875 3.850223520195276e-22
2.1943359375 6.047665503630443e-22
2.194580078125 8.771079012745512e-22
2.19482421875 1.209769074632037e-21
2.195068359375 1.501436046458262e-21
2.1953125 1.732954517880015e-21
2.195556640625 2.008789399849093e-21
2.19580078125 2.397226307186097e-21
2.196044921875 2.808336547618041e-21
2.1962890625 3.082643088892776e-21
2.196533203125 3.166965563965021e-21
2.19677734375 3.143257420449904e-21
2.197021484375 3.08322464578885e-21
2.197265625 2.943259296375563e-21
2.197509765625 2.661311707760122e-21
2.19775390625 2.311628668393982e-21
2.197998046875 2.048026462251698e-21
2.1982421875 1.882044827717782e-21
2.198486328125 1.663266104555308e-21
2.19873046875 1.359614504379495e-21
2.198974609375 1.201384571678166e-21
2.19921875 1.389552558771681e-21
2.199462890625 1.792965623684962e-21
2.19970703125 2.147225713617738e-21
2.199951171875 2.439822929738116e-21
2.2001953125 2.817113566074616e-21
2.200439453125 3.188364386709281e-21
2.20068359375 3.291466647321746e-21
2.200927734375 3.173817727177534e-21
2.201171875 3.204244816065335e-21
2.201416015625 3.470944134239566e-21
2.20166015625 3.555458660802677e-21
2.201904296875 3.144299227110809e-21
2.2021484375 2.534597015579331e-21
2.202392578125 2.218285475442203e-21
2.20263671875 2.210459754335677e-21
2.202880859375 2.140879918033765e-21
2.203125 1.85965134840047e-21
2.203369140625 1.599499727120571e-21
2.20361328125 1.578081915853332e-21
2.203857421875 1.714286437867915e-21
2.2041015625 1.753073838092168e-21
2.204345703125 1.513318340486486e-21
2.20458984375 1.036514261181166e-21
2.204833984375 5.787731410203618e-22
2.205078125 3.613162868825903e-22
2.205322265625 2.692126760314943e-22
2.20556640625 -2.504440106116596e-23
2.205810546875 -5.705709080840656e-22
2.2060546875 -1.03848472437923e-21
2.206298828125 -1.242792450443799e-21
2.20654296875 -1.43073419669155e-21
2.206787109375 -1.822262237929004e-21
2.20703125 -2.200163673197762e-21
2.207275390625 -2.293568217274792e-21
2.20751953125 -2.261878748861879e-21
2.207763671875 -2.373181020357938e-21
2.2080078125 -2.449071354560951e-21
2.208251953125 -2.137769351805132e-21
2.20849609375 -1.605889721661161e-21
2.208740234375 -1.417332656840888e-21
2.208984375 -1.713074256295277e-21
2.209228515625 -1.997892512868858e-21
2.20947265625 -1.856045218521006e-21
2.209716796875 -1.487830397386062e-21
2.2099609375 -1.366210338238543e-21
2.210205078125 -1.638084377876861e-21
2.21044921875 -2.049210116845823e-21
2.210693359375 -2.319714980891085e-21
2.2109375 -2.463610385115809e-21
2.211181640625 -2.748257267586121e-21
2.21142578125 -3.317268562562495e-21
2.211669921875 -3.884823760232489e-21
2.2119140625 -4.013190034632939e-21
2.212158203125 -3.74002491168873e-21
2.21240234375 -3.583853622286204e-21
2.212646484375 -3.73582205094159e-21
2.212890625 -3.660988453523676e-21
2.213134765625 -2.882421507234984e-21
2.21337890625 -1.788411934728515e-21
2.213623046875 -1.13193673752285e-21
2.2138671875 -9.937000547422533e-22
2.214111328125 -8.462907065491966e-22
2.21435546875 -4.856974205309943e-22
2.214599609375 -2.417711920458359e-22
2.21484375 -2.960874174188129e-22
2.215087890625 -4.398752889789794e-22
2.21533203125 -5.88511802375958e-22
2.215576171875 -9.414092601512216e-22
2.2158203125 -1.486632084214047e-21
2.216064453125 -1.87902234326154e-21
2.21630859375 -1.975711139059572e-21
2.216552734375 -1.998839193264077e-21
2.216796875 -2.000104833304988e-21
2.217041015625 -1.672891033446611e-21
2.21728515625 -9.339908897038322e-22
2.217529296875 -2.321539077987005e-22
2.2177734375 1.008388408486649e-23
2.218017578125 -9.774490845692933e-23
2.21826171875 -2.056239570283654e-22
2.218505859375 -1.864436521461893e-22
2.21875 -1.081733434371097e-22
2.218994140625 -8.372190595642725e-23
2.21923828125 -3.174453595493588e-22
2.219482421875 -9.138440824628278e-22
2.2197265625 -1.462702496601742e-21
2.219970703125 -1.277367501149669e-21
2.22021484375 -3.244341708712071e-22
2.220458984375 5.382911432969697e-22
2.220703125 6.136486989782523e-22
2.220947265625 2.359067355858989e-22
2.22119140625 1.587304000922629e-22
2.221435546875 4.668990490583762e-22
2.2216796875 6.707919774382157e-22
2.221923828125 6.382693169412714e-22
2.22216796875 7.707061919888059e-22
2.222412109375 1.24419850509037e-21
2.22265625 1.644372809411719e-21
2.222900390625 1.549568098124267e-21
2.22314453125 1.111234993107678e-21
2.223388671875 8.239543690610584e-22
2.2236328125 9.103378110277753e-22
2.223876953125 1.117863590934142e-21
2.22412109375 1.044629819326473e-21
2.224365234375 5.564112524497477e-22
2.224609375 -8.800837590994262e-23
2.224853515625 -4.70883233456187e-22
2.22509765625 -3.785972829569004e-22
2.225341796875 4.687168526874516e-23
2.2255859375 4.81922039430497e-22
2.225830078125 7.088010140781976e-22
2.22607421875 7.703965496613175e-22
2.226318359375 9.106066827479214e-22
2.2265625 1.315455645943794e-21
2.226806640625 1.829076489343424e-21
2.22705078125 2.020349830034101e-21
2.227294921875 1.682885518774299e-21
2.2275390625 1.155704563322737e-21
2.227783203125 9.098657413796269e-22
2.22802734375 9.21280321530652e-22
2.228271484375 8.015674032110874e-22
2.228515625 5.153668806345236e-22
2.228759765625 5.101004788671141e-22
2.22900390625 9.931510107501362e-22
2.229248046875 1.518639148124828e-21
2.2294921875 1.587870702626731e-21
2.229736328125 1.336612516521753e-21
2.22998046875 1.269250610958958e-21
2.230224609375 1.525737669222183e-21
2.23046875 1.791870388295725e-21
2.230712890625 1.831283486246186e-21
2.23095703125 1.741580810564637e-21
2.231201171875 1.679077984295984e-21
2.2314453125 1.621394013221658e-21
2.231689453125 1.467518359717397e-21
2.23193359375 1.177157396859245e-21
2.232177734375 7.518562348800844e-22
2.232421875 2.140759134412926e-22
2.232666015625 -3.621887959277194e-22
2.23291015625 -9.108032068911563e-22
2.233154296875 -1.469428257493334e-21
2.2333984375 -2.093577915300102e-21
2.233642578125 -2.661315160581005e-21
2.23388671875 -2.908924359451629e-21
2.234130859375 -2.746911445229316e-21
2.234375 -2.45399189475084e-21
2.234619140625 -2.441587707373037e-21
2.23486328125 -2.828516719628937e-21
2.235107421875 -3.324767261670797e-21
2.2353515625 -3.551598433438118e-21
2.235595703125 -3.409402053084278e-21
2.23583984375 -3.103288076044641e-21
2.236083984375 -2.902346403659068e-21
2.236328125 -2.960459710514697e-21
2.236572265625 -3.273928753636412e-21
2.23681640625 -3.642929297149049e-21
2.237060546875 -3.722914679056928e-21
2.2373046875 -3.341415646436901e-21
2.237548828125 -2.791728964997549e-21
2.23779296875 -2.583479007961677e-21
2.238037109375 -2.832796921773307e-21
2.23828125 -3.127180604615141e-21
2.238525390625 -3.069168635460888e-21
2.23876953125 -2.672413928340747e-21
2.239013671875 -2.09401542234154e-21
2.2392578125 -1.324373409453412e-21
2.239501953125 -4.140636255769703e-22
2.23974609375 2.876593269410158e-22
2.239990234375 4.879254066463051e-22
2.240234375 3.69899292133459e-22
2.240478515625 3.333151590824538e-22
2.24072265625 4.851246304683176e-22
2.240966796875 7.206153390200382e-22
2.2412109375 1.123396931709463e-21
2.241455078125 1.858531505567866e-21
2.24169921875 2.749699037929884e-21
2.241943359375 3.371421292755832e-21
2.2421875 3.554923700199654e-21
2.242431640625 3.479975727380311e-21
2.24267578125 3.314581570207463e-21
2.242919921875 3.093779551882636e-21
2.2431640625 2.895872508874838e-21
2.243408203125 2.78795114962864e-21
2.24365234375 2.634909976598713e-21
2.243896484375 2.295222951845512e-21
2.244140625 1.947679269807241e-21
2.244384765625 1.878291568328707e-21
2.24462890625 2.018671925487077e-21
2.244873046875 2.077317009085653e-21
2.2451171875 2.058938149525049e-21
2.245361328125 2.232711727198434e-21
2.24560546875 2.621133992184419e-21
2.245849609375 2.953493337107494e-21
2.24609375 3.122973431498533e-21
2.246337890625 3.267721533007344e-21
2.24658203125 3.397169215698072e-21
2.246826171875 3.362360812647728e-21
2.2470703125 3.202332914906185e-21
2.247314453125 3.096790948897707e-21
2.24755859375 2.987305520806939e-21
2.247802734375 2.696183167769835e-21
2.248046875 2.399830460328726e-21
2.248291015625 2.480440058639134e-21
2.24853515625 2.897149808608887e-21
2.248779296875 3.228947440235303e-21
2.2490234375 3.364277623285928e-21
2.249267578125 3.584379491791588e-21
2.24951171875 3.919444491894742e-21
2.249755859375 4.044173595978335e-21
2.25 3.909482087952542e-21
2.250244140625 3.807231065221225e-21
2.25048828125 3.638150811208742e-21
2.250732421875 2.844477881215027e-21
2.2509765625 1.392035475760221e-21
2.251220703125 1.322982362160635e-22
2.25146484375 -2.638828912536047e-22
2.251708984375 -1.654463263298889e-22
2.251953125 -2.951851356643038e-22
2.252197265625 -6.82528938130411e-22
2.25244140625 -8.39295244057474e-22
2.252685546875 -6.190317767540998e-22
2.2529296875 -3.752894359827016e-22
2.253173828125 -4.652432900343046e-22
2.25341796875 -9.606665095300049e-22
2.253662109375 -1.648524532697558e-21
2.25390625 -2.073931818819846e-21
2.254150390625 -1.877826194468333e-21
2.25439453125 -1.323735782411456e-21
2.254638671875 -1.142243230458227e-21
2.2548828125 -1.62754569285962e-21
2.255126953125 -2.290687198832812e-21
2.25537109375 -2.631951744996197e-21
2.255615234375 -2.750667837603567e-21
2.255859375 -2.867957845616419e-21
2.256103515625 -2.789356701778482e-21
2.25634765625 -2.30360302818287e-21
2.256591796875 -1.661386776137387e-21
2.2568359375 -1.172971737233364e-21
2.257080078125 -7.302341378853348e-22
2.25732421875 -1.960460932922706e-22
2.257568359375 1.531075133381268e-22
2.2578125 9.457028189066704e-23
2.258056640625 -3.030098435426687e-23
2.25830078125 1.575103974408379e-22
2.258544921875 3.908435837002866e-22
2.2587890625 1.941789552110537e-22
2.259033203125 -3.015724655544639e-22
2.25927734375 -5.92826487886651e-22
2.259521484375 -5.897692590775048e-22
2.259765625 -5.6012868574421e-22
2.260009765625 -5.329382465035789e-22
2.26025390625 -3.953974655775193e-22
2.260498046875 -3.698317326077573e-22
2.2607421875 -7.13080843416066e-22
2.260986328125 -1.086429933109004e-21
2.26123046875 -9.269797687430252e-22
2.261474609375 -3.869438566170187e-22
2.26171875 -2.149146119176395e-22
2.261962890625 -6.824486334303025e-22
2.26220703125 -1.276854565268469e-21
2.262451171875 -1.534003550139128e-21
2.2626953125 -1.556541754947576e-21
2.262939453125 -1.563312125229035e-21
2.26318359375 -1.498891338320579e-21
2.263427734375 -1.327366634388722e-21
2.263671875 -1.267801250828143e-21
2.263916015625 -1.468889372573392e-21
2.26416015625 -1.721054697177632e-21
2.264404296875 -1.672421982191473e-21
2.2646484375 -1.181435284320237e-21
2.264892578125 -4.534215176777462e-22
2.26513671875 8.223746822768298e-24
2.265380859375 -2.645840935800337e-22
2.265625 -1.13269895608514e-21
2.265869140625 -1.784164839428404e-21
2.26611328125 -1.608880781934623e-21
2.266357421875 -9.746182433652807e-22
2.2666015625 -7.256972958378057e-22
2.266845703125 -1.107865153054038e-21
2.26708984375 -1.691254166749053e-21
2.267333984375 -2.165744157133967e-21
2.267578125 -2.576330193707042e-21
2.267822265625 -2.846659485085454e-21
2.26806640625 -2.751414384474711e-21
2.268310546875 -2.420616709989924e-21
2.2685546875 -2.255636296029087e-21
2.268798828125 -2.266494048771081e-21
2.26904296875 -2.088853492821609e-21
2.269287109375 -1.714501190128641e-21
2.26953125 -1.529866013313043e-21
2.269775390625 -1.512131708406826e-21
2.27001953125 -1.142298626991609e-21
2.270263671875 -3.832604841705196e-22
2.2705078125 6.060694240322925e-24
2.270751953125 -4.468234873549685e-22
2.27099609375 -1.189477631109288e-21
2.271240234375 -1.487679789699802e-21
2.271484375 -1.425557796043786e-21
2.271728515625 -1.49293204842625e-21
2.27197265625 -1.6802275251098e-21
2.272216796875 -1.648806359035306e-21
2.2724609375 -1.442915925436997e-21
2.272705078125 -1.352773767048576e-21
2.27294921875 -1.302784336570369e-21
2.273193359375 -1.026289143050683e-21
2.2734375 -6.904631503432024e-22
2.273681640625 -7.053126889566554e-22
2.27392578125 -9.93068703527369e-22
2.274169921875 -1.08201275261357e-21
2.2744140625 -9.195634397974872e-22
2.274658203125 -9.490584799938345e-22
2.27490234375 -1.272468497531688e-21
2.275146484375 -1.361012097761194e-21
2.275390625 -8.499231917618345e-22
2.275634765625 -9.716745608451099e-23
2.27587890625 3.91458348419335e-22
2.276123046875 6.802829570091787e-22
2.2763671875 1.137655679496451e-21
2.276611328125 1.738444676289019e-21
2.27685546875 2.094258434409869e-21
2.277099609375 2.079792224387695e-21
2.27734375 2.016990346662684e-21
2.277587890625 2.186058168711096e-21
2.27783203125 2.446542118545356e-21
2.278076171875 2.460361300226152e-21
2.2783203125 2.115166894457449e-21
2.278564453125 1.595815949341137e-21
2.27880859375 1.109922273203328e-21
2.279052734375 6.577912537532095e-22
2.279296875 1.046214520469966e-22
2.279541015625 -5.529439912137432e-22
2.27978515625 -1.068687220604516e-21
2.280029296875 -1.168754247575948e-21
2.2802734375 -8.571136324179387e-22
2.280517578125 -3.845587996532419e-22
2.28076171875 7.732855588797125e-23
2.281005859375 5.70236183599358e-22
2.28125 1.125516864644316e-21
2.281494140625 1.610382037329728e-21
2.28173828125 1.903605298667321e-21
2.281982421875 2.023788676935341e-21
2.2822265625 1.938907977374724e-21
2.282470703125 1.494339126036003e-21
2.28271484375 7.828057768103257e-22
2.282958984375 3.396416959282481e-22
2.283203125 5.687719611635851e-22
2.283447265625 1.117348691793718e-21
2.28369140625 1.288358464940268e-21
2.283935546875 1.006771889546083e-21
2.2841796875 8.272690472753054e-22
2.284423828125 9.607702925894736e-22
2.28466796875 9.676305715497595e-22
2.284912109375 6.519249268311994e-22
2.28515625 5.570568335719673e-22
2.285400390625 1.08078792301905e-21
2.28564453125 1.68577289179995e-21
2.285888671875 1.654645475529265e-21
2.2861328125 1.199344235225225e-21
2.286376953125 1.057570801507566e-21
2.28662109375 1.274397070184925e-21
2.286865234375 1.233203533513438e-21
2.287109375 7.903528159035981e-22
2.287353515625 5.121047184760929e-22
2.28759765625 7.257345260241284e-22
2.287841796875 1.167445299814406e-21
2.2880859375 1.72473355553197e-21
2.288330078125 2.661397002030175e-21
2.28857421875 3.778050366243412e-21
2.288818359375 4.194650028807423e-21
2.2890625 3.519185412275362e-21
2.289306640625 2.564415592749231e-21
2.28955078125 2.270752869716438e-21
2.289794921875 2.444620089502478e-21
2.2900390625 2.242378027530547e-21
2.290283203125 1.485955800856338e-21
2.29052734375 7.475483298137881e-22
2.290771484375 3.720358155685031e-22
2.291015625 1.640727052516508e-22
2.291259765625 -1.731273656793653e-23
2.29150390625 -2.257175342172681e-23
2.291748046875 1.529399413945457e-22
2.2919921875 2.193459741950905e-22
2.292236328125 1.466841148563007e-23
2.29248046875 -2.726791796652153e-22
2.292724609375 -3.77988388491334e-22
2.29296875 -1.913683721853098e-22
2.293212890625 2.660296907748803e-22
2.29345703125 8.137666194516962e-22
2.293701171875 1.098843246876643e-21
2.2939453125 9.032881837066539e-22
2.294189453125 4.386996282985004e-22
2.29443359375 7.909702584045344e-23
2.294677734375 -1.231749276638893e-22
2.294921875 -3.688806689966801e-22
2.295166015625 -6.508114558599185e-22
2.29541015625 -7.133330046707726e-22
2.295654296875 -4.709138437057176e-22
2.2958984375 -1.594376442344173e-22
2.296142578125 -2.198325407331146e-23
2.29638671875 -4.962638826711099e-23
2.296630859375 -3.696837370004877e-23
2.296875 2.503161609754695e-22
2.297119140625 8.785294238297771e-22
2.29736328125 1.573019989877444e-21
2.297607421875 1.909713872879703e-21
2.2978515625 1.85201534685318e-21
2.298095703125 1.846590252532879e-21
2.29833984375 2.145293201642922e-21
2.298583984375 2.364851530323155e-21
2.298828125 2.09601175417773e-21
2.299072265625 1.590563452429017e-21
2.29931640625 1.289044078608881e-21
2.299560546875 9.654632852416777e-22
2.2998046875 8.241307031323818e-23
2.300048828125 -1.118792325622283e-21
2.30029296875 -1.717477361974777e-21
2.300537109375 -1.431427456349357e-21
2.30078125 -1.051410619218411e-21
2.301025390625 -1.246003377906584e-21
2.30126953125 -1.62316491173637e-21
2.301513671875 -1.45905771928894e-21
2.3017578125 -8.317376318437184e-22
2.302001953125 -4.525343141296913e-22
2.30224609375 -6.805226481033361e-22
2.302490234375 -1.241894205432191e-21
2.302734375 -1.74671353422116e-21
2.302978515625 -1.998858008895187e-21
2.30322265625 -1.899753230852611e-21
2.303466796875 -1.518298304669121e-21
2.3037109375 -1.257069322423477e-21
2.303955078125 -1.518584918776367e-21
2.30419921875 -2.102915153605793e-21
2.304443359375 -2.300568346588746e-21
2.3046875 -1.781613731665378e-21
2.304931640625 -1.111328068821481e-21
2.30517578125 -1.079537208132383e-21
2.305419921875 -1.661353973441026e-21
2.3056640625 -2.0282477766551e-21
2.305908203125 -1.649752424935716e-21
2.30615234375 -9.976365949003656e-22
2.306396484375 -8.754458036075163e-22
2.306640625 -1.347323023122766e-21
2.306884765625 -1.813898048233971e-21
2.30712890625 -2.017859590233628e-21
2.307373046875 -2.324511580122327e-21
2.3076171875 -2.870878327346675e-21
2.307861328125 -3.144004551813748e-21
2.30810546875 -2.85782019651119e-21
2.308349609375 -2.651420078522038e-21
2.30859375 -3.209326028400939e-21
2.308837890625 -4.063969477701729e-21
2.30908203125 -4.108317179536955e-21
2.309326171875 -3.16670854584696e-21
2.3095703125 -2.200831878017735e-21
2.309814453125 -1.879966989548207e-21
2.31005859375 -1.771269454743372e-21
2.310302734375 -1.213560513242495e-21
2.310546875 -2.632209683581871e-22
2.310791015625 6.275599935275119e-22
2.31103515625 1.266711412806244e-21
2.311279296875 1.594987610362771e-21
2.3115234375 1.41502069344264e-21
2.311767578125 7.668840052418026e-22
2.31201171875 1.822543291067624e-22
2.312255859375 5.371199696451518e-23
2.3125 8.695344979135736e-23
2.312744140625 -1.11688144515173e-22
2.31298828125 -2.606246869204717e-22
2.313232421875 1.39199919034541e-22
2.3134765625 8.226295393133977e-22
2.313720703125 1.003368530134932e-21
2.31396484375 5.752959206627405e-22
2.314208984375 3.187154521881197e-22
2.314453125 7.308606525225677e-22
2.314697265625 1.326823402188285e-21
2.31494140625 1.450597037108205e-21
2.315185546875 1.211946693142007e-21
2.3154296875 1.101363813935245e-21
2.315673828125 1.064763303876152e-21
2.31591796875 6.165790697561483e-22
2.316162109375 -2.251282317903418e-22
2.31640625 -7.486077813827677e-22
2.316650390625 -4.605615499806921e-22
2.31689453125 2.778975930039611e-22
2.317138671875 8.144384833032317e-22
2.3173828125 1.06671693419394e-21
2.317626953125 1.434279993180512e-21
2.31787109375 2.045716801005518e-21
2.318115234375 2.558083687702572e-21
2.318359375 2.702912932587965e-21
2.318603515625 2.589810036728724e-21
2.31884765625 2.338961272562161e-21
2.319091796875 1.829480230031062e-21
2.3193359375 1.072901833295847e-21
2.319580078125 4.734269918359866e-22
2.31982421875 3.289579914040978e-22
2.320068359375 3.254623317105672e-22
2.3203125 -2.288095947909796e-23
2.320556640625 -5.927902328907062e-22
2.32080078125 -8.209936867057382e-22
2.321044921875 -6.035248951126885e-22
2.3212890625 -4.783988811285848e-22
2.321533203125 -8.162173893274615e-22
2.32177734375 -1.3415333186715e-21
2.322021484375 -1.654821808967641e-21
2.322265625 -1.761116927766793e-21
2.322509765625 -1.805075159802334e-21
2.32275390625 -1.708780018157701e-21
2.322998046875 -1.437789474991295e-21
2.3232421875 -1.280084477851648e-21
2.323486328125 -1.437661583424312e-21
2.32373046875 -1.588928410400449e-21
2.323974609375 -1.287592357718338e-21
2.32421875 -6.166282533944896e-22
2.324462890625 -1.598392331184489e-23
2.32470703125 3.97206458138351e-22
2.324951171875 8.686555849768993e-22
2.3251953125 1.437298548406215e-21
2.325439453125 1.822046437123439e-21
2.32568359375 1.925838474309078e-21
2.325927734375 1.993612263253372e-21
2.326171875 2.132966946350764e-21
2.326416015625 2.083530532591929e-21
2.32666015625 1.665834508593375e-21
2.326904296875 1.116958275414485e-21
2.3271484375 7.249406482659256e-22
2.327392578125 3.981439699737908e-22
2.32763671875 -1.120287133597861e-22
2.327880859375 -7.451031740653816e-22
2.328125 -1.188790960402181e-21
2.328369140625 -1.306463370780906e-21
2.32861328125 -1.237003968856315e-21
2.328857421875 -1.107605260269429e-21
2.3291015625 -8.922644447427948e-22
2.329345703125 -5.688625179863709e-22
2.32958984375 -2.047021535430538e-22
2.329833984375 1.764892373392952e-22
2.330078125 6.565383252361869e-22
2.330322265625 1.268848902256101e-21
2.33056640625 1.878190794751691e-21
2.330810546875 2.285002457633713e-21
2.3310546875 2.39851712844013e-21
2.331298828125 2.282440131352725e-21
2.33154296875 2.099754758305491e-21
2.331787109375 2.027147453258961e-21
2.33203125 2.10991456143951e-21
2.332275390625 2.132837515939952e-21
2.33251953125 1.751156553340104e-21
2.332763671875 8.940854459196961e-22
2.3330078125 -2.184935215732429e-23
2.333251953125 -4.74508195021274e-22
2.33349609375 -4.592964471293085e-22
2.333740234375 -5.312643788455425e-22
2.333984375 -1.104539821205911e-21
2.334228515625 -1.892208036466481e-21
2.33447265625 -2.275979649882073e-21
2.334716796875 -2.123649961601304e-21
2.3349609375 -1.900114715552053e-21
2.335205078125 -1.922650046625436e-21
2.33544921875 -1.888026706040075e-21
2.335693359375 -1.40116859706753e-21
2.3359375 -6.949280364229798e-22
2.336181640625 -4.01769601936612e-22
2.33642578125 -6.796116047511011e-22
2.336669921875 -1.001718750530891e-21
2.3369140625 -9.199676014629124e-22
2.337158203125 -6.488451040595946e-22
2.33740234375 -6.426661675635605e-22
2.337646484375 -8.819748740073396e-22
2.337890625 -9.395510085955783e-22
2.338134765625 -6.323586282212586e-22
2.33837890625 -2.469371355495132e-22
2.338623046875 -1.078387976290439e-22
2.3388671875 -2.209914075757787e-22
2.339111328125 -4.057232509874333e-22
2.33935546875 -5.066123983783418e-22
2.339599609375 -3.603011546235265e-22
2.33984375 1.852139268883095e-22
2.340087890625 1.006067217270498e-21
2.34033203125 1.63100444690887e-21
2.340576171875 1.68360914720415e-21
2.3408203125 1.320577734536367e-21
2.341064453125 1.008931207966978e-21
2.34130859375 9.210390471982719e-22
2.341552734375 8.060430474826597e-22
2.341796875 4.788610965258301e-22
2.342041015625 1.607561283403508e-22
2.34228515625 1.950046379617429e-22
2.342529296875 6.248478468585013e-22
2.3427734375 1.238577241405089e-21
2.343017578125 1.876763052026973e-21
2.34326171875 2.441152764860581e-21
2.343505859375 2.682897135399067e-21
2.34375 2.328112312911009e-21
2.343994140625 1.525913065867693e-21
2.34423828125 8.923424361714886e-22
2.344482421875 8.716158771508676e-22
2.3447265625 1.212619863366409e-21
2.344970703125 1.340500263813172e-21
2.34521484375 1.122678081603936e-21
2.345458984375 8.973489510151218e-22
2.345703125 7.542829461803072e-22
2.345947265625 2.811660669324647e-22
2.34619140625 -7.017011545273858e-22
2.346435546875 -1.560217779364728e-21
2.3466796875 -1.512952015342766e-21
2.346923828125 -7.31210171319143e-22
2.34716796875 -2.172897069786101e-22
2.347412109375 -5.142104789923634e-22
2.34765625 -1.054557293692861e-21
2.347900390625 -1.040748142130293e-21
2.34814453125 -5.296884762236834e-22
2.348388671875 -2.159873808077168e-22
2.3486328125 -4.017127723423909e-22
2.348876953125 -6.971532433140429e-22
2.34912109375 -7.107854590766189e-22
2.349365234375 -5.650427827043988e-22
2.349609375 -5.747380912025077e-22
2.349853515625 -7.498163871355551e-22
2.35009765625 -8.680552479081156e-22
2.350341796875 -8.746672340310026e-22
2.3505859375 -9.584076981566876e-22
2.350830078125 -1.247184863511066e-21
2.35107421875 -1.59427059866767e-21
2.351318359375 -1.721087192226097e-21
2.3515625 -1.50853054844865e-21
2.351806640625 -1.106270763975705e-21
2.35205078125 -7.806731614815867e-22
2.352294921875 -6.916551491566741e-22
2.3525390625 -8.028938716242565e-22
2.352783203125 -9.380696595191721e-22
2.35302734375 -8.891973251032791e-22
2.353271484375 -5.541763854771708e-22
2.353515625 -6.26966722726924e-23
2.353759765625 3.041998970843104e-22
2.35400390625 4.540456927719468e-22
2.354248046875 6.736623690043706e-22
2.3544921875 1.282878987181145e-21
2.354736328125 2.135493350714426e-21
2.35498046875 2.718749438331348e-21
2.355224609375 2.763346676067019e-21
2.35546875 2.467795633006206e-21
2.355712890625 2.071471926570237e-21
2.35595703125 1.574651110238251e-21
2.356201171875 1.048512489368292e-21
2.3564453125 8.376949374834695e-22
2.356689453125 1.13410531599979e-21
2.35693359375 1.616173238223283e-21
2.357177734375 1.843279559652163e-21
2.357421875 1.797605499553304e-21
2.357666015625 1.725963391471354e-21
2.35791015625 1.6880313494642e-21
2.358154296875 1.635770474861108e-21
2.3583984375 1.710797344279606e-21
2.358642578125 2.010950845072357e-21
2.35888671875 2.225747156266574e-21
2.359130859375 1.983885449446082e-21
2.359375 1.448369981958969e-21
2.359619140625 1.072144139539151e-21
2.35986328125 8.61393933051312e-22
2.360107421875 4.390021511707469e-22
2.3603515625 -1.990830172743753e-22
2.360595703125 -6.095799619303607e-22
2.36083984375 -6.52633820860504e-22
2.361083984375 -6.971355678918126e-22
2.361328125 -9.116048500618747e-22
2.361572265625 -9.509062250498727e-22
2.36181640625 -6.060475911513649e-22
2.362060546875 -2.167183826160097e-22
2.3623046875 -1.264095258934041e-22
2.362548828125 -2.286823914257756e-22
2.36279296875 -3.846800689308497e-22
2.363037109375 -7.758884470451623e-22
2.36328125 -1.424216019430135e-21
2.363525390625 -1.851065083079513e-21
2.36376953125 -1.743519974255819e-21
2.364013671875 -1.565815176469732e-21
2.3642578125 -1.911110892355574e-21
2.364501953125 -2.529723284230203e-21
2.36474609375 -2.646673220615523e-21
2.364990234375 -2.100667480897282e-21
2.365234375 -1.525348782134924e-21
2.365478515625 -1.401683298461501e-21
2.36572265625 -1.521154688956349e-21
2.365966796875 -1.513381193977058e-21
2.3662109375 -1.408950060018069e-21
2.366455078125 -1.44559499893131e-21
2.36669921875 -1.643480299778461e-21
2.366943359375 -1.806649767730466e-21
2.3671875 -1.771456193115926e-21
2.367431640625 -1.519519444610218e-21
2.36767578125 -1.182470131914735e-21
2.367919921875 -1.001399853668532e-21
2.3681640625 -1.127529032465142e-21
2.368408203125 -1.3941799810011e-21
2.36865234375 -1.420566736957275e-21
2.368896484375 -1.020722025392769e-21
2.369140625 -4.35282930403761e-22
2.369384765625 -1.144782747065788e-22
2.36962890625 -3.028443207642726e-22
2.369873046875 -8.234693103312559e-22
2.3701171875 -1.247441726063622e-21
2.370361328125 -1.326403388052836e-21
2.37060546875 -1.253791444948305e-21
2.370849609375 -1.370461950519329e-21
2.37109375 -1.612604126671478e-21
2.371337890625 -1.500575047757689e-21
2.37158203125 -8.015917380812262e-22
2.371826171875 5.261150829857495e-23
2.3720703125 4.497126639722275e-22
2.372314453125 3.158688917858211e-22
2.37255859375 7.352179620689965e-23
2.372802734375 9.129153490063894e-24
2.373046875 3.356365156030784e-24
2.373291015625 -1.379617582989592e-22
2.37353515625 -3.901577524783513e-22
2.373779296875 -6.19494274507328e-22
2.3740234375 -7.701450560838658e-22
2.374267578125 -8.326887904775275e-22
2.37451171875 -7.459013186005046e-22
2.374755859375 -4.362521808354529e-22
2.375 5.626207076961899e-23
2.375244140625 5.236521827938611e-22
2.37548828125 7.050674649513182e-22
2.375732421875 5.230816007101129e-22
2.3759765625 1.754637232938398e-22
2.376220703125 -1.196324463524966e-22
2.37646484375 -4.223273333778071e-22
2.376708984375 -9.220109974874225e-22
2.376953125 -1.522754970482883e-21
2.377197265625 -1.872329463688241e-21
2.37744140625 -1.859900257961956e-21
2.377685546875 -1.747862315595556e-21
2.3779296875 -1.669840409993838e-21
2.378173828125 -1.375421187049038e-21
2.37841796875 -7.532604397299534e-22
2.378662109375 -2.693228191494093e-22
2.37890625 -4.530531172235721e-22
2.379150390625 -1.103763966127996e-21
2.37939453125 -1.431261785175954e-21
2.379638671875 -9.791862152294054e-22
2.3798828125 -9.923166088782684e-23
2.380126953125 5.162135882921046e-22
2.38037109375 5.432436838967928e-22
2.380615234375 2.417049868165521e-22
2.380859375 1.23969829682371e-22
2.381103515625 4.403041901198575e-22
2.38134765625 9.526966426061612e-22
2.381591796875 1.283421441310123e-21
2.3818359375 1.450188984361963e-21
2.382080078125 1.8038399715436e-21
2.38232421875 2.399553763699304e-21
2.382568359375 2.814295019729151e-21
2.3828125 2.786711755138164e-21
2.383056640625 2.639367631532221e-21
2.38330078125 2.72497857261329e-21
2.383544921875 2.807463114261232e-21
2.3837890625 2.453312012380844e-21
2.384033203125 1.789085337526285e-21
2.38427734375 1.357533372057278e-21
2.384521484375 1.357140052191332e-21
2.384765625 1.524816666522464e-21
2.385009765625 1.694952238345047e-21
2.38525390625 1.952838190143017e-21
2.385498046875 2.211448677331379e-21
2.3857421875 2.142393986372187e-21
2.385986328125 1.68400383470385e-21
2.38623046875 1.246390690011323e-21
2.386474609375 1.227183698866621e-21
2.38671875 1.553614883359365e-21
2.386962890625 1.818027804055357e-21
2.38720703125 1.703464916897671e-21
2.387451171875 1.2474083712488e-21
2.3876953125 8.293913563913317e-22
2.387939453125 8.4271894037899e-22
2.38818359375 1.223779975935792e-21
2.388427734375 1.452494216662549e-21
2.388671875 1.228039485949835e-21
2.388916015625 9.067238408897907e-22
2.38916015625 9.265993530031522e-22
2.389404296875 1.054379951634077e-21
2.3896484375 7.224513426228857e-22
2.389892578125 -3.221853089015377e-23
2.39013671875 -5.728114125396321e-22
2.390380859375 -5.936866805092458e-22
2.390625 -4.220783279184197e-22
2.390869140625 -2.944918016607736e-22
2.39111328125 1.518275305150524e-23
2.391357421875 5.851015585188299e-22
2.3916015625 9.661256244501453e-22
2.391845703125 8.37439129421605e-22
2.39208984375 5.902518874515505e-22
2.392333984375 7.605509295106992e-22
2.392578125 1.178847660506072e-21
2.392822265625 1.215814242261375e-21
2.39306640625 7.483390884095216e-22
2.393310546875 3.734041996880149e-22
2.3935546875 5.957726856739214e-22
2.393798828125 1.176910517159847e-21
2.39404296875 1.468101726617719e-21
2.394287109375 1.192863512933861e-21
2.39453125 7.049041222286067e-22
2.394775390625 5.118847556625243e-22
2.39501953125 6.961412857501587e-22
2.395263671875 8.87357550558433e-22
2.3955078125 7.383730752761587e-22
2.395751953125 2.752065282402241e-22
2.39599609375 -2.459381303551358e-22
2.396240234375 -6.421916164025733e-22
2.396484375 -8.46922200063436e-22
2.396728515625 -8.178725842577441e-22
2.39697265625 -5.874127550187023e-22
2.397216796875 -3.050522590946018e-22
2.3974609375 -8.377258913835076e-23
2.397705078125 8.262660569732659e-23
2.39794921875 1.52406259782104e-22
2.398193359375 1.601279864039017e-23
2.3984375 -1.985343804334207e-22
2.398681640625 -1.150740716131632e-22
2.39892578125 3.262269494363153e-22
2.399169921875 6.465045657789328e-22
2.3994140625 5.552501628415928e-22
2.399658203125 5.05890271053409e-22
2.39990234375 9.513180697113774e-22
2.400146484375 1.396872995740427e-21
2.400390625 9.896046999464917e-22
2.400634765625 -1.138957491829101e-22
2.40087890625 -8.674922125605969e-22
2.401123046875 -8.545713377958872e-22
2.4013671875 -7.463384295513578e-22
2.401611328125 -1.011021303259989e-21
2.40185546875 -1.120275321534935e-21
2.402099609375 -5.40491860282878e-22
2.40234375 2.970955299773789e-22
2.402587890625 6.800130774845437e-22
2.40283203125 6.514321219386476e-22
2.403076171875 6.610813384414438e-22
2.4033203125 6.724699368871882e-22
2.403564453125 3.770305687846749e-22
2.40380859375 -4.052101509492727e-23
2.404052734375 -1.210239841356269e-22
2.404296875 6.283327551636273e-23
2.404541015625 1.390104061862717e-23
2.40478515625 -3.809967554500835e-22
2.405029296875 -7.948298526429149e-22
2.4052734375 -1.144858896439245e-21
2.405517578125 -1.683007053466141e-21
2.40576171875 -2.373286222513123e-21
2.406005859375 -2.783900591882623e-21
2.40625 -2.717770225767139e-21
2.406494140625 -2.452880181981634e-21
2.40673828125 -2.257042345784115e-21
2.406982421875 -2.143402481112297e-21
2.4072265625 -2.203494957925961e-21
2.407470703125 -2.653580999756132e-21
2.40771484375 -3.333860545622465e-21
2.407958984375 -3.622801566586171e-21
2.408203125 -3.145715171640223e-21
2.408447265625 -2.246083224803537e-21
2.40869140625 -1.5174316092884e-21
2.408935546875 -1.181306475079218e-21
2.4091796875 -1.15732431684434e-21
2.409423828125 -1.397784593549162e-21
2.40966796875 -1.810670905278383e-21
2.409912109375 -2.105376204461691e-21
2.41015625 -2.099682191942421e-21
2.410400390625 -2.053938818146817e-21
2.41064453125 -2.363803402704335e-21
2.410888671875 -2.984793516035701e-21
2.4111328125 -3.452565873471835e-21
2.411376953125 -3.444137670827386e-21
2.41162109375 -3.065630398047191e-21
2.411865234375 -2.604500390652627e-21
2.412109375 -2.247681695771729e-21
2.412353515625 -2.058084738861382e-21
2.41259765625 -1.988718257225225e-21
2.412841796875 -1.86189767819126e-21
2.4130859375 -1.53804939860554e-21
2.413330078125 -1.170676352916943e-21
2.41357421875 -1.090223815937194e-21
2.413818359375 -1.334603946720604e-21
2.4140625 -1.499977031906051e-21
2.414306640625 -1.235003168924125e-21
2.41455078125 -7.380861601307596e-22
2.414794921875 -5.397948309174238e-22
2.4150390625 -8.54664834350222e-22
2.415283203125 -1.382026016079841e-21
2.41552734375 -1.760953183900887e-21
2.415771484375 -1.986615991791473e-21
2.416015625 -2.257418247254515e-21
2.416259765625 -2.577597290301457e-21
2.41650390625 -2.705675454707437e-21
2.416748046875 -2.464676921931874e-21
2.4169921875 -1.951540192374958e-21
2.417236328125 -1.397566782293655e-21
2.41748046875 -9.001317523898348e-22
2.417724609375 -3.549991266762652e-22
2.41796875 3.46829198511379e-22
2.418212890625 1.092050748696971e-21
2.41845703125 1.586136456854643e-21
2.418701171875 1.687073106393447e-21
2.4189453125 1.64742878826998e-21
2.419189453125 1.871698090147511e-21
2.41943359375 2.390609011114805e-21
2.419677734375 2.744410188597549e-21
2.419921875 2.541379431723902e-21
2.420166015625 2.034113962864808e-21
2.42041015625 1.920977286503111e-21
2.420654296875 2.539579453998917e-21
2.4208984375 3.432927661672763e-21
2.421142578125 3.840084147783037e-21
2.42138671875 3.534975203374855e-21
2.421630859375 3.024869935548625e-21
2.421875 2.901050193026352e-21
2.422119140625 3.145139991552587e-21
2.42236328125 3.224798528928475e-21
2.422607421875 2.820045398613438e-21
2.4228515625 2.237946869113866e-21
2.423095703125 2.025402606204704e-21
2.42333984375 2.364100200155589e-21
2.423583984375 3.011648848701938e-21
2.423828125 3.658129459680729e-21
2.424072265625 4.075635615722652e-21
2.42431640625 4.056831345333969e-21
2.424560546875 3.590428927784461e-21
2.4248046875 3.083469079924484e-21
2.425048828125 2.993008072388481e-21
2.42529296875 3.148336819778123e-21
2.425537109375 2.871440173761714e-21
2.42578125 1.963092738474259e-21
2.426025390625 1.127716313828318e-21
2.42626953125 1.082201897521659e-21
2.426513671875 1.614477519907503e-21
2.4267578125 1.969473156208577e-21
2.427001953125 1.903961034698632e-21
2.42724609375 1.850000966220322e-21
2.427490234375 2.161222686591167e-21
2.427734375 2.704029270558875e-21
2.427978515625 3.194788621632216e-21
2.42822265625 3.508476418980725e-21
2.428466796875 3.596760150858171e-21
2.4287109375 3.457963085631726e-21
2.428955078125 3.253971233309983e-21
2.42919921875 3.156939057176524e-21
2.429443359375 3.039096824994011e-21
2.4296875 2.601814424941937e-21
2.429931640625 1.849846399492932e-21
2.43017578125 1.167079102112231e-21
2.430419921875 8.83761974814908e-22
2.4306640625 9.920649603560516e-22
2.430908203125 1.262254767910106e-21
2.43115234375 1.398694599936424e-21
2.431396484375 1.168695965933973e-21
2.431640625 6.921008257049189e-22
2.431884765625 5.108925449764631e-22
2.43212890625 9.895318455985843e-22
2.432373046875 1.716984256914245e-21
2.4326171875 1.938644794400212e-21
2.432861328125 1.533726858322315e-21
2.43310546875 1.065795002023487e-21
2.433349609375 8.755794011349861e-22
2.43359375 7.178897435968477e-22
2.433837890625 4.038557510558482e-22
2.43408203125 1.659038640469957e-22
2.434326171875 1.170184319218161e-22
2.4345703125 -7.670330494117479e-23
2.434814453125 -6.099002432902067e-22
2.43505859375 -1.099959925987995e-21
2.435302734375 -1.152786930907561e-21
2.435546875 -9.924728610501331e-22
2.435791015625 -1.116964752533334e-21
2.43603515625 -1.624555040458064e-21
2.436279296875 -2.242276737249575e-21
2.4365234375 -2.737320925824682e-21
2.436767578125 -2.980768622022241e-21
2.43701171875 -2.929175827354593e-21
2.437255859375 -2.870098581945984e-21
2.4375 -3.303636164859025e-21
2.437744140625 -4.18462077206145e-21
2.43798828125 -4.689511816817162e-21
2.438232421875 -4.233996314834242e-21
2.4384765625 -3.342735876514638e-21
2.438720703125 -2.921567216561143e-21
2.43896484375 -3.011973506957739e-21
2.439208984375 -2.975399475740863e-21
2.439453125 -2.650227262090723e-21
2.439697265625 -2.473252847753305e-21
2.43994140625 -2.520163732139273e-21
2.440185546875 -2.342647138626672e-21
2.4404296875 -1.946699791641126e-21
2.440673828125 -2.074544508285801e-21
2.44091796875 -3.086669588970443e-21
2.441162109375 -4.244425076441637e-21
2.44140625 -4.672576895736037e-21
2.441650390625 -4.56233758360689e-21
2.44189453125 -4.783101332681809e-21
2.442138671875 -5.556154202481686e-21
2.4423828125 -6.162662669630837e-21
2.442626953125 -5.962833541236422e-21
2.44287109375 -5.167176066358671e-21
2.443115234375 -4.414704895998162e-21
2.443359375 -3.947542835275805e-21
2.443603515625 -3.502245370079007e-21
2.44384765625 -2.880747216964117e-21
2.444091796875 -2.299627173470614e-21
2.4443359375 -2.04787031361237e-21
2.444580078125 -1.994270824778402e-21
2.44482421875 -1.719942048221632e-21
2.445068359375 -1.139165068135631e-21
2.4453125 -6.624637113669362e-22
2.445556640625 -5.785370729211594e-22
2.44580078125 -6.028829710851978e-22
2.446044921875 -3.794387939237768e-22
2.4462890625 -1.569256475705311e-22
2.446533203125 -4.407396173782002e-22
2.44677734375 -1.078646905261641e-21
2.447021484375 -1.326252814716274e-21
2.447265625 -9.476982315645821e-22
2.447509765625 -6.362697578199322e-22
2.44775390625 -1.012372412718314e-21
2.447998046875 -1.721352106009296e-21
2.4482421875 -1.998566591912811e-21
2.448486328125 -1.730384765546891e-21
2.44873046875 -1.359568424784477e-21
2.448974609375 -9.834390256037181e-22
2.44921875 -2.514816827602248e-22
2.449462890625 8.368177207966298e-22
2.44970703125 1.72156746324316e-21
2.449951171875 2.115991196260681e-21
2.4501953125 2.497207812870448e-21
2.450439453125 3.355599693258204e-21
2.45068359375 4.325677153966183e-21
2.450927734375 4.56508154380502e-21
2.451171875 3.850981025780199e-21
2.451416015625 2.839600792503015e-21
2.45166015625 2.239413245261693e-21
2.451904296875 2.108766918548849e-21
2.4521484375 2.035380527615146e-21
2.452392578125 1.667223226238668e-21
2.45263671875 9.317907819188676e-22
2.452880859375 2.312670792072783e-23
2.453125 -6.386215355401895e-22
2.453369140625 -6.649514176079848e-22
2.45361328125 -1.277962837274537e-22
2.453857421875 4.481213668336827e-22
2.4541015625 7.136431317633717e-22
2.454345703125 9.066998990261773e-22
2.45458984375 1.391117983485784e-21
2.454833984375 2.024571366206589e-21
2.455078125 2.377972252643544e-21
2.455322265625 2.436297507877415e-21
2.45556640625 2.591990706287396e-21
2.455810546875 2.94593824048133e-21
2.4560546875 3.130905793493869e-21
2.456298828125 2.963815258349006e-21
2.45654296875 2.771975907179223e-21
2.456787109375 2.808656852907167e-21
2.45703125 2.800672044284592e-21
2.457275390625 2.456346727882943e-21
2.45751953125 2.040646499619524e-21
2.457763671875 1.960209586450192e-21
2.4580078125 2.044745912715349e-21
2.458251953125 1.787736791590051e-21
2.45849609375 1.155623889418033e-21
2.458740234375 5.885312194099512e-22
2.458984375 2.458356245289289e-22
2.459228515625 -1.336375890207217e-22
2.45947265625 -5.259797701307018e-22
2.459716796875 -4.147875375916744e-22
2.4599609375 4.002821936567826e-22
2.460205078125 1.308500277215554e-21
2.46044921875 1.65825881265719e-21
2.460693359375 1.66834123868831e-21
2.4609375 2.042896588010002e-21
2.461181640625 2.870329440890902e-21
2.46142578125 3.494625898704483e-21
2.461669921875 3.527851236107148e-21
2.4619140625 3.458149080110916e-21
2.462158203125 3.961590142412891e-21
2.46240234375 4.91026430817284e-21
2.462646484375 5.428076637033069e-21
2.462890625 4.886315802405534e-21
2.463134765625 3.588926616186662e-21
2.46337890625 2.408539434890937e-21
2.463623046875 1.890147234238906e-21
2.4638671875 1.809733019929489e-21
2.464111328125 1.544236790090078e-21
2.46435546875 7.55355165019738e-22
2.464599609375 -3.09363178089156e-22
2.46484375 -1.100710414713797e-21
2.465087890625 -1.277386702662854e-21
2.46533203125 -9.646684159023281e-22
2.465576171875 -5.780190943936953e-22
2.4658203125 -4.005647949553389e-22
2.466064453125 -3.138124124353644e-22
2.46630859375 2.465741155558805e-23
2.466552734375 7.056515347591358e-22
2.466796875 1.342455107505353e-21
2.467041015625 1.434975040404837e-21
2.46728515625 9.487292497629414e-22
2.467529296875 3.99893295195995e-22
2.4677734375 3.071141640506164e-22
2.468017578125 6.495434294383973e-22
2.46826171875 9.482565438085675e-22
2.468505859375 8.258408283605706e-22
2.46875 3.779443852523045e-22
2.468994140625 -2.022231300514142e-23
2.46923828125 -1.845196956831205e-22
2.469482421875 -3.044855444079205e-22
2.4697265625 -6.424585757827929e-22
2.469970703125 -1.140442375475523e-21
2.47021484375 -1.445750333595866e-21
2.470458984375 -1.332857099664038e-21
2.470703125 -9.695460286771405e-22
2.470947265625 -6.867178424155481e-22
2.47119140625 -5.895449255781959e-22
2.471435546875 -5.198966045857374e-22
2.4716796875 -3.379974782171964e-22
2.471923828125 -9.618856488554843e-23
2.47216796875 4.967008659955269e-23
2.472412109375 -2.590491234957689e-23
2.47265625 -3.744124396655295e-22
2.472900390625 -9.558005381457199e-22
2.47314453125 -1.650971044211266e-21
2.473388671875 -2.352081665699677e-21
2.4736328125 -3.005337120213184e-21
2.473876953125 -3.515936646576854e-21
2.47412109375 -3.735185427809559e-21
2.474365234375 -3.666653559187788e-21
2.474609375 -3.522526264365464e-21
2.474853515625 -3.358335073654639e-21
2.47509765625 -2.844411260334656e-21
2.475341796875 -1.785785417615407e-21
2.4755859375 -7.527306288497037e-22
2.475830078125 -6.350837346840871e-22
2.47607421875 -1.454934047084263e-21
2.476318359375 -2.187726556538144e-21
2.4765625 -2.072973593428289e-21
2.476806640625 -1.599175323428685e-21
2.47705078125 -1.723211852053967e-21
2.477294921875 -2.533483338167123e-21
2.4775390625 -3.315304726953302e-21
2.477783203125 -3.680170422474709e-21
2.47802734375 -3.886331185818753e-21
2.478271484375 -4.083137719657862e-21
2.478515625 -4.015134390821035e-21
2.478759765625 -3.680074362837531e-21
2.47900390625 -3.592013316391472e-21
2.479248046875 -4.004755907528512e-21
2.4794921875 -4.411218812450684e-21
2.479736328125 -4.282981935298321e-21
2.47998046875 -3.882717545729748e-21
2.480224609375 -3.791439658875144e-21
2.48046875 -3.922195949676666e-21
2.480712890625 -3.626054767037837e-21
2.48095703125 -2.678258210160282e-21
2.481201171875 -1.570037119302341e-21
2.4814453125 -7.727966687266805e-22
2.481689453125 -2.264044339902657e-22
2.48193359375 2.925679194019949e-22
2.482177734375 7.236716891602594e-22
2.482421875 8.776608795857887e-22
2.482666015625 7.51846552865376e-22
2.48291015625 4.798220016989545e-22
2.483154296875 1.665214548827088e-22
2.4833984375 -8.485062548843767e-23
2.483642578125 -1.886035141671353e-22
2.48388671875 -2.454345025988581e-22
2.484130859375 -4.747568533769077e-22
2.484375 -8.511522245898017e-22
2.484619140625 -1.059883200294171e-21
2.48486328125 -9.768307838062933e-22
2.485107421875 -9.033471287007164e-22
2.4853515625 -1.063220551840426e-21
2.485595703125 -1.139318544295364e-21
2.48583984375 -7.05218050666228e-22
2.486083984375 2.804365230061273e-23
2.486328125 3.573051197459564e-22
2.486572265625 2.670965898696251e-23
2.48681640625 -3.663402597196822e-22
2.487060546875 -8.812273799787922e-23
2.4873046875 8.434511386391871e-22
2.487548828125 1.690693132706469e-21
2.48779296875 1.812980010719429e-21
2.488037109375 1.301672228602778e-21
2.48828125 8.236190299083067e-22
2.488525390625 9.041971749056783e-22
2.48876953125 1.382017238257067e-21
2.489013671875 1.609864738033602e-21
2.4892578125 1.211006141874708e-21
2.489501953125 5.079239154215989e-22
2.48974609375 8.138671788507417e-23
2.489990234375 5.595103061895179e-23
2.490234375 7.739428536425574e-23
2.490478515625 -7.248031674225717e-23
2.49072265625 -1.68910554722586e-22
2.490966796875 9.319769279213178e-23
2.4912109375 7.320071300909694e-22
2.491455078125 1.592332258332867e-21
2.49169921875 2.545244555059886e-21
2.491943359375 3.409312290868956e-21
2.4921875 3.954438049036098e-21
2.492431640625 4.235997546228182e-21
2.49267578125 4.691371949799995e-21
2.492919921875 5.580795366861201e-21
2.4931640625 6.485569239706697e-21
2.493408203125 6.716624736626371e-21
2.49365234375 6.14279655748836e-21
2.493896484375 5.250391415437257e-21
2.494140625 4.417172503184526e-21
2.494384765625 3.549983385029325e-21
2.49462890625 2.52415995596067e-21
2.494873046875 1.552419576144492e-21
2.4951171875 8.85647511700965e-22
2.495361328125 4.770172072350351e-22
2.49560546875 2.190573592551958e-22
2.495849609375 2.283084604805031e-22
2.49609375 5.500737757712167e-22
2.496337890625 8.142628638166996e-22
2.49658203125 6.322839276649748e-22
2.496826171875 2.408979785104907e-22
2.4970703125 2.794419123778574e-22
2.497314453125 8.929925015331632e-22
2.49755859375 1.519304211971371e-21
2.497802734375 1.719716529172393e-21
2.498046875 1.780916309389508e-21
2.498291015625 2.190306115733555e-21
2.49853515625 2.85765687076637e-21
2.498779296875 3.274282810188213e-21
2.4990234375 3.263135480247126e-21
2.499267578125 3.127763770156925e-21
2.49951171875 3.079614330476143e-21
2.499755859375 2.913625503987379e-21
2.5 2.355682280552422e-21
2.500244140625 1.45585708291468e-21
2.50048828125 5.119614517319601e-22
2.500732421875 -2.179432515603099e-22
2.5009765625 -6.558735883616209e-22
2.501220703125 -9.275301132477265e-22
2.50146484375 -1.2846136471179e-21
2.501708984375 -1.812775343740747e-21
2.501953125 -2.196117628050948e-21
2.502197265625 -2.022759031854568e-21
2.50244140625 -1.38159530892332e-21
2.502685546875 -8.568283749154951e-22
2.5029296875 -8.055477976755486e-22
2.503173828125 -9.672640254655945e-22
2.50341796875 -9.914256174594425e-22
2.503662109375 -9.800136496699834e-22
2.50390625 -1.138228503938055e-21
2.504150390625 -1.209967500412516e-21
2.50439453125 -8.204485843386173e-22
2.504638671875 -2.5690960039235e-22
2.5048828125 -2.867759410576284e-22
2.505126953125 -1.100390012519811e-21
2.50537109375 -1.99246995503654e-21
2.505615234375 -2.329284115983466e-21
2.505859375 -2.337201369088485e-21
2.506103515625 -2.571431779005153e-21
2.50634765625 -3.018002537348977e-21
2.506591796875 -3.223867226433976e-21
2.5068359375 -3.074045102808704e-21
2.507080078125 -2.892146510424035e-21
2.50732421875 -2.842138043083843e-21
2.507568359375 -2.750055808552441e-21
2.5078125 -2.571469937433653e-21
2.508056640625 -2.557255238672776e-21
2.50830078125 -2.784266073185369e-21
2.508544921875 -2.907084045181542e-21
2.5087890625 -2.606743890530779e-21
2.509033203125 -2.006473055728139e-21
2.50927734375 -1.439628048797014e-21
2.509521484375 -1.069791993174688e-21
2.509765625 -9.404135233525423e-22
2.510009765625 -1.099355950493178e-21
2.51025390625 -1.389626813227395e-21
2.510498046875 -1.388568618836649e-21
2.5107421875 -9.114805574722254e-22
2.510986328125 -3.6132826716005e-22
2.51123046875 -1.854151609060188e-22
2.511474609375 -1.793861046462804e-22
2.51171875 1.850836343767257e-22
2.511962890625 8.649117502668585e-22
2.51220703125 1.258937699365779e-21
2.512451171875 1.136789632666205e-21
2.5126953125 9.494357736546461e-22
2.512939453125 1.047546407041958e-21
2.51318359375 1.181261550236832e-21
2.513427734375 1.086392371763295e-21
2.513671875 1.029488247404734e-21
2.513916015625 1.321023526687114e-21
2.51416015625 1.701507744397184e-21
2.514404296875 1.719338517500034e-21
2.5146484375 1.417146268453565e-21
2.514892578125 1.133885781675762e-21
2.51513671875 8.793205588062623e-22
2.515380859375 4.526874446749378e-22
2.515625 -8.451155406833388e-24
2.515869140625 -1.837475731738911e-22
2.51611328125 -1.673300411159754e-22
2.516357421875 -3.31473515687071e-22
2.5166015625 -6.562022209665506e-22
2.516845703125 -7.770926238869579e-22
2.51708984375 -6.489568324410286e-22
2.517333984375 -5.151908385607031e-22
2.517578125 -2.360385920204692e-22
2.517822265625 5.71146405131042e-22
2.51806640625 1.584538062765686e-21
2.518310546875 1.83362049564394e-21
2.5185546875 1.093564471311538e-21
2.518798828125 4.416387455325617e-22
2.51904296875 8.389797286116294e-22
2.519287109375 1.794051936556899e-21
2.51953125 2.138330799732844e-21
2.519775390625 1.64820538613475e-21
2.52001953125 1.111586455436648e-21
2.520263671875 1.081190950651519e-21
2.5205078125 1.366076186185446e-21
2.520751953125 1.661001060475867e-21
2.52099609375 1.949143761739237e-21
2.521240234375 2.230062767265176e-21
2.521484375 2.427424245020436e-21
2.521728515625 2.639046902322276e-21
2.52197265625 3.010484443194747e-21
2.522216796875 3.339965445464925e-21
2.5224609375 3.259992529673829e-21
2.522705078125 2.809154859558768e-21
2.52294921875 2.365018699298504e-21
2.523193359375 2.020277476187608e-21
2.5234375 1.518235832013432e-21
2.523681640625 8.24425874600122e-22
2.52392578125 2.402377073022149e-22
2.524169921875 -1.301302244446113e-22
2.5244140625 -5.215172976582641e-22
2.524658203125 -1.008845111709255e-21
2.52490234375 -1.354398513610467e-21
2.525146484375 -1.473075458640818e-21
2.525390625 -1.553848523844738e-21
2.525634765625 -1.582830107060664e-21
2.52587890625 -1.285786887466504e-21
2.526123046875 -7.512912242830713e-22
2.5263671875 -5.555259802547425e-22
2.526611328125 -9.652163740333962e-22
2.52685546875 -1.533059945768593e-21
2.527099609375 -1.839309300771091e-21
2.52734375 -2.118592026763769e-21
2.527587890625 -2.683900978408537e-21
2.52783203125 -3.188258237865005e-21
2.528076171875 -3.058035011396604e-21
2.5283203125 -2.37855922470542e-21
2.528564453125 -1.759242521011736e-21
2.52880859375 -1.484240270941886e-21
2.529052734375 -1.355355285364748e-21
2.529296875 -1.284272826924749e-21
2.529541015625 -1.469242875105504e-21
2.52978515625 -1.926895848763728e-21
2.530029296875 -2.322185122456717e-21
2.5302734375 -2.409865301905733e-21
2.530517578125 -2.321193797715602e-21
2.53076171875 -2.295012896549655e-21
2.531005859375 -2.385270471211869e-21
2.53125 -2.541249274083781e-21
2.531494140625 -2.761993327974433e-21
2.53173828125 -3.048922394978959e-21
2.531982421875 -3.327510667666158e-21
2.5322265625 -3.495262355933146e-21
2.532470703125 -3.498151112138097e-21
2.53271484375 -3.36154549336332e-21
2.532958984375 -3.174028887185515e-21
2.533203125 -2.979303476069685e-21
2.533447265625 -2.686739963788638e-21
2.53369140625 -2.240421713338348e-21
2.533935546875 -1.859677308090436e-21
2.5341796875 -1.815726541884413e-21
2.534423828125 -1.906198118901511e-21
2.53466796875 -1.564517242796487e-21
2.534912109375 -7.119218607742982e-22
2.53515625 -5.400986027482107e-23
2.535400390625 -1.416963641046817e-22
2.53564453125 -5.494565484703648e-22
2.535888671875 -5.252721107660955e-22
2.5361328125 -1.200583539165191e-22
2.536376953125 1.158516907257518e-23
2.53662109375 -2.676176759081746e-22
2.536865234375 -4.451261435582544e-22
2.537109375 -3.356450866068134e-22
2.537353515625 -3.752381787885974e-22
2.53759765625 -7.481350322354994e-22
2.537841796875 -9.844405506420721e-22
2.5380859375 -7.91937566012542e-22
2.538330078125 -6.243361865638307e-22
2.53857421875 -9.233494936087182e-22
2.538818359375 -1.320168005441867e-21
2.5390625 -1.168894620139731e-21
2.539306640625 -5.071426373723102e-22
2.53955078125 9.655586805228315e-23
2.539794921875 3.923897049894519e-22
2.5400390625 5.674061141125253e-22
2.540283203125 6.990477665267995e-22
2.54052734375 7.01593464526186e-22
2.540771484375 7.532188609299649e-22
2.541015625 1.157889538975937e-21
2.541259765625 1.700884745175816e-21
2.54150390625 1.723033339079724e-21
2.541748046875 1.074613928507622e-21
2.5419921875 5.242560523868683e-22
2.542236328125 8.600610659548358e-22
2.54248046875 1.881410119338551e-21
2.542724609375 2.667515838993428e-21
2.54296875 2.698789182386357e-21
2.543212890625 2.344089289802173e-21
2.54345703125 2.256118714230468e-21
2.543701171875 2.6175268082775e-21
2.5439453125 3.107495062449916e-21
2.544189453125 3.38648269181152e-21
2.54443359375 3.395540973999075e-21
2.544677734375 3.242146610078033e-21
2.544921875 3.00299550643186e-21
2.545166015625 2.710310281015377e-21
2.54541015625 2.407881404158422e-21
2.545654296875 2.112951225600131e-21
2.5458984375 1.787221618663756e-21
2.546142578125 1.447021832680865e-21
2.54638671875 1.241203586988523e-21
2.546630859375 1.286922632906372e-21
2.546875 1.464980298973198e-21
2.547119140625 1.534685335512567e-21
2.54736328125 1.447695741883403e-21
2.547607421875 1.390062022732812e-21
2.5478515625 1.509806836524216e-21
2.548095703125 1.77856022054318e-21
2.54833984375 2.130842244613901e-21
2.548583984375 2.522557039677172e-21
2.548828125 2.813695970676448e-21
2.549072265625 2.855637623536169e-21
2.54931640625 2.793572931319492e-21
2.549560546875 2.996722761395844e-21
2.5498046875 3.514469980020418e-21
2.550048828125 3.885545781708098e-21
2.55029296875 3.739766682850248e-21
2.550537109375 3.330608783846671e-21
2.55078125 3.142986748036693e-21
2.551025390625 3.190881970778677e-21
2.55126953125 3.116861742165474e-21
2.551513671875 2.852665212133136e-21
2.5517578125 2.69607323638457e-21
2.552001953125 2.725969143526549e-21
2.55224609375 2.622440335300534e-21
2.552490234375 2.217401891162689e-21
2.552734375 1.82652540019227e-21
2.552978515625 1.800375884469647e-21
2.55322265625 2.026366887723799e-21
2.553466796875 2.114905743056052e-21
2.5537109375 1.883061648184744e-21
2.553955078125 1.446561719472511e-21
2.55419921875 9.94006565457532e-22
2.554443359375 6.585767717665271e-22
2.5546875 4.796669647832767e-22
2.554931640625 3.337754745398942e-22
2.55517578125 4.176809010339762e-23
2.555419921875 -3.183791764718562e-22
2.5556640625 -3.960279250954874e-22
2.555908203125 -6.615412006562582e-23
2.55615234375 2.405001041730628e-22
2.556396484375 -9.589972129850966e-25
2.556640625 -6.955695701807777e-22
2.556884765625 -1.171660314945439e-21
2.55712890625 -9.573137704311904e-22
2.557373046875 -2.824175297606586e-22
2.5576171875 2.366489367116646e-22
2.557861328125 2.113017609972953e-22
2.55810546875 -2.823743030474318e-22
2.558349609375 -8.870443740689179e-22
2.55859375 -1.263514672055159e-21
2.558837890625 -1.337628128805769e-21
2.55908203125 -1.382013719766244e-21
2.559326171875 -1.769555256056326e-21
2.5595703125 -2.511147494230943e-21
2.559814453125 -3.100284829072571e-21
2.56005859375 -3.001829342766031e-21
2.560302734375 -2.320062928727359e-21
2.560546875 -1.781951258525558e-21
2.560791015625 -1.914060232112116e-21
2.56103515625 -2.394995338304583e-21
2.561279296875 -2.490467575970406e-21
2.5615234375 -2.070716901680502e-21
2.561767578125 -1.80890476286243e-21
2.56201171875 -2.217601613623225e-21
2.562255859375 -2.875697022017749e-21
2.5625 -2.994680454969184e-21
2.562744140625 -2.504434175149295e-21
2.56298828125 -2.055615411658037e-21
2.563232421875 -2.011077431880423e-21
2.5634765625 -2.023110950328353e-21
2.563720703125 -1.751955761017049e-21
2.56396484375 -1.432898687101136e-21
2.564208984375 -1.390681280766152e-21
2.564453125 -1.456056470082815e-21
2.564697265625 -1.336515564823306e-21
2.56494140625 -1.235964430480433e-21
2.565185546875 -1.554753250020761e-21
2.5654296875 -2.155905329174749e-21
2.565673828125 -2.503515279212215e-21
2.56591796875 -2.482828889661715e-21
2.566162109375 -2.525696751254011e-21
2.56640625 -2.866137940594664e-21
2.566650390625 -3.206660100471019e-21
2.56689453125 -3.274296952751015e-21
2.567138671875 -3.209392623651852e-21
2.5673828125 -3.175424207087969e-21
2.567626953125 -3.049370071092836e-21
2.56787109375 -2.800756707476388e-21
2.568115234375 -2.7345865571941e-21
2.568359375 -2.95523359432165e-21
2.568603515625 -2.985907636388581e-21
2.56884765625 -2.445559388823348e-21
2.569091796875 -1.80466290202605e-21
2.5693359375 -1.828536953478948e-21
2.569580078125 -2.413317007461078e-21
2.56982421875 -2.687194425075134e-21
2.570068359375 -2.316033833107711e-21
2.5703125 -1.97770907796895e-21
2.570556640625 -2.279661587688943e-21
2.57080078125 -2.891055176144894e-21
2.571044921875 -3.221150583409547e-21
2.5712890625 -3.376077413845844e-21
2.571533203125 -3.753007313601325e-21
2.57177734375 -4.067341004294573e-21
2.572021484375 -3.648044064934698e-21
2.572265625 -2.639969294393796e-21
2.572509765625 -2.037602578765662e-21
2.57275390625 -2.267608549217677e-21
2.572998046875 -2.483236578809072e-21
2.5732421875 -1.756306529867546e-21
2.573486328125 -4.245238987481641e-22
2.57373046875 3.820689178734394e-22
2.573974609375 2.528839131007771e-22
2.57421875 -1.316169392060954e-22
2.574462890625 -4.661786814921875e-23
2.57470703125 5.034999968259109e-22
2.574951171875 1.162830189008115e-21
2.5751953125 1.805253398249263e-21
2.575439453125 2.43660947568102e-21
2.57568359375 2.89257630199521e-21
2.575927734375 3.012943132707775e-21
2.576171875 2.958371470160099e-21
2.576416015625 3.037146644520619e-21
2.57666015625 3.258569326608991e-21
2.576904296875 3.306219262310507e-21
2.5771484375 2.990668255085399e-21
2.577392578125 2.547413673218825e-21
2.57763671875 2.374575856681449e-21
2.577880859375 2.552123098057079e-21
2.578125 2.766446984815386e-21
2.578369140625 2.750135884315187e-21
2.57861328125 2.648007805235148e-21
2.578857421875 2.767886321306156e-21
2.5791015625 3.051573298144064e-21
2.579345703125 3.099171824490242e-21
2.57958984375 2.778336942158181e-21
2.579833984375 2.457623268611408e-21
2.580078125 2.428248261222907e-21
2.580322265625 2.438456658002759e-21
2.58056640625 2.146924781033162e-21
2.580810546875 1.745317002922964e-21
2.5810546875 1.664977727474853e-21
2.581298828125 1.864509416666679e-21
2.58154296875 1.948936442912894e-21
2.581787109375 1.892757025308355e-21
2.58203125 2.049660734255798e-21
2.582275390625 2.446414707089522e-21
2.58251953125 2.700757465978628e-21
2.582763671875 2.748032770459045e-21
2.5830078125 2.990783736694942e-21
2.583251953125 3.491534380810758e-21
2.58349609375 3.677010017701181e-21
2.583740234375 3.237957707164131e-21
2.583984375 2.733774716256108e-21
2.584228515625 2.778185684360292e-21
2.58447265625 3.091860348863832e-21
2.584716796875 2.967694048697792e-21
2.5849609375 2.343936991207348e-21
2.585205078125 1.765709267285184e-21
2.58544921875 1.453762246154247e-21
2.585693359375 1.053360797936096e-21
2.5859375 3.229518716276315e-22
2.586181640625 -4.428702959750706e-22
2.58642578125 -8.034461588896342e-22
2.586669921875 -6.733070888262131e-22
2.5869140625 -3.49219696708876e-22
2.587158203125 -2.094779569061199e-22
2.58740234375 -3.677638683472432e-22
2.587646484375 -5.203311602260802e-22
2.587890625 -2.758032663062737e-22
2.588134765625 2.694655926880737e-22
2.58837890625 5.588194534250632e-22
2.588623046875 3.424575233383458e-22
2.5888671875 5.848818695619112e-23
2.589111328125 1.712083425774584e-22
2.58935546875 5.045205402686279e-22
2.589599609375 6.101330678553015e-22
2.58984375 4.465295455620404e-22
2.590087890625 2.461221016778742e-22
2.59033203125 2.554973888873545e-23
2.590576171875 -2.840826332890241e-22
2.5908203125 -5.178935373476302e-22
2.591064453125 -6.148178299304131e-22
2.59130859375 -9.789144083991432e-22
2.591552734375 -1.904933791977411e-21
2.591796875 -2.897733008671123e-21
2.592041015625 -3.224680793496317e-21
2.59228515625 -2.955751095650042e-21
2.592529296875 -2.764545892748872e-21
2.5927734375 -2.846321521390944e-21
2.593017578125 -2.782191945933246e-21
2.59326171875 -2.405869852984346e-21
2.593505859375 -2.011767270601148e-21
2.59375 -1.644736010765909e-21
2.593994140625 -9.348302744090995e-22
2.59423828125 2.065462249535409e-22
2.594482421875 1.355847195400812e-21
2.5947265625 2.153174825319619e-21
2.594970703125 2.524429912036222e-21
2.59521484375 2.323591479195128e-21
2.595458984375 1.463242445068462e-21
2.595703125 4.684345418777932e-22
2.595947265625 1.38716241725535e-22
2.59619140625 4.98741617372783e-22
2.596435546875 7.980778097544535e-22
2.5966796875 6.721219159688855e-22
2.596923828125 5.033615172389794e-22
2.59716796875 4.790285665618061e-22
2.597412109375 2.165490764605147e-22
2.59765625 -3.635592365262244e-22
2.597900390625 -7.305529464564096e-22
2.59814453125 -7.447692682996468e-22
2.598388671875 -1.037242664646489e-21
2.5986328125 -1.83515524764937e-21
2.598876953125 -2.332054304501849e-21
2.59912109375 -1.947137696662194e-21
2.599365234375 -1.359771162860342e-21
2.599609375 -1.429559074621619e-21
2.599853515625 -1.837985040479694e-21
2.60009765625 -1.794699178048165e-21
2.600341796875 -1.469125598112254e-21
2.6005859375 -1.585740439746911e-21
2.600830078125 -2.003084654172677e-21
2.60107421875 -1.895403641012684e-21
2.601318359375 -1.205708319786701e-21
2.6015625 -7.784618797025934e-22
2.601806640625 -9.863687531672954e-22
2.60205078125 -1.265178082154717e-21
2.602294921875 -1.226844351609792e-21
2.6025390625 -1.279604136044034e-21
2.602783203125 -1.728998468017174e-21
2.60302734375 -2.030555072073937e-21
2.603271484375 -1.510009918477925e-21
2.603515625 -3.765874240164864e-22
2.603759765625 5.149477613336056e-22
2.60400390625 7.036754329997838e-22
2.604248046875 5.127433099699156e-22
2.6044921875 4.631121853765478e-22
2.604736328125 6.08723649867677e-22
2.60498046875 5.775280620661711e-22
2.605224609375 1.833736232753299e-22
2.60546875 -2.11764071194169e-22
2.605712890625 -1.505691034737015e-22
2.60595703125 2.003025265948467e-22
2.606201171875 1.683558906615092e-22
2.6064453125 -5.018026074940888e-22
2.606689453125 -1.278747797089446e-21
2.60693359375 -1.61689564978323e-21
2.607177734375 -1.633691509136472e-21
2.607421875 -1.647794315385091e-21
2.607666015625 -1.49159539437369e-21
2.60791015625 -8.284872357374298e-22
2.608154296875 1.452209815702793e-22
2.6083984375 9.044124522142748e-22
2.608642578125 1.333408597411984e-21
2.60888671875 1.708169971182396e-21
2.609130859375 2.050306198293668e-21
2.609375 2.048999833765014e-21
2.609619140625 1.62155723898159e-21
2.60986328125 1.08964419937271e-21
2.610107421875 7.68029696471472e-22
2.6103515625 7.268047159494966e-22
2.610595703125 9.176880049185585e-22
2.61083984375 1.19660480674707e-21
2.611083984375 1.304688448395979e-21
2.611328125 1.172447837800039e-21
2.611572265625 1.125881206846588e-21
2.61181640625 1.421832304863315e-21
2.612060546875 1.728713469203109e-21
2.6123046875 1.516780929330218e-21
2.612548828125 8.713060437378198e-22
2.61279296875 4.442609555862426e-22
2.613037109375 6.043200975266801e-22
2.61328125 1.052137348233755e-21
2.613525390625 1.299367337255967e-21
2.61376953125 1.158539619928422e-21
2.614013671875 7.109819648537277e-22
2.6142578125 8.743242055745008e-23
2.614501953125 -6.464406340900601e-22
2.61474609375 -1.507494686053267e-21
2.614990234375 -2.416107440437313e-21
2.615234375 -2.955291582224936e-21
2.615478515625 -2.640057983244805e-21
2.61572265625 -1.611538087126301e-21
2.615966796875 -6.465141040013524e-22
2.6162109375 -1.909262076867923e-22
2.616455078125 1.293707659079488e-22
2.61669921875 6.662217102751662e-22
2.616943359375 1.048893168930881e-21
2.6171875 9.410272656348547e-22
2.617431640625 8.707891744329121e-22
2.61767578125 1.425808407936973e-21
2.617919921875 2.09182491412763e-21
2.6181640625 1.933187838826743e-21
2.618408203125 1.14961493884187e-21
2.61865234375 8.358310539425997e-22
2.618896484375 1.276053218271739e-21
2.619140625 1.608854304991445e-21
2.619384765625 1.277932576795621e-21
2.61962890625 7.158387950118422e-22
2.619873046875 3.500622083451375e-22
2.6201171875 -2.179956670773487e-23
2.620361328125 -4.957952377771012e-22
2.62060546875 -6.54222516247888e-22
2.620849609375 -3.555770232089446e-22
2.62109375 -1.104381796417984e-22
2.621337890625 -2.070512014874845e-22
2.62158203125 -2.170745190936966e-22
2.621826171875 1.795342768780774e-22
2.6220703125 6.338909928085808e-22
2.622314453125 8.748537052078074e-22
2.62255859375 1.247708628054918e-21
2.622802734375 1.922762003646763e-21
2.623046875 2.281768169343671e-21
2.623291015625 1.786874326720626e-21
2.62353515625 8.862300139435355e-22
2.623779296875 3.568909412302408e-22
2.6240234375 2.293316135800158e-22
2.624267578125 5.073332516524811e-23
2.62451171875 -2.165121584404133e-22
2.624755859375 -2.853634443641854e-22
2.625 -2.232096117111141e-22
2.625244140625 -3.615269697211188e-22
2.62548828125 -7.351060614511298e-22
2.625732421875 -1.165335833242507e-21
2.6259765625 -1.658988471827329e-21
2.626220703125 -2.199710198805988e-21
2.62646484375 -2.426473088728966e-21
2.626708984375 -2.086889734160739e-21
2.626953125 -1.559985540712495e-21
2.627197265625 -1.363055498016578e-21
2.62744140625 -1.385209359339427e-21
2.627685546875 -1.196217120115353e-21
2.6279296875 -8.647054327482583e-22
2.628173828125 -8.011503544979789e-22
2.62841796875 -9.655223092186391e-22
2.628662109375 -9.572679169780388e-22
2.62890625 -8.403171291134787e-22
2.629150390625 -1.145403955114685e-21
2.62939453125 -1.944091485214887e-21
2.629638671875 -2.557708048576104e-21
2.6298828125 -2.40044993898735e-21
2.630126953125 -1.640105643428468e-21
2.63037109375 -8.474091332712936e-22
2.630615234375 -4.066716683694923e-22
2.630859375 -4.27384080118528e-22
2.631103515625 -8.220447605201169e-22
2.63134765625 -1.248185611763749e-21
2.631591796875 -1.2940330849842e-21
2.6318359375 -9.46066350389868e-22
2.632080078125 -6.502323551583864e-22
2.63232421875 -7.578888844370939e-22
2.632568359375 -1.128380001091874e-21
2.6328125 -1.407629675556691e-21
2.633056640625 -1.462194207682247e-21
2.63330078125 -1.359956054482113e-21
2.633544921875 -1.117102296033938e-21
2.6337890625 -7.037152716970414e-22
2.634033203125 -2.415864722033521e-22
2.63427734375 4.912378784240619e-25
2.634521484375 -1.227374637291746e-22
2.634765625 -4.14341249919855e-22
2.635009765625 -4.535826197669008e-22
2.63525390625 5.29920290563561e-24
2.635498046875 7.543998367011282e-22
2.6357421875 1.331336351315934e-21
2.635986328125 1.506065515760551e-21
2.63623046875 1.459747053085014e-21
2.636474609375 1.468416163985618e-21
2.63671875 1.577868195909351e-21
2.636962890625 1.64581423005818e-21
2.63720703125 1.500392190212604e-21
2.637451171875 9.500591699147244e-22
2.6376953125 -1.269334080118163e-22
2.637939453125 -1.496081951045013e-21
2.63818359375 -2.552896567493074e-21
2.638427734375 -2.857877246440824e-21
2.638671875 -2.602773488771305e-21
2.638916015625 -2.327070415771408e-21
2.63916015625 -2.239138454394509e-21
2.639404296875 -2.041824053487211e-21
2.6396484375 -1.422551634549115e-21
2.639892578125 -5.284299373067929e-22
2.64013671875 1.146503472574024e-22
2.640380859375 1.189903858740268e-22
2.640625 -3.245334171252785e-22
2.640869140625 -5.670464362969926e-22
2.64111328125 -1.874729834999514e-22
2.641357421875 4.903127459235337e-22
2.6416015625 7.995771550218645e-22
2.641845703125 6.277568047247135e-22
2.64208984375 5.387542044307971e-22
2.642333984375 8.881282453404962e-22
2.642578125 1.267171711026433e-21
2.642822265625 1.161984474176894e-21
2.64306640625 8.024959132954168e-22
2.643310546875 8.655700143018076e-22
2.6435546875 1.511465876040875e-21
2.643798828125 2.224745841461447e-21
2.64404296875 2.585933497257426e-21
2.644287109375 2.725111109476132e-21
2.64453125 2.907752595641999e-21
2.644775390625 3.072130987828439e-21
2.64501953125 2.99138147618681e-21
2.645263671875 2.643101000752943e-21
2.6455078125 2.203897171863651e-21
2.645751953125 1.822615511520146e-21
2.64599609375 1.569650980339401e-21
2.646240234375 1.498105289516164e-21
2.646484375 1.573131806075108e-21
2.646728515625 1.591229297114861e-21
2.64697265625 1.357673003618251e-21
2.647216796875 9.784786188657574e-22
2.6474609375 8.127245004633505e-22
2.647705078125 1.026227708954825e-21
2.64794921875 1.333652315596723e-21
2.648193359375 1.388277951068492e-21
2.6484375 1.322766483571744e-21
2.648681640625 1.54623562474317e-21
2.64892578125 1.967606699144615e-21
2.649169921875 1.900894528749368e-21
2.6494140625 1.042298863673701e-21
2.649658203125 1.019113929597779e-22
2.64990234375 -5.854000036942282e-23
2.650146484375 3.925250295124855e-22
2.650390625 6.019618674959132e-22
2.650634765625 3.887730521783726e-22
2.65087890625 4.468250865903508e-22
2.651123046875 1.12175097862651e-21
2.6513671875 1.817087872450293e-21
2.651611328125 1.931516202742363e-21
2.65185546875 1.65375896982255e-21
2.652099609375 1.376633078588553e-21
2.65234375 9.772211289848089e-22
2.652587890625 2.705738373569908e-22
2.65283203125 -3.495702821149943e-22
2.653076171875 -4.25102085199941e-22
2.6533203125 -2.574680428782232e-22
2.653564453125 -5.276248840002037e-22
2.65380859375 -1.272091220316114e-21
2.654052734375 -1.864421424392943e-21
2.654296875 -1.931265095997395e-21
2.654541015625 -1.727827892820247e-21
2.65478515625 -1.615124169588048e-21
2.655029296875 -1.622881766132676e-21
2.6552734375 -1.535049500477531e-21
2.655517578125 -1.065317343621267e-21
2.65576171875 -3.763501587943228e-23
2.656005859375 1.265258888334873e-21
2.65625 2.102201392101883e-21
2.656494140625 2.049173114059606e-21
2.65673828125 1.626681188484743e-21
2.656982421875 1.679655224332772e-21
2.6572265625 2.247094045588542e-21
2.657470703125 2.571098383530491e-21
2.65771484375 2.184600337930168e-21
2.657958984375 1.443837458749211e-21
2.658203125 9.170297704491179e-22
2.658447265625 7.326719851970753e-22
2.65869140625 6.591640884308377e-22
2.658935546875 4.275833305499656e-22
2.6591796875 -1.539899352086619e-22
2.659423828125 -1.067888250589011e-21
2.65966796875 -1.952136948521997e-21
2.659912109375 -2.374215704830965e-21
2.66015625 -2.306239060778822e-21
2.660400390625 -2.088663153185544e-21
2.66064453125 -1.94052073741985e-21
2.660888671875 -1.794463440785804e-21
2.6611328125 -1.581316908921586e-21
2.661376953125 -1.345003594373066e-21
2.66162109375 -1.085257592068995e-21
2.661865234375 -8.086188760789724e-22
2.662109375 -7.085367829574404e-22
2.662353515625 -9.579604830084181e-22
2.66259765625 -1.356898836677421e-21
2.662841796875 -1.533362482898134e-21
2.6630859375 -1.446259278539592e-21
2.663330078125 -1.330903434370446e-21
2.66357421875 -1.241546902869563e-21
2.663818359375 -1.081112127683505e-21
2.6640625 -9.832791225824145e-22
2.664306640625 -1.134059010745314e-21
2.66455078125 -1.265351931642437e-21
2.664794921875 -9.40234789071193e-22
2.6650390625 -3.830168997805423e-22
2.665283203125 -3.58974492573285e-22
2.66552734375 -1.059592803050214e-21
2.665771484375 -1.764269523294553e-21
2.666015625 -1.890709242794816e-21
2.666259765625 -1.763550058837934e-21
2.66650390625 -1.959432542242137e-21
2.666748046875 -2.440161673265636e-21
2.6669921875 -2.796871907760916e-21
2.667236328125 -2.895075574852166e-21
2.66748046875 -2.772194368511014e-21
2.667724609375 -2.269805542551236e-21
2.66796875 -1.318959838051137e-21
2.668212890625 -3.416926682567145e-22
2.66845703125 1.660177229973787e-22
2.668701171875 3.105574434511164e-22
2.6689453125 5.925134713607893e-22
2.669189453125 1.12179317778013e-21
2.66943359375 1.484117934923002e-21
2.669677734375 1.361923218913642e-21
2.669921875 8.974232731846061e-22
2.670166015625 4.049290491230277e-22
2.67041015625 3.368862819139956e-23
2.670654296875 -2.192064354361255e-22
2.6708984375 -3.874104623523241e-22
2.671142578125 -5.046734730495864e-22
2.67138671875 -5.79941931658473e-22
2.671630859375 -5.784992454129343e-22
2.671875 -4.754048637887702e-22
2.672119140625 -2.908415997584128e-22
2.67236328125 -7.58074987619101e-23
2.672607421875 3.087481579779979e-23
2.6728515625 -2.056457095996076e-22
2.673095703125 -8.1931239113059e-22
2.67333984375 -1.368512213982589e-21
2.673583984375 -1.327270512247613e-21
2.673828125 -8.143622476009374e-22
2.674072265625 -4.997378634767451e-22
2.67431640625 -6.283444572146445e-22
2.674560546875 -6.340560516398089e-22
2.6748046875 -3.540881362250424e-23
2.675048828125 7.690754756102763e-22
2.67529296875 1.069847295366833e-21
2.675537109375 8.384486961178978e-22
2.67578125 6.152404799952242e-22
2.676025390625 6.712519903378042e-22
2.67626953125 8.354117629857114e-22
2.676513671875 9.665009311723724e-22
2.6767578125 1.028774366512823e-21
2.677001953125 8.215302630964982e-22
2.67724609375 2.129630465015426e-22
2.677490234375 -4.119138516022399e-22
2.677734375 -5.078871793473678e-22
2.677978515625 -1.621700691831629e-22
2.67822265625 4.091064008316578e-23
2.678466796875 -4.301670448776529e-23
2.6787109375 4.737275951831301e-23
2.678955078125 5.020898895150806e-22
2.67919921875 8.752801921563933e-22
2.679443359375 8.627807400416967e-22
2.6796875 8.179581634879799e-22
2.679931640625 1.106443042255858e-21
2.68017578125 1.494588023001513e-21
2.680419921875 1.649370751371334e-21
2.6806640625 1.753592215723155e-21
2.680908203125 2.032769110946622e-21
2.68115234375 2.066450819503045e-21
2.681396484375 1.316301014272506e-21
2.681640625 1.711733613869636e-22
2.681884765625 -3.237466349955198e-22
2.68212890625 1.2519132451153e-22
2.682373046875 6.153805236103493e-22
2.6826171875 2.807586459967935e-22
2.682861328125 -6.029356419676848e-22
2.68310546875 -1.15548547415574e-21
2.683349609375 -1.101568756391592e-21
2.68359375 -8.985614160666112e-22
2.683837890625 -8.702379445202577e-22
2.68408203125 -8.093410695440153e-22
2.684326171875 -4.978706032958577e-22
2.6845703125 -1.313008146440515e-22
2.684814453125 4.035468485376541e-24
2.68505859375 -4.893821363241638e-23
2.685302734375 -1.013800907237417e-22
2.685546875 -2.175558167996831e-22
2.685791015625 -6.218757415271156e-22
2.68603515625 -1.286365073282957e-21
2.686279296875 -1.883447818062189e-21
2.6865234375 -2.145976900702679e-21
2.686767578125 -2.073125910490679e-21
2.68701171875 -1.810953329137777e-21
2.687255859375 -1.554616415960424e-21
2.6875 -1.537829315907472e-21
2.687744140625 -1.827184235890597e-21
2.68798828125 -2.085184970878783e-21
2.688232421875 -1.843600428520865e-21
2.6884765625 -1.114887858666623e-21
2.688720703125 -4.213127223590385e-22
2.68896484375 -6.755899445814213e-23
2.689208984375 2.619505382286722e-22
2.689453125 9.156239277449853e-22
2.689697265625 1.630656708779947e-21
2.68994140625 1.898171471212907e-21
2.690185546875 1.757054281972361e-21
2.6904296875 1.737472747069482e-21
2.690673828125 2.079869884019704e-21
2.69091796875 2.470300518399945e-21
2.691162109375 2.571514363041652e-21
2.69140625 2.39090130273673e-21
2.691650390625 2.05750705483433e-21
2.69189453125 1.657691704523185e-21
2.692138671875 1.415392599708589e-21
2.6923828125 1.609911258225945e-21
2.692626953125 2.096456605648751e-21
2.69287109375 2.28303448777419e-21
2.693115234375 1.870809618221371e-21
2.693359375 1.3099753792498e-21
2.693603515625 1.18627180269182e-21
2.69384765625 1.397593661507892e-21
2.694091796875 1.33699061117868e-21
2.6943359375 7.793143748988226e-22
2.694580078125 1.920217054388221e-22
2.69482421875 1.316528770229769e-22
2.695068359375 6.126287411099888e-22
2.6953125 1.157195330929261e-21
2.695556640625 1.300194559594379e-21
2.69580078125 9.730643144258133e-22
2.696044921875 4.822620542974658e-22
2.6962890625 1.622810623479472e-22
2.696533203125 6.261942211851551e-23
2.69677734375 3.641061599309698e-23
2.697021484375 9.285968805210028e-23
2.697265625 4.320228663847621e-22
2.697509765625 1.039022727147324e-21
2.69775390625 1.506617253475279e-21
2.697998046875 1.491348733128245e-21
2.6982421875 1.152583175490529e-21
2.698486328125 8.541001548228137e-22
2.69873046875 5.836625527130756e-22
2.698974609375 4.54469557840993e-23
2.69921875 -6.992828482613923e-22
2.699462890625 -1.089716988062006e-21
2.69970703125 -7.206540250219292e-22
2.699951171875 1.221473184539148e-22
2.7001953125 7.738419826785618e-22
2.700439453125 8.85348397880118e-22
2.70068359375 6.387868173632428e-22
2.700927734375 3.846518706654057e-22
2.701171875 2.786811067869952e-22
2.701416015625 2.981988178701948e-22
2.70166015625 4.47231688863474e-22
2.701904296875 7.762607385063951e-22
2.7021484375 1.17385738843112e-21
2.702392578125 1.282657648248684e-21
2.70263671875 8.00447004022735e-22
2.702880859375 -1.385855736118165e-22
2.703125 -1.055054457285492e-21
2.703369140625 -1.641841255584446e-21
2.70361328125 -2.009129801829669e-21
2.703857421875 -2.336862106880402e-21
2.7041015625 -2.522587282212361e-21
2.704345703125 -2.382901217467751e-21
2.70458984375 -2.027431962532919e-21
2.704833984375 -1.749252099640634e-21
2.705078125 -1.608898010361344e-21
2.705322265625 -1.389255053748537e-21
2.70556640625 -9.629318891324672e-22
2.705810546875 -4.866544018279941e-22
2.7060546875 -1.945624219201231e-22
2.706298828125 -1.428450455220251e-22
2.70654296875 -1.685156496874734e-22
2.706787109375 -5.925940518172833e-24
2.70703125 4.902517004117466e-22
2.707275390625 1.120807315170417e-21
2.70751953125 1.454650521398128e-21
2.707763671875 1.326541001965776e-21
2.7080078125 1.076483449838543e-21
2.708251953125 1.071463672049664e-21
2.70849609375 1.155851502279078e-21
2.708740234375 8.983633769060913e-22
2.708984375 2.567880073160015e-22
2.709228515625 -4.104105531619051e-22
2.70947265625 -9.419825003322773e-22
2.709716796875 -1.503897046549996e-21
2.7099609375 -2.046780842802319e-21
2.710205078125 -2.140297936360646e-21
2.71044921875 -1.620552070717831e-21
2.710693359375 -1.025578980638854e-21
2.7109375 -1.02066553722406e-21
2.711181640625 -1.590663711203096e-21
2.71142578125 -2.132825362124902e-21
2.711669921875 -2.243937444748281e-21
2.7119140625 -2.108281285189381e-21
2.712158203125 -2.103449982677064e-21
2.71240234375 -2.265925271427928e-21
2.712646484375 -2.277212861295741e-21
2.712890625 -1.925022820250213e-21
2.713134765625 -1.454090208956687e-21
2.71337890625 -1.320510754221764e-21
2.713623046875 -1.578388332678775e-21
2.7138671875 -1.729628878193292e-21
2.714111328125 -1.367644526202913e-21
2.71435546875 -7.607902015026235e-22
2.714599609375 -4.739036760592582e-22
2.71484375 -5.611396167529396e-22
2.715087890625 -5.664949775430082e-22
2.71533203125 -2.754390599464747e-22
2.715576171875 2.506893240767811e-23
2.7158203125 9.164489355963617e-23
2.716064453125 2.594921804009104e-23
2.71630859375 -9.752621571092202e-23
2.716552734375 -3.692707227551442e-22
2.716796875 -5.76766065176184e-22
2.717041015625 -1.534555676079882e-22
2.71728515625 1.011813300113101e-21
2.717529296875 2.182614159883972e-21
2.7177734375 2.664065530827128e-21
2.718017578125 2.687168348995387e-21
2.71826171875 2.873633903241545e-21
2.718505859375 3.187178744054638e-21
2.71875 3.113766158630658e-21
2.718994140625 2.693582672575741e-21
2.71923828125 2.584772156681836e-21
2.719482421875 3.017441913214897e-21
2.7197265625 3.381426923972185e-21
2.719970703125 3.124324581194962e-21
2.72021484375 2.514279113060222e-21
2.720458984375 2.14070420819967e-21
2.720703125 2.064799149733607e-21
2.720947265625 1.923982451263229e-21
2.72119140625 1.645321609070345e-21
2.721435546875 1.540581889844779e-21
2.7216796875 1.690410297515875e-21
2.721923828125 1.686463712376418e-21
2.72216796875 1.191113811053005e-21
2.722412109375 4.548633964968134e-22
2.72265625 -2.662397823560875e-23
2.722900390625 -1.971205256995945e-22
2.72314453125 -3.9176726020666e-22
2.723388671875 -6.510019557444297e-22
2.7236328125 -5.868192604077777e-22
2.723876953125 -1.20986190388481e-22
2.72412109375 1.631560198054938e-22
2.724365234375 -1.44854784094618e-22
2.724609375 -5.015909015346131e-22
2.724853515625 -1.013157743520934e-22
2.72509765625 8.822034032267569e-22
2.725341796875 1.48455294493792e-21
2.7255859375 1.31601859088584e-21
2.725830078125 9.372573699606434e-22
2.72607421875 7.707204128766464e-22
2.726318359375 4.766260829158766e-22
2.7265625 -2.795857726629728e-22
2.726806640625 -1.203993975070268e-21
2.72705078125 -1.93390804094869e-21
2.727294921875 -2.528595889324744e-21
2.7275390625 -2.958539817107264e-21
2.727783203125 -2.832790862380565e-21
2.72802734375 -2.196894617902077e-21
2.728271484375 -1.87381318680402e-21
2.728515625 -2.298306726072648e-21
2.728759765625 -2.68717817141594e-21
2.72900390625 -2.217355885907518e-21
2.729248046875 -1.429900216663141e-21
2.7294921875 -1.469008151032242e-21
2.729736328125 -2.376520712325094e-21
2.72998046875 -3.201056269982866e-21
2.730224609375 -3.469378226534391e-21
2.73046875 -3.440989882754794e-21
2.730712890625 -3.145919877876472e-21
2.73095703125 -2.390276318369176e-21
2.731201171875 -1.667662670869475e-21
2.7314453125 -1.829038762398613e-21
2.731689453125 -2.705908831359015e-21
2.73193359375 -3.211895745137298e-21
2.732177734375 -3.005999777305255e-21
2.732421875 -2.884729454557312e-21
2.732666015625 -3.245039598127044e-21
2.73291015625 -3.415501590956209e-21
2.733154296875 -3.01062169929892e-21
2.7333984375 -2.699236182461581e-21
2.733642578125 -2.871252498044954e-21
2.73388671875 -2.667448528942607e-21
2.734130859375 -1.325919586113739e-21
2.734375 3.838434777009689e-22
2.734619140625 1.156454249724988e-21
2.73486328125 9.541875754276384e-22
2.735107421875 7.601727825099131e-22
2.7353515625 1.01010269448131e-21
2.735595703125 1.339911814370052e-21
2.73583984375 1.585358122916574e-21
2.736083984375 1.967172456737289e-21
2.736328125 2.382491566890723e-21
2.736572265625 2.456167259278496e-21
2.73681640625 2.297508492610705e-21
2.737060546875 2.366081593292132e-21
2.7373046875 2.538266812156359e-21
2.737548828125 2.112979847880969e-21
2.73779296875 9.078784640768392e-22
2.738037109375 -3.478388043841542e-22
2.73828125 -9.441328066264168e-22
2.738525390625 -9.458382039481467e-22
2.73876953125 -7.929405626039518e-22
2.739013671875 -6.617414751763919e-22
2.7392578125 -5.260904409191604e-22
2.739501953125 -4.746901749904665e-22
2.73974609375 -6.243334445126387e-22
2.739990234375 -8.767908073562786e-22
2.740234375 -9.748882403592547e-22
2.740478515625 -7.507464947229622e-22
2.74072265625 -2.761727285034125e-22
2.740966796875 1.734006739222708e-22
2.7412109375 3.594371693007076e-22
2.741455078125 3.507226642221221e-22
2.74169921875 4.014352526557465e-22
2.741943359375 4.819779593020044e-22
2.7421875 2.338927292846786e-22
2.742431640625 -3.998042330009357e-22
2.74267578125 -8.718112617979502e-22
2.742919921875 -7.389080083950152e-22
2.7431640625 -3.461680926348236e-22
2.743408203125 -3.168496502465203e-22
2.74365234375 -6.378643535931683e-22
2.743896484375 -8.398782378685266e-22
2.744140625 -8.638916115776239e-22
2.744384765625 -1.0138610072312e-21
2.74462890625 -1.102014995836692e-21
2.744873046875 -4.608875954279252e-22
2.7451171875 9.842730845013902e-22
2.745361328125 2.373754197979952e-21
2.74560546875 3.011932041579443e-21
2.745849609375 3.228409365359964e-21
2.74609375 3.687987220530866e-21
2.746337890625 4.314629158322609e-21
2.74658203125 4.492148168363088e-21
2.746826171875 4.092820095261035e-21
2.7470703125 3.689270782440155e-21
2.747314453125 3.701553196778553e-21
2.74755859375 3.79165808905697e-21
2.747802734375 3.328099658448505e-21
2.748046875 2.257073080582932e-21
2.748291015625 1.289489249632875e-21
2.74853515625 1.188181384382868e-21
2.748779296875 1.943333634471002e-21
2.7490234375 2.760830177634053e-21
2.749267578125 2.918141003856345e-21
2.74951171875 2.522275605085164e-21
2.749755859375 2.283478018163186e-21
2.75 2.633339932995645e-21
2.750244140625 3.291087507234608e-21
2.75048828125 3.681388070786581e-21
2.750732421875 3.526579266626772e-21
2.7509765625 2.960444021271386e-21
2.751220703125 2.285269924370723e-21
2.75146484375 1.760892404675298e-21
2.751708984375 1.513976735072205e-21
2.751953125 1.533962090011161e-21
2.752197265625 1.77091915280966e-21
2.75244140625 2.193612233409335e-21
2.752685546875 2.645832657026036e-21
2.7529296875 2.747373026346495e-21
2.753173828125 2.204041064697594e-21
2.75341796875 1.246171437981415e-21
2.753662109375 5.039174177149485e-22
2.75390625 3.393085986298566e-22
2.754150390625 4.941514279902816e-22
2.75439453125 5.042703681755884e-22
2.754638671875 2.730757615057087e-22
2.7548828125 8.624609439947589e-23
2.755126953125 1.919100495755545e-22
2.75537109375 5.23764853434574e-22
2.755615234375 7.841157066632836e-22
2.755859375 7.047215990446836e-22
2.756103515625 2.607354040889302e-22
2.75634765625 -3.316872908810167e-22
2.756591796875 -8.483749826460977e-22
2.7568359375 -1.227660655895852e-21
2.757080078125 -1.429232033612839e-21
2.75732421875 -1.281690725691563e-21
2.757568359375 -7.417789199776132e-22
2.7578125 -2.23281344990932e-22
2.758056640625 -2.692555211697725e-22
2.75830078125 -8.090435178103089e-22
2.758544921875 -1.127918799610808e-21
2.7587890625 -7.780252363888143e-22
2.759033203125 -1.832239017779819e-22
2.75927734375 -7.192570489452479e-23
2.759521484375 -6.035873554557848e-22
2.759765625 -1.367483593883818e-21
2.760009765625 -1.962188178193894e-21
2.76025390625 -2.184246890100759e-21
2.760498046875 -1.899776150692632e-21
2.7607421875 -1.247201021984966e-21
2.760986328125 -8.356440542330716e-22
2.76123046875 -1.173119605963503e-21
2.761474609375 -1.901429966655305e-21
2.76171875 -2.167439830587872e-21
2.761962890625 -1.834458705064308e-21
2.76220703125 -1.722662385089261e-21
2.762451171875 -2.433890662711662e-21
2.7626953125 -3.527584645615818e-21
2.762939453125 -4.206423651225905e-21
2.76318359375 -4.282016763316388e-21
2.763427734375 -4.026762582021881e-21
2.763671875 -3.580513532964481e-21
2.763916015625 -3.062465980064426e-21
2.76416015625 -2.820728865497881e-21
2.764404296875 -2.895642967356827e-21
2.7646484375 -2.604751438420973e-21
2.764892578125 -1.44204814098013e-21
2.76513671875 -1.007362001886108e-22
2.765380859375 3.124117400037014e-22
2.765625 -9.139590429313212e-23
2.765869140625 -2.039910249465816e-22
2.76611328125 2.150673508496196e-22
2.766357421875 1.283344910956293e-22
2.7666015625 -9.672224698086557e-22
2.766845703125 -2.058101299495547e-21
2.76708984375 -2.172053292901862e-21
2.767333984375 -1.838811562056606e-21
2.767578125 -1.987563261724285e-21
2.767822265625 -2.239231219688477e-21
2.76806640625 -1.542944433430132e-21
2.768310546875 -2.283245721644611e-23
2.7685546875 1.089634243329974e-21
2.768798828125 1.193392396624477e-21
2.76904296875 8.341754563228998e-22
2.769287109375 5.223272105803414e-22
2.76953125 1.387922783567129e-22
2.769775390625 -3.639975133396257e-22
2.77001953125 -6.843088585096987e-22
2.770263671875 -8.222543848309425e-22
2.7705078125 -1.124260876847076e-21
2.770751953125 -1.461266968048368e-21
2.77099609375 -1.243396733313506e-21
2.771240234375 -5.158971781831486e-22
2.771484375 -1.380297748907511e-22
2.771728515625 -4.886834110845626e-22
2.77197265625 -8.455090406453402e-22
2.772216796875 -5.274794012859283e-22
2.7724609375 1.238225029774518e-22
2.772705078125 4.437372255905328e-22
2.77294921875 4.253999483692603e-22
2.773193359375 4.211718586651877e-22
2.7734375 4.778270812387682e-22
2.773681640625 5.479401122504905e-22
2.77392578125 7.913608555084552e-22
2.774169921875 1.085914854654207e-21
2.7744140625 8.146091063851062e-22
2.774658203125 -2.179174149527426e-22
2.77490234375 -1.204378953716874e-21
2.775146484375 -1.379010872460496e-21
2.775390625 -1.145313154683214e-21
2.775634765625 -1.377082721787941e-21
2.77587890625 -2.018226016995198e-21
2.776123046875 -2.261326622455027e-21
2.7763671875 -1.858074347434338e-21
2.776611328125 -1.356283214369007e-21
2.77685546875 -1.135228464587958e-21
2.777099609375 -1.049047543570935e-21
2.77734375 -1.045477700947242e-21
2.777587890625 -1.354066213633439e-21
2.77783203125 -1.910658871554956e-21
2.778076171875 -2.24088299060024e-21
2.7783203125 -2.117416370977956e-21
2.778564453125 -1.838483537410531e-21
2.77880859375 -1.693229830516812e-21
2.779052734375 -1.583950749704047e-21
2.779296875 -1.337192847999523e-21
2.779541015625 -1.026240249865887e-21
2.77978515625 -8.180126120429509e-22
2.780029296875 -7.440030277361825e-22
2.7802734375 -7.296597278175788e-22
2.780517578125 -7.063689355232769e-22
2.78076171875 -6.925158045695794e-22
2.781005859375 -8.352180125595143e-22
2.78125 -1.213575279833862e-21
2.781494140625 -1.532371732138565e-21
2.78173828125 -1.354747982594022e-21
2.781982421875 -8.022281965090713e-22
2.7822265625 -5.332037934878346e-22
2.782470703125 -7.070142348398126e-22
2.78271484375 -5.726520022713773e-22
2.782958984375 3.472345028913799e-22
2.783203125 1.264650608293068e-21
2.783447265625 1.154901911891098e-21
2.78369140625 3.31836100279712e-22
2.783935546875 -2.349607787130797e-23
2.7841796875 3.190031252729212e-22
2.784423828125 4.150676419589472e-22
2.78466796875 -2.167843433072112e-22
2.784912109375 -8.459446851732099e-22
2.78515625 -7.323370324731184e-22
2.785400390625 -1.276377794350706e-22
2.78564453125 3.828257002756597e-22
2.785888671875 7.579936511896473e-22
2.7861328125 1.198686291446017e-21
2.786376953125 1.595649394031626e-21
2.78662109375 1.827326383356289e-21
2.786865234375 2.136848002048865e-21
2.787109375 2.711039463539747e-21
2.787353515625 3.260425281749893e-21
2.78759765625 3.459902749897987e-21
2.787841796875 3.4732785905456e-21
2.7880859375 3.63325385945977e-21
2.788330078125 3.90999752032764e-21
2.78857421875 4.098860885814107e-21
2.788818359375 4.260992120244393e-21
2.7890625 4.556849830798659e-21
2.789306640625 4.824094643099859e-21
2.78955078125 4.710614913695265e-21
2.789794921875 4.15628401733989e-21
2.7900390625 3.476606304544525e-21
2.790283203125 3.016055766635495e-21
2.79052734375 2.870166452414833e-21
2.790771484375 2.873550781011356e-21
2.791015625 2.780705703259867e-21
2.791259765625 2.540503335400269e-21
2.79150390625 2.353658402086327e-21
2.791748046875 2.304843551595243e-21
2.7919921875 2.099570631320149e-21
2.792236328125 1.499422670118086e-21
2.79248046875 8.461807935362622e-22
2.792724609375 6.414443449441137e-22
2.79296875 7.061148651093443e-22
2.793212890625 4.170087123135228e-22
2.79345703125 -1.854946056219978e-22
2.793701171875 -2.740160793548118e-22
2.7939453125 5.679992788924795e-22
2.794189453125 1.746180254348993e-21
2.79443359375 2.562120597775695e-21
2.794677734375 2.99838282735582e-21
2.794921875 3.19907951315217e-21
2.795166015625 2.938150795548885e-21
2.79541015625 2.213662661647157e-21
2.795654296875 1.698125517661707e-21
2.7958984375 1.84895444433215e-21
2.796142578125 2.096934426457277e-21
2.79638671875 1.703410940407851e-21
2.796630859375 9.666310379917807e-22
2.796875 7.122325296566068e-22
2.797119140625 9.475099843792756e-22
2.79736328125 9.67260133976175e-22
2.797607421875 5.691682058115877e-22
2.7978515625 1.854872931462136e-22
2.798095703125 -7.457798851274969e-23
2.79833984375 -4.905949691142751e-22
2.798583984375 -8.532450850661031e-22
2.798828125 -6.23585481196944e-22
2.799072265625 -1.254963435980083e-22
2.79931640625 -3.949841963216202e-22
2.799560546875 -1.412464233985784e-21
2.7998046875 -1.672594017062422e-21
2.800048828125 -2.961973995011886e-22
2.80029296875 1.442566105436034e-21
2.800537109375 1.767089412051285e-21
2.80078125 8.483589876163017e-22
2.801025390625 3.474124508033813e-22
2.80126953125 8.94718541916275e-22
2.801513671875 1.393896252728971e-21
2.8017578125 8.897235051254948e-22
2.802001953125 -1.426262939393207e-22
2.80224609375 -7.789521635158327e-22
2.802490234375 -8.650302171041342e-22
2.802734375 -6.441896527758376e-22
2.802978515625 -1.807457620232354e-23
2.80322265625 1.01996978631885e-21
2.803466796875 1.790149023757736e-21
2.8037109375 1.642137672965206e-21
2.803955078125 9.675275474319584e-22
2.80419921875 6.891424194261401e-22
2.804443359375 9.208902598804018e-22
2.8046875 9.606354983901211e-22
2.804931640625 5.573729669463237e-22
2.80517578125 2.724260791700186e-22
2.805419921875 3.755731040512912e-22
2.8056640625 2.563331547666642e-22
2.805908203125 -5.780621032972187e-22
2.80615234375 -1.594359520916521e-21
2.806396484375 -1.964795472050186e-21
2.806640625 -1.76315353561612e-21
2.806884765625 -1.748771637974748e-21
2.80712890625 -2.21583222105466e-21
2.807373046875 -2.748528740180397e-21
2.8076171875 -3.036683976950442e-21
2.807861328125 -3.269324755648457e-21
2.80810546875 -3.625217734259751e-21
2.808349609375 -3.9311753568444e-21
2.80859375 -4.019631284900396e-21
2.808837890625 -3.988730787778736e-21
2.80908203125 -3.897315422171908e-21
2.809326171875 -3.593361364617392e-21
2.8095703125 -3.111771253996288e-21
2.809814453125 -2.901189240693508e-21
2.81005859375 -3.285551625214974e-21
2.810302734375 -3.888159830726109e-21
2.810546875 -3.975929652584077e-21
2.810791015625 -3.353253874174158e-21
2.81103515625 -2.611509523176595e-21
2.811279296875 -2.430743575539326e-21
2.8115234375 -2.865493968470633e-21
2.811767578125 -3.450639970208613e-21
2.81201171875 -3.847745677720043e-21
2.812255859375 -4.151651011572655e-21
2.8125 -4.548331861261245e-21
2.812744140625 -4.905081301487734e-21
2.81298828125 -4.908360514827133e-21
2.813232421875 -4.531957248263629e-21
2.8134765625 -4.117710674684687e-21
2.813720703125 -3.935580735637183e-21
2.81396484375 -3.873283233622329e-21
2.814208984375 -3.66749893321897e-21
2.814453125 -3.254270855548046e-21
2.814697265625 -2.754405486213984e-21
2.81494140625 -2.290910339012757e-21
2.815185546875 -1.98142822956541e-21
2.8154296875 -1.928322764109786e-21
2.815673828125 -2.017060017684301e-21
2.81591796875 -1.901058832366642e-21
2.816162109375 -1.422509685748257e-21
2.81640625 -8.856078215261351e-22
2.816650390625 -6.558739342459876e-22
2.81689453125 -6.691963455978258e-22
2.817138671875 -6.566995209184591e-22
2.8173828125 -6.664614608907797e-22
2.817626953125 -9.20209661925701e-22
2.81787109375 -1.255858784290855e-21
2.818115234375 -1.240102349824622e-21
2.818359375 -8.728858941591196e-22
2.818603515625 -6.353645402567928e-22
2.81884765625 -6.552921426252481e-22
2.819091796875 -3.511153565547708e-22
2.8193359375 7.261071023924316e-22
2.819580078125 2.081907916605937e-21
2.81982421875 2.786019222807971e-21
2.820068359375 2.615332352224698e-21
2.8203125 2.23812474393999e-21
2.820556640625 2.28581788271326e-21
2.82080078125 2.649953041143859e-21
2.821044921875 2.827436349312546e-21
2.8212890625 2.662088687162665e-21
2.821533203125 2.481454856333308e-21
2.82177734375 2.575574274514039e-21
2.822021484375 2.778744900139241e-21
2.822265625 2.685654884940739e-21
2.822509765625 2.20265815778883e-21
2.82275390625 1.723134337853149e-21
2.822998046875 1.695119053601951e-21
2.8232421875 2.122966552206203e-21
2.823486328125 2.60892380144609e-21
2.82373046875 2.814352817713798e-21
2.823974609375 2.72474086549927e-21
2.82421875 2.488011854166142e-21
2.824462890625 2.199975439826101e-21
2.82470703125 1.949864895073747e-21
2.824951171875 1.936044866085641e-21
2.8251953125 2.348252205416904e-21
2.825439453125 3.11359641296369e-21
2.82568359375 3.875459566654162e-21
2.825927734375 4.309511292738752e-21
2.826171875 4.423579630651426e-21
2.826416015625 4.464464805497632e-21
2.82666015625 4.563897015827196e-21
2.826904296875 4.619506404729643e-21
2.8271484375 4.530429838559924e-21
2.827392578125 4.32837564838765e-21
2.82763671875 3.974551311984711e-21
2.827880859375 3.302788181418636e-21
2.828125 2.40135467439375e-21
2.828369140625 1.769055174841682e-21
2.82861328125 1.70154739440951e-21
2.828857421875 1.750931885582594e-21
2.8291015625 1.312913501131493e-21
2.829345703125 5.885500658488414e-22
2.82958984375 2.981993141481711e-22
2.829833984375 4.759268199966453e-22
2.830078125 3.501057079204213e-22
2.830322265625 -3.916946407431675e-22
2.83056640625 -1.048296165048157e-21
2.830810546875 -1.014712386104381e-21
2.8310546875 -6.783836075099413e-22
2.831298828125 -6.453512836375663e-22
2.83154296875 -7.552090216061383e-22
2.831787109375 -5.68360122562181e-22
2.83203125 -2.793285573019519e-22
2.832275390625 -3.663005087815636e-22
2.83251953125 -7.508529494851398e-22
2.832763671875 -1.079566838226511e-21
2.8330078125 -1.470953790825558e-21
2.833251953125 -2.17478360011438e-21
2.83349609375 -2.817457062684277e-21
2.833740234375 -2.862180661464498e-21
2.833984375 -2.575430070462687e-21
2.834228515625 -2.621486109240268e-21
2.83447265625 -2.864784514437007e-21
2.834716796875 -2.540101917857265e-21
2.8349609375 -1.557057878663594e-21
2.835205078125 -6.62019769634966e-22
2.83544921875 -2.527329437665803e-22
2.835693359375 1.989552023826089e-23
2.8359375 3.549917695348034e-22
2.836181640625 4.65236230081116e-22
2.83642578125 3.586741944189183e-22
2.836669921875 5.417099346966964e-22
2.8369140625 1.118902245450009e-21
2.837158203125 1.500136215928961e-21
2.83740234375 1.332890726886548e-21
2.837646484375 9.666556732020579e-22
2.837890625 6.753328596539504e-22
2.838134765625 1.863189762246587e-22
2.83837890625 -6.631807415966846e-22
2.838623046875 -1.543699841221319e-21
2.8388671875 -2.266299993246284e-21
2.839111328125 -3.053712017126459e-21
2.83935546875 -3.810809842373989e-21
2.839599609375 -3.911572162873568e-21
2.83984375 -3.168812143437607e-21
2.840087890625 -2.262800141693171e-21
2.84033203125 -1.720634266906437e-21
2.840576171875 -1.229747022369737e-21
2.8408203125 -4.914793017984556e-22
2.841064453125 5.95176843592083e-23
2.84130859375 6.77825636436813e-23
2.841552734375 3.377982376344487e-23
2.841796875 4.825853183700484e-22
2.842041015625 9.972855758434056e-22
2.84228515625 9.339818862827444e-22
2.842529296875 5.546418199978072e-22
2.8427734375 5.358480306245207e-22
2.843017578125 7.781657464932979e-22
2.84326171875 6.616941651989084e-22
2.843505859375 2.104260571485139e-22
2.84375 4.735847310159305e-23
2.843994140625 2.95871725769412e-22
2.84423828125 3.997972815175971e-22
2.844482421875 6.228134205866781e-23
2.8447265625 -3.811608487377016e-22
2.844970703125 -6.07998691215933e-22
2.84521484375 -6.891272687443772e-22
2.845458984375 -6.941001788426155e-22
2.845703125 -4.319617350594369e-22
2.845947265625 2.373845743280179e-22
2.84619140625 1.146213529344194e-21
2.846435546875 1.956758608517585e-21
2.8466796875 2.380496865372664e-21
2.846923828125 2.346729485455291e-21
2.84716796875 2.124385123877435e-21
2.847412109375 2.09176829545955e-21
2.84765625 2.221214262098228e-21
2.847900390625 2.080231014001434e-21
2.84814453125 1.523516255699985e-21
2.848388671875 9.869412327822825e-22
2.8486328125 8.578380507105653e-22
2.848876953125 1.02366975607822e-21
2.84912109375 1.318577332607874e-21
2.849365234375 1.820823605704213e-21
2.849609375 2.311787841751563e-21
2.849853515625 2.131184191039789e-21
2.85009765625 1.169537484122948e-21
2.850341796875 3.558894934338429e-22
2.8505859375 4.417655618193451e-22
2.850830078125 9.189135808760017e-22
2.85107421875 9.564827546347134e-22
2.851318359375 7.60918344261616e-22
2.8515625 9.744215023617589e-22
2.851806640625 1.292766973560399e-21
2.85205078125 9.494718676738361e-22
2.852294921875 2.428175873456832e-22
2.8525390625 2.072318088837585e-22
2.852783203125 8.344659042778323e-22
2.85302734375 9.911657152748171e-22
2.853271484375 2.56624459192036e-22
2.853515625 -4.710158548533758e-22
2.853759765625 -5.154765546070716e-22
2.85400390625 -3.085896964642812e-22
2.854248046875 -2.701191324167836e-22
2.8544921875 -1.677297141375914e-23
2.854736328125 6.399861959876505e-22
2.85498046875 9.97726854021578e-22
2.855224609375 6.108143519496084e-22
2.85546875 2.248940894737536e-22
2.855712890625 6.061063220115564e-22
2.85595703125 1.167348415096657e-21
2.856201171875 8.256345126234957e-22
2.8564453125 -2.821862649902326e-22
2.856689453125 -1.068480284926532e-21
2.85693359375 -1.218503520772118e-21
2.857177734375 -1.505547776002324e-21
2.857421875 -2.347632840185892e-21
2.857666015625 -3.094245488181805e-21
2.85791015625 -3.077877791898632e-21
2.858154296875 -2.567018067976854e-21
2.8583984375 -2.198678680370293e-21
2.858642578125 -2.041851501707262e-21
2.85888671875 -1.77642121676284e-21
2.859130859375 -1.43684948305071e-21
2.859375 -1.372428295718549e-21
2.859619140625 -1.578093242683156e-21
2.85986328125 -1.615726140786613e-21
2.860107421875 -1.292739437533519e-21
2.8603515625 -9.700930329410643e-22
2.860595703125 -9.620011038404772e-22
2.86083984375 -9.769233188408209e-22
2.861083984375 -5.244704516580845e-22
2.861328125 3.13722568248927e-22
2.861572265625 9.487651457976407e-22
2.86181640625 1.071488863548144e-21
2.862060546875 9.333273709298735e-22
2.8623046875 7.804022751167214e-22
2.862548828125 4.754285435290469e-22
2.86279296875 -9.901427169390775e-23
2.863037109375 -6.728617123902025e-22
2.86328125 -9.629189687393122e-22
2.863525390625 -1.128994973455878e-21
2.86376953125 -1.506159485616453e-21
2.864013671875 -2.07895825642431e-21
2.8642578125 -2.530578299767129e-21
2.864501953125 -2.64612063320564e-21
2.86474609375 -2.411929099889181e-21
2.864990234375 -1.925186356322734e-21
2.865234375 -1.458942329518065e-21
2.865478515625 -1.356677621612985e-21
2.86572265625 -1.571393111071199e-21
2.865966796875 -1.598531158599684e-21
2.8662109375 -1.192600167741e-21
2.866455078125 -8.128046052715347e-22
2.86669921875 -9.514554868730813e-22
2.866943359375 -1.382389521928035e-21
2.8671875 -1.592069848846657e-21
2.867431640625 -1.617042567493087e-21
2.86767578125 -1.830826179955225e-21
2.867919921875 -2.178854648218606e-21
2.8681640625 -2.331450725429072e-21
2.868408203125 -2.386770646423298e-21
2.86865234375 -2.632193127870163e-21
2.868896484375 -2.728781552291647e-21
2.869140625 -2.028082468624837e-21
2.869384765625 -7.63270870043892e-22
2.86962890625 -1.797003920578089e-23
2.869873046875 -2.505208931309321e-22
2.8701171875 -6.703697265609984e-22
2.870361328125 -4.609937892122977e-22
2.87060546875 1.306245210132273e-22
2.870849609375 4.446905530245426e-22
2.87109375 5.149669377823489e-22
2.871337890625 8.554194877896193e-22
2.87158203125 1.511841981976206e-21
2.871826171875 1.977486873682454e-21
2.8720703125 1.922390446143101e-21
2.872314453125 1.518936701926415e-21
2.87255859375 1.09808119445438e-21
2.872802734375 8.530833042417431e-22
2.873046875 8.570609668831638e-22
2.873291015625 1.071394857244182e-21
2.87353515625 1.307924422589063e-21
2.873779296875 1.378852836455344e-21
2.8740234375 1.32283439030236e-21
2.874267578125 1.381155970099596e-21
2.87451171875 1.729391560438696e-21
2.874755859375 2.270726321422262e-21
2.875 2.70683051267515e-21
2.875244140625 2.82882607194894e-21
2.87548828125 2.708056543753712e-21
2.875732421875 2.496005535457272e-21
2.8759765625 2.092279072784509e-21
2.876220703125 1.294815840171505e-21
2.87646484375 3.236280938522106e-22
2.876708984375 -2.238989308942257e-22
2.876953125 -1.6120628570863e-22
2.877197265625 -1.463675479967726e-23
2.87744140625 -1.972796831434891e-22
2.877685546875 -3.714218044489376e-22
2.8779296875 -1.489995112849449e-22
2.878173828125 7.260668916993872e-23
2.87841796875 -2.786216921686775e-22
2.878662109375 -8.792653112948751e-22
2.87890625 -9.540404773381428e-22
2.879150390625 -5.812507244926496e-22
2.87939453125 -5.662754770896109e-22
2.879638671875 -1.054218363136387e-21
2.8798828125 -1.318366486150905e-21
2.880126953125 -1.079865216012575e-21
2.88037109375 -9.737568517666091e-22
2.880615234375 -1.339239784815265e-21
2.880859375 -1.547967696168789e-21
2.881103515625 -1.095010538204174e-21
2.88134765625 -4.992239327989064e-22
2.881591796875 -4.314302104741043e-22
2.8818359375 -6.29443274505516e-22
2.882080078125 -4.199258909935222e-22
2.88232421875 1.931455415500331e-22
2.882568359375 6.943609695853088e-22
2.8828125 9.351659289218833e-22
2.883056640625 1.143879314874712e-21
2.88330078125 1.307334539771052e-21
2.883544921875 1.195626912172764e-21
2.8837890625 8.934763584778768e-22
2.884033203125 7.806397783781863e-22
2.88427734375 1.013087198737089e-21
2.884521484375 1.367719982981953e-21
2.884765625 1.528981543113485e-21
2.885009765625 1.316041823471969e-21
2.88525390625 8.156894032510483e-22
2.885498046875 4.697553117333764e-22
2.8857421875 7.362677994948105e-22
2.885986328125 1.461935517525143e-21
2.88623046875 1.952203357010985e-21
2.886474609375 1.888270306013394e-21
2.88671875 1.728630558455235e-21
2.886962890625 1.905221424015795e-21
2.88720703125 2.145781006159895e-21
2.887451171875 2.046148319899554e-21
2.8876953125 1.812720828121511e-21
2.887939453125 1.82406924879179e-21
2.88818359375 1.827711591560936e-21
2.888427734375 1.269456220283988e-21
2.888671875 2.349092336163185e-22
2.888916015625 -5.914323634977537e-22
2.88916015625 -8.48776405176538e-22
2.889404296875 -8.31037278792259e-22
2.8896484375 -9.193075078429154e-22
2.889892578125 -1.177727074366214e-21
2.89013671875 -1.528640209311276e-21
2.890380859375 -1.885217357710184e-21
2.890625 -2.040207692327097e-21
2.890869140625 -1.770238688569447e-21
2.89111328125 -1.133500612635326e-21
2.891357421875 -4.41438685133633e-22
2.8916015625 6.591195855356376e-23
2.891845703125 3.417823116022919e-22
2.89208984375 4.295077057422635e-22
2.892333984375 4.622978173285354e-22
2.892578125 6.765085608643016e-22
2.892822265625 1.206128741696406e-21
2.89306640625 1.915369618748413e-21
2.893310546875 2.535756077964119e-21
2.8935546875 2.81353682545365e-21
2.893798828125 2.48289010114588e-21
2.89404296875 1.461402685019903e-21
2.894287109375 2.515766518272221e-22
2.89453125 -3.076094329626381e-22
2.894775390625 -5.518132118198658e-23
2.89501953125 1.340968183466954e-22
2.895263671875 -5.229493094763304e-22
2.8955078125 -1.601247700632013e-21
2.895751953125 -2.068131573714408e-21
2.89599609375 -1.711101015276211e-21
2.896240234375 -1.237549611444701e-21
2.896484375 -1.055956855126669e-21
2.896728515625 -7.636020601971061e-22
2.89697265625 -3.10838395661177e-23
2.897216796875 7.011024630830361e-22
2.8974609375 8.391916583492585e-22
2.897705078125 5.40960876130151e-22
2.89794921875 5.425746085213298e-22
2.898193359375 1.229294179293491e-21
2.8984375 2.235811446697647e-21
2.898681640625 2.96649893848816e-21
2.89892578125 3.249117281947025e-21
2.899169921875 3.342805619061122e-21
2.8994140625 3.422289477547128e-21
2.899658203125 3.299694658425516e-21
2.89990234375 2.781476733037399e-21
2.900146484375 2.104714469719597e-21
2.900390625 1.693339809047355e-21
2.900634765625 1.512084529193792e-21
2.90087890625 1.06219422410002e-21
2.901123046875 1.608795250172681e-22
2.9013671875 -6.455018985587014e-22
2.901611328125 -7.148782852739095e-22
2.90185546875 -9.90079473118241e-23
2.902099609375 5.652037134720008e-22
2.90234375 7.442372748768702e-22
2.902587890625 3.478103483674442e-22
2.90283203125 -3.942497892996337e-22
2.903076171875 -1.109570439027533e-21
2.9033203125 -1.497621193318594e-21
2.903564453125 -1.608759680040748e-21
2.90380859375 -1.764752450390524e-21
2.904052734375 -2.046073424608634e-21
2.904296875 -2.12686616734427e-21
2.904541015625 -1.841403833336884e-21
2.90478515625 -1.57709806768678e-21
2.905029296875 -1.731497554597075e-21
2.9052734375 -2.039472104828882e-21
2.905517578125 -1.890769606148935e-21
2.90576171875 -1.182174309030927e-21
2.906005859375 -4.184773243199567e-22
2.90625 -2.283892952652254e-25
2.906494140625 2.111964610353369e-22
2.90673828125 5.702851868874294e-22
2.906982421875 1.151816446138994e-21
2.9072265625 1.653125348174113e-21
2.907470703125 1.691963799357943e-21
2.90771484375 1.22126796796317e-21
2.907958984375 6.471555821515138e-22
2.908203125 3.624947071838378e-22
2.908447265625 1.796723688403621e-22
2.90869140625 -4.303634284819628e-22
2.908935546875 -1.468357245139234e-21
2.9091796875 -2.245804483280285e-21
2.909423828125 -2.321461591768346e-21
2.90966796875 -2.112795573509503e-21
2.909912109375 -2.201924216168924e-21
2.91015625 -2.474040039170747e-21
2.910400390625 -2.429896779056362e-21
2.91064453125 -2.007241727642858e-21
2.910888671875 -1.562138038186343e-21
2.9111328125 -1.287254438733176e-21
2.911376953125 -1.160485790822041e-21
2.91162109375 -1.249825987106686e-21
2.911865234375 -1.547276032763519e-21
2.912109375 -1.683151332795397e-21
2.912353515625 -1.339261000413786e-21
2.91259765625 -8.201780030742298e-22
2.912841796875 -7.049909604244725e-22
2.9130859375 -1.03075585046735e-21
2.913330078125 -1.315092414184893e-21
2.91357421875 -1.312265935120916e-21
2.913818359375 -1.256785686944572e-21
2.9140625 -1.378988349957798e-21
2.914306640625 -1.616406583272625e-21
2.91455078125 -1.822186889636006e-21
2.914794921875 -1.932845576618979e-21
2.9150390625 -1.958238356231041e-21
2.915283203125 -2.026083152633827e-21
2.91552734375 -2.261159018725032e-21
2.915771484375 -2.414362285781693e-21
2.916015625 -1.974934040457005e-21
2.916259765625 -9.782611802429379e-22
2.91650390625 -2.219788771512426e-22
2.916748046875 -1.684277876457393e-22
2.9169921875 -1.507439988598643e-22
2.917236328125 5.964926566464038e-22
2.91748046875 1.564902357222522e-21
2.917724609375 1.569610270560219e-21
2.91796875 4.750573714897602e-22
2.918212890625 -6.709743143990756e-22
2.91845703125 -1.159327534019032e-21
2.918701171875 -1.290290671489912e-21
2.9189453125 -1.469406830798801e-21
2.919189453125 -1.61411151643375e-21
2.91943359375 -1.667419266919203e-21
2.919677734375 -1.810964670305251e-21
2.919921875 -1.894920862392298e-21
2.920166015625 -1.471209342143933e-21
2.92041015625 -6.706983764336474e-22
2.920654296875 -2.346131627889831e-22
2.9208984375 -3.576722740422999e-22
2.921142578125 -3.291811832149976e-22
2.92138671875 2.747323415218486e-22
2.921630859375 8.652459887044455e-22
2.921875 8.202974224674256e-22
2.922119140625 4.309129181332634e-22
2.92236328125 2.597842310429206e-22
2.922607421875 2.148322553616257e-22
2.9228515625 -6.038569246178347e-23
2.923095703125 -4.085669776383333e-22
2.92333984375 -4.730183108593277e-22
2.923583984375 -3.95305038625504e-22
2.923828125 -5.599464247607376e-22
2.924072265625 -9.694199675187044e-22
2.92431640625 -1.438480717498464e-21
2.924560546875 -2.062062093383207e-21
2.9248046875 -2.896738064903738e-21
2.925048828125 -3.487485609323921e-21
2.92529296875 -3.327038479174728e-21
2.925537109375 -2.560150778463847e-21
2.92578125 -1.687730061150888e-21
2.926025390625 -8.358768279117805e-22
2.92626953125 1.019936898294663e-22
2.926513671875 8.698183414804401e-22
2.9267578125 1.086071274609238e-21
2.927001953125 9.387688785853968e-22
2.92724609375 9.747902697707282e-22
2.927490234375 1.251783112976527e-21
2.927734375 1.342497193467595e-21
2.927978515625 1.179443558675828e-21
2.92822265625 1.230647720761165e-21
2.928466796875 1.703260469377822e-21
2.9287109375 2.164835090974194e-21
2.928955078125 2.191368282049207e-21
2.92919921875 1.926404359888427e-21
2.929443359375 1.737274621735083e-21
2.9296875 1.683937505354176e-21
2.929931640625 1.601692789169622e-21
2.93017578125 1.451060899924182e-21
2.930419921875 1.339030465247438e-21
2.9306640625 1.352574087190488e-21
2.930908203125 1.528749949684626e-21
2.93115234375 1.845325331476624e-21
2.931396484375 2.137649678015023e-21
2.931640625 2.186406332434274e-21
2.931884765625 1.99029820520488e-21
2.93212890625 1.807387868662912e-21
2.932373046875 1.837124731081404e-21
2.9326171875 1.994560076915079e-21
2.932861328125 2.08030103418973e-21
2.93310546875 2.050750176610627e-21
2.933349609375 2.031898288558197e-21
2.93359375 2.147898325522467e-21
2.933837890625 2.399267621557087e-21
2.93408203125 2.660846581372574e-21
2.934326171875 2.784694528227622e-21
2.9345703125 2.751155739688317e-21
2.934814453125 2.691880014262179e-21
2.93505859375 2.713668949684094e-21
2.935302734375 2.778803878716952e-21
2.935546875 2.836322078197294e-21
2.935791015625 2.925004350620199e-21
2.93603515625 2.975516928566108e-21
2.936279296875 2.674812495505289e-21
2.9365234375 1.83879777763551e-21
2.936767578125 8.567134540017781e-22
2.93701171875 3.9015812227855e-22
2.937255859375 5.672127133101162e-22
2.9375 8.423870534468762e-22
2.937744140625 7.996758590081657e-22
2.93798828125 6.959750332885378e-22
2.938232421875 9.099032091920676e-22
2.9384765625 1.226070405955117e-21
2.938720703125 1.184764361571919e-21
2.93896484375 9.528452192449439e-22
2.939208984375 1.191935066179531e-21
2.939453125 1.970330437876395e-21
2.939697265625 2.448353652735856e-21
2.93994140625 2.001423618673362e-21
2.940185546875 1.146702005941369e-21
2.9404296875 8.208824198584091e-22
2.940673828125 1.089411776786107e-21
2.94091796875 1.245306710842781e-21
2.941162109375 1.028456173046288e-21
2.94140625 9.556629718283532e-22
2.941650390625 1.308904830739055e-21
2.94189453125 1.556072036185567e-21
2.942138671875 1.187053840899438e-21
2.9423828125 5.534021888479528e-22
2.942626953125 3.392169363802822e-22
2.94287109375 5.753706819528133e-22
2.943115234375 7.389166590583898e-22
2.943359375 5.980684363410689e-22
2.943603515625 4.21685669509972e-22
2.94384765625 4.770243991304953e-22
2.944091796875 7.858428394534867e-22
2.9443359375 1.269802468951051e-21
2.944580078125 1.709124145135238e-21
2.94482421875 1.698150108735187e-21
2.945068359375 1.10560802948764e-21
2.9453125 4.32520503846029e-22
2.945556640625 2.001330015277601e-22
2.94580078125 1.465505279515166e-22
2.946044921875 -3.314777567858612e-22
2.9462890625 -1.056124818917164e-21
2.946533203125 -1.208341879154817e-21
2.94677734375 -6.960879915409187e-22
2.947021484375 -5.111744545102666e-22
2.947265625 -1.321725308346617e-21
2.947509765625 -2.43349342845646e-21
2.94775390625 -2.722210104039657e-21
2.947998046875 -2.076485149720107e-21
2.9482421875 -1.294001466966874e-21
2.948486328125 -9.067005529100742e-22
2.94873046875 -7.595779099949199e-22
2.948974609375 -5.825250487521804e-22
2.94921875 -3.788070079250321e-22
2.949462890625 -2.405860443262293e-22
2.94970703125 -2.179261732150739e-22
2.949951171875 -4.213716838653703e-22
2.9501953125 -9.446855568366511e-22
2.950439453125 -1.636942744106903e-21
2.95068359375 -2.152470665787634e-21
2.950927734375 -2.245919642775093e-21
2.951171875 -1.936013514331375e-21
2.951416015625 -1.489939893770169e-21
2.95166015625 -1.325831481788351e-21
2.951904296875 -1.704716963972537e-21
2.9521484375 -2.348948524056211e-21
2.952392578125 -2.594589924841003e-21
2.95263671875 -2.13308010836885e-21
2.952880859375 -1.385850302704877e-21
2.953125 -9.389298250137013e-22
2.953369140625 -8.742962126462184e-22
2.95361328125 -9.315784947200234e-22
2.953857421875 -1.050582546130191e-21
2.9541015625 -1.381040114428123e-21
2.954345703125 -1.94396065062469e-21
2.95458984375 -2.640007866894115e-21
2.954833984375 -3.42550731580915e-21
2.955078125 -4.14480632210051e-21
2.955322265625 -4.419169770350796e-21
2.95556640625 -4.145939367604688e-21
2.955810546875 -3.913150063492893e-21
2.9560546875 -4.362161626795176e-21
2.956298828125 -5.204142750011284e-21
2.95654296875 -5.458375647253305e-21
2.956787109375 -4.736527994188212e-21
2.95703125 -3.717928100414789e-21
2.957275390625 -3.158076113488713e-21
2.95751953125 -2.969215909763138e-21
2.957763671875 -2.640844481042041e-21
2.9580078125 -2.143349647568605e-21
2.958251953125 -1.898336766213536e-21
2.95849609375 -2.026083833625768e-21
2.958740234375 -2.144134610267309e-21
2.958984375 -2.002787895084686e-21
2.959228515625 -1.938663525351982e-21
2.95947265625 -2.41914564511615e-21
2.959716796875 -3.280687619425883e-21
2.9599609375 -3.761136396469259e-21
2.960205078125 -3.417194922502982e-21
2.96044921875 -2.764304843017623e-21
2.960693359375 -2.690533276901603e-21
2.9609375 -3.322650982624689e-21
2.961181640625 -3.892919382700643e-21
2.96142578125 -3.811378840422185e-21
2.961669921875 -3.382129503702258e-21
2.9619140625 -3.158565607501808e-21
2.962158203125 -3.060062977248308e-21
2.96240234375 -2.659622275993752e-21
2.962646484375 -2.015612001662285e-21
2.962890625 -1.532359453755511e-21
2.963134765625 -1.137357483741275e-21
2.96337890625 -3.505400650714994e-22
2.963623046875 7.855189633839127e-22
2.9638671875 1.611433055697669e-21
2.964111328125 1.890385649485253e-21
2.96435546875 2.175617440511488e-21
2.964599609375 2.76069131490531e-21
2.96484375 3.015380540599748e-21
2.965087890625 2.393106729546752e-21
2.96533203125 1.497359687792699e-21
2.965576171875 1.336162524597066e-21
2.9658203125 1.881194964730347e-21
2.966064453125 2.227754506086309e-21
2.96630859375 2.010512235474376e-21
2.966552734375 1.773703379755575e-21
2.966796875 1.916159421764758e-21
2.967041015625 2.139851314040278e-21
2.96728515625 2.167565235113923e-21
2.967529296875 2.23099899032696e-21
2.9677734375 2.480108135139047e-21
2.968017578125 2.563521245457534e-21
2.96826171875 2.250191947485449e-21
2.968505859375 1.936965545913791e-21
2.96875 2.056526991678412e-21
2.968994140625 2.434654899305784e-21
2.96923828125 2.737901246862516e-21
2.969482421875 3.132580368370018e-21
2.9697265625 3.903731739770688e-21
2.969970703125 4.748507775641616e-21
2.97021484375 5.10690059840929e-21
2.970458984375 5.008859827027337e-21
2.970703125 4.964995647793829e-21
2.970947265625 5.132317719025294e-21
2.97119140625 5.200732252151434e-21
2.971435546875 5.039973863143573e-21
2.9716796875 4.848401765885701e-21
2.971923828125 4.680272696282524e-21
2.97216796875 4.425912677568832e-21
2.972412109375 4.246218723154135e-21
2.97265625 4.377308400888558e-21
2.972900390625 4.487898953395101e-21
2.97314453125 3.978602973777274e-21
2.973388671875 3.060861105681905e-21
2.9736328125 2.743659627226515e-21
2.973876953125 3.434561474571787e-21
2.97412109375 4.294376562692514e-21
2.974365234375 4.397576758722947e-21
2.974609375 3.836720889667918e-21
2.974853515625 3.176759469291245e-21
2.97509765625 2.512812474262974e-21
2.975341796875 1.743978368558604e-21
2.9755859375 1.191749454617143e-21
2.975830078125 1.130198028012967e-21
2.97607421875 1.090707266057576e-21
2.976318359375 4.462888205246477e-22
2.9765625 -5.791684149045322e-22
2.976806640625 -1.267710536995732e-21
2.97705078125 -1.54461043423195e-21
2.977294921875 -1.920458440949431e-21
2.9775390625 -2.430672914451509e-21
2.977783203125 -2.546956813985022e-21
2.97802734375 -2.206054727537658e-21
2.978271484375 -2.034250991978553e-21
2.978515625 -2.290487479602704e-21
2.978759765625 -2.366682883374919e-21
2.97900390625 -1.746684963479206e-21
2.979248046875 -8.551410813762805e-22
2.9794921875 -4.650816628544033e-22
2.979736328125 -6.505985415068681e-22
2.97998046875 -7.828103929980327e-22
2.980224609375 -3.666734916257714e-22
2.98046875 4.44738995811308e-22
2.980712890625 1.073491410857303e-21
2.98095703125 1.092985610003665e-21
2.981201171875 6.615849306181508e-22
2.9814453125 3.718335981107951e-22
2.981689453125 5.137978951637763e-22
2.98193359375 6.391073357095518e-22
2.982177734375 1.881528251787269e-22
2.982421875 -6.285467529202407e-22
2.982666015625 -1.106634385949839e-21
2.98291015625 -1.11975926297496e-21
2.983154296875 -1.229089413380123e-21
2.9833984375 -1.616807725290001e-21
2.983642578125 -1.662664490795556e-21
2.98388671875 -9.524374148417347e-22
2.984130859375 -6.580013350509156e-23
2.984375 1.877637731684362e-22
2.984619140625 -1.313768280055068e-22
2.98486328125 -3.554038786958482e-22
2.985107421875 -2.73444245774066e-22
2.9853515625 -2.896282085775783e-22
2.985595703125 -6.116442776707044e-22
2.98583984375 -8.951282459564739e-22
2.986083984375 -8.264137798760191e-22
2.986328125 -5.999288370229466e-22
2.986572265625 -5.50051337536494e-22
2.98681640625 -5.816395665268123e-22
2.987060546875 -3.209853928122961e-22
2.9873046875 1.986279168188309e-22
2.987548828125 3.574509543470424e-22
2.98779296875 -2.91167360398602e-22
2.988037109375 -1.265281688998315e-21
2.98828125 -1.591777475253262e-21
2.988525390625 -1.056139678543293e-21
2.98876953125 -5.290432963294279e-22
2.989013671875 -7.754790429969179e-22
2.9892578125 -1.434843982064771e-21
2.989501953125 -1.684118917305412e-21
2.98974609375 -1.468568501053892e-21
2.989990234375 -1.324484708433848e-21
2.990234375 -1.260069175256355e-21
2.990478515625 -7.730933400763055e-22
2.99072265625 1.189788244042638e-24
2.990966796875 1.773484441316022e-22
2.9912109375 -5.096110590310814e-22
2.991455078125 -1.127045795812934e-21
2.99169921875 -8.960423748719426e-22
2.991943359375 -3.736086283637083e-22
2.9921875 -5.65865901713619e-22
2.992431640625 -1.412444483138974e-21
2.99267578125 -1.989169405355024e-21
2.992919921875 -1.920488679897949e-21
2.9931640625 -1.731547022475372e-21
2.993408203125 -1.820678166911867e-21
2.99365234375 -1.851846781235261e-21
2.993896484375 -1.400219856697113e-21
2.994140625 -6.627894132375968e-22
2.994384765625 -1.724513061728231e-22
2.99462890625 -7.795035479822843e-23
2.994873046875 -5.492983403527451e-23
2.9951171875 1.202778938587014e-22
2.995361328125 1.971093865401411e-22
2.99560546875 -1.870100104670831e-22
2.995849609375 -8.986820455269682e-22
2.99609375 -1.362394498973594e-21
2.996337890625 -1.309720216009733e-21
2.99658203125 -1.155409020515438e-21
2.996826171875 -1.372492425673432e-21
2.9970703125 -1.815747296755327e-21
2.997314453125 -2.100481757845307e-21
2.99755859375 -2.369793562911547e-21
2.997802734375 -3.037828788299561e-21
2.998046875 -3.882018716031478e-21
2.998291015625 -4.153423907106213e-21
2.99853515625 -3.708657927824987e-21
2.998779296875 -3.306110563405834e-21
2.9990234375 -3.510487895776436e-21
2.999267578125 -3.949878320964122e-21
2.99951171875 -3.997007337630154e-21
2.999755859375 -3.596771782780845e-21
3 -3.032375801880771e-21
3.000244140625 -2.417307261985581e-21
3.00048828125 -1.849493133428966e-21
3.000732421875 -1.577627226441606e-21
3.0009765625 -1.565084011649336e-21
3.001220703125 -1.328151704175256e-21
3.00146484375 -6.364787882826576e-22
3.001708984375 6.280042467739701e-23
3.001953125 3.367868000845586e-22
3.002197265625 4.026156694424208e-22
3.00244140625 6.0689494609219e-22
3.002685546875 7.753581099545413e-22
3.0029296875 6.445060191667019e-22
3.003173828125 4.803407948621636e-22
3.00341796875 6.371986742115827e-22
3.003662109375 8.94299255850698e-22
3.00390625 8.839397496702732e-22
3.004150390625 8.184928514524005e-22
3.00439453125 1.090242280346425e-21
3.004638671875 1.456533141130731e-21
3.0048828125 1.375167293031323e-21
3.005126953125 9.293877699648084e-22
3.00537109375 6.581543288535578e-22
3.005615234375 6.228757064495432e-22
3.005859375 4.289525876323643e-22
3.006103515625 1.12839769283949e-22
3.00634765625 2.147279366260445e-22
3.006591796875 8.970194699407779e-22
3.0068359375 1.698125907895226e-21
3.007080078125 2.295543447201708e-21
3.00732421875 2.880621761106228e-21
3.007568359375 3.60277147982674e-21
3.0078125 4.210620677316777e-21
3.008056640625 4.474935267085359e-21
3.00830078125 4.527718311249413e-21
3.008544921875 4.580960935286099e-21
3.0087890625 4.648775294001498e-21
3.009033203125 4.667089523990221e-21
3.00927734375 4.586926519843624e-21
3.009521484375 4.313439770956924e-21
3.009765625 3.857928782659127e-21
3.010009765625 3.505757738414576e-21
3.01025390625 3.469489389897655e-21
3.010498046875 3.450263919266463e-21
3.0107421875 2.974983650657124e-21
3.010986328125 2.107512181312236e-21
3.01123046875 1.349938608947125e-21
3.011474609375 8.86505693762048e-22
3.01171875 4.615403443359247e-22
3.011962890625 9.045808298540181e-24
3.01220703125 -1.862714199301291e-22
3.012451171875 -5.642245893237097e-23
3.0126953125 9.617465864677187e-23
3.012939453125 1.84210974590074e-22
3.01318359375 5.18207191383686e-22
3.013427734375 1.142958883887582e-21
3.013671875 1.496120225099273e-21
3.013916015625 1.097615496814661e-21
3.01416015625 2.306658818350633e-22
3.014404296875 -4.164693048464467e-22
3.0146484375 -5.438053832735535e-22
3.014892578125 -3.757458935879623e-22
3.01513671875 -2.067668312851604e-22
3.015380859375 -1.177823566089406e-22
3.015625 -6.363192548088471e-23
3.015869140625 -1.03417536605748e-23
3.01611328125 4.271488039054276e-23
3.016357421875 1.177778592180555e-22
3.0166015625 3.221872579962309e-22
3.016845703125 7.635674252490581e-22
3.01708984375 1.301460327298297e-21
3.017333984375 1.528452241957682e-21
3.017578125 1.215504996241014e-21
3.017822265625 6.666186570558206e-22
3.01806640625 3.696660505264907e-22
3.018310546875 3.749041551482441e-22
3.0185546875 2.99170618417706e-22
3.018798828125 -1.093197184767292e-22
3.01904296875 -6.858157188894101e-22
3.019287109375 -1.080047893946689e-21
3.01953125 -1.028982791748449e-21
3.019775390625 -4.995983960228102e-22
3.02001953125 1.702349612745173e-22
3.020263671875 4.099615074664995e-22
3.0205078125 1.789532770085982e-23
3.020751953125 -5.162090291037519e-22
3.02099609375 -6.466382415947667e-22
3.021240234375 -5.55402879314572e-22
3.021484375 -8.4108798373767e-22
3.021728515625 -1.554687288258202e-21
3.02197265625 -2.098347530650772e-21
3.022216796875 -2.08414047315661e-21
3.0224609375 -1.754917284322645e-21
3.022705078125 -1.457749586707929e-21
3.02294921875 -1.181913674789581e-21
3.023193359375 -7.769107110492276e-22
3.0234375 -2.505873489318136e-22
3.023681640625 2.873580932976359e-22
3.02392578125 6.896148314312917e-22
3.024169921875 7.497994149858266e-22
3.0244140625 4.328188474593987e-22
3.024658203125 9.928699591536801e-23
3.02490234375 1.326589853432967e-22
3.025146484375 3.865779786193689e-22
3.025390625 4.081008340085635e-22
3.025634765625 1.372135918368853e-22
3.02587890625 -9.696944408796543e-23
3.026123046875 -2.090722116463755e-22
3.0263671875 -4.167195685011691e-22
3.026611328125 -6.824673420014356e-22
3.02685546875 -7.351940130453943e-22
3.027099609375 -7.190974387070098e-22
3.02734375 -1.140059215121871e-21
3.027587890625 -1.979873130833607e-21
3.02783203125 -2.534667380319008e-21
3.028076171875 -2.425919108128835e-21
3.0283203125 -2.153562149192117e-21
3.028564453125 -2.281108004861392e-21
3.02880859375 -2.632865544572935e-21
3.029052734375 -2.729969729975975e-21
3.029296875 -2.546497819878851e-21
3.029541015625 -2.362131451884167e-21
3.02978515625 -2.226857947338624e-21
3.030029296875 -2.019662736955847e-21
3.0302734375 -1.771199583689927e-21
3.030517578125 -1.558137359177079e-21
3.03076171875 -1.31456138676108e-21
3.031005859375 -1.043964730473828e-21
3.03125 -9.627543370770912e-22
3.031494140625 -1.178265200391732e-21
3.03173828125 -1.504149946101122e-21
3.031982421875 -1.811198903044368e-21
3.0322265625 -2.21908488393249e-21
3.032470703125 -2.721720933827656e-21
3.03271484375 -3.043637736421542e-21
3.032958984375 -3.154912937976885e-21
3.033203125 -3.462150845588095e-21
3.033447265625 -4.084099655516064e-21
3.03369140625 -4.375008098527605e-21
3.033935546875 -3.693216420702093e-21
3.0341796875 -2.34057749966995e-21
3.034423828125 -1.209611076194087e-21
3.03466796875 -7.02680208340789e-22
3.034912109375 -4.878040957889138e-22
3.03515625 -1.542329615846051e-22
3.035400390625 3.866191324779798e-22
3.03564453125 1.067166967391263e-21
3.035888671875 1.780584907853003e-21
3.0361328125 2.33801844275237e-21
3.036376953125 2.630948415761664e-21
3.03662109375 2.799040962721186e-21
3.036865234375 2.993164079498248e-21
3.037109375 3.087225940808813e-21
3.037353515625 2.868215037016941e-21
3.03759765625 2.354062889097966e-21
3.037841796875 1.682688140373976e-21
3.0380859375 9.088603978991896e-22
3.038330078125 1.952233351012476e-22
3.03857421875 -7.300095945645532e-23
3.038818359375 2.476856390206982e-22
3.0390625 7.268509730634792e-22
3.039306640625 9.377946640961223e-22
3.03955078125 1.138688605098041e-21
3.039794921875 1.835823429795648e-21
3.0400390625 2.821351320166933e-21
3.040283203125 3.294847268253806e-21
3.04052734375 2.989889402253642e-21
3.040771484375 2.577052322344619e-21
3.041015625 2.743201049494499e-21
3.041259765625 3.341813886156822e-21
3.04150390625 3.720337453763249e-21
3.041748046875 3.541667240843145e-21
3.0419921875 3.008149087457002e-21
3.042236328125 2.512472706996632e-21
3.04248046875 2.311118189735207e-21
3.042724609375 2.38560218562229e-21
3.04296875 2.441252226645569e-21
3.043212890625 2.160700457607209e-21
3.04345703125 1.581295223261942e-21
3.043701171875 1.100304825893164e-21
3.0439453125 1.018214862927335e-21
3.044189453125 1.215325149353161e-21
3.04443359375 1.358349473667683e-21
3.044677734375 1.267462468853604e-21
3.044921875 9.840476897171727e-22
3.045166015625 6.437802862364798e-22
3.04541015625 4.199254942586776e-22
3.045654296875 4.60869496283192e-22
3.0458984375 7.334728780692721e-22
3.046142578125 1.009962177090956e-21
3.04638671875 1.119565045214068e-21
3.046630859375 1.110636743432018e-21
3.046875 1.04982847390868e-21
3.047119140625 8.058575356247687e-22
3.04736328125 2.393338916980272e-22
3.047607421875 -4.809637670435738e-22
3.0478515625 -1.006654540958385e-21
3.048095703125 -1.243382302045961e-21
3.04833984375 -1.391401471875841e-21
3.048583984375 -1.516001440226269e-21
3.048828125 -1.396598373872946e-21
3.049072265625 -9.625087137374547e-22
3.04931640625 -5.546923000194508e-22
3.049560546875 -4.46112402530229e-22
3.0498046875 -3.610792556978329e-22
3.050048828125 9.912539954121586e-23
3.05029296875 7.235784772747577e-22
3.050537109375 9.375045350850337e-22
3.05078125 7.548771253732396e-22
3.051025390625 8.342602786963283e-22
3.05126953125 1.386048432231988e-21
3.051513671875 1.678457664865529e-21
3.0517578125 1.075751146961784e-21
3.052001953125 3.80431398432818e-23
3.05224609375 -5.290566804117203e-22
3.052490234375 -5.805778886345481e-22
3.052734375 -8.929661333765324e-22
3.052978515625 -1.842735485553618e-21
3.05322265625 -2.889466637600043e-21
3.053466796875 -3.354787765103903e-21
3.0537109375 -3.214578604766696e-21
3.053955078125 -2.978983881389288e-21
3.05419921875 -3.108688359112914e-21
3.054443359375 -3.606105962454099e-21
3.0546875 -3.958345874728289e-21
3.054931640625 -3.586956228534495e-21
3.05517578125 -2.611659252589427e-21
3.055419921875 -1.922187938974229e-21
3.0556640625 -2.098380646850139e-21
3.055908203125 -2.572801872374555e-21
3.05615234375 -2.44253815105477e-21
3.056396484375 -1.809737688381165e-21
3.056640625 -1.528769275125326e-21
3.056884765625 -1.800767737682576e-21
3.05712890625 -1.972664722067376e-21
3.057373046875 -1.766333967966124e-21
3.0576171875 -1.686605188378781e-21
3.057861328125 -1.937080374384859e-21
3.05810546875 -1.919135031687035e-21
3.058349609375 -1.294634296162263e-21
3.05859375 -6.841969689164938e-22
3.058837890625 -6.963514261256619e-22
3.05908203125 -9.814591512602939e-22
3.059326171875 -9.105097072368657e-22
3.0595703125 -5.743070284376896e-22
3.059814453125 -4.037661629052676e-22
3.06005859375 -3.131637046559826e-22
3.060302734375 5.665120398046053e-23
3.060546875 6.505022367068832e-22
3.060791015625 1.220809587008692e-21
3.06103515625 1.828602834832944e-21
3.061279296875 2.445743989343253e-21
3.0615234375 2.494221087458572e-21
3.061767578125 1.597131097194691e-21
3.06201171875 4.723971452747346e-22
3.062255859375 1.99711223863253e-22
3.0625 7.52484865589085e-22
3.062744140625 1.102252081126496e-21
3.06298828125 7.127746794528482e-22
3.063232421875 8.019212512662297e-23
3.0634765625 -2.635340448872048e-22
3.063720703125 -4.368513187203808e-22
3.06396484375 -6.538017956924982e-22
3.064208984375 -6.961937763827936e-22
3.064453125 -3.34065394545612e-22
3.064697265625 1.901134834180796e-22
3.06494140625 4.776554042570813e-22
3.065185546875 5.23719697856026e-22
3.0654296875 6.860610767726757e-22
3.065673828125 1.219284845063313e-21
3.06591796875 1.954672461018129e-21
3.066162109375 2.410035242125447e-21
3.06640625 2.296764769458569e-21
3.066650390625 1.950893968593503e-21
3.06689453125 1.966989219304493e-21
3.067138671875 2.268158460184914e-21
3.0673828125 2.042092280182107e-21
3.067626953125 9.980716551560539e-22
3.06787109375 1.195631641248432e-22
3.068115234375 4.367851114243879e-22
3.068359375 1.458920477185163e-21
3.068603515625 1.762508345513676e-21
3.06884765625 9.663858675317831e-22
3.069091796875 1.04978219112122e-22
3.0693359375 -1.679368302182806e-23
3.069580078125 2.075157404500955e-22
3.06982421875 1.810638481200824e-22
3.070068359375 1.112903132830974e-22
3.0703125 4.480092124059623e-22
3.070556640625 1.01597102758928e-21
3.07080078125 1.363963716781048e-21
3.071044921875 1.542009772763738e-21
3.0712890625 1.953968472593481e-21
3.071533203125 2.714015370678821e-21
3.07177734375 3.582455352998698e-21
3.072021484375 4.28468925173718e-21
3.072265625 4.549779993679152e-21
3.072509765625 4.12846074826861e-21
3.07275390625 3.126383654080645e-21
3.072998046875 2.057293461132483e-21
3.0732421875 1.2586188198062e-21
3.073486328125 5.310737219510251e-22
3.07373046875 -3.765216900009826e-22
3.073974609375 -1.29137648814265e-21
3.07421875 -1.969168736140426e-21
3.074462890625 -2.545435101883813e-21
3.07470703125 -3.195716863043681e-21
3.074951171875 -3.656546005371177e-21
3.0751953125 -3.574262071013518e-21
3.075439453125 -3.108047066090268e-21
3.07568359375 -2.708446934470529e-21
3.075927734375 -2.47667122841887e-21
3.076171875 -2.214478175577695e-21
3.076416015625 -1.939011590731251e-21
3.07666015625 -1.825634823167481e-21
3.076904296875 -1.74257977902576e-21
3.0771484375 -1.392714878874231e-21
3.077392578125 -9.074550574078632e-22
3.07763671875 -7.598055101356248e-22
3.077880859375 -1.010609173087991e-21
3.078125 -1.148145981592854e-21
3.078369140625 -8.314864194605438e-22
3.07861328125 -3.441164156959539e-22
3.078857421875 -1.092841107914071e-22
3.0791015625 -1.623107604982394e-22
3.079345703125 -3.512585837841591e-22
3.07958984375 -6.854618964197268e-22
3.079833984375 -1.151039126068576e-21
3.080078125 -1.459727386366448e-21
3.080322265625 -1.361243270339809e-21
3.08056640625 -1.054651739947938e-21
3.080810546875 -9.456724830473537e-22
3.0810546875 -1.08163853463765e-21
3.081298828125 -1.142940168769077e-21
3.08154296875 -9.424199127557373e-22
3.081787109375 -6.066541997950128e-22
3.08203125 -2.506260756860061e-22
3.082275390625 1.949693250498358e-22
3.08251953125 7.229536776548632e-22
3.082763671875 1.098673869134429e-21
3.0830078125 1.151035281709499e-21
3.083251953125 1.015816415709899e-21
3.08349609375 9.000056207653583e-22
3.083740234375 7.750581120389878e-22
3.083984375 5.31053859613047e-22
3.084228515625 2.929324691256679e-22
3.08447265625 2.833818064013427e-22
3.084716796875 4.20573320827835e-22
3.0849609375 3.733506323636348e-22
3.085205078125 5.680786581274389e-23
3.08544921875 -2.409110998639972e-22
3.085693359375 -3.300266990049932e-22
3.0859375 -3.86689589278239e-22
3.086181640625 -5.399342953652099e-22
3.08642578125 -5.067737499328875e-22
3.086669921875 1.035778519857805e-23
3.0869140625 7.733200209317637e-22
3.087158203125 1.284592125530092e-21
3.08740234375 1.516504103817169e-21
3.087646484375 1.880714489536274e-21
3.087890625 2.437798330079767e-21
3.088134765625 2.673040710159657e-21
3.08837890625 2.303090289526655e-21
3.088623046875 1.833691682425469e-21
3.0888671875 1.875853772379409e-21
3.089111328125 2.209155884823191e-21
3.08935546875 2.068842787290943e-21
3.089599609375 1.266493914805331e-21
3.08984375 4.625162882409538e-22
3.090087890625 2.19198417591732e-22
3.09033203125 2.827009711340979e-22
3.090576171875 7.262299476573322e-23
3.0908203125 -5.036365940774892e-22
3.091064453125 -1.094647452075673e-21
3.09130859375 -1.485868575793222e-21
3.091552734375 -1.6842757688267e-21
3.091796875 -1.567760476512587e-21
3.092041015625 -9.75731486128566e-22
3.09228515625 -1.989092573569414e-22
3.092529296875 1.233850064590336e-22
3.0927734375 -1.871246362715121e-22
3.093017578125 -5.531778543896504e-22
3.09326171875 -4.716838610057768e-22
3.093505859375 -2.907145457081904e-22
3.09375 -7.216164513889133e-22
3.093994140625 -1.794737777882559e-21
3.09423828125 -2.812431658181828e-21
3.094482421875 -3.282898834804258e-21
3.0947265625 -3.38711024217626e-21
3.094970703125 -3.444948153328392e-21
3.09521484375 -3.424488202234237e-21
3.095458984375 -3.223519244024537e-21
3.095703125 -3.038820914830231e-21
3.095947265625 -3.102927573607777e-21
3.09619140625 -3.276714895592254e-21
3.096435546875 -3.228787974155009e-21
3.0966796875 -2.896731181866079e-21
3.096923828125 -2.497155478770836e-21
3.09716796875 -2.156618341928464e-21
3.097412109375 -1.779886080224811e-21
3.09765625 -1.266552524543565e-21
3.097900390625 -6.756044742067954e-22
3.09814453125 -1.613429517843588e-22
3.098388671875 1.653331462622916e-22
3.0986328125 3.358741760224816e-22
3.098876953125 5.199949381771076e-22
3.09912109375 8.548725587094785e-22
3.099365234375 1.295742176468034e-21
3.099609375 1.777444733492422e-21
3.099853515625 2.450803081747774e-21
3.10009765625 3.446596152816005e-21
3.100341796875 4.400493666479347e-21
3.1005859375 4.657355352101678e-21
3.100830078125 4.132309482027513e-21
3.10107421875 3.534623667690581e-21
3.101318359375 3.445231978226875e-21
3.1015625 3.606223003772559e-21
3.101806640625 3.531740325071274e-21
3.10205078125 3.382346176411472e-21
3.102294921875 3.62196964419626e-21
3.1025390625 4.098839309054519e-21
3.102783203125 4.185350638165915e-21
3.10302734375 3.735132523999229e-21
3.103271484375 3.205646705175973e-21
3.103515625 2.825973909269925e-21
3.103759765625 2.348540883100259e-21
3.10400390625 1.742984613339254e-21
3.104248046875 1.420494653014435e-21
3.1044921875 1.497613834894381e-21
3.104736328125 1.485452535608684e-21
3.10498046875 1.088163033987283e-21
3.105224609375 7.33277462232626e-22
3.10546875 8.3414699111607e-22
3.105712890625 1.019655641110447e-21
3.10595703125 6.792533998355165e-22
3.106201171875 -7.030798472742341e-23
3.1064453125 -5.788153711878884e-22
3.106689453125 -6.238495700072708e-22
3.10693359375 -5.83248261851267e-22
3.107177734375 -7.387503631861913e-22
3.107421875 -9.836980245440206e-22
3.107666015625 -1.244272267405553e-21
3.10791015625 -1.651003802152582e-21
3.108154296875 -2.145645931468177e-21
3.1083984375 -2.357571796364133e-21
3.108642578125 -2.091353327697894e-21
3.10888671875 -1.627125972524418e-21
3.109130859375 -1.32495522480686e-21
3.109375 -1.169257641203272e-21
3.109619140625 -9.137273004792763e-22
3.10986328125 -4.998711233633214e-22
3.110107421875 -1.249966272786898e-22
3.1103515625 -4.502292115560716e-25
3.110595703125 -2.081822572829084e-22
3.11083984375 -7.189794314097786e-22
3.111083984375 -1.400159440961033e-21
3.111328125 -2.037569826078348e-21
3.111572265625 -2.467633561656747e-21
3.11181640625 -2.692302389933922e-21
3.112060546875 -2.813196138641197e-21
3.1123046875 -2.87808958652924e-21
3.112548828125 -2.841249097720938e-21
3.11279296875 -2.656043603189817e-21
3.113037109375 -2.36636895912578e-21
3.11328125 -2.098752209837539e-21
3.113525390625 -1.948756118729808e-21
3.11376953125 -1.858415438922625e-21
3.114013671875 -1.664129537213334e-21
3.1142578125 -1.347419101868687e-21
3.114501953125 -1.179506914473829e-21
3.11474609375 -1.445066026300052e-21
3.114990234375 -1.989568040420739e-21
3.115234375 -2.233512553163396e-21
3.115478515625 -1.791134926717013e-21
3.11572265625 -9.662598032510091e-22
3.115966796875 -4.358956319198996e-22
3.1162109375 -4.699071196666129e-22
3.116455078125 -6.801020306496299e-22
3.11669921875 -5.982053965380422e-22
3.116943359375 -2.766700456850586e-22
3.1171875 -1.276904082371616e-22
3.117431640625 -3.081870953813817e-22
3.11767578125 -5.44388953010193e-22
3.117919921875 -5.719694436485449e-22
3.1181640625 -4.773076132110095e-22
3.118408203125 -4.759526949650115e-22
3.11865234375 -5.651673684510725e-22
3.118896484375 -5.955159783302902e-22
3.119140625 -5.462630320710869e-22
3.119384765625 -4.898384218458257e-22
3.11962890625 -3.559981820568431e-22
3.119873046875 -5.875225787256171e-24
3.1201171875 4.359439420232978e-22
3.120361328125 5.872286337080234e-22
3.12060546875 2.738392522799842e-22
3.120849609375 -1.79919438113487e-22
3.12109375 -2.709535857308806e-22
3.121337890625 1.593373531436044e-22
3.12158203125 8.114495040825555e-22
3.121826171875 1.249409053640737e-21
3.1220703125 1.262924195324593e-21
3.122314453125 1.007709547412119e-21
3.12255859375 8.651352545352247e-22
3.122802734375 1.075649355158961e-21
3.123046875 1.464170496466099e-21
3.123291015625 1.667004997621734e-21
3.12353515625 1.692494876227073e-21
3.123779296875 2.0353682488313e-21
3.1240234375 3.043066372176152e-21
3.124267578125 4.35765558448021e-21
3.12451171875 5.291540853076756e-21
3.124755859375 5.675395080654279e-21
3.125 5.977483481359523e-21
3.125244140625 6.53734599206986e-21
3.12548828125 7.049647295238387e-21
3.125732421875 7.02107171038778e-21
3.1259765625 6.466648994077126e-21
3.126220703125 5.824503525909908e-21
3.12646484375 5.294260449106518e-21
3.126708984375 4.620759221920353e-21
3.126953125 3.595681774946257e-21
3.127197265625 2.478112265215189e-21
3.12744140625 1.71784390404303e-21
3.127685546875 1.398171082521415e-21
3.1279296875 1.151229671802576e-21
3.128173828125 5.952582753259062e-22
3.12841796875 -2.798855158613556e-22
3.128662109375 -1.14240158035226e-21
3.12890625 -1.608850615335795e-21
3.129150390625 -1.516293303590513e-21
3.12939453125 -1.044164136278747e-21
3.129638671875 -6.022797328257528e-22
3.1298828125 -4.934017838497225e-22
3.130126953125 -6.466297407032212e-22
3.13037109375 -7.627052992562066e-22
3.130615234375 -7.157185882477235e-22
3.130859375 -6.689449605395996e-22
3.131103515625 -7.762238853207327e-22
3.13134765625 -9.782886671132564e-22
3.131591796875 -1.210825660812663e-21
3.1318359375 -1.611980423574132e-21
3.132080078125 -2.31377737450967e-21
3.13232421875 -3.165128318181026e-21
3.132568359375 -3.912345882581401e-21
3.1328125 -4.574832472302906e-21
3.133056640625 -5.362938974688653e-21
3.13330078125 -6.239716814488188e-21
3.133544921875 -6.858601814364512e-21
3.1337890625 -6.998543009150836e-21
3.134033203125 -6.796322098128393e-21
3.13427734375 -6.445851098102659e-21
3.134521484375 -5.923638641059693e-21
3.134765625 -5.176217703359273e-21
3.135009765625 -4.362926090501863e-21
3.13525390625 -3.691747444068987e-21
3.135498046875 -3.140894592394565e-21
3.1357421875 -2.544055782504686e-21
3.135986328125 -1.874018796964517e-21
3.13623046875 -1.279754960693787e-21
3.136474609375 -9.111234523087766e-22
3.13671875 -8.384718337931799e-22
3.136962890625 -1.054138979894109e-21
3.13720703125 -1.414687375162152e-21
3.137451171875 -1.685702975473203e-21
3.1376953125 -1.802819401293344e-21
3.137939453125 -1.980999267262653e-21
3.13818359375 -2.376714269537216e-21
3.138427734375 -2.741273222416277e-21
3.138671875 -2.642009580654573e-21
3.138916015625 -1.984671569988838e-21
3.13916015625 -1.103049401836457e-21
3.139404296875 -3.711198940069392e-22
3.1396484375 4.897830875270275e-23
3.139892578125 1.207997994364818e-22
3.14013671875 -1.040379215143242e-22
3.140380859375 -3.812415774775592e-22
3.140625 -3.980296605024539e-22
3.140869140625 -1.196613665317487e-22
3.14111328125 1.811584262210138e-22
3.141357421875 3.391786420947027e-22
3.1416015625 5.510532651344874e-22
3.141845703125 1.09422909995254e-21
3.14208984375 1.948908896313839e-21
3.142333984375 2.824114550486966e-21
3.142578125 3.439372388884677e-21
3.142822265625 3.686707417377969e-21
3.14306640625 3.637218552938605e-21
3.143310546875 3.472193044433287e-21
3.1435546875 3.290242901091634e-21
3.143798828125 2.936152541142482e-21
3.14404296875 2.190058832558109e-21
3.144287109375 1.188336803191804e-21
3.14453125 4.47385111477945e-22
3.144775390625 3.583886809511957e-22
3.14501953125 8.512475393339613e-22
3.145263671875 1.646216100581823e-21
3.1455078125 2.558756674736403e-21
3.145751953125 3.380675957887164e-21
3.14599609375 3.77656231173953e-21
3.146240234375 3.628653188577476e-21
3.146484375 3.285998188643172e-21
3.146728515625 3.134575462475076e-21
3.14697265625 3.074525235144132e-21
3.147216796875 2.768577863065802e-21
3.1474609375 2.256052307482461e-21
3.147705078125 1.898028134936463e-21
3.14794921875 1.788980478986165e-21
3.148193359375 1.679628094242406e-21
3.1484375 1.495314478020129e-21
3.148681640625 1.466390486569273e-21
3.14892578125 1.63312207785001e-21
3.149169921875 1.642512146869439e-21
3.1494140625 1.219780891148214e-21
3.149658203125 5.143562956102139e-22
3.14990234375 -1.665636851435068e-22
3.150146484375 -6.402040206896167e-22
3.150390625 -7.517856475235799e-22
3.150634765625 -4.096533761061032e-22
3.15087890625 8.992131129281923e-23
3.151123046875 2.133423750413712e-22
3.1513671875 -4.504762967778961e-23
3.151611328125 1.529735538970469e-23
3.15185546875 8.191721469297184e-22
3.152099609375 1.76885556843534e-21
3.15234375 2.013874858652677e-21
3.152587890625 1.650999788120116e-21
3.15283203125 1.501621325335851e-21
3.153076171875 1.845481767788588e-21
3.1533203125 2.096948301813486e-21
3.153564453125 1.807747912805011e-21
3.15380859375 1.314416150353803e-21
3.154052734375 1.123076049398842e-21
3.154296875 1.180932963749375e-21
3.154541015625 1.125128790403876e-21
3.15478515625 8.860017778480573e-22
3.155029296875 6.543771672698125e-22
3.1552734375 4.834282275179009e-22
3.155517578125 2.88935471070452e-22
3.15576171875 1.077665148124226e-22
3.156005859375 2.390366812449818e-23
3.15625 -9.571704692713715e-23
3.156494140625 -4.829995966124239e-22
3.15673828125 -1.068308069649607e-21
3.156982421875 -1.448866504268553e-21
3.1572265625 -1.343343617169606e-21
3.157470703125 -9.112964449386548e-22
3.15771484375 -5.095336628423648e-22
3.157958984375 -2.453036270804962e-22
3.158203125 5.577673170871005e-23
3.158447265625 4.380063627700692e-22
3.15869140625 5.788291892110546e-22
3.158935546875 1.611728523483825e-22
3.1591796875 -5.936188177774382e-22
3.159423828125 -1.060189346286811e-21
3.15966796875 -9.777401877941269e-22
3.159912109375 -8.099192635660988e-22
3.16015625 -1.11774813318772e-21
3.160400390625 -1.814393993899175e-21
3.16064453125 -2.385357389976738e-21
3.160888671875 -2.688501057015936e-21
3.1611328125 -3.073791241679645e-21
3.161376953125 -3.685802029035969e-21
3.16162109375 -4.107632861877063e-21
3.161865234375 -3.913697590582867e-21
3.162109375 -3.273299396331284e-21
3.162353515625 -2.750323101632613e-21
3.16259765625 -2.667084012775739e-21
3.162841796875 -2.866459213306758e-21
3.1630859375 -2.995643327820596e-21
3.163330078125 -2.85799286269485e-21
3.16357421875 -2.523948039698519e-21
3.163818359375 -2.18193212725551e-21
3.1640625 -1.883364661652451e-21
3.164306640625 -1.492962810035248e-21
3.16455078125 -9.629541756832083e-22
3.164794921875 -5.073065105040509e-22
3.1650390625 -3.030781582104041e-22
3.165283203125 -1.817881158140383e-22
3.16552734375 6.46681537444901e-23
3.165771484375 2.262280697198062e-22
3.166015625 -1.107712816035861e-23
3.166259765625 -3.602368450611472e-22
3.16650390625 -1.363566447257217e-22
3.166748046875 7.203811132390542e-22
3.1669921875 1.421547398987041e-21
3.167236328125 1.383981165590164e-21
3.16748046875 9.498230215904555e-22
3.167724609375 7.136410313486617e-22
3.16796875 6.75129066061075e-22
3.168212890625 5.265904131335563e-22
3.16845703125 3.073010959084908e-22
3.168701171875 2.076195376844132e-22
3.1689453125 8.676502940757146e-23
3.169189453125 -2.327854051967376e-22
3.16943359375 -5.035748332002612e-22
3.169677734375 -4.953494682748908e-22
3.169921875 -6.04143961331652e-22
3.170166015625 -1.313580472301529e-21
3.17041015625 -2.248916764069066e-21
3.170654296875 -2.543456465825715e-21
3.1708984375 -2.078463606037841e-21
3.171142578125 -1.572103221393321e-21
3.17138671875 -1.401487051224303e-21
3.171630859375 -1.149428448646175e-21
3.171875 -5.028780557547985e-22
3.172119140625 1.810238721699535e-22
3.17236328125 5.270749680656281e-22
3.172607421875 6.717816223381993e-22
3.1728515625 7.513115064291447e-22
3.173095703125 4.880312047886528e-22
3.17333984375 -2.210175521707483e-22
3.173583984375 -8.07737510594277e-22
3.173828125 -6.595066200669176e-22
3.174072265625 1.082393097627213e-22
3.17431640625 9.499152032631661e-22
3.174560546875 1.604222313416434e-21
3.1748046875 2.057724510646711e-21
3.175048828125 2.148311122624824e-21
3.17529296875 1.738734146035318e-21
3.175537109375 1.067088882536667e-21
3.17578125 4.763291615732697e-22
3.176025390625 1.532815364860277e-23
3.17626953125 -3.058297905861803e-22
3.176513671875 -2.139894557607828e-22
3.1767578125 3.464810548336578e-22
3.177001953125 7.687408633203464e-22
3.17724609375 4.924104999384484e-22
3.177490234375 -6.628108020017584e-23
3.177734375 -3.569375695962238e-23
3.177978515625 5.870291112786772e-22
3.17822265625 9.659523441457834e-22
3.178466796875 8.060495535693128e-22
3.1787109375 7.880800026959301e-22
3.178955078125 1.338601895086541e-21
3.17919921875 1.832935182794572e-21
3.179443359375 1.589538035135356e-21
3.1796875 1.005910487987466e-21
3.179931640625 9.802461479409917e-22
3.18017578125 1.566789599187647e-21
3.180419921875 1.92635144117901e-21
3.1806640625 1.49836198920155e-21
3.180908203125 6.310213274245714e-22
3.18115234375 3.857313943742216e-23
3.181396484375 8.397238189306436e-23
3.181640625 6.321321727870281e-22
3.181884765625 1.238427215821654e-21
3.18212890625 1.431296445396903e-21
3.182373046875 1.124640586327894e-21
3.1826171875 8.125783877802656e-22
3.182861328125 1.093207578150759e-21
3.18310546875 1.944475886879218e-21
3.183349609375 2.697849339638301e-21
3.18359375 2.76861920838968e-21
3.183837890625 2.205941136807595e-21
3.18408203125 1.508086853004805e-21
3.184326171875 1.130291191579261e-21
3.1845703125 1.219117794290116e-21
3.184814453125 1.592855673541604e-21
3.18505859375 1.874693398314229e-21
3.185302734375 1.799461260640627e-21
3.185546875 1.467997161442578e-21
3.185791015625 1.200226984981529e-21
3.18603515625 1.156283062011473e-21
3.186279296875 1.255920195560641e-21
3.1865234375 1.405293989094285e-21
3.186767578125 1.541226080110697e-21
3.18701171875 1.471754448189844e-21
3.187255859375 1.011277642663112e-21
3.1875 3.521144789218647e-22
3.187744140625 -4.051969926922484e-23
3.18798828125 -4.846223153964981e-23
3.188232421875 -6.95888265105172e-23
3.1884765625 -3.611736277252527e-22
3.188720703125 -5.95858982975089e-22
3.18896484375 -4.246138818744018e-22
3.189208984375 -1.439873040869031e-22
3.189453125 -2.814813624849493e-22
3.189697265625 -6.895019765286406e-22
3.18994140625 -6.53885009678719e-22
3.190185546875 5.326617399594099e-23
3.1904296875 7.858619536780494e-22
3.190673828125 8.874898644881214e-22
3.19091796875 4.825881067110435e-22
3.191162109375 1.097714567738811e-22
3.19140625 -6.247836517827562e-23
3.191650390625 -2.58214983319329e-22
3.19189453125 -5.60605244046175e-22
3.192138671875 -7.963266657076981e-22
3.1923828125 -9.124588237998526e-22
3.192626953125 -1.105569050358034e-21
3.19287109375 -1.497265725194697e-21
3.193115234375 -1.912338890469944e-21
3.193359375 -2.075728378195613e-21
3.193603515625 -1.90978633015942e-21
3.19384765625 -1.590204215043391e-21
3.194091796875 -1.379951167068792e-21
3.1943359375 -1.402027785567674e-21
3.194580078125 -1.528230927195372e-21
3.19482421875 -1.566827452601755e-21
3.195068359375 -1.616758436402597e-21
3.1953125 -2.062354156430364e-21
3.195556640625 -3.040973592320368e-21
3.19580078125 -4.085074068783369e-21
3.196044921875 -4.586240813523777e-21
3.1962890625 -4.5411025777611e-21
3.196533203125 -4.516446831917309e-21
3.19677734375 -4.879784819010608e-21
3.197021484375 -5.398350443675261e-21
3.197265625 -5.653274850689239e-21
3.197509765625 -5.496517319053903e-21
3.19775390625 -4.964912445145582e-21
3.197998046875 -4.103411847417233e-21
3.1982421875 -3.125772883924678e-21
3.198486328125 -2.46376273839533e-21
3.19873046875 -2.335710616676533e-21
3.198974609375 -2.439385141989217e-21
3.19921875 -2.357021689919172e-21
3.199462890625 -2.096659222656065e-21
3.19970703125 -1.920296025344734e-21
3.199951171875 -1.797579081299987e-21
3.2001953125 -1.436668573175145e-21
3.200439453125 -8.165331943581383e-22
3.20068359375 -2.879109112273213e-22
3.200927734375 -8.637205908365828e-23
3.201171875 -7.925200092830085e-23
3.201416015625 -7.319786504466947e-23
3.20166015625 -5.885935106648652e-23
3.201904296875 -5.249606006640899e-23
3.2021484375 -3.482556677993557e-24
3.202392578125 1.262429378322019e-23
3.20263671875 -1.862128261420037e-22
3.202880859375 -5.098825560716752e-22
3.203125 -5.317777451035408e-22
3.203369140625 -1.406207151440324e-23
3.20361328125 7.655703781906594e-22
3.203857421875 1.434828674672918e-21
3.2041015625 1.996018751727608e-21
3.204345703125 2.587541863907694e-21
3.20458984375 3.048154605213178e-21
3.204833984375 3.121134779653514e-21
3.205078125 2.941958564204994e-21
3.205322265625 2.908684514850505e-21
3.20556640625 3.12122251306835e-21
3.205810546875 3.324438898452279e-21
3.2060546875 3.383901329915547e-21
3.206298828125 3.439437766874453e-21
3.20654296875 3.558096641514645e-21
3.206787109375 3.60085154650987e-21
3.20703125 3.512983558121772e-21
3.207275390625 3.413161774390472e-21
3.20751953125 3.292286257331562e-21
3.207763671875 2.943040702473605e-21
3.2080078125 2.32192277325192e-21
3.208251953125 1.687899788210922e-21
3.20849609375 1.233563355457287e-21
3.208740234375 8.614616026462512e-22
3.208984375 4.963278404197667e-22
3.209228515625 3.398291951955711e-22
3.20947265625 5.936884544831165e-22
3.209716796875 1.150196458880948e-21
3.2099609375 1.766653507090641e-21
3.210205078125 2.343920728992438e-21
3.21044921875 2.838500274549676e-21
3.210693359375 3.129600614605753e-21
3.2109375 3.211902117785154e-21
3.211181640625 3.304232723988218e-21
3.21142578125 3.497619131625532e-21
3.211669921875 3.49793785455853e-21
3.2119140625 3.031650381171471e-21
3.212158203125 2.340030018249518e-21
3.21240234375 1.912405780140688e-21
3.212646484375 1.822907596990424e-21
3.212890625 1.687478867572397e-21
3.213134765625 1.241953834646512e-21
3.21337890625 6.317889217703269e-22
3.213623046875 1.371820572048848e-22
3.2138671875 -7.560907767013541e-23
3.214111328125 7.293621798135312e-23
3.21435546875 5.257431340513456e-22
3.214599609375 9.664699729952237e-22
3.21484375 1.055001406557265e-21
3.215087890625 8.646965487036503e-22
3.21533203125 8.038447022298314e-22
3.215576171875 1.011272663749905e-21
3.2158203125 1.11304668002532e-21
3.216064453125 7.223779097346367e-22
3.21630859375 -5.150586163702609e-23
3.216552734375 -7.444261381708407e-22
3.216796875 -9.99716093841833e-22
3.217041015625 -7.672562095770123e-22
3.21728515625 -2.389817727049384e-22
3.217529296875 2.60233466536777e-22
3.2177734375 4.705212001650854e-22
3.218017578125 4.268569962114497e-22
3.21826171875 3.779716216776043e-22
3.218505859375 4.095359130422195e-22
3.21875 3.360669709093043e-22
3.218994140625 6.698489025952467e-23
3.21923828125 -1.488448879433192e-22
3.219482421875 -2.687887675620959e-23
3.2197265625 3.860670081170915e-22
3.219970703125 8.460785784261935e-22
3.22021484375 1.243623381087701e-21
3.220458984375 1.561978650599637e-21
3.220703125 1.646884206466301e-21
3.220947265625 1.326194820072983e-21
3.22119140625 7.303517434597926e-22
3.221435546875 2.12715426018919e-22
3.2216796875 -8.753022746067362e-23
3.221923828125 -3.632594495382307e-22
3.22216796875 -7.502781000110747e-22
3.222412109375 -1.053362740571255e-21
3.22265625 -1.019101678823487e-21
3.222900390625 -7.323532741528424e-22
3.22314453125 -5.414669344730523e-22
3.223388671875 -6.280694183586051e-22
3.2236328125 -8.181074312447801e-22
3.223876953125 -8.43236363922674e-22
3.22412109375 -6.614096586219666e-22
3.224365234375 -4.584549368855941e-22
3.224609375 -4.27365056574316e-22
3.224853515625 -6.293459110401585e-22
3.22509765625 -9.960949814656636e-22
3.225341796875 -1.351583119552915e-21
3.2255859375 -1.488019917647269e-21
3.225830078125 -1.394024679762949e-21
3.22607421875 -1.413462544568768e-21
3.226318359375 -1.970630240697052e-21
3.2265625 -3.037339429689139e-21
3.226806640625 -4.048396364233578e-21
3.22705078125 -4.498176578163553e-21
3.227294921875 -4.478696717575723e-21
3.2275390625 -4.442660412428092e-21
3.227783203125 -4.563817856861819e-21
3.22802734375 -4.588948218530372e-21
3.228271484375 -4.279660058788296e-21
3.228515625 -3.737627450066316e-21
3.228759765625 -3.247816820533344e-21
3.22900390625 -2.995157563980426e-21
3.229248046875 -2.986374191034905e-21
3.2294921875 -3.092397454218245e-21
3.229736328125 -3.126034327287386e-21
3.22998046875 -3.013852362737722e-21
3.230224609375 -2.915276852659513e-21
3.23046875 -3.051901914278256e-21
3.230712890625 -3.431370734576919e-21
3.23095703125 -3.865303036110543e-21
3.231201171875 -4.196911359898432e-21
3.2314453125 -4.33363775932944e-21
3.231689453125 -4.149191567841285e-21
3.23193359375 -3.636411637661054e-21
3.232177734375 -3.133281799581677e-21
3.232421875 -3.079903750637607e-21
3.232666015625 -3.487220653147605e-21
3.23291015625 -3.898404516735273e-21
3.233154296875 -3.900469258716745e-21
3.2333984375 -3.401466245805317e-21
3.233642578125 -2.433525296986642e-21
3.23388671875 -1.104521226792499e-21
3.234130859375 1.714188479485265e-22
3.234375 8.664923883373472e-22
3.234619140625 9.834353757243391e-22
3.23486328125 1.091603493839378e-21
3.235107421875 1.463582388545286e-21
3.2353515625 1.62234096693596e-21
3.235595703125 1.122698349621119e-21
3.23583984375 3.539676771336141e-22
3.236083984375 2.966308136886637e-23
3.236328125 1.772354684588731e-22
3.236572265625 2.555561624907254e-22
3.23681640625 1.341751598422882e-22
3.237060546875 2.984902124607368e-22
3.2373046875 1.028040280345005e-21
3.237548828125 1.952063247898896e-21
3.23779296875 2.608796607743316e-21
3.238037109375 2.98713037882167e-21
3.23828125 3.269604632569998e-21
3.238525390625 3.403540590841728e-21
3.23876953125 3.239578070215232e-21
3.239013671875 2.895681420833672e-21
3.2392578125 2.705427517092814e-21
3.239501953125 2.85458347935845e-21
3.23974609375 3.193739932474113e-21
3.239990234375 3.361431821227528e-21
3.240234375 3.071647983771824e-21
3.240478515625 2.392907050422276e-21
3.24072265625 1.738647177940449e-21
3.240966796875 1.425557639982803e-21
3.2412109375 1.264917615025503e-21
3.241455078125 8.171998248162078e-22
3.24169921875 6.395415017352027e-23
3.241943359375 -4.525831808550296e-22
3.2421875 -2.634307683308252e-22
3.242431640625 5.003221644370894e-22
3.24267578125 1.364136304166757e-21
3.242919921875 2.078864243839929e-21
3.2431640625 2.728364862431014e-21
3.243408203125 3.40504854710217e-21
3.24365234375 3.998658479444061e-21
3.243896484375 4.284347665684102e-21
3.244140625 4.090805042413325e-21
3.244384765625 3.402772685173541e-21
3.24462890625 2.394142070120305e-21
3.244873046875 1.356752652921059e-21
3.2451171875 5.441951244933802e-22
3.245361328125 7.016575304229677e-23
3.24560546875 -8.304192167950791e-23
3.245849609375 -2.838717880609184e-23
3.24609375 8.609322481869227e-23
3.246337890625 2.110040329238078e-22
3.24658203125 4.585802345350277e-22
3.246826171875 9.257896352034453e-22
3.2470703125 1.486455764049135e-21
3.247314453125 1.900555272708369e-21
3.24755859375 2.100041186902412e-21
3.247802734375 2.19343293268865e-21
3.248046875 2.218559596633008e-21
3.248291015625 2.124741670221738e-21
3.24853515625 2.009356383405202e-21
3.248779296875 2.082669818067436e-21
3.2490234375 2.298472099971563e-21
3.249267578125 2.309146597959751e-21
3.24951171875 1.970995254192378e-21
3.249755859375 1.627648557290484e-21
3.25 1.611120582206833e-21
3.250244140625 1.651984986822046e-21
3.25048828125 1.149273232857755e-21
3.250732421875 -8.362937684575453e-24
3.2509765625 -1.223231634692054e-21
3.251220703125 -1.861903466446117e-21
3.25146484375 -1.887398918738238e-21
3.251708984375 -1.696203643328965e-21
3.251953125 -1.549791568017691e-21
3.252197265625 -1.391740893700047e-21
3.25244140625 -1.123017940853318e-21
3.252685546875 -7.858451785342712e-22
3.2529296875 -4.146118745710687e-22
3.253173828125 7.757642546752657e-23
3.25341796875 6.842212520118589e-22
3.253662109375 1.098836153626604e-21
3.25390625 9.826156617010074e-22
3.254150390625 4.546625690997349e-22
3.25439453125 5.206526049072249e-23
3.254638671875 7.51477263110175e-23
3.2548828125 2.13466049819138e-22
3.255126953125 4.157646981948329e-23
3.25537109375 -3.341898095186348e-22
3.255615234375 -4.745796744976325e-22
3.255859375 -3.362588019535026e-22
3.256103515625 -3.586746565663723e-22
3.25634765625 -7.63348213136153e-22
3.256591796875 -1.192172336045259e-21
3.2568359375 -1.251102680817392e-21
3.257080078125 -1.071141861751612e-21
3.25732421875 -1.027189064584845e-21
3.257568359375 -1.126214432820597e-21
3.2578125 -1.003055926601954e-21
3.258056640625 -4.053854700278088e-22
3.25830078125 6.042029853374454e-22
3.258544921875 1.830619193256565e-21
3.2587890625 3.021462284816751e-21
3.259033203125 3.806920544452451e-21
3.25927734375 3.910443755987857e-21
3.259521484375 3.509438274688149e-21
3.259765625 3.133926413315449e-21
3.260009765625 3.07935279731089e-21
3.26025390625 3.088506545548694e-21
3.260498046875 2.712525052176574e-21
3.2607421875 1.818076131570219e-21
3.260986328125 6.240282853952687e-22
3.26123046875 -5.760094802855937e-22
3.261474609375 -1.519987302928191e-21
3.26171875 -1.937484282175177e-21
3.261962890625 -1.718536880293361e-21
3.26220703125 -1.183712667362269e-21
3.262451171875 -9.231118431131699e-22
3.2626953125 -1.17387941098973e-21
3.262939453125 -1.512100132127147e-21
3.26318359375 -1.401085856328841e-21
3.263427734375 -9.455625931399057e-22
3.263671875 -7.674104571651435e-22
3.263916015625 -1.108889205618978e-21
3.26416015625 -1.462670666247353e-21
3.264404296875 -1.311218050830587e-21
3.2646484375 -8.656780930763748e-22
3.264892578125 -6.807225481258324e-22
3.26513671875 -8.125046834858088e-22
3.265380859375 -8.952611983795807e-22
3.265625 -9.138971003118496e-22
3.265869140625 -1.234783015539628e-21
3.26611328125 -1.788217156895632e-21
3.266357421875 -1.920407808417815e-21
3.2666015625 -1.386352945310387e-21
3.266845703125 -8.774973239957022e-22
3.26708984375 -1.05744760258313e-21
3.267333984375 -1.565657765251731e-21
3.267578125 -1.623421352939528e-21
3.267822265625 -1.281482423419296e-21
3.26806640625 -1.296736827874733e-21
3.268310546875 -1.902925689765116e-21
3.2685546875 -2.507807103999258e-21
3.268798828125 -2.697409021000193e-21
3.26904296875 -2.778378615489864e-21
3.269287109375 -3.04281775791447e-21
3.26953125 -3.163798822573694e-21
3.269775390625 -2.776731303286426e-21
3.27001953125 -2.168006094795995e-21
3.270263671875 -1.853687275148696e-21
3.2705078125 -1.796434952054374e-21
3.270751953125 -1.582284016730653e-21
3.27099609375 -1.176401223740055e-21
3.271240234375 -9.467501681478624e-22
3.271484375 -9.990055725923565e-22
3.271728515625 -1.036356737769141e-21
3.27197265625 -9.695168431922673e-22
3.272216796875 -1.164675167222029e-21
3.2724609375 -1.824907662087996e-21
3.272705078125 -2.487097855123993e-21
3.27294921875 -2.508525555659645e-21
3.273193359375 -1.898044181951709e-21
3.2734375 -1.30103438871905e-21
3.273681640625 -1.169732982731572e-21
3.27392578125 -1.282892149727659e-21
3.274169921875 -1.208115392096254e-21
3.2744140625 -9.405014406668199e-22
3.274658203125 -7.886198927581558e-22
3.27490234375 -7.888992181970795e-22
3.275146484375 -6.518173116782503e-22
3.275390625 -3.485774273883759e-22
3.275634765625 -3.269707554112512e-22
3.27587890625 -8.605420218138201e-22
3.276123046875 -1.487036127033335e-21
3.2763671875 -1.516458812071097e-21
3.276611328125 -9.732019884319404e-22
3.27685546875 -5.925950263259558e-22
3.277099609375 -8.646206396803067e-22
3.27734375 -1.475553642223348e-21
3.277587890625 -1.785128890520682e-21
3.27783203125 -1.497887187908874e-21
3.278076171875 -7.317372771155663e-22
3.2783203125 2.281108603745653e-22
3.278564453125 1.034878353396692e-21
3.27880859375 1.419626596808139e-21
3.279052734375 1.451341571146193e-21
3.279296875 1.46041202688189e-21
3.279541015625 1.556188560019459e-21
3.27978515625 1.468695536910592e-21
3.280029296875 1.018844151210065e-21
3.2802734375 4.382271148695274e-22
3.280517578125 8.668860105412954e-24
3.28076171875 -2.948914207512458e-22
3.281005859375 -5.294098246957109e-22
3.28125 -4.839705449514544e-22
3.281494140625 -1.832510952122496e-23
3.28173828125 5.855755602671177e-22
3.281982421875 1.027791367158142e-21
3.2822265625 1.490629474610073e-21
3.282470703125 2.241591477001221e-21
3.28271484375 2.931786097727255e-21
3.282958984375 2.883654617333143e-21
3.283203125 2.056368380987782e-21
3.283447265625 1.173754850225162e-21
3.28369140625 8.053099479597871e-22
3.283935546875 7.833886626122972e-22
3.2841796875 6.390833957107577e-22
3.284423828125 1.872595667862899e-22
3.28466796875 -4.561676596148001e-22
3.284912109375 -1.046458669496997e-21
3.28515625 -1.252214471060508e-21
3.285400390625 -8.944270052435375e-22
3.28564453125 -3.045354530025827e-22
3.285888671875 -9.618677648743621e-23
3.2861328125 -4.036400647158957e-22
3.286376953125 -6.694421006253722e-22
3.28662109375 -3.665639559093372e-22
3.286865234375 3.829046917785994e-22
3.287109375 1.08912444624761e-21
3.287353515625 1.468174212705346e-21
3.28759765625 1.521991834312413e-21
3.287841796875 1.365567761623524e-21
3.2880859375 1.241365872168404e-21
3.288330078125 1.442205131793494e-21
3.28857421875 1.943058696558472e-21
3.288818359375 2.32262915769446e-21
3.2890625 2.304103208269877e-21
3.289306640625 2.167310694421178e-21
3.28955078125 2.36198699992793e-21
3.289794921875 2.893957954292106e-21
3.2900390625 3.360360823000793e-21
3.290283203125 3.446382709535265e-21
3.29052734375 3.140479566590864e-21
3.290771484375 2.591282980965475e-21
3.291015625 2.000087234963323e-21
3.291259765625 1.572646844558704e-21
3.29150390625 1.381121055783713e-21
3.291748046875 1.327002596338818e-21
3.2919921875 1.321099352412213e-21
3.292236328125 1.34701229328216e-21
3.29248046875 1.285552600654084e-21
3.292724609375 9.44691582831502e-22
3.29296875 4.064563094635147e-22
3.293212890625 5.472773166380767e-23
3.29345703125 6.301957724462137e-23
3.293701171875 1.457480210398669e-22
3.2939453125 3.299787929708539e-23
3.294189453125 -1.440642052188081e-22
3.29443359375 -2.202625999169633e-22
3.294677734375 -3.74684671303105e-22
3.294921875 -7.421565236865073e-22
3.295166015625 -9.789033954220993e-22
3.29541015625 -7.188605176150524e-22
3.295654296875 -2.311293681904861e-22
3.2958984375 -8.590218401756929e-23
3.296142578125 -3.142197086648777e-22
3.29638671875 -4.418443508575055e-22
3.296630859375 -2.610575795205307e-22
3.296875 1.237387886196495e-24
3.297119140625 2.57045480170484e-22
3.29736328125 7.012016875432654e-22
3.297607421875 1.290899916248736e-21
3.2978515625 1.626020004599916e-21
3.298095703125 1.516700752692647e-21
3.29833984375 1.216782913059259e-21
3.298583984375 9.47160675891774e-22
3.298828125 6.460737973980174e-22
3.299072265625 3.484706578441122e-22
3.29931640625 2.933939498867448e-22
3.299560546875 3.785171660725768e-22
3.2998046875 1.20501539480153e-23
3.300048828125 -1.06368929082714e-21
3.30029296875 -2.174646793359816e-21
3.300537109375 -2.441278818243826e-21
3.30078125 -1.885647405295437e-21
3.301025390625 -1.310656123148298e-21
3.30126953125 -1.161113320619746e-21
3.301513671875 -1.010400029203466e-21
3.3017578125 -2.830663579691346e-22
3.302001953125 9.098606446535054e-22
3.30224609375 1.904651374446569e-21
3.302490234375 2.259019104784252e-21
3.302734375 2.139399191077902e-21
3.302978515625 1.970455918235195e-21
3.30322265625 1.910783468244593e-21
3.303466796875 1.781250383007546e-21
3.3037109375 1.406688455245277e-21
3.303955078125 8.583032970693411e-22
3.30419921875 3.510869437266604e-22
3.304443359375 5.832002127500642e-23
3.3046875 6.933531389992988e-23
3.304931640625 3.450672725690193e-22
3.30517578125 6.265964221975015e-22
3.305419921875 6.180368546048457e-22
3.3056640625 4.32773102264424e-22
3.305908203125 6.001480756674973e-22
3.30615234375 1.33564442009489e-21
3.306396484375 2.041959166375521e-21
3.306640625 1.970026192484581e-21
3.306884765625 1.247846318838777e-21
3.30712890625 7.367187369845129e-22
3.307373046875 8.556139070139634e-22
3.3076171875 1.094995368340875e-21
3.307861328125 8.659372186960963e-22
3.30810546875 3.186882718199299e-22
3.308349609375 -1.032943390499875e-23
3.30859375 2.099388688927671e-23
3.308837890625 1.404685501974306e-22
3.30908203125 1.833727263383132e-22
3.309326171875 2.123352988240106e-22
3.3095703125 2.055673980984055e-22
3.309814453125 5.677477802522486e-24
3.31005859375 -3.633630544413885e-22
3.310302734375 -5.720602450684742e-22
3.310546875 -2.920642953377043e-22
3.310791015625 4.476096999324009e-22
3.31103515625 1.249905943477723e-21
3.311279296875 1.680399278622578e-21
3.3115234375 1.626898690346787e-21
3.311767578125 1.323738103551698e-21
3.31201171875 9.948918805065481e-22
3.312255859375 5.745459235197115e-22
3.3125 -8.046546987031051e-23
3.312744140625 -8.131489008700433e-22
3.31298828125 -1.267622402498475e-21
3.313232421875 -1.357499624785926e-21
3.3134765625 -1.360322098175279e-21
3.313720703125 -1.504186185772519e-21
3.31396484375 -1.725088662348793e-21
3.314208984375 -1.899765655945594e-21
3.314453125 -2.057940334488038e-21
3.314697265625 -2.280495024329216e-21
3.31494140625 -2.626829935105075e-21
3.315185546875 -3.207288502638508e-21
3.3154296875 -4.039904560622826e-21
3.315673828125 -4.797355137840873e-21
3.31591796875 -5.057971550590934e-21
3.316162109375 -4.890136290277556e-21
3.31640625 -4.778108105090032e-21
3.316650390625 -4.851860715741541e-21
3.31689453125 -4.689935233339224e-21
3.317138671875 -4.10390008483268e-21
3.3173828125 -3.540737233426414e-21
3.317626953125 -3.304865355549013e-21
3.31787109375 -2.946445519064485e-21
3.318115234375 -2.020916879423203e-21
3.318359375 -9.900951618177007e-22
3.318603515625 -6.053182591607702e-22
3.31884765625 -6.995643671279221e-22
3.319091796875 -4.728968059208443e-22
3.3193359375 1.230297386162304e-22
3.319580078125 2.389057856823281e-22
3.31982421875 -4.739220500830303e-22
3.320068359375 -1.232664482675675e-21
3.3203125 -1.311297359451807e-21
3.320556640625 -1.101624775306669e-21
3.32080078125 -1.391329479109255e-21
3.321044921875 -2.143125604214475e-21
3.3212890625 -2.687252846371871e-21
3.321533203125 -2.775282211226039e-21
3.32177734375 -2.721272840798781e-21
3.322021484375 -2.675602288308251e-21
3.322265625 -2.493935086698685e-21
3.322509765625 -2.33779961969986e-21
3.32275390625 -2.698914093788768e-21
3.322998046875 -3.600137358163213e-21
3.3232421875 -4.325673576479903e-21
3.323486328125 -4.273901093156802e-21
3.32373046875 -3.678619200394617e-21
3.323974609375 -3.146069510623696e-21
3.32421875 -2.817972018147524e-21
3.324462890625 -2.401974112022982e-21
3.32470703125 -1.789178104971372e-21
3.324951171875 -1.172956254732e-21
3.3251953125 -6.528995585260645e-22
3.325439453125 -1.693598217491546e-22
3.32568359375 1.758218880027343e-22
3.325927734375 1.737868942450213e-22
3.326171875 -3.14199915998231e-23
3.326416015625 3.99086938947326e-23
3.32666015625 5.383736356265936e-22
3.326904296875 1.010843947576132e-21
3.3271484375 1.057044754688413e-21
3.327392578125 9.27943257583858e-22
3.32763671875 1.090647981149692e-21
3.327880859375 1.435771525775515e-21
3.328125 1.411675937879878e-21
3.328369140625 9.070505334540025e-22
3.32861328125 5.068475412091373e-22
3.328857421875 7.048361438450968e-22
3.3291015625 1.230302591897618e-21
3.329345703125 1.440994067870724e-21
3.32958984375 1.179513622842761e-21
3.329833984375 9.155386535559776e-22
3.330078125 1.072629710242556e-21
3.330322265625 1.511805764753108e-21
3.33056640625 1.820907287760417e-21
3.330810546875 1.934141334683202e-21
3.3310546875 2.199519050316128e-21
3.331298828125 2.808767885862023e-21
3.33154296875 3.422923977747058e-21
3.331787109375 3.577749947713192e-21
3.33203125 3.310542898463182e-21
3.332275390625 3.07461707138356e-21
3.33251953125 3.062987631924931e-21
3.332763671875 2.979506941114866e-21
3.3330078125 2.583945643276485e-21
3.333251953125 2.102975180191031e-21
3.33349609375 1.863739342225702e-21
3.333740234375 1.806727685605301e-21
3.333984375 1.668498021194631e-21
3.334228515625 1.443757859229565e-21
3.33447265625 1.336471905633565e-21
3.334716796875 1.383697055363954e-21
3.3349609375 1.446214412385808e-21
3.335205078125 1.487315926156417e-21
3.33544921875 1.56787390304007e-21
3.335693359375 1.631630920551165e-21
3.3359375 1.569275563663492e-21
3.336181640625 1.439200547821135e-21
3.33642578125 1.380563376330559e-21
3.336669921875 1.384291509996746e-21
3.3369140625 1.380914212411586e-21
3.337158203125 1.43714187532197e-21
3.33740234375 1.614907997708915e-21
3.337646484375 1.786664256234321e-21
3.337890625 1.873774880328162e-21
3.338134765625 2.082715215327568e-21
3.33837890625 2.562859023360248e-21
3.338623046875 3.03509492468179e-21
3.3388671875 3.185029104423588e-21
3.339111328125 3.235577964024249e-21
3.33935546875 3.621917770268229e-21
3.339599609375 4.239884932647894e-21
3.33984375 4.589947051734e-21
3.340087890625 4.589518290635846e-21
3.34033203125 4.620322540747997e-21
3.340576171875 4.771167323068995e-21
3.3408203125 4.688745031144624e-21
3.341064453125 4.271842014507925e-21
3.34130859375 3.869744647271453e-21
3.341552734375 3.637001135511426e-21
3.341796875 3.323364341469285e-21
3.342041015625 2.902731467213514e-21
3.34228515625 2.759884549405931e-21
3.342529296875 2.961288143013871e-21
3.3427734375 2.95652316833559e-21
3.343017578125 2.374513672359354e-21
3.34326171875 1.583452429467556e-21
3.343505859375 1.087246339938976e-21
3.34375 8.641293837948806e-22
3.343994140625 6.7675627802878e-22
3.34423828125 5.397825048132265e-22
3.344482421875 4.644645003701693e-22
3.3447265625 2.015284953140898e-22
3.344970703125 -3.205041864780338e-22
3.34521484375 -7.026545301592599e-22
3.345458984375 -6.283378517861898e-22
3.345703125 -3.273039085838331e-22
3.345947265625 -1.451115925057214e-22
3.34619140625 -1.047058660304141e-22
3.346435546875 -2.409860336295102e-22
3.3466796875 -7.922762655667851e-22
3.346923828125 -1.565969323083293e-21
3.34716796875 -1.703199084610127e-21
3.347412109375 -7.435514800394448e-22
3.34765625 5.295545410307569e-22
3.347900390625 1.011344364017084e-21
3.34814453125 6.893384602373407e-22
3.348388671875 4.420466062322118e-22
3.3486328125 7.389999665907984e-22
3.348876953125 1.26971628331285e-21
3.34912109375 1.643024401799194e-21
3.349365234375 1.735021519221683e-21
3.349609375 1.47316505419406e-21
3.349853515625 9.165502741959164e-22
3.35009765625 4.32702992440759e-22
3.350341796875 2.252967031487807e-22
3.3505859375 -1.331876834592607e-22
3.350830078125 -1.126046479662221e-21
3.35107421875 -2.49685398955774e-21
3.351318359375 -3.666537905141861e-21
3.3515625 -4.66488500536502e-21
3.351806640625 -5.881977686476995e-21
3.35205078125 -7.10539780643126e-21
3.352294921875 -7.663853144230439e-21
3.3525390625 -7.457695197285505e-21
3.352783203125 -7.021601308679152e-21
3.35302734375 -6.586559459950623e-21
3.353271484375 -5.90097685913174e-21
3.353515625 -4.997219520406257e-21
3.353759765625 -4.298284189011567e-21
3.35400390625 -3.888183927564174e-21
3.354248046875 -3.484465501206375e-21
3.3544921875 -3.187662882732021e-21
3.354736328125 -3.372171930637887e-21
3.35498046875 -3.736636497422705e-21
3.355224609375 -3.46728860891518e-21
3.35546875 -2.614296020913411e-21
3.355712890625 -2.288490898393497e-21
3.35595703125 -3.039475541219033e-21
3.356201171875 -3.984570004674635e-21
3.3564453125 -4.130527744801864e-21
3.356689453125 -3.703210550169061e-21
3.35693359375 -3.483687118063159e-21
3.357177734375 -3.599203427271796e-21
3.357421875 -3.768288538142296e-21
3.357666015625 -4.089122075793021e-21
3.35791015625 -4.675584545003634e-21
3.358154296875 -4.977031765097316e-21
3.3583984375 -4.409959286238536e-21
3.358642578125 -3.413099082618583e-21
3.35888671875 -2.982517509068171e-21
3.359130859375 -3.262199530567118e-21
3.359375 -3.418647723569946e-21
3.359619140625 -2.925550146544889e-21
3.35986328125 -2.203017565954729e-21
3.360107421875 -1.823315795098603e-21
3.3603515625 -1.737899930382489e-21
3.360595703125 -1.574382208580424e-21
3.36083984375 -1.216165673213416e-21
3.361083984375 -7.543664577315711e-22
3.361328125 -1.775740975804109e-22
3.361572265625 5.519536218284333e-22
3.36181640625 1.252460761374071e-21
3.362060546875 1.635262299656936e-21
3.3623046875 1.667501228075105e-21
3.362548828125 1.645364349461283e-21
3.36279296875 1.830558490266452e-21
3.363037109375 2.127110660378723e-21
3.36328125 2.278190542701809e-21
3.363525390625 2.324316828366785e-21
3.36376953125 2.553622954147898e-21
3.364013671875 2.888775990544746e-21
3.3642578125 2.750944812290377e-21
3.364501953125 1.921954073401023e-21
3.36474609375 1.145641269057999e-21
3.364990234375 1.198700928191885e-21
3.365234375 1.585865148805025e-21
3.365478515625 1.046809242029471e-21
3.36572265625 -5.743146346589406e-22
3.365966796875 -1.920394948448705e-21
3.3662109375 -1.942519340136177e-21
3.366455078125 -1.241967198399272e-21
3.36669921875 -9.909279254412776e-22
3.366943359375 -1.270566704128912e-21
3.3671875 -1.296714870665632e-21
3.367431640625 -7.714558259782339e-22
3.36767578125 -9.238467943238764e-23
3.367919921875 5.2780719325002e-22
3.3681640625 1.27628930732398e-21
3.368408203125 2.120896236342317e-21
3.36865234375 2.711880477368899e-21
3.368896484375 2.960281123515828e-21
3.369140625 3.133036677815004e-21
3.369384765625 3.321313367403667e-21
3.36962890625 3.319501902257794e-21
3.369873046875 3.063481336957228e-21
3.3701171875 2.711949179651631e-21
3.370361328125 2.263573475781736e-21
3.37060546875 1.561619407668988e-21
3.370849609375 7.426217891212996e-22
3.37109375 2.569856096781036e-22
3.371337890625 3.476926933086864e-22
3.37158203125 8.191854408815232e-22
3.371826171875 1.32931601420221e-21
3.3720703125 1.620949491272521e-21
3.372314453125 1.565712258013186e-21
3.37255859375 1.347304301988116e-21
3.372802734375 1.476795513978067e-21
3.373046875 2.190737865999892e-21
3.373291015625 2.962836598999358e-21
3.37353515625 3.113328316257958e-21
3.373779296875 2.769023298209771e-21
3.3740234375 2.613374005343431e-21
3.374267578125 2.779368944040186e-21
3.37451171875 2.730814283243893e-21
3.374755859375 2.283525543206486e-21
3.375 1.925098418951413e-21
3.375244140625 1.886233960269158e-21
3.37548828125 1.694928353410769e-21
3.375732421875 1.059099893255073e-21
3.3759765625 4.658948970635523e-22
3.376220703125 3.627744806553792e-22
3.37646484375 3.737530647113404e-22
3.376708984375 -9.409383312718523e-24
3.376953125 -4.621716175371254e-22
3.377197265625 -3.146402498799398e-22
3.37744140625 3.254675859856253e-22
3.377685546875 7.291877077646442e-22
3.3779296875 6.727087539992804e-22
3.378173828125 6.4607111657046e-22
3.37841796875 9.570118149221569e-22
3.378662109375 1.357825216398008e-21
3.37890625 1.680295857494332e-21
3.379150390625 2.158458338152232e-21
3.37939453125 2.848878294252252e-21
3.379638671875 3.286617558145002e-21
3.3798828125 3.082501316641573e-21
3.380126953125 2.471426719833603e-21
3.38037109375 1.923796537682077e-21
3.380615234375 1.538190369494976e-21
3.380859375 1.17672057617468e-21
3.381103515625 9.227718880233738e-22
3.38134765625 9.75798673020527e-22
3.381591796875 1.236280354277706e-21
3.3818359375 1.405643789635956e-21
3.382080078125 1.453380002453435e-21
3.38232421875 1.621544424078972e-21
3.382568359375 1.964430667227287e-21
3.3828125 2.240030178452703e-21
3.383056640625 2.325708350907853e-21
3.38330078125 2.393790462064888e-21
3.383544921875 2.520532961685658e-21
3.3837890625 2.440973985648001e-21
3.384033203125 1.956261024681675e-21
3.38427734375 1.35208205308701e-21
3.384521484375 1.065241548413159e-21
3.384765625 1.030276219662373e-21
3.385009765625 7.199325099786411e-22
3.38525390625 -1.231178681177483e-22
3.385498046875 -1.107073495277053e-21
3.3857421875 -1.678180056560179e-21
3.385986328125 -1.753037876132576e-21
3.38623046875 -1.674635113778077e-21
3.386474609375 -1.688910489380753e-21
3.38671875 -1.69781251119916e-21
3.386962890625 -1.521632089439841e-21
3.38720703125 -1.236995505101962e-21
3.387451171875 -1.154230409341131e-21
3.3876953125 -1.440159804272111e-21
3.387939453125 -1.791416671152762e-21
3.38818359375 -1.628324599511651e-21
3.388427734375 -7.725918212875905e-22
3.388671875 1.839933679106915e-22
3.388916015625 4.925805025349068e-22
3.38916015625 2.109475995939904e-22
3.389404296875 1.398218545499163e-22
3.3896484375 6.63314451921374e-22
3.389892578125 1.143362047212445e-21
3.39013671875 8.453615468718173e-22
3.390380859375 4.171174782937377e-23
3.390625 -3.965346998143144e-22
3.390869140625 -2.53930565207144e-22
3.39111328125 -1.011226399928617e-22
3.391357421875 -2.244378354500702e-22
3.3916015625 -2.149623098701595e-22
3.391845703125 1.621998596630193e-22
3.39208984375 4.278920716717336e-22
3.392333984375 1.662332963309278e-22
3.392578125 -2.370149133495996e-22
3.392822265625 -2.166270786329011e-22
3.39306640625 1.230247614187514e-23
3.393310546875 -2.332079400140129e-22
3.3935546875 -1.046845860848327e-21
3.393798828125 -1.824200282652875e-21
3.39404296875 -2.137132386740324e-21
3.394287109375 -2.140184645523797e-21
3.39453125 -2.11543316388987e-21
3.394775390625 -2.176170794302839e-21
3.39501953125 -2.481043343407194e-21
3.395263671875 -3.173893103545224e-21
3.3955078125 -3.950776628061368e-21
3.395751953125 -4.220552976890517e-21
3.39599609375 -3.933798968008055e-21
3.396240234375 -3.749004780701516e-21
3.396484375 -4.060424861250188e-21
3.396728515625 -4.352227324679098e-21
3.39697265625 -3.972793172868536e-21
3.397216796875 -3.149456760443758e-21
3.3974609375 -2.651929709794775e-21
3.397705078125 -2.679098693263396e-21
3.39794921875 -2.710354484474131e-21
3.398193359375 -2.414221894487423e-21
3.3984375 -2.092812906785336e-21
3.398681640625 -2.092071376117757e-21
3.39892578125 -2.282716497361266e-21
3.399169921875 -2.380621970346367e-21
3.3994140625 -2.411576501217418e-21
3.399658203125 -2.560427805878949e-21
3.39990234375 -2.801858515982378e-21
3.400146484375 -2.974047960275617e-21
3.400390625 -3.080407167516687e-21
3.400634765625 -3.25952611576893e-21
3.40087890625 -3.508703095695547e-21
3.401123046875 -3.624011132567657e-21
3.4013671875 -3.405391805097229e-21
3.401611328125 -2.841900009014051e-21
3.40185546875 -2.164659093447968e-21
3.402099609375 -1.764938892780919e-21
3.40234375 -1.895072898273112e-21
3.402587890625 -2.31851241967666e-21
3.40283203125 -2.419473120176101e-21
3.403076171875 -1.866257391330701e-21
3.4033203125 -1.056517620510614e-21
3.403564453125 -6.648822482490661e-22
3.40380859375 -8.11009417370969e-22
3.404052734375 -9.625432112823527e-22
3.404296875 -6.978494022891706e-22
3.404541015625 -2.709015771734941e-22
3.40478515625 -2.477912740604057e-22
3.405029296875 -7.803971437270578e-22
3.4052734375 -1.478677006113882e-21
3.405517578125 -1.923676106974536e-21
3.40576171875 -2.061347618692687e-21
3.406005859375 -2.059720353470329e-21
3.40625 -1.997093613898455e-21
3.406494140625 -1.837613453607664e-21
3.40673828125 -1.606749930454767e-21
3.406982421875 -1.420292574224982e-21
3.4072265625 -1.34059671073273e-21
3.407470703125 -1.310324965486771e-21
3.40771484375 -1.231683480452129e-21
3.407958984375 -1.025074705036964e-21
3.408203125 -6.265655937713164e-22
3.408447265625 -4.816686033227134e-23
3.40869140625 5.549405132464693e-22
3.408935546875 1.018327563178295e-21
3.4091796875 1.393225769944321e-21
3.409423828125 1.868060144193573e-21
3.40966796875 2.419719823616367e-21
3.409912109375 2.779582998203004e-21
3.41015625 2.887354594069663e-21
3.410400390625 3.111113774177095e-21
3.41064453125 3.722505873450385e-21
3.410888671875 4.348748001624212e-21
3.4111328125 4.363603990308102e-21
3.411376953125 3.786440642248025e-21
3.41162109375 3.35865138336193e-21
3.411865234375 3.615264463528446e-21
3.412109375 4.253729379218092e-21
3.412353515625 4.622906500026447e-21
3.41259765625 4.536624479830896e-21
3.412841796875 4.344058059053517e-21
3.4130859375 4.402888021760664e-21
3.413330078125 4.754050731071762e-21
3.41357421875 5.201868014253878e-21
3.413818359375 5.491190419758792e-21
3.4140625 5.479692320380061e-21
3.414306640625 5.297795047103814e-21
3.41455078125 5.246418376037079e-21
3.414794921875 5.40459357383356e-21
3.4150390625 5.479052652386791e-21
3.415283203125 5.202100695215779e-21
3.41552734375 4.713552441445264e-21
3.415771484375 4.331045104424571e-21
3.416015625 4.084698396462548e-21
3.416259765625 3.746183920809809e-21
3.41650390625 3.239149197923389e-21
3.416748046875 2.750744605706955e-21
3.4169921875 2.453532331999432e-21
3.417236328125 2.342899416786036e-21
3.41748046875 2.347872876864556e-21
3.417724609375 2.41480748775431e-21
3.41796875 2.495079202020345e-21
3.418212890625 2.615146005612174e-21
3.41845703125 2.908990922269799e-21
3.418701171875 3.39550179101659e-21
3.4189453125 3.792634001428825e-21
3.419189453125 3.789775067323239e-21
3.41943359375 3.472489383377447e-21
3.419677734375 3.224920352298063e-21
3.419921875 3.206379851713163e-21
3.420166015625 3.17906849489117e-21
3.42041015625 2.898226739510021e-21
3.420654296875 2.425521886601851e-21
3.4208984375 1.954885194071506e-21
3.421142578125 1.519877928281608e-21
3.42138671875 1.006233485943057e-21
3.421630859375 3.675545452326046e-22
3.421875 -2.377814349865833e-22
3.422119140625 -4.958623770966193e-22
3.42236328125 -1.946679619614448e-22
3.422607421875 4.582176688803038e-22
3.4228515625 8.96699319859552e-22
3.423095703125 7.891802511853214e-22
3.42333984375 4.799731352791106e-22
3.423583984375 5.647458559328281e-22
3.423828125 1.076285844537759e-21
3.424072265625 1.420348258995639e-21
3.42431640625 1.147390176443391e-21
3.424560546875 4.556759259314061e-22
3.4248046875 -1.660880402788244e-22
3.425048828125 -4.904675975180659e-22
3.42529296875 -6.133524276267362e-22
3.425537109375 -7.42296541778006e-22
3.42578125 -1.089811666856511e-21
3.426025390625 -1.752474560750979e-21
3.42626953125 -2.531724328084281e-21
3.426513671875 -3.054248224732784e-21
3.4267578125 -3.192357012395984e-21
3.427001953125 -3.188000662918534e-21
3.42724609375 -3.29127829467834e-21
3.427490234375 -3.513667945004873e-21
3.427734375 -3.803196373663e-21
3.427978515625 -4.143980603148892e-21
3.42822265625 -4.357186478868827e-21
3.428466796875 -4.170442493428387e-21
3.4287109375 -3.693828153665037e-21
3.428955078125 -3.446477454371093e-21
3.42919921875 -3.618726175359408e-21
3.429443359375 -3.698274809781932e-21
3.4296875 -3.236528219232577e-21
3.429931640625 -2.621018403086302e-21
3.43017578125 -2.532786061649355e-21
3.430419921875 -2.895368480811638e-21
3.4306640625 -3.031528907023691e-21
3.430908203125 -2.76639020407551e-21
3.43115234375 -2.639085408192192e-21
3.431396484375 -2.910597822294169e-21
3.431640625 -3.092833405309702e-21
3.431884765625 -2.80413843572294e-21
3.43212890625 -2.477487091937788e-21
3.432373046875 -2.692082380501263e-21
3.4326171875 -3.213612761557078e-21
3.432861328125 -3.306975345109176e-21
3.43310546875 -2.803318967899079e-21
3.433349609375 -2.255182363924585e-21
3.43359375 -2.058061998508746e-21
3.433837890625 -1.981951641506914e-21
3.43408203125 -1.716266027136975e-21
3.434326171875 -1.411197518250999e-21
3.4345703125 -1.405919292759127e-21
3.434814453125 -1.733729585835392e-21
3.43505859375 -2.199905386370085e-21
3.435302734375 -2.749475673000062e-21
3.435546875 -3.449940943890337e-21
3.435791015625 -4.217752038299665e-21
3.43603515625 -4.856553135115864e-21
3.436279296875 -5.337400675907898e-21
3.4365234375 -5.79221976429925e-21
3.436767578125 -6.237327798684791e-21
3.43701171875 -6.543924018863243e-21
3.437255859375 -6.699125824356365e-21
3.4375 -6.851746330663467e-21
3.437744140625 -7.048339449679012e-21
3.43798828125 -7.16300381731776e-21
3.438232421875 -7.153493369036975e-21
3.4384765625 -7.117693491810143e-21
3.438720703125 -6.988016596516551e-21
3.43896484375 -6.476214113052713e-21
3.439208984375 -5.521368895488288e-21
3.439453125 -4.502393789378678e-21
3.439697265625 -3.737800871192932e-21
3.43994140625 -3.051875250550999e-21
3.440185546875 -2.179892419865286e-21
3.4404296875 -1.332221082028683e-21
3.440673828125 -8.843557298435728e-22
3.44091796875 -6.945096347386953e-22
3.441162109375 -3.01571474617285e-22
3.44140625 2.616085047023914e-22
3.441650390625 4.879425230563896e-22
3.44189453125 3.136247342348081e-22
3.442138671875 3.56763428854743e-22
3.4423828125 9.725799514640722e-22
3.442626953125 1.672820039782667e-21
3.44287109375 1.908482851222597e-21
3.443115234375 1.939006286194995e-21
3.443359375 2.389069875461551e-21
3.443603515625 3.273889389944327e-21
3.44384765625 4.021293652340393e-21
3.444091796875 4.265398281709217e-21
3.4443359375 4.105265673587451e-21
3.444580078125 3.72331190282881e-21
3.44482421875 3.274979973196464e-21
3.445068359375 3.096237003747144e-21
3.4453125 3.497911961524045e-21
3.445556640625 4.292052469021018e-21
3.44580078125 4.927725755831523e-21
3.446044921875 5.151134578173164e-21
3.4462890625 5.18275706863314e-21
3.446533203125 5.237394834589149e-21
3.44677734375 5.266085331994313e-21
3.447021484375 5.226599456123239e-21
3.447265625 5.220988054892479e-21
3.447509765625 5.263585960899089e-21
3.44775390625 5.241537139054007e-21
3.447998046875 5.174745307521354e-21
3.4482421875 5.185398317164106e-21
3.448486328125 5.179936714340121e-21
3.44873046875 4.964515322259694e-21
3.448974609375 4.735218166529306e-21
3.44921875 4.965984274573823e-21
3.449462890625 5.631457981737047e-21
3.44970703125 6.027768248048366e-21
3.449951171875 5.655227834194095e-21
3.4501953125 4.849757284559148e-21
3.450439453125 4.192443153725737e-21
3.45068359375 3.701533139338826e-21
3.450927734375 3.060645593274919e-21
3.451171875 2.31885627840036e-21
3.451416015625 1.814429174392829e-21
3.45166015625 1.567242534305712e-21
3.451904296875 1.279827062052018e-21
3.4521484375 8.994302931840422e-22
3.452392578125 7.078967349280097e-22
3.45263671875 8.352994451004015e-22
3.452880859375 1.108713838333263e-21
3.453125 1.440584320240457e-21
3.453369140625 1.964215795722166e-21
3.45361328125 2.661209040110292e-21
3.453857421875 3.199601293847001e-21
3.4541015625 3.312106064109843e-21
3.454345703125 3.089043133670942e-21
3.45458984375 2.774223401534822e-21
3.454833984375 2.509346269518395e-21
3.455078125 2.382943823649207e-21
3.455322265625 2.455830179019343e-21
3.45556640625 2.577155836297891e-21
3.455810546875 2.430510502028499e-21
3.4560546875 1.966807765416832e-21
3.456298828125 1.572544659796108e-21
3.45654296875 1.57632913025361e-21
3.456787109375 1.778111739720024e-21
3.45703125 1.735412814033907e-21
3.457275390625 1.358150787978537e-21
3.45751953125 8.982880744840079e-22
3.457763671875 4.570713406431959e-22
3.4580078125 -8.839639060818975e-23
3.458251953125 -6.31941455321589e-22
3.45849609375 -7.425462624201155e-22
3.458740234375 -2.556057600507647e-22
3.458984375 3.515531974435947e-22
3.459228515625 5.13720995699297e-22
3.45947265625 3.320263856871516e-22
3.459716796875 3.900004836851285e-22
3.4599609375 8.724202670597199e-22
3.460205078125 1.300694702907665e-21
3.46044921875 1.264981215165515e-21
3.460693359375 1.017116430727278e-21
3.4609375 1.045397849856783e-21
3.461181640625 1.34207912716332e-21
3.46142578125 1.473356359372637e-21
3.461669921875 1.226439425313173e-21
3.4619140625 7.840650262152126e-22
3.462158203125 3.205967829885697e-22
3.46240234375 -1.325840625290857e-22
3.462646484375 -3.773048619332392e-22
3.462890625 -8.209478305367799e-23
3.463134765625 6.608103736525966e-22
3.46337890625 1.204763824758129e-21
3.463623046875 1.08499383808153e-21
3.4638671875 6.047401755815958e-22
3.464111328125 3.671270086430102e-22
3.46435546875 4.632900436114135e-22
3.464599609375 4.925038820661595e-22
3.46484375 2.104600175957861e-22
3.465087890625 -2.551091256707995e-22
3.46533203125 -7.560507476309368e-22
3.465576171875 -1.2896810562861e-21
3.4658203125 -1.806143699505796e-21
3.466064453125 -2.190889511223265e-21
3.46630859375 -2.478678449453633e-21
3.466552734375 -2.810528350514486e-21
3.466796875 -3.173899246506157e-21
3.467041015625 -3.457074496857471e-21
3.46728515625 -3.729313107477002e-21
3.467529296875 -4.142260152833065e-21
3.4677734375 -4.564931858942178e-21
3.468017578125 -4.677318989279606e-21
3.46826171875 -4.451748308885342e-21
3.468505859375 -4.173717859136389e-21
3.46875 -3.963614969851229e-21
3.468994140625 -3.707767111563272e-21
3.46923828125 -3.515225542345853e-21
3.469482421875 -3.711526236945814e-21
3.4697265625 -4.198724050920258e-21
3.469970703125 -4.381147566272743e-21
3.47021484375 -4.048537445043527e-21
3.470458984375 -3.797699824337328e-21
3.470703125 -4.126973767230342e-21
3.470947265625 -4.607191295606374e-21
3.47119140625 -4.560161298510696e-21
3.471435546875 -4.18003301260678e-21
3.4716796875 -4.233592122196461e-21
3.471923828125 -4.825639797459733e-21
3.47216796875 -5.250756899870108e-21
3.472412109375 -5.100769099222756e-21
3.47265625 -4.769380684700102e-21
3.472900390625 -4.651915727506554e-21
3.47314453125 -4.519822058422052e-21
3.473388671875 -4.06950629619867e-21
3.4736328125 -3.569222499904651e-21
3.473876953125 -3.460992565079302e-21
3.47412109375 -3.621794192922411e-21
3.474365234375 -3.518390217534058e-21
3.474609375 -2.987272454220254e-21
3.474853515625 -2.442965441921382e-21
3.47509765625 -2.283524668765493e-21
3.475341796875 -2.387701967698232e-21
3.4755859375 -2.318669961268009e-21
3.475830078125 -1.887132295477389e-21
3.47607421875 -1.390176648430517e-21
3.476318359375 -1.27989015162164e-21
3.4765625 -1.644447234779927e-21
3.476806640625 -2.122044958985917e-21
3.47705078125 -2.373151764329707e-21
3.477294921875 -2.474922358461226e-21
3.4775390625 -2.683260971621389e-21
3.477783203125 -2.973345691050205e-21
3.47802734375 -3.105992525992547e-21
3.478271484375 -3.037651771240409e-21
3.478515625 -2.896087527079177e-21
3.478759765625 -2.603752494428804e-21
3.47900390625 -1.971244472089573e-21
3.479248046875 -1.193320528146862e-21
3.4794921875 -7.406853508484718e-22
3.479736328125 -6.174345621420571e-22
3.47998046875 -2.763297279660497e-22
3.480224609375 4.556484784473887e-22
3.48046875 9.428967790924162e-22
3.480712890625 6.854790093848339e-22
3.48095703125 1.765838448344881e-22
3.481201171875 1.745744542265446e-22
3.4814453125 4.961060678902439e-22
3.481689453125 3.230908780484333e-22
3.48193359375 -4.406791905176987e-22
3.482177734375 -9.504578262351453e-22
3.482421875 -6.41742346181954e-22
3.482666015625 8.163536381276462e-23
3.48291015625 6.186181622760768e-22
3.483154296875 9.681007232653653e-22
3.4833984375 1.392924150437149e-21
3.483642578125 1.834804459874885e-21
3.48388671875 2.119858435582493e-21
3.484130859375 2.354819766422049e-21
3.484375 2.666646276630253e-21
3.484619140625 2.853092576383892e-21
3.48486328125 2.735561924496223e-21
3.485107421875 2.594328492494519e-21
3.4853515625 2.773789627722586e-21
3.485595703125 3.059441217961188e-21
3.48583984375 2.977821804033391e-21
3.486083984375 2.616981557795443e-21
3.486328125 2.593828954566876e-21
3.486572265625 3.159628729633035e-21
3.48681640625 3.831642935860182e-21
3.487060546875 4.049724472611093e-21
3.4873046875 3.779167390665791e-21
3.487548828125 3.278153102283283e-21
3.48779296875 2.646741857754381e-21
3.488037109375 1.888587181340429e-21
3.48828125 1.179124470615283e-21
3.488525390625 7.885124662169439e-22
3.48876953125 8.330094175310286e-22
3.489013671875 1.250743267677675e-21
3.4892578125 1.900962325300049e-21
3.489501953125 2.578406975308064e-21
3.48974609375 3.087611768119388e-21
3.489990234375 3.427694483687558e-21
3.490234375 3.768159215970175e-21
3.490478515625 4.167000979242201e-21
3.49072265625 4.501327574612306e-21
3.490966796875 4.744656836123474e-21
3.4912109375 5.035274559917818e-21
3.491455078125 5.32153618639681e-21
3.49169921875 5.256575963275692e-21
3.491943359375 4.71994927094666e-21
3.4921875 4.186709506235491e-21
3.492431640625 4.236461301024152e-21
3.49267578125 4.86561608468632e-21
3.492919921875 5.608417860006825e-21
3.4931640625 6.157857433566664e-21
3.493408203125 6.485724221092121e-21
3.49365234375 6.513491080251253e-21
3.493896484375 6.153659229105313e-21
3.494140625 5.637529097531326e-21
3.494384765625 5.306000804557636e-21
3.49462890625 5.023457198784719e-21
3.494873046875 4.281943654235212e-21
3.4951171875 3.009638050395679e-21
3.495361328125 1.805796309619756e-21
3.49560546875 1.180873032057372e-21
3.495849609375 1.013417268459635e-21
3.49609375 1.011408531224302e-21
3.496337890625 1.248291348673099e-21
3.49658203125 1.845749136771715e-21
3.496826171875 2.488333903459755e-21
3.4970703125 2.740225568220829e-21
3.497314453125 2.645313818131799e-21
3.49755859375 2.565956684289195e-21
3.497802734375 2.559815295538837e-21
3.498046875 2.357790453099546e-21
3.498291015625 1.898621440027471e-21
3.49853515625 1.458180938827889e-21
3.498779296875 1.22750847495107e-21
3.4990234375 1.129738660957575e-21
3.499267578125 1.098632266971351e-21
3.49951171875 1.179445130205227e-21
3.499755859375 1.240365698300541e-21
3.5 9.001244575960688e-22
3.500244140625 -4.643537949657688e-23
3.50048828125 -1.280630549133467e-21
3.500732421875 -2.189783596927696e-21
3.5009765625 -2.394060051166286e-21
3.501220703125 -2.025981168924709e-21
3.50146484375 -1.593124551105153e-21
3.501708984375 -1.580998228229505e-21
3.501953125 -2.086866277279484e-21
3.502197265625 -2.816679351484743e-21
3.50244140625 -3.464268499028314e-21
3.502685546875 -3.991857448214091e-21
3.5029296875 -4.460643779821512e-21
3.503173828125 -4.783351138038704e-21
3.50341796875 -4.881778273171783e-21
3.503662109375 -4.950292539431137e-21
3.50390625 -5.235686735657901e-21
3.504150390625 -5.581924177797362e-21
3.50439453125 -5.528135781449262e-21
3.504638671875 -4.942259672203675e-21
3.5048828125 -4.289129097258816e-21
3.505126953125 -4.124938668531796e-21
3.50537109375 -4.482600178676909e-21
3.505615234375 -4.868659719326961e-21
3.505859375 -4.769914440905581e-21
3.506103515625 -4.102878265240045e-21
3.50634765625 -3.239029741628363e-21
3.506591796875 -2.611921481855162e-21
3.5068359375 -2.268689214836215e-21
3.507080078125 -1.881626913292216e-21
3.50732421875 -1.250748833072582e-21
3.507568359375 -6.079054112070366e-22
3.5078125 -2.528675381324314e-22
3.508056640625 -8.91461208732498e-23
3.50830078125 1.878117441839631e-22
3.508544921875 5.686138947444832e-22
3.5087890625 7.207023250823955e-22
3.509033203125 4.304210042364869e-22
3.50927734375 -2.524486166662931e-22
3.509521484375 -1.219431333188701e-21
3.509765625 -2.285922076339717e-21
3.510009765625 -3.039440095287302e-21
3.51025390625 -3.15668548866534e-21
3.510498046875 -2.926857101152502e-21
3.5107421875 -3.051298468080039e-21
3.510986328125 -3.812666906538496e-21
3.51123046875 -4.773815754089152e-21
3.511474609375 -5.357201616819229e-21
3.51171875 -5.361665389828764e-21
3.511962890625 -4.85984795370977e-21
3.51220703125 -4.007626429890715e-21
3.512451171875 -3.065697241021144e-21
3.5126953125 -2.210575971521487e-21
3.512939453125 -1.233580714187642e-21
3.51318359375 1.309573008173929e-22
3.513427734375 1.500867361041864e-21
3.513671875 2.038300480000977e-21
3.513916015625 1.555372801432029e-21
3.51416015625 8.457741681486679e-22
3.514404296875 5.984387584030559e-22
3.5146484375 5.566461621407001e-22
3.514892578125 1.779971096061089e-22
3.51513671875 -4.286318967335013e-22
3.515380859375 -7.852045364375784e-22
3.515625 -8.160140741168748e-22
3.515869140625 -7.26509918599034e-22
3.51611328125 -4.593347966289373e-22
3.516357421875 1.069358416535989e-22
3.5166015625 6.944331832932274e-22
3.516845703125 9.742212615852947e-22
3.51708984375 1.120771227222167e-21
3.517333984375 1.39252394513982e-21
3.517578125 1.441298693430677e-21
3.517822265625 7.96326652701957e-22
3.51806640625 -1.517966093431649e-22
3.518310546875 -5.003643540967413e-22
3.5185546875 -1.348586639710564e-22
3.518798828125 1.681111195661717e-22
3.51904296875 6.807621040299385e-24
3.519287109375 -1.504432912826777e-22
3.51953125 5.751062389506527e-23
3.519775390625 2.822138484937773e-22
3.52001953125 2.100337789857344e-22
3.520263671875 1.129512170518833e-22
3.5205078125 1.732480377463553e-22
3.520751953125 -1.17124099146645e-23
3.52099609375 -6.502308400111239e-22
3.521240234375 -1.126329720571844e-21
3.521484375 -8.645228827659376e-22
3.521728515625 -3.022171816852479e-22
3.52197265625 -1.996391213569877e-22
3.522216796875 -3.902653202159817e-22
3.5224609375 -1.346138120589674e-22
3.522705078125 5.163252900268585e-22
3.52294921875 7.335582680516545e-22
3.523193359375 3.317381762834104e-22
3.5234375 1.784401775854686e-22
3.523681640625 8.345614734504494e-22
3.52392578125 1.605900389026917e-21
3.524169921875 1.49571770905526e-21
3.5244140625 5.344569853601462e-22
3.524658203125 -4.265504932044935e-22
3.52490234375 -8.587164829149907e-22
3.525146484375 -8.989276824711801e-22
3.525390625 -7.999940224367483e-22
3.525634765625 -6.573200829902425e-22
3.52587890625 -6.196482476754125e-22
3.526123046875 -8.168155777212782e-22
3.5263671875 -1.008164697770107e-21
3.526611328125 -7.644551365614174e-22
3.52685546875 -1.372300506557259e-22
3.527099609375 2.56194044570638e-22
3.52734375 2.930670226334489e-23
3.527587890625 -4.263210753049644e-22
3.52783203125 -4.813142496469695e-22
3.528076171875 -1.163137541826608e-22
3.5283203125 1.30953455266714e-22
3.528564453125 -3.574268645326572e-23
3.52880859375 -3.119215132865254e-22
3.529052734375 -3.014135341022038e-22
3.529296875 -5.763954294755193e-23
3.529541015625 1.021117671597705e-22
3.52978515625 1.261028463843638e-22
3.530029296875 2.576980315425727e-22
3.5302734375 5.453399884054042e-22
3.530517578125 6.387618320359118e-22
3.53076171875 2.655345363712111e-22
3.531005859375 -2.84241401017264e-22
3.53125 -4.55070179509787e-22
3.531494140625 -1.713337900222259e-22
3.53173828125 5.472670311050341e-23
3.531982421875 -1.269885808224e-22
3.5322265625 -3.888636829600567e-22
3.532470703125 -2.493707197513704e-22
3.53271484375 1.523897726897036e-22
3.532958984375 2.615430357097593e-22
3.533203125 2.289378937169583e-24
3.533447265625 -6.043083345165007e-23
3.53369140625 4.109512464179635e-22
3.533935546875 9.809978070373687e-22
3.5341796875 1.08099230056249e-21
3.534423828125 8.364078043533876e-22
3.53466796875 8.335073049890347e-22
3.534912109375 1.264697899343568e-21
3.53515625 1.758873756829785e-21
3.535400390625 2.001713742576093e-21
3.53564453125 2.09979292405378e-21
3.535888671875 2.278413047042695e-21
3.5361328125 2.578856606115962e-21
3.536376953125 2.966092113227498e-21
3.53662109375 3.433542767526239e-21
3.536865234375 3.852654089528548e-21
3.537109375 3.978510833053286e-21
3.537353515625 3.80124430673268e-21
3.53759765625 3.700930858880572e-21
3.537841796875 4.031262184103783e-21
3.5380859375 4.657651022885986e-21
3.538330078125 5.11706977190234e-21
3.53857421875 5.181928090514927e-21
3.538818359375 5.06041173417674e-21
3.5390625 5.029151843024687e-21
3.539306640625 5.071944976166687e-21
3.53955078125 4.997076906812515e-21
3.539794921875 4.767253872419422e-21
3.5400390625 4.495791433788791e-21
3.540283203125 4.137418650689371e-21
3.54052734375 3.462000496919396e-21
3.540771484375 2.494161959339449e-21
3.541015625 1.733350959210009e-21
3.541259765625 1.60637644236849e-21
3.54150390625 1.819267427922651e-21
3.541748046875 1.667306032324237e-21
3.5419921875 9.928551827462526e-22
3.542236328125 3.684835429402392e-22
3.54248046875 2.056877170290382e-22
3.542724609375 2.020447813775761e-22
3.54296875 -3.094060061433487e-23
3.543212890625 -2.994524688818255e-22
3.54345703125 -2.669042949388134e-22
3.543701171875 -1.54886601459673e-22
3.5439453125 -3.903028250880877e-22
3.544189453125 -8.017614153928693e-22
3.54443359375 -8.339070155890722e-22
3.544677734375 -4.639487569608494e-22
3.544921875 -2.484676373983416e-22
3.545166015625 -4.449854534926758e-22
3.54541015625 -7.14109843845869e-22
3.545654296875 -7.953888502717864e-22
3.5458984375 -8.918661671909059e-22
3.546142578125 -1.208415489072564e-21
3.54638671875 -1.629823285567289e-21
3.546630859375 -2.065604618845132e-21
3.546875 -2.65538126854119e-21
3.547119140625 -3.425389754692862e-21
3.54736328125 -4.15458045201413e-21
3.547607421875 -4.748939858748943e-21
3.5478515625 -5.322295147152104e-21
3.548095703125 -5.76272965753274e-21
3.54833984375 -5.709557201235532e-21
3.548583984375 -5.158010709833951e-21
3.548828125 -4.587958002565049e-21
3.549072265625 -4.262883474266078e-21
3.54931640625 -3.913320926489744e-21
3.549560546875 -3.365394675015365e-21
3.5498046875 -2.906507125803264e-21
3.550048828125 -2.677588835053508e-21
3.55029296875 -2.296503024131852e-21
3.550537109375 -1.566656079910856e-21
3.55078125 -1.02137981661727e-21
3.551025390625 -1.17531702475784e-21
3.55126953125 -1.662312917546408e-21
3.551513671875 -1.740230116126578e-21
3.5517578125 -1.315277381667044e-21
3.552001953125 -8.425234464019398e-22
3.55224609375 -5.052914529476046e-22
3.552490234375 -1.569100146482931e-22
3.552734375 1.47570677162448e-22
3.552978515625 2.640018748411723e-22
3.55322265625 4.852748989814596e-22
3.553466796875 1.26386676081222e-21
3.5537109375 2.41780961748493e-21
3.553955078125 3.23617678694365e-21
3.55419921875 3.408975351479008e-21
3.554443359375 3.272285659311753e-21
3.5546875 3.083924952957879e-21
3.554931640625 2.670203560882017e-21
3.55517578125 1.960491521402024e-21
3.555419921875 1.326136196038298e-21
3.5556640625 1.115666198823282e-21
3.555908203125 1.2290872946058e-21
3.55615234375 1.36683691227878e-21
3.556396484375 1.377604130132599e-21
3.556640625 1.185154690181457e-21
3.556884765625 6.942686264322933e-22
3.55712890625 -1.648630538291459e-23
3.557373046875 -6.493068439191235e-22
3.5576171875 -1.017217648673308e-21
3.557861328125 -1.237462263173156e-21
3.55810546875 -1.479988617590967e-21
3.558349609375 -1.719241879717934e-21
3.55859375 -1.848647926268521e-21
3.558837890625 -1.860158954617482e-21
3.55908203125 -1.794892469203641e-21
3.559326171875 -1.656222916047274e-21
3.5595703125 -1.463217590050001e-21
3.559814453125 -1.284527406114506e-21
3.56005859375 -1.162210370942973e-21
3.560302734375 -1.067814347720444e-21
3.560546875 -9.197285063315112e-22
3.560791015625 -5.844560386542915e-22
3.56103515625 3.048906088306499e-23
3.561279296875 7.510311024472924e-22
3.5615234375 1.131836634895453e-21
3.561767578125 8.744531515074354e-22
3.56201171875 1.592161030570161e-22
3.562255859375 -6.154036785273441e-22
3.5625 -1.285169617653061e-21
3.562744140625 -1.893319667415886e-21
3.56298828125 -2.380387726441164e-21
3.563232421875 -2.611548409455871e-21
3.5634765625 -2.618449545527323e-21
3.563720703125 -2.516055033411181e-21
3.56396484375 -2.263283871333745e-21
3.564208984375 -1.799589025140194e-21
3.564453125 -1.311865077761799e-21
3.564697265625 -1.026456280147154e-21
3.56494140625 -8.286679060252937e-22
3.565185546875 -4.650987849533349e-22
3.5654296875 -5.012842767595545e-23
3.565673828125 5.836118119407236e-23
3.56591796875 -1.3043459680038e-22
3.566162109375 -2.198836547171609e-22
3.56640625 -8.559526441568489e-23
3.566650390625 -9.783854604668627e-23
3.56689453125 -5.226346252849314e-22
3.567138671875 -1.096777477207485e-21
3.5673828125 -1.412450488714784e-21
3.567626953125 -1.398909815680026e-21
3.56787109375 -1.192465780315347e-21
3.568115234375 -8.068586518681911e-22
3.568359375 -2.057852650655877e-22
3.568603515625 4.616310396431083e-22
3.56884765625 9.28799993641088e-22
3.569091796875 1.040858637504815e-21
3.5693359375 8.112003481370335e-22
3.569580078125 3.762338998150797e-22
3.56982421875 -1.096564173240274e-23
3.570068359375 -8.342958962971128e-23
3.5703125 2.255671075360517e-22
3.570556640625 7.491105868339053e-22
3.57080078125 1.301695459828373e-21
3.571044921875 1.807138764730975e-21
3.5712890625 2.195143128882644e-21
3.571533203125 2.33931893328188e-21
3.57177734375 2.172136334924395e-21
3.572021484375 1.756758015375312e-21
3.572265625 1.223447477342693e-21
3.572509765625 7.413242646307506e-22
3.57275390625 5.118062483527107e-22
3.572998046875 5.947642645402184e-22
3.5732421875 7.280005971465307e-22
3.573486328125 5.277496241559196e-22
3.57373046875 -5.311976604065624e-23
3.573974609375 -6.137071622462249e-22
3.57421875 -7.259300410569873e-22
3.574462890625 -3.719453104932601e-22
3.57470703125 7.139803579530175e-23
3.574951171875 2.048131425397211e-22
3.5751953125 -3.378626480782657e-23
3.575439453125 -3.087850618693133e-22
3.57568359375 -2.297474685907842e-22
3.575927734375 1.720802203687748e-22
3.576171875 4.172912012790898e-22
3.576416015625 1.528821015624303e-22
3.57666015625 -3.849267195212429e-22
3.576904296875 -6.817382316660409e-22
3.5771484375 -5.99230895650512e-22
3.577392578125 -4.552718976560897e-22
3.57763671875 -5.07758744411686e-22
3.577880859375 -6.509481313296892e-22
3.578125 -6.709264121419048e-22
3.578369140625 -5.73796665170033e-22
3.57861328125 -5.656007692458627e-22
3.578857421875 -8.300669610239078e-22
3.5791015625 -1.375469123590512e-21
3.579345703125 -2.018780416009519e-21
3.57958984375 -2.50353754104831e-21
3.579833984375 -2.677701418502636e-21
3.580078125 -2.55213681361776e-21
3.580322265625 -2.237838528201382e-21
3.58056640625 -1.961353959822044e-21
3.580810546875 -2.062551543593998e-21
3.5810546875 -2.652627030865672e-21
3.581298828125 -3.233770310954242e-21
3.58154296875 -3.074381669821082e-21
3.581787109375 -2.150388849502211e-21
3.58203125 -1.292525170186316e-21
3.582275390625 -1.111662849271507e-21
3.58251953125 -1.215675062342985e-21
3.582763671875 -9.05033282736292e-22
3.5830078125 -2.224697258541627e-22
3.583251953125 2.548526870314091e-22
3.58349609375 3.516358537700921e-22
3.583740234375 3.723514786786627e-22
3.583984375 4.326116047669667e-22
3.584228515625 3.884959162005663e-22
3.58447265625 3.632009799153663e-22
3.584716796875 6.831538363549035e-22
3.5849609375 1.258446229242681e-21
3.585205078125 1.630978038201754e-21
3.58544921875 1.708411320671479e-21
3.585693359375 1.872563845587548e-21
3.5859375 2.2593762692881e-21
3.586181640625 2.516349549143508e-21
3.58642578125 2.45758382867732e-21
3.586669921875 2.424044982198804e-21
3.5869140625 2.744321665977721e-21
3.587158203125 3.277490366384688e-21
3.58740234375 3.735933339252105e-21
3.587646484375 4.078621114856928e-21
3.587890625 4.340796741690452e-21
3.588134765625 4.398754734528982e-21
3.58837890625 4.146871271801274e-21
3.588623046875 3.692163346866403e-21
3.5888671875 3.238737249184156e-21
3.589111328125 2.967583293584713e-21
3.58935546875 3.020655264287022e-21
3.589599609375 3.311125583778266e-21
3.58984375 3.398999777381495e-21
3.590087890625 2.955489316992551e-21
3.59033203125 2.325968862193802e-21
3.590576171875 2.152750489122394e-21
3.5908203125 2.418681995453317e-21
3.591064453125 2.426151684973292e-21
3.59130859375 1.853550654959835e-21
3.591552734375 1.2449506614975e-21
3.591796875 1.18253091003081e-21
3.592041015625 1.492409526080146e-21
3.59228515625 1.630382905265128e-21
3.592529296875 1.444382474273561e-21
3.5927734375 1.163206015301911e-21
3.593017578125 9.235560788897515e-22
3.59326171875 6.826188464921632e-22
3.593505859375 4.283212054413191e-22
3.59375 2.040485789193072e-22
3.593994140625 4.529764504732687e-23
3.59423828125 3.480118750563828e-23
3.594482421875 2.576432963574184e-22
3.5947265625 6.301888736801932e-22
3.594970703125 9.887550630585077e-22
3.59521484375 1.359073590224335e-21
3.595458984375 1.830417645297471e-21
3.595703125 2.171998921297719e-21
3.595947265625 2.021244133016501e-21
3.59619140625 1.550891987948783e-21
3.596435546875 1.460141411220859e-21
3.5966796875 2.071597677148034e-21
3.596923828125 2.84728299960844e-21
3.59716796875 3.059062472753636e-21
3.597412109375 2.581006403710536e-21
3.59765625 1.771643809332813e-21
3.597900390625 9.438538705277095e-22
3.59814453125 2.659933971507412e-22
3.598388671875 -1.191568879030586e-22
3.5986328125 -2.40911021377244e-22
3.598876953125 -4.127620101728557e-22
3.59912109375 -9.375986535012388e-22
3.599365234375 -1.779544405350537e-21
3.599609375 -2.624212306949837e-21
3.599853515625 -3.128913993049953e-21
3.60009765625 -3.120557004550477e-21
3.600341796875 -2.786696148144736e-21
3.6005859375 -2.630276427232763e-21
3.600830078125 -2.900887651206629e-21
3.60107421875 -3.123370199533383e-21
3.601318359375 -2.628025776623208e-21
3.6015625 -1.520091939235996e-21
3.601806640625 -5.896628212603409e-22
3.60205078125 -2.392294682827789e-22
3.602294921875 -1.270606680937672e-22
3.6025390625 3.046413506867164e-23
3.602783203125 3.714649113717424e-23
3.60302734375 -1.533102559820553e-22
3.603271484375 -1.597056505649168e-22
3.603515625 2.913518045798199e-23
3.603759765625 -3.033309715647576e-22
3.60400390625 -1.531100014473521e-21
3.604248046875 -2.817259644190258e-21
3.6044921875 -3.053798771680336e-21
3.604736328125 -2.333795920008781e-21
3.60498046875 -1.783909322655533e-21
3.605224609375 -2.106302723886939e-21
3.60546875 -2.905534179723713e-21
3.605712890625 -3.394283439714328e-21
3.60595703125 -3.247089417651993e-21
3.606201171875 -2.727984054621748e-21
3.6064453125 -2.314652519500772e-21
3.606689453125 -2.214804481257728e-21
3.60693359375 -2.109288329569278e-21
3.607177734375 -1.524810007582716e-21
3.607421875 -5.507731708690195e-22
3.607666015625 1.600494073739322e-22
3.60791015625 2.808176574377561e-22
3.608154296875 2.463743633627756e-22
3.6083984375 4.929549926220641e-22
3.608642578125 7.506077740781712e-22
3.60888671875 5.563810646822622e-22
3.609130859375 4.899761262213804e-23
3.609375 -3.147510490742682e-22
3.609619140625 -5.288015036371061e-22
3.60986328125 -9.338768928438271e-22
3.610107421875 -1.546039249348068e-21
3.6103515625 -2.041140816525892e-21
3.610595703125 -2.271301216359032e-21
3.61083984375 -2.307798156893607e-21
3.611083984375 -2.120850438880427e-21
3.611328125 -1.713637778275193e-21
3.611572265625 -1.442592489785457e-21
3.61181640625 -1.688114782794826e-21
3.612060546875 -2.266049159429412e-21
3.6123046875 -2.617975943603235e-21
3.612548828125 -2.523416318480855e-21
3.61279296875 -2.213990671135166e-21
3.613037109375 -1.898850365289829e-21
3.61328125 -1.639451250156956e-21
3.613525390625 -1.59852974593842e-21
3.61376953125 -1.905914657881455e-21
3.614013671875 -2.294991574021467e-21
3.6142578125 -2.350017736006334e-21
3.614501953125 -2.133563123084151e-21
3.61474609375 -2.119538149047816e-21
3.614990234375 -2.464154812489287e-21
3.615234375 -2.785583655416512e-21
3.615478515625 -2.758831635151423e-21
3.61572265625 -2.528704034204606e-21
3.615966796875 -2.393728156904481e-21
3.6162109375 -2.400042670841676e-21
3.616455078125 -2.38868561715607e-21
3.61669921875 -2.2092618807396e-21
3.616943359375 -1.799176362328337e-21
3.6171875 -1.250416970082201e-21
3.617431640625 -8.232051401361715e-22
3.61767578125 -6.850808723452568e-22
3.617919921875 -6.527349631763445e-22
3.6181640625 -4.39744576766233e-22
3.618408203125 -1.370572100590434e-22
3.61865234375 -1.375612122950491e-22
3.618896484375 -5.278515280855802e-22
3.619140625 -8.504432005921948e-22
3.619384765625 -6.098962654268062e-22
3.61962890625 1.806944523538622e-22
3.619873046875 1.080737832767686e-21
3.6201171875 1.686992769817209e-21
3.620361328125 1.876940669396368e-21
3.62060546875 1.707117137061689e-21
3.620849609375 1.283653324737144e-21
3.62109375 7.987236034952901e-22
3.621337890625 5.531139401289535e-22
3.62158203125 7.213097470951267e-22
3.621826171875 1.04865405461938e-21
3.6220703125 1.020202548028961e-21
3.622314453125 5.20208013746553e-22
3.62255859375 1.073747220173522e-22
3.622802734375 3.34753604907264e-22
3.623046875 9.934609206250853e-22
3.623291015625 1.45379519003124e-21
3.62353515625 1.599174744783305e-21
3.623779296875 1.851269696344321e-21
3.6240234375 2.311955208961786e-21
3.624267578125 2.561461064444779e-21
3.62451171875 2.438332383582815e-21
3.624755859375 2.324093264816973e-21
3.625 2.384341759761011e-21
3.625244140625 2.204330550616689e-21
3.62548828125 1.556288815508001e-21
3.625732421875 8.765010495318107e-22
3.6259765625 5.073474109668306e-22
3.626220703125 9.799047977747722e-23
3.62646484375 -6.590893331540582e-22
3.626708984375 -1.292551772928732e-21
3.626953125 -1.268737963823326e-21
3.627197265625 -9.489175116069927e-22
3.62744140625 -1.015045814970302e-21
3.627685546875 -1.292254987861856e-21
3.6279296875 -1.019987509544818e-21
3.628173828125 -1.2930275971167e-22
3.62841796875 5.973360052429701e-22
3.628662109375 6.45852198552281e-22
3.62890625 3.400453207140167e-22
3.629150390625 2.330918752082155e-22
3.62939453125 5.167004879247494e-22
3.629638671875 1.083964581758451e-21
3.6298828125 1.675041132026835e-21
3.630126953125 1.947853233663475e-21
3.63037109375 1.849564929413002e-21
3.630615234375 1.854599410023976e-21
3.630859375 2.385985541107706e-21
3.631103515625 3.136086935432821e-21
3.63134765625 3.473062328400301e-21
3.631591796875 3.362989230070095e-21
3.6318359375 3.29515489148332e-21
3.632080078125 3.421698119441961e-21
3.63232421875 3.438313660139791e-21
3.632568359375 3.273396827456024e-21
3.6328125 3.217549621166939e-21
3.633056640625 3.337467036051285e-21
3.63330078125 3.396847924833685e-21
3.633544921875 3.397195629967302e-21
3.6337890625 3.563454650038471e-21
3.634033203125 3.760073549642617e-21
3.63427734375 3.605961153672515e-21
3.634521484375 3.244762302771674e-21
3.634765625 3.2609861346095e-21
3.635009765625 3.662100532433325e-21
3.63525390625 3.709136767846921e-21
3.635498046875 3.057984468352328e-21
3.6357421875 2.339953609233398e-21
3.635986328125 2.186737725976395e-21
3.63623046875 2.326117304785455e-21
3.636474609375 2.16616731115336e-21
3.63671875 1.73896545807448e-21
3.636962890625 1.460961820855738e-21
3.63720703125 1.33960539742931e-21
3.637451171875 1.055225768406078e-21
3.6376953125 6.359133142608631e-22
3.637939453125 4.671018431292186e-22
3.63818359375 6.658850888492647e-22
3.638427734375 9.105951168490225e-22
3.638671875 9.442115075839035e-22
3.638916015625 8.98480598975837e-22
3.63916015625 1.009250937703332e-21
3.639404296875 1.242531528129448e-21
3.6396484375 1.356877573041172e-21
3.639892578125 1.253686614212063e-21
3.64013671875 1.122494879827605e-21
3.640380859375 1.167023244255084e-21
3.640625 1.243122470015251e-21
3.640869140625 9.446486103013344e-22
3.64111328125 1.296660306239161e-22
3.641357421875 -8.149751857829834e-22
3.6416015625 -1.391929662588145e-21
3.641845703125 -1.52061908129548e-21
3.64208984375 -1.470436570036649e-21
3.642333984375 -1.458889194249694e-21
3.642578125 -1.557376051625605e-21
3.642822265625 -1.796144451884915e-21
3.64306640625 -2.045360836412987e-21
3.643310546875 -1.960575618797966e-21
3.6435546875 -1.406412557852073e-21
3.643798828125 -7.997219578868088e-22
3.64404296875 -6.559054461248115e-22
3.644287109375 -9.175765261481144e-22
3.64453125 -1.129725706289766e-21
3.644775390625 -1.153345562639884e-21
3.64501953125 -1.248020091077318e-21
3.645263671875 -1.517416371671696e-21
3.6455078125 -1.738441976251561e-21
3.645751953125 -1.729232889776922e-21
3.64599609375 -1.493907872343902e-21
3.646240234375 -1.075474476596381e-21
3.646484375 -6.580491140203713e-22
3.646728515625 -6.380772913808412e-22
3.64697265625 -1.079545999758201e-21
3.647216796875 -1.297427843299894e-21
3.6474609375 -6.509326699901757e-22
3.647705078125 3.863303981900957e-22
3.64794921875 7.501939994581586e-22
3.648193359375 3.537566653184404e-22
3.6484375 2.006833616668681e-22
3.648681640625 7.468668756092924e-22
3.64892578125 1.130439334296911e-21
3.649169921875 5.163652739266001e-22
3.6494140625 -6.274613027219022e-22
3.649658203125 -1.266306898030467e-21
3.64990234375 -1.206851879441245e-21
3.650146484375 -1.067395632971784e-21
3.650390625 -1.260961779865797e-21
3.650634765625 -1.693528770943798e-21
3.65087890625 -2.218547431364984e-21
3.651123046875 -2.781804478249166e-21
3.6513671875 -3.254430728119013e-21
3.651611328125 -3.595652748384404e-21
3.65185546875 -4.031966029596626e-21
3.652099609375 -4.668639338383859e-21
3.65234375 -5.132427226854422e-21
3.652587890625 -5.054141182740097e-21
3.65283203125 -4.712473137492065e-21
3.653076171875 -4.67072180110678e-21
3.6533203125 -4.866795876081345e-21
3.653564453125 -4.630417186379825e-21
3.65380859375 -3.686870600301164e-21
3.654052734375 -2.647168331109306e-21
3.654296875 -2.249858278023517e-21
3.654541015625 -2.426725537183251e-21
3.65478515625 -2.437213305864149e-21
3.655029296875 -1.827752333102926e-21
3.6552734375 -9.659085019783809e-22
3.655517578125 -5.303718346125801e-22
3.65576171875 -6.662257753933264e-22
3.656005859375 -9.087353597794524e-22
3.65625 -9.35226879826257e-22
3.656494140625 -1.041687081126835e-21
3.65673828125 -1.631176720760988e-21
3.656982421875 -2.498319276809188e-21
3.6572265625 -3.027009388491876e-21
3.657470703125 -2.99410622876638e-21
3.65771484375 -2.762254758902413e-21
3.657958984375 -2.696577396401711e-21
3.658203125 -2.80217059751736e-21
3.658447265625 -2.970943113070832e-21
3.65869140625 -3.170184952135031e-21
3.658935546875 -3.28589118191954e-21
3.6591796875 -3.147578439813663e-21
3.659423828125 -2.821861538633482e-21
3.65966796875 -2.563602289726435e-21
3.659912109375 -2.416787621486211e-21
3.66015625 -2.204173197106426e-21
3.660400390625 -1.930065165239383e-21
3.66064453125 -1.776812041051031e-21
3.660888671875 -1.664474452403655e-21
3.6611328125 -1.291745812452947e-21
3.661376953125 -6.959988390016735e-22
3.66162109375 -2.516400005571903e-22
3.661865234375 2.039026476288741e-23
3.662109375 5.73481641086228e-22
3.662353515625 1.550703049829452e-21
3.66259765625 2.459099027168767e-21
3.662841796875 2.939154574197047e-21
3.6630859375 3.307902769340025e-21
3.663330078125 3.938979082587606e-21
3.66357421875 4.592414127460821e-21
3.663818359375 4.818530679450453e-21
3.6640625 4.636113304681469e-21
3.664306640625 4.367111570910933e-21
3.66455078125 4.13309035902618e-21
3.664794921875 3.913804649315364e-21
3.6650390625 3.766787197735682e-21
3.665283203125 3.605880270299615e-21
3.66552734375 3.120191038129217e-21
3.665771484375 2.299767488207836e-21
3.666015625 1.64986695360533e-21
3.666259765625 1.467513204197046e-21
3.66650390625 1.34608647351477e-21
3.666748046875 8.978868317258386e-22
3.6669921875 4.99377443137467e-22
3.667236328125 6.680984021566565e-22
3.66748046875 1.101657561610741e-21
3.667724609375 1.129395768398024e-21
3.66796875 8.796077311648819e-22
3.668212890625 1.140921380765277e-21
3.66845703125 2.097364367228266e-21
3.668701171875 3.007279604977546e-21
3.6689453125 3.261673608949215e-21
3.669189453125 3.063793104769167e-21
3.66943359375 2.859074593972942e-21
3.669677734375 2.713673199282778e-21
3.669921875 2.55034462066715e-21
3.670166015625 2.489893097726911e-21
3.67041015625 2.58365036665487e-21
3.670654296875 2.525364518558113e-21
3.6708984375 1.967959351118018e-21
3.671142578125 9.758417008728133e-22
3.67138671875 -3.170229834662731e-23
3.671630859375 -6.723615427044612e-22
3.671875 -8.6458203625806e-22
3.672119140625 -8.684799905607381e-22
3.67236328125 -1.111886989376727e-21
3.672607421875 -1.786111667814101e-21
3.6728515625 -2.560529924815572e-21
3.673095703125 -2.865418371511738e-21
3.67333984375 -2.487604735318639e-21
3.673583984375 -1.737405192558431e-21
3.673828125 -1.050865487298193e-21
3.674072265625 -6.141575776070536e-22
3.67431640625 -3.532021027149416e-22
3.674560546875 -7.806092954040701e-23
3.6748046875 3.7678174307977e-22
3.675048828125 9.908923848482911e-22
3.67529296875 1.551601521339975e-21
3.675537109375 1.933338189174075e-21
3.67578125 2.273073494108548e-21
3.676025390625 2.687046857467297e-21
3.67626953125 2.974087735659646e-21
3.676513671875 2.887968845880337e-21
3.6767578125 2.590433587838005e-21
3.677001953125 2.498839201472229e-21
3.67724609375 2.736007552594012e-21
3.677490234375 3.05924456279302e-21
3.677734375 3.297635763581701e-21
3.677978515625 3.505439838921408e-21
3.67822265625 3.676829090842546e-21
3.678466796875 3.678551256847672e-21
3.6787109375 3.54102667146885e-21
3.678955078125 3.485271196709666e-21
3.67919921875 3.552142004104625e-21
3.679443359375 3.489477895741665e-21
3.6796875 3.118604279114558e-21
3.679931640625 2.55965729084625e-21
3.68017578125 1.992846598451167e-21
3.680419921875 1.441271401626634e-21
3.6806640625 8.917064282682122e-22
3.680908203125 3.902665607174813e-22
3.68115234375 -9.504851411305642e-23
3.681396484375 -6.841701185167594e-22
3.681640625 -1.344609638814354e-21
3.681884765625 -1.8498478423643e-21
3.68212890625 -2.083043087025474e-21
3.682373046875 -2.176053460634553e-21
3.6826171875 -2.249684134439215e-21
3.682861328125 -2.248859398783231e-21
3.68310546875 -2.167608937947746e-21
3.683349609375 -2.199876072527324e-21
3.68359375 -2.470231686460221e-21
3.683837890625 -2.78663556313807e-21
3.68408203125 -2.8611802865025e-21
3.684326171875 -2.66557341091708e-21
3.6845703125 -2.412419454011498e-21
3.684814453125 -2.293371596340236e-21
3.68505859375 -2.373637225716981e-21
3.685302734375 -2.627273442035866e-21
3.685546875 -2.929329262152315e-21
3.685791015625 -3.115321303443824e-21
3.68603515625 -3.180907863023691e-21
3.686279296875 -3.308663008193673e-21
3.6865234375 -3.564935933735307e-21
3.686767578125 -3.7197180645286e-21
3.68701171875 -3.558565503973133e-21
3.687255859375 -3.239253628844918e-21
3.6875 -3.08887156884759e-21
3.687744140625 -3.129231675123671e-21
3.68798828125 -3.090409184599205e-21
3.688232421875 -2.872229924832079e-21
3.6884765625 -2.663664187064989e-21
3.688720703125 -2.523163989530438e-21
3.68896484375 -2.174726914879329e-21
3.689208984375 -1.445333122313264e-21
3.689453125 -6.628616159768939e-22
3.689697265625 -3.085586210758166e-22
3.68994140625 -3.827066147321162e-22
3.690185546875 -4.2458333007796e-22
3.6904296875 -1.387479131514644e-22
3.690673828125 3.008649440957049e-22
3.69091796875 6.1705877813271e-22
3.691162109375 7.985073229451152e-22
3.69140625 9.612315228428059e-22
3.691650390625 1.087661736667061e-21
3.69189453125 1.115573297005407e-21
3.692138671875 1.13856917796467e-21
3.6923828125 1.319112285036202e-21
3.692626953125 1.695883245747003e-21
3.69287109375 2.225413013511748e-21
3.693115234375 2.890507827431557e-21
3.693359375 3.602543498225109e-21
3.693603515625 4.135440027470631e-21
3.69384765625 4.363813106670595e-21
3.694091796875 4.453521137361807e-21
3.6943359375 4.609113495710294e-21
3.694580078125 4.760624497377861e-21
3.69482421875 4.734629896869248e-21
3.695068359375 4.584322850254444e-21
3.6953125 4.447158754240368e-21
3.695556640625 4.211812187985389e-21
3.69580078125 3.699329933909518e-21
3.696044921875 3.07981731211197e-21
3.6962890625 2.675178321077808e-21
3.696533203125 2.383748513090158e-21
3.69677734375 1.78911448577099e-21
3.697021484375 8.873523064903644e-22
3.697265625 1.84053870724298e-22
3.697509765625 -7.397399383476789e-23
3.69775390625 -2.312898108419247e-22
3.697998046875 -5.555077377456984e-22
3.6982421875 -7.81429129614298e-22
3.698486328125 -6.913295556847873e-22
3.69873046875 -6.436578104061113e-22
3.698974609375 -1.001584267508348e-21
3.69921875 -1.42027602423205e-21
3.699462890625 -1.326957944400091e-21
3.69970703125 -8.841958779227992e-22
3.699951171875 -8.037601481437996e-22
3.7001953125 -1.247251275216731e-21
3.700439453125 -1.569788080819219e-21
3.70068359375 -1.299190964827081e-21
3.700927734375 -8.034350499896853e-22
3.701171875 -6.913699481697871e-22
3.701416015625 -9.686353095063498e-22
3.70166015625 -1.177137691248732e-21
3.701904296875 -1.135164887184407e-21
3.7021484375 -1.118507634122496e-21
3.702392578125 -1.343258103718922e-21
3.70263671875 -1.635679520500957e-21
3.702880859375 -1.754253536039466e-21
3.703125 -1.797687293974943e-21
3.703369140625 -2.039367437935009e-21
3.70361328125 -2.436850229726807e-21
3.703857421875 -2.608772097038132e-21
3.7041015625 -2.395577010980416e-21
3.704345703125 -2.171077527776866e-21
3.70458984375 -2.357159515365501e-21
3.704833984375 -2.819786396386335e-21
3.705078125 -3.073625434141055e-21
3.705322265625 -2.975919037929839e-21
3.70556640625 -2.821113459938162e-21
3.705810546875 -2.763682975485929e-21
3.7060546875 -2.600572790901019e-21
3.706298828125 -2.247773176547133e-21
3.70654296875 -1.994219808701465e-21
3.706787109375 -2.035270424093681e-21
3.70703125 -2.108783611575141e-21
3.707275390625 -1.896689136241454e-21
3.70751953125 -1.514538746758188e-21
3.707763671875 -1.287062148966781e-21
3.7080078125 -1.251290134415093e-21
3.708251953125 -1.20117108846269e-21
3.70849609375 -1.070295157195143e-21
3.708740234375 -9.67562511274154e-22
3.708984375 -9.343721276218859e-22
3.709228515625 -9.238754878843871e-22
3.70947265625 -9.448795233836975e-22
3.709716796875 -1.027129702639665e-21
3.7099609375 -1.135803569999021e-21
3.710205078125 -1.278318320144137e-21
3.71044921875 -1.558585705448158e-21
3.710693359375 -1.96205338163388e-21
3.7109375 -2.248059054929183e-21
3.711181640625 -2.242403749474531e-21
3.71142578125 -2.098317943383776e-21
3.711669921875 -2.106673562865785e-21
3.7119140625 -2.384728975874277e-21
3.712158203125 -2.857455703978696e-21
3.71240234375 -3.346819175610001e-21
3.712646484375 -3.585705131803246e-21
3.712890625 -3.411964319034158e-21
3.713134765625 -3.056536723136584e-21
3.71337890625 -2.901357032979142e-21
3.713623046875 -2.818209499533031e-21
3.7138671875 -2.196326471028813e-21
3.714111328125 -8.909571929302189e-22
3.71435546875 3.272524807359154e-22
3.714599609375 6.817768961669993e-22
3.71484375 3.661497978987636e-22
3.715087890625 1.574991465025129e-22
3.71533203125 3.854023451381992e-22
3.715576171875 7.716981099256303e-22
3.7158203125 1.013925642667574e-21
3.716064453125 1.010656959217597e-21
3.71630859375 7.16962340822736e-22
3.716552734375 2.66506433130373e-22
3.716796875 6.104493211261576e-23
3.717041015625 3.068371988882314e-22
3.71728515625 6.857512432169575e-22
3.717529296875 9.017279033100542e-22
3.7177734375 1.218249024698996e-21
3.718017578125 1.92480341403797e-21
3.71826171875 2.644779260076279e-21
3.718505859375 2.873699455898012e-21
3.71875 2.914076711218994e-21
3.718994140625 3.460005017645254e-21
3.71923828125 4.406500977675651e-21
3.719482421875 4.926040702572877e-21
3.7197265625 4.707693054512585e-21
3.719970703125 4.286665936035312e-21
3.72021484375 4.081693722021458e-21
3.720458984375 3.93171438333074e-21
3.720703125 3.735672153733592e-21
3.720947265625 3.740395861764153e-21
3.72119140625 3.944049007714206e-21
3.721435546875 3.959297940286617e-21
3.7216796875 3.767745794884596e-21
3.721923828125 3.914080999822147e-21
3.72216796875 4.609214905119363e-21
3.722412109375 5.286740332551543e-21
3.72265625 5.423740760788937e-21
3.722900390625 5.20583324175723e-21
3.72314453125 4.993901097294871e-21
3.723388671875 4.718973343658577e-21
3.7236328125 4.257520489691579e-21
3.723876953125 3.884619973493234e-21
3.72412109375 3.85217137317089e-21
3.724365234375 3.91784523750723e-21
3.724609375 3.746350426991046e-21
3.724853515625 3.43164415821775e-21
3.72509765625 3.222127481683822e-21
3.725341796875 3.070807480605885e-21
3.7255859375 2.843466458542981e-21
3.725830078125 2.651559870468058e-21
3.72607421875 2.618618330997638e-21
3.726318359375 2.619647016903379e-21
3.7265625 2.557236883814489e-21
3.726806640625 2.553487522866934e-21
3.72705078125 2.583166789685249e-21
3.727294921875 2.327367120543075e-21
3.7275390625 1.72241972334151e-21
3.727783203125 1.215767809181218e-21
3.72802734375 1.091494738447736e-21
3.728271484375 9.873503714455459e-22
3.728515625 5.196854170615717e-22
3.728759765625 -7.028358934030359e-23
3.72900390625 -4.211209478192938e-22
3.729248046875 -7.677173810713588e-22
3.7294921875 -1.510827784134036e-21
3.729736328125 -2.388092193502816e-21
3.72998046875 -2.767997265832231e-21
3.730224609375 -2.598209217201054e-21
3.73046875 -2.401685237521691e-21
3.730712890625 -2.410704561297984e-21
3.73095703125 -2.335566803598975e-21
3.731201171875 -2.012459500976406e-21
3.7314453125 -1.712440479083834e-21
3.731689453125 -1.686687541895621e-21
3.73193359375 -1.834512795480988e-21
3.732177734375 -1.95404702235197e-21
3.732421875 -2.017026908413226e-21
3.732666015625 -2.105602209032823e-21
3.73291015625 -2.287200461552568e-21
3.733154296875 -2.567014748612823e-21
3.7333984375 -2.822540784532544e-21
3.733642578125 -2.88812770919442e-21
3.73388671875 -2.846422076857978e-21
3.734130859375 -3.018656554674986e-21
3.734375 -3.460442810745049e-21
3.734619140625 -3.757434840145104e-21
3.73486328125 -3.621540485036235e-21
3.735107421875 -3.376680680268478e-21
3.7353515625 -3.453801695066045e-21
3.735595703125 -3.69450047030608e-21
3.73583984375 -3.633763685685e-21
3.736083984375 -3.232287644625288e-21
3.736328125 -2.803786047089712e-21
3.736572265625 -2.417797765046354e-21
3.73681640625 -1.949829770683268e-21
3.737060546875 -1.57015672470667e-21
3.7373046875 -1.543108906656372e-21
3.737548828125 -1.596499432649872e-21
3.73779296875 -1.150775966713999e-21
3.738037109375 -2.321319204179626e-22
3.73828125 4.623570305399314e-22
3.738525390625 5.288301660681879e-22
3.73876953125 2.972730565127011e-22
3.739013671875 1.456006236341302e-22
3.7392578125 -3.196012551895635e-23
3.739501953125 -3.96330701216588e-22
3.73974609375 -7.38116661354529e-22
3.739990234375 -8.648254098759343e-22
3.740234375 -1.020080367928758e-21
3.740478515625 -1.510438882032164e-21
3.74072265625 -2.178850490429324e-21
3.740966796875 -2.627864160896641e-21
3.7412109375 -2.795218280528136e-21
3.741455078125 -2.965046626856551e-21
3.74169921875 -3.293774317502495e-21
3.741943359375 -3.614851113184487e-21
3.7421875 -3.707790458428034e-21
3.742431640625 -3.560340699587724e-21
3.74267578125 -3.331059292173075e-21
3.742919921875 -3.159878006741216e-21
3.7431640625 -3.053438450711171e-21
3.743408203125 -2.92703343774244e-21
3.74365234375 -2.726882057741439e-21
3.743896484375 -2.466104854268577e-21
3.744140625 -2.153809903689147e-21
3.744384765625 -1.80755350363357e-21
3.74462890625 -1.556664043728272e-21
3.744873046875 -1.537824419443436e-21
3.7451171875 -1.599669921662159e-21
3.745361328125 -1.358293651922213e-21
3.74560546875 -7.204955565923105e-22
3.745849609375 -9.12339991818003e-23
3.74609375 1.770524954189609e-22
3.746337890625 2.571341478836231e-22
3.74658203125 4.561761328585232e-22
3.746826171875 6.712886940961175e-22
3.7470703125 6.917394731574586e-22
3.747314453125 7.719135853288681e-22
3.74755859375 1.304506383645066e-21
3.747802734375 2.055777345102158e-21
3.748046875 2.373262575709544e-21
3.748291015625 2.154978245394204e-21
3.74853515625 1.971587520642089e-21
3.748779296875 2.128346449415108e-21
3.7490234375 2.247702775668716e-21
3.749267578125 2.006240279049632e-21
3.74951171875 1.693407726001474e-21
3.749755859375 1.691016484208072e-21
3.75 1.862240020099469e-21
3.750244140625 1.848934993191462e-21
3.75048828125 1.646708751907473e-21
3.750732421875 1.521346818634531e-21
3.7509765625 1.585298603909825e-21
3.751220703125 1.757438207904843e-21
3.75146484375 1.967861521838844e-21
3.751708984375 2.178739370178898e-21
3.751953125 2.36288533463083e-21
3.752197265625 2.611486768232896e-21
3.75244140625 3.073979235956536e-21
3.752685546875 3.682051418507988e-21
3.7529296875 4.157317101280965e-21
3.753173828125 4.379981052544834e-21
3.75341796875 4.492778954286861e-21
3.753662109375 4.57293846833849e-21
3.75390625 4.514453812051373e-21
3.754150390625 4.318936476763313e-21
3.75439453125 4.155006432380597e-21
3.754638671875 4.027326279013725e-21
3.7548828125 3.760239222931555e-21
3.755126953125 3.412961461023629e-21
3.75537109375 3.273818826631711e-21
3.755615234375 3.294396519848823e-21
3.755859375 3.027118679660222e-21
3.756103515625 2.367071122161042e-21
3.75634765625 1.847757972738129e-21
3.756591796875 1.85918348616305e-21
3.7568359375 2.047269900798282e-21
3.757080078125 1.90537347885101e-21
3.75732421875 1.530907352098335e-21
3.757568359375 1.307663463967308e-21
3.7578125 1.197084129949266e-21
3.758056640625 8.863097203757913e-22
3.75830078125 3.903755488688188e-22
3.758544921875 -1.472452448697854e-23
3.7587890625 -2.807356109006078e-22
3.759033203125 -5.39354053599999e-22
3.75927734375 -7.399338765311355e-22
3.759521484375 -7.992071254269949e-22
3.759765625 -9.46048358864791e-22
3.760009765625 -1.424149469999615e-21
3.76025390625 -1.967591908064684e-21
3.760498046875 -2.067593945444299e-21
3.7607421875 -1.700168861202751e-21
3.760986328125 -1.322768122790354e-21
3.76123046875 -1.192162955735505e-21
3.761474609375 -1.155346799213399e-21
3.76171875 -1.110440397685073e-21
3.761962890625 -1.191554465262467e-21
3.76220703125 -1.406785219588292e-21
3.762451171875 -1.502108854647487e-21
3.7626953125 -1.321873191765682e-21
3.762939453125 -1.009834933610448e-21
3.76318359375 -7.665870235476518e-22
3.763427734375 -6.631644698681266e-22
3.763671875 -7.361272211614217e-22
3.763916015625 -1.01091131992568e-21
3.76416015625 -1.390314752913442e-21
3.764404296875 -1.737305530460649e-21
3.7646484375 -2.070060273105054e-21
3.764892578125 -2.479053627908056e-21
3.76513671875 -2.913724053498857e-21
3.765380859375 -3.273758506481991e-21
3.765625 -3.605346009767955e-21
3.765869140625 -3.938328230583132e-21
3.76611328125 -4.061520676953854e-21
3.766357421875 -3.797207245996315e-21
3.7666015625 -3.381310929280221e-21
3.766845703125 -3.177581866715904e-21
3.76708984375 -3.096849322349627e-21
3.767333984375 -2.739285904442519e-21
3.767578125 -2.081611645359099e-21
3.767822265625 -1.542231429457552e-21
3.76806640625 -1.304525892941782e-21
3.768310546875 -1.047880329639818e-21
3.7685546875 -5.091566464251132e-22
3.768798828125 8.056186715595955e-23
3.76904296875 3.130179795979744e-22
3.769287109375 6.244578178422017e-23
3.76953125 -5.195713072856688e-22
3.769775390625 -1.204435199574132e-21
3.77001953125 -1.761062297397372e-21
3.770263671875 -2.07122946954809e-21
3.7705078125 -2.262474445233547e-21
3.770751953125 -2.521016740354762e-21
3.77099609375 -2.774246348269054e-21
3.771240234375 -2.823777174622885e-21
3.771484375 -2.744522920377372e-21
3.771728515625 -2.783588356875528e-21
3.77197265625 -2.879814271393624e-21
3.772216796875 -2.722324064540091e-21
3.7724609375 -2.328761713872363e-21
3.772705078125 -2.083134104764511e-21
3.77294921875 -2.082565096652105e-21
3.773193359375 -1.9438600961001e-21
3.7734375 -1.449993695606616e-21
3.773681640625 -8.970673831253822e-22
3.77392578125 -5.409613226935633e-22
3.774169921875 -1.795511177986926e-22
3.7744140625 3.789799338572513e-22
3.774658203125 8.752299834412642e-22
3.77490234375 1.0386053699156e-21
3.775146484375 1.107593122188381e-21
3.775390625 1.468428963316933e-21
3.775634765625 2.052629840365853e-21
3.77587890625 2.523607570295101e-21
3.776123046875 2.822145351017333e-21
3.7763671875 3.088327111428652e-21
3.776611328125 3.242649601398026e-21
3.77685546875 3.106277128958865e-21
3.777099609375 2.816973244169269e-21
3.77734375 2.699180504519811e-21
3.777587890625 2.79586809224367e-21
3.77783203125 2.898235779907859e-21
3.778076171875 2.941051470803943e-21
3.7783203125 2.986426216298301e-21
3.778564453125 2.910663988335097e-21
3.77880859375 2.527423278100008e-21
3.779052734375 1.983551872627149e-21
3.779296875 1.621593464285281e-21
3.779541015625 1.452804740495651e-21
3.77978515625 1.172971119031712e-21
3.780029296875 7.284819306650213e-22
3.7802734375 4.466791598038432e-22
3.780517578125 5.087023650175361e-22
3.78076171875 6.907881400685324e-22
3.781005859375 7.903796991416666e-22
3.78125 9.602740188811331e-22
3.781494140625 1.406308561176698e-21
3.78173828125 2.028665423892072e-21
3.781982421875 2.592166286863412e-21
3.7822265625 3.041034561451555e-21
3.782470703125 3.417328627572124e-21
3.78271484375 3.63363939188775e-21
3.782958984375 3.572062026157561e-21
3.783203125 3.32724294773194e-21
3.783447265625 3.139558620551429e-21
3.78369140625 3.101395340930535e-21
3.783935546875 3.069297978051068e-21
3.7841796875 2.861986412020875e-21
3.784423828125 2.450425979351609e-21
3.78466796875 1.956635497019439e-21
3.784912109375 1.526105109999716e-21
3.78515625 1.194988991039451e-21
3.785400390625 8.56498037956051e-22
3.78564453125 3.850119918534011e-22
3.785888671875 -1.937018011189549e-22
3.7861328125 -6.97880180837906e-22
3.786376953125 -9.619716380595311e-22
3.78662109375 -9.611439319205895e-22
3.786865234375 -7.676330252869342e-22
3.787109375 -4.697960337441745e-22
3.787353515625 -1.681113386222576e-22
3.78759765625 2.665118847756809e-23
3.787841796875 6.002143662450171e-23
3.7880859375 -2.528076291738457e-23
3.788330078125 -1.535904277740997e-22
3.78857421875 -3.02076047742325e-22
3.788818359375 -4.906641876442174e-22
3.7890625 -6.988367140437997e-22
3.789306640625 -8.327243992212797e-22
3.78955078125 -8.03476137386071e-22
3.789794921875 -6.318582713915947e-22
3.7900390625 -4.357699695678649e-22
3.790283203125 -2.960910669989445e-22
3.79052734375 -1.84346349910433e-22
3.790771484375 -6.225368825750344e-23
3.791015625 2.217279069808062e-23
3.791259765625 2.791562709993552e-23
3.79150390625 3.132446543067217e-23
3.791748046875 9.291806869398881e-23
3.7919921875 7.296292661731669e-23
3.792236328125 -2.069854679364315e-22
3.79248046875 -6.246233333068658e-22
3.792724609375 -8.316539481701182e-22
3.79296875 -7.325963871517878e-22
3.793212890625 -6.351988882317997e-22
3.79345703125 -8.071627915724114e-22
3.793701171875 -1.134206675072029e-21
3.7939453125 -1.379685271370484e-21
3.794189453125 -1.528963239195182e-21
3.79443359375 -1.652815293022879e-21
3.794677734375 -1.665046599892241e-21
3.794921875 -1.501054557493282e-21
3.795166015625 -1.350048462646439e-21
3.79541015625 -1.397000916130752e-21
3.795654296875 -1.485241459806372e-21
3.7958984375 -1.368362295297206e-21
3.796142578125 -1.159983333151823e-21
3.79638671875 -1.144783517410936e-21
3.796630859375 -1.233455607478031e-21
3.796875 -1.055749621585348e-21
3.797119140625 -6.032709501127558e-22
3.79736328125 -3.146450684398897e-22
3.797607421875 -4.03579421540293e-22
3.7978515625 -5.339197221797909e-22
3.798095703125 -3.756745396511918e-22
3.79833984375 -1.233074355051798e-22
3.798583984375 -1.828425770397162e-22
3.798828125 -6.014150785887263e-22
3.799072265625 -1.087499592297682e-21
3.79931640625 -1.416927983041361e-21
3.799560546875 -1.566351869697783e-21
3.7998046875 -1.587764147157442e-21
3.800048828125 -1.592954065405838e-21
3.80029296875 -1.762174734387578e-21
3.800537109375 -2.151743543083259e-21
3.80078125 -2.559133020231989e-21
3.801025390625 -2.747585385713559e-21
3.80126953125 -2.727442764101687e-21
3.801513671875 -2.663843963463136e-21
3.8017578125 -2.60544060629602e-21
3.802001953125 -2.481715586867877e-21
3.80224609375 -2.289916446320629e-21
3.802490234375 -2.096824219459074e-21
3.802734375 -1.89616462046992e-21
3.802978515625 -1.630906957985408e-21
3.80322265625 -1.335433954351068e-21
3.803466796875 -1.113236667749446e-21
3.8037109375 -9.817353743809769e-22
3.803955078125 -8.438005752114619e-22
3.80419921875 -5.920396817305379e-22
3.804443359375 -1.678939284780596e-22
3.8046875 4.155087358809258e-22
3.804931640625 1.013070252453024e-21
3.80517578125 1.387977874976398e-21
3.805419921875 1.435407905599288e-21
3.8056640625 1.315147948648402e-21
3.805908203125 1.258182254570975e-21
3.80615234375 1.302039354116907e-21
3.806396484375 1.31418543185949e-21
3.806640625 1.195597177088735e-21
3.806884765625 9.510580772949982e-22
3.80712890625 6.490407385632132e-22
3.807373046875 4.320628915896351e-22
3.8076171875 4.55299882018073e-22
3.807861328125 6.602008766780365e-22
3.80810546875 7.191272384356249e-22
3.808349609375 3.936220789940415e-22
3.80859375 -1.432727064471162e-22
3.808837890625 -5.416009848590413e-22
3.80908203125 -7.321070622789103e-22
3.809326171875 -9.037007069969322e-22
3.8095703125 -1.102866780741303e-21
3.809814453125 -1.158522220227273e-21
3.81005859375 -9.98582317370374e-22
3.810302734375 -7.363699293583786e-22
3.810546875 -4.048660087336527e-22
3.810791015625 8.426168427376612e-23
3.81103515625 6.343188853420202e-22
3.811279296875 9.386311765499022e-22
3.8115234375 9.205951547908286e-22
3.811767578125 9.138110623272742e-22
3.81201171875 1.197805862662591e-21
3.812255859375 1.59892713962805e-21
3.8125 1.788731280669821e-21
3.812744140625 1.762759752712222e-21
3.81298828125 1.744142169516853e-21
3.813232421875 1.779261709612997e-21
3.8134765625 1.741020506321531e-21
3.813720703125 1.632862376609477e-21
3.81396484375 1.573497195660972e-21
3.814208984375 1.520613638013199e-21
3.814453125 1.310854877933836e-21
3.814697265625 9.729591254962663e-22
3.81494140625 7.101451926492489e-22
3.815185546875 5.383986854259828e-22
3.8154296875 2.362443672072723e-22
3.815673828125 -2.526293285603646e-22
3.81591796875 -6.363222569099903e-22
3.816162109375 -6.49477741973911e-22
3.81640625 -4.115349934504251e-22
3.816650390625 -2.444872936100725e-22
3.81689453125 -2.779998144035806e-22
3.817138671875 -3.894668028800313e-22
3.8173828125 -4.171940628735123e-22
3.817626953125 -2.798840410409443e-22
3.81787109375 2.315900114525594e-23
3.818115234375 3.795878852533145e-22
3.818359375 5.936424568787999e-22
3.818603515625 5.831817387530143e-22
3.81884765625 5.059166361628438e-22
3.819091796875 5.788719051242598e-22
3.8193359375 8.164777738160876e-22
3.819580078125 1.053688034168892e-21
3.81982421875 1.181955949334401e-21
3.820068359375 1.241094206066014e-21
3.8203125 1.297809579252553e-21
3.820556640625 1.350840377000419e-21
3.82080078125 1.370607954741371e-21
3.821044921875 1.350891543703193e-21
3.8212890625 1.300903971964724e-21
3.821533203125 1.232809739853344e-21
3.82177734375 1.161360064125967e-21
3.822021484375 1.086961618820487e-21
3.822265625 9.916094462651059e-22
3.822509765625 8.695864297179547e-22
3.82275390625 7.311535627933838e-22
3.822998046875 5.632314983871262e-22
3.8232421875 3.400936969048781e-22
3.823486328125 9.40969313251207e-23
3.82373046875 -8.992487844703617e-23
3.823974609375 -1.822556802847189e-22
3.82421875 -2.458611828094217e-22
3.824462890625 -3.404722739840929e-22
3.82470703125 -4.60699992479568e-22
3.824951171875 -5.83869032215702e-22
3.8251953125 -6.841269482666255e-22
3.825439453125 -6.879734647278861e-22
3.82568359375 -5.443612264681261e-22
3.825927734375 -3.603479510916742e-22
3.826171875 -3.035721269070877e-22
3.826416015625 -3.281439731488606e-22
3.82666015625 -2.014893971222831e-22
3.826904296875 1.121343603661098e-22
3.8271484375 3.309280591727168e-22
3.827392578125 2.640775144965211e-22
3.82763671875 9.812145668697282e-23
3.827880859375 6.84850340518937e-23
3.828125 8.826139124986609e-23
3.828369140625 -1.29478740017036e-23
3.82861328125 -9.910154357968641e-23
3.828857421875 5.71512207760342e-23
3.8291015625 3.153232825856111e-22
3.829345703125 3.289778093360145e-22
3.82958984375 9.641169714607448e-23
3.829833984375 -6.365582258209645e-23
3.830078125 -6.583073006244146e-23
3.830322265625 -1.522582437598687e-22
3.83056640625 -3.868494257082263e-22
3.830810546875 -4.997798237964635e-22
3.8310546875 -3.703920523773003e-22
3.831298828125 -2.575362365674023e-22
3.83154296875 -3.588322280812136e-22
3.831787109375 -5.008642846755192e-22
3.83203125 -4.821827191571327e-22
3.832275390625 -3.93372359326109e-22
3.83251953125 -3.621349606722248e-22
3.832763671875 -2.952906549308173e-22
3.8330078125 -1.381888427859361e-22
3.833251953125 -9.50822815976091e-23
3.83349609375 -2.904307611230754e-22
3.833740234375 -4.705582552910451e-22
3.833984375 -3.673861207977792e-22
3.834228515625 -1.357641893721246e-22
3.83447265625 -8.683347393694443e-23
3.834716796875 -1.763167007465119e-22
3.8349609375 -1.195144705408471e-22
3.835205078125 1.298877738190771e-22
3.83544921875 3.784182787946385e-22
3.835693359375 5.573530866378344e-22
3.8359375 7.281049832109901e-22
3.836181640625 8.124818777185861e-22
3.83642578125 6.914488650067778e-22
3.836669921875 5.279934316788602e-22
3.8369140625 6.231527745541406e-22
3.837158203125 9.535202248488449e-22
3.83740234375 1.192865021226137e-21
3.837646484375 1.197404551466564e-21
3.837890625 1.129053455487818e-21
3.838134765625 1.083930795358566e-21
3.83837890625 9.667011658402665e-22
3.838623046875 8.000894562211224e-22
3.8388671875 7.925912312482497e-22
3.839111328125 9.650709246081918e-22
3.83935546875 1.026340036271078e-21
3.839599609375 7.801426391512386e-22
3.83984375 3.911172720886348e-22
3.840087890625 9.464536339510503e-23
3.84033203125 -1.07038871707807e-22
3.840576171875 -2.979007946956223e-22
3.8408203125 -4.345059628313026e-22
3.841064453125 -4.682049370991086e-22
3.84130859375 -4.95165489743847e-22
3.841552734375 -6.103837588879293e-22
3.841796875 -7.660606202967854e-22
3.842041015625 -9.130345396392845e-22
3.84228515625 -1.11220826558216e-21
3.842529296875 -1.36558252696318e-21
3.8427734375 -1.520019250134856e-21
3.843017578125 -1.503096845790839e-21
3.84326171875 -1.483522995601627e-21
3.843505859375 -1.620632095218271e-21
3.84375 -1.814807123241381e-21
3.843994140625 -1.895023137878989e-21
3.84423828125 -1.90027935959133e-21
3.844482421875 -1.960876156084166e-21
3.8447265625 -2.031313049911615e-21
3.844970703125 -1.978809224793443e-21
3.84521484375 -1.847669063986924e-21
3.845458984375 -1.796283009866051e-21
3.845703125 -1.824237412093314e-21
3.845947265625 -1.791619237378647e-21
3.84619140625 -1.681050839582244e-21
3.846435546875 -1.615089180629752e-21
3.8466796875 -1.61439026011988e-21
3.846923828125 -1.559295502946745e-21
3.84716796875 -1.423763990915498e-21
3.847412109375 -1.337987627496979e-21
3.84765625 -1.347573021614262e-21
3.847900390625 -1.294951852057283e-21
3.84814453125 -1.051580308287494e-21
3.848388671875 -7.34341987321285e-22
3.8486328125 -5.630546014763624e-22
3.848876953125 -5.77974250801093e-22
3.84912109375 -6.121635345070351e-22
3.849365234375 -5.074736797121549e-22
3.849609375 -2.647920681550447e-22
3.849853515625 7.77759447430489e-24
3.85009765625 2.171476764019097e-22
3.850341796875 3.373572263725947e-22
3.8505859375 3.878515577655627e-22
3.850830078125 3.979259045038194e-22
3.85107421875 3.923027917492733e-22
3.851318359375 3.930266505969304e-22
3.8515625 4.168492370032445e-22
3.851806640625 4.651163461834532e-22
3.85205078125 5.240286402159202e-22
3.852294921875 5.76079183672178e-22
3.8525390625 6.032170400038354e-22
3.852783203125 5.883453368678527e-22
3.85302734375 5.373590163504125e-22
3.853271484375 4.943221870805638e-22
3.853515625 5.031344270735554e-22
3.853759765625 5.530895309678175e-22
3.85400390625 5.932864601001959e-22
3.854248046875 5.987374712040324e-22
3.8544921875 5.865130813146345e-22
3.854736328125 5.736685511949291e-22
3.85498046875 5.678650166616785e-22
3.855224609375 5.952364961790665e-22
3.85546875 6.755990625142748e-22
3.855712890625 7.637873663127445e-22
3.85595703125 7.849789607924366e-22
3.856201171875 7.482585392654997e-22
3.8564453125 7.549559659604845e-22
3.856689453125 8.603693790766801e-22
3.85693359375 9.907260549731861e-22
3.857177734375 1.040254276306914e-21
3.857421875 9.975738530519171e-22
3.857666015625 9.302212360016538e-22
3.85791015625 8.865387244998327e-22
3.858154296875 8.57348470536611e-22
3.8583984375 8.054342992979541e-22
3.858642578125 7.01839822429542e-22
3.85888671875 5.585595934320941e-22
3.859130859375 4.38278822174888e-22
3.859375 3.965620944495476e-22
3.859619140625 4.145615081982257e-22
3.85986328125 4.411958544228493e-22
3.860107421875 4.913224217659959e-22
3.8603515625 6.154757829146482e-22
3.860595703125 7.683118962757324e-22
3.86083984375 8.243472706185371e-22
3.861083984375 7.688904700578293e-22
3.861328125 7.552783650690212e-22
3.861572265625 8.9225841507043e-22
3.86181640625 1.077506212160782e-21
3.862060546875 1.146916555022497e-21
3.8623046875 1.103169904253726e-21
3.862548828125 1.065717786613536e-21
3.86279296875 1.050629223371313e-21
3.863037109375 9.527373059245321e-22
3.86328125 7.427579555137855e-22
3.863525390625 5.414112731167291e-22
3.86376953125 4.56678574474942e-22
3.864013671875 4.512587329133982e-22
3.8642578125 4.289389843770254e-22
3.864501953125 3.791663960504745e-22
3.86474609375 3.686318042075009e-22
3.864990234375 4.29365707936254e-22
3.865234375 5.205649255178766e-22
3.865478515625 5.919021716094422e-22
3.86572265625 6.309065970843614e-22
3.865966796875 6.346544640366e-22
3.8662109375 5.768165393936428e-22
3.866455078125 4.421438219496326e-22
3.86669921875 2.775041361997851e-22
3.866943359375 1.54986814464095e-22
3.8671875 6.963374718861783e-23
3.867431640625 -7.171064246774148e-23
3.86767578125 -3.187151514312312e-22
3.867919921875 -5.833997137270747e-22
3.8681640625 -7.413643342088002e-22
3.868408203125 -7.899105856751607e-22
3.86865234375 -8.230885290014054e-22
3.868896484375 -8.73101693763977e-22
3.869140625 -8.787419392709277e-22
3.869384765625 -8.144819486689784e-22
3.86962890625 -7.435269081513655e-22
3.869873046875 -7.109851882895447e-22
3.8701171875 -6.774491012133292e-22
3.870361328125 -6.003443960247325e-22
3.87060546875 -5.007622933904928e-22
3.870849609375 -4.100785633821397e-22
3.87109375 -3.286512202985184e-22
3.871337890625 -2.727662397165071e-22
3.87158203125 -2.753825563015466e-22
3.871826171875 -3.028239882058941e-22
3.8720703125 -2.726468530766654e-22
3.872314453125 -2.037107281625998e-22
3.87255859375 -2.293921844799517e-22
3.872802734375 -3.839646570090737e-22
3.873046875 -5.022595340509961e-22
3.873291015625 -4.506714632174592e-22
3.87353515625 -3.468903376501213e-22
3.873779296875 -3.9299621788549e-22
3.8740234375 -5.652503228391279e-22
3.874267578125 -6.493332727177522e-22
3.87451171875 -5.567721082089879e-22
3.874755859375 -4.280951376220485e-22
3.875 -4.050897083772603e-22
3.875244140625 -4.597649595823592e-22
3.87548828125 -4.960271140055085e-22
3.875732421875 -4.868685069620375e-22
3.8759765625 -4.445921187424432e-22
3.876220703125 -3.62232487426835e-22
3.87646484375 -2.618883792705519e-22
3.876708984375 -2.231811005913677e-22
3.876953125 -2.865549420809999e-22
3.877197265625 -3.800104887628595e-22
3.87744140625 -4.059774431935753e-22
3.877685546875 -3.595140340891121e-22
3.8779296875 -3.058912839846059e-22
3.878173828125 -2.842468779265609e-22
3.87841796875 -2.96267545919902e-22
3.878662109375 -3.560226107876269e-22
3.87890625 -4.74129868290488e-22
3.879150390625 -5.972148539985332e-22
3.87939453125 -6.332657867182103e-22
3.879638671875 -5.579254607708864e-22
3.8798828125 -4.462068464963591e-22
3.880126953125 -3.711595343593093e-22
3.88037109375 -3.132994450161982e-22
3.880615234375 -2.143081327326008e-22
3.880859375 -9.122045728527882e-23
3.881103515625 -3.128326901578088e-23
3.88134765625 -6.864819807924482e-23
3.881591796875 -1.312262267045508e-22
3.8818359375 -1.404890284825769e-22
3.882080078125 -1.062419439100442e-22
3.88232421875 -7.504137408369798e-23
3.882568359375 -4.259844241813436e-23
3.8828125 7.306678036824392e-24
3.883056640625 2.352659472538563e-23
3.88330078125 -4.869620067708509e-23
3.883544921875 -1.440989108383821e-22
3.8837890625 -1.361928346708678e-22
3.884033203125 -2.879202994202618e-23
3.88427734375 3.579670291026059e-23
3.884521484375 -5.527916821431507e-24
3.884765625 -4.247304498753399e-23
3.885009765625 1.598737470479082e-23
3.88525390625 8.365110482860846e-23
3.885498046875 4.487401629748019e-23
3.8857421875 -3.909646608737963e-23
3.885986328125 -1.287524337288278e-23
3.88623046875 1.399216785639818e-22
3.886474609375 2.891547903850552e-22
3.88671875 3.607673040725887e-22
3.886962890625 4.102873844280317e-22
3.88720703125 4.890644096020876e-22
3.887451171875 5.619563582271269e-22
3.8876953125 5.906092355252206e-22
3.887939453125 6.015118126222982e-22
3.88818359375 6.296883151995378e-22
3.888427734375 6.636607505387642e-22
3.888671875 6.789821657127989e-22
3.888916015625 6.714562603421645e-22
3.88916015625 6.362085314505852e-22
3.889404296875 5.673947520024848e-22
3.8896484375 4.96279649735629e-22
3.889892578125 4.777230410009797e-22
3.89013671875 5.20096538430945e-22
3.890380859375 5.71037007177536e-22
3.890625 5.822361253139666e-22
3.890869140625 5.479195616998957e-22
3.89111328125 4.823870643202902e-22
3.891357421875 4.122576924897282e-22
3.8916015625 3.891916013876921e-22
3.891845703125 4.481758133127257e-22
3.89208984375 5.445553864458323e-22
3.892333984375 5.905780256151878e-22
3.892578125 5.634641204410364e-22
3.892822265625 5.19773742121956e-22
3.89306640625 4.980353808665375e-22
3.893310546875 4.767008385848275e-22
3.8935546875 4.430859582506933e-22
3.893798828125 4.276060863573546e-22
3.89404296875 4.367147521170264e-22
3.894287109375 4.205320624028926e-22
3.89453125 3.511137873078078e-22
3.894775390625 2.761294697807021e-22
3.89501953125 2.476170879253819e-22
3.895263671875 2.458757964904151e-22
3.8955078125 2.235451751141018e-22
3.895751953125 1.83387041656348e-22
3.89599609375 1.583027755568834e-22
3.896240234375 1.447781116538154e-22
3.896484375 1.101077427953462e-22
3.896728515625 4.676607066688074e-23
3.89697265625 -2.788350961378453e-23
3.897216796875 -1.111391810313847e-22
3.8974609375 -2.085654391191293e-22
3.897705078125 -2.970799004952941e-22
3.89794921875 -3.388909462655509e-22
3.898193359375 -3.338698603197783e-22
3.8984375 -3.228798805521359e-22
3.898681640625 -3.342855576779442e-22
3.89892578125 -3.562091417870918e-22
3.899169921875 -3.69070671291229e-22
3.8994140625 -3.796766724212231e-22
3.899658203125 -4.067385544552905e-22
3.89990234375 -4.455243310628401e-22
3.900146484375 -4.659072745870561e-22
3.900390625 -4.499908214849544e-22
3.900634765625 -4.215198174972019e-22
3.90087890625 -4.223381384485339e-22
3.901123046875 -4.560060824767655e-22
3.9013671875 -4.736568110649287e-22
3.901611328125 -4.33420584724962e-22
3.90185546875 -3.58609580384468e-22
3.902099609375 -3.086370100513647e-22
3.90234375 -3.001176673775735e-22
3.902587890625 -2.92814019803558e-22
3.90283203125 -2.571236680285827e-22
3.903076171875 -2.166494450177402e-22
3.9033203125 -2.060107734983363e-22
3.903564453125 -2.183954711943721e-22
3.90380859375 -2.226458394872373e-22
3.904052734375 -2.132163575749633e-22
3.904296875 -2.139811059071288e-22
3.904541015625 -2.388171124645268e-22
3.90478515625 -2.715526972145499e-22
3.905029296875 -2.870213534344204e-22
3.9052734375 -2.798217328283741e-22
3.905517578125 -2.707256061423795e-22
3.90576171875 -2.892072475496082e-22
3.906005859375 -3.458983963142337e-22
3.90625 -4.176470625262558e-22
3.906494140625 -4.640462048134043e-22
3.90673828125 -4.635038444460138e-22
3.906982421875 -4.317539475113951e-22
3.9072265625 -4.04849237749307e-22
3.907470703125 -4.065365350547052e-22
3.90771484375 -4.297911800376442e-22
3.907958984375 -4.461141842045238e-22
3.908203125 -4.348453674360264e-22
3.908447265625 -4.031309654626897e-22
3.90869140625 -3.690935874123394e-22
3.908935546875 -3.283818165768302e-22
3.9091796875 -2.586140578731063e-22
3.909423828125 -1.627972023108714e-22
3.90966796875 -8.037852839284721e-23
3.909912109375 -3.734271270316261e-23
3.91015625 -1.258830418366592e-23
3.910400390625 2.087588019363337e-23
3.91064453125 4.971384106593514e-23
3.910888671875 5.035584184542211e-23
3.9111328125 3.808142503662881e-23
3.911376953125 3.883008124061565e-23
3.91162109375 3.288610360581848e-23
3.911865234375 -1.466423745533775e-23
3.912109375 -7.634800058655456e-23
3.912353515625 -8.131366478638804e-23
3.91259765625 -1.90689638343929e-23
3.912841796875 4.063981741965684e-23
3.9130859375 5.069790869489368e-23
3.913330078125 4.661223599340679e-23
3.91357421875 7.307748385765506e-23
3.913818359375 1.098997263535027e-22
3.9140625 1.159282370455316e-22
3.914306640625 9.91639295435499e-23
3.91455078125 9.11672589611073e-23
3.914794921875 8.718546755221514e-23
3.9150390625 6.558806711267845e-23
3.915283203125 4.045241276079495e-23
3.91552734375 3.970801217477127e-23
3.915771484375 4.86896367878469e-23
3.916015625 3.019179670163205e-23
3.916259765625 -9.703985146944261e-24
3.91650390625 -2.962519031467667e-23
3.916748046875 -2.169030703386117e-23
3.9169921875 -1.729412621493346e-23
3.917236328125 -2.157209563530599e-23
3.91748046875 1.027768943294817e-24
3.917724609375 6.027709019237304e-23
3.91796875 1.115912892266992e-22
3.918212890625 1.209020490249214e-22
3.91845703125 1.155081966166192e-22
3.918701171875 1.367949078227298e-22
3.9189453125 1.75900746966813e-22
3.919189453125 1.955713796978935e-22
3.91943359375 1.931822362604146e-22
3.919677734375 1.992085585865243e-22
3.919921875 2.223468981302272e-22
3.920166015625 2.370504284994649e-22
3.92041015625 2.281542681030523e-22
3.920654296875 2.126573485997468e-22
3.9208984375 2.06129617552468e-22
3.921142578125 1.965741683012538e-22
3.92138671875 1.705501480750503e-22
3.921630859375 1.447726551517759e-22
3.921875 1.467086548946508e-22
3.922119140625 1.714704154901137e-22
3.92236328125 1.819314885089403e-22
3.922607421875 1.543270082070252e-22
3.9228515625 1.057049907268085e-22
3.923095703125 6.976337533162491e-23
3.92333984375 6.103671803301138e-23
3.923583984375 7.357779727168268e-23
3.923828125 1.010075259191888e-22
3.924072265625 1.395004844108919e-22
3.92431640625 1.768540361898895e-22
3.924560546875 1.990363386041474e-22
3.9248046875 2.097641079073057e-22
3.925048828125 2.26408546217048e-22
3.92529296875 2.521680360611299e-22
3.925537109375 2.696125905164348e-22
3.92578125 2.688666255006115e-22
3.926025390625 2.631322612147322e-22
3.92626953125 2.634555637666665e-22
3.926513671875 2.570102923152799e-22
3.9267578125 2.30820274909008e-22
3.927001953125 2.021974235496303e-22
3.92724609375 1.987319355659339e-22
3.927490234375 2.155519829445183e-22
3.927734375 2.226366599723671e-22
3.927978515625 2.150337928412904e-22
3.92822265625 2.238212421524317e-22
3.928466796875 2.659117531396315e-22
3.9287109375 3.10824179182566e-22
3.928955078125 3.176000139195212e-22
3.92919921875 2.867477106525617e-22
3.929443359375 2.541947182221265e-22
3.9296875 2.448572566884322e-22
3.929931640625 2.524912964763967e-22
3.93017578125 2.588718806358018e-22
3.930419921875 2.534552905290998e-22
3.9306640625 2.354015359904204e-22
3.930908203125 2.112921825937143e-22
3.93115234375 1.916890308535664e-22
3.931396484375 1.807416943051718e-22
3.931640625 1.7196653165439e-22
3.931884765625 1.617045710801192e-22
3.93212890625 1.58210788764459e-22
3.932373046875 1.651852263772114e-22
3.9326171875 1.657573478476236e-22
3.932861328125 1.407596920402398e-22
3.93310546875 9.724774126039412e-23
3.933349609375 5.916118940107191e-23
3.93359375 3.305042396625236e-23
3.933837890625 5.691622138191429e-24
3.93408203125 -2.376093189625817e-23
3.934326171875 -3.551729818153161e-23
3.9345703125 -2.288556391235614e-23
3.934814453125 -1.185477325633845e-23
3.93505859375 -3.034320763956262e-23
3.935302734375 -7.199914874272959e-23
3.935546875 -1.073875413804873e-22
3.935791015625 -1.224471897523693e-22
3.93603515625 -1.29775305009989e-22
3.936279296875 -1.454613079460022e-22
3.9365234375 -1.685783912309997e-22
3.936767578125 -1.849681196515984e-22
3.93701171875 -1.835407963000392e-22
3.937255859375 -1.67047106098895e-22
3.9375 -1.494109479436963e-22
3.937744140625 -1.420159276923592e-22
3.93798828125 -1.426973563232415e-22
3.938232421875 -1.407114328620262e-22
3.9384765625 -1.299861507131746e-22
3.938720703125 -1.120190280396471e-22
3.93896484375 -9.002478118371972e-23
3.939208984375 -6.979458304594183e-23
3.939453125 -6.184528900225246e-23
3.939697265625 -6.84886993701959e-23
3.93994140625 -7.125811822954759e-23
3.940185546875 -4.949845816440175e-23
3.9404296875 -1.341013697922989e-23
3.940673828125 1.074654641881611e-24
3.94091796875 -2.324119705250616e-23
3.941162109375 -6.409415383472089e-23
3.94140625 -9.223086482067484e-23
3.941650390625 -1.060222081976433e-22
3.94189453125 -1.210522489059294e-22
3.942138671875 -1.415038026318316e-22
3.9423828125 -1.581379758070181e-22
3.942626953125 -1.647145376310716e-22
3.94287109375 -1.629158961528768e-22
3.943115234375 -1.581340389581984e-22
3.943359375 -1.588635681833782e-22
3.943603515625 -1.708592826075366e-22
3.94384765625 -1.857328939184991e-22
3.944091796875 -1.88169685590918e-22
3.9443359375 -1.797418038743805e-22
3.944580078125 -1.778373027271099e-22
3.94482421875 -1.839872043752191e-22
3.945068359375 -1.767583868663398e-22
3.9453125 -1.495617814169284e-22
3.945556640625 -1.299368281245407e-22
3.94580078125 -1.397036801132939e-22
3.946044921875 -1.589532529667387e-22
3.9462890625 -1.57017410860688e-22
3.946533203125 -1.399496669686825e-22
3.94677734375 -1.346567694346102e-22
3.947021484375 -1.394798894057324e-22
3.947265625 -1.273928003918251e-22
3.947509765625 -9.394736793841256e-23
3.94775390625 -6.641867809531792e-23
3.947998046875 -6.190479519942776e-23
3.9482421875 -6.720451789621006e-23
3.948486328125 -6.76241182648752e-23
3.94873046875 -6.870146684458956e-23
3.948974609375 -7.789642599873041e-23
3.94921875 -8.600150005752288e-23
3.949462890625 -8.093092819293971e-23
3.94970703125 -6.753451781503177e-23
3.949951171875 -6.257976693406303e-23
3.9501953125 -7.607060451969959e-23
3.950439453125 -1.021118438711718e-22
3.95068359375 -1.235028595940641e-22
3.950927734375 -1.255408361644546e-22
3.951171875 -1.103482631470995e-22
3.951416015625 -9.44589261242594e-23
3.95166015625 -8.828553336850343e-23
3.951904296875 -8.631196553483616e-23
3.9521484375 -8.281353322599698e-23
3.952392578125 -8.323833787561283e-23
3.95263671875 -8.986653237907219e-23
3.952880859375 -9.250738201549867e-23
3.953125 -8.808052303225909e-23
3.953369140625 -9.228155025477067e-23
3.95361328125 -1.135484442059278e-22
3.953857421875 -1.336669919612261e-22
3.9541015625 -1.36503665285495e-22
3.954345703125 -1.363992381428502e-22
3.95458984375 -1.498853757643899e-22
3.954833984375 -1.590571279974616e-22
3.955078125 -1.396464363729447e-22
3.955322265625 -1.101416865035063e-22
3.95556640625 -1.096564602348999e-22
3.955810546875 -1.346120362105284e-22
3.9560546875 -1.436449621165167e-22
3.956298828125 -1.250820704003392e-22
3.95654296875 -1.116811402881458e-22
3.956787109375 -1.204980604914437e-22
3.95703125 -1.253018599275318e-22
3.957275390625 -1.052900912893597e-22
3.95751953125 -7.859222952431144e-23
3.957763671875 -6.481096028282765e-23
3.9580078125 -5.087634151687913e-23
3.958251953125 -1.995296116316308e-23
3.95849609375 1.608542798487308e-23
3.958740234375 3.915315531403997e-23
3.958984375 5.380958375581478e-23
3.959228515625 6.818538475259982e-23
3.95947265625 7.023176505677086e-23
3.959716796875 5.018820857398939e-23
3.9599609375 2.648317108888048e-23
3.960205078125 2.153736813591579e-23
3.96044921875 2.775555947707896e-23
3.960693359375 2.388323722968112e-23
3.9609375 1.131450375566778e-23
3.961181640625 7.834481704724918e-24
3.96142578125 1.602465200488141e-23
3.961669921875 2.346295585384817e-23
3.9619140625 2.698926445883354e-23
3.962158203125 3.344864882161995e-23
3.96240234375 4.160264753814397e-23
3.962646484375 4.429616982437089e-23
3.962890625 4.446590868177237e-23
3.963134765625 5.022784939986588e-23
3.96337890625 5.812280317962593e-23
3.963623046875 5.879363720978474e-23
3.9638671875 5.507351388995421e-23
3.964111328125 5.682953405058558e-23
3.96435546875 6.11766957781393e-23
3.964599609375 5.566088889217859e-23
3.96484375 4.006129147704727e-23
3.965087890625 2.839717828507214e-23
3.96533203125 2.823391427816311e-23
3.965576171875 3.243329006004814e-23
3.9658203125 3.368837863688959e-23
3.966064453125 3.498082796554956e-23
3.96630859375 4.213621522608401e-23
3.966552734375 5.492646717377631e-23
3.966796875 6.866903290165128e-23
3.967041015625 7.887417500769011e-23
3.96728515625 8.315487880267047e-23
3.967529296875 8.288181033923225e-23
3.9677734375 8.265388713062758e-23
3.968017578125 8.519567465450688e-23
3.96826171875 8.913395079721345e-23
3.968505859375 9.401166455567283e-23
3.96875 1.022668539904365e-22
3.968994140625 1.125984982167704e-22
3.96923828125 1.179368998232945e-22
3.969482421875 1.156245657924532e-22
3.9697265625 1.133370241966369e-22
3.969970703125 1.180941582813766e-22
3.97021484375 1.250321618727199e-22
3.970458984375 1.247664459261414e-22
3.970703125 1.172940344620363e-22
3.970947265625 1.103703829967645e-22
3.97119140625 1.07298481286383e-22
3.971435546875 1.046721184433372e-22
3.9716796875 1.008974397223495e-22
3.971923828125 9.937560184232734e-23
3.97216796875 1.025946278013128e-22
3.972412109375 1.08475700800821e-22
3.97265625 1.13838830795306e-22
3.972900390625 1.181108466085095e-22
3.97314453125 1.223420743809791e-22
3.973388671875 1.262436228474498e-22
3.9736328125 1.275688460049809e-22
3.973876953125 1.250912349647408e-22
3.97412109375 1.217800098281335e-22
3.974365234375 1.223384175294863e-22
3.974609375 1.262868128163752e-22
3.974853515625 1.27379887969426e-22
3.97509765625 1.229153909290709e-22
3.975341796875 1.187868115303124e-22
3.9755859375 1.202037522731946e-22
3.975830078125 1.226071381363311e-22
3.97607421875 1.191909571638326e-22
3.976318359375 1.127899026182584e-22
3.9765625 1.110243454141917e-22
3.976806640625 1.131706092352567e-22
3.97705078125 1.123841234286378e-22
3.977294921875 1.087062173053721e-22
3.9775390625 1.084797914081359e-22
3.977783203125 1.115729737821483e-22
3.97802734375 1.106826862785541e-22
3.978271484375 1.039087582365984e-22
3.978515625 9.703666986475767e-23
3.978759765625 9.22712951075302e-23
3.97900390625 8.557175990139355e-23
3.979248046875 7.676384123634756e-23
3.9794921875 7.148681645048865e-23
3.979736328125 7.071215944029538e-23
3.97998046875 6.849605227465773e-23
3.980224609375 6.272893768407997e-23
3.98046875 5.84161896252386e-23
3.980712890625 5.771614622114907e-23
3.98095703125 5.625047623418113e-23
3.981201171875 5.207417314220201e-23
3.9814453125 4.917186201820232e-23
3.981689453125 4.924898602520795e-23
3.98193359375 4.869103295856029e-23
3.982177734375 4.613326226140838e-23
3.982421875 4.464068587658865e-23
3.982666015625 4.437939523810753e-23
3.98291015625 4.166446867602651e-23
3.983154296875 3.701277575508399e-23
3.9833984375 3.537794769173843e-23
3.983642578125 3.675978049785708e-23
3.98388671875 3.552388977133893e-23
3.984130859375 3.058928015696339e-23
3.984375 2.707490433638783e-23
3.984619140625 2.622716893035467e-23
3.98486328125 2.323180151410245e-23
3.985107421875 1.697834201736404e-23
3.9853515625 1.249398839129467e-23
3.985595703125 1.142488442738471e-23
3.98583984375 9.31156305679633e-24
3.986083984375 4.540513185098962e-24
3.986328125 9.382828441840423e-25
3.986572265625 -6.571569811197529e-25
3.98681640625 -4.376164271847099e-24
3.987060546875 -1.079519542988364e-23
3.9873046875 -1.532530650690222e-23
3.987548828125 -1.706760584878155e-23
3.98779296875 -2.050964287338835e-23
3.988037109375 -2.667355006857947e-23
3.98828125 -3.137399518073867e-23
3.988525390625 -3.379164257272642e-23
3.98876953125 -3.784596213501825e-23
3.989013671875 -4.369256018415732e-23
3.9892578125 -4.697484420113906e-23
3.989501953125 -4.780360158903717e-23
3.98974609375 -5.120691579568466e-23
3.989990234375 -5.74558891741576e-23
3.990234375 -6.138255226408844e-23
3.990478515625 -6.240592602439798e-23
3.99072265625 -6.550695488367107e-23
3.990966796875 -7.112010936850656e-23
3.9912109375 -7.409003522424679e-23
3.991455078125 -7.398722609166336e-23
3.99169921875 -7.626870989715433e-23
3.991943359375 -8.167201411333104e-23
3.9921875 -8.470292485748468e-23
3.992431640625 -8.431711747579224e-23
3.99267578125 -8.580314668828946e-23
3.992919921875 -9.025973402135558e-23
3.9931640625 -9.254854393471885e-23
3.993408203125 -9.166238694981466e-23
3.99365234375 -9.280328293831655e-23
3.993896484375 -9.705472936569505e-23
3.994140625 -9.92325030941488e-23
3.994384765625 -9.816970396158146e-23
3.99462890625 -9.896118567231534e-23
3.994873046875 -1.027846193279863e-22
3.9951171875 -1.046262731216583e-22
3.995361328125 -1.033526925571396e-22
3.99560546875 -1.039452372093039e-22
3.995849609375 -1.074758850520162e-22
3.99609375 -1.08919723800795e-22
3.996337890625 -1.071788593083024e-22
3.99658203125 -1.072528493884432e-22
3.996826171875 -1.102173070671171e-22
3.9970703125 -1.110728564715181e-22
3.997314453125 -1.087757320197708e-22
3.99755859375 -1.083699242834176e-22
3.997802734375 -1.109250939253934e-22
3.998046875 -1.113967540380302e-22
3.998291015625 -1.087128110028173e-22
3.99853515625 -1.07933452749164e-22
3.998779296875 -1.101522011283818e-22
3.9990234375 -1.103137219111353e-22
3.999267578125 -1.073137700108029e-22
3.99951171875 -1.06197236586689e-22
3.999755859375 -1.080621633166868e-22
