domain units: sec
measurement data type: double
segment length (sec): 4
sampling rate (Hz): 4096
domain bounds (sec): [0, 4)
support bounds (sec): [0, 4)support indexes: [0, 16384)
---------------
domainValue measuredValue
0 -1.081333006944253e-22
0.000244140625 -1.047250598066442e-22
0.00048828125 -1.031738472070073e-22
0.000732421875 -1.046401520700154e-22
0.0009765625 -1.040599598396509e-22
0.001220703125 -1.002719662365469e-22
0.00146484375 -9.834526965036027e-23
0.001708984375 -9.944672956364791e-23
0.001953125 -9.850703218160047e-23
0.002197265625 -9.435903701139273e-23
0.00244140625 -9.207801767398193e-23
0.002685546875 -9.283743591448855e-23
0.0029296875 -9.156234131267607e-23
0.003173828125 -8.707955070781212e-23
0.00341796875 -8.447062988843108e-23
0.003662109375 -8.491573679905442e-23
0.00390625 -8.333424026670243e-23
0.004150390625 -7.854681880367327e-23
0.00439453125 -7.564122979951776e-23
0.004638671875 -7.580432176027652e-23
0.0048828125 -7.394988609460862e-23
0.005126953125 -6.889244033045445e-23
0.00537109375 -6.572571894823203e-23
0.005615234375 -6.564318911245724e-23
0.005859375 -6.35532450068807e-23
0.006103515625 -5.826426724245636e-23
0.00634765625 -5.487568971453009e-23
0.006591796875 -5.458748217369092e-23
0.0068359375 -5.23028626806838e-23
0.007080078125 -4.682412893612713e-23
0.00732421875 -4.325610111439242e-23
0.007568359375 -4.280510590317857e-23
0.0078125 -4.036942728241593e-23
0.008056640625 -3.474535321935822e-23
0.00830078125 -3.104275801524322e-23
0.008544921875 -3.047415998040039e-23
0.0087890625 -2.793316029039478e-23
0.009033203125 -2.221012254250534e-23
0.00927734375 -1.841963435880192e-23
0.009521484375 -1.778022763795049e-23
0.009765625 -1.518107421361328e-23
0.010009765625 -9.40670631335618e-24
0.01025390625 -5.576082244090296e-24
0.010498046875 -4.913561755261194e-24
0.0107421875 -2.30413873318762e-24
0.010986328125 3.473388273958737e-24
0.01123046875 7.296030093520454e-24
0.011474609375 7.933788839839055e-24
0.01171875 1.050560174961284e-23
0.011962890625 1.623830344465674e-23
0.01220703125 2.000520764089429e-23
0.012451171875 2.057086916880574e-23
0.0126953125 2.305791550531092e-23
0.012939453125 2.869871225267574e-23
0.01318359375 3.236320138889608e-23
0.013427734375 3.28106802385816e-23
0.013671875 3.516723220582443e-23
0.013916015625 4.067065064139647e-23
0.01416015625 4.418782110259504e-23
0.014404296875 4.447297035613223e-23
0.0146484375 4.665541012768723e-23
0.014892578125 5.197825753751603e-23
0.01513671875 5.53056457618646e-23
0.015380859375 5.538691371487134e-23
0.015625 5.735438036280968e-23
0.015869140625 6.245638193435252e-23
0.01611328125 6.555459109745807e-23
0.016357421875 6.539363623046511e-23
0.0166015625 6.710862859797076e-23
0.016845703125 7.195301810940422e-23
0.01708984375 7.47862959920139e-23
0.017333984375 7.43485510856286e-23
0.017578125 7.577747764396811e-23
0.017822265625 8.033153288814878e-23
0.01806640625 8.286829242538029e-23
0.018310546875 8.212346948343913e-23
0.0185546875 8.323713706361665e-23
0.018798828125 8.747265216732501e-23
0.01904296875 8.968592707357935e-23
0.019287109375 8.860845565760264e-23
0.01953125 8.938248991297615e-23
0.019775390625 9.32761776939899e-23
0.02001953125 9.514400656726639e-23
0.020263671875 9.371339919004973e-23
0.0205078125 9.412859071413745e-23
0.020751953125 9.766240930197864e-23
0.02099609375 9.916814271771514e-23
0.021240234375 9.736928207838335e-23
0.021484375 9.741185325603656e-23
0.021728515625 1.00573252369497e-22
0.02197265625 1.017057786598028e-22
0.022216796875 9.952912270991132e-23
0.0224609375 9.919091160246994e-23
0.022705078125 1.019729951097262e-22
0.02294921875 1.027268817701655e-22
0.023193359375 1.001685838623151e-22
0.0234375 9.944714269971024e-23
0.023681640625 1.018487453658511e-22
0.02392578125 1.022242943195503e-22
0.024169921875 9.928623698727878e-23
0.0244140625 9.818484414306425e-23
0.024658203125 1.002105217752733e-22
0.02490234375 1.002137380331612e-22
0.025146484375 9.690348026396154e-23
0.025390625 9.543106590312946e-23
0.025634765625 9.709099941571996e-23
0.02587890625 9.673347398219435e-23
0.026123046875 9.306411315460351e-23
0.0263671875 9.123510004897025e-23
0.026611328125 9.25449152689072e-23
0.02685546875 9.184362443419684e-23
0.027099609375 8.783357537519525e-23
0.02734375 8.566763765749014e-23
0.027587890625 8.664814395629098e-23
0.02783203125 8.562516837080511e-23
0.028076171875 8.129786323206192e-23
0.0283203125 7.881960708839089e-23
0.028564453125 7.949645913941279e-23
0.02880859375 7.817862726251384e-23
0.029052734375 7.35621410946855e-23
0.029296875 7.080071255759148e-23
0.029541015625 7.120400066041443e-23
0.02978515625 6.962246229845254e-23
0.030029296875 6.474907030426089e-23
0.0302734375 6.173769638770683e-23
0.030517578125 6.190147185672344e-23
0.03076171875 6.009120853625958e-23
0.031005859375 5.499688198917068e-23
0.03125 5.17723523866666e-23
0.031494140625 5.173409545343119e-23
0.03173828125 4.973337529994797e-23
0.031982421875 4.445722401112126e-23
0.0322265625 4.105932144441115e-23
0.032470703125 4.08593599588453e-23
0.03271484375 3.870914555565434e-23
0.032958984375 3.329281554443709e-23
0.033203125 2.97637035901625e-23
0.033447265625 2.944459151226948e-23
0.03369140625 2.718790988686202e-23
0.033935546875 2.167494554832822e-23
0.0341796875 1.805852337327509e-23
0.034423828125 1.76643886143852e-23
0.03466796875 1.534567303079188e-23
0.034912109375 9.780853588649762e-24
0.03515625 6.122087481935088e-24
0.035400390625 5.69795907489131e-24
0.03564453125 3.362372693125584e-24
0.035888671875 -2.20896692915849e-24
0.0361328125 -5.864725032299808e-24
0.036376953125 -6.273600187128922e-24
0.03662109375 -8.580848494716481e-24
0.036865234375 -1.411350206190368e-23
0.037109375 -1.772119871946468e-23
0.037353515625 -1.807003917400212e-23
0.03759765625 -2.030437648756414e-23
0.037841796875 -2.575394574425422e-23
0.0380859375 -2.926950247103517e-23
0.038330078125 -2.951466530252865e-23
0.03857421875 -3.163282352370418e-23
0.038818359375 -3.695638215794878e-23
0.0390625 -4.03373540372417e-23
0.039306640625 -4.043698756331847e-23
0.03955078125 -4.239764945122792e-23
0.039794921875 -4.755438177653493e-23
0.0400390625 -5.076058835961402e-23
0.040283203125 -5.067525473755299e-23
0.04052734375 -5.243966746516172e-23
0.040771484375 -5.739147229454734e-23
0.041015625 -6.038559139117523e-23
0.041259765625 -6.007884984288956e-23
0.04150390625 -6.161139696175983e-23
0.041748046875 -6.632344771681441e-23
0.0419921875 -6.907156328346149e-23
0.042236328125 -6.851050532473091e-23
0.04248046875 -6.977922869607693e-23
0.042724609375 -7.422048149619757e-23
0.04296875 -7.669257756234421e-23
0.043212890625 -7.58483063793055e-23
0.04345703125 -7.682537042385008e-23
0.043701171875 -8.096901272458935e-23
0.0439453125 -8.313940614968658e-23
0.044189453125 -8.198745314539832e-23
0.04443359375 -8.264954467102336e-23
0.044677734375 -8.647337795284467e-23
0.044921875 -8.83210837637994e-23
0.045166015625 -8.684175627896742e-23
0.04541015625 -8.717041414951188e-23
0.045654296875 -9.065716518466872e-23
0.0458984375 -9.216618929117483e-23
0.046142578125 -9.03448445705984e-23
0.04638671875 -9.03267145656328e-23
0.046630859375 -9.346427089530033e-23
0.046875 -9.462382610158858e-23
0.047119140625 -9.245106771500302e-23
0.04736328125 -9.207807908221039e-23
0.047607421875 -9.485964550145931e-23
0.0478515625 -9.566428791102177e-23
0.048095703125 -9.313608202623067e-23
0.04833984375 -9.240554342753708e-23
0.048583984375 -9.482971748422382e-23
0.048828125 -9.527940161041536e-23
0.049072265625 -9.239711173980017e-23
0.04931640625 -9.131172552108036e-23
0.049560546875 -9.338249126791965e-23
0.0498046875 -9.348254339975885e-23
0.050048828125 -9.025288347961528e-23
0.05029296875 -8.882067843313351e-23
0.050537109375 -9.054731891119484e-23
0.05078125 -9.030832952115924e-23
0.051025390625 -8.674323641823048e-23
0.05126953125 -8.497742043801532e-23
0.051513671875 -8.637435059596936e-23
0.0517578125 -8.581198779656631e-23
0.052001953125 -8.192841554874515e-23
0.05224609375 -7.984715078335354e-23
0.052490234375 -8.093367373152894e-23
0.052734375 -8.006842097141856e-23
0.052978515625 -7.58880602418676e-23
0.05322265625 -7.351416450832994e-23
0.053466796875 -7.431415515197396e-23
0.0537109375 -7.317097747276921e-23
0.053955078125 -6.871990481088886e-23
0.05419921875 -6.608048413073701e-23
0.054443359375 -6.662200530587086e-23
0.0546875 -6.522994954051241e-23
0.054931640625 -6.053821208288827e-23
0.05517578125 -5.766423021972647e-23
0.055419921875 -5.797908745148743e-23
0.0556640625 -5.637082271867637e-23
0.055908203125 -5.147196491278625e-23
0.05615234375 -4.839775671582207e-23
0.056396484375 -4.852099861859485e-23
0.056640625 -4.67323043407236e-23
0.056884765625 -4.166284411999415e-23
0.05712890625 -3.842558029577308e-23
0.057373046875 -3.839495242348977e-23
0.0576171875 -3.646416185521051e-23
0.057861328125 -3.12630244235146e-23
0.05810546875 -2.790213605686161e-23
0.058349609375 -2.775749667923528e-23
0.05859375 -2.57249045691203e-23
0.058837890625 -2.043282255566431e-23
0.05908203125 -1.698939427051894e-23
0.059326171875 -1.677210108709525e-23
0.0595703125 -1.467934459692782e-23
0.059814453125 -9.338233809910859e-24
0.06005859375 -5.854374893389571e-24
0.060302734375 -5.606652094600407e-24
0.060546875 -3.496074462509346e-24
0.060791015625 1.851605204203716e-24
0.06103515625 5.333402101624487e-24
0.061279296875 5.569106764022804e-24
0.0615234375 7.655100113817769e-24
0.061767578125 1.296698888705508e-23
0.06201171875 1.640449171947443e-23
0.062255859375 1.658615008435161e-23
0.0625 1.860573321361792e-23
0.062744140625 2.384021099463908e-23
0.06298828125 2.719208520641139e-23
0.063232421875 2.727872235178313e-23
0.0634765625 2.919127856998475e-23
0.063720703125 3.430809018611521e-23
0.06396484375 3.753451891776869e-23
0.064208984375 3.748682776940417e-23
0.064453125 3.925355801844218e-23
0.064697265625 4.421441478476908e-23
0.06494140625 4.727769309895919e-23
0.065185546875 4.705862079534807e-23
0.0654296875 4.864312155855088e-23
0.065673828125 5.341227016427258e-23
0.06591796875 5.62773644283257e-23
0.066162109375 5.585266170870256e-23
0.06640625 5.722146384898737e-23
0.066650390625 6.176621411956812e-23
0.06689453125 6.440127824984328e-23
0.067138671875 6.374000373242249e-23
0.0673828125 6.48630642960738e-23
0.067626953125 6.915426804421034e-23
0.06787109375 7.153110900922125e-23
0.068115234375 7.060608094746745e-23
0.068359375 7.145722071897791e-23
0.068603515625 7.546969467408575e-23
0.06884765625 7.756418045678251e-23
0.069091796875 7.635236939108008e-23
0.0693359375 7.690964983932e-23
0.069580078125 8.062253652435316e-23
0.06982421875 8.241494064663481e-23
0.070068359375 8.089779729405369e-23
0.0703125 8.114383149700767e-23
0.070556640625 8.454089288933499e-23
0.07080078125 8.601617058962231e-23
0.071044921875 8.417988432107997e-23
0.0712890625 8.410207748105438e-23
0.071533203125 8.717191733561659e-23
0.07177734375 8.831990954775881e-23
0.072021484375 8.615559387430858e-23
0.072265625 8.574631012172124e-23
0.072509765625 8.848252193380328e-23
0.07275390625 8.929808432648711e-23
0.072998046875 8.680188693799992e-23
0.0732421875 8.605854025308917e-23
0.073486328125 8.845977897780375e-23
0.07373046875 8.894283446082402e-23
0.073974609375 8.611597051392575e-23
0.07421875 8.504103875456097e-23
0.074462890625 8.711101556313901e-23
0.07470703125 8.726652983295714e-23
0.074951171875 8.411523835304891e-23
0.0751953125 8.271620054560485e-23
0.075439453125 8.446360106706139e-23
0.07568359375 8.430148193114929e-23
0.075927734375 8.083690635793604e-23
0.076171875 7.912610456919373e-23
0.076416015625 8.056443222228686e-23
0.07666015625 8.009935459229691e-23
0.076904296875 7.633734964188713e-23
0.0771484375 7.433177788561505e-23
0.077392578125 7.547912503263801e-23
0.07763671875 7.473028459299275e-23
0.077880859375 7.069115271506461e-23
0.078125 6.841217644019777e-23
0.078369140625 6.929092717425234e-23
0.07861328125 6.828172679864631e-23
0.078857421875 6.398988855787663e-23
0.0791015625 6.146289929971249e-23
0.079345703125 6.209936869445347e-23
0.07958984375 6.085704268201697e-23
0.079833984375 5.634064637320399e-23
0.080078125 5.359465710939187e-23
0.080322265625 5.401867269979257e-23
0.08056640625 5.257385482054074e-23
0.080810546875 4.786433152220344e-23
0.0810546875 4.493151914726387e-23
0.081298828125 4.517595125775741e-23
0.08154296875 4.356219341983095e-23
0.081787109375 3.869376448826751e-23
0.08203125 3.560896659118802e-23
0.082275390625 3.570921487123647e-23
0.08251953125 3.396246393835022e-23
0.082763671875 2.897160863159882e-23
0.0830078125 2.57717824194731e-23
0.083251953125 2.576522657540098e-23
0.08349609375 2.392326746147749e-23
0.083740234375 1.88481589504565e-23
0.083984375 1.557181069768796e-23
0.084228515625 1.549723391444377e-23
0.08447265625 1.359910755509449e-23
0.084716796875 8.479026019307491e-24
0.0849609375 5.165619829063955e-24
0.085205078125 5.062613749441922e-24
0.08544921875 3.148018890173428e-24
0.085693359375 -1.977249298351485e-24
0.0859375 -5.287894361588019e-24
0.086181640625 -5.379533994983132e-24
0.08642578125 -7.270846050740432e-24
0.086669921875 -1.236161388309633e-23
0.0869140625 -1.562992909744098e-23
0.087158203125 -1.567080693346863e-23
0.08740234375 -1.749963540971042e-23
0.087646484375 -2.251691633445871e-23
0.087890625 -2.570418187475995e-23
0.088134765625 -2.565589841548733e-23
0.08837890625 -2.738418485161134e-23
0.088623046875 -3.229028031775559e-23
0.0888671875 -3.535920801921311e-23
0.089111328125 -3.518493706916954e-23
0.08935546875 -3.677633689395149e-23
0.089599609375 -4.15354015005707e-23
0.08984375 -4.445069307284715e-23
0.090087890625 -4.411573250809231e-23
0.09033203125 -4.553615783123624e-23
0.090576171875 -5.011473362272326e-23
0.0908203125 -5.284360596879213e-23
0.091064453125 -5.23158936031187e-23
0.09130859375 -5.353401913253462e-23
0.091552734375 -5.790153108583261e-23
0.091796875 -6.041420091766476e-23
0.092041015625 -5.966478781100786e-23
0.09228515625 -6.065251240085166e-23
0.092529296875 -6.478171777672027e-23
0.0927734375 -6.705183837359701e-23
0.093017578125 -6.605531260879573e-23
0.09326171875 -6.678816965123149e-23
0.093505859375 -7.065555461545467e-23
0.09375 -7.266059832984878e-23
0.093994140625 -7.139545306764525e-23
0.09423828125 -7.18529637486996e-23
0.094482421875 -7.543908149959021e-23
0.0947265625 -7.716066246820765e-23
0.094970703125 -7.560960296426631e-23
0.09521484375 -7.577556729862231e-23
0.095458984375 -7.906531285121294e-23
0.095703125 -8.048944530150332e-23
0.095947265625 -7.863963051982798e-23
0.09619140625 -7.850235204678295e-23
0.096435546875 -8.148516980745858e-23
0.0966796875 -8.260245834825093e-23
0.096923828125 -8.044567381773852e-23
0.09716796875 -7.99981148660027e-23
0.097412109375 -8.266813616880364e-23
0.09765625 -8.347389550228116e-23
0.097900390625 -8.10066551216933e-23
0.09814453125 -8.02465206183125e-23
0.098388671875 -8.260262946975826e-23
0.0986328125 -8.309693204456415e-23
0.098876953125 -8.032050762978921e-23
0.09912109375 -7.9250256521883e-23
0.099365234375 -8.129608289843547e-23
0.099609375 -8.148373412377225e-23
0.099853515625 -7.840411259303713e-23
0.10009765625 -7.703089705360458e-23
0.100341796875 -7.877473819811116e-23
0.1005859375 -7.866517993952738e-23
0.100830078125 -7.529294913061157e-23
0.10107421875 -7.362848281454047e-23
0.101318359375 -7.508315406834159e-23
0.1015625 -7.469029823071255e-23
0.101806640625 -7.104046342247438e-23
0.10205078125 -6.910082110957354e-23
0.102294921875 -7.028343887907171e-23
0.1025390625 -6.962543393477831e-23
0.102783203125 -6.571716818719674e-23
0.10302734375 -6.352252017938539e-23
0.103271484375 -6.445422065365429e-23
0.103515625 -6.355315497826592e-23
0.103759765625 -5.940948739509935e-23
0.10400390625 -5.69837730094429e-23
0.104248046875 -5.768937120373324e-23
0.1044921875 -5.657091802261674e-23
0.104736328125 -5.221836496384475e-23
0.10498046875 -4.958891036731033e-23
0.105224609375 -5.009650495177801e-23
0.10546875 -4.878951456501906e-23
0.105712890625 -4.425765967884423e-23
0.10595703125 -4.14547461311199e-23
0.106201171875 -4.179527630171863e-23
0.1064453125 -4.033132202866817e-23
0.106689453125 -3.565235172252252e-23
0.10693359375 -3.270874101794282e-23
0.107177734375 -3.291550236539615e-23
0.107421875 -3.132838732293207e-23
0.107666015625 -2.653658893870739e-23
0.10791015625 -2.348701345656468e-23
0.108154296875 -2.359514037960145e-23
0.1083984375 -2.192037276977e-23
0.108642578125 -1.705160326108172e-23
0.10888671875 -1.393222853665489e-23
0.109130859375 -1.397815121867229e-23
0.109375 -1.225239624404251e-23
0.109619140625 -7.343529565083338e-24
0.10986328125 -4.191397674332465e-24
0.110107421875 -4.212281991789923e-24
0.1103515625 -2.472798834105534e-24
0.110595703125 2.438839465037442e-24
0.11083984375 5.586377161227903e-24
0.111083984375 5.55319820990493e-24
0.111328125 7.269125724308096e-24
0.111572265625 1.214632804604602e-23
0.11181640625 1.525218013005239e-23
0.112060546875 1.51697747971947e-23
0.1123046875 1.682540516577059e-23
0.112548828125 2.163164688427194e-23
0.11279296875 2.465954442446292e-23
0.113037109375 2.449194175275054e-23
0.11328125 2.605163179545614e-23
0.113525390625 3.075162318284527e-23
0.11376953125 3.366666707446029e-23
0.114013671875 3.337939914264406e-23
0.1142578125 3.480914063390429e-23
0.114501953125 3.936935736779791e-23
0.11474609375 4.213854222583212e-23
0.114990234375 4.169916094160302e-23
0.115234375 4.296708981133703e-23
0.115478515625 4.735627410197436e-23
0.11572265625 4.994898085415249e-23
0.115966796875 4.932754155945048e-23
0.1162109375 5.040441205294057e-23
0.116455078125 5.459403691118996e-23
0.11669921875 5.698248675083317e-23
0.116943359375 5.615199144479323e-23
0.1171875 5.701160819858917e-23
0.117431640625 6.097629796062666e-23
0.11767578125 6.313596094019584e-23
0.117919921875 6.20727545716498e-23
0.1181640625 6.269235623466138e-23
0.118408203125 6.64102571555259e-23
0.11865234375 6.832020942177983e-23
0.118896484375 6.700432344655134e-23
0.119140625 6.736491224113811e-23
0.119384765625 7.081800775665202e-23
0.11962890625 7.246123223651351e-23
0.119873046875 7.087667046290386e-23
0.1201171875 7.096328292814597e-23
0.120361328125 7.413764905048461e-23
0.12060546875 7.550127528007562e-23
0.120849609375 7.363623792598932e-23
0.12109375 7.343815300124113e-23
0.121337890625 7.632415024425806e-23
0.12158203125 7.739962997838709e-23
0.121826171875 7.524667282155483e-23
0.1220703125 7.475755439853871e-23
0.122314453125 7.734995361037756e-23
0.12255859375 7.813316984150773e-23
0.122802734375 7.568929634527824e-23
0.123046875 7.490726842640084e-23
0.123291015625 7.720530892378513e-23
0.12353515625 7.76966169628212e-23
0.123779296875 7.496330228880909e-23
0.1240234375 7.389095592266646e-23
0.124267578125 7.58983353579826e-23
0.12451171875 7.610253566841907e-23
0.124755859375 7.308568252798719e-23
0.125 7.173001473422725e-23
0.125244140625 7.34548111672589e-23
0.12548828125 7.338105468349886e-23
0.125732421875 7.009088201684213e-23
0.1259765625 6.846316794587517e-23
0.126220703125 6.991769562096023e-23
0.12646484375 6.957932330510789e-23
0.126708984375 6.603018979386554e-23
0.126953125 6.414579037674565e-23
0.127197265625 6.534639170760352e-23
0.12744140625 6.476071109131699e-23
0.127685546875 6.097087649269228e-23
0.1279296875 5.884898480744945e-23
0.128173828125 5.981576203095507e-23
0.12841796875 5.900376443500916e-23
0.128662109375 5.499509265767475e-23
0.12890625 5.265842315602256e-23
0.129150390625 5.341491401825132e-23
0.12939453125 5.240093702817188e-23
0.129638671875 4.819854573877012e-23
0.1298828125 4.567297132760034e-23
0.130126953125 4.624577399718799e-23
0.13037109375 4.505711458547177e-23
0.130615234375 4.06889769263214e-23
0.130859375 3.800311966917068e-23
0.131103515625 3.842147282206273e-23
0.13134765625 3.708795723404223e-23
0.131591796875 3.258446193608061e-23
0.1318359375 2.976924381941517e-23
0.132080078125 3.006456849430083e-23
0.13232421875 2.861808564498417e-23
0.132568359375 2.401156242471533e-23
0.1328125 2.10997232124847e-23
0.133056640625 2.130513358821107e-23
0.13330078125 1.977913924227229e-23
0.133544921875 1.510335686869525e-23
0.1337890625 1.212894653776743e-23
0.134033203125 1.227873722475464e-23
0.13427734375 1.070773664369949e-23
0.134521484375 5.997381443886013e-24
0.134765625 2.995235046142135e-24
0.135009765625 3.124352807056782e-24
0.13525390625 1.543369840782156e-24
0.135498046875 -3.166487324509987e-24
0.1357421875 -6.16128429552463e-24
0.135986328125 -6.01777627915268e-24
0.13623046875 -7.573735508801345e-24
0.136474609375 -1.224817562865148e-23
0.13671875 -1.520082318036743e-23
0.136962890625 -1.500828030194287e-23
0.13720703125 -1.650476093225806e-23
0.137451171875 -2.110954840304317e-23
0.1376953125 -2.398606112650681e-23
0.137939453125 -2.371078346297471e-23
0.13818359375 -2.511440452198124e-23
0.138427734375 -2.961650580376203e-23
0.138671875 -3.238422706809257e-23
0.138916015625 -3.199396862961642e-23
0.13916015625 -3.327292685636578e-23
0.139404296875 -3.76410083858683e-23
0.1396484375 -4.02691018790465e-23
0.139892578125 -3.973355531844097e-23
0.14013671875 -4.085810258214775e-23
0.140380859375 -4.506300045100772e-23
0.140625 -4.752291168127337e-23
0.140869140625 -4.681416119001453e-23
0.14111328125 -4.775704835418809e-23
0.141357421875 -5.177220272467708e-23
0.1416015625 -5.403808358737699e-23
0.141845703125 -5.313101922207756e-23
0.14208984375 -5.38678998428844e-23
0.142333984375 -5.766974764185101e-23
0.142578125 -5.971883774994465e-23
0.142822265625 -5.859152505085449e-23
0.14306640625 -5.910131294029872e-23
0.143310546875 -6.266963303642967e-23
0.1435546875 -6.448259219965808e-23
0.143798828125 -6.311659167122241e-23
0.14404296875 -6.338176708518632e-23
0.144287109375 -6.669997290443908e-23
0.14453125 -6.826115991141646e-23
0.144775390625 -6.664179172299298e-23
0.14501953125 -6.66486517402724e-23
0.145263671875 -6.970402709766757e-23
0.1455078125 -7.100172079491054e-23
0.145751953125 -6.911827091507558e-23
0.14599609375 -6.885712044365568e-23
0.146240234375 -7.164099525362434e-23
0.146484375 -7.266755481264076e-23
0.146728515625 -7.051341969984194e-23
0.14697265625 -6.997870046728579e-23
0.147216796875 -7.248656392583545e-23
0.1474609375 -7.323852612995437e-23
0.147705078125 -7.081129405144897e-23
0.14794921875 -7.00016498931518e-23
0.148193359375 -7.223319968877994e-23
0.1484375 -7.271131204096047e-23
0.148681640625 -7.001278006642136e-23
0.14892578125 -6.893105780395168e-23
0.149169921875 -7.089018489574952e-23
0.1494140625 -7.109937433217173e-23
0.149658203125 -6.813550103313826e-23
0.14990234375 -6.678868721985383e-23
0.150146484375 -6.848339670548476e-23
0.150390625 -6.843267468240267e-23
0.150634765625 -6.52134695487684e-23
0.15087890625 -6.36125643364404e-23
0.151123046875 -6.505483390480182e-23
0.1513671875 -6.47571395927865e-23
0.151611328125 -6.129649113793927e-23
0.15185546875 -5.94563214712999e-23
0.152099609375 -6.06618998797215e-23
0.15234375 -6.013388413556318e-23
0.152587890625 -5.644932958800177e-23
0.15283203125 -5.438830484962439e-23
0.153076171875 -5.5376453769345e-23
0.1533203125 -5.463820744723607e-23
0.153564453125 -5.075064780457752e-23
0.15380859375 -4.849046189638727e-23
0.154052734375 -4.928364531902702e-23
0.154296875 -4.835837631592421e-23
0.154541015625 -4.429174135391509e-23
0.15478515625 -4.185702600115782e-23
0.155029296875 -4.248055218034345e-23
0.1552734375 -4.139421637306051e-23
0.155517578125 -3.717508494548865e-23
0.15576171875 -3.459301973198239e-23
0.156005859375 -3.50746413365327e-23
0.15625 -3.385553324894825e-23
0.156494140625 -2.951271487297332e-23
0.15673828125 -2.681260015252255e-23
0.156982421875 -2.71820789203127e-23
0.1572265625 -2.586038854788312e-23
0.157470703125 -2.142447283383716e-23
0.15771484375 -1.863727220221172e-23
0.157958984375 -1.892591489800048e-23
0.158203125 -1.753325760511842e-23
0.158447265625 -1.303613855180663e-23
0.15869140625 -1.019399799903068e-23
0.158935546875 -1.043417088778397e-23
0.1591796875 -9.003097674316456e-24
0.159423828125 -4.477480203877377e-24
0.15966796875 -1.613231391482241e-24
0.159912109375 -1.837860735228658e-24
0.16015625 -4.013564364050044e-25
0.160400390625 4.119747218214506e-24
0.16064453125 6.973091900403453e-24
0.160888671875 6.731025633423754e-24
0.1611328125 8.140048498216156e-24
0.161376953125 1.26238248182521e-23
0.16162109375 1.543357766889085e-23
0.161865234375 1.514154413136211e-23
0.162109375 1.649074811232193e-23
0.162353515625 2.090508299237489e-23
0.16259765625 2.363937916835024e-23
0.162841796875 2.326579330173306e-23
0.1630859375 2.452390771174426e-23
0.163330078125 2.883787420961115e-23
0.16357421875 3.146615507213077e-23
0.163818359375 3.098085559270967e-23
0.1640625 3.211814967849935e-23
0.164306640625 3.630247542270146e-23
0.16455078125 3.879594974207487e-23
0.164794921875 3.817065370978438e-23
0.1650390625 3.915938415480864e-23
0.165283203125 4.318689135926813e-23
0.16552734375 4.551896743028822e-23
0.165771484375 4.472769406123479e-23
0.166015625 4.554252009660405e-23
0.166259765625 4.938853158051643e-23
0.16650390625 5.153521377441888e-23
0.166748046875 5.055467115701384e-23
0.1669921875 5.117303108030418e-23
0.167236328125 5.481573623873604e-23
0.16748046875 5.675598008856192e-23
0.167724609375 5.556590905694672e-23
0.16796875 5.596835257468884e-23
0.168212890625 5.938912788300792e-23
0.16845703125 6.110514845783626e-23
0.168701171875 5.968861855520548e-23
0.1689453125 5.985909006350846e-23
0.169189453125 6.30427694164225e-23
0.16943359375 6.452029847582604e-23
0.169677734375 6.286395169373964e-23
0.169921875 6.279002038179048e-23
0.170166015625 6.572511135410404e-23
0.17041015625 6.695359957589141e-23
0.170654296875 6.50478383718956e-23
0.1708984375 6.472087186302118e-23
0.171142578125 6.739971482212398e-23
0.17138671875 6.837247625137031e-23
0.171630859375 6.621159321344757e-23
0.171875 6.562687233508649e-23
0.172119140625 6.804574022137337e-23
0.17236328125 6.876003698370809e-23
0.172607421875 6.634228441289497e-23
0.1728515625 6.549905759661024e-23
0.173095703125 6.765819510397895e-23
0.17333984375 6.811526134721719e-23
0.173583984375 6.544285995520843e-23
0.173828125 6.434433669679396e-23
0.174072265625 6.624793851681343e-23
0.17431640625 6.645294347816477e-23
0.174560546875 6.353203033062357e-23
0.1748046875 6.218531407415269e-23
0.175048828125 6.384144280026973e-23
0.17529296875 6.380339382722381e-23
0.175537109375 6.064391059156734e-23
0.17578125 5.905987232558355e-23
0.176025390625 6.048031753355811e-23
0.17626953125 6.021190480088367e-23
0.176513671875 5.682742826538488e-23
0.1767578125 5.502052302034974e-23
0.177001953125 5.622060393393335e-23
0.17724609375 5.573798948324472e-23
0.177490234375 5.21455071885525e-23
0.177734375 5.013353648833929e-23
0.177978515625 5.113185149161583e-23
0.17822265625 5.045440606014379e-23
0.178466796875 4.667404071157516e-23
0.1787109375 4.447786484542273e-23
0.178955078125 4.529599190224804e-23
0.17919921875 4.44459837912749e-23
0.179443359375 4.050067088807788e-23
0.1796875 3.814387562042739e-23
0.179931640625 3.880602839514538e-23
0.18017578125 3.780826934417163e-23
0.180419921875 3.372339315881013e-23
0.1806640625 3.123191617201023e-23
0.180908203125 3.17645613030378e-23
0.18115234375 3.06460149725621e-23
0.181396484375 2.644900862864777e-23
0.181640625 2.385073158724305e-23
0.181884765625 2.428217313656049e-23
0.18212890625 2.307153235091338e-23
0.182373046875 1.879144827360866e-23
0.1826171875 1.611576090025842e-23
0.182861328125 1.647569847887375e-23
0.18310546875 1.520293783281483e-23
0.183349609375 1.086999527265808e-23
0.18359375 8.147338227375752e-24
0.183837890625 8.466405672520525e-24
0.18408203125 7.162316454826282e-24
0.184326171875 2.807433108867049e-24
0.1845703125 6.882675933477784e-26
0.184814453125 3.781185082217282e-25
0.18505859375 -9.261668628079109e-25
0.185302734375 -5.271851894403875e-24
0.185546875 -7.995285537078186e-24
0.185791015625 -7.664693073399311e-24
0.18603515625 -8.938179776803851e-24
0.186279296875 -1.324378435790223e-23
0.1865234375 -1.592129918912058e-23
0.186767578125 -1.553882390193359e-23
0.18701171875 -1.675112925946869e-23
0.187255859375 -2.098650057802404e-23
0.1875 -2.358819612460841e-23
0.187744140625 -2.31242168500453e-23
0.18798828125 -2.424603344044293e-23
0.188232421875 -2.838220715280478e-23
0.1884765625 -3.087948331197309e-23
0.188720703125 -3.030578973363379e-23
0.18896484375 -3.130933003085218e-23
0.189208984375 -3.531896921349567e-23
0.189453125 -3.768495910380736e-23
0.189697265625 -3.697517809460124e-23
0.18994140625 -3.783459389690106e-23
0.190185546875 -4.169240116647048e-23
0.1904296875 -4.390237555197882e-23
0.190673828125 -4.303236752292594e-23
0.19091796875 -4.372413785308948e-23
0.191162109375 -4.740723445361507e-23
0.19140625 -4.943897166439499e-23
0.191650390625 -4.838719097363626e-23
0.19189453125 -4.889047263917906e-23
0.192138671875 -5.237873882635384e-23
0.1923828125 -5.421285465169914e-23
0.192626953125 -5.296066870149999e-23
0.19287109375 -5.325760429919869e-23
0.193115234375 -5.653397596741029e-23
0.193359375 -5.815420863341043e-23
0.193603515625 -5.668617093745541e-23
0.19384765625 -5.676214975939322e-23
0.194091796875 -5.981286694784549e-23
0.1943359375 -6.12063129988129e-23
0.194580078125 -5.951038622620614e-23
0.19482421875 -5.935425426437981e-23
0.195068359375 -6.216905793336052e-23
0.1953125 -6.332635560550291e-23
0.195556640625 -6.139408139027971e-23
0.19580078125 -6.099829743184668e-23
0.196044921875 -6.357057170723847e-23
0.1962890625 -6.448602920110774e-23
0.196533203125 -6.231264233454186e-23
0.19677734375 -6.167337797780016e-23
0.197021484375 -6.400023590861256e-23
0.197265625 -6.467190282150317e-23
0.197509765625 -6.225638830617051e-23
0.19775390625 -6.137357059533655e-23
0.197998046875 -6.345588234239165e-23
0.1982421875 -6.388556339971131e-23
0.198486328125 -6.123065572591581e-23
0.19873046875 -6.010795198717344e-23
0.198974609375 -6.195031524757414e-23
0.19921875 -6.21435263599115e-23
0.199462890625 -5.92556512529699e-23
0.19970703125 -5.790039660172872e-23
0.199951171875 -5.951104995971987e-23
0.2001953125 -5.94769175160434e-23
0.200439453125 -5.636607728366588e-23
0.20068359375 -5.478914614967075e-23
0.200927734375 -5.617982691650488e-23
0.201171875 -5.593093209035646e-23
0.201416015625 -5.261053655927639e-23
0.20166015625 -5.08261604289492e-23
0.201904296875 -5.20119093790178e-23
0.2021484375 -5.156408006032284e-23
0.202392578125 -4.805072591747826e-23
0.20263671875 -4.607626030856304e-23
0.202880859375 -4.707517652355203e-23
0.203125 -4.644723028122281e-23
0.203369140625 -4.276043241461938e-23
0.20361328125 -4.061607686456617e-23
0.203857421875 -4.14490266495669e-23
0.2041015625 -4.066246886735725e-23
0.204345703125 -3.682434802344145e-23
0.20458984375 -3.453282357843115e-23
0.204833984375 -3.522310810250714e-23
0.205078125 -3.430179010155749e-23
0.205322265625 -3.033672182872066e-23
0.20556640625 -2.792291115420054e-23
0.205810546875 -2.849589808246505e-23
0.2060546875 -2.74656406386109e-23
0.206298828125 -2.339987106057458e-23
0.20654296875 -2.089042684726701e-23
0.206787109375 -2.137315176307395e-23
0.20703125 -2.026133993646745e-23
0.207275390625 -1.612257438622442e-23
0.20751953125 -1.354550218953929e-23
0.207763671875 -1.396624604597426e-23
0.2080078125 -1.280140165734578e-23
0.208251953125 -8.61837259500828e-24
0.20849609375 -6.002594613940153e-24
0.208740234375 -6.390443797078555e-24
0.208984375 -5.201782203148425e-24
0.209228515625 -1.003803133723242e-24
0.20947265625 1.621290297726199e-24
0.209716796875 1.236894470248606e-24
0.2099609375 2.419916434842321e-24
0.210205078125 6.603404139129323e-24
0.21044921875 9.208408412791695e-24
0.210693359375 8.798123798858121e-24
0.2109375 9.946261736883048e-24
0.211181640625 1.408614212304964e-23
0.21142578125 1.66420905793532e-23
0.211669921875 1.617712493774023e-23
0.2119140625 1.726179568430316e-23
0.212158203125 2.132972465265023e-23
0.21240234375 2.380853222715476e-23
0.212646484375 2.32610836527733e-23
0.212890625 2.42548020778343e-23
0.213134765625 2.822364013441488e-23
0.21337890625 3.059853164842507e-23
0.213623046875 2.994221199367683e-23
0.2138671875 3.08190091506392e-23
0.214111328125 3.466323388535776e-23
0.21435546875 3.69091504627489e-23
0.214599609375 3.611938530823784e-23
0.21484375 3.685520157916199e-23
0.215087890625 4.055129361328041e-23
0.21533203125 4.264527106650512e-23
0.215576171875 4.169967018910055e-23
0.2158203125 4.227271748523113e-23
0.216064453125 4.579951406333765e-23
0.21630859375 4.772102754550919e-23
0.216552734375 4.659972030787108e-23
0.216796875 4.699080788206112e-23
0.217041015625 5.032981880263829e-23
0.21728515625 5.206108856236147e-23
0.217529296875 5.074701920794153e-23
0.2177734375 5.093983821503531e-23
0.218017578125 5.407551939228286e-23
0.21826171875 5.560177308484692e-23
0.218505859375 5.408095155720624e-23
0.21875 5.406231415046023e-23
0.218994140625 5.698229476858573e-23
0.21923828125 5.829198246161878e-23
0.219482421875 5.655368706654355e-23
0.2197265625 5.631371653238764e-23
0.219970703125 5.90089764816627e-23
0.22021484375 6.00939352345303e-23
0.220458984375 5.81308642170901e-23
0.220703125 5.76631334158011e-23
0.220947265625 6.012812847587669e-23
0.22119140625 6.098369415848807e-23
0.221435546875 5.879206406290136e-23
0.2216796875 5.809368024719066e-23
0.221923828125 6.032641329540486e-23
0.22216796875 6.095147813141433e-23
0.222412109375 5.853106763722834e-23
0.22265625 5.76027025517682e-23
0.222900390625 5.96047399099481e-23
0.22314453125 6.000175506889709e-23
0.223388671875 5.735589383956443e-23
0.2236328125 5.620175884939248e-23
0.223876953125 5.797819172887962e-23
0.22412109375 5.815311513875626e-23
0.224365234375 5.528861806541827e-23
0.224609375 5.391638490674416e-23
0.224853515625 5.547573675524507e-23
0.22509765625 5.543792714805967e-23
0.225341796875 5.236497520903813e-23
0.2255859375 5.078564378952897e-23
0.225830078125 5.213972517176489e-23
0.22607421875 5.190178419736833e-23
0.226318359375 4.863375396982524e-23
0.2265625 4.686146945390819e-23
0.226806640625 4.802518289843503e-23
0.22705078125 4.760274793319127e-23
0.227294921875 4.415599257513758e-23
0.2275390625 4.220781476119521e-23
0.227783203125 4.319891276585153e-23
0.22802734375 4.261040379098751e-23
0.228271484375 3.900398904743677e-23
0.228515625 3.689961776606186e-23
0.228759765625 3.773841786285925e-23
0.22900390625 3.700474248103667e-23
0.229248046875 3.326014194648928e-23
0.2294921875 3.102160287141209e-23
0.229736328125 3.17306642975287e-23
0.22998046875 3.08748855848625e-23
0.230224609375 2.701564006522828e-23
0.23046875 2.466693592113502e-23
0.230712890625 2.527070301641668e-23
0.23095703125 2.431767546142957e-23
0.231201171875 2.036902181284974e-23
0.2314453125 1.79357544782111e-23
0.231689453125 1.84601724225454e-23
0.23193359375 1.743615167521183e-23
0.232177734375 1.342462694704948e-23
0.232421875 1.09335963776493e-23
0.232666015625 1.1405705286556e-23
0.23291015625 1.033793782251128e-23
0.233154296875 6.290964890429404e-24
0.2333984375 3.769751124304629e-24
0.233642578125 4.217264832131415e-24
0.23388671875 3.133563923997227e-24
0.234130859375 -9.209749386524448e-25
0.234375 -3.444440196566432e-24
0.234619140625 -2.993564123795353e-24
0.23486328125 -4.065249548540295e-24
0.235107421875 -8.099444550499587e-24
0.2353515625 -1.05973101288882e-23
0.235595703125 -1.011530249758561e-23
0.23583984375 -1.114731944697327e-23
0.236083984375 -1.513366393946499e-23
0.236328125 -1.757858851675764e-23
0.236572265625 -1.703829606480828e-23
0.23681640625 -1.800371287283458e-23
0.237060546875 -2.191552616267236e-23
0.2373046875 -2.428109809757684e-23
0.237548828125 -2.365639994003265e-23
0.23779296875 -2.452941892823555e-23
0.238037109375 -2.834125476023265e-23
0.23828125 -3.060239600498084e-23
0.238525390625 -2.986860259266063e-23
0.23876953125 -3.062495369304397e-23
0.239013671875 -3.431298816197137e-23
0.2392578125 -3.644633609450297e-23
0.239501953125 -3.55805646035533e-23
0.23974609375 -3.619787394855451e-23
0.239990234375 -3.974026693967392e-23
0.240234375 -4.172452831273587e-23
0.240478515625 -4.070604876756878e-23
0.24072265625 -4.116417665934124e-23
0.240966796875 -4.454140134492869e-23
0.2412109375 -4.635767299981417e-23
0.241455078125 -4.516821990254012e-23
0.24169921875 -4.544956306496923e-23
0.241943359375 -4.864469849534868e-23
0.2421875 -5.027675001856969e-23
0.242431640625 -4.890079480750723e-23
0.24267578125 -4.899054839222374e-23
0.242919921875 -5.198953080551338e-23
0.2431640625 -5.342404490961593e-23
0.243408203125 -5.184902518904206e-23
0.24365234375 -5.173540064232364e-23
0.243896484375 -5.45272297680931e-23
0.244140625 -5.575399684362082e-23
0.244384765625 -5.397049900681011e-23
0.24462890625 -5.364489459758907e-23
0.244873046875 -5.622179193578977e-23
0.2451171875 -5.723385593958083e-23
0.245361328125 -5.523574853679049e-23
0.24560546875 -5.469287008626129e-23
0.245849609375 -5.705038689292779e-23
0.24609375 -5.784414049735766e-23
0.246337890625 -5.562865646826426e-23
0.24658203125 -5.48665865971599e-23
0.246826171875 -5.700366009101145e-23
0.2470703125 -5.757888780757946e-23
0.247314453125 -5.514665449192636e-23
0.24755859375 -5.416686950046618e-23
0.247802734375 -5.608582660732751e-23
0.248046875 -5.644569540391903e-23
0.248291015625 -5.380071205245434e-23
0.24853515625 -5.260804635784961e-23
0.248779296875 -5.431455512047936e-23
0.2490234375 -5.446555286234501e-23
0.249267578125 -5.161511617996099e-23
0.24951171875 -5.02176750446698e-23
0.249755859375 -5.172064463158831e-23
0.25 -5.167246747890941e-23
0.250244140625 -4.862704653098196e-23
0.25048828125 -4.703606860928438e-23
0.250732421875 -4.834749964512477e-23
0.2509765625 -4.811289032287087e-23
0.251220703125 -4.488595291160645e-23
0.25146484375 -4.311562491026971e-23
0.251708984375 -4.425041261003207e-23
0.251953125 -4.384495221649082e-23
0.252197265625 -4.045274557496135e-23
0.25244140625 -3.851997205411594e-23
0.252685546875 -3.949566536274894e-23
0.2529296875 -3.893752209029108e-23
0.253173828125 -3.539881143646949e-23
0.25341796875 -3.332294345811893e-23
0.253662109375 -3.415946406433171e-23
0.25390625 -3.346910285887792e-23
0.254150390625 -2.980487198967223e-23
0.25439453125 -2.760739894328062e-23
0.254638671875 -2.832672464212011e-23
0.2548828125 -2.752658241652099e-23
0.255126953125 -2.375970109314929e-23
0.25537109375 -2.146391058102875e-23
0.255615234375 -2.208972799453409e-23
0.255859375 -2.120385952682802e-23
0.256103515625 -1.735872289906527e-23
0.25634765625 -1.498933404055742e-23
0.256591796875 -1.554666616165681e-23
0.2568359375 -1.460036624417596e-23
0.257080078125 -1.07025119748352e-23
0.25732421875 -8.285287880437318e-24
0.257568359375 -8.800102275442435e-24
0.2578125 -7.819510028619069e-24
0.258056640625 -3.895219104817271e-24
0.25830078125 -1.456564573710674e-24
0.258544921875 -1.955368357834523e-24
0.2587890625 -9.670598781640932e-25
0.259033203125 2.957052672134625e-24
0.25927734375 5.390501969688783e-24
0.259521484375 4.881074085411194e-24
0.259765625 5.85049841407369e-24
0.260009765625 9.747896546395787e-24
0.26025390625 1.214968702944187e-23
0.260498046875 1.160328523514143e-23
0.2607421875 1.252761237610746e-23
0.260986328125 1.637224940387412e-23
0.26123046875 1.871651829930508e-23
0.261474609375 1.810748435489948e-23
0.26171875 1.896129284520343e-23
0.261962890625 2.272801283500807e-23
0.26220703125 2.498988635578337e-23
0.262451171875 2.42936481695252e-23
0.2626953125 2.505269871961515e-23
0.262939453125 2.871762273724613e-23
0.26318359375 3.087359760483458e-23
0.263427734375 3.006704566687266e-23
0.263671875 3.070865214483815e-23
0.263916015625 3.42495434355447e-23
0.26416015625 3.627784590782727e-23
0.264404296875 3.533968582335931e-23
0.2646484375 3.584306095711365e-23
0.264892578125 3.923966348772801e-23
0.26513671875 4.112058041952976e-23
0.265380859375 4.00316561734178e-23
0.265625 4.037822671255768e-23
0.265869140625 4.361257193206595e-23
0.26611328125 4.532874884459287e-23
0.266357421875 4.407233189825717e-23
0.2666015625 4.424601846552468e-23
0.266845703125 4.730269564761602e-23
0.26708984375 4.883939730839304e-23
0.267333984375 4.74014371727789e-23
0.267578125 4.738889459527348e-23
0.267822265625 5.025528070336662e-23
0.26806640625 5.160061031123501e-23
0.268310546875 4.99699428482278e-23
0.2685546875 4.976075738203164e-23
0.268798828125 5.242720303501601e-23
0.26904296875 5.357227675626569e-23
0.269287109375 5.174078712542587e-23
0.26953125 5.1327627664172e-23
0.269775390625 5.378759646976468e-23
0.27001953125 5.472667077114274e-23
0.270263671875 5.268940864868314e-23
0.2705078125 5.206812972633856e-23
0.270751953125 5.431828897764654e-23
0.27099609375 5.504883893896042e-23
0.271240234375 5.280408438045027e-23
0.271484375 5.197377952995525e-23
0.271728515625 5.401404101830403e-23
0.27197265625 5.453678857015493e-23
0.272216796875 5.208606765580334e-23
0.2724609375 5.104907245648499e-23
0.272705078125 5.288258292796874e-23
0.27294921875 5.320147473692639e-23
0.273193359375 5.054952491677218e-23
0.2734375 4.931136984275117e-23
0.273681640625 5.094445140538871e-23
0.27392578125 5.106658690769846e-23
0.274169921875 4.82212727413514e-23
0.2744140625 4.679058669837018e-23
0.274658203125 4.823262825906519e-23
0.27490234375 4.81681391126907e-23
0.275146484375 4.514031986267395e-23
0.275390625 4.352868606006114e-23
0.275634765625 4.479198762400543e-23
0.27587890625 4.45538705956693e-23
0.276123046875 4.135722187294837e-23
0.2763671875 3.95789884089829e-23
0.276611328125 4.0678560797039e-23
0.27685546875 4.028246681443457e-23
0.277099609375 3.693325917818974e-23
0.27734375 3.500530740988157e-23
0.277587890625 3.595863063080988e-23
0.27783203125 3.542261339946235e-23
0.278076171875 3.193945146980144e-23
0.2783203125 2.988092588141434e-23
0.278564453125 3.070767002518843e-23
0.27880859375 3.005189822429525e-23
0.279052734375 2.645542446629347e-23
0.279296875 2.428742833497399e-23
0.279541015625 2.500914142127508e-23
0.27978515625 2.42555790439404e-23
0.280029296875 2.056814691526226e-23
0.2802734375 1.831340858818864e-23
0.280517578125 1.895317630191762e-23
0.28076171875 1.812523618416772e-23
0.281005859375 1.437055779826757e-23
0.28125 1.205307283589241e-23
0.281494140625 1.263515550166355e-23
0.28173828125 1.175733148439932e-23
0.281982421875 7.960105320241722e-24
0.2822265625 5.604760117953079e-24
0.282470703125 6.154212601813251e-24
0.28271484375 5.251696084255177e-24
0.282958984375 1.437220565882983e-24
0.283203125 -9.305966635363107e-25
0.283447265625 -3.88316189474481e-25
0.28369140625 -1.29002932160309e-24
0.283935546875 -5.096250350721527e-24
0.2841796875 -7.451045173058935e-24
0.284423828125 -6.890471512329275e-24
0.28466796875 -7.765977469113274e-24
0.284912109375 -1.153863124409332e-23
0.28515625 -1.385519903305346e-23
0.285400390625 -1.32512551416635e-23
0.28564453125 -1.407563617031516e-23
0.285888671875 -1.778999332942299e-23
0.2861328125 -2.004380959526364e-23
0.286376953125 -1.937219453711012e-23
0.28662109375 -2.012140412927826e-23
0.286865234375 -2.37537008014446e-23
0.287109375 -2.592129979046453e-23
0.287353515625 -2.515886348397127e-23
0.28759765625 -2.581009690848512e-23
0.287841796875 -2.933790067571475e-23
0.2880859375 -3.139723641077381e-23
0.288330078125 -3.052233540070848e-23
0.28857421875 -3.105437986503863e-23
0.288818359375 -3.445693397782275e-23
0.2890625 -3.638771819819054e-23
0.289306640625 -3.538054699647143e-23
0.28955078125 -3.577410607146666e-23
0.289794921875 -3.903264664761323e-23
0.2900390625 -4.081665847946018e-23
0.290283203125 -3.965955141211146e-23
0.29052734375 -3.989753876784778e-23
0.290771484375 -4.299558013796419e-23
0.291015625 -4.461694277874538e-23
0.291259765625 -4.329464174674712e-23
0.29150390625 -4.336243973605033e-23
0.291748046875 -4.628602360535494e-23
0.2919921875 -4.773144382892818e-23
0.292236328125 -4.623132793095734e-23
0.29248046875 -4.611700711365225e-23
0.292724609375 -4.885491178178965e-23
0.29296875 -5.011387865821672e-23
0.293212890625 -4.842615222483713e-23
0.29345703125 -4.812064854108288e-23
0.293701171875 -5.06645550502993e-23
0.2939453125 -5.172949491549271e-23
0.294189453125 -4.984733115760102e-23
0.29443359375 -4.934457812336488e-23
0.294677734375 -5.168919088071491e-23
0.294921875 -5.255557627655991e-23
0.295166015625 -5.047521444570713e-23
0.29541015625 -4.977222844692465e-23
0.295654296875 -5.191534857776492e-23
0.2958984375 -5.258175960219676e-23
0.296142578125 -5.030255428592461e-23
0.29638671875 -4.939947177934414e-23
0.296630859375 -5.134202220597421e-23
0.296875 -5.181015945363967e-23
0.297119140625 -4.933458137387898e-23
0.29736328125 -4.82346475505523e-23
0.297607421875 -4.998064954020963e-23
0.2978515625 -5.025529856625124e-23
0.298095703125 -4.758888700160284e-23
0.29833984375 -4.629839622188891e-23
0.298583984375 -4.785489790057874e-23
0.298828125 -4.794384589106348e-23
0.299072265625 -4.509511359273603e-23
0.29931640625 -4.362330264788679e-23
0.299560546875 -4.500026071928161e-23
0.2998046875 -4.491416679032208e-23
0.300048828125 -4.189445899511505e-23
0.30029296875 -4.025335497848057e-23
0.300537109375 -4.146347160872685e-23
0.30078125 -4.12156928709624e-23
0.301025390625 -3.803900272158019e-23
0.30126953125 -3.624322799101659e-23
0.301513671875 -3.730174550981208e-23
0.3017578125 -3.690812171468145e-23
0.302001953125 -3.35908650670668e-23
0.30224609375 -3.165740243848581e-23
0.302490234375 -3.258185915347632e-23
0.302734375 -3.206045937218016e-23
0.302978515625 -2.862121259115588e-23
0.30322265625 -2.656913451130836e-23
0.303466796875 -2.737908552699604e-23
0.3037109375 -2.674992089251706e-23
0.303955078125 -2.32091258013207e-23
0.30419921875 -2.105929179651281e-23
0.304443359375 -2.177599926118698e-23
0.3046875 -2.106070631942359e-23
0.304931640625 -1.744034696719395e-23
0.30517578125 -1.521507414536845e-23
0.305419921875 -1.586117181223306e-23
0.3056640625 -1.508267147227167e-23
0.305908203125 -1.140592780850563e-23
0.30615234375 -9.12863959775974e-24
0.306396484375 -9.727776972234841e-24
0.306640625 -8.909914411509943e-24
0.306884765625 -5.200798301777932e-24
0.30712890625 -2.895656932740235e-24
0.307373046875 -3.472128581168497e-24
0.3076171875 -2.639299743116396e-24
0.307861328125 1.077720979554672e-24
0.30810546875 3.386192501719766e-24
0.308349609375 2.807826690489687e-24
0.30859375 3.631056174792686e-24
0.308837890625 7.331439756946098e-24
0.30908203125 9.618740296364026e-24
0.309326171875 9.014037979065426e-24
0.3095703125 9.803315510625754e-24
0.309814453125 1.346282847779422e-23
0.31005859375 1.570486007587689e-23
0.310302734375 1.504987650104675e-23
0.310546875 1.578144092841609e-23
0.310791015625 1.937653450298837e-23
0.31103515625 2.154997643407077e-23
0.311279296875 2.082163577305028e-23
0.3115234375 2.147268563906911e-23
0.311767578125 2.498086054664977e-23
0.31201171875 2.706353033151249e-23
0.312255859375 2.623998255023291e-23
0.3125 2.678902847733723e-23
0.312744140625 3.018918250571869e-23
0.31298828125 3.2160378309325e-23
0.313232421875 3.122133607482355e-23
0.3134765625 3.164853185578902e-23
0.313720703125 3.492128481154881e-23
0.31396484375 3.676210395333634e-23
0.314208984375 3.568915439168396e-23
0.314453125 3.597660169584161e-23
0.314697265625 3.910459276682078e-23
0.31494140625 4.079822145478875e-23
0.315185546875 3.957510797941279e-23
0.3154296875 3.970713000557219e-23
0.315673828125 4.267528297721862e-23
0.31591796875 4.420725283491812e-23
0.316162109375 4.282012273972565e-23
0.31640625 4.278350263969053e-23
0.316650390625 4.557925492257086e-23
0.31689453125 4.693766240356127e-23
0.317138671875 4.53752764564119e-23
0.3173828125 4.515945690915397e-23
0.317626953125 4.777294890569846e-23
0.31787109375 4.894863427480584e-23
0.318115234375 4.720253514510521e-23
0.318359375 4.679977607279262e-23
0.318603515625 4.92239980347042e-23
0.31884765625 5.02106812304377e-23
0.319091796875 4.827531823061546e-23
0.3193359375 4.768081030404387e-23
0.319580078125 4.991170449788338e-23
0.31982421875 5.070607586551809e-23
0.320068359375 4.85788841697832e-23
0.3203125 4.779081644215764e-23
0.320556640625 4.98273331391367e-23
0.32080078125 5.042909772891813e-23
0.321044921875 4.811053094330633e-23
0.3212890625 4.713011166695171e-23
0.321533203125 4.897421819292623e-23
0.32177734375 4.938609304141091e-23
0.322021484375 4.687960872568137e-23
0.322265625 4.571103913506999e-23
0.322509765625 4.736768194698996e-23
0.32275390625 4.759534649067411e-23
0.322998046875 4.490734496378386e-23
0.3232421875 4.35577465387735e-23
0.323486328125 4.503476702313506e-23
0.32373046875 4.50867675206748e-23
0.323974609375 4.222648500605648e-23
0.32421875 4.070578145032486e-23
0.324462890625 4.201378685604014e-23
0.32470703125 4.190139640755802e-23
0.324951171875 3.888075428099973e-23
0.3251953125 3.720151015105572e-23
0.325439453125 3.83537017627237e-23
0.32568359375 3.809073820056795e-23
0.325927734375 3.492415078129179e-23
0.326171875 3.310136937035538e-23
0.326416015625 3.411333068731328e-23
0.32666015625 3.371593526204252e-23
0.326904296875 3.042007922610122e-23
0.3271484375 2.847096293430529e-23
0.327392578125 2.936041123605091e-23
0.32763671875 2.884679162393888e-23
0.327880859375 2.544034070853828e-23
0.328125 2.338401770667869e-23
0.328369140625 2.41705229467364e-23
0.32861328125 2.356066465187081e-23
0.328857421875 2.006399385058276e-23
0.3291015625 1.792121536020903e-23
0.329345703125 1.862589082974456e-23
0.32958984375 1.794124153616166e-23
0.329833984375 1.437610545018762e-23
0.330078125 1.216891841023042e-23
0.330322265625 1.281408804207025e-23
0.33056640625 1.20772198822023e-23
0.330810546875 8.46641028469204e-24
0.3310546875 6.217810547480075e-24
0.331298828125 6.826658084071309e-24
0.33154296875 6.060913122720864e-24
0.331787109375 2.427901105807512e-24
0.33203125 1.614725973118386e-25
0.332275390625 7.576781174199814e-25
0.33251953125 -1.319739947548739e-26
0.332763671875 -3.644629096514983e-24
0.3330078125 -5.905083610166239e-24
0.333251953125 -5.297714125876682e-24
0.33349609375 -6.049941044893171e-24
0.333740234375 -9.656069786561182e-24
0.333984375 -1.1886900565028e-23
0.334228515625 -1.124480685242519e-23
0.33447265625 -1.195494412141322e-23
0.334716796875 -1.551247741409498e-23
0.3349609375 -1.769055645039682e-23
0.335205078125 -1.699079098012906e-23
0.33544921875 -1.763610062018942e-23
0.335693359375 -2.112253868341513e-23
0.3359375 -2.322561952258167e-23
0.336181640625 -2.244620421667663e-23
0.33642578125 -2.300500459041096e-23
0.336669921875 -2.639898983441608e-23
0.3369140625 -2.840605292184592e-23
0.337158203125 -2.752632003813943e-23
0.33740234375 -2.797832193996119e-23
0.337646484375 -3.12599699368629e-23
0.337890625 -3.31515481505e-23
0.338134765625 -3.215246006100539e-23
0.33837890625 -3.247908043261807e-23
0.338623046875 -3.563028726638275e-23
0.3388671875 -3.738876660487802e-23
0.339111328125 -3.625320953206961e-23
0.33935546875 -3.643785796371078e-23
0.339599609375 -3.944257922076549e-23
0.33984375 -4.105247001529764e-23
0.340087890625 -3.976551720427275e-23
0.34033203125 -3.979385081430767e-23
0.340576171875 -4.263834792623263e-23
0.3408203125 -4.408652241038259e-23
0.341064453125 -4.263566269826407e-23
0.34130859375 -4.249580548331176e-23
0.341552734375 -4.516885564837839e-23
0.341796875 -4.644474825103518e-23
0.342041015625 -4.482007654023192e-23
0.34228515625 -4.450279984744466e-23
0.342529296875 -4.699586633080341e-23
0.3427734375 -4.809163364310555e-23
0.343017578125 -4.628600038359663e-23
0.34326171875 -4.57848617671442e-23
0.343505859375 -4.809222200118077e-23
0.34375 -4.900286000094993e-23
0.343994140625 -4.70119774292051e-23
0.34423828125 -4.632341580487929e-23
0.344482421875 -4.844224537193404e-23
0.3447265625 -4.916566215784907e-23
0.344970703125 -4.698816571636436e-23
0.34521484375 -4.611155141142383e-23
0.345458984375 -4.804196268044114e-23
0.345703125 -4.857900566306916e-23
0.345947265625 -4.621646972412544e-23
0.34619140625 -4.515410872330057e-23
0.346435546875 -4.689914361920817e-23
0.3466796875 -4.725358082605303e-23
0.346923828125 -4.471048855544043e-23
0.34716796875 -4.346758095751595e-23
0.347412109375 -4.503315805634929e-23
0.34765625 -4.521161392224303e-23
0.347900390625 -4.249528183218431e-23
0.34814453125 -4.107983524366923e-23
0.348388671875 -4.247465209647234e-23
0.3486328125 -4.248649881789743e-23
0.348876953125 -3.960695726220269e-23
0.34912109375 -3.80296565542794e-23
0.349365234375 -3.926504883764184e-23
0.349609375 -3.912225505892337e-23
0.349853515625 -3.609208660659697e-23
0.35009765625 -3.436612213788744e-23
0.350341796875 -3.545588189791802e-23
0.3505859375 -3.517282115803433e-23
0.350830078125 -3.200695943359117e-23
0.35107421875 -3.014781648397836e-23
0.351318359375 -3.110797237312107e-23
0.3515625 -3.0701194363888e-23
0.351806640625 -2.74166865534661e-23
0.35205078125 -2.544189931315526e-23
0.352294921875 -2.629046230590595e-23
0.3525390625 -2.577843056594618e-23
0.352783203125 -2.239416734843067e-23
0.35302734375 -2.032304135260454e-23
0.353271484375 -2.10797199577017e-23
0.353515625 -2.048252014312084e-23
0.353759765625 -1.701893730640586e-23
0.35400390625 -1.487224469060468e-23
0.354248046875 -1.55581341456134e-23
0.3544921875 -1.489715746959581e-23
0.354736328125 -1.137591390605444e-23
0.35498046875 -9.175566273598686e-24
0.355224609375 -9.812816605696011e-24
0.35546875 -9.110423418596886e-24
0.355712890625 -5.55406055419731e-24
0.35595703125 -3.322764588001067e-24
0.356201171875 -3.934232746218009e-24
0.3564453125 -3.213401529205868e-24
0.356689453125 3.550104780178976e-25
0.35693359375 2.594109266099299e-24
0.357177734375 1.985217761843611e-24
0.357421875 2.701250497405447e-24
0.357666015625 6.258474255856215e-24
0.35791015625 8.482154068349255e-24
0.358154296875 7.852648360989667e-24
0.3583984375 8.540751642790015e-24
0.358642578125 1.206374607741257e-23
0.35888671875 1.424907200766707e-23
0.359130859375 1.357613835124641e-23
0.359375 1.421364811242746e-23
0.359619140625 1.767992839730497e-23
0.35986328125 1.980461057776288e-23
0.360107421875 1.906616835224507e-23
0.3603515625 1.963124096591091e-23
0.360595703125 2.301922923456509e-23
0.36083984375 2.506197038186663e-23
0.361083984375 2.423701613472618e-23
0.361328125 2.470896861724597e-23
0.361572265625 2.799832999732387e-23
0.36181640625 2.993915695207223e-23
0.362060546875 2.900809112088543e-23
0.3623046875 2.93677227199291e-23
0.362548828125 3.253968147484103e-23
0.36279296875 3.436025559044027e-23
0.363037109375 3.330518683769228e-23
0.36328125 3.353507701781061e-23
0.363525390625 3.657270789472746e-23
0.36376953125 3.825660946591547e-23
0.364013671875 3.706163191252786e-23
0.3642578125 3.714641012530506e-23
0.364501953125 4.003490040141075e-23
0.36474609375 4.156788273366359e-23
0.364990234375 4.021932180595838e-23
0.365234375 4.014590487707263e-23
0.365478515625 4.287278305810498e-23
0.36572265625 4.424299225753609e-23
0.365966796875 4.272961535658136e-23
0.3662109375 4.248740883172958e-23
0.366455078125 4.50427364812778e-23
0.36669921875 4.624089358337754e-23
0.366943359375 4.45540823382574e-23
0.3671875 4.413514269573906e-23
0.367431640625 4.651166645231524e-23
0.36767578125 4.75312090986131e-23
0.367919921875 4.566509056736519e-23
0.3681640625 4.506424581832469e-23
0.368408203125 4.725750728081854e-23
0.36865234375 4.809468878587752e-23
0.368896484375 4.604622361041406e-23
0.369140625 4.526115045878514e-23
0.369384765625 4.726955227981422e-23
0.36962890625 4.792349659713106e-23
0.369873046875 4.569252279115477e-23
0.3701171875 4.472377920401428e-23
0.370361328125 4.6548606414655e-23
0.37060546875 4.702131819861195e-23
0.370849609375 4.461054994004356e-23
0.37109375 4.346156267487953e-23
0.371337890625 4.510695896261143e-23
0.37158203125 4.540328862384044e-23
0.371826171875 4.281827012478878e-23
0.3720703125 4.149527746213894e-23
0.372314453125 4.296817682567784e-23
0.37255859375 4.30957411783214e-23
0.372802734375 4.034475640511394e-23
0.373046875 3.885670703246812e-23
0.373291015625 4.016672193170067e-23
0.37353515625 4.013578172192332e-23
0.373779296875 3.722972142452191e-23
0.3740234375 3.558813109921226e-23
0.374267578125 3.674739889477323e-23
0.37451171875 3.657069517010461e-23
0.374755859375 3.352288334350721e-23
0.375 3.174165161813171e-23
0.375244140625 3.276464174285203e-23
0.37548828125 3.24571936608576e-23
0.375732421875 2.928317619067077e-23
0.3759765625 2.737836610423413e-23
0.376220703125 2.828165101774294e-23
0.37646484375 2.786051829036793e-23
0.376708984375 2.457781712086682e-23
0.376953125 2.256740133257876e-23
0.377197265625 2.336939487122805e-23
0.37744140625 2.285340858870923e-23
0.377685546875 1.948124528525888e-23
0.3779296875 1.738482264707822e-23
0.378173828125 1.810548988557402e-23
0.37841796875 1.751495595250449e-23
0.378662109375 1.407394900302225e-23
0.37890625 1.191243602346868e-23
0.379150390625 1.257297920417729e-23
0.37939453125 1.192935904272358e-23
0.379638671875 8.441199647636159e-24
0.3798828125 6.23650168609825e-24
0.380126953125 6.859027140339638e-24
0.38037109375 6.184600665158921e-24
0.380615234375 2.671712095748804e-24
0.380859375 4.463794375963167e-25
0.381103515625 1.053550714577413e-24
0.38134765625 3.710668553551972e-25
0.381591796875 -3.143747288463423e-24
0.3818359375 -5.36687309503059e-24
0.382080078125 -4.752190466047873e-24
0.38232421875 -5.419870229487875e-24
0.382568359375 -8.913783362986144e-24
0.3828125 -1.111192738071851e-23
0.383056640625 -1.046702394410657e-23
0.38330078125 -1.109728346534529e-23
0.383544921875 -1.454780338319477e-23
0.3837890625 -1.669861378197236e-23
0.384033203125 -1.600129143552633e-23
0.38427734375 -1.657211361788185e-23
0.384521484375 -1.995743430221547e-23
0.384765625 -2.20393319159043e-23
0.385009765625 -2.126825087513915e-23
0.38525390625 -2.175856170478215e-23
0.385498046875 -2.505790409205714e-23
0.3857421875 -2.705041958720197e-23
0.385986328125 -2.618543162694477e-23
0.38623046875 -2.657542916239721e-23
0.386474609375 -2.976936556067912e-23
0.38671875 -3.165345896592307e-23
0.386962890625 -3.067592175035601e-23
0.38720703125 -3.094738494690195e-23
0.387451171875 -3.401814205444783e-23
0.3876953125 -3.577649967873708e-23
0.387939453125 -3.466956729004281e-23
0.38818359375 -3.480613985597608e-23
0.388427734375 -3.773787566950709e-23
0.388671875 -3.935517979352725e-23
0.388916015625 -3.810406494407606e-23
0.38916015625 -3.809150981865671e-23
0.389404296875 -4.087056013033541e-23
0.3896484375 -4.233372728355461e-23
0.389892578125 -4.092593114141112e-23
0.39013671875 -4.075235164561664e-23
0.390380859375 -4.33674423050253e-23
0.390625 -4.466582643346652e-23
0.390869140625 -4.309133249879213e-23
0.39111328125 -4.274735673235946e-23
0.391357421875 -4.518977838613313e-23
0.3916015625 -4.631533576594989e-23
0.391845703125 -4.456676479878605e-23
0.39208984375 -4.404569043231761e-23
0.392333984375 -4.630943304130689e-23
0.392578125 -4.725684639169867e-23
0.392822265625 -4.53295700007882e-23
0.39306640625 -4.462746723103036e-23
0.393310546875 -4.670931229367229e-23
0.3935546875 -4.747607218036015e-23
0.393798828125 -4.536828332864829e-23
0.39404296875 -4.448405441864364e-23
0.394287109375 -4.638362348980969e-23
0.39453125 -4.697006577731136e-23
0.394775390625 -4.468280513245604e-23
0.39501953125 -4.361819963603423e-23
0.395263671875 -4.533795841280752e-23
0.3955078125 -4.574725720960393e-23
0.395751953125 -4.328439495677613e-23
0.39599609375 -4.204398041817265e-23
0.396240234375 -4.358919835705642e-23
0.396484375 -4.382731459185327e-23
0.396728515625 -4.119548802056862e-23
0.39697265625 -3.978657663415758e-23
0.397216796875 -4.116524275739486e-23
0.3974609375 -4.124082921622189e-23
0.397705078125 -3.844933708217594e-23
0.39794921875 -3.688186948347795e-23
0.398193359375 -3.810456571471228e-23
0.3984375 -3.802883004681803e-23
0.398681640625 -3.508948538289909e-23
0.39892578125 -3.33758734096247e-23
0.399169921875 -3.445560744043208e-23
0.3994140625 -3.42421352952773e-23
0.399658203125 -3.116907899273642e-23
0.39990234375 -2.932400989323045e-23
0.400146484375 -3.027601021180447e-23
0.400390625 -2.994055128981423e-23
0.400634765625 -2.675002938086976e-23
0.40087890625 -2.47902345469821e-23
0.401123046875 -2.563171084875418e-23
0.4013671875 -2.519193122517966e-23
0.401611328125 -2.190203936270334e-23
0.40185546875 -1.984603121559822e-23
0.402099609375 -2.059590395362757e-23
0.40234375 -2.007110855899169e-23
0.402587890625 -1.67015076985884e-23
0.40283203125 -1.456928885073161e-23
0.403076171875 -1.524789216297667e-23
0.4033203125 -1.465872176697432e-23
0.403564453125 -1.123032950383439e-23
0.40380859375 -9.043078750675082e-24
0.404052734375 -9.671841414382352e-24
0.404296875 -9.039948855629091e-24
0.404541015625 -5.574611246061402e-24
0.40478515625 -3.354351300167746e-24
0.405029296875 -3.955460704147896e-24
0.4052734375 -3.30317142968185e-24
0.405517578125 1.766795705341516e-25
0.40576171875 2.407427407594396e-24
0.406005859375 1.811373019384063e-24
0.40625 2.461410798390817e-24
0.406494140625 5.933108924579664e-24
0.40673828125 8.151677755717704e-24
0.406982421875 7.538023335035188e-24
0.4072265625 8.163193405096452e-24
0.407470703125 1.160419321018452e-23
0.40771484375 1.378812568728304e-23
0.407958984375 1.313451419657149e-23
0.408203125 1.371258648028834e-23
0.408447265625 1.710081645109803e-23
0.40869140625 1.922821652458875e-23
0.408935546875 1.851293897576288e-23
0.4091796875 1.90224175175187e-23
0.409423828125 2.233662566795802e-23
0.40966796875 2.438650145035062e-23
0.409912109375 2.358883670335991e-23
0.41015625 2.400929607071695e-23
0.410400390625 2.722938261800751e-23
0.41064453125 2.918197501051078e-23
0.410888671875 2.828251402901462e-23
0.4111328125 2.859491888051287e-23
0.411376953125 3.170225081362464e-23
0.41162109375 3.353934276851895e-23
0.411865234375 3.252029227386339e-23
0.412109375 3.270729510783097e-23
0.412353515625 3.568499774100955e-23
0.41259765625 3.739019933576977e-23
0.412841796875 3.623566012300287e-23
0.4130859375 3.62818725634958e-23
0.413330078125 3.911509352792215e-23
0.41357421875 4.067409840539866e-23
0.413818359375 3.93703139812953e-23
0.4140625 3.926254737100929e-23
0.414306640625 4.193868892838031e-23
0.41455078125 4.333949810483539e-23
0.414794921875 4.18750697716031e-23
0.4150390625 4.160254132105456e-23
0.415283203125 4.411145737770345e-23
0.41552734375 4.534456693015018e-23
0.415771484375 4.371063196244774e-23
0.416015625 4.326513324254957e-23
0.416259765625 4.559928799380408e-23
0.41650390625 4.66578377019009e-23
0.416748046875 4.484820784086494e-23
0.4169921875 4.422423299369605e-23
0.417236328125 4.637881872696078e-23
0.41748046875 4.725869935403249e-23
0.417724609375 4.526995746122067e-23
0.41796875 4.44647891323153e-23
0.418212890625 4.643780135455664e-23
0.41845703125 4.713771889755855e-23
0.418701171875 4.496927226435139e-23
0.4189453125 4.398302391929255e-23
0.419189453125 4.577529264022892e-23
0.41943359375 4.629678854961986e-23
0.419677734375 4.395087803370445e-23
0.419921875 4.278649200205395e-23
0.420166015625 4.440166868815791e-23
0.42041015625 4.474909574531736e-23
0.420654296875 4.223076059469478e-23
0.4208984375 4.089396187466878e-23
0.421142578125 4.233846228029958e-23
0.42138671875 4.251891651151998e-23
0.421630859375 3.983591542744641e-23
0.421875 3.833512197455686e-23
0.422119140625 3.961802574456588e-23
0.42236328125 3.964123543619032e-23
0.422607421875 3.680392510877038e-23
0.4228515625 3.515011601013912e-23
0.423095703125 3.628302462224728e-23
0.42333984375 3.616119817035941e-23
0.423583984375 3.318237118362688e-23
0.423828125 3.138891477633618e-23
0.424072265625 3.238577004120352e-23
0.42431640625 3.213340501113626e-23
0.424560546875 2.902808964793509e-23
0.4248046875 2.711053426434653e-23
0.425048828125 2.798740021624036e-23
0.42529296875 2.762105659205039e-23
0.425537109375 2.440628166318422e-23
0.42578125 2.238211226894332e-23
0.426025390625 2.315692385081369e-23
0.42626953125 2.269496501330354e-23
0.426513671875 1.938949338086551e-23
0.4267578125 1.727785790328324e-23
0.427001953125 1.797014036799567e-23
0.42724609375 1.743244584326427e-23
0.427490234375 1.405648079641942e-23
0.427734375 1.187789041372891e-23
0.427978515625 1.250845382003854e-23
0.42822265625 1.191610828097429e-23
0.428466796875 8.490977346079592e-24
0.4287109375 6.266985414462659e-24
0.428955078125 6.857598985070926e-24
0.42919921875 6.232562358907031e-24
0.429443359375 2.780383478154275e-24
0.4296875 5.33248106978965e-25
0.429931640625 1.106299530476258e-24
0.43017578125 4.710633607013407e-25
0.430419921875 -2.985601351031058e-24
0.4306640625 -5.233265809719556e-24
0.430908203125 -4.655120815726902e-24
0.43115234375 -5.277885389862043e-24
0.431396484375 -8.716382905825863e-24
0.431640625 -1.094196001391064e-23
0.431884765625 -1.033615240863024e-23
0.43212890625 -1.092394956012615e-23
0.432373046875 -1.432189070581738e-23
0.4326171875 -1.650311621321758e-23
0.432861328125 -1.584751707001686e-23
0.43310546875 -1.637837853887801e-23
0.433349609375 -1.971398872059825e-23
0.43359375 -2.182929942540677e-23
0.433837890625 -2.110256658200726e-23
0.43408203125 -2.155539577616279e-23
0.434326171875 -2.480785619696504e-23
0.4345703125 -2.68367279434473e-23
0.434814453125 -2.601864045090271e-23
0.43505859375 -2.637354301868976e-23
0.435302734375 -2.952331705179756e-23
0.435546875 -3.144658658611296e-23
0.435791015625 -3.051836173149525e-23
0.43603515625 -3.07569574407191e-23
0.436279296875 -3.37860970605325e-23
0.4365234375 -3.558626271449525e-23
0.436767578125 -3.453085066257515e-23
0.43701171875 -3.463656171127453e-23
0.437255859375 -3.752898919173881e-23
0.4375 -3.919048569358949e-23
0.437744140625 -3.799283714037133e-23
0.43798828125 -3.795114839051561e-23
0.438232421875 -4.069290886477078e-23
0.4384765625 -4.220235197800337e-23
0.438720703125 -4.084965462838767e-23
0.43896484375 -4.0648341690096e-23
0.439208984375 -4.322782261838237e-23
0.439453125 -4.457421977868203e-23
0.439697265625 -4.305609994523143e-23
0.43994140625 -4.268542153904241e-23
0.440185546875 -4.50935356463345e-23
0.4404296875 -4.626845929557143e-23
0.440673828125 -4.457714545793212e-23
0.44091796875 -4.402999703832273e-23
0.441162109375 -4.626032585159208e-23
0.44140625 -4.725804674816051e-23
0.441650390625 -4.538849250452297e-23
0.44189453125 -4.466051873076522e-23
0.442138671875 -4.670941445891298e-23
0.4423828125 -4.752699286667376e-23
0.442626953125 -4.547695734083257e-23
0.44287109375 -4.456662162183796e-23
0.443115234375 -4.643326576989359e-23
0.443359375 -4.707059908384362e-23
0.443603515625 -4.484068351384902e-23
0.44384765625 -4.374929352220928e-23
0.444091796875 -4.543571130523815e-23
0.4443359375 -4.589553735048271e-23
0.444580078125 -4.34891772674533e-23
0.44482421875 -4.222086600377428e-23
0.445068359375 -4.37318963145621e-23
0.4453125 -4.401975224593064e-23
0.445556640625 -4.144316534363757e-23
0.44580078125 -4.000482802499794e-23
0.446044921875 -4.134804940234765e-23
0.4462890625 -4.147218682402098e-23
0.446533203125 -3.873427731061882e-23
0.44677734375 -3.713546504578662e-23
0.447021484375 -3.832107877633338e-23
0.447265625 -3.829233638365092e-23
0.447509765625 -3.540455728569299e-23
0.44775390625 -3.365732917376471e-23
0.447998046875 -3.469800132901043e-23
0.4482421875 -3.452963703735948e-23
0.448486328125 -3.150581258237575e-23
0.44873046875 -2.962454852046298e-23
0.448974609375 -3.053521337171754e-23
0.44921875 -3.024269852999684e-23
0.449462890625 -2.709880935732419e-23
0.44970703125 -2.509998645652358e-23
0.449951171875 -2.589761431377564e-23
0.4501953125 -2.549839319222624e-23
0.450439453125 -2.225232772264375e-23
0.45068359375 -2.01542638003568e-23
0.450927734375 -2.085759687727991e-23
0.451171875 -2.037081516256613e-23
0.451416015625 -1.7042090986649e-23
0.45166015625 -1.486465911844181e-23
0.451904296875 -1.54939195261561e-23
0.4521484375 -1.494012604175775e-23
0.452392578125 -1.154958565635159e-23
0.45263671875 -9.313904223945602e-24
0.452880859375 -9.890478632972024e-24
0.453125 -9.29130492277896e-24
0.453369140625 -5.860790547439031e-24
0.45361328125 -3.588893603994989e-24
0.453857421875 -4.134999480245861e-24
0.4541015625 -3.512822241081076e-24
0.454345703125 -6.483477527033288e-26
0.45458984375 2.220672141085141e-24
0.454833984375 1.682333530208457e-24
0.455078125 2.304741910931707e-24
0.455322265625 5.747394478703429e-24
0.45556640625 8.023687722111082e-24
0.455810546875 7.470286125851535e-24
0.4560546875 8.070113482354763e-24
0.456298828125 1.148467273439403e-23
0.45654296875 1.372906761144339e-23
0.456787109375 1.313800090691498e-23
0.45703125 1.369275210799274e-23
0.457275390625 1.705686536453349e-23
0.45751953125 1.924717130847253e-23
0.457763671875 1.859641933426073e-23
0.4580078125 1.908426842991923e-23
0.458251953125 2.237633886553734e-23
0.45849609375 2.449120718107691e-23
0.458740234375 2.375967676970973e-23
0.458984375 2.415980897323381e-23
0.459228515625 2.735933421496314e-23
0.45947265625 2.937859296201093e-23
0.459716796875 2.854644878088818e-23
0.4599609375 2.883938694249393e-23
0.460205078125 3.19272808575037e-23
0.46044921875 3.383225163861601e-23
0.460693359375 3.288122766617401e-23
0.4609375 3.304913813204123e-23
0.461181640625 3.600803077071137e-23
0.46142578125 3.778182246501583e-23
0.461669921875 3.669550922668997e-23
0.4619140625 3.67224822944789e-23
0.462158203125 3.953699329120588e-23
0.46240234375 4.11647681329591e-23
0.462646484375 3.992887119538676e-23
0.462890625 3.980117176942803e-23
0.463134765625 4.245815291334232e-23
0.46337890625 4.392736074050691e-23
0.463623046875 4.252992640668021e-23
0.4638671875 4.223621091676592e-23
0.464111328125 4.472495408144874e-23
0.46435546875 4.602553107222274e-23
0.464599609375 4.445713572796658e-23
0.46484375 4.398863189810742e-23
0.465087890625 4.630103905591556e-23
0.46533203125 4.742556782135571e-23
0.465576171875 4.567946794688011e-23
0.4658203125 4.503011457625947e-23
0.466064453125 4.716082721085988e-23
0.46630859375 4.810465571112719e-23
0.466552734375 4.617689618161971e-23
0.466796875 4.534344072055719e-23
0.467041015625 4.728992658142717e-23
0.46728515625 4.80512439724881e-23
0.467529296875 4.594072291948476e-23
0.4677734375 4.49227752787338e-23
0.468017578125 4.668537108415807e-23
0.46826171875 4.726523927099284e-23
0.468505859375 4.497372845139814e-23
0.46875 4.377377016351854e-23
0.468994140625 4.535567954357271e-23
0.46923828125 4.57580199048698e-23
0.469482421875 4.329014021662971e-23
0.4697265625 4.19134887628491e-23
0.469970703125 4.33207354304118e-23
0.47021484375 4.355227087752448e-23
0.470458984375 4.091542335926978e-23
0.470703125 3.937015217347494e-23
0.470947265625 4.061148900875722e-23
0.47119140625 4.068164223754308e-23
0.471435546875 3.788589558328254e-23
0.4716796875 3.61827109356152e-23
0.471923828125 3.726948635696323e-23
0.47216796875 3.719023583433389e-23
0.472412109375 3.42481721325359e-23
0.47265625 3.240024876786904e-23
0.472900390625 3.334623242827786e-23
0.47314453125 3.31319283150447e-23
0.473388671875 3.005844937377816e-23
0.4736328125 2.808122742457369e-23
0.473876953125 2.890239790880687e-23
0.47412109375 2.856954074658393e-23
0.474365234375 2.538163798262318e-23
0.474609375 2.329258428133507e-23
0.474853515625 2.400688207307891e-23
0.47509765625 2.357386764577171e-23
0.475341796875 2.029035908601539e-23
0.4755859375 1.810869655980195e-23
0.475830078125 1.873574609246796e-23
0.47607421875 1.822258040315391e-23
0.476318359375 1.48638188625469e-23
0.4765625 1.261022819392905e-23
0.476806640625 1.317103328418132e-23
0.47705078125 1.259902205771635e-23
0.477294921875 9.18657901098496e-24
0.4775390625 6.882877184404242e-24
0.477783203125 7.399494566497051e-24
0.47802734375 6.790912089517574e-24
0.478271484375 3.347242137360865e-24
0.478515625 1.016042856452359e-24
0.478759765625 1.51123888156838e-24
0.47900390625 8.889813185544587e-25
0.479248046875 -2.56292754358993e-24
0.4794921875 -4.898566295462004e-24
0.479736328125 -4.401670463002706e-24
0.47998046875 -5.014441891606853e-24
0.480224609375 -8.451426767315107e-24
0.48046875 -1.076836254467522e-23
0.480712890625 -1.024665171744689e-23
0.48095703125 -1.082687214517688e-23
0.481201171875 -1.422595691582867e-23
0.4814453125 -1.650132440727115e-23
0.481689453125 -1.593205053467177e-23
0.48193359375 -1.645711181946785e-23
0.482177734375 -1.979586637470941e-23
0.482421875 -2.200743514392057e-23
0.482666015625 -2.136857321347395e-23
0.48291015625 -2.181667765068956e-23
0.483154296875 -2.507356906878348e-23
0.4833984375 -2.72000918602111e-23
0.483642578125 -2.647068498702492e-23
0.48388671875 -2.682118684420712e-23
0.484130859375 -2.997591703924558e-23
0.484375 -3.199746320850256e-23
0.484619140625 -3.115795152141089e-23
0.48486328125 -3.13916810570799e-23
0.485107421875 -3.442550561418105e-23
0.4853515625 -3.6323774468351e-23
0.485595703125 -3.535630264704478e-23
0.48583984375 -3.545586754193371e-23
0.486083984375 -3.835189074798149e-23
0.486328125 -4.011049988740636e-23
0.486572265625 -3.899919853091468e-23
0.48681640625 -3.894925800552117e-23
0.487060546875 -4.169269944746028e-23
0.4873046875 -4.329744358363247e-23
0.487548828125 -4.202867999187643e-23
0.48779296875 -4.181618730349496e-23
0.488037109375 -4.439461584294477e-23
0.48828125 -4.583369202105686e-23
0.488525390625 -4.439628644175009e-23
0.48876953125 -4.401069594083147e-23
0.489013671875 -4.641422737628223e-23
0.4892578125 -4.767842304866307e-23
0.489501953125 -4.606382697431472e-23
0.48974609375 -4.549726244679433e-23
0.489990234375 -4.77187177350563e-23
0.490234375 -4.88015587053479e-23
0.490478515625 -4.70039923912888e-23
0.49072265625 -4.625137401171464e-23
0.490966796875 -4.828639553004467e-23
0.4912109375 -4.918425140858322e-23
0.491455078125 -4.720079841390216e-23
0.49169921875 -4.625992627480273e-23
0.491943359375 -4.81070502547428e-23
0.4921875 -4.881919572368079e-23
0.492431640625 -4.664985294278497e-23
0.49267578125 -4.55214457987371e-23
0.492919921875 -4.718212974223752e-23
0.4931640625 -4.771076061426359e-23
0.493408203125 -4.53584429572834e-23
0.49365234375 -4.404613151713882e-23
0.493896484375 -4.552473610434297e-23
0.494140625 -4.587493986087985e-23
0.494384765625 -4.334543944562364e-23
0.49462890625 -4.18557142526203e-23
0.494873046875 -4.315943995810551e-23
0.4951171875 -4.333912116064666e-23
0.495361328125 -4.064102158633814e-23
0.49560546875 -3.898313623235993e-23
0.495849609375 -4.012191557149488e-23
0.49609375 -4.014167724230247e-23
0.496337890625 -3.728622421486194e-23
0.49658203125 -3.547205533104907e-23
0.496826171875 -3.645840234965501e-23
0.4970703125 -3.633138510453998e-23
0.497314453125 -3.333231536398229e-23
0.49755859375 -3.137618150420013e-23
0.497802734375 -3.222500079208316e-23
0.498046875 -3.196668216764722e-23
0.498291015625 -2.884001331948739e-23
0.49853515625 -2.675845549561786e-23
0.498779296875 -2.748681363730732e-23
0.4990234375 -2.711477067764074e-23
0.499267578125 -2.387855514200695e-23
0.49951171875 -2.16900823703981e-23
0.499755859375 -2.231694533486095e-23
0.5 -2.185058407850783e-23
0.500244140625 -1.852463093336227e-23
0.50048828125 -1.624943470077865e-23
0.500732421875 -1.679537520664808e-23
0.5009765625 -1.625563123472674e-23
0.501220703125 -1.286120023437799e-23
0.50146484375 -1.052084228083565e-23
0.501708984375 -1.100772164652178e-23
0.501953125 -1.04167363089665e-23
0.502197265625 -6.976208798039017e-24
0.50244140625 -4.593287035329222e-24
0.502685546875 -5.043916426774814e-24
0.5029296875 -4.424693748721029e-24
0.503173828125 -9.612255580108504e-25
0.50341796875 1.440976710171497e-24
0.503662109375 1.003190393659727e-24
0.50390625 1.62714081547036e-24
0.504150390625 5.089979117074866e-24
0.50439453125 7.487855240095333e-24
0.504638671875 7.039273354772567e-24
0.5048828125 7.644301929880634e-24
0.505126953125 1.108289184853601e-23
0.50537109375 1.345287952223811e-23
0.505615234375 1.296999989464121e-23
0.505859375 1.353268541519808e-23
0.506103515625 1.692372871310786e-23
0.50634765625 1.924267760865311e-23
0.506591796875 1.870250125279588e-23
0.5068359375 1.920001634032193e-23
0.507080078125 2.252089885739936e-23
0.50732421875 2.476643246473214e-23
0.507568359375 2.414682309294908e-23
0.5078125 2.45572910241579e-23
0.508056640625 2.778643647206953e-23
0.50830078125 2.993730251827659e-23
0.508544921875 2.921733324000822e-23
0.5087890625 2.952017058554054e-23
0.509033203125 3.263737879286759e-23
0.50927734375 3.467378276447699e-23
0.509521484375 3.383406455769744e-23
0.509765625 3.401030427934884e-23
0.510009765625 3.699706859959071e-23
0.51025390625 3.890098515185425e-23
0.510498046875 3.792397196657118e-23
0.5107421875 3.795656191386756e-23
0.510986328125 4.079636082352621e-23
0.51123046875 4.255181819510384e-23
0.511474609375 4.142208390335448e-23
0.51171875 4.129615602459756e-23
0.511962890625 4.397471433171218e-23
0.51220703125 4.556804729493221e-23
0.512451171875 4.427253013158235e-23
0.5126953125 4.397563616205403e-23
0.512939453125 4.648115171046264e-23
0.51318359375 4.790121906903555e-23
0.513427734375 4.642942970580392e-23
0.513671875 4.595173960992655e-23
0.513916015625 4.827507189405081e-23
0.51416015625 4.951343508456021e-23
0.514404296875 4.785762503853339e-23
0.5146484375 4.719208505542309e-23
0.514892578125 4.932690274633346e-23
0.51513671875 5.037796269857356e-23
0.515380859375 4.853325038739054e-23
0.515625 4.767569815176842e-23
0.515869140625 4.961858316878942e-23
0.51611328125 5.047967322385743e-23
0.516357421875 4.844412563333186e-23
0.5166015625 4.739336050647777e-23
0.516845703125 4.914386693980898e-23
0.51708984375 4.981530030391639e-23
0.517333984375 4.758996892011188e-23
0.517578125 4.634777635828468e-23
0.517822265625 4.790844324668237e-23
0.51806640625 4.839351416242593e-23
0.518310546875 4.598242452844873e-23
0.5185546875 4.45535540282734e-23
0.518798828125 4.592987171104832e-23
0.51904296875 4.62348102454616e-23
0.519287109375 4.364490522257032e-23
0.51953125 4.203700210324315e-23
0.519775390625 4.323733258651205e-23
0.52001953125 4.337121365558265e-23
0.520263671875 4.061225118748152e-23
0.5205078125 3.88357431871764e-23
0.520751953125 3.987119567934939e-23
0.52099609375 3.98458036405561e-23
0.521240234375 3.693021052781244e-23
0.521484375 3.499815089516553e-23
0.521728515625 3.588241436499298e-23
0.52197265625 3.571206520185672e-23
0.522216796875 3.265474907919391e-23
0.5224609375 3.05826185193736e-23
0.522705078125 3.13317538005334e-23
0.52294921875 3.103307758530979e-23
0.523193359375 2.785119994750423e-23
0.5234375 2.565667042548031e-23
0.523681640625 2.62888650243857e-23
0.52392578125 2.588055196661536e-23
0.524169921875 2.259326569862038e-23
0.5244140625 2.029592969985749e-23
0.524658203125 2.083121904807798e-23
0.52490234375 2.033373300800193e-23
0.525146484375 1.696188843220485e-23
0.525390625 1.458295782376614e-23
0.525634765625 1.504291724416182e-23
0.52587890625 1.447818110210509e-23
0.526123046875 1.104400505163249e-23
0.5263671875 8.605984166077657e-24
0.526611328125 9.013396284061339e-24
0.52685546875 8.404454001725517e-24
0.527099609375 4.931206855568713e-24
0.52734375 2.457544828537134e-24
0.527587890625 2.836047549637499e-24
0.52783203125 2.206708129790815e-24
0.528076171875 -1.281675903400411e-24
0.5283203125 -3.766948179854587e-24
0.528564453125 -3.393227694008846e-24
0.52880859375 -4.018758852497724e-24
0.529052734375 -7.498042645507843e-24
0.529296875 -9.970685343219749e-24
0.529541015625 -9.577505041151228e-24
0.52978515625 -1.017500169029837e-23
0.530029296875 -1.362102156293945e-23
0.5302734375 -1.605696273899484e-23
0.530517578125 -1.562034258864901e-23
0.53076171875 -1.616593426017843e-23
0.531005859375 -1.955497596381188e-23
0.53125 -2.193068653766933e-23
0.531494140625 -2.142728212938646e-23
0.53173828125 -2.189782599765874e-23
0.531982421875 -2.520699447822813e-23
0.5322265625 -2.749985553715711e-23
0.532470703125 -2.690732257149554e-23
0.53271484375 -2.728076476596168e-23
0.532958984375 -3.048834195082422e-23
0.533203125 -3.267699866441869e-23
0.533447265625 -3.197434264663355e-23
0.53369140625 -3.223006338219625e-23
0.533935546875 -3.531584841118832e-23
0.5341796875 -3.738054503286665e-23
0.534423828125 -3.654845071481706e-23
0.53466796875 -3.66675878490374e-23
0.534912109375 -3.961321443214043e-23
0.53515625 -4.153610514864149e-23
0.535400390625 -4.055724056288081e-23
0.53564453125 -4.0522986513569e-23
0.535888671875 -4.331221244246651e-23
0.5361328125 -4.507764319721264e-23
0.536376953125 -4.393693351251431e-23
0.53662109375 -4.373480087299535e-23
0.536865234375 -4.635376513641566e-23
0.537109375 -4.794852199373889e-23
0.537353515625 -4.663338888045291e-23
0.53759765625 -4.625144054658735e-23
0.537841796875 -4.868888399328839e-23
0.5380859375 -5.010240412112057e-23
0.538330078125 -4.86029668416307e-23
0.53857421875 -4.803200700719813e-23
0.538818359375 -5.027945305816619e-23
0.5390625 -5.150399497922115e-23
0.539306640625 -4.981323000524888e-23
0.53955078125 -4.904695298236686e-23
0.539794921875 -5.109884550684678e-23
0.5400390625 -5.212961589367717e-23
0.540283203125 -5.024347248932987e-23
0.54052734375 -4.927856695887899e-23
0.540771484375 -5.113236308766213e-23
0.541015625 -5.196759804576269e-23
0.541259765625 -4.988506793330518e-23
0.54150390625 -4.872127491700711e-23
0.541748046875 -5.037749126107183e-23
0.5419921875 -5.101849074609161e-23
0.542236328125 -4.874163067986019e-23
0.54248046875 -4.738175424007785e-23
0.542724609375 -4.884396570227459e-23
0.54296875 -4.929508044157899e-23
0.543212890625 -4.682898724354051e-23
0.54345703125 -4.52788576480168e-23
0.543701171875 -4.655364874913995e-23
0.5439453125 -4.682221977331962e-23
0.544189453125 -4.417495812006972e-23
0.54443359375 -4.244334794544162e-23
0.544677734375 -4.354021732218494e-23
0.544921875 -4.363646894710657e-23
0.545166015625 -4.081895293133379e-23
0.54541015625 -3.891744730996502e-23
0.545654296875 -3.984866676968909e-23
0.5458984375 -3.978555459319354e-23
0.546142578125 -3.681138480141393e-23
0.54638671875 -3.475420772941712e-23
0.546630859375 -3.553463795397666e-23
0.546875 -3.532765413185889e-23
0.547119140625 -3.221291267334283e-23
0.54736328125 -3.001671198277531e-23
0.547607421875 -3.066357764991902e-23
0.5478515625 -3.033051638267075e-23
0.548095703125 -2.709352296124854e-23
0.54833984375 -2.477711720541407e-23
0.548583984375 -2.530974493094127e-23
0.548828125 -2.487043171542426e-23
0.549072265625 -2.153146444596671e-23
0.54931640625 -1.911555554372965e-23
0.549560546875 -1.955507863072366e-23
0.5498046875 -1.903106739976479e-23
0.550048828125 -1.56120526250362e-23
0.55029296875 -1.311890864852535e-23
0.550537109375 -1.348794315254875e-23
0.55078125 -1.290218593149853e-23
0.551025390625 -9.426361784183871e-24
0.55126953125 -6.879474745890521e-24
0.551513671875 -7.201771818679959e-24
0.5517578125 -6.578265963290868e-24
0.552001953125 -3.069824834520353e-24
0.55224609375 -4.935487270856463e-25
0.552490234375 -7.936285790284088e-25
0.552734375 -1.570470167506751e-25
0.552978515625 3.359237570209104e-24
0.55322265625 5.940062911479485e-24
0.553466796875 5.637289794123187e-24
0.5537109375 6.261979622911774e-24
0.553955078125 9.761135982193995e-24
0.55419921875 1.232156939301982e-23
0.554443359375 1.199118793113549e-23
0.5546875 1.257911054869914e-23
0.554931640625 1.603635572875841e-23
0.55517578125 1.855174166303479e-23
0.555419921875 1.816921880404907e-23
0.5556640625 1.869597660839816e-23
0.555908203125 2.208710122746746e-23
0.55615234375 2.45334531452195e-23
0.556396484375 2.407501942821668e-23
0.556640625 2.451707206091874e-23
0.556884765625 2.781881711174411e-23
0.55712890625 3.017319135805476e-23
0.557373046875 2.961621149993827e-23
0.5576171875 2.995124277485014e-23
0.557861328125 3.314166254158459e-23
0.55810546875 3.538251690165366e-23
0.558349609375 3.470584363749235e-23
0.55859375 3.491311031713611e-23
0.558837890625 3.79719157502455e-23
0.55908203125 4.007944709111265e-23
0.559326171875 3.926375274927807e-23
0.5595703125 3.932440972494754e-23
0.559814453125 4.223328691096146e-23
0.56005859375 4.418974263272468e-23
0.560302734375 4.32178232588181e-23
0.560546875 4.311522004461774e-23
0.560791015625 4.585811878216948e-23
0.56103515625 4.764807719620959e-23
0.561279296875 4.650512445416053e-23
0.5615234375 4.622506833890004e-23
0.561767578125 4.878845628504874e-23
0.56201171875 5.039907150782001e-23
0.562255859375 4.90729080755896e-23
0.5625 4.860388978306241e-23
0.562744140625 5.097696815762323e-23
0.56298828125 5.239817564888395e-23
0.563232421875 5.087945038258686e-23
0.5634765625 5.021282866269015e-23
0.563720703125 5.238770608518222e-23
0.56396484375 5.361238556080651e-23
0.564208984375 5.189472531623892e-23
0.564453125 5.102486751779312e-23
0.564697265625 5.299668919272164e-23
0.56494140625 5.402078229544603e-23
0.565185546875 5.210089796056314e-23
0.5654296875 5.102527431207509e-23
0.565673828125 5.279230446373741e-23
0.56591796875 5.361488527013744e-23
0.566162109375 5.149263026583242e-23
0.56640625 5.021186030237991e-23
0.566650390625 5.177551647982083e-23
0.56689453125 5.239881364794925e-23
0.567138671875 5.007719388668782e-23
0.5673828125 4.859504419863763e-23
0.567626953125 4.99598828135142e-23
0.56787109375 5.038925292180438e-23
0.568115234375 4.787438796300772e-23
0.568359375 4.619772119411815e-23
0.568603515625 4.737137440787817e-23
0.56884765625 4.761522679048304e-23
0.569091796875 4.491626268644456e-23
0.5693359375 4.305493846339995e-23
0.569580078125 4.40480032934527e-23
0.56982421875 4.411767742865424e-23
0.570068359375 4.124665250363509e-23
0.5703125 3.921338172450077e-23
0.570556640625 4.003926298052205e-23
0.57080078125 3.994886022545929e-23
0.571044921875 3.692052576171215e-23
0.5712890625 3.473068039577841e-23
0.571533203125 3.540538977525202e-23
0.57177734375 3.517156195065714e-23
0.572021484375 3.200316045723684e-23
0.572265625 2.967454170178983e-23
0.572509765625 3.021645605740167e-23
0.57275390625 2.985815405910584e-23
0.572998046875 2.656915846148948e-23
0.5732421875 2.412172675158183e-23
0.573486328125 2.455130918130775e-23
0.57373046875 2.408949542070416e-23
0.573974609375 2.070131312108628e-23
0.57421875 1.815688408620251e-23
0.574462890625 1.84963720800192e-23
0.57470703125 1.795370112349714e-23
0.574951171875 1.448934743370462e-23
0.5751953125 1.187125843081161e-23
0.575439453125 1.214432382680386e-23
0.57568359375 1.154479610557315e-23
0.575927734375 8.028542038047258e-24
0.576171875 5.361294355799048e-24
0.576416015625 5.592680304776997e-24
0.57666015625 4.961274193632366e-24
0.576904296875 1.418274003353935e-24
0.5771484375 -1.272843780521396e-24
0.577392578125 -1.057703275931919e-24
0.57763671875 -1.695415366346344e-24
0.577880859375 -5.239511171230673e-24
0.578125 -7.928812893936829e-24
0.578369140625 -7.704185018185396e-24
0.57861328125 -8.322430631597247e-24
0.578857421875 -1.184187085564721e-23
0.5791015625 -1.45036695348181e-23
0.579345703125 -1.424392023711306e-23
0.57958984375 -1.481712487163446e-23
0.579833984375 -1.828645567416158e-23
0.580078125 -2.089546121281535e-23
0.580322265625 -2.057545218571307e-23
0.58056640625 -2.107863515586771e-23
0.580810546875 -2.44730944174033e-23
0.5810546875 -2.70048060985561e-23
0.581298828125 -2.660028501561955e-23
0.58154296875 -2.700944704841012e-23
0.581787109375 -3.03053489534268e-23
0.58203125 -3.273643664194975e-23
0.582275390625 -3.22244146036501e-23
0.58251953125 -3.251691115531244e-23
0.582763671875 -3.569201502117073e-23
0.5830078125 -3.800068315195405e-23
0.583251953125 -3.735979347374175e-23
0.58349609375 -3.751468796169445e-23
0.583740234375 -4.054854557452909e-23
0.583984375 -4.271487425946426e-23
0.584228515625 -4.192570701184767e-23
0.58447265625 -4.192409845440754e-23
0.584716796875 -4.479837449261769e-23
0.5849609375 -4.680463242047947e-23
0.585205078125 -4.585003949378645e-23
0.58544921875 -4.567535943402711e-23
0.585693359375 -4.837411996450815e-23
0.5859375 -5.020504419248324e-23
0.586181640625 -4.907041010346111e-23
0.58642578125 -4.870868415750238e-23
0.586669921875 -5.121864867253439e-23
0.5869140625 -5.286168690944896e-23
0.587158203125 -5.153516108622132e-23
0.58740234375 -5.097523099306121e-23
0.587646484375 -5.328598400970246e-23
0.587890625 -5.473149556140424e-23
0.588134765625 -5.320418242962145e-23
0.58837890625 -5.243788508140691e-23
0.588623046875 -5.454204394177273e-23
0.5888671875 -5.578345611991158e-23
0.589111328125 -5.404955995737837e-23
0.58935546875 -5.307186054643526e-23
0.589599609375 -5.496519672709873e-23
0.58984375 -5.599911420413666e-23
0.590087890625 -5.405603642384752e-23
0.59033203125 -5.286511354586903e-23
0.590576171875 -5.454662549742698e-23
0.5908203125 -5.537289081258136e-23
0.591064453125 -5.322127806439747e-23
0.59130859375 -5.18185593551549e-23
0.591552734375 -5.329049563798586e-23
0.591796875 -5.391219981003764e-23
0.592041015625 -5.155594204792153e-23
0.59228515625 -4.994608969239624e-23
0.592529296875 -5.121392194010169e-23
0.5927734375 -5.163736491184758e-23
0.593017578125 -4.90835433450644e-23
0.59326171875 -4.727438957114809e-23
0.593505859375 -4.834673558772766e-23
0.59375 -4.858133700163585e-23
0.593994140625 -4.584012262268021e-23
0.59423828125 -4.38425560648689e-23
0.594482421875 -4.47310541328133e-23
0.5947265625 -4.478921570610671e-23
0.594970703125 -4.187371985339705e-23
0.59521484375 -3.970152443300266e-23
0.595458984375 -4.042066066593202e-23
0.595703125 -4.031758218397295e-23
0.595947265625 -3.724366134167251e-23
0.59619140625 -3.491331004738355e-23
0.596435546875 -3.548020135025408e-23
0.5966796875 -3.523365301820253e-23
0.596923828125 -3.201967076743765e-23
0.59716796875 -2.955007742205405e-23
0.597412109375 -2.998421331348082e-23
0.59765625 -2.961426788634503e-23
0.597900390625 -2.628081759037491e-23
0.59814453125 -2.369305034533255e-23
0.598388671875 -2.401599753911853e-23
0.5986328125 -2.354472627915978e-23
0.598876953125 -2.011431869944776e-23
0.59912109375 -1.743127959807069e-23
0.599365234375 -1.766635382480031e-23
0.599609375 -1.711749090276756e-23
0.599853515625 -1.36142114936582e-23
0.60009765625 -1.086028697758644e-23
0.600341796875 -1.103219704280728e-23
0.6005859375 -1.043077749686217e-23
0.600830078125 -6.879918605188264e-24
0.60107421875 -4.080606297751194e-24
0.601318359375 -4.215075812862729e-24
0.6015625 -3.587052598460801e-24
0.601806640625 -1.472619321446143e-26
0.60205078125 2.803756328657927e-24
0.602294921875 2.680383750200149e-24
0.6025390625 3.308537751395934e-24
0.602783203125 6.875800881446471e-24
0.60302734375 9.686919324760259e-24
0.603271484375 9.548085345581595e-24
0.603515625 1.01497842448733e-23
0.603759765625 1.368544266609099e-23
0.60400390625 1.646275506852297e-23
0.604248046875 1.628209614476337e-23
0.6044921875 1.683105062991614e-23
0.604736328125 2.030896152472007e-23
0.60498046875 2.302652680739431e-23
0.605224609375 2.277828163175495e-23
0.60546875 2.324890489658412e-23
0.605712890625 2.664372809381065e-23
0.60595703125 2.927650781126503e-23
0.606201171875 2.893591638658827e-23
0.6064453125 2.930372013152707e-23
0.606689453125 3.259131065705406e-23
0.60693359375 3.511555772724715e-23
0.607177734375 3.465924589157034e-23
0.607421875 3.49012202601458e-23
0.607666015625 3.805900332273158e-23
0.60791015625 4.045263170793404e-23
0.608154296875 3.985897514358339e-23
0.6083984375 3.995394669491473e-23
0.608642578125 4.296126928061466e-23
0.60888671875 4.520419887150267e-23
0.609130859375 4.445366093506996e-23
0.609375 4.438262307928173e-23
0.609619140625 4.722107667680643e-23
0.60986328125 4.929554800291702e-23
0.610107421875 4.837098610536494e-23
0.6103515625 4.811739684233847e-23
0.610595703125 5.077110625602435e-23
0.61083984375 5.266196010043299e-23
0.611083984375 5.154889584114195e-23
0.611328125 5.109893813711686e-23
0.611572265625 5.355481185726906e-23
0.61181640625 5.524972938495221e-23
0.612060546875 5.393657819321908e-23
0.6123046875 5.327937889691615e-23
0.612548828125 5.552731708142532e-23
0.61279296875 5.701701669132724e-23
0.613037109375 5.549527334515278e-23
0.61328125 5.462307717672663e-23
0.613525390625 5.665613394411347e-23
0.61376953125 5.793452171520716e-23
0.614013671875 5.619889878095732e-23
0.6142578125 5.510719461349122e-23
0.614501953125 5.692169204610155e-23
0.61474609375 5.79859633577518e-23
0.614990234375 5.603448031495221e-23
0.615234375 5.472207769907169e-23
0.615478515625 5.631766969526463e-23
0.61572265625 5.716836035094841e-23
0.615966796875 5.500238192323414e-23
0.6162109375 5.347143656925306e-23
0.616455078125 5.485112145383004e-23
0.61669921875 5.549210741341583e-23
0.616943359375 5.311633040772637e-23
0.6171875 5.137231812511784e-23
0.617431640625 5.254239971601647e-23
0.61767578125 5.298084533328422e-23
0.617919921875 5.040323408283596e-23
0.6181640625 4.845487347139006e-23
0.618408203125 4.94248710956999e-23
0.61865234375 4.967112655245637e-23
0.618896484375 4.690279785258303e-23
0.619140625 4.476192283133802e-23
0.619384765625 4.55444315727092e-23
0.61962890625 4.561188098644583e-23
0.619873046875 4.266694019380854e-23
0.6201171875 4.034832423025176e-23
0.620361328125 4.095882746055429e-23
0.62060546875 4.086368990696001e-23
0.620849609375 3.77590206298019e-23
0.62109375 3.528015528113062e-23
0.621337890625 3.573679226981514e-23
0.62158203125 3.549787869268707e-23
0.621826171875 3.225288922096652e-23
0.6220703125 2.9633720309608e-23
0.622314453125 2.995701240318766e-23
0.62255859375 2.959544207107474e-23
0.622802734375 2.623177236931465e-23
0.623046875 2.349439777536236e-23
0.623291015625 2.370693728578561e-23
0.62353515625 2.32458180863373e-23
0.623779296875 1.978701178826275e-23
0.6240234375 1.69553454418304e-23
0.624267578125 1.708145196626379e-23
0.62451171875 1.654552939585763e-23
0.624755859375 1.301667578882075e-23
0.625 1.011608297595307e-23
0.625244140625 1.018143238243672e-23
0.62548828125 9.596712581346711e-24
0.625732421875 6.024064041498476e-24
0.6259765625 3.0809735900739e-24
0.626220703125 3.112205335596222e-24
0.62646484375 2.505557929985027e-24
0.626708984375 -1.083871341324708e-24
0.626953125 -4.042372061626514e-24
0.627197265625 -4.018063268637538e-24
0.62744140625 -4.619316433770717e-24
0.627685546875 -8.198164221920366e-24
0.6279296875 -1.114474527477291e-23
0.628173828125 -1.110002720231869e-23
0.62841796875 -1.16685311255944e-23
0.628662109375 -1.520950720699184e-23
0.62890625 -1.811701664752962e-23
0.629150390625 -1.80248402360494e-23
0.62939453125 -1.853362717148623e-23
0.629638671875 -2.200993304651062e-23
0.6298828125 -2.48518155872512e-23
0.630126953125 -2.468583213345725e-23
0.63037109375 -2.510873687234559e-23
0.630615234375 -2.849447875502745e-23
0.630859375 -3.124518608132678e-23
0.631103515625 -3.098015447145022e-23
0.63134765625 -3.129221808194058e-23
0.631591796875 -3.45628067662917e-23
0.6318359375 -3.7198193159677e-23
0.632080078125 -3.681037085504495e-23
0.63232421875 -3.698822663308814e-23
0.632568359375 -4.012075804645676e-23
0.6328125 -4.261845518899231e-23
0.633056640625 -4.20859669057958e-23
0.63330078125 -4.210820255384826e-23
0.633544921875 -4.508181309410642e-23
0.6337890625 -4.742157823673982e-23
0.634033203125 -4.672475659474317e-23
0.63427734375 -4.657224700036144e-23
0.634521484375 -4.936843813188087e-23
0.634765625 -5.15324702099487e-23
0.635009765625 -5.065416304683959e-23
0.63525390625 -5.031036847650699e-23
0.635498046875 -5.291329552403537e-23
0.6357421875 -5.48865142877648e-23
0.635986328125 -5.381235384045032e-23
0.63623046875 -5.326357888818827e-23
0.636474609375 -5.566029951091195e-23
0.63671875 -5.743058330037914e-23
0.636962890625 -5.614921303424951e-23
0.63720703125 -5.538482226160669e-23
0.637451171875 -5.756550070363685e-23
0.6376953125 -5.912387912792181e-23
0.637939453125 -5.762713464092482e-23
0.63818359375 -5.663972150588269e-23
0.638427734375 -5.859778539474946e-23
0.638671875 -5.993858386411005e-23
0.638916015625 -5.822162499474332e-23
0.63916015625 -5.7007131381761e-23
0.639404296875 -5.873937857291115e-23
0.6396484375 -5.986031237029285e-23
0.639892578125 -5.792170438645184e-23
0.64013671875 -5.647948880732208e-23
0.640380859375 -5.798614253900671e-23
0.640625 -5.888835889171986e-23
0.640869140625 -5.673010141928832e-23
0.64111328125 -5.50629547430917e-23
0.641357421875 -5.634766616053195e-23
0.6416015625 -5.703573357263897e-23
0.641845703125 -5.466323672674718e-23
0.64208984375 -5.277734510484969e-23
0.642333984375 -5.384714302305764e-23
0.642578125 -5.432898794146302e-23
0.642822265625 -5.175099593709407e-23
0.64306640625 -4.965585140333545e-23
0.643310546875 -5.052103999182124e-23
0.6435546875 -5.080783169187164e-23
0.643798828125 -4.803629502138386e-23
0.64404296875 -4.574455505579942e-23
0.644287109375 -4.641856093316281e-23
0.64453125 -4.652454631003043e-23
0.644775390625 -4.357444437060794e-23
0.64501953125 -4.11017425047244e-23
0.645263671875 -4.160091351423127e-23
0.6455078125 -4.154320424218088e-23
0.645751953125 -3.843232106400969e-23
0.64599609375 -3.579703136464098e-23
0.646240234375 -3.614039005125365e-23
0.646484375 -3.593870531194924e-23
0.646728515625 -3.268736176591825e-23
0.64697265625 -2.991032075078618e-23
0.647216796875 -3.011927626407662e-23
0.6474609375 -2.979564493596125e-23
0.647705078125 -2.642639147685458e-23
0.64794921875 -2.353058167797596e-23
0.648193359375 -2.362860447290048e-23
0.6484375 -2.320703130552026e-23
0.648681640625 -1.974430592213237e-23
0.64892578125 -1.675450591155329e-23
0.649169921875 -1.676677020017736e-23
0.6494140625 -1.627287106035121e-23
0.649658203125 -1.274262764834945e-23
0.64990234375 -9.685033865956204e-24
0.650146484375 -9.638033278689488e-24
0.650390625 -9.098645040687756e-24
0.650634765625 -5.527957878674921e-24
0.65087890625 -2.429784045339283e-24
0.651123046875 -2.350926382211594e-24
0.6513671875 -1.793697434117838e-24
0.651611328125 1.789652179053582e-24
0.65185546875 4.900591924893741e-24
0.652099609375 4.983404640664145e-24
0.65234375 5.530436993956648e-24
0.652587890625 9.098385598007047e-24
0.65283203125 1.219410344168959e-23
0.653076171875 1.225290315932953e-23
0.6533203125 1.276174190428697e-23
0.653564453125 1.628637370287419e-23
0.65380859375 1.933913821209546e-23
0.654052734375 1.9346320712641e-23
0.654296875 1.978943834254358e-23
0.654541015625 2.324341337922765e-23
0.65478515625 2.622617625828651e-23
0.655029296875 2.61549260568774e-23
0.6552734375 2.650568718088296e-23
0.655517578125 2.986266126555217e-23
0.65576171875 3.274947422507579e-23
0.656005859375 3.257417796228536e-23
0.65625 3.280724878682462e-23
0.656494140625 3.604227869029673e-23
0.65673828125 3.88086939954172e-23
0.656982421875 3.850533593210428e-23
0.6572265625 3.859707428678238e-23
0.657470703125 4.168700193953575e-23
0.65771484375 4.431045044240682e-23
0.657958984375 4.385698393988682e-23
0.658203125 4.378580381152611e-23
0.658447265625 4.670961355794713e-23
0.65869140625 4.916975435950409e-23
0.658935546875 4.854644358917712e-23
0.6591796875 4.829314851293998e-23
0.659423828125 5.103229188031918e-23
0.65966796875 5.331132819626692e-23
0.659912109375 5.250105477469017e-23
0.66015625 5.204913490440728e-23
0.660400390625 5.458781784004794e-23
0.66064453125 5.667077416060343e-23
0.660888671875 5.565930394049151e-23
0.6611328125 5.499519217430709e-23
0.661376953125 5.732062027696997e-23
0.66162109375 5.919557650113211e-23
0.661865234375 5.797178235782231e-23
0.662109375 5.708506552146837e-23
0.662353515625 5.918764343623058e-23
0.66259765625 6.084592232017959e-23
0.662841796875 5.940195944728162e-23
0.6630859375 5.828554122625235e-23
0.663330078125 6.015902307483693e-23
0.66357421875 6.159532805043491e-23
0.663818359375 5.992675900745194e-23
0.6640625 5.857697206036388e-23
0.664306640625 6.021856053128455e-23
0.66455078125 6.143106171350859e-23
0.664794921875 5.953692924087001e-23
0.6650390625 5.795359470800741e-23
0.665283203125 5.936398722095397e-23
0.66552734375 6.035435422065039e-23
0.665771484375 5.823720064195999e-23
0.666015625 5.642363407343237e-23
0.666259765625 5.760701524784794e-23
0.66650390625 5.838039622625654e-23
0.666748046875 5.604622908123612e-23
0.6669921875 5.400919263556537e-23
0.667236328125 5.497317312195786e-23
0.66748046875 5.553812035316973e-23
0.667724609375 5.299632473492468e-23
0.66796875 5.074592632880333e-23
0.668212890625 5.150142888990365e-23
0.66845703125 5.186977192410572e-23
0.668701171875 4.913297081823931e-23
0.6689453125 4.66825117283752e-23
0.669189453125 4.724360627320127e-23
0.66943359375 4.743027460423877e-23
0.669677734375 4.451413933208155e-23
0.669921875 4.187991254813779e-23
0.670166015625 4.226360261245034e-23
0.67041015625 4.2286400535467e-23
0.670654296875 3.920941417682179e-23
0.6708984375 3.641045656770425e-23
0.671142578125 3.663642048716997e-23
0.67138671875 3.651575757353346e-23
0.671630859375 3.329893497380839e-23
0.671875 3.035673704638412e-23
0.672119140625 3.044702777204811e-23
0.67236328125 3.020560907803702e-23
0.672607421875 2.687217771910866e-23
0.6728515625 2.381035540738508e-23
0.673095703125 2.378906355601068e-23
0.67333984375 2.3451544307907e-23
0.673583984375 2.002659093090065e-23
0.673828125 1.687052444470516e-23
0.674072265625 1.676340974896739e-23
0.67431640625 1.635601980062149e-23
0.674560546875 1.286610820263034e-23
0.6748046875 9.642553478407734e-24
0.675048828125 9.476650294949825e-24
0.67529296875 9.026794125756649e-24
0.675537109375 5.499560002749469e-24
0.67578125 2.236238727448609e-24
0.676025390625 2.039441666618081e-24
0.67626953125 1.575280070785966e-24
0.676513671875 -1.960990861258183e-24
0.6767578125 -5.235816346187529e-24
0.677001953125 -5.43518029290629e-24
0.67724609375 -5.885160386902357e-24
0.677490234375 -9.401964497164197e-24
0.677734375 -1.265992486591514e-23
0.677978515625 -1.283353111108058e-23
0.67822265625 -1.324095206358708e-23
0.678466796875 -1.671000347943097e-23
0.6787109375 -1.992305798300808e-23
0.678955078125 -2.00430193396938e-23
0.67919921875 -2.038004675238944e-23
0.679443359375 -2.377370988191543e-23
0.6796875 -2.691457708333217e-23
0.679931640625 -2.695387226372909e-23
0.68017578125 -2.719364076673301e-23
0.680419921875 -3.048535299680798e-23
0.6806640625 -3.352793003362971e-23
0.680908203125 -3.346081903689974e-23
0.68115234375 -3.357784333771421e-23
0.681396484375 -3.674252138133267e-23
0.681640625 -3.966228528240819e-23
0.681884765625 -3.946470525782977e-23
0.68212890625 -3.943527010361878e-23
0.682373046875 -4.244969371969672e-23
0.6826171875 -4.52240785769383e-23
0.682861328125 -4.487401404706134e-23
0.68310546875 -4.467653707464962e-23
0.683349609375 -4.751970423024835e-23
0.68359375 -5.0128448396913e-23
0.683837890625 -4.960627011922774e-23
0.68408203125 -4.922163198395145e-23
0.684326171875 -5.18750799681215e-23
0.6845703125 -5.430053791630064e-23
0.684814453125 -5.358930514484803e-23
0.68505859375 -5.300114182342403e-23
0.685302734375 -5.544922934666206e-23
0.685546875 -5.767664336163954e-23
0.685791015625 -5.676236483461163e-23
0.68603515625 -5.595731758095925e-23
0.686279296875 -5.8187463496495e-23
0.6865234375 -6.020519100586426e-23
0.686767578125 -5.907704062280263e-23
0.68701171875 -5.804495971004552e-23
0.687255859375 -6.004783466362142e-23
0.6875 -6.184752768493293e-23
0.687744140625 -6.049801153783725e-23
0.68798828125 -5.923211063449824e-23
0.688232421875 -6.100177867750858e-23
0.6884765625 -6.257851260915279e-23
0.688720703125 -6.100358478471168e-23
0.68896484375 -5.950054357731841e-23
0.689208984375 -6.103455155289124e-23
0.689453125 -6.238690131738388e-23
0.689697265625 -6.058602668102741e-23
0.68994140625 -5.884604015703646e-23
0.690185546875 -6.014545347775882e-23
0.6904296875 -6.12755158423942e-23
0.690673828125 -5.925167883654182e-23
0.69091796875 -5.727845246821162e-23
0.691162109375 -5.834783673523545e-23
0.69140625 -5.926119846957289e-23
0.691650390625 -5.702085779553148e-23
0.69189453125 -5.48215487043272e-23
0.692138671875 -5.566889745747764e-23
0.6923828125 -5.637454982714852e-23
0.692626953125 -5.392753971960575e-23
0.69287109375 -5.151264473866006e-23
0.693115234375 -5.214925446289331e-23
0.693359375 -5.265945539192395e-23
0.693603515625 -5.00188350236403e-23
0.69384765625 -4.740202739985411e-23
0.694091796875 -4.784232173188698e-23
0.6943359375 -4.817240777780764e-23
0.694580078125 -4.535426113720024e-23
0.69482421875 -4.255217841162211e-23
0.695068359375 -4.281348427898652e-23
0.6953125 -4.298163534402682e-23
0.695556640625 -4.000482469707723e-23
0.69580078125 -3.703681106002048e-23
0.696044921875 -3.713909023084011e-23
0.6962890625 -3.716605066607085e-23
0.696533203125 -3.405192743438032e-23
0.69677734375 -3.093973455827863e-23
0.697021484375 -3.090527477205403e-23
0.697265625 -3.081403520810952e-23
0.697509765625 -2.758611275580866e-23
0.69775390625 -2.435356375305972e-23
0.697998046875 -2.42066342298225e-23
0.6982421875 -2.402207907706923e-23
0.698486328125 -2.070567249010678e-23
0.69873046875 -1.737829421501651e-23
0.698974609375 -1.714477089247755e-23
0.69921875 -1.689329698570499e-23
0.699462890625 -1.35151354386177e-23
0.69970703125 -1.011976484300937e-23
0.699951171875 -9.826731160209722e-24
0.7001953125 -9.535843469702203e-24
0.700439453125 -6.123661199244362e-24
0.70068359375 -2.68803185263013e-24
0.700927734375 -2.363361276580761e-24
0.701171875 -2.061251961718645e-24
0.701416015625 1.356635802995862e-24
0.70166015625 4.80432061189892e-24
0.701904296875 5.132393838871677e-24
0.7021484375 5.417276501040849e-24
0.702392578125 8.812406071201034e-24
0.70263671875 1.224390702921083e-23
0.702880859375 1.254722226375881e-23
0.703125 1.278660838841597e-23
0.703369140625 1.613080190211146e-23
0.70361328125 1.951827743812978e-23
0.703857421875 1.976918039827959e-23
0.7041015625 1.993540970506823e-23
0.704345703125 2.320120443572089e-23
0.70458984375 2.651763783775588e-23
0.704833984375 2.668940504938597e-23
0.705078125 2.675584809665547e-23
0.705322265625 2.991691413328032e-23
0.70556640625 3.313652740292749e-23
0.705810546875 3.320377576068832e-23
0.7060546875 3.314523868177541e-23
0.706298828125 3.617677851723908e-23
0.70654296875 3.927542656037826e-23
0.706787109375 3.921450167065088e-23
0.70703125 3.900760815467143e-23
0.707275390625 4.188673200544158e-23
0.70751953125 4.484227106995466e-23
0.707763671875 4.463160837977532e-23
0.7080078125 4.425515299973533e-23
0.708251953125 4.696122406467006e-23
0.70849609375 4.97538487432541e-23
0.708740234375 4.937430188941426e-23
0.708984375 4.880956933312678e-23
0.709228515625 5.132451367354097e-23
0.70947265625 5.393705728600858e-23
0.709716796875 5.337218861576796e-23
0.7099609375 5.260323391297321e-23
0.710205078125 5.491181019412501e-23
0.71044921875 5.733000394092062e-23
0.710693359375 5.656633275216092e-23
0.7109375 5.558021820583624e-23
0.711181640625 5.767024317229159e-23
0.71142578125 5.988293010042603e-23
0.711669921875 5.891013481491488e-23
0.7119140625 5.769712002644841e-23
0.712158203125 5.955964628063088e-23
0.71240234375 6.15589468144598e-23
0.712646484375 6.037001802291139e-23
0.712890625 5.892370013882972e-23
0.713134765625 6.055314354232276e-23
0.71337890625 6.233457009347434e-23
0.713623046875 6.092591218371931e-23
0.7138671875 5.924331427434801e-23
0.714111328125 6.063752908346238e-23
0.71435546875 6.220004805461774e-23
0.714599609375 6.057152794235984e-23
0.71484375 5.865313423776989e-23
0.715087890625 5.981343490599405e-23
0.71533203125 6.115947522962715e-23
0.715576171875 5.931441754202572e-23
0.7158203125 5.716415508508903e-23
0.716064453125 5.809528450225056e-23
0.71630859375 5.923069269459404e-23
0.716552734375 5.71758215973301e-23
0.716796875 5.480098871436072e-23
0.717041015625 5.551103349250255e-23
0.71728515625 5.644497604188076e-23
0.717529296875 5.419030473696213e-23
0.7177734375 5.160144756005305e-23
0.718017578125 5.210170180578186e-23
0.71826171875 5.28465165395316e-23
0.718505859375 5.040518628074443e-23
0.71875 4.761592536921836e-23
0.718994140625 4.792070518853349e-23
0.71923828125 4.849170406108324e-23
0.719482421875 4.587977532367452e-23
0.7197265625 4.29065852122749e-23
0.719970703125 4.303299696379587e-23
0.72021484375 4.344822346740809e-23
0.720458984375 4.068442265571478e-23
0.720703125 3.754636789178552e-23
0.720947265625 3.751403392570734e-23
0.72119140625 3.779397903282812e-23
0.721435546875 3.489940480238928e-23
0.7216796875 3.161783671175343e-23
0.721923828125 3.144858299328683e-23
0.72216796875 3.161586418423487e-23
0.722412109375 2.861365808237096e-23
0.72265625 2.521187711312257e-23
0.722900390625 2.492938772012023e-23
0.72314453125 2.500839622165756e-23
0.723388671875 2.192338290265085e-23
0.7236328125 1.842627192793385e-23
0.723876953125 1.805571592352139e-23
0.72412109375 1.807223777369204e-23
0.724365234375 1.493054051275777e-23
0.724609375 1.136417491945641e-23
0.724853515625 1.093181152359942e-23
0.72509765625 1.091262847824956e-23
0.725341796875 7.741266085026017e-24
0.7255859375 4.132506827922289e-24
0.725830078125 3.665275140304894e-24
0.72607421875 3.637751740611603e-24
0.726318359375 4.642232519840389e-25
0.7265625 -3.15970069311691e-24
0.726806640625 -3.634600937988177e-24
0.72705078125 -3.64293761468784e-24
0.727294921875 -6.791073905502252e-24
0.7275390625 -1.040298710502823e-23
0.727783203125 -1.08585171445204e-23
0.72802734375 -1.082039842953909e-23
0.728271484375 -1.391594497816731e-23
0.728515625 -1.748914448969644e-23
0.728759765625 -1.789884387604582e-23
0.72900390625 -1.778767453556654e-23
0.729248046875 -2.08042069898708e-23
0.7294921875 -2.431287212579637e-23
0.729736328125 -2.465126526598007e-23
0.72998046875 -2.444152610690723e-23
0.730224609375 -2.735379173103864e-23
0.73046875 -3.077337823064563e-23
0.730712890625 -3.10163637742239e-23
0.73095703125 -3.068399554392013e-23
0.731201171875 -3.346829140700216e-23
0.7314453125 -3.677590387732769e-23
0.731689453125 -3.690112089492535e-23
0.73193359375 -3.642388350538526e-23
0.732177734375 -3.905840855931562e-23
0.732421875 -4.223314540963948e-23
0.732666015625 -4.222031069282483e-23
0.73291015625 -4.157811221099747e-23
0.733154296875 -4.404328781585752e-23
0.7333984375 -4.706655336704838e-23
0.733642578125 -4.689776465861652e-23
0.73388671875 -4.607295500422135e-23
0.734130859375 -4.835170898021899e-23
0.734375 -5.120748797092814e-23
0.734619140625 -5.086748849516316e-23
0.73486328125 -4.984511336716489e-23
0.735107421875 -5.19231232504981e-23
0.7353515625 -5.459821357873015e-23
0.735595703125 -5.407461387518576e-23
0.73583984375 -5.28426250787156e-23
0.736083984375 -5.47085169254777e-23
0.736328125 -5.719271714626478e-23
0.736572265625 -5.647617090750256e-23
0.73681640625 -5.502558996399695e-23
0.737060546875 -5.667108977049153e-23
0.7373046875 -5.895733860717472e-23
0.737548828125 -5.804166996957634e-23
0.73779296875 -5.636670265253827e-23
0.738037109375 -5.778673823028947e-23
0.73828125 -5.987120413643928e-23
0.738525390625 -5.875348466137873e-23
0.73876953125 -5.685158489627021e-23
0.739013671875 -5.80443368432011e-23
0.7392578125 -5.992645646162156e-23
0.739501953125 -5.860703085922435e-23
0.73974609375 -5.647891324549926e-23
0.739990234375 -5.744581447804896e-23
0.740234375 -5.912827966964136e-23
0.740478515625 -5.761074014577126e-23
0.74072265625 -5.526034118872937e-23
0.740966796875 -5.600602532969991e-23
0.7412109375 -5.749471927458613e-23
0.741455078125 -5.578582921010576e-23
0.74169921875 -5.322021817649357e-23
0.741943359375 -5.375241791675664e-23
0.7421875 -5.505630160960719e-23
0.742431640625 -5.316587009584595e-23
0.74267578125 -5.039511121652616e-23
0.742919921875 -5.072450857176135e-23
0.7431640625 -5.18554598292539e-23
0.743408203125 -4.979616937171354e-23
0.74365234375 -4.683313789404178e-23
0.743896484375 -4.697316904746824e-23
0.744140625 -4.794577690532812e-23
0.744384765625 -4.573296735608737e-23
0.74462890625 -4.259312268516601e-23
0.744873046875 -4.255974083111711e-23
0.7451171875 -4.33910589187246e-23
0.745361328125 -4.104247139450491e-23
0.74560546875 -3.774359124415284e-23
0.745849609375 -3.755499151350348e-23
0.74609375 -3.826425464412655e-23
0.746337890625 -3.579973982017827e-23
0.74658203125 -3.236161991012825e-23
0.746826171875 -3.203793105610856e-23
0.7470703125 -3.264623984961357e-23
0.747314453125 -3.008743557912531e-23
0.74755859375 -2.653155995450903e-23
0.747802734375 -2.60945079965344e-23
0.748046875 -2.662448684960364e-23
0.748291015625 -2.399447053499416e-23
0.74853515625 -2.034365803885487e-23
0.748779296875 -1.981620749412853e-23
0.7490234375 -2.029164162228262e-23
0.749267578125 -1.761456315072122e-23
0.74951171875 -1.389259594242539e-23
0.749755859375 -1.329857461318477e-23
0.75 -1.374403220263924e-23
0.750244140625 -1.104473354711784e-23
0.75048828125 -7.275973823484264e-24
0.750732421875 -6.639687346239765e-24
0.7509765625 -7.080133066562401e-24
0.751220703125 -4.383760841049407e-24
0.75146484375 -5.927620780931052e-25
0.751708984375 6.139542381069077e-26
0.751953125 -3.990108135265275e-25
0.752197265625 2.269371846886665e-24
0.75244140625 6.058252757835409e-24
0.752685546875 6.706185547749717e-24
0.7529296875 6.201223374406274e-24
0.753173828125 8.817019261272974e-24
0.75341796875 1.258000265972468e-23
0.753662109375 1.319829149367793e-23
0.75390625 1.262492927397323e-23
0.754150390625 1.516437766357662e-23
0.75439453125 1.887862838075203e-23
0.754638671875 1.944489373404218e-23
0.7548828125 1.878039661380225e-23
0.755126953125 2.122092595109952e-23
0.75537109375 2.486490127646406e-23
0.755615234375 2.535814586266763e-23
0.755859375 2.458122405417608e-23
0.756103515625 2.690178111084293e-23
0.75634765625 3.045555391219116e-23
0.756591796875 3.085647904707387e-23
0.7568359375 2.994759616264761e-23
0.757080078125 3.212894644430411e-23
0.75732421875 3.557449833861243e-23
0.757568359375 3.586578917280684e-23
0.7578125 3.480743823503532e-23
0.758056640625 3.683243292635461e-23
0.75830078125 4.015391293282285e-23
0.758544921875 4.032048813123633e-23
0.7587890625 3.909743098649119e-23
0.759033203125 4.095123631483832e-23
0.75927734375 4.413518103159992e-23
0.759521484375 4.41644031050393e-23
0.759765625 4.276386961102972e-23
0.760009765625 4.443415516942387e-23
0.76025390625 4.74696671910264e-23
0.760498046875 4.735151037582875e-23
0.7607421875 4.576335443808578e-23
0.760986328125 4.724043772549535e-23
0.76123046875 5.011931974802523e-23
0.761474609375 4.98464930709744e-23
0.76171875 4.806330335534545e-23
0.761962890625 4.934024855449765e-23
0.76220703125 5.20570913867543e-23
0.762451171875 5.16251153325491e-23
0.7626953125 4.964227926820503e-23
0.762939453125 5.071494907524351e-23
0.76318359375 5.326717257452379e-23
0.763427734375 5.267440857834609e-23
0.763671875 5.049012907517034e-23
0.763916015625 5.135718920803654e-23
0.76416015625 5.374503597428374e-23
0.764404296875 5.299266877886567e-23
0.7646484375 5.060793390040465e-23
0.764892578125 5.127081072993339e-23
0.76513671875 5.34972932082056e-23
0.765380859375 5.258926693908057e-23
0.765625 5.000777358364562e-23
0.765869140625 5.047056613896774e-23
0.76611328125 5.254136858339599e-23
0.766357421875 5.148427819399367e-23
0.7666015625 4.871231162788823e-23
0.766845703125 4.898166001193386e-23
0.76708984375 5.090499754072992e-23
0.767333984375 4.970793804651987e-23
0.767578125 4.675420989117531e-23
0.767822265625 4.683912288920568e-23
0.76806640625 4.862556059635872e-23
0.768310546875 4.729993724140702e-23
0.7685546875 4.417538522710247e-23
0.768798828125 4.408703058841282e-23
0.76904296875 4.574926636064242e-23
0.769287109375 4.430856952768287e-23
0.76953125 4.10261229782581e-23
0.769775390625 4.077758448608286e-23
0.77001953125 4.233019979142976e-23
0.770263671875 4.078974906655346e-23
0.7705078125 3.736406466042822e-23
0.770751953125 3.697007066654335e-23
0.77099609375 3.842925412272615e-23
0.771240234375 3.680591644699783e-23
0.771484375 3.325308929969299e-23
0.771728515625 3.27297178782393e-23
0.77197265625 3.411296686493581e-23
0.772216796875 3.242485413867757e-23
0.7724609375 2.876210966182605e-23
0.772705078125 2.812647592276303e-23
0.77294921875 2.945228186398597e-23
0.773193359375 2.771843370700947e-23
0.7734375 2.396380601107651e-23
0.773681640625 2.323373740041468e-23
0.77392578125 2.452126060450487e-23
0.774169921875 2.276131821104355e-23
0.7744140625 1.893332102783781e-23
0.774658203125 1.812702662388507e-23
0.77490234375 1.939576672431463e-23
0.775146484375 1.762964388029908e-23
0.775390625 1.374694008264873e-23
0.775634765625 1.288267997136619e-23
0.77587890625 1.415214805835229e-23
0.776123046875 1.239970540815067e-23
0.7763671875 8.480781195694009e-24
0.776611328125 7.576541972006316e-24
0.77685546875 8.865940441583806e-24
0.777099609375 7.146669000650329e-24
0.77734375 3.20951870206608e-24
0.777587890625 2.282700997791595e-24
0.77783203125 3.610616972002116e-24
0.778076171875 1.943336682027004e-24
0.7783203125 -1.994836103181058e-24
0.778564453125 -2.92771241823698e-24
0.77880859375 -1.54359452646546e-24
0.779052734375 -3.141015709298853e-24
0.779296875 -7.064075238764848e-24
0.779541015625 -7.987642894263973e-24
0.77978515625 -6.530804480778798e-24
0.780029296875 -8.041705881193326e-24
0.7802734375 -1.193483470894174e-23
0.780517578125 -1.283512307813384e-23
0.78076171875 -1.129044540035056e-23
0.781005859375 -1.269959872175851e-23
0.78125 -1.654951701540131e-23
0.781494140625 -1.741416408134292e-23
0.78173828125 -1.576812912063698e-23
0.781982421875 -1.706192935234397e-23
0.7822265625 -2.085707926388407e-23
0.782470703125 -2.167550785198031e-23
0.78271484375 -1.99163624890635e-23
0.782958984375 -2.108298129453622e-23
0.783203125 -2.481367324320656e-23
0.783447265625 -2.557722856402921e-23
0.78369140625 -2.369510928547181e-23
0.783935546875 -2.472460827286312e-23
0.7841796875 -2.838312674303883e-23
0.784423828125 -2.908517304796089e-23
0.78466796875 -2.707218917243039e-23
0.784912109375 -2.79565912302723e-23
0.78515625 -3.153725848120522e-23
0.785400390625 -3.217323343753132e-23
0.78564453125 -3.002350766274361e-23
0.785888671875 -3.07568253641167e-23
0.7861328125 -3.425602227686222e-23
0.786376953125 -3.482344850484375e-23
0.78662109375 -3.253311441643886e-23
0.786865234375 -3.311133533910732e-23
0.787109375 -3.652747947509872e-23
0.787353515625 -3.702593354146085e-23
0.78759765625 -3.459309057784173e-23
0.787841796875 -3.501412024103189e-23
0.7880859375 -3.834760204083921e-23
0.788330078125 -3.87786420569889e-23
0.78857421875 -3.620326927437323e-23
0.788818359375 -3.646683323922252e-23
0.7890625 -3.971991213367648e-23
0.789306640625 -4.008696594602764e-23
0.78955078125 -3.737079675976906e-23
0.789794921875 -3.747830426470944e-23
0.7900390625 -4.065496728825763e-23
0.790283203125 -4.096318405755917e-23
0.79052734375 -3.810954493391103e-23
0.790771484375 -3.806391722275476e-23
0.791015625 -4.116970349532173e-23
0.791259765625 -4.142577222642823e-23
0.79150390625 -3.84393890481806e-23
0.791748046875 -3.824485628262884e-23
0.7919921875 -4.128665144659463e-23
0.792236328125 -4.14985907350974e-23
0.79248046875 -3.838536725054998e-23
0.792724609375 -3.804723856603669e-23
0.79296875 -4.103304391525343e-23
0.793212890625 -4.120996780908447e-23
0.79345703125 -3.797674118309324e-23
0.793701171875 -3.750115303390296e-23
0.7939453125 -4.043983463907673e-23
0.794189453125 -4.059170005900215e-23
0.79443359375 -3.724597906495194e-23
0.794677734375 -3.663962749957479e-23
0.794921875 -3.954065110692794e-23
0.795166015625 -3.967799271834437e-23
0.79541015625 -3.622768452998497e-23
0.795654296875 -3.54975474298751e-23
0.7958984375 -3.837070527788244e-23
0.796142578125 -3.850436404787286e-23
0.79638671875 -3.495749590045225e-23
0.796630859375 -3.411055149589066e-23
0.796875 -3.69656874492902e-23
0.797119140625 -3.710653934930623e-23
0.79736328125 -3.347098153291892e-23
0.797607421875 -3.251392967135064e-23
0.7978515625 -3.536066920605123e-23
0.798095703125 -3.551936062585677e-23
0.79833984375 -3.180255734455654e-23
0.798583984375 -3.074155002434005e-23
0.798828125 -3.358904160664405e-23
0.799072265625 -3.37757380251207e-23
0.79931640625 -2.998445259961738e-23
0.799560546875 -2.882484019254334e-23
0.7998046875 -3.16815144787283e-23
0.800048828125 -3.190566878985298e-23
0.80029296875 -2.804574949800688e-23
0.800537109375 -2.679184886630032e-23
0.80078125 -2.966520190372218e-23
0.801025390625 -2.99353485218343e-23
0.80126953125 -2.601152106052188e-23
0.801513671875 -2.466641142954576e-23
0.8017578125 -2.756281767008136e-23
0.802001953125 -2.788639813991656e-23
0.80224609375 -2.390209025712092e-23
0.802490234375 -2.246744223730553e-23
0.802734375 -2.539200268221492e-23
0.802978515625 -2.577522800089714e-23
0.80322265625 -2.173243129339513e-23
0.803466796875 -2.020837385977782e-23
0.8037109375 -2.316480404840599e-23
0.803955078125 -2.361255827576395e-23
0.80419921875 -1.951173148297562e-23
0.804443359375 -1.789676102604231e-23
0.8046875 -2.088732286782249e-23
0.804931640625 -2.140311186703921e-23
0.80517578125 -1.724312922502022e-23
0.805419921875 -1.553406399236856e-23
0.8056640625 -1.85595446328757e-23
0.805908203125 -1.914549295690223e-23
0.80615234375 -1.492364031967411e-23
0.806396484375 -1.311562268627651e-23
0.806640625 -1.617536270625808e-23
0.806884765625 -1.683226073966441e-23
0.80712890625 -1.254428124143183e-23
0.807373046875 -1.063082929071421e-23
0.8076171875 -1.372280157630755e-23
0.807861328125 -1.445020407207648e-23
0.80810546875 -1.009039410835621e-23
0.808349609375 -8.063502992151718e-24
0.80859375 -1.11844426008338e-23
0.808837890625 -1.198081873334431e-23
0.80908203125 -7.542173998086595e-24
0.809326171875 -5.392466487454899e-24
0.8095703125 -8.538050784658258e-24
0.809814453125 -9.400984791265497e-24
0.81005859375 -4.875395038196476e-24
0.810302734375 -2.592319596757268e-24
0.810546875 -5.757396870870093e-24
0.810791015625 -6.683837293668815e-24
0.81103515625 -2.062327411758279e-24
0.811279296875 3.655989629607602e-25
0.8115234375 -2.81326473454631e-24
0.811767578125 -3.799819220306398e-24
0.81201171875 9.271668553890576e-25
0.812255859375 3.51207485004153e-24
0.8125 3.253701728023429e-25
0.812744140625 -7.179014167851677e-25
0.81298828125 4.124375643942266e-24
0.813232421875 6.878723775024036e-24
0.8134765625 3.690009691978221e-24
0.813720703125 2.593049833316725e-24
0.81396484375 7.560336362473615e-24
0.814208984375 1.049656090710831e-23
0.814453125 7.311171408207539e-24
0.814697265625 6.162780781942236e-24
0.81494140625 1.126431754924685e-23
0.815185546875 1.439445903844711e-23
0.8154296875 1.121682258154722e-23
0.815673828125 1.001806045885269e-23
0.81591796875 1.526221001708811e-23
0.816162109375 1.859752390130221e-23
0.81640625 1.54307387205169e-23
0.816650390625 1.418102307223522e-23
0.81689453125 1.957485816791254e-23
0.817138671875 2.312541799355732e-23
0.8173828125 1.997081881064624e-23
0.817626953125 1.866747518311323e-23
0.81787109375 2.421636471136903e-23
0.818115234375 2.799066675735578e-23
0.818359375 2.484739156951994e-23
0.818603515625 2.34852024923588e-23
0.81884765625 2.919240411321576e-23
0.819091796875 3.319698291530625e-23
0.8193359375 3.006154891632659e-23
0.819580078125 2.863231274482781e-23
0.81982421875 3.449858162039671e-23
0.820068359375 3.873764614772188e-23
0.8203125 3.560354406767589e-23
0.820556640625 3.40956523158721e-23
0.82080078125 4.011887561641715e-23
0.821044921875 4.459397605023093e-23
0.8212890625 4.145129226222189e-23
0.821533203125 3.984933446299566e-23
0.82177734375 4.602420131642832e-23
0.822021484375 5.073393641063821e-23
0.822265625 4.756901204364329e-23
0.822509765625 4.585341697091057e-23
0.82275390625 5.21711333907484e-23
0.822998046875 5.711090826427993e-23
0.8232421875 5.390604427418359e-23
0.823486328125 5.205276597359259e-23
0.82373046875 5.850082399270885e-23
0.823974609375 6.366266791610713e-23
0.82421875 6.039588459993826e-23
0.824462890625 5.837614109464034e-23
0.82470703125 6.493815085771874e-23
0.824951171875 7.031060415471244e-23
0.8251953125 6.695546294593067e-23
0.825439453125 6.473553471140714e-23
0.82568359375 7.139112764226179e-23
0.825927734375 7.695920623932385e-23
0.826171875 7.348470079761811e-23
0.826416015625 7.102579513430931e-23
0.82666015625 7.775060550296852e-23
0.826904296875 8.349585093824012e-23
0.8271484375 7.98663735505611e-23
0.827392578125 7.712455982728885e-23
0.82763671875 8.389029110729622e-23
0.827880859375 8.979091297096388e-23
0.828125 8.596630111896055e-23
0.828369140625 8.289252051679524e-23
0.82861328125 8.966710186017142e-23
0.828857421875 9.569821870253301e-23
0.8291015625 9.163388533448177e-23
0.829345703125 8.81740371935898e-23
0.82958984375 9.492187417785657e-23
0.829833984375 1.010558579150935e-22
0.830078125 9.670300749875421e-23
0.830322265625 9.279811266327887e-23
0.83056640625 9.948043520389328e-23
0.830810546875 1.056873630070233e-22
0.8310546875 1.009932938456653e-22
0.831298828125 9.657973351592387e-23
0.83154296875 1.031550425146447e-22
0.831787109375 1.094032591228006e-22
0.83203125 1.04311750702256e-22
0.832275390625 9.932157723878169e-23
0.83251953125 1.057461901841688e-22
0.832763671875 1.120029825858393e-22
0.8330078125 1.064547648977125e-22
0.833251953125 1.008160787721067e-22
0.83349609375 1.070447731578291e-22
0.833740234375 1.132771586891575e-22
0.833984375 1.072104585540985e-22
0.834228515625 1.008478431942512e-22
0.83447265625 1.068345953148786e-22
0.834716796875 1.130102235007728e-22
0.8349609375 1.063613809027546e-22
0.835205078125 9.919638450964741e-23
0.83544921875 1.048951999796902e-22
0.835693359375 1.109833679758965e-22
0.8359375 1.036875133141977e-22
0.836181640625 9.563916379322781e-23
0.83642578125 1.010049950697465e-22
0.836669921875 1.069777764575798e-22
0.8369140625 9.896955741980233e-23
0.837158203125 8.995489330553821e-23
0.83740234375 9.494463864557746e-23
0.837646484375 1.00778125721083e-22
0.837890625 9.199247015626759e-23
0.838134765625 8.192706671594695e-23
0.83837890625 8.650064445161876e-23
0.838623046875 9.21763052138165e-23
0.8388671875 8.254920389848532e-23
0.839111328125 7.134766932565824e-23
0.83935546875 7.546916119937963e-23
0.839599609375 8.097531421411123e-23
0.83984375 7.044460468475089e-23
0.840087890625 5.802101621708773e-23
0.84033203125 6.165987392882729e-23
0.840576171875 6.69932874478937e-23
0.8408203125 5.549941700644036e-23
0.841064453125 4.176766058945598e-23
0.84130859375 4.489997085983201e-23
0.841552734375 5.006759746086366e-23
0.841796875 3.755433986374136e-23
0.842041015625 2.242830914287943e-23
0.84228515625 2.503811476243918e-23
0.842529296875 3.005897998843843e-23
0.8427734375 1.64740759213092e-23
0.843017578125 -1.323238575637559e-25
0.84326171875 1.948354053067392e-24
0.843505859375 6.855628015076833e-24
0.84375 -7.848686208263695e-24
0.843994140625 -2.602179748832459e-23
0.84423828125 -2.446609445797772e-23
0.844482421875 -1.962279838651325e-23
0.8447265625 -3.548941707981781e-23
0.844970703125 -5.531643943139435e-23
0.84521484375 -5.42692620678691e-23
0.845458984375 -4.942129533702743e-23
0.845703125 -6.648807851619989e-23
0.845947265625 -8.8058141884485e-23
0.84619140625 -8.748911737990077e-23
0.846435546875 -8.254581279925099e-23
0.8466796875 -1.00845699509505e-22
0.846923828125 -1.242515537090541e-22
0.84716796875 -1.241146042449668e-22
0.847412109375 -1.189597548357341e-22
0.84765625 -1.385212476410478e-22
0.847900390625 -1.638617782757773e-22
0.84814453125 -1.640931077031183e-22
0.848388671875 -1.585806894396292e-22
0.8486328125 -1.794288395419981e-22
0.848876953125 -2.068127087600158e-22
0.84912109375 -2.073284319685445e-22
0.849365234375 -2.012772401308634e-22
0.849609375 -2.234353213656557e-22
0.849853515625 -2.529861704423364e-22
0.85009765625 -2.536793824951784e-22
0.850341796875 -2.468660735394642e-22
0.8505859375 -2.703582312268803e-22
0.850830078125 -3.022221063563663e-22
0.85107421875 -3.029590581665801e-22
0.851318359375 -2.951087972027313e-22
0.8515625 -3.199641264462014e-22
0.851806640625 -3.543201651523988e-22
0.85205078125 -3.549349845612087e-22
0.852294921875 -3.457084014673495e-22
0.8525390625 -3.719672128203804e-22
0.852783203125 -4.090432841762037e-22
0.85302734375 -4.093302636798412e-22
0.853271484375 -3.983045363303321e-22
0.853515625 -4.260281396607893e-22
0.853759765625 -4.661243302983621e-22
0.85400390625 -4.65825994762372e-22
0.854248046875 -4.524662193251407e-22
0.8544921875 -4.81752702944293e-22
0.854736328125 -5.252778604472093e-22
0.85498046875 -5.240653612543517e-22
0.855224609375 -5.07679055802547e-22
0.85546875 -5.386899961882767e-22
0.855712890625 -5.862213565860288e-22
0.85595703125 -5.836600212464943e-22
0.856201171875 -5.633204403654644e-22
0.8564453125 -5.963292209852688e-22
0.856689453125 -6.487160817532311e-22
0.85693359375 -6.441998162809235e-22
0.857177734375 -6.186065537302114e-22
0.857421875 -6.540939302613468e-22
0.857666015625 -7.126543523002123e-22
0.85791015625 -7.052671808543523e-22
0.858154296875 -6.7246480331617e-22
0.8583984375 -7.11332331002927e-22
0.858642578125 -7.782781588668441e-22
0.85888671875 -7.664580623862753e-22
0.859130859375 -7.23160489623307e-22
0.859375 -7.672688218114222e-22
0.859619140625 -8.468195465363785e-22
0.85986328125 -8.27424328476036e-22
0.860107421875 -7.670304454859951e-22
0.8603515625 -8.209912216791756e-22
0.860595703125 -9.234051455956825e-22
0.86083984375 -8.878932577889788e-22
0.861083984375 -7.905580769561637e-22
0.861328125 -8.726456786468344e-22
0.861572265625 -1.062867373402887e-21
0.86181640625 -1.039530514460133e-21
0.862060546875 -8.331728532071665e-22
0.8623046875 -8.666820443386992e-22
0.862548828125 -1.22045337627479e-21
0.86279296875 -1.374169633973266e-21
0.863037109375 -9.846580125366877e-22
0.86328125 -4.464050542807794e-22
0.863525390625 -2.676948043395357e-22
0.86376953125 -2.985725441831086e-22
0.864013671875 -8.884472676153e-23
0.8642578125 2.928077817255051e-22
0.864501953125 3.84398980887477e-22
0.86474609375 1.237764229278572e-22
0.864990234375 -6.282185192014153e-23
0.865234375 5.068744293646431e-23
0.865478515625 2.330634157872704e-22
0.86572265625 2.975455484664872e-22
0.865966796875 3.989311214961491e-22
0.8662109375 6.79392063610711e-22
0.866455078125 9.985790150995642e-22
0.86669921875 1.226510662858039e-21
0.866943359375 1.528678653056581e-21
0.8671875 2.123168019759078e-21
0.867431640625 2.907709491752246e-21
0.86767578125 3.534676077796963e-21
0.867919921875 3.807784164339513e-21
0.8681640625 3.870310201744997e-21
0.868408203125 3.986844312480199e-21
0.86865234375 4.203127854380612e-21
0.868896484375 4.301267975031919e-21
0.869140625 4.140232349906944e-21
0.869384765625 3.925740690559681e-21
0.86962890625 3.929349329272546e-21
0.869873046875 3.999320577986369e-21
0.8701171875 3.717040792559228e-21
0.870361328125 3.125371524706335e-21
0.87060546875 2.84837762866172e-21
0.870849609375 3.197020550678029e-21
0.87109375 3.582512743645407e-21
0.871337890625 3.292455964423715e-21
0.87158203125 2.540299715228409e-21
0.871826171875 2.158526443459471e-21
0.8720703125 2.409500556374973e-21
0.872314453125 2.72558073037666e-21
0.87255859375 2.613396421872049e-21
0.872802734375 2.205403804671631e-21
0.873046875 1.812511668882937e-21
0.873291015625 1.496537110144739e-21
0.87353515625 1.278777313470257e-21
0.873779296875 1.262797699087224e-21
0.8740234375 1.287116439281737e-21
0.874267578125 8.987889184744588e-22
0.87451171875 -1.056489929416017e-23
0.874755859375 -9.063917442926362e-22
0.875 -1.295425171569989e-21
0.875244140625 -1.424524166729435e-21
0.87548828125 -1.92474504301117e-21
0.875732421875 -2.932899251977404e-21
0.8759765625 -3.919240767495668e-21
0.876220703125 -4.332228148318958e-21
0.87646484375 -4.161555287433776e-21
0.876708984375 -3.87093262348188e-21
0.876953125 -3.918155920460767e-21
0.877197265625 -4.328102608402603e-21
0.87744140625 -4.697088930955602e-21
0.877685546875 -4.680656083514319e-21
0.8779296875 -4.420250692716782e-21
0.878173828125 -4.2912157658914e-21
0.87841796875 -4.291430449791795e-21
0.878662109375 -4.025094828887673e-21
0.87890625 -3.343883433210546e-21
0.879150390625 -2.617794635178319e-21
0.87939453125 -2.211977455163387e-21
0.879638671875 -2.060440829446542e-21
0.8798828125 -1.971044788890383e-21
0.880126953125 -1.983201572778962e-21
0.88037109375 -2.124068087009356e-21
0.880615234375 -2.143359201835184e-21
0.880859375 -1.870049731327161e-21
0.881103515625 -1.583251000802556e-21
0.88134765625 -1.623968012272747e-21
0.881591796875 -1.818642135889698e-21
0.8818359375 -1.702358936119534e-21
0.882080078125 -1.194826616255845e-21
0.88232421875 -6.387488986587379e-22
0.882568359375 -2.331455518486156e-22
0.8828125 1.445934327421733e-22
0.883056640625 5.394444932384417e-22
0.88330078125 7.530714031030145e-22
0.883544921875 6.898283315842959e-22
0.8837890625 5.498543748608451e-22
0.884033203125 5.362852757551417e-22
0.88427734375 6.047022001319632e-22
0.884521484375 6.250127679897955e-22
0.884765625 5.924007078132772e-22
0.885009765625 5.563748074709012e-22
0.88525390625 4.994053785004301e-22
0.885498046875 3.96794187035983e-22
0.8857421875 2.764302680786425e-22
0.885986328125 1.387059410062218e-22
0.88623046875 -6.887631650170096e-23
0.886474609375 -3.269174008139223e-22
0.88671875 -4.991270638869708e-22
0.886962890625 -4.779655416760374e-22
0.88720703125 -2.867264840406316e-22
0.887451171875 1.015108703772363e-23
0.8876953125 3.975849036833848e-22
0.887939453125 8.488065317121235e-22
0.88818359375 1.264015139241467e-21
0.888427734375 1.548731116632288e-21
0.888671875 1.699564642802008e-21
0.888916015625 1.755480831059978e-21
0.88916015625 1.724841266585326e-21
0.889404296875 1.633392467480493e-21
0.8896484375 1.591790274277205e-21
0.889892578125 1.7038620622013e-21
0.89013671875 1.901185033980139e-21
0.890380859375 1.976531954283728e-21
0.890625 1.837088465458396e-21
0.890869140625 1.625720675708778e-21
0.89111328125 1.485738592747796e-21
0.891357421875 1.306737293209722e-21
0.8916015625 9.134761054112873e-22
0.891845703125 4.732986002218309e-22
0.89208984375 4.111450804755682e-22
0.892333984375 8.078818177894809e-22
0.892578125 1.190910614905165e-21
0.892822265625 1.156257731670478e-21
0.89306640625 9.21413325642061e-22
0.893310546875 9.290283812412487e-22
0.8935546875 1.149067223546298e-21
0.893798828125 1.22432116063339e-21
0.89404296875 1.137658136572407e-21
0.894287109375 1.181763288444613e-21
0.89453125 1.32191948357025e-21
0.894775390625 1.209853657252127e-21
0.89501953125 9.100332067675487e-22
0.895263671875 9.561471226370806e-22
0.8955078125 1.450274108947788e-21
0.895751953125 1.740314592271058e-21
0.89599609375 1.369148913047889e-21
0.896240234375 7.73753879771952e-22
0.896484375 5.618620875919635e-22
0.896728515625 6.001338035123468e-22
0.89697265625 3.993778550326853e-22
0.897216796875 -1.795568589476484e-23
0.8974609375 -3.080452419056e-22
0.897705078125 -5.55575681581685e-22
0.89794921875 -1.089820719555456e-21
0.898193359375 -1.693342850068981e-21
0.8984375 -1.737815491340366e-21
0.898681640625 -1.13970646432822e-21
0.89892578125 -5.426120076435213e-22
0.899169921875 -4.545311631750739e-22
0.8994140625 -7.538435756747365e-22
0.899658203125 -1.137029717663296e-21
0.89990234375 -1.496692256118803e-21
0.900146484375 -1.701724038930454e-21
0.900390625 -1.533091313658215e-21
0.900634765625 -1.080405061990062e-21
0.90087890625 -7.875535165488026e-22
0.901123046875 -8.771418009733638e-22
0.9013671875 -1.073935202291521e-21
0.901611328125 -1.072895033021791e-21
0.90185546875 -9.308537563898345e-22
0.902099609375 -8.238796220792411e-22
0.90234375 -7.688277233992806e-22
0.902587890625 -7.726451488509592e-22
0.90283203125 -9.256739480082812e-22
0.903076171875 -1.15797056751886e-21
0.9033203125 -1.217696817792503e-21
0.903564453125 -1.06915204945636e-21
0.90380859375 -9.9545412779514e-22
0.904052734375 -1.132122426944061e-21
0.904296875 -1.233524084159889e-21
0.904541015625 -1.10046301546518e-21
0.90478515625 -9.05787057991084e-22
0.905029296875 -8.731903007799189e-22
0.9052734375 -9.527896307659382e-22
0.905517578125 -1.047130318551916e-21
0.90576171875 -1.240290563428787e-21
0.906005859375 -1.548480443818196e-21
0.90625 -1.742987088994787e-21
0.906494140625 -1.677492276429447e-21
0.90673828125 -1.507200340735426e-21
0.906982421875 -1.361359491933698e-21
0.9072265625 -1.141315443325091e-21
0.907470703125 -8.879881203503582e-22
0.90771484375 -9.256149777088859e-22
0.907958984375 -1.280257004659267e-21
0.908203125 -1.386008198242621e-21
0.908447265625 -8.613694359760362e-22
0.90869140625 -2.134383192333476e-22
0.908935546875 -1.804571658599804e-22
0.9091796875 -6.422913088020009e-22
0.909423828125 -8.439685947009367e-22
0.90966796875 -5.495354450868424e-22
0.909912109375 -2.621175264717892e-22
0.91015625 -2.950309136080216e-22
0.910400390625 -3.360620891031465e-22
0.91064453125 -1.185630270142448e-22
0.910888671875 9.084155172671489e-23
0.9111328125 -9.950865188200959e-24
0.911376953125 -2.280397111407032e-22
0.91162109375 -1.916344385990502e-22
0.911865234375 1.074271978141705e-22
0.912109375 3.960974731906158e-22
0.912353515625 5.363127782997221e-22
0.91259765625 6.101819442140039e-22
0.912841796875 7.420309116245507e-22
0.9130859375 1.011738261641715e-21
0.913330078125 1.401996430229124e-21
0.91357421875 1.716072013761662e-21
0.913818359375 1.72668628293804e-21
0.9140625 1.510015010988559e-21
0.914306640625 1.418780138910606e-21
0.91455078125 1.597539334113758e-21
0.914794921875 1.750835643113314e-21
0.9150390625 1.55989868759048e-21
0.915283203125 1.124007154152733e-21
0.91552734375 7.87040265262141e-22
0.915771484375 6.840350701815067e-22
0.916015625 6.713743933827564e-22
0.916259765625 6.126502976731027e-22
0.91650390625 5.505070160459099e-22
0.916748046875 6.245313191878408e-22
0.9169921875 9.058279624249813e-22
0.917236328125 1.26928550419725e-21
0.91748046875 1.432505855726596e-21
0.917724609375 1.251041128537115e-21
0.91796875 9.515274850358403e-22
0.918212890625 8.624158906646445e-22
0.91845703125 9.377358213945323e-22
0.918701171875 8.553841384074892e-22
0.9189453125 5.987966034693945e-22
0.919189453125 5.123011790020243e-22
0.91943359375 6.48818671672983e-22
0.919677734375 5.705889488776109e-22
0.919921875 1.097608873601326e-22
0.920166015625 -1.75941683881447e-22
0.92041015625 1.913388542067421e-22
0.920654296875 7.598540029547956e-22
0.9208984375 7.551060765492812e-22
0.921142578125 2.635128778286593e-22
0.92138671875 5.052784815304504e-23
0.921630859375 3.081368729681269e-22
0.921875 4.321706734642876e-22
0.922119140625 1.530966421022231e-22
0.92236328125 1.029697941473294e-23
0.922607421875 3.358437447782607e-22
0.9228515625 5.70519505519549e-22
0.923095703125 1.991211426636149e-22
0.92333984375 -2.689116248601855e-22
0.923583984375 -4.346934665747798e-23
0.923828125 6.223270157614069e-22
0.924072265625 7.464608882540405e-22
0.92431640625 1.4226300110928e-22
0.924560546875 -2.530380485473725e-22
0.9248046875 2.64767201287648e-22
0.925048828125 1.233028825603708e-21
0.92529296875 1.797078860849814e-21
0.925537109375 1.838870479679886e-21
0.92578125 1.854802452802589e-21
0.926025390625 2.087398583637834e-21
0.92626953125 2.319568194779871e-21
0.926513671875 2.389305832120874e-21
0.9267578125 2.421753519380235e-21
0.927001953125 2.507214964073331e-21
0.92724609375 2.505138545493402e-21
0.927490234375 2.306933750120322e-21
0.927734375 2.076140224168499e-21
0.927978515625 2.055825194705274e-21
0.92822265625 2.227099217406788e-21
0.928466796875 2.313438894751275e-21
0.9287109375 2.127793237379972e-21
0.928955078125 1.788536772392475e-21
0.92919921875 1.502641665683659e-21
0.929443359375 1.221657032427452e-21
0.9296875 7.024854330480117e-22
0.929931640625 -6.60750659179956e-23
0.93017578125 -7.252571241673274e-22
0.930419921875 -9.870551297863379e-22
0.9306640625 -1.023982557587673e-21
0.930908203125 -1.184552764697481e-21
0.93115234375 -1.459646338851544e-21
0.931396484375 -1.536020470792493e-21
0.931640625 -1.32424891720167e-21
0.931884765625 -1.107196070345947e-21
0.93212890625 -1.133103375474149e-21
0.932373046875 -1.346650161530801e-21
0.9326171875 -1.577353510325297e-21
0.932861328125 -1.734785333269701e-21
0.93310546875 -1.76533799398464e-21
0.933349609375 -1.666797232732292e-21
0.93359375 -1.581596703730212e-21
0.933837890625 -1.621362920331663e-21
0.93408203125 -1.618402198510066e-21
0.934326171875 -1.388558009197731e-21
0.9345703125 -1.205926985356377e-21
0.934814453125 -1.53356932748789e-21
0.93505859375 -2.215351733358879e-21
0.935302734375 -2.509681274498447e-21
0.935546875 -2.151536111741478e-21
0.935791015625 -1.800509252938202e-21
0.93603515625 -2.067804905103624e-21
0.936279296875 -2.642384947356013e-21
0.9365234375 -2.864750994474199e-21
0.936767578125 -2.676227247625448e-21
0.93701171875 -2.413903740645137e-21
0.937255859375 -2.094011324633586e-21
0.9375 -1.599676732042456e-21
0.937744140625 -1.266121707952497e-21
0.93798828125 -1.502891863154362e-21
0.938232421875 -1.994409010899042e-21
0.9384765625 -2.032704281877896e-21
0.938720703125 -1.564358803052513e-21
0.93896484375 -1.162677206649456e-21
0.939208984375 -1.016719887013239e-21
0.939453125 -7.726504380612001e-22
0.939697265625 -4.294806315845335e-22
0.93994140625 -4.96841881395293e-22
0.940185546875 -1.015397219776294e-21
0.9404296875 -1.267285000657009e-21
0.940673828125 -8.633568202275536e-22
0.94091796875 -3.796724964416251e-22
0.941162109375 -4.368655043331717e-22
0.94140625 -8.151285049853947e-22
0.941650390625 -1.032417350473834e-21
0.94189453125 -1.182356363158756e-21
0.942138671875 -1.521919802613508e-21
0.9423828125 -1.72068096540289e-21
0.942626953125 -1.302801939144815e-21
0.94287109375 -5.574375161941751e-22
0.943115234375 -2.498868770497104e-22
0.943359375 -5.316761873232315e-22
0.943603515625 -8.069321578465737e-22
0.94384765625 -6.695306931683887e-22
0.944091796875 -3.640586134276177e-22
0.9443359375 -2.231358699058393e-22
0.944580078125 -1.639565117484015e-22
0.94482421875 5.65545304985341e-23
0.945068359375 4.244425925635656e-22
0.9453125 7.076397188507808e-22
0.945556640625 7.530660859741395e-22
0.94580078125 6.511229863976625e-22
0.946044921875 6.664789411765332e-22
0.9462890625 9.595567242981233e-22
0.946533203125 1.32988075987824e-21
0.94677734375 1.410532514584996e-21
0.947021484375 1.205063644303065e-21
0.947265625 1.143357577112209e-21
0.947509765625 1.408695834657191e-21
0.94775390625 1.549335273007557e-21
0.947998046875 1.100380909584545e-21
0.9482421875 3.058987336532878e-22
0.948486328125 -2.037362547783295e-22
0.94873046875 -2.544579135176462e-22
0.948974609375 -2.056664492488134e-22
0.94921875 -3.229485156825723e-22
0.949462890625 -5.196130087311161e-22
0.94970703125 -6.54535011061596e-22
0.949951171875 -6.8359754655602e-22
0.9501953125 -5.544150995677638e-22
0.950439453125 -2.902432958935803e-22
0.95068359375 -9.808484597416311e-23
0.950927734375 -7.32580302267192e-23
0.951171875 4.950249853238304e-23
0.951416015625 4.754580007399797e-22
0.95166015625 8.77622651284354e-22
0.951904296875 8.280054297445503e-22
0.9521484375 5.497276670679879e-22
0.952392578125 6.845226492999971e-22
0.95263671875 1.375469856045505e-21
0.952880859375 2.136000590892738e-21
0.953125 2.601769255093248e-21
0.953369140625 2.838060823304229e-21
0.95361328125 2.894841560822531e-21
0.953857421875 2.669349135439973e-21
0.9541015625 2.292189747048974e-21
0.954345703125 2.058279851942885e-21
0.95458984375 1.880437308884153e-21
0.954833984375 1.431346880684299e-21
0.955078125 9.330753130868491e-22
0.955322265625 1.068826494120479e-21
0.95556640625 1.843539521291333e-21
0.955810546875 2.2788247198319e-21
0.9560546875 1.699532899298621e-21
0.956298828125 7.037393800275898e-22
0.95654296875 3.157600638288903e-22
0.956787109375 6.793124866275289e-22
0.95703125 1.163438476902034e-21
0.957275390625 1.352968289330311e-21
0.95751953125 1.325888575820497e-21
0.957763671875 1.237123452252656e-21
0.9580078125 1.208639965583345e-21
0.958251953125 1.439427186485623e-21
0.95849609375 1.916764207936374e-21
0.958740234375 2.1928674563163e-21
0.958984375 1.915677438001412e-21
0.959228515625 1.394386406443452e-21
0.95947265625 1.160645619174957e-21
0.959716796875 1.159476646364268e-21
0.9599609375 9.175893164771888e-22
0.960205078125 3.954059866894004e-22
0.96044921875 8.451935234040987e-23
0.960693359375 2.276218635032337e-22
0.9609375 4.528625981398347e-22
0.961181640625 3.133002896189329e-22
0.96142578125 -1.833513321925591e-22
0.961669921875 -7.131173475384001e-22
0.9619140625 -1.03775698141473e-21
0.962158203125 -1.172028822616431e-21
0.96240234375 -1.315127144296891e-21
0.962646484375 -1.631338356506627e-21
0.962890625 -2.01118047637499e-21
0.963134765625 -2.18615663316712e-21
0.96337890625 -2.186893901111841e-21
0.963623046875 -2.392472861604195e-21
0.9638671875 -2.884328135475254e-21
0.964111328125 -3.122651990032456e-21
0.96435546875 -2.695076761847552e-21
0.964599609375 -2.06251808277971e-21
0.96484375 -1.985208197190613e-21
0.965087890625 -2.419015869811651e-21
0.96533203125 -2.632153063959618e-21
0.965576171875 -2.321606385463844e-21
0.9658203125 -1.920010435874596e-21
0.966064453125 -1.764939288232484e-21
0.96630859375 -1.668476418359115e-21
0.966552734375 -1.481122978290713e-21
0.966796875 -1.425604179029688e-21
0.967041015625 -1.586733289665531e-21
0.96728515625 -1.640483876327452e-21
0.967529296875 -1.440892645130362e-21
0.9677734375 -1.391723740977372e-21
0.968017578125 -1.835797066224241e-21
0.96826171875 -2.455573944308795e-21
0.968505859375 -2.68163598702541e-21
0.96875 -2.40449164308974e-21
0.968994140625 -1.918199858179856e-21
0.96923828125 -1.424156032807941e-21
0.969482421875 -9.62893329059059e-22
0.9697265625 -6.236462514038103e-22
0.969970703125 -4.457495599058167e-22
0.97021484375 -2.464434642060173e-22
0.970458984375 1.33592536575428e-22
0.970703125 5.244646381425531e-22
0.970947265625 6.503650465618356e-22
0.97119140625 5.604731445887443e-22
0.971435546875 5.709088081766068e-22
0.9716796875 8.43898433229595e-22
0.971923828125 1.254354433746422e-21
0.97216796875 1.622610958494556e-21
0.972412109375 1.876429277037991e-21
0.97265625 2.008097053434166e-21
0.972900390625 2.035116220575393e-21
0.97314453125 2.017840859335631e-21
0.973388671875 2.042987632253289e-21
0.9736328125 2.173159010034806e-21
0.973876953125 2.358948924378314e-21
0.97412109375 2.343916666646584e-21
0.974365234375 1.831502101357099e-21
0.974609375 9.750701907357888e-22
0.974853515625 4.962023614638914e-22
0.97509765625 8.816942496675e-22
0.975341796875 1.587231464097338e-21
0.9755859375 1.627343590178696e-21
0.975830078125 9.534442770369505e-22
0.97607421875 5.241767666396921e-22
0.976318359375 8.370777918323369e-22
0.9765625 1.224462321909249e-21
0.976806640625 1.052049704827405e-21
0.97705078125 7.963757448972415e-22
0.977294921875 1.192314692320846e-21
0.9775390625 1.9587889605454e-21
0.977783203125 2.2961214847297e-21
0.97802734375 2.218467976247082e-21
0.978271484375 2.37839982077056e-21
0.978515625 2.798074633251873e-21
0.978759765625 2.847213904260122e-21
0.97900390625 2.47944030624657e-21
0.979248046875 2.428356269257073e-21
0.9794921875 2.948533776474503e-21
0.979736328125 3.324974947526893e-21
0.97998046875 3.023584899046815e-21
0.980224609375 2.489641055472375e-21
0.98046875 2.299796005776949e-21
0.980712890625 2.237318551854478e-21
0.98095703125 1.815894620309574e-21
0.981201171875 1.175043484831801e-21
0.9814453125 8.166350618631847e-22
0.981689453125 8.245252639868962e-22
0.98193359375 9.206968178254081e-22
0.982177734375 1.004549410546372e-21
0.982421875 1.110763721054577e-21
0.982666015625 1.082750604074578e-21
0.98291015625 7.941007847050525e-22
0.983154296875 4.907184762730737e-22
0.9833984375 4.452008310705127e-22
0.983642578125 4.728435586972292e-22
0.98388671875 2.608579821714674e-22
0.984130859375 -2.606044757636518e-23
0.984375 3.665899028244927e-24
0.984619140625 2.510969770015979e-22
0.98486328125 2.096120078532195e-22
0.985107421875 -2.833566473392221e-22
0.9853515625 -8.939693691187431e-22
0.985595703125 -1.382613610925241e-21
0.98583984375 -1.832060904215555e-21
0.986083984375 -2.232484458556866e-21
0.986328125 -2.346556098570714e-21
0.986572265625 -2.144661602960769e-21
0.98681640625 -1.966763174137734e-21
0.987060546875 -2.085122045886177e-21
0.9873046875 -2.436771067250952e-21
0.987548828125 -2.8981799795646e-21
0.98779296875 -3.463217390969254e-21
0.988037109375 -4.022149915894367e-21
0.98828125 -4.347259380302527e-21
0.988525390625 -4.478727015221563e-21
0.98876953125 -4.763343974743379e-21
0.989013671875 -5.303318602988481e-21
0.9892578125 -5.726315891357389e-21
0.989501953125 -5.748380968460915e-21
0.98974609375 -5.595880398870227e-21
0.989990234375 -5.547462703965293e-21
0.990234375 -5.419719726353154e-21
0.990478515625 -4.952173665215722e-21
0.99072265625 -4.422677998133416e-21
0.990966796875 -4.317958076717373e-21
0.9912109375 -4.493112755790533e-21
0.991455078125 -4.233312669932185e-21
0.99169921875 -3.232375898433424e-21
0.991943359375 -2.022445363249606e-21
0.9921875 -1.250754641813687e-21
0.992431640625 -9.305999469545265e-22
0.99267578125 -6.559304433767958e-22
0.992919921875 -2.389567419945257e-22
0.9931640625 1.707482690480104e-22
0.993408203125 3.987910505811145e-22
0.99365234375 3.89128268262072e-22
0.993896484375 1.70886475079386e-22
0.994140625 -6.40649160262054e-23
0.994384765625 1.766882510553853e-23
0.99462890625 5.093711879273196e-22
0.994873046875 9.99986931439056e-22
0.9951171875 1.005419513765508e-21
0.995361328125 6.208216276552647e-22
0.99560546875 4.070480801066385e-22
0.995849609375 6.210897368959513e-22
0.99609375 9.432286864070857e-22
0.996337890625 1.074746277437233e-21
0.99658203125 1.193639267048745e-21
0.996826171875 1.549691805047968e-21
0.9970703125 1.948955027431444e-21
0.997314453125 2.036878905763849e-21
0.99755859375 1.897453212438396e-21
0.997802734375 1.942900875705509e-21
0.998046875 2.280649732355754e-21
0.998291015625 2.602105392750717e-21
0.99853515625 2.710898152360124e-21
0.998779296875 2.766206774457138e-21
0.9990234375 2.913902120230761e-21
0.999267578125 3.037219877602468e-21
0.99951171875 3.020253239058321e-21
0.999755859375 2.944894167442677e-21
1 2.856798653498769e-21
1.000244140625 2.635123029622228e-21
1.00048828125 2.301681661785511e-21
1.000732421875 2.168272861891217e-21
1.0009765625 2.398140591127795e-21
1.001220703125 2.653888487741548e-21
1.00146484375 2.502338893715165e-21
1.001708984375 2.010792470416544e-21
1.001953125 1.615734676868238e-21
1.002197265625 1.504838708930287e-21
1.00244140625 1.460986921149745e-21
1.002685546875 1.27534907297696e-21
1.0029296875 9.917375155145811e-22
1.003173828125 7.154135683213904e-22
1.00341796875 4.591244520536279e-22
1.003662109375 2.557871202235831e-22
1.00390625 2.140373516232489e-22
1.004150390625 3.629716345516073e-22
1.00439453125 5.555558368155161e-22
1.004638671875 5.812084682624641e-22
1.0048828125 3.333200514412891e-22
1.005126953125 -8.866231535222324e-23
1.00537109375 -3.997012830192652e-22
1.005615234375 -3.830318686947258e-22
1.005859375 -2.031751003699789e-22
1.006103515625 -2.604992401758254e-22
1.00634765625 -5.984981957965747e-22
1.006591796875 -7.476918260696517e-22
1.0068359375 -4.223116782350138e-22
1.007080078125 -4.820591722753959e-23
1.00732421875 -1.708925209359168e-22
1.007568359375 -6.146103387378274e-22
1.0078125 -8.006707498832639e-22
1.008056640625 -7.16922069157389e-22
1.00830078125 -8.608386378516547e-22
1.008544921875 -1.242031072742802e-21
1.0087890625 -1.246201041417248e-21
1.009033203125 -7.026354712750846e-22
1.00927734375 -3.077017037229317e-22
1.009521484375 -5.670421688015171e-22
1.009765625 -9.919318240092158e-22
1.010009765625 -9.137340228628467e-22
1.01025390625 -5.464850649285441e-22
1.010498046875 -5.526811698488103e-22
1.0107421875 -9.357128512409172e-22
1.010986328125 -1.116712209759893e-21
1.01123046875 -9.268369065459135e-22
1.011474609375 -7.894279790315826e-22
1.01171875 -9.21718663762275e-22
1.011962890625 -9.919281871049258e-22
1.01220703125 -6.864911988279815e-22
1.012451171875 -1.427331521151912e-22
1.0126953125 2.985887579755296e-22
1.012939453125 4.192246697088496e-22
1.01318359375 1.767866051535293e-22
1.013427734375 -2.275712697189328e-22
1.013671875 -3.748292160383535e-22
1.013916015625 -9.464037232033858e-23
1.01416015625 1.767263210717134e-22
1.014404296875 -5.519382983212089e-23
1.0146484375 -5.422677556165838e-22
1.014892578125 -6.009909716803528e-22
1.01513671875 -1.71344362163343e-22
1.015380859375 1.013946175795257e-22
1.015625 -8.311666411136214e-23
1.015869140625 -2.843060885113054e-22
1.01611328125 -2.1083691089128e-22
1.016357421875 -2.650226558545723e-22
1.0166015625 -7.816165066108141e-22
1.016845703125 -1.383487875940085e-21
1.01708984375 -1.63296376878704e-21
1.017333984375 -1.755880143639445e-21
1.017578125 -2.093791640612495e-21
1.017822265625 -2.331909306561024e-21
1.01806640625 -2.010162727622218e-21
1.018310546875 -1.437023298664928e-21
1.0185546875 -1.283930751823754e-21
1.018798828125 -1.484412621008961e-21
1.01904296875 -1.36993445202176e-21
1.019287109375 -8.185833486771496e-22
1.01953125 -4.198715046409613e-22
1.019775390625 -4.365411722956438e-22
1.02001953125 -4.392730363388808e-22
1.020263671875 -1.751483896070165e-22
1.0205078125 4.495975490900387e-24
1.020751953125 -7.533968923977442e-23
1.02099609375 4.928018552891599e-23
1.021240234375 6.736448619381661e-22
1.021484375 1.286564307052424e-21
1.021728515625 1.345595458666508e-21
1.02197265625 1.201324057893877e-21
1.022216796875 1.560127619596312e-21
1.0224609375 2.339006351751002e-21
1.022705078125 2.773383488635609e-21
1.02294921875 2.548191248070278e-21
1.023193359375 2.16786450400947e-21
1.0234375 2.173585124849573e-21
1.023681640625 2.53075526159725e-21
1.02392578125 2.886607373053305e-21
1.024169921875 3.006577289537414e-21
1.0244140625 2.852013699196647e-21
1.024658203125 2.56909623135899e-21
1.02490234375 2.471200774900324e-21
1.025146484375 2.728606928881209e-21
1.025390625 3.056109827317366e-21
1.025634765625 3.029301994228732e-21
1.02587890625 2.700309705744086e-21
1.026123046875 2.519225755007267e-21
1.0263671875 2.633200198852283e-21
1.026611328125 2.703117552050829e-21
1.02685546875 2.490736565040664e-21
1.027099609375 2.154078471789133e-21
1.02734375 1.807836240582883e-21
1.027587890625 1.288728797865488e-21
1.02783203125 6.195257253770251e-22
1.028076171875 2.269565728877779e-22
1.0283203125 3.20014260860305e-22
1.028564453125 4.506605878233829e-22
1.02880859375 1.260704820754992e-22
1.029052734375 -4.836086839041382e-22
1.029296875 -9.24268201667261e-22
1.029541015625 -1.219986485678807e-21
1.02978515625 -1.66489501169128e-21
1.030029296875 -2.083439610294903e-21
1.0302734375 -2.003079198789504e-21
1.030517578125 -1.519515390627904e-21
1.03076171875 -1.27099207189953e-21
1.031005859375 -1.431214635145122e-21
1.03125 -1.422335667278409e-21
1.031494140625 -9.00181070284747e-22
1.03173828125 -3.684472996425704e-22
1.031982421875 -3.627969748475822e-22
1.0322265625 -5.670079831675343e-22
1.032470703125 -3.482247889125545e-22
1.03271484375 1.796644265731193e-22
1.032958984375 3.122472781478061e-22
1.033203125 -1.524712944644638e-22
1.033447265625 -6.312324458360713e-22
1.03369140625 -6.236108849012463e-22
1.033935546875 -3.026923167270273e-22
1.0341796875 -6.847362019260377e-23
1.034423828125 1.659262548351388e-23
1.03466796875 8.845154651833416e-23
1.034912109375 1.564279939703128e-22
1.03515625 2.425440013243401e-22
1.035400390625 5.715198496599778e-22
1.03564453125 1.247669844845363e-21
1.035888671875 1.896560311171335e-21
1.0361328125 2.021247163403976e-21
1.036376953125 1.691796035123238e-21
1.03662109375 1.515636928853701e-21
1.036865234375 1.832433856199627e-21
1.037109375 2.245837008254352e-21
1.037353515625 2.140750234382661e-21
1.03759765625 1.447747550871311e-21
1.037841796875 6.518405954589471e-22
1.0380859375 1.684540414237993e-22
1.038330078125 -1.231169248299646e-23
1.03857421875 -9.253042819468029e-23
1.038818359375 -1.82523039444627e-22
1.0390625 -3.510878338947049e-22
1.039306640625 -7.041688864424097e-22
1.03955078125 -1.213602100638802e-21
1.039794921875 -1.631836697755851e-21
1.0400390625 -1.800254193918412e-21
1.040283203125 -1.915882290190563e-21
1.04052734375 -2.227612311651985e-21
1.040771484375 -2.571894212037861e-21
1.041015625 -2.57510528668562e-21
1.041259765625 -2.313798910132376e-21
1.04150390625 -2.327354261194016e-21
1.041748046875 -2.796762236169552e-21
1.0419921875 -3.143513372661123e-21
1.042236328125 -2.810594771227447e-21
1.04248046875 -2.120760978159072e-21
1.042724609375 -1.859017935839187e-21
1.04296875 -2.158346357617486e-21
1.043212890625 -2.367270097229132e-21
1.04345703125 -2.063639670963149e-21
1.043701171875 -1.64347781184041e-21
1.0439453125 -1.658556104522682e-21
1.044189453125 -2.004750633602637e-21
1.04443359375 -2.148955677308258e-21
1.044677734375 -1.91881235974514e-21
1.044921875 -1.675287250113864e-21
1.045166015625 -1.776732528737951e-21
1.04541015625 -2.181699285849696e-21
1.045654296875 -2.593497301051994e-21
1.0458984375 -2.7924530136982e-21
1.046142578125 -2.801267054752411e-21
1.04638671875 -2.834127392154365e-21
1.046630859375 -3.051283296301479e-21
1.046875 -3.288512322527022e-21
1.047119140625 -3.150345536480297e-21
1.04736328125 -2.513137927098705e-21
1.047607421875 -1.80684179069013e-21
1.0478515625 -1.588891530141304e-21
1.048095703125 -1.907777721873925e-21
1.04833984375 -2.288848955512159e-21
1.048583984375 -2.29872621713557e-21
1.048828125 -1.927804395297989e-21
1.049072265625 -1.463190858402395e-21
1.04931640625 -1.195168447943126e-21
1.049560546875 -1.228541278198338e-21
1.0498046875 -1.392628135955686e-21
1.050048828125 -1.369053238379802e-21
1.05029296875 -1.090976091112616e-21
1.050537109375 -9.304104716932151e-22
1.05078125 -1.23487804270408e-21
1.051025390625 -1.760122563321213e-21
1.05126953125 -1.9062735034824e-21
1.051513671875 -1.507214006478751e-21
1.0517578125 -1.005745300055352e-21
1.052001953125 -7.882826186388504e-22
1.05224609375 -7.52769563165574e-22
1.052490234375 -6.717025680625624e-22
1.052734375 -5.601596217542428e-22
1.052978515625 -4.444683356605408e-22
1.05322265625 -1.57203475773333e-22
1.053466796875 3.150313308944602e-22
1.0537109375 6.153016913471546e-22
1.053955078125 5.204653711751867e-22
1.05419921875 3.73775891908139e-22
1.054443359375 5.986052631909069e-22
1.0546875 1.031469699539339e-21
1.054931640625 1.217586247474539e-21
1.05517578125 1.177488287113021e-21
1.055419921875 1.331287013232227e-21
1.0556640625 1.748392304118405e-21
1.055908203125 2.047153569687203e-21
1.05615234375 2.066340446302903e-21
1.056396484375 2.084207121668567e-21
1.056640625 2.260572958154613e-21
1.056884765625 2.37809577223603e-21
1.05712890625 2.310002823227016e-21
1.057373046875 2.271496348077941e-21
1.0576171875 2.401285094707951e-21
1.057861328125 2.536475900021106e-21
1.05810546875 2.616763571111926e-21
1.058349609375 2.84830157379172e-21
1.05859375 3.200286665173601e-21
1.058837890625 3.218828597672375e-21
1.05908203125 2.696671592857993e-21
1.059326171875 2.083162467447862e-21
1.0595703125 1.821253120679686e-21
1.059814453125 1.713800482156773e-21
1.06005859375 1.431661647894367e-21
1.060302734375 1.216361676783399e-21
1.060546875 1.452026785299279e-21
1.060791015625 1.87516150102479e-21
1.06103515625 1.931233530937129e-21
1.061279296875 1.716979547917689e-21
1.0615234375 1.819112215685328e-21
1.061767578125 2.309233694143875e-21
1.06201171875 2.664895138038146e-21
1.062255859375 2.690490226725347e-21
1.0625 2.734104532694518e-21
1.062744140625 2.900079836529544e-21
1.06298828125 2.859128338016819e-21
1.063232421875 2.640344742969054e-21
1.0634765625 2.771611770039551e-21
1.063720703125 3.292318734550695e-21
1.06396484375 3.466266843037506e-21
1.064208984375 2.9730062177605e-21
1.064453125 2.575253907456903e-21
1.064697265625 2.936805439952363e-21
1.06494140625 3.518040502743258e-21
1.065185546875 3.480413929014527e-21
1.0654296875 3.051267391344777e-21
1.065673828125 2.983080280164568e-21
1.06591796875 3.138457841106596e-21
1.066162109375 2.784281033635582e-21
1.06640625 2.045900210482533e-21
1.066650390625 1.805945435693636e-21
1.06689453125 2.141172710745811e-21
1.067138671875 2.140570166119669e-21
1.0673828125 1.5432936973751e-21
1.067626953125 1.286171100606125e-21
1.06787109375 1.875783971293671e-21
1.068115234375 2.400248619295924e-21
1.068359375 1.983944868311638e-21
1.068603515625 1.221653105429768e-21
1.06884765625 1.131289467335985e-21
1.069091796875 1.471499983648157e-21
1.0693359375 1.309307322548955e-21
1.069580078125 7.256190319918893e-22
1.06982421875 6.186459771488402e-22
1.070068359375 1.027521606449198e-21
1.0703125 1.008052297421547e-21
1.070556640625 2.728235828507089e-22
1.07080078125 -3.14670697856081e-22
1.071044921875 -2.110283427615147e-22
1.0712890625 4.378579237384467e-24
1.071533203125 -1.847487770683803e-22
1.07177734375 -3.047995265824822e-22
1.072021484375 1.186087493386751e-22
1.072265625 5.388069384520026e-22
1.072509765625 2.604163384513684e-22
1.07275390625 -3.383971400309702e-22
1.072998046875 -4.550873690739448e-22
1.0732421875 -2.679610226021903e-22
1.073486328125 -6.143918788135184e-22
1.07373046875 -1.487011031949314e-21
1.073974609375 -1.948278011523278e-21
1.07421875 -1.594929213991626e-21
1.074462890625 -1.108976954156926e-21
1.07470703125 -1.111563435450922e-21
1.074951171875 -1.344206239615673e-21
1.0751953125 -1.357781740315245e-21
1.075439453125 -1.252477965059389e-21
1.07568359375 -1.25285254536855e-21
1.075927734375 -1.182241376647287e-21
1.076171875 -9.208108592549641e-22
1.076416015625 -8.8370738823591e-22
1.07666015625 -1.424145970195084e-21
1.076904296875 -2.11643824749858e-21
1.0771484375 -2.26408962736129e-21
1.077392578125 -1.89477751369891e-21
1.07763671875 -1.639727825271869e-21
1.077880859375 -1.767807225677627e-21
1.078125 -1.964068102547622e-21
1.078369140625 -2.034264391887358e-21
1.07861328125 -2.194972805604394e-21
1.078857421875 -2.533745672510975e-21
1.0791015625 -2.734859541835268e-21
1.079345703125 -2.596193180783018e-21
1.07958984375 -2.403986167274398e-21
1.079833984375 -2.505993976425921e-21
1.080078125 -2.818071002685296e-21
1.080322265625 -3.037022099162443e-21
1.08056640625 -3.100316946660338e-21
1.080810546875 -3.139848407081509e-21
1.0810546875 -3.15439383528594e-21
1.081298828125 -3.035168428683011e-21
1.08154296875 -2.837083889315887e-21
1.081787109375 -2.756348316494802e-21
1.08203125 -2.848086877123766e-21
1.082275390625 -2.962568173536291e-21
1.08251953125 -2.967896976328584e-21
1.082763671875 -2.896847527018959e-21
1.0830078125 -2.881696332072186e-21
1.083251953125 -3.047068809026696e-21
1.08349609375 -3.418695899315238e-21
1.083740234375 -3.829382212690008e-21
1.083984375 -4.002850948057033e-21
1.084228515625 -3.887167551788235e-21
1.08447265625 -3.804448106315425e-21
1.084716796875 -4.033135792338156e-21
1.0849609375 -4.307284034402819e-21
1.085205078125 -4.066525885376685e-21
1.08544921875 -3.262533560474581e-21
1.085693359375 -2.543292726395555e-21
1.0859375 -2.410241077545223e-21
1.086181640625 -2.520140252194449e-21
1.08642578125 -2.20882482280256e-21
1.086669921875 -1.494729021092134e-21
1.0869140625 -1.038262027094255e-21
1.087158203125 -1.113698779520333e-21
1.08740234375 -1.194985725616574e-21
1.087646484375 -7.968641281002705e-22
1.087890625 -2.226394465028454e-22
1.088134765625 -3.457085540260263e-23
1.08837890625 -1.315039817483723e-22
1.088623046875 6.905436373858464e-23
1.0888671875 6.828018551812716e-22
1.089111328125 1.223391935173017e-21
1.08935546875 1.460453610626458e-21
1.089599609375 1.784484849880335e-21
1.08984375 2.457360830679461e-21
1.090087890625 3.036216239210421e-21
1.09033203125 2.978570588204651e-21
1.090576171875 2.463993003699189e-21
1.0908203125 2.121114277206455e-21
1.091064453125 2.135837329731725e-21
1.09130859375 2.1200988868168e-21
1.091552734375 1.790351323087044e-21
1.091796875 1.312214510266628e-21
1.092041015625 9.369639362955899e-22
1.09228515625 6.903141008867241e-22
1.092529296875 5.154232869966746e-22
1.0927734375 4.035004950539573e-22
1.093017578125 2.746256052104404e-22
1.09326171875 2.116258626213079e-24
1.093505859375 -3.369158602507617e-22
1.09375 -4.792018446523105e-22
1.093994140625 -3.420492806639719e-22
1.09423828125 -1.356997330832506e-22
1.094482421875 -1.650881513658495e-23
1.0947265625 1.090139929775935e-22
1.094970703125 3.014819602750528e-22
1.09521484375 3.888932190751576e-22
1.095458984375 2.70485400417178e-22
1.095703125 2.020636579927983e-22
1.095947265625 4.984502664086701e-22
1.09619140625 1.05991369299568e-21
1.096435546875 1.457715466550952e-21
1.0966796875 1.46987370930834e-21
1.096923828125 1.326935223429459e-21
1.09716796875 1.395153682251595e-21
1.097412109375 1.74728733369492e-21
1.09765625 2.102454559390463e-21
1.097900390625 2.157178100254555e-21
1.09814453125 1.954419728007144e-21
1.098388671875 1.869667146563546e-21
1.0986328125 2.146127739362451e-21
1.098876953125 2.507533481295686e-21
1.09912109375 2.428926672243591e-21
1.099365234375 1.801978915585024e-21
1.099609375 1.089666179946311e-21
1.099853515625 7.274405260217111e-22
1.10009765625 6.163828873596407e-22
1.100341796875 3.865083755320183e-22
1.1005859375 -4.414749273923343e-23
1.100830078125 -4.166699453515376e-22
1.10107421875 -5.217365930383012e-22
1.101318359375 -4.109161703532989e-22
1.1015625 -2.619794047127014e-22
1.101806640625 -2.0179257738878e-22
1.10205078125 -2.256584644440097e-22
1.102294921875 -1.790499815630366e-22
1.1025390625 1.023939390027201e-22
1.102783203125 5.350264611533193e-22
1.10302734375 7.982008083537552e-22
1.103271484375 7.298556828030258e-22
1.103515625 5.523356543304375e-22
1.103759765625 5.344065011190487e-22
1.10400390625 6.019763004978301e-22
1.104248046875 5.16003147732781e-22
1.1044921875 2.875816169797622e-22
1.104736328125 1.390018984525613e-22
1.10498046875 1.521442616540635e-22
1.105224609375 2.337165076641281e-22
1.10546875 3.479967775874876e-22
1.105712890625 4.995520734759042e-22
1.10595703125 5.674971976210418e-22
1.106201171875 4.816727689056275e-22
1.1064453125 5.076116074065468e-22
1.106689453125 9.879608662871473e-22
1.10693359375 1.790824323253848e-21
1.107177734375 2.380629438520753e-21
1.107421875 2.489708213979028e-21
1.107666015625 2.362120346624799e-21
1.10791015625 2.257431168197676e-21
1.108154296875 2.099699423971799e-21
1.1083984375 1.771809869363455e-21
1.108642578125 1.403596004083702e-21
1.10888671875 1.15795136685962e-21
1.109130859375 1.005168495126369e-21
1.109375 8.815631533484311e-22
1.109619140625 8.033983775183165e-22
1.10986328125 6.890134669500779e-22
1.110107421875 3.922161314681748e-22
1.1103515625 5.82391478432439e-23
1.110595703125 4.956742225843355e-23
1.11083984375 3.099909033884245e-22
1.111083984375 2.679981442876044e-22
1.111328125 -2.971615133484355e-22
1.111572265625 -7.782935765001699e-22
1.11181640625 -5.987425911322508e-22
1.112060546875 -8.972153105445411e-23
1.1123046875 1.024822972262142e-22
1.112548828125 7.780683456693134e-23
1.11279296875 3.641559788066477e-22
1.113037109375 8.262644055731966e-22
1.11328125 8.605419177898125e-22
1.113525390625 6.212626442592601e-22
1.11376953125 9.757147770818969e-22
1.114013671875 1.992076472504934e-21
1.1142578125 2.539364601950057e-21
1.114501953125 1.952701119206982e-21
1.11474609375 1.167082672074448e-21
1.114990234375 1.380871953691406e-21
1.115234375 2.300683928288827e-21
1.115478515625 2.694138851124235e-21
1.11572265625 2.233208033199218e-21
1.115966796875 1.727521679968838e-21
1.1162109375 1.719220563206622e-21
1.116455078125 1.910737977510283e-21
1.11669921875 2.035854822467619e-21
1.116943359375 2.290904208928325e-21
1.1171875 2.642929909711757e-21
1.117431640625 2.601904508925146e-21
1.11767578125 2.081465179020968e-21
1.117919921875 1.726668065595829e-21
1.1181640625 1.920514550114271e-21
1.118408203125 2.147503382817549e-21
1.11865234375 1.872094594726828e-21
1.118896484375 1.396515170428066e-21
1.119140625 1.196831942435502e-21
1.119384765625 1.004684029158198e-21
1.11962890625 3.674845119512452e-22
1.119873046875 -3.319089303578126e-22
1.1201171875 -3.688860040047787e-22
1.120361328125 5.888341333119218e-23
1.12060546875 7.565328426611971e-23
1.120849609375 -4.09624190083237e-22
1.12109375 -5.388348447273616e-22
1.121337890625 1.855096901630412e-24
1.12158203125 3.59002027421218e-22
1.121826171875 -1.47642706542118e-22
1.1220703125 -9.536274100153772e-22
1.122314453125 -1.193219319660078e-21
1.12255859375 -1.01915185298869e-21
1.122802734375 -1.170004378474591e-21
1.123046875 -1.690232990131416e-21
1.123291015625 -1.967224617012677e-21
1.12353515625 -1.837442190336172e-21
1.123779296875 -1.810673382217034e-21
1.1240234375 -2.17520489502868e-21
1.124267578125 -2.589168965392055e-21
1.12451171875 -2.702726274725574e-21
1.124755859375 -2.631538188815852e-21
1.125 -2.642381404618697e-21
1.125244140625 -2.80502154287045e-21
1.12548828125 -3.096949367035099e-21
1.125732421875 -3.472841351209511e-21
1.1259765625 -3.721813819996801e-21
1.126220703125 -3.617240032287557e-21
1.12646484375 -3.287417801138571e-21
1.126708984375 -3.073033141131792e-21
1.126953125 -2.985736165617713e-21
1.127197265625 -2.757133784080848e-21
1.12744140625 -2.475087046428349e-21
1.127685546875 -2.600182970189296e-21
1.1279296875 -3.156456043424208e-21
1.128173828125 -3.508658437462316e-21
1.12841796875 -3.308123493219465e-21
1.128662109375 -3.106329137896556e-21
1.12890625 -3.504559241131227e-21
1.129150390625 -4.127626876702948e-21
1.12939453125 -4.094060489327882e-21
1.129638671875 -3.282725156722269e-21
1.1298828125 -2.489079362793541e-21
1.130126953125 -2.372882498430587e-21
1.13037109375 -2.793017572065207e-21
1.130615234375 -3.193157399104205e-21
1.130859375 -3.159840398739438e-21
1.131103515625 -2.556034957485901e-21
1.13134765625 -1.569539048273698e-21
1.131591796875 -7.429198753727649e-22
1.1318359375 -5.560992337585918e-22
1.132080078125 -8.382664050585501e-22
1.13232421875 -9.232519973315198e-22
1.132568359375 -4.980437598827031e-22
1.1328125 4.395591878521548e-23
1.133056640625 2.2923586385606e-22
1.13330078125 1.327645913880934e-22
1.133544921875 1.580334887611203e-22
1.1337890625 4.466818539556604e-22
1.134033203125 7.506034732743523e-22
1.13427734375 7.560427946971618e-22
1.134521484375 3.820607678259242e-22
1.134765625 -1.314518249521673e-22
1.135009765625 -3.690731270219652e-22
1.13525390625 -1.353345840986881e-22
1.135498046875 2.562257843549231e-22
1.1357421875 2.917843611451421e-22
1.135986328125 -1.2196315270884e-22
1.13623046875 -5.958577531433954e-22
1.136474609375 -8.250844130933889e-22
1.13671875 -8.72402726358275e-22
1.136962890625 -8.230762252068011e-22
1.13720703125 -5.880224453509007e-22
1.137451171875 -2.437841981848525e-22
1.1376953125 -1.448943713187877e-22
1.137939453125 -4.037914194747718e-22
1.13818359375 -6.437020842402071e-22
1.138427734375 -6.202654825353739e-22
1.138671875 -6.962848279373505e-22
1.138916015625 -1.218873630377564e-21
1.13916015625 -1.76471545163387e-21
1.139404296875 -1.642414200775842e-21
1.1396484375 -9.806339433609297e-22
1.139892578125 -6.192303235583981e-22
1.14013671875 -8.871858292116461e-22
1.140380859375 -1.16725041870527e-21
1.140625 -8.92366050861189e-22
1.140869140625 -3.760030808762637e-22
1.14111328125 -2.582443094178523e-22
1.141357421875 -5.524249315375525e-22
1.1416015625 -7.323550217815475e-22
1.141845703125 -5.598759436161758e-22
1.14208984375 -3.471211255904297e-22
1.142333984375 -3.990325696548648e-22
1.142578125 -5.635620634419587e-22
1.142822265625 -4.712358592663545e-22
1.14306640625 -3.108206520885452e-23
1.143310546875 4.644061700031472e-22
1.1435546875 6.814063574041162e-22
1.143798828125 5.901254120079881e-22
1.14404296875 4.420831957126696e-22
1.144287109375 4.674615077878513e-22
1.14453125 6.916354554716141e-22
1.144775390625 1.038561786937244e-21
1.14501953125 1.447434987279476e-21
1.145263671875 1.799141789495205e-21
1.1455078125 1.909151425364264e-21
1.145751953125 1.78121493911104e-21
1.14599609375 1.725826123952686e-21
1.146240234375 1.984310324427793e-21
1.146484375 2.344863831415078e-21
1.146728515625 2.425374658222237e-21
1.14697265625 2.266638611165238e-21
1.147216796875 2.291864519189585e-21
1.1474609375 2.668541323210957e-21
1.147705078125 3.082607967381544e-21
1.14794921875 3.236906710416206e-21
1.148193359375 3.215937666366488e-21
1.1484375 3.200567642063981e-21
1.148681640625 3.157073772959066e-21
1.14892578125 3.035134762056712e-21
1.149169921875 2.996953618276397e-21
1.1494140625 3.182383122267069e-21
1.149658203125 3.439777359608379e-21
1.14990234375 3.533981592508692e-21
1.150146484375 3.468732430126049e-21
1.150390625 3.395183722144623e-21
1.150634765625 3.360157167388471e-21
1.15087890625 3.352258191819052e-21
1.151123046875 3.436030519464375e-21
1.1513671875 3.617907793057278e-21
1.151611328125 3.72299625874046e-21
1.15185546875 3.625334910986208e-21
1.152099609375 3.463276481355459e-21
1.15234375 3.410190790436027e-21
1.152587890625 3.37897855150247e-21
1.15283203125 3.184619513294099e-21
1.153076171875 2.84507795977629e-21
1.1533203125 2.46847718757095e-21
1.153564453125 2.012455884268688e-21
1.15380859375 1.4654337734132e-21
1.154052734375 1.108547346014324e-21
1.154296875 1.206269328038225e-21
1.154541015625 1.512131927263748e-21
1.15478515625 1.497893807690426e-21
1.155029296875 1.081150231859792e-21
1.1552734375 7.169890313601323e-22
1.155517578125 7.000412819183907e-22
1.15576171875 7.93682184984806e-22
1.156005859375 7.15693025411502e-22
1.15625 5.944866053225043e-22
1.156494140625 6.475481884842042e-22
1.15673828125 6.931899738164057e-22
1.156982421875 3.686766342173863e-22
1.1572265625 -2.637109158687595e-22
1.157470703125 -6.874674873760998e-22
1.15771484375 -5.752079888906215e-22
1.157958984375 -2.15231182987493e-22
1.158203125 -1.350684051197296e-22
1.158447265625 -4.162791279553879e-22
1.15869140625 -6.089037725142537e-22
1.158935546875 -3.912834776396242e-22
1.1591796875 -1.035212762018026e-22
1.159423828125 -3.457736261639718e-22
1.15966796875 -1.089131652637312e-21
1.159912109375 -1.571882513000721e-21
1.16015625 -1.26663213879266e-21
1.160400390625 -6.033381643742352e-22
1.16064453125 -3.735033390662174e-22
1.160888671875 -6.743986874274422e-22
1.1611328125 -9.423367645219541e-22
1.161376953125 -9.145712623636702e-22
1.16162109375 -9.507332995244594e-22
1.161865234375 -1.29213935054807e-21
1.162109375 -1.590179970540621e-21
1.162353515625 -1.490203308788647e-21
1.16259765625 -1.231374424855734e-21
1.162841796875 -1.237796549312054e-21
1.1630859375 -1.425275824937799e-21
1.163330078125 -1.403888722458896e-21
1.16357421875 -1.203946434328469e-21
1.163818359375 -1.27799391766646e-21
1.1640625 -1.754747825117596e-21
1.164306640625 -2.138682911840485e-21
1.16455078125 -1.924377591253152e-21
1.164794921875 -1.220598584367471e-21
1.1650390625 -5.728890484730378e-22
1.165283203125 -3.522015627683323e-22
1.16552734375 -5.013766726784501e-22
1.165771484375 -7.643060717568077e-22
1.166015625 -9.663041279929126e-22
1.166259765625 -1.078828915385081e-21
1.16650390625 -1.147809884044464e-21
1.166748046875 -1.222540945865257e-21
1.1669921875 -1.332249568081399e-21
1.167236328125 -1.503122946542413e-21
1.16748046875 -1.764898664511202e-21
1.167724609375 -2.10202500333888e-21
1.16796875 -2.412333940121782e-21
1.168212890625 -2.581354024254875e-21
1.16845703125 -2.621473413180359e-21
1.168701171875 -2.677147994318699e-21
1.1689453125 -2.842534206098381e-21
1.169189453125 -3.019425913019334e-21
1.16943359375 -3.029940475998217e-21
1.169677734375 -2.849921275002869e-21
1.169921875 -2.635514100000231e-21
1.170166015625 -2.500992636903212e-21
1.17041015625 -2.377747059581664e-21
1.170654296875 -2.157939882632802e-21
1.1708984375 -1.871162089660749e-21
1.171142578125 -1.60236413121085e-21
1.17138671875 -1.324818396427587e-21
1.171630859375 -9.79998495416657e-22
1.171875 -6.639184074689868e-22
1.172119140625 -5.3217803636729e-22
1.17236328125 -5.48326788550607e-22
1.172607421875 -5.526947273836827e-22
1.1728515625 -5.510795035651155e-22
1.173095703125 -6.312265271103582e-22
1.17333984375 -5.956619270572111e-22
1.173583984375 -1.143535426249505e-22
1.173828125 6.175693902425658e-22
1.174072265625 8.800184883837821e-22
1.17431640625 4.234788543697792e-22
1.174560546875 -9.431509409090356e-24
1.1748046875 3.26475565845972e-22
1.175048828125 1.056046821525639e-21
1.17529296875 1.224845568843023e-21
1.175537109375 7.128477100932295e-22
1.17578125 3.017539349315668e-22
1.176025390625 3.782211784565356e-22
1.17626953125 4.391790486979449e-22
1.176513671875 8.946059304911708e-23
1.1767578125 -2.824411978204855e-22
1.177001953125 -2.254867596170017e-22
1.17724609375 5.702571925133457e-23
1.177490234375 2.103428190638047e-22
1.177734375 3.779058292968764e-22
1.177978515625 7.737964980183005e-22
1.17822265625 1.070314850364227e-21
1.178466796875 8.551488240695317e-22
1.1787109375 3.727690355692055e-22
1.178955078125 1.655174724366704e-22
1.17919921875 2.110771423214437e-22
1.179443359375 6.325618394505298e-23
1.1796875 -3.16071107188023e-22
1.179931640625 -5.431732479991504e-22
1.18017578125 -5.645210199981866e-22
1.180419921875 -7.361917120523743e-22
1.1806640625 -1.089378251813291e-21
1.180908203125 -1.162767037914895e-21
1.18115234375 -7.482208118260185e-22
1.181396484375 -2.465574021156319e-22
1.181640625 -3.297118340408629e-23
1.181884765625 6.313326777161295e-23
1.18212890625 3.560878067285909e-22
1.182373046875 7.605619124358968e-22
1.1826171875 9.622444532288562e-22
1.182861328125 8.672249170801429e-22
1.18310546875 6.103022613665016e-22
1.183349609375 3.057280737918956e-22
1.18359375 -6.609048118350609e-24
1.183837890625 -3.264811692417697e-22
1.18408203125 -7.267664250851506e-22
1.184326171875 -1.226782066446727e-21
1.1845703125 -1.56252466564599e-21
1.184814453125 -1.376830105554445e-21
1.18505859375 -7.718497255860703e-22
1.185302734375 -3.492739002535915e-22
1.185546875 -4.827575447551146e-22
1.185791015625 -8.383958830818728e-22
1.18603515625 -8.835802998327513e-22
1.186279296875 -6.144051751400324e-22
1.1865234375 -4.427438077932927e-22
1.186767578125 -5.28227754206918e-22
1.18701171875 -5.849695559578592e-22
1.187255859375 -3.158758005799589e-22
1.1875 2.489052599825843e-22
1.187744140625 8.681040312939199e-22
1.18798828125 1.336854282401454e-21
1.188232421875 1.582109834252058e-21
1.1884765625 1.65437312307302e-21
1.188720703125 1.678309817935444e-21
1.18896484375 1.767139650049681e-21
1.189208984375 1.977215472323666e-21
1.189453125 2.313868976292372e-21
1.189697265625 2.687339469253814e-21
1.18994140625 2.890258556889154e-21
1.190185546875 2.785255190508488e-21
1.1904296875 2.525172711223319e-21
1.190673828125 2.396768211658724e-21
1.19091796875 2.426235402180229e-21
1.191162109375 2.364918401304113e-21
1.19140625 2.094143539982782e-21
1.191650390625 1.76736368497501e-21
1.19189453125 1.493708639164839e-21
1.192138671875 1.206234012225197e-21
1.1923828125 9.400443386031111e-22
1.192626953125 8.579367245283439e-22
1.19287109375 8.389240981468574e-22
1.193115234375 4.841880351160433e-22
1.193359375 -1.911546154391756e-22
1.193603515625 -5.273656600388158e-22
1.19384765625 -8.535557709055299e-23
1.194091796875 6.667430411034309e-22
1.1943359375 1.025578509126187e-21
1.194580078125 1.030148508569692e-21
1.19482421875 1.149094995420899e-21
1.195068359375 1.300862918272435e-21
1.1953125 9.636971264891181e-22
1.195556640625 1.649651923070253e-22
1.19580078125 -4.32096015630825e-22
1.196044921875 -5.18407712339538e-22
1.1962890625 -5.059726264271202e-22
1.196533203125 -7.356466661160821e-22
1.19677734375 -9.855300063392382e-22
1.197021484375 -1.027237270675599e-21
1.197265625 -1.067853055126982e-21
1.197509765625 -1.312894160384393e-21
1.19775390625 -1.606476847930907e-21
1.197998046875 -1.831138628371383e-21
1.1982421875 -2.177545003251882e-21
1.198486328125 -2.68052205436992e-21
1.19873046875 -2.9665927375587e-21
1.198974609375 -2.827547632968448e-21
1.19921875 -2.580538368921548e-21
1.199462890625 -2.490285178625585e-21
1.19970703125 -2.34786387240819e-21
1.199951171875 -2.060996125043405e-21
1.2001953125 -2.089724463555757e-21
1.200439453125 -2.683391471775717e-21
1.20068359375 -3.197106435341657e-21
1.200927734375 -2.920711366285613e-21
1.201171875 -2.18865828037379e-21
1.201416015625 -1.824620504697612e-21
1.20166015625 -1.790564438144729e-21
1.201904296875 -1.362863250815153e-21
1.2021484375 -5.220512184160944e-22
1.202392578125 -9.204308184681171e-23
1.20263671875 -3.463889049467946e-22
1.202880859375 -4.970882651088127e-22
1.203125 4.374248006070195e-23
1.203369140625 7.703361339080431e-22
1.20361328125 9.847395852377357e-22
1.203857421875 8.81820363893662e-22
1.2041015625 1.106910787443905e-21
1.204345703125 1.74819212238778e-21
1.20458984375 2.402732398595413e-21
1.204833984375 2.877243302249076e-21
1.205078125 3.220930553548563e-21
1.205322265625 3.325291572148551e-21
1.20556640625 3.065517974471308e-21
1.205810546875 2.68809731008687e-21
1.2060546875 2.571659212074522e-21
1.206298828125 2.711132699245095e-21
1.20654296875 2.832092928749737e-21
1.206787109375 2.856815678148893e-21
1.20703125 2.84384418790732e-21
1.207275390625 2.626485396544295e-21
1.20751953125 1.983695740039368e-21
1.207763671875 1.109144019023262e-21
1.2080078125 4.882282546271681e-22
1.208251953125 3.27486214214465e-22
1.20849609375 4.51608647107366e-22
1.208740234375 6.927416832321447e-22
1.208984375 9.974594147731872e-22
1.209228515625 1.204669294733739e-21
1.20947265625 1.140067943083613e-21
1.209716796875 9.474856721804522e-22
1.2099609375 9.416661654562696e-22
1.210205078125 1.104268544199669e-21
1.21044921875 1.110334303877964e-21
1.210693359375 9.040740628330382e-22
1.2109375 8.360964187246199e-22
1.211181640625 1.091430516963547e-21
1.21142578125 1.353855727992523e-21
1.211669921875 1.255611487759748e-21
1.2119140625 8.877998046453027e-22
1.212158203125 6.282560475160638e-22
1.21240234375 6.268616312464582e-22
1.212646484375 6.572258986444816e-22
1.212890625 4.033113854313768e-22
1.213134765625 -2.020477384812969e-22
1.21337890625 -8.625997143264849e-22
1.213623046875 -1.145837331928767e-21
1.2138671875 -9.337854480397926e-22
1.214111328125 -5.828440380555275e-22
1.21435546875 -4.582725161195805e-22
1.214599609375 -4.256841699994445e-22
1.21484375 -1.169717852673307e-22
1.215087890625 3.775039678650649e-22
1.21533203125 5.452271214764497e-22
1.215576171875 2.783239438243082e-22
1.2158203125 1.770403836592029e-22
1.216064453125 7.16837233486224e-22
1.21630859375 1.473505002477284e-21
1.216552734375 1.613330563698766e-21
1.216796875 9.8889279521152e-22
1.217041015625 3.106278611002363e-22
1.21728515625 2.267368527686183e-22
1.217529296875 6.031800630115077e-22
1.2177734375 8.51193561884858e-22
1.218017578125 7.08992746913486e-22
1.21826171875 4.600542635055893e-22
1.218505859375 4.497707224546061e-22
1.21875 6.195037240728897e-22
1.218994140625 6.32066024569767e-22
1.21923828125 3.50947530918071e-22
1.219482421875 3.028560788937191e-24
1.2197265625 -1.667888222770303e-22
1.219970703125 -2.15136544704399e-22
1.22021484375 -3.362898947220751e-22
1.220458984375 -5.181934828360444e-22
1.220703125 -5.682010929022985e-22
1.220947265625 -4.196135755884085e-22
1.22119140625 -2.025966740405986e-22
1.221435546875 -2.799022384510456e-23
1.2216796875 1.004261956210801e-22
1.221923828125 1.611670180886731e-22
1.22216796875 1.08476039700789e-22
1.222412109375 1.432001126303561e-23
1.22265625 1.783572870625551e-23
1.222900390625 8.884838555555662e-23
1.22314453125 3.127338086242837e-23
1.223388671875 -2.168828024683123e-22
1.2236328125 -4.673422379989201e-22
1.223876953125 -5.506183921193744e-22
1.22412109375 -5.499355823566324e-22
1.224365234375 -6.656738712437374e-22
1.224609375 -9.511416514632547e-22
1.224853515625 -1.278868026518155e-21
1.22509765625 -1.524854592735007e-21
1.225341796875 -1.731742737224446e-21
1.2255859375 -2.073054867014943e-21
1.225830078125 -2.609786641926426e-21
1.22607421875 -3.105872013739135e-21
1.226318359375 -3.252641430775422e-21
1.2265625 -3.111937999344576e-21
1.226806640625 -3.066569332124601e-21
1.22705078125 -3.194270423140606e-21
1.227294921875 -3.05301013897865e-21
1.2275390625 -2.407050085371585e-21
1.227783203125 -1.802252488950232e-21
1.22802734375 -1.895894539107837e-21
1.228271484375 -2.457202432535311e-21
1.228515625 -2.673071029439513e-21
1.228759765625 -2.342776282827292e-21
1.22900390625 -2.067295611124479e-21
1.229248046875 -2.220008825982515e-21
1.2294921875 -2.469672856261984e-21
1.229736328125 -2.515779641020103e-21
1.22998046875 -2.576815839800211e-21
1.230224609375 -2.814925368288044e-21
1.23046875 -2.926588908884587e-21
1.230712890625 -2.730024204715381e-21
1.23095703125 -2.579941012905671e-21
1.231201171875 -2.718213875244507e-21
1.2314453125 -2.755581161951946e-21
1.231689453125 -2.365565504503944e-21
1.23193359375 -2.009661728657563e-21
1.232177734375 -2.302804514338309e-21
1.232421875 -3.017194766638866e-21
1.232666015625 -3.426472239530751e-21
1.23291015625 -3.390586880801798e-21
1.233154296875 -3.356847845955372e-21
1.2333984375 -3.40613649048212e-21
1.233642578125 -3.06136125399365e-21
1.23388671875 -2.118204460945491e-21
1.234130859375 -1.029177652010442e-21
1.234375 -2.959526770214645e-22
1.234619140625 3.945698234890826e-23
1.23486328125 1.680966070838318e-22
1.235107421875 2.177982660917537e-22
1.2353515625 3.321827964671382e-22
1.235595703125 6.829175854571949e-22
1.23583984375 1.257982474331828e-21
1.236083984375 1.891710634839171e-21
1.236328125 2.524729399477485e-21
1.236572265625 3.136855388281091e-21
1.23681640625 3.460537974328465e-21
1.237060546875 3.169680269160685e-21
1.2373046875 2.407917290112847e-21
1.237548828125 1.744670341567304e-21
1.23779296875 1.513253437257786e-21
1.238037109375 1.528538575333391e-21
1.23828125 1.525382688525101e-21
1.238525390625 1.512164504846123e-21
1.23876953125 1.584716337371815e-21
1.239013671875 1.730916537390178e-21
1.2392578125 1.944453332452366e-21
1.239501953125 2.239842087120211e-21
1.23974609375 2.47399731182256e-21
1.239990234375 2.461009003272473e-21
1.240234375 2.320983580755186e-21
1.240478515625 2.364005186219714e-21
1.24072265625 2.565680090433727e-21
1.240966796875 2.565326168087008e-21
1.2412109375 2.290251822285678e-21
1.241455078125 2.120172592040084e-21
1.24169921875 2.231352816830108e-21
1.241943359375 2.246096060189741e-21
1.2421875 1.846876366319952e-21
1.242431640625 1.324191280676384e-21
1.24267578125 1.117816487931037e-21
1.242919921875 1.14912771080552e-21
1.2431640625 1.063202902181178e-21
1.243408203125 8.900954258931433e-22
1.24365234375 9.643828547319095e-22
1.243896484375 1.297072299104232e-21
1.244140625 1.505222795044245e-21
1.244384765625 1.37231752767184e-21
1.24462890625 1.078979557236844e-21
1.244873046875 8.201808290374908e-22
1.2451171875 5.351896399370162e-22
1.245361328125 1.18779051216769e-22
1.24560546875 -3.654107443166387e-22
1.245849609375 -7.838306671489461e-22
1.24609375 -1.039420352368318e-21
1.246337890625 -1.027043395775296e-21
1.24658203125 -7.159584107187938e-22
1.246826171875 -3.395884315480661e-22
1.2470703125 -2.302387183334748e-22
1.247314453125 -3.353906628270264e-22
1.24755859375 -1.835728877903049e-22
1.247802734375 4.412652087265715e-22
1.248046875 1.057577441789482e-21
1.248291015625 1.082725261365727e-21
1.24853515625 7.100696316075727e-22
1.248779296875 7.01402863607294e-22
1.2490234375 1.266151020904124e-21
1.249267578125 1.677966001434712e-21
1.24951171875 1.300458606773486e-21
1.249755859375 5.590119390418063e-22
1.25 3.798409613671346e-22
1.250244140625 8.806082735953164e-22
1.25048828125 1.227410904435688e-21
1.250732421875 8.268157427015961e-22
1.2509765625 8.944454800129402e-23
1.251220703125 -2.243917040417144e-22
1.25146484375 2.753056006870765e-23
1.251708984375 3.901163249878344e-22
1.251953125 4.92067035092689e-22
1.252197265625 3.489860048729327e-22
1.25244140625 1.712047646224973e-22
1.252685546875 1.800118516703713e-22
1.2529296875 4.901656711605825e-22
1.253173828125 9.357380323072592e-22
1.25341796875 1.154705789795964e-21
1.253662109375 1.045886878273439e-21
1.25390625 9.348461085585881e-22
1.254150390625 1.067773882591855e-21
1.25439453125 1.225911167940589e-21
1.254638671875 1.158177420194198e-21
1.2548828125 1.081618608832352e-21
1.255126953125 1.291628181547729e-21
1.25537109375 1.529199456965258e-21
1.255615234375 1.31650018780569e-21
1.255859375 7.931399044895135e-22
1.256103515625 5.808061683921356e-22
1.25634765625 8.056413132847171e-22
1.256591796875 9.037124965273348e-22
1.2568359375 5.507449296374193e-22
1.257080078125 1.663788743400682e-22
1.25732421875 1.967427189432088e-22
1.257568359375 4.28123020903492e-22
1.2578125 4.354598459033181e-22
1.258056640625 3.253476564939801e-22
1.25830078125 5.348355935876786e-22
1.258544921875 1.077682253445314e-21
1.2587890625 1.463399846390292e-21
1.259033203125 1.378856594599638e-21
1.25927734375 1.120347533980526e-21
1.259521484375 1.225173560377504e-21
1.259765625 1.809437929361292e-21
1.260009765625 2.385460412859187e-21
1.26025390625 2.358731433653974e-21
1.260498046875 1.66964444969816e-21
1.2607421875 8.285965004801011e-22
1.260986328125 2.798759453162166e-22
1.26123046875 -5.586043241436518e-23
1.261474609375 -4.428444303294853e-22
1.26171875 -8.136467977895679e-22
1.261962890625 -9.656655277926713e-22
1.26220703125 -1.085216017450876e-21
1.262451171875 -1.558559337587867e-21
1.2626953125 -2.274934406520945e-21
1.262939453125 -2.648588029341554e-21
1.26318359375 -2.458159171736831e-21
1.263427734375 -2.177564419575994e-21
1.263671875 -2.254514991598092e-21
1.263916015625 -2.483636669688643e-21
1.26416015625 -2.394698143629489e-21
1.264404296875 -1.957515206640261e-21
1.2646484375 -1.591311172422888e-21
1.264892578125 -1.643635705361075e-21
1.26513671875 -2.074350310053797e-21
1.265380859375 -2.543608897739147e-21
1.265625 -2.721843732435306e-21
1.265869140625 -2.641924230293678e-21
1.26611328125 -2.716135212589906e-21
1.266357421875 -3.18945591064598e-21
1.2666015625 -3.693366286059658e-21
1.266845703125 -3.710936090893989e-21
1.26708984375 -3.361964385144011e-21
1.267333984375 -3.193350145726774e-21
1.267578125 -3.240324382491133e-21
1.267822265625 -2.971542793672963e-21
1.26806640625 -2.263875600343082e-21
1.268310546875 -1.687358656784727e-21
1.2685546875 -1.55743255518524e-21
1.268798828125 -1.442523669314491e-21
1.26904296875 -1.006467255688678e-21
1.269287109375 -6.14004546473336e-22
1.26953125 -5.678425016044596e-22
1.269775390625 -4.268654782209176e-22
1.27001953125 2.370559970172318e-22
1.270263671875 9.712590561300794e-22
1.2705078125 1.095709146225294e-21
1.270751953125 7.906919748416027e-22
1.27099609375 7.522296144470788e-22
1.271240234375 1.102146012562789e-21
1.271484375 1.425114459703276e-21
1.271728515625 1.612500928302913e-21
1.27197265625 1.862953617343423e-21
1.272216796875 2.051276438245972e-21
1.2724609375 1.911639206749905e-21
1.272705078125 1.696963164793608e-21
1.27294921875 1.834418631349774e-21
1.273193359375 2.052636777903181e-21
1.2734375 1.738235385258718e-21
1.273681640625 1.10102963626563e-21
1.27392578125 1.012783112554447e-21
1.274169921875 1.602801981489438e-21
1.2744140625 2.019490087976251e-21
1.274658203125 1.839051467996887e-21
1.27490234375 1.709040809145933e-21
1.275146484375 2.140067182069546e-21
1.275390625 2.582002367521831e-21
1.275634765625 2.360851733821744e-21
1.27587890625 1.807519485576287e-21
1.276123046875 1.692252423657288e-21
1.2763671875 2.038654682562151e-21
1.276611328125 2.261968352597414e-21
1.27685546875 2.162749595639809e-21
1.277099609375 2.054475885040323e-21
1.27734375 2.064803905101231e-21
1.277587890625 1.965650237857615e-21
1.27783203125 1.685315592648025e-21
1.278076171875 1.478413441422214e-21
1.2783203125 1.52885872285652e-21
1.278564453125 1.72215466805147e-21
1.27880859375 1.820307133589467e-21
1.279052734375 1.615227627286164e-21
1.279296875 9.87753341980209e-22
1.279541015625 8.032528141025557e-23
1.27978515625 -6.760956721712954e-22
1.280029296875 -9.808735099412848e-22
1.2802734375 -1.046147776459023e-21
1.280517578125 -1.317855495483903e-21
1.28076171875 -1.888868193070855e-21
1.281005859375 -2.440788414804032e-21
1.28125 -2.722868738660577e-21
1.281494140625 -2.846628440459755e-21
1.28173828125 -3.098129214556844e-21
1.281982421875 -3.62771571577882e-21
1.2822265625 -4.330770885396753e-21
1.282470703125 -4.935706748045596e-21
1.28271484375 -5.246024044145204e-21
1.282958984375 -5.349957839702529e-21
1.283203125 -5.494946037202987e-21
1.283447265625 -5.724308737177267e-21
1.28369140625 -5.821318103309518e-21
1.283935546875 -5.680140816428662e-21
1.2841796875 -5.488216991346823e-21
1.284423828125 -5.399250392991745e-21
1.28466796875 -5.275652927055377e-21
1.284912109375 -4.962105477468674e-21
1.28515625 -4.590667923405029e-21
1.285400390625 -4.362535770620963e-21
1.28564453125 -4.20160524712972e-21
1.285888671875 -3.885856661338158e-21
1.2861328125 -3.394862793524254e-21
1.286376953125 -2.891003091224691e-21
1.28662109375 -2.470109197895155e-21
1.286865234375 -2.142553177009806e-21
1.287109375 -1.938115652920409e-21
1.287353515625 -1.823035318835446e-21
1.28759765625 -1.639493146307048e-21
1.287841796875 -1.320594434184042e-21
1.2880859375 -1.023399880578583e-21
1.288330078125 -8.736550635557147e-22
1.28857421875 -7.683127486160567e-22
1.288818359375 -6.136031119009622e-22
1.2890625 -5.000707056551533e-22
1.289306640625 -4.060467800963972e-22
1.28955078125 -5.590988705543998e-23
1.289794921875 5.756676230565097e-22
1.2900390625 9.693569960998563e-22
1.290283203125 7.750862650623675e-22
1.29052734375 5.245016653991033e-22
1.290771484375 9.811563340678988e-22
1.291015625 1.952610724327392e-21
1.291259765625 2.508436628873865e-21
1.29150390625 2.381458281081236e-21
1.291748046875 2.3356603374033e-21
1.2919921875 2.924530947310793e-21
1.292236328125 3.676591860823204e-21
1.29248046875 3.954171504896398e-21
1.292724609375 3.947256166621223e-21
1.29296875 4.193766443701819e-21
1.293212890625 4.590417686040804e-21
1.29345703125 4.59987928788548e-21
1.293701171875 4.198771445826642e-21
1.2939453125 3.90795666204109e-21
1.294189453125 3.910958047862014e-21
1.29443359375 3.769311953403525e-21
1.294677734375 3.153231221524037e-21
1.294921875 2.382927719627398e-21
1.295166015625 2.017122843551267e-21
1.29541015625 2.18409148317979e-21
1.295654296875 2.508059028873768e-21
1.2958984375 2.535945217029663e-21
1.296142578125 2.128873108473421e-21
1.29638671875 1.547832420791641e-21
1.296630859375 1.197594158520108e-21
1.296875 1.205659422857456e-21
1.297119140625 1.30855626419395e-21
1.29736328125 1.265942398114614e-21
1.297607421875 1.232386666771917e-21
1.2978515625 1.467978062612198e-21
1.298095703125 1.813256753875388e-21
1.29833984375 1.829335772360231e-21
1.298583984375 1.454266027689785e-21
1.298828125 1.128461950531202e-21
1.299072265625 1.173279655789823e-21
1.29931640625 1.413030824318489e-21
1.299560546875 1.578738024034441e-21
1.2998046875 1.736102879849921e-21
1.300048828125 2.05202188432722e-21
1.30029296875 2.412667814339909e-21
1.300537109375 2.593315768799968e-21
1.30078125 2.632325409943019e-21
1.301025390625 2.713820742046353e-21
1.30126953125 2.778460492959595e-21
1.301513671875 2.571762658870931e-21
1.3017578125 2.073138545156516e-21
1.302001953125 1.609673304527485e-21
1.30224609375 1.48079270998027e-21
1.302490234375 1.629803867605701e-21
1.302734375 1.728925257280884e-21
1.302978515625 1.50038187691846e-21
1.30322265625 9.795518812203701e-22
1.303466796875 5.419404879387472e-22
1.3037109375 5.82509248068425e-22
1.303955078125 1.05249377516744e-21
1.30419921875 1.433506409429074e-21
1.304443359375 1.331034982828669e-21
1.3046875 9.559817775284531e-22
1.304931640625 8.055096147984847e-22
1.30517578125 1.026369700890172e-21
1.305419921875 1.410406074054915e-21
1.3056640625 1.89263883158428e-21
1.305908203125 2.596364867682422e-21
1.30615234375 3.340754280716349e-21
1.306396484375 3.581811742915029e-21
1.306640625 3.089721724779661e-21
1.306884765625 2.358239635846602e-21
1.30712890625 2.053263795507487e-21
1.307373046875 2.264526181225497e-21
1.3076171875 2.557361860779961e-21
1.307861328125 2.583084273975351e-21
1.30810546875 2.366881153901406e-21
1.308349609375 2.118158509549441e-21
1.30859375 2.023788973450868e-21
1.308837890625 2.167047916330289e-21
1.30908203125 2.437749861734914e-21
1.309326171875 2.574406736710404e-21
1.3095703125 2.453092775116102e-21
1.309814453125 2.228774119259323e-21
1.31005859375 2.027229261609044e-21
1.310302734375 1.674727738798127e-21
1.310546875 9.994896450432809e-22
1.310791015625 2.410962428093837e-22
1.31103515625 -2.130139423171728e-22
1.311279296875 -4.40157741878914e-22
1.3115234375 -9.201705500873223e-22
1.311767578125 -1.806015342445238e-21
1.31201171875 -2.657786810241542e-21
1.312255859375 -3.066056090482136e-21
1.3125 -3.182599200407273e-21
1.312744140625 -3.372807524174259e-21
1.31298828125 -3.626174063542996e-21
1.313232421875 -3.665795549770237e-21
1.3134765625 -3.50095767068372e-21
1.313720703125 -3.50042467749601e-21
1.31396484375 -3.902576477684856e-21
1.314208984375 -4.533461515950801e-21
1.314453125 -5.078910897135447e-21
1.314697265625 -5.412832542825925e-21
1.31494140625 -5.550143175918803e-21
1.315185546875 -5.466674314298706e-21
1.3154296875 -5.159115112296864e-21
1.315673828125 -4.814483589197967e-21
1.31591796875 -4.720940061210806e-21
1.316162109375 -4.9448773932256e-21
1.31640625 -5.195360406538176e-21
1.316650390625 -5.105959881478786e-21
1.31689453125 -4.639545496274887e-21
1.317138671875 -4.14497601370929e-21
1.3173828125 -3.98467995142797e-21
1.317626953125 -4.137651042494732e-21
1.31787109375 -4.208112758798322e-21
1.318115234375 -3.834911199762823e-21
1.318359375 -3.084828798761765e-21
1.318603515625 -2.422226373802935e-21
1.31884765625 -2.250702504547521e-21
1.319091796875 -2.469542186282141e-21
1.3193359375 -2.54536498761658e-21
1.319580078125 -2.091061020385665e-21
1.31982421875 -1.321489237550589e-21
1.320068359375 -8.197030124428243e-22
1.3203125 -8.763755934986773e-22
1.320556640625 -1.222060258007042e-21
1.32080078125 -1.442348643920122e-21
1.321044921875 -1.462383963365662e-21
1.3212890625 -1.489751193090164e-21
1.321533203125 -1.62444605381949e-21
1.32177734375 -1.7224777089027e-21
1.322021484375 -1.614144852939771e-21
1.322265625 -1.322675301190254e-21
1.322509765625 -1.076619430110005e-21
1.32275390625 -1.169088989348662e-21
1.322998046875 -1.719726894030808e-21
1.3232421875 -2.471231028082899e-21
1.323486328125 -2.917905396607696e-21
1.32373046875 -2.785763726855599e-21
1.323974609375 -2.327898865838883e-21
1.32421875 -2.0160712013079e-21
1.324462890625 -2.020888202471525e-21
1.32470703125 -2.144599629125277e-21
1.324951171875 -2.165146827389764e-21
1.3251953125 -2.040060041455346e-21
1.325439453125 -1.837345858385082e-21
1.32568359375 -1.689143386350977e-21
1.325927734375 -1.77052934980814e-21
1.326171875 -2.086278263195396e-21
1.326416015625 -2.300542862101742e-21
1.32666015625 -2.028348823204435e-21
1.326904296875 -1.3017483767411e-21
1.3271484375 -5.09634547238091e-22
1.327392578125 1.07743674921705e-22
1.32763671875 6.177618351425332e-22
1.327880859375 1.054943312370508e-21
1.328125 1.281744056055264e-21
1.328369140625 1.276417131217276e-21
1.32861328125 1.208967050018405e-21
1.328857421875 1.099001972029235e-21
1.3291015625 7.583814064018909e-22
1.329345703125 2.508717460436607e-22
1.32958984375 8.317340768781421e-24
1.329833984375 2.001273928909681e-22
1.330078125 3.701337343387794e-22
1.330322265625 1.120081440420303e-22
1.33056640625 -2.054791960268425e-22
1.330810546875 9.430750383844293e-23
1.3310546875 9.888030004505129e-22
1.331298828125 1.788615771964958e-21
1.33154296875 2.133941750540469e-21
1.331787109375 2.369225642003379e-21
1.33203125 2.803904485871664e-21
1.332275390625 3.156992089880496e-21
1.33251953125 3.048773375308332e-21
1.332763671875 2.648678687389644e-21
1.3330078125 2.438461143097552e-21
1.333251953125 2.541531397670039e-21
1.33349609375 2.660442171227887e-21
1.333740234375 2.599380308933203e-21
1.333984375 2.52427128235945e-21
1.334228515625 2.674819695421851e-21
1.33447265625 3.043655249483892e-21
1.334716796875 3.415304330398853e-21
1.3349609375 3.598041700773144e-21
1.335205078125 3.558306736965585e-21
1.33544921875 3.400033284285859e-21
1.335693359375 3.264282908717577e-21
1.3359375 3.230617640059486e-21
1.336181640625 3.292328994640159e-21
1.33642578125 3.400927112612215e-21
1.336669921875 3.496652731011848e-21
1.3369140625 3.514043894275508e-21
1.337158203125 3.43637913552849e-21
1.33740234375 3.359406265022372e-21
1.337646484375 3.417505961456069e-21
1.337890625 3.606422176378467e-21
1.338134765625 3.747858025430612e-21
1.33837890625 3.674695862206179e-21
1.338623046875 3.392433412447346e-21
1.3388671875 3.014627137595922e-21
1.339111328125 2.601956220883072e-21
1.33935546875 2.134538716100225e-21
1.339599609375 1.622956399916561e-21
1.33984375 1.19054774380416e-21
1.340087890625 1.011499392079773e-21
1.34033203125 1.135004682278839e-21
1.340576171875 1.374928755247779e-21
1.3408203125 1.471221313450448e-21
1.341064453125 1.426397997934946e-21
1.34130859375 1.545909780983863e-21
1.341552734375 1.969807196235127e-21
1.341796875 2.290945724375863e-21
1.342041015625 1.967662520453991e-21
1.34228515625 1.135480297153064e-21
1.342529296875 6.233255041626978e-22
1.3427734375 9.550470002247868e-22
1.343017578125 1.653460830328531e-21
1.34326171875 1.870050539142205e-21
1.343505859375 1.486730552234902e-21
1.34375 1.161106866286628e-21
1.343994140625 1.349275634844861e-21
1.34423828125 1.754848546485365e-21
1.344482421875 1.859905019630737e-21
1.3447265625 1.598570631142569e-21
1.344970703125 1.264157853770986e-21
1.34521484375 1.03516279550007e-21
1.345458984375 8.847955130897301e-22
1.345703125 7.87341909997951e-22
1.345947265625 7.330862134945913e-22
1.34619140625 6.400311986857583e-22
1.346435546875 4.91424919051233e-22
1.3466796875 4.569970046398749e-22
1.346923828125 6.261261105002415e-22
1.34716796875 7.43124696608117e-22
1.347412109375 5.419111519840327e-22
1.34765625 2.62042107066183e-22
1.347900390625 3.973315085192726e-22
1.34814453125 8.977736924774355e-22
1.348388671875 1.120261587712888e-21
1.3486328125 7.682627262820354e-22
1.348876953125 3.67855642488175e-22
1.34912109375 4.177634651058852e-22
1.349365234375 5.231063646153439e-22
1.349609375 -1.338684977345643e-23
1.349853515625 -1.019374102335313e-21
1.35009765625 -1.636764307637661e-21
1.350341796875 -1.644468080312756e-21
1.3505859375 -1.775924547217466e-21
1.350830078125 -2.471211509016687e-21
1.35107421875 -3.098795026743317e-21
1.351318359375 -2.959531394632122e-21
1.3515625 -2.451788594909808e-21
1.351806640625 -2.480344615635081e-21
1.35205078125 -3.056408564942328e-21
1.352294921875 -3.336877862508515e-21
1.3525390625 -2.979446622054877e-21
1.352783203125 -2.609896223017885e-21
1.35302734375 -2.760027791252314e-21
1.353271484375 -3.107023912378196e-21
1.353515625 -3.184420299475181e-21
1.353759765625 -3.25279772231836e-21
1.35400390625 -3.864197402387478e-21
1.354248046875 -4.874813687150495e-21
1.3544921875 -5.506059414459923e-21
1.354736328125 -5.340957304436595e-21
1.35498046875 -4.787165950289678e-21
1.355224609375 -4.47419897931669e-21
1.35546875 -4.523983431695466e-21
1.355712890625 -4.557501320034071e-21
1.35595703125 -4.239856271334839e-21
1.356201171875 -3.672762686457486e-21
1.3564453125 -3.256095950730533e-21
1.356689453125 -3.191405071840149e-21
1.35693359375 -3.215312752444704e-21
1.357177734375 -2.985636156545457e-21
1.357421875 -2.664235338219701e-21
1.357666015625 -2.764891143488617e-21
1.35791015625 -3.322861098431591e-21
1.358154296875 -3.645757415073404e-21
1.3583984375 -3.207799025393277e-21
1.358642578125 -2.42634449997311e-21
1.35888671875 -2.079408723105482e-21
1.359130859375 -2.199725810613906e-21
1.359375 -2.112397880912584e-21
1.359619140625 -1.464808598255286e-21
1.35986328125 -6.158415050761043e-22
1.360107421875 3.278731093202734e-23
1.3603515625 4.910159328239533e-22
1.360595703125 8.001614211836866e-22
1.36083984375 7.681151343314946e-22
1.361083984375 4.041147572797659e-22
1.361328125 1.809174349033486e-22
1.361572265625 4.878142450463687e-22
1.36181640625 1.120290708496366e-21
1.362060546875 1.638064861226967e-21
1.3623046875 1.951983513345221e-21
1.362548828125 2.217749953288004e-21
1.36279296875 2.398925814752585e-21
1.363037109375 2.323068203878332e-21
1.36328125 2.027769418950253e-21
1.363525390625 1.721641305917163e-21
1.36376953125 1.512307817356659e-21
1.364013671875 1.4305786401059e-21
1.3642578125 1.558879792448887e-21
1.364501953125 1.859823118818031e-21
1.36474609375 2.064676096949103e-21
1.364990234375 2.037717887667024e-21
1.365234375 2.047325861888436e-21
1.365478515625 2.323207355429372e-21
1.36572265625 2.570290447296697e-21
1.365966796875 2.38389738036643e-21
1.3662109375 1.981125598944405e-21
1.366455078125 1.963708843830226e-21
1.36669921875 2.386480997345512e-21
1.366943359375 2.622645340759995e-21
1.3671875 2.242430981235572e-21
1.367431640625 1.521165153839667e-21
1.36767578125 9.320397356876517e-22
1.367919921875 6.027077783183551e-22
1.3681640625 4.654861860788866e-22
1.368408203125 5.057762899300125e-22
1.36865234375 6.014137050213854e-22
1.368896484375 4.764998537660564e-22
1.369140625 9.146370937475614e-23
1.369384765625 -2.012010754635194e-22
1.36962890625 -1.215127502268773e-22
1.369873046875 1.794186118488584e-22
1.3701171875 4.162698296958331e-22
1.370361328125 5.358890607286203e-22
1.37060546875 5.911349866735488e-22
1.370849609375 5.583012385985726e-22
1.37109375 5.003955310982068e-22
1.371337890625 6.012940153693178e-22
1.37158203125 8.096914712407177e-22
1.371826171875 7.842464275458211e-22
1.3720703125 4.40936881723128e-22
1.372314453125 1.75495448333699e-22
1.37255859375 2.358972049382138e-22
1.372802734375 2.932488268987068e-22
1.373046875 4.26530735183669e-23
1.373291015625 -1.946936607194249e-22
1.37353515625 -6.554776000183138e-25
1.373779296875 3.819898761095896e-22
1.3740234375 4.523574840521117e-22
1.374267578125 3.082209242204348e-22
1.37451171875 3.736472989374145e-22
1.374755859375 4.951916317109018e-22
1.375 1.646972777779216e-22
1.375244140625 -4.144846095554786e-22
1.37548828125 -4.163935149083897e-22
1.375732421875 2.889125070866379e-22
1.3759765625 8.105724276948129e-22
1.376220703125 5.813806322059056e-22
1.37646484375 1.860822166758462e-22
1.376708984375 3.247996886405611e-22
1.376953125 6.960831824350991e-22
1.377197265625 6.112454154448589e-22
1.37744140625 1.484547543100374e-22
1.377685546875 -1.101913139346203e-22
1.3779296875 -1.178261046349903e-22
1.378173828125 -3.052717130690982e-22
1.37841796875 -6.881619984129558e-22
1.378662109375 -8.665839578377231e-22
1.37890625 -8.748087992546297e-22
1.379150390625 -1.211647224671546e-21
1.37939453125 -1.891823588593846e-21
1.379638671875 -2.227547762613276e-21
1.3798828125 -1.855024783740695e-21
1.380126953125 -1.340412021820104e-21
1.38037109375 -1.35479321697893e-21
1.380615234375 -1.755954215697309e-21
1.380859375 -1.977384460338124e-21
1.381103515625 -1.944996811933352e-21
1.38134765625 -2.033550136344331e-21
1.381591796875 -2.303344702621107e-21
1.3818359375 -2.361615018126176e-21
1.382080078125 -2.005787600641105e-21
1.38232421875 -1.540294136445863e-21
1.382568359375 -1.319344066754555e-21
1.3828125 -1.311666380911636e-21
1.383056640625 -1.292811883418993e-21
1.38330078125 -1.221093710704256e-21
1.383544921875 -1.212015105518636e-21
1.3837890625 -1.281681063729967e-21
1.384033203125 -1.312766986462611e-21
1.38427734375 -1.212264485945511e-21
1.384521484375 -9.536301132616448e-22
1.384765625 -5.146096076849557e-22
1.385009765625 7.003281415020421e-23
1.38525390625 6.13634973642115e-22
1.385498046875 9.085770617167422e-22
1.3857421875 9.995769242824253e-22
1.385986328125 1.181454175866463e-21
1.38623046875 1.638954334032223e-21
1.386474609375 2.209714352539526e-21
1.38671875 2.617069486732142e-21
1.386962890625 2.821291867768535e-21
1.38720703125 2.975214629410352e-21
1.387451171875 3.126740518934763e-21
1.3876953125 3.195284562544105e-21
1.387939453125 3.199583451189952e-21
1.38818359375 3.217539575856163e-21
1.388427734375 3.084667480761031e-21
1.388671875 2.48518492848675e-21
1.388916015625 1.523389545117631e-21
1.38916015625 8.639718846733477e-22
1.389404296875 9.673693195258463e-22
1.3896484375 1.425158531040986e-21
1.389892578125 1.481861623364193e-21
1.39013671875 1.081964551511222e-21
1.390380859375 8.906551599881021e-22
1.390625 1.258537586475655e-21
1.390869140625 1.709867722830646e-21
1.39111328125 1.672915006002007e-21
1.391357421875 1.24820179348645e-21
1.3916015625 8.895177638464148e-22
1.391845703125 6.678959310239256e-22
1.39208984375 3.137208040768546e-22
1.392333984375 -1.840420209644408e-22
1.392578125 -4.91607798798444e-22
1.392822265625 -4.312184736656264e-22
1.39306640625 -1.882316875506686e-22
1.393310546875 2.58237935123232e-23
1.3935546875 1.933004608909774e-22
1.393798828125 3.037497134420011e-22
1.39404296875 2.561362571128583e-22
1.394287109375 8.386460674259034e-23
1.39453125 2.836274081073043e-23
1.394775390625 2.147158971938607e-22
1.39501953125 4.336947561832589e-22
1.395263671875 4.279491400813031e-22
1.3955078125 2.727661560130651e-22
1.395751953125 2.829998703403225e-22
1.39599609375 5.775363825364978e-22
1.396240234375 8.800968412063387e-22
1.396484375 7.913059240633208e-22
1.396728515625 2.279648140699179e-22
1.39697265625 -4.343155305700315e-22
1.397216796875 -7.216675424462284e-22
1.3974609375 -6.015092692775953e-22
1.397705078125 -5.249009011790584e-22
1.39794921875 -7.883231704949063e-22
1.398193359375 -1.03470798858191e-21
1.3984375 -7.178504896993375e-22
1.398681640625 2.318331128918363e-23
1.39892578125 4.147359431627001e-22
1.399169921875 7.097316800755213e-23
1.3994140625 -5.082290760981779e-22
1.399658203125 -7.180793286899439e-22
1.39990234375 -6.785147455372372e-22
1.400146484375 -8.552801338638149e-22
1.400390625 -1.202346776743698e-21
1.400634765625 -1.266605932399551e-21
1.40087890625 -1.000419000331712e-21
1.401123046875 -8.490976841761907e-22
1.4013671875 -9.765774419059643e-22
1.401611328125 -9.703051030909183e-22
1.40185546875 -5.219704606423903e-22
1.402099609375 5.813116840281959e-23
1.40234375 3.000588316152966e-22
1.402587890625 2.05676228944807e-22
1.40283203125 9.298318944456253e-23
1.403076171875 5.088413888968789e-23
1.4033203125 -9.664065953540759e-23
1.403564453125 -3.996670157504277e-22
1.40380859375 -6.795658555020639e-22
1.404052734375 -8.110147250384742e-22
1.404296875 -8.788014448432434e-22
1.404541015625 -1.018594396230769e-21
1.40478515625 -1.232127855138859e-21
1.405029296875 -1.382602845222732e-21
1.4052734375 -1.319929245910599e-21
1.405517578125 -1.043719649457423e-21
1.40576171875 -7.649332973771341e-22
1.406005859375 -7.125044258712215e-22
1.40625 -8.496773974902234e-22
1.406494140625 -9.147833767535245e-22
1.40673828125 -7.766026492548092e-22
1.406982421875 -5.628144457986086e-22
1.4072265625 -3.77684745458887e-22
1.407470703125 -1.519264841223886e-22
1.40771484375 7.744117821188583e-23
1.407958984375 2.650633545998198e-23
1.408203125 -4.16638477864774e-22
1.408447265625 -8.629601443373423e-22
1.40869140625 -8.835721529704509e-22
1.408935546875 -6.59481933643561e-22
1.4091796875 -7.388814953980513e-22
1.409423828125 -1.176245398246419e-21
1.40966796875 -1.391895604825242e-21
1.409912109375 -1.028385493210434e-21
1.41015625 -5.094457891823313e-22
1.410400390625 -4.399719150143923e-22
1.41064453125 -7.465476912038992e-22
1.410888671875 -8.107963262583981e-22
1.4111328125 -3.397220987803968e-22
1.411376953125 2.903455346811499e-22
1.41162109375 5.967186892375777e-22
1.411865234375 5.665638597414713e-22
1.412109375 5.154323894321082e-22
1.412353515625 6.057366231594158e-22
1.41259765625 7.401740702836349e-22
1.412841796875 8.176374372104735e-22
1.4130859375 8.387189045961415e-22
1.413330078125 7.762285471644456e-22
1.41357421875 5.977134812678879e-22
1.413818359375 4.71374768862615e-22
1.4140625 6.765104731221471e-22
1.414306640625 1.151241815651187e-21
1.41455078125 1.389897751395552e-21
1.414794921875 1.061981893087326e-21
1.4150390625 5.253151252833101e-22
1.415283203125 3.559664195714815e-22
1.41552734375 5.143049772968729e-22
1.415771484375 4.612603988365216e-22
1.416015625 7.297793403297657e-23
1.416259765625 -1.525092266790819e-22
1.41650390625 2.55913634778977e-23
1.416748046875 1.124240858468624e-22
1.4169921875 -3.166906632343449e-22
1.417236328125 -8.321312405705817e-22
1.41748046875 -7.487223505736976e-22
1.417724609375 -1.863051596660448e-22
1.41796875 1.180032042973081e-22
1.418212890625 -9.711439834888295e-23
1.41845703125 -3.836421456660604e-22
1.418701171875 -4.419678097254112e-22
1.4189453125 -5.40870224459775e-22
1.419189453125 -9.006043365124437e-22
1.41943359375 -1.235298877000813e-21
1.419677734375 -1.218515894872272e-21
1.419921875 -9.755091531364026e-22
1.420166015625 -7.831306799002003e-22
1.42041015625 -6.126292006027232e-22
1.420654296875 -3.076580808878941e-22
1.4208984375 2.886171830071455e-23
1.421142578125 1.471090992722177e-22
1.42138671875 -1.591155043098134e-23
1.421630859375 -3.640086688920202e-22
1.421875 -8.266167729872941e-22
1.422119140625 -1.272314503357691e-21
1.42236328125 -1.419063137237432e-21
1.422607421875 -1.118856850049665e-21
1.4228515625 -6.313408875830598e-22
1.423095703125 -3.737474814285938e-22
1.42333984375 -4.746583429255381e-22
1.423583984375 -7.530226309896429e-22
1.423828125 -1.007602488395934e-21
1.424072265625 -1.117781620255971e-21
1.42431640625 -9.904048324964564e-22
1.424560546875 -6.540397099797582e-22
1.4248046875 -3.239743071600647e-22
1.425048828125 -1.558346940961281e-22
1.42529296875 -2.042984384885316e-23
1.425537109375 2.664131990113816e-22
1.42578125 5.996459325963247e-22
1.426025390625 7.242964667173943e-22
1.42626953125 6.381243095167092e-22
1.426513671875 5.763153214727326e-22
1.4267578125 6.214794512704656e-22
1.427001953125 5.967438864575131e-22
1.42724609375 3.668561977056448e-22
1.427490234375 2.245743662759567e-23
1.427734375 -2.582234077930883e-22
1.427978515625 -3.397457648915446e-22
1.42822265625 -1.228875320526046e-22
1.428466796875 3.887578730976737e-22
1.4287109375 1.001661820049391e-21
1.428955078125 1.493589442258836e-21
1.42919921875 1.858117311399996e-21
1.429443359375 2.208952399378562e-21
1.4296875 2.482349304773083e-21
1.429931640625 2.476267022169024e-21
1.43017578125 2.182557049568761e-21
1.430419921875 1.828726352316427e-21
1.4306640625 1.574654521163784e-21
1.430908203125 1.432567182010351e-21
1.43115234375 1.501683198231043e-21
1.431396484375 1.937045665052494e-21
1.431640625 2.564084875636408e-21
1.431884765625 2.863758232550404e-21
1.43212890625 2.575704319377256e-21
1.432373046875 2.075027042693577e-21
1.4326171875 1.902420942729063e-21
1.432861328125 2.107781024871851e-21
1.43310546875 2.31120166028765e-21
1.433349609375 2.252352500427487e-21
1.43359375 1.988922702929504e-21
1.433837890625 1.64496971933346e-21
1.43408203125 1.266490084818989e-21
1.434326171875 9.274848304151655e-22
1.4345703125 7.315952438719548e-22
1.434814453125 6.600844092361369e-22
1.43505859375 5.882767484936918e-22
1.435302734375 4.826391013437777e-22
1.435546875 4.417225918286179e-22
1.435791015625 5.297766953597233e-22
1.43603515625 6.970765512653582e-22
1.436279296875 8.595693326654888e-22
1.4365234375 9.294055140525128e-22
1.436767578125 7.929515476658558e-22
1.43701171875 4.196124616737312e-22
1.437255859375 -1.564094451582471e-23
1.4375 -2.934953271236372e-22
1.437744140625 -4.47325594335298e-22
1.43798828125 -7.157962142888652e-22
1.438232421875 -1.163813285687598e-21
1.4384765625 -1.554177207554297e-21
1.438720703125 -1.691201808738194e-21
1.43896484375 -1.711763885312439e-21
1.439208984375 -1.891755161441839e-21
1.439453125 -2.288457874828294e-21
1.439697265625 -2.7251331195949e-21
1.43994140625 -3.045476433929451e-21
1.440185546875 -3.232629084139976e-21
1.4404296875 -3.318601629775578e-21
1.440673828125 -3.31094114290156e-21
1.44091796875 -3.210357426598542e-21
1.441162109375 -3.024798048438118e-21
1.44140625 -2.781834662649816e-21
1.441650390625 -2.56865787490768e-21
1.44189453125 -2.488545048629763e-21
1.442138671875 -2.499142973011232e-21
1.4423828125 -2.372030485847839e-21
1.442626953125 -1.933131840149792e-21
1.44287109375 -1.299796345182259e-21
1.443115234375 -7.558592601711982e-22
1.443359375 -4.16459849684797e-22
1.443603515625 -1.484941803237614e-22
1.44384765625 1.735723596190711e-22
1.444091796875 4.699369460313618e-22
1.4443359375 5.696614454579548e-22
1.444580078125 4.326189272606379e-22
1.44482421875 1.829103982671045e-22
1.445068359375 -4.622685542779443e-23
1.4453125 -2.397668789964662e-22
1.445556640625 -4.551402780750635e-22
1.44580078125 -6.738649692841285e-22
1.446044921875 -7.685739854376407e-22
1.4462890625 -6.834595075178542e-22
1.446533203125 -5.870155127973619e-22
1.44677734375 -6.89882367795341e-22
1.447021484375 -9.031134006020758e-22
1.447265625 -8.712136531606074e-22
1.447509765625 -4.187731493993715e-22
1.44775390625 2.424134823911682e-22
1.447998046875 8.630652507919154e-22
1.4482421875 1.446991620225462e-21
1.448486328125 1.976560807043087e-21
1.44873046875 2.151479865142059e-21
1.448974609375 1.803864190007197e-21
1.44921875 1.361638921291471e-21
1.449462890625 1.362151641330682e-21
1.44970703125 1.57927532760345e-21
1.449951171875 1.271897166184068e-21
1.4501953125 4.152816968152407e-22
1.450439453125 -1.009813140853712e-23
1.45068359375 6.503757354250527e-22
1.450927734375 1.68695261542517e-21
1.451171875 1.915526776718164e-21
1.451416015625 1.229548156953539e-21
1.45166015625 5.653904021557108e-22
1.451904296875 4.865779369645004e-22
1.4521484375 5.598165036005728e-22
1.452392578125 2.477312895327399e-22
1.45263671875 -2.608175410452532e-22
1.452880859375 -4.765052931439963e-22
1.453125 -4.187978894146261e-22
1.453369140625 -5.35413349035298e-22
1.45361328125 -9.873293179487245e-22
1.453857421875 -1.41312756213588e-21
1.4541015625 -1.422805121261158e-21
1.454345703125 -1.074496042215259e-21
1.45458984375 -7.625809494179075e-22
1.454833984375 -7.378610219090598e-22
1.455078125 -8.551297028407772e-22
1.455322265625 -8.384478648241594e-22
1.45556640625 -7.263383104081263e-22
1.455810546875 -8.657181353504232e-22
1.4560546875 -1.368510707488931e-21
1.456298828125 -1.7831780259076e-21
1.45654296875 -1.583974887852249e-21
1.456787109375 -9.035817373996207e-22
1.45703125 -4.384916906288882e-22
1.457275390625 -5.68705799674209e-22
1.45751953125 -8.8917631836838e-22
1.457763671875 -7.846445066200028e-22
1.4580078125 -2.257502766431443e-22
1.458251953125 2.505897086416914e-22
1.45849609375 2.251447852435295e-22
1.458740234375 -1.932573098885796e-22
1.458984375 -6.265236974345369e-22
1.459228515625 -8.771198247339511e-22
1.45947265625 -1.013935810229254e-21
1.459716796875 -1.115869350061955e-21
1.4599609375 -1.102314381559795e-21
1.460205078125 -8.849341709500567e-22
1.46044921875 -5.725243491280857e-22
1.460693359375 -3.514011812762389e-22
1.4609375 -1.913945251461195e-22
1.461181640625 9.477091526929875e-23
1.46142578125 4.51816703131084e-22
1.461669921875 5.507608150217978e-22
1.4619140625 3.431341647272605e-22
1.462158203125 3.168270399708314e-22
1.46240234375 8.36416732695275e-22
1.462646484375 1.478794981279829e-21
1.462890625 1.52273407946445e-21
1.463134765625 9.875362489197368e-22
1.46337890625 6.219197283660721e-22
1.463623046875 8.241192651413026e-22
1.4638671875 1.15620036475014e-21
1.464111328125 1.130784097651266e-21
1.46435546875 9.433210772151109e-22
1.464599609375 1.074279391747195e-21
1.46484375 1.576105130164488e-21
1.465087890625 2.166828716322104e-21
1.46533203125 2.734636456251246e-21
1.465576171875 3.309944789732308e-21
1.4658203125 3.718976139984192e-21
1.466064453125 3.703954685188243e-21
1.46630859375 3.343146877414296e-21
1.466552734375 3.014444976749503e-21
1.466796875 2.943847521369153e-21
1.467041015625 3.031276594960267e-21
1.46728515625 3.094203246001557e-21
1.467529296875 3.067421883295128e-21
1.4677734375 2.981139936794043e-21
1.468017578125 2.90124483589337e-21
1.46826171875 2.846373800264197e-21
1.468505859375 2.664220745027422e-21
1.46875 2.13739955080876e-21
1.468994140625 1.361918639541458e-21
1.46923828125 8.269586216156167e-22
1.469482421875 8.78342840299935e-22
1.4697265625 1.246683247185532e-21
1.469970703125 1.363398247649047e-21
1.47021484375 1.031607064546507e-21
1.470458984375 5.350628208396374e-22
1.470703125 1.97441259475987e-22
1.470947265625 1.073642181202246e-22
1.47119140625 1.939509553863954e-22
1.471435546875 2.995965117612438e-22
1.4716796875 2.312848698150196e-22
1.471923828125 -2.590707979414688e-23
1.47216796875 -2.288643286623276e-22
1.472412109375 -2.327849859535272e-22
1.47265625 -2.725937003423268e-22
1.472900390625 -5.78577316326063e-22
1.47314453125 -8.69995989295265e-22
1.473388671875 -6.655127049317972e-22
1.4736328125 -5.470941277242149e-23
1.473876953125 3.019341585039308e-22
1.47412109375 2.160359545390781e-23
1.474365234375 -5.621722565224673e-22
1.474609375 -9.452706861409527e-22
1.474853515625 -1.063354533357886e-21
1.47509765625 -1.15045965188026e-21
1.475341796875 -1.291983286171621e-21
1.4755859375 -1.389145471536299e-21
1.475830078125 -1.407562510242337e-21
1.47607421875 -1.433983067230258e-21
1.476318359375 -1.539937499488216e-21
1.4765625 -1.703356130878898e-21
1.476806640625 -1.833752545470687e-21
1.47705078125 -1.870527290015471e-21
1.477294921875 -1.923772761206207e-21
1.4775390625 -2.231510048276031e-21
1.477783203125 -2.816456859734271e-21
1.47802734375 -3.297897102741981e-21
1.478271484375 -3.301011258060705e-21
1.478515625 -2.965747143912134e-21
1.478759765625 -2.734024453109745e-21
1.47900390625 -2.704004178227762e-21
1.479248046875 -2.5901381639869e-21
1.4794921875 -2.301753990187166e-21
1.479736328125 -2.089514451065078e-21
1.47998046875 -2.038826503896683e-21
1.480224609375 -1.908830003415466e-21
1.48046875 -1.639448512413608e-21
1.480712890625 -1.525926826744902e-21
1.48095703125 -1.651756253050115e-21
1.481201171875 -1.650588804060373e-21
1.4814453125 -1.363401637378693e-21
1.481689453125 -1.234403559689371e-21
1.48193359375 -1.604857337240308e-21
1.482177734375 -2.067660974130303e-21
1.482421875 -2.090108163550179e-21
1.482666015625 -1.904240298365949e-21
1.48291015625 -2.103963031503492e-21
1.483154296875 -2.612227902699671e-21
1.4833984375 -2.807099999393845e-21
1.483642578125 -2.572607215182075e-21
1.48388671875 -2.421549883931224e-21
1.484130859375 -2.507313517553359e-21
1.484375 -2.331580294896537e-21
1.484619140625 -1.704052520749329e-21
1.48486328125 -1.231934542656332e-21
1.485107421875 -1.385252208919448e-21
1.4853515625 -1.691462452794956e-21
1.485595703125 -1.454876095202042e-21
1.48583984375 -8.152390482350119e-22
1.486083984375 -4.082012618736102e-22
1.486328125 -2.817208232156858e-22
1.486572265625 7.286176782488142e-23
1.48681640625 6.935850068895213e-22
1.487060546875 9.438578715883538e-22
1.4873046875 5.094917280627003e-22
1.487548828125 -7.686945364804737e-23
1.48779296875 -2.567930172061683e-22
1.488037109375 -2.606135345048511e-22
1.48828125 -6.357069909153564e-22
1.488525390625 -1.338161933199125e-21
1.48876953125 -1.845499989830284e-21
1.489013671875 -1.973955039687693e-21
1.4892578125 -1.998827816275651e-21
1.489501953125 -1.983010223396366e-21
1.48974609375 -1.559981228044899e-21
1.489990234375 -5.549700929145262e-22
1.490234375 6.412463823846458e-22
1.490478515625 1.578402487899511e-21
1.49072265625 2.256685432142392e-21
1.490966796875 2.835508728756242e-21
1.4912109375 3.183580953531996e-21
1.491455078125 3.130024507099236e-21
1.49169921875 2.904668596221537e-21
1.491943359375 2.83469946489415e-21
1.4921875 2.752482768320925e-21
1.492431640625 2.256633581737335e-21
1.49267578125 1.523843161897948e-21
1.492919921875 1.241850775131729e-21
1.4931640625 1.601007023636483e-21
1.493408203125 1.971773889377291e-21
1.49365234375 1.887649840865381e-21
1.493896484375 1.764725525225127e-21
1.494140625 2.159171107081798e-21
1.494384765625 2.795042933353485e-21
1.49462890625 2.986904833198805e-21
1.494873046875 2.727217531998483e-21
1.4951171875 2.610781955547366e-21
1.495361328125 2.789376872230965e-21
1.49560546875 2.782221722095588e-21
1.495849609375 2.417209659800121e-21
1.49609375 2.197819416135794e-21
1.496337890625 2.434536775247569e-21
1.49658203125 2.67428563259548e-21
1.496826171875 2.447296948135844e-21
1.4970703125 2.051549186659781e-21
1.497314453125 2.033872191053917e-21
1.49755859375 2.270162023589089e-21
1.497802734375 2.186945534403414e-21
1.498046875 1.686525788922149e-21
1.498291015625 1.22748628846123e-21
1.49853515625 1.057670925741102e-21
1.498779296875 9.595821418463834e-22
1.4990234375 7.944815820966202e-22
1.499267578125 7.47834337349819e-22
1.49951171875 8.98809801686754e-22
1.499755859375 1.025254585228986e-21
1.5 1.018543561510495e-21
1.500244140625 1.059123699537375e-21
1.50048828125 1.163186300563108e-21
1.500732421875 9.783173527519413e-22
1.5009765625 3.328391592304786e-22
1.501220703125 -3.704863687540417e-22
1.50146484375 -6.678513517045399e-22
1.501708984375 -6.59624929386624e-22
1.501953125 -7.423858246757819e-22
1.502197265625 -9.494936435362023e-22
1.50244140625 -9.906709821931971e-22
1.502685546875 -8.064357625155821e-22
1.5029296875 -6.310841859769131e-22
1.503173828125 -5.395492939170104e-22
1.50341796875 -3.480119797984819e-22
1.503662109375 4.414672540357423e-24
1.50390625 3.451075830963533e-22
1.504150390625 5.92202907568938e-22
1.50439453125 8.360371753873036e-22
1.504638671875 1.018385139027871e-21
1.5048828125 8.930119224982196e-22
1.505126953125 4.56893311715677e-22
1.50537109375 1.051575614587806e-22
1.505615234375 1.694109163555212e-22
1.505859375 5.546201395915321e-22
1.506103515625 9.855530865614087e-22
1.50634765625 1.325431604399613e-21
1.506591796875 1.467272605775292e-21
1.5068359375 1.241530043968311e-21
1.507080078125 7.302543116896463e-22
1.50732421875 3.98412506036246e-22
1.507568359375 5.527825909507901e-22
1.5078125 8.776318843225077e-22
1.508056640625 8.870113570253361e-22
1.50830078125 6.411294291251731e-22
1.508544921875 5.489376578982053e-22
1.5087890625 6.082318196550835e-22
1.509033203125 4.386498613266407e-22
1.50927734375 7.606793744146067e-23
1.509521484375 5.205683585428145e-23
1.509765625 4.402718995091426e-22
1.510009765625 4.864656726927277e-22
1.51025390625 -3.085030778571321e-22
1.510498046875 -1.24966639822982e-21
1.5107421875 -1.289382082708673e-21
1.510986328125 -5.192880737298894e-22
1.51123046875 -1.070698016079057e-23
1.511474609375 -2.0688077678711e-22
1.51171875 -3.635889290689332e-22
1.511962890625 1.173545309637852e-22
1.51220703125 6.392721029003431e-22
1.512451171875 3.520426512429439e-22
1.5126953125 -4.429027512533953e-22
1.512939453125 -7.180000597779294e-22
1.51318359375 -3.181227275068072e-22
1.513427734375 -1.86950076265416e-22
1.513671875 -8.884869774599962e-22
1.513916015625 -1.774864202503507e-21
1.51416015625 -2.008976574493377e-21
1.514404296875 -1.701894153006994e-21
1.5146484375 -1.478532728292451e-21
1.514892578125 -1.469006677260774e-21
1.51513671875 -1.426176323108447e-21
1.515380859375 -1.475470326669433e-21
1.515625 -1.953843683599472e-21
1.515869140625 -2.629145956298057e-21
1.51611328125 -2.839064591358958e-21
1.516357421875 -2.450608896180577e-21
1.5166015625 -2.007830630027012e-21
1.516845703125 -1.821793376940349e-21
1.51708984375 -1.587918650738694e-21
1.517333984375 -1.115454806783829e-21
1.517578125 -7.708612131269713e-22
1.517822265625 -8.460963897679232e-22
1.51806640625 -1.065624837052844e-21
1.518310546875 -1.141818238610816e-21
1.5185546875 -1.299514428850016e-21
1.518798828125 -1.761268172169014e-21
1.51904296875 -2.189572268060344e-21
1.519287109375 -2.226991449921723e-21
1.51953125 -2.195005728294399e-21
1.519775390625 -2.579166550219156e-21
1.52001953125 -3.09841217492369e-21
1.520263671875 -3.033252743075329e-21
1.5205078125 -2.360807579233357e-21
1.520751953125 -1.81169235840713e-21
1.52099609375 -1.76181827149768e-21
1.521240234375 -1.769259226198494e-21
1.521484375 -1.369937260679933e-21
1.521728515625 -7.073583307751991e-22
1.52197265625 -1.240822611431791e-22
1.522216796875 3.377488097476956e-22
1.5224609375 7.209911250725566e-22
1.522705078125 8.705013627988146e-22
1.52294921875 6.965810194450445e-22
1.523193359375 4.04859712859337e-22
1.5234375 1.730327207683129e-22
1.523681640625 -1.410806447970954e-22
1.52392578125 -7.081265616845872e-22
1.524169921875 -1.359559459883381e-21
1.5244140625 -1.743764414106018e-21
1.524658203125 -1.699313869126426e-21
1.52490234375 -1.335012519155757e-21
1.525146484375 -9.005571757473692e-22
1.525390625 -6.422255235930028e-22
1.525634765625 -5.809107533569897e-22
1.52587890625 -4.274906803024805e-22
1.526123046875 3.570962796274959e-24
1.5263671875 3.492829109980632e-22
1.526611328125 9.925037573666735e-23
1.52685546875 -5.6055047650527e-22
1.527099609375 -8.688707174807967e-22
1.52734375 -5.72767831223596e-22
1.527587890625 -2.579822168030725e-22
1.52783203125 -3.531038759338131e-22
1.528076171875 -4.993418542049384e-22
1.5283203125 -3.439829888758078e-22
1.528564453125 -2.729670617340119e-22
1.52880859375 -7.049883051004818e-22
1.529052734375 -1.219918862089465e-21
1.529296875 -1.180520912491335e-21
1.529541015625 -8.231733784976393e-22
1.52978515625 -8.730136636058366e-22
1.530029296875 -1.316915854280241e-21
1.5302734375 -1.440780074812201e-21
1.530517578125 -9.885970268022831e-22
1.53076171875 -4.165938034846356e-22
1.531005859375 1.692336268810629e-23
1.53125 5.57508806741269e-22
1.531494140625 1.232359739341613e-21
1.53173828125 1.651478738157581e-21
1.531982421875 1.751558593716028e-21
1.5322265625 1.960745301460093e-21
1.532470703125 2.338557823979855e-21
1.53271484375 2.323082380319689e-21
1.532958984375 1.729127590575143e-21
1.533203125 1.272893145940004e-21
1.533447265625 1.588488677817322e-21
1.53369140625 2.325907182959553e-21
1.533935546875 2.763452957760482e-21
1.5341796875 2.77501677368825e-21
1.534423828125 2.633392615051308e-21
1.53466796875 2.382952852381652e-21
1.534912109375 2.050809514633118e-21
1.53515625 2.018005291572348e-21
1.535400390625 2.464633773300285e-21
1.53564453125 2.813732372071327e-21
1.535888671875 2.472828638563006e-21
1.5361328125 1.821132835072903e-21
1.536376953125 1.660073468151024e-21
1.53662109375 1.932315477056592e-21
1.536865234375 1.896224234123743e-21
1.537109375 1.464310816505214e-21
1.537353515625 1.365740020226944e-21
1.53759765625 1.847164752888599e-21
1.537841796875 2.181258438188362e-21
1.5380859375 1.827298063738226e-21
1.538330078125 1.260407626083562e-21
1.53857421875 1.164412227437995e-21
1.538818359375 1.462739584119835e-21
1.5390625 1.67593101356355e-21
1.539306640625 1.687650949392606e-21
1.53955078125 1.592063362980124e-21
1.539794921875 1.233524274154555e-21
1.5400390625 4.956585712033365e-22
1.540283203125 -2.824183097071025e-22
1.54052734375 -7.442351872278528e-22
1.540771484375 -1.090610139727356e-21
1.541015625 -1.650594451394565e-21
1.541259765625 -2.125481175551939e-21
1.54150390625 -1.900530204793668e-21
1.541748046875 -1.009530712743002e-21
1.5419921875 -1.831183006646369e-22
1.542236328125 7.230575874085793e-23
1.54248046875 -6.995915647386113e-23
1.542724609375 -2.336870305672228e-22
1.54296875 -2.649214950443145e-22
1.543212890625 -1.155195453637783e-22
1.54345703125 2.225319166774365e-22
1.543701171875 5.439842854927861e-22
1.5439453125 5.825341944636339e-22
1.544189453125 4.227173382973227e-22
1.54443359375 3.849067726535891e-22
1.544677734375 4.687760530321813e-22
1.544921875 3.732246288243318e-22
1.545166015625 1.423671452788197e-22
1.54541015625 2.462712068896983e-22
1.545654296875 8.188432532409652e-22
1.5458984375 1.354220285990285e-21
1.546142578125 1.46636782565375e-21
1.54638671875 1.443168238610726e-21
1.546630859375 1.651044648019964e-21
1.546875 1.871274964879927e-21
1.547119140625 1.751186067141591e-21
1.54736328125 1.522942126936301e-21
1.547607421875 1.640505370142939e-21
1.5478515625 1.94216674015565e-21
1.548095703125 1.8444626295425e-21
1.54833984375 1.277948401720808e-21
1.548583984375 7.758142204765031e-22
1.548828125 6.073817633741695e-22
1.549072265625 4.569196321579737e-22
1.54931640625 1.078594883213371e-22
1.549560546875 -1.410555476258183e-22
1.5498046875 -1.381197390081245e-23
1.550048828125 2.507136389580182e-22
1.55029296875 2.538396794822541e-22
1.550537109375 -5.930400143046442e-23
1.55078125 -5.125948215743099e-22
1.551025390625 -9.821935158923103e-22
1.55126953125 -1.303117967036962e-21
1.551513671875 -1.240378483919295e-21
1.5517578125 -8.84447273801484e-22
1.552001953125 -7.656412846760728e-22
1.55224609375 -1.186503280256365e-21
1.552490234375 -1.69430656384355e-21
1.552734375 -1.651045757691341e-21
1.552978515625 -1.13516956765099e-21
1.55322265625 -7.968396211450013e-22
1.553466796875 -9.320806742110063e-22
1.5537109375 -1.227796223686939e-21
1.553955078125 -1.423886792897259e-21
1.55419921875 -1.672697884862803e-21
1.554443359375 -2.077343646925815e-21
1.5546875 -2.369464761353744e-21
1.554931640625 -2.352607238717927e-21
1.55517578125 -2.297939124233177e-21
1.555419921875 -2.522187510742307e-21
1.5556640625 -2.816312451628082e-21
1.555908203125 -2.71988021309799e-21
1.55615234375 -2.267382091940907e-21
1.556396484375 -2.026701801052915e-21
1.556640625 -2.312063262160207e-21
1.556884765625 -2.707391870138158e-21
1.55712890625 -2.590550209286908e-21
1.557373046875 -1.93292322641884e-21
1.5576171875 -1.308919400966557e-21
1.557861328125 -1.156978987758707e-21
1.55810546875 -1.285624059560629e-21
1.558349609375 -1.1944185283958e-21
1.55859375 -6.818675201857557e-22
1.558837890625 5.105373983524163e-23
1.55908203125 7.750098603078608e-22
1.559326171875 1.42557148190173e-21
1.5595703125 1.90314186526281e-21
1.559814453125 1.978567424441577e-21
1.56005859375 1.57981977403102e-21
1.560302734375 9.803771759529251e-22
1.560546875 4.858672952717298e-22
1.560791015625 6.888451635983916e-23
1.56103515625 -4.514698353077968e-22
1.561279296875 -9.852815317375578e-22
1.5615234375 -1.230112455818939e-21
1.561767578125 -1.13249207031546e-21
1.56201171875 -9.999298716097487e-22
1.562255859375 -1.098043294636735e-21
1.5625 -1.358401514718362e-21
1.562744140625 -1.526977452573783e-21
1.56298828125 -1.401935449804501e-21
1.563232421875 -9.250766273794348e-22
1.5634765625 -2.755973427966848e-22
1.563720703125 1.453787679073613e-22
1.56396484375 1.281063555380994e-22
1.564208984375 4.597492562278061e-23
1.564453125 4.467049354588992e-22
1.564697265625 1.212121104764707e-21
1.56494140625 1.620621493721207e-21
1.565185546875 1.41103220050567e-21
1.5654296875 1.209926288496977e-21
1.565673828125 1.532306067608006e-21
1.56591796875 1.915837361162581e-21
1.566162109375 1.646997116278164e-21
1.56640625 9.388597588430535e-22
1.566650390625 6.39359634050725e-22
1.56689453125 9.624850216195952e-22
1.567138671875 1.286547291514893e-21
1.5673828125 1.199909432162777e-21
1.567626953125 9.914222916479343e-22
1.56787109375 9.690898153968131e-22
1.568115234375 1.001134732710961e-21
1.568359375 9.863645833074594e-22
1.568603515625 1.128492885875313e-21
1.56884765625 1.385326720576996e-21
1.569091796875 1.226174612169306e-21
1.5693359375 3.952956641563216e-22
1.569580078125 -5.475458112726403e-22
1.56982421875 -9.370271488382503e-22
1.570068359375 -8.707874259311548e-22
1.5703125 -8.66176910317243e-22
1.570556640625 -9.934351622702212e-22
1.57080078125 -9.368035645690928e-22
1.571044921875 -6.975502582683165e-22
1.5712890625 -6.176903262376429e-22
1.571533203125 -7.651373661440606e-22
1.57177734375 -8.378691166871839e-22
1.572021484375 -6.973283205061625e-22
1.572265625 -5.386231789743561e-22
1.572509765625 -4.950361376064337e-22
1.57275390625 -4.878706423430142e-22
1.572998046875 -5.221584494501127e-22
1.5732421875 -7.477090110586723e-22
1.573486328125 -1.137437650579181e-21
1.57373046875 -1.417558540512172e-21
1.573974609375 -1.397249384731627e-21
1.57421875 -1.136197026954034e-21
1.574462890625 -7.994747422506873e-22
1.57470703125 -5.883353586737191e-22
1.574951171875 -7.11561506934715e-22
1.5751953125 -1.090402008742196e-21
1.575439453125 -1.207214586753061e-21
1.57568359375 -6.747501787959784e-22
1.575927734375 1.233926690173642e-22
1.576171875 4.511453577817193e-22
1.576416015625 2.333430680067604e-22
1.57666015625 7.951512473127574e-23
1.576904296875 2.736942062837119e-22
1.5771484375 4.165736518656824e-22
1.577392578125 2.654051153418066e-22
1.57763671875 2.351104315488901e-22
1.577880859375 6.612382419652022e-22
1.578125 1.130350670591165e-21
1.578369140625 1.052154593640607e-21
1.57861328125 5.027251753078282e-22
1.578857421875 1.371966877533324e-23
1.5791015625 -1.71893726947137e-22
1.579345703125 -1.939822417476089e-22
1.57958984375 -2.014384888252737e-22
1.579833984375 -2.928724856735705e-22
1.580078125 -5.597968968266853e-22
1.580322265625 -8.091522736119679e-22
1.58056640625 -5.70797484357013e-22
1.580810546875 1.85854676609215e-22
1.5810546875 7.105672719465811e-22
1.581298828125 3.986307226169066e-22
1.58154296875 -2.687039051275933e-22
1.581787109375 -3.676101483125413e-22
1.58203125 1.331080143882368e-22
1.582275390625 4.469309880949472e-22
1.58251953125 2.805574282368042e-22
1.582763671875 2.352048242572152e-22
1.5830078125 7.619603962508162e-22
1.583251953125 1.464336493823829e-21
1.58349609375 1.753544904303148e-21
1.583740234375 1.637245308488062e-21
1.583984375 1.514928632247826e-21
1.584228515625 1.602835466974581e-21
1.58447265625 1.859454816752261e-21
1.584716796875 2.144017037479184e-21
1.5849609375 2.201982806628757e-21
1.585205078125 1.801649642107026e-21
1.58544921875 1.101567410775889e-21
1.585693359375 5.966925661543448e-22
1.5859375 5.213768277438748e-22
1.586181640625 5.971075551780647e-22
1.58642578125 5.248285040496804e-22
1.586669921875 3.959935047299349e-22
1.5869140625 4.234878639017087e-22
1.587158203125 5.821050905450208e-22
1.58740234375 7.420568100002482e-22
1.587646484375 9.095128962429481e-22
1.587890625 1.149227718803932e-21
1.588134765625 1.474470529038587e-21
1.58837890625 1.889838135814903e-21
1.588623046875 2.276663418533837e-21
1.5888671875 2.248853172950177e-21
1.589111328125 1.558567286666312e-21
1.58935546875 6.788141551900935e-22
1.589599609375 4.043976376433663e-22
1.58984375 7.137894134366064e-22
1.590087890625 6.950672335993856e-22
1.59033203125 -6.785661424627262e-23
1.590576171875 -7.525146083273792e-22
1.5908203125 -5.154660186977541e-22
1.591064453125 1.681738037459697e-22
1.59130859375 1.770347709381845e-22
1.591552734375 -6.285188300055809e-22
1.591796875 -1.311542177145289e-21
1.592041015625 -1.240082127605587e-21
1.59228515625 -7.377834663527171e-22
1.592529296875 -3.194222669507994e-22
1.5927734375 -2.498687373599621e-23
1.593017578125 2.647901491672676e-22
1.59326171875 4.084569326701299e-22
1.593505859375 2.006003502521893e-22
1.59375 -3.104717002679493e-22
1.593994140625 -8.772200742981034e-22
1.59423828125 -1.25860071828994e-21
1.594482421875 -1.398800840583636e-21
1.5947265625 -1.602858429932032e-21
1.594970703125 -2.360206987125149e-21
1.59521484375 -3.654743572108734e-21
1.595458984375 -4.6538600993563e-21
1.595703125 -4.551290450132196e-21
1.595947265625 -3.56449239138612e-21
1.59619140625 -2.573044795286208e-21
1.596435546875 -1.933409721394944e-21
1.5966796875 -1.321338021745811e-21
1.596923828125 -6.657899847769875e-22
1.59716796875 -3.996453869807924e-22
1.597412109375 -5.970449255155182e-22
1.59765625 -6.484018177533833e-22
1.597900390625 -1.771054681264668e-22
1.59814453125 3.436785145295973e-22
1.598388671875 3.226179823151144e-22
1.5986328125 -9.98198086139687e-23
1.598876953125 -3.508972353826107e-22
1.59912109375 -1.444498111041083e-22
1.599365234375 4.809236517078418e-22
1.599609375 1.398284735470479e-21
1.599853515625 2.250234668996861e-21
1.60009765625 2.507030843209906e-21
1.600341796875 2.145115599080893e-21
1.6005859375 1.881981745781625e-21
1.600830078125 2.23418197054953e-21
1.60107421875 2.720807508673012e-21
1.601318359375 2.58160569122929e-21
1.6015625 1.942348788742325e-21
1.601806640625 1.562474605056926e-21
1.60205078125 1.624934462545914e-21
1.602294921875 1.541754468261403e-21
1.6025390625 9.631864998129332e-22
1.602783203125 2.74315930351618e-22
1.60302734375 -6.645580446392591e-23
1.603271484375 -1.084800447317733e-22
1.603515625 -1.238654583625344e-22
1.603759765625 -2.127513355583337e-22
1.60400390625 -4.072929713013848e-22
1.604248046875 -7.622632511037596e-22
1.6044921875 -1.117756846066519e-21
1.604736328125 -1.133109792600511e-21
1.60498046875 -7.967688390282011e-22
1.605224609375 -5.749894352331973e-22
1.60546875 -7.827248943925258e-22
1.605712890625 -1.102920892334263e-21
1.60595703125 -1.071471190536935e-21
1.606201171875 -8.232615207404606e-22
1.6064453125 -9.335065419446379e-22
1.606689453125 -1.551116552892761e-21
1.60693359375 -2.085930026524912e-21
1.607177734375 -1.915194197682332e-21
1.607421875 -1.157924105526551e-21
1.607666015625 -5.100861173355788e-22
1.60791015625 -4.02039342277418e-22
1.608154296875 -5.842002563970774e-22
1.6083984375 -6.049126702840735e-22
1.608642578125 -4.340202833396756e-22
1.60888671875 -3.638726049530879e-22
1.609130859375 -4.299589950942866e-22
1.609375 -2.85180295586255e-22
1.609619140625 3.039175254152238e-22
1.60986328125 1.151013089115193e-21
1.610107421875 1.964045604209581e-21
1.6103515625 2.676479652625188e-21
1.610595703125 3.284620484367327e-21
1.61083984375 3.630102679095315e-21
1.611083984375 3.6029178072232e-21
1.611328125 3.355623423640699e-21
1.611572265625 3.051090308110634e-21
1.61181640625 2.575069276070594e-21
1.612060546875 1.771072704138118e-21
1.6123046875 7.939307237798996e-22
1.612548828125 -5.972183751849312e-23
1.61279296875 -7.188641822473344e-22
1.613037109375 -1.236559983349467e-21
1.61328125 -1.493523183008038e-21
1.613525390625 -1.377408738719839e-21
1.61376953125 -1.146102350424999e-21
1.614013671875 -1.20362667428782e-21
1.6142578125 -1.53444322986358e-21
1.614501953125 -1.723077613313701e-21
1.61474609375 -1.539242188605157e-21
1.614990234375 -1.170091496883843e-21
1.615234375 -8.621312743689234e-22
1.615478515625 -6.533385834214566e-22
1.61572265625 -4.88743017006236e-22
1.615966796875 -3.22911345704448e-22
1.6162109375 -9.980575552239159e-23
1.616455078125 1.288434354105281e-22
1.61669921875 1.356400774256421e-22
1.616943359375 -1.566653035326742e-22
1.6171875 -4.155897308980628e-22
1.617431640625 -3.330541211062099e-22
1.61767578125 -1.806652617956508e-22
1.617919921875 -4.645336426560506e-22
1.6181640625 -1.119090510793695e-21
1.618408203125 -1.591755238189354e-21
1.61865234375 -1.710969422671852e-21
1.618896484375 -1.862268000911796e-21
1.619140625 -2.218873519354347e-21
1.619384765625 -2.431800940892004e-21
1.61962890625 -2.287268601164476e-21
1.619873046875 -2.071267099319464e-21
1.6201171875 -1.997040570710307e-21
1.620361328125 -1.829532286193152e-21
1.62060546875 -1.425308908705597e-21
1.620849609375 -1.131466243720122e-21
1.62109375 -1.246941566387478e-21
1.621337890625 -1.536253869759337e-21
1.62158203125 -1.681999293963197e-21
1.621826171875 -1.778894725435633e-21
1.6220703125 -1.939977045784032e-21
1.622314453125 -1.867838332136268e-21
1.62255859375 -1.369717847408043e-21
1.622802734375 -9.181028505089983e-22
1.623046875 -1.05678129988866e-21
1.623291015625 -1.495647180810813e-21
1.62353515625 -1.461425037491395e-21
1.623779296875 -8.419256479736843e-22
1.6240234375 -3.478044161474754e-22
1.624267578125 -5.129080449815062e-22
1.62451171875 -1.066822478756196e-21
1.624755859375 -1.382014570163713e-21
1.625 -1.114218519432532e-21
1.625244140625 -3.198874282103277e-22
1.62548828125 6.901151395023444e-22
1.625732421875 1.52484825742317e-21
1.6259765625 2.025698721402177e-21
1.626220703125 2.427566143769855e-21
1.62646484375 2.95222133213917e-21
1.626708984375 3.32224551022609e-21
1.626953125 3.05373762154764e-21
1.627197265625 2.20840735417536e-21
1.62744140625 1.435304682702561e-21
1.627685546875 1.196342954154321e-21
1.6279296875 1.337625131460069e-21
1.628173828125 1.536475823975658e-21
1.62841796875 1.776315794509502e-21
1.628662109375 2.157435216988319e-21
1.62890625 2.546496357283135e-21
1.629150390625 2.707685813747016e-21
1.62939453125 2.627229773782548e-21
1.629638671875 2.462865241928756e-21
1.6298828125 2.252706841729711e-21
1.630126953125 1.89078714506594e-21
1.63037109375 1.393358091236099e-21
1.630615234375 1.022678138350212e-21
1.630859375 1.043911398005118e-21
1.631103515625 1.386535026079845e-21
1.63134765625 1.649145373189527e-21
1.631591796875 1.529960947261311e-21
1.6318359375 1.206647179730417e-21
1.632080078125 1.125099883890432e-21
1.63232421875 1.376488203110789e-21
1.632568359375 1.487051297740629e-21
1.6328125 9.815811504945229e-22
1.633056640625 1.371815557836301e-23
1.63330078125 -7.835638928241761e-22
1.633544921875 -1.040488274819155e-21
1.6337890625 -1.035619706628402e-21
1.634033203125 -1.261541157100136e-21
1.63427734375 -1.732279636494927e-21
1.634521484375 -1.918825680695358e-21
1.634765625 -1.476828640425791e-21
1.635009765625 -8.824873201263954e-22
1.63525390625 -9.868049727492275e-22
1.635498046875 -1.854598243580582e-21
1.6357421875 -2.513820927098047e-21
1.635986328125 -2.238844142960004e-21
1.63623046875 -1.637893213706877e-21
1.636474609375 -1.769471158078205e-21
1.63671875 -2.442879749985808e-21
1.636962890625 -2.34918771841515e-21
1.63720703125 -9.601558379068707e-22
1.637451171875 6.97632266475386e-22
1.6376953125 1.538922474729338e-21
1.637939453125 1.760422562464816e-21
1.63818359375 2.074033834733793e-21
1.638427734375 2.42446645386681e-21
1.638671875 2.331780237469785e-21
1.638916015625 1.948178665283064e-21
1.63916015625 1.8356679246754e-21
1.639404296875 1.996183715061233e-21
1.6396484375 1.973294643951276e-21
1.639892578125 1.722831946376088e-21
1.64013671875 1.603870700029948e-21
1.640380859375 1.655089460292536e-21
1.640625 1.614713000987788e-21
1.640869140625 1.516639665988533e-21
1.64111328125 1.535661100429344e-21
1.641357421875 1.392690561801876e-21
1.6416015625 7.182190570270726e-22
1.641845703125 -6.839380180257319e-23
1.64208984375 -8.425700298083078e-23
1.642333984375 7.684716560412707e-22
1.642578125 1.658038891892902e-21
1.642822265625 1.999048888660742e-21
1.64306640625 2.011692363263975e-21
1.643310546875 2.016107670393868e-21
1.6435546875 1.963190471418747e-21
1.643798828125 1.850922822583291e-21
1.64404296875 1.850969325781817e-21
1.644287109375 1.788564300244761e-21
1.64453125 1.217617529705393e-21
1.644775390625 2.701890186119674e-22
1.64501953125 -2.877204814172025e-22
1.645263671875 -1.595153827965765e-22
1.6455078125 1.897604114079652e-23
1.645751953125 -3.106921928466556e-22
1.64599609375 -8.130575774024586e-22
1.646240234375 -8.873028515613566e-22
1.646484375 -5.420782370680555e-22
1.646728515625 -1.868910027116067e-22
1.64697265625 -1.853278199526251e-23
1.647216796875 -1.359997240833253e-23
1.6474609375 -9.903103042219302e-23
1.647705078125 -6.765101818890249e-24
1.64794921875 5.554913675542942e-22
1.648193359375 1.275011027756744e-21
1.6484375 1.338695732646238e-21
1.648681640625 5.532404873441119e-22
1.64892578125 -2.314229132994748e-22
1.649169921875 -3.073100884335754e-22
1.6494140625 -1.360396552005682e-22
1.649658203125 -5.673406253800256e-22
1.64990234375 -1.516959476890578e-21
1.650146484375 -2.171406489682593e-21
1.650390625 -2.22949380738672e-21
1.650634765625 -2.19720170808526e-21
1.65087890625 -2.524547076095184e-21
1.651123046875 -3.070119687176399e-21
1.6513671875 -3.466361897733414e-21
1.651611328125 -3.564122704461232e-21
1.65185546875 -3.444646370982219e-21
1.652099609375 -3.283067270145263e-21
1.65234375 -3.223745356223136e-21
1.652587890625 -3.222877774618537e-21
1.65283203125 -3.093958685775785e-21
1.653076171875 -2.818030566634477e-21
1.6533203125 -2.607668769558538e-21
1.653564453125 -2.540371333314683e-21
1.65380859375 -2.424346881702454e-21
1.654052734375 -2.211477648245304e-21
1.654296875 -2.195963062075763e-21
1.654541015625 -2.529699206204055e-21
1.65478515625 -2.867103292787565e-21
1.655029296875 -2.819930965216315e-21
1.6552734375 -2.489609896750357e-21
1.655517578125 -2.210612610911217e-21
1.65576171875 -2.006393263779139e-21
1.656005859375 -1.654156963951712e-21
1.65625 -1.127837963751723e-21
1.656494140625 -6.748838743173489e-22
1.65673828125 -5.493411888556537e-22
1.656982421875 -8.294095137632785e-22
1.6572265625 -1.340259156941033e-21
1.657470703125 -1.677850118301153e-21
1.65771484375 -1.568101968118377e-21
1.657958984375 -1.256420250480085e-21
1.658203125 -1.194037007468667e-21
1.658447265625 -1.315205064222821e-21
1.65869140625 -1.12242765520691e-21
1.658935546875 -5.677041624144892e-22
1.6591796875 -2.193904353983247e-22
1.659423828125 -3.441809771503399e-22
1.65966796875 -5.054700704061433e-22
1.659912109375 -3.996525621867504e-22
1.66015625 -3.728621993251882e-22
1.660400390625 -6.498551054708558e-22
1.66064453125 -7.80132214832729e-22
1.660888671875 -4.638128887064599e-22
1.6611328125 -2.416270812638625e-22
1.661376953125 -5.976577775451065e-22
1.66162109375 -9.550210903402817e-22
1.661865234375 -4.4630003461217e-22
1.662109375 7.276404071890686e-22
1.662353515625 1.598370154662564e-21
1.66259765625 1.791898159735157e-21
1.662841796875 1.718508689838033e-21
1.6630859375 1.637499189141177e-21
1.663330078125 1.447710503783167e-21
1.66357421875 1.315539317781009e-21
1.663818359375 1.621353565677642e-21
1.6640625 2.221363344897188e-21
1.664306640625 2.508070644444355e-21
1.66455078125 2.278352600380143e-21
1.664794921875 1.892886220584686e-21
1.6650390625 1.550698322443925e-21
1.665283203125 1.07039304460865e-21
1.66552734375 4.561400069266525e-22
1.665771484375 4.747792914075461e-23
1.666015625 -5.871058988394021e-24
1.666259765625 1.158349676172623e-22
1.66650390625 3.431027911975038e-22
1.666748046875 7.893555393479314e-22
1.6669921875 1.373110134345755e-21
1.667236328125 1.879528878620715e-21
1.66748046875 2.367214787718776e-21
1.667724609375 2.972740990749548e-21
1.66796875 3.38128383280658e-21
1.668212890625 3.128298671203684e-21
1.66845703125 2.417216680475732e-21
1.668701171875 1.966291083171019e-21
1.6689453125 1.98453578811812e-21
1.669189453125 1.964047880378959e-21
1.66943359375 1.586319485277712e-21
1.669677734375 1.156543441671548e-21
1.669921875 9.672607925862675e-22
1.670166015625 8.806903401435701e-22
1.67041015625 7.772646114093385e-22
1.670654296875 8.339031724330459e-22
1.6708984375 1.102768097538185e-21
1.671142578125 1.333163078547599e-21
1.67138671875 1.438089630392026e-21
1.671630859375 1.641674966939256e-21
1.671875 1.97987322025655e-21
1.672119140625 2.191337175141945e-21
1.67236328125 2.288222769717156e-21
1.672607421875 2.619849241615721e-21
1.6728515625 3.090139565232295e-21
1.673095703125 2.963456905314274e-21
1.67333984375 1.908006261934422e-21
1.673583984375 6.999487818818359e-22
1.673828125 3.286409507460912e-22
1.674072265625 7.482088856441652e-22
1.67431640625 1.055592088250773e-21
1.674560546875 6.866169215385935e-22
1.6748046875 -6.196728983971699e-23
1.675048828125 -5.799717560409377e-22
1.67529296875 -5.544303953659209e-22
1.675537109375 -2.667989527075491e-23
1.67578125 7.966849982540097e-22
1.676025390625 1.641651754781559e-21
1.67626953125 2.218956614498317e-21
1.676513671875 2.334975282944226e-21
1.6767578125 2.047627511446148e-21
1.677001953125 1.723413981286116e-21
1.67724609375 1.772766821752945e-21
1.677490234375 2.184719317308712e-21
1.677734375 2.491917029998166e-21
1.677978515625 2.395953723269214e-21
1.67822265625 2.195150964685184e-21
1.678466796875 2.268401492078332e-21
1.6787109375 2.387673017959921e-21
1.678955078125 2.037216897281181e-21
1.67919921875 1.257141322489601e-21
1.679443359375 5.851579470197048e-22
1.6796875 2.094219457907894e-22
1.679931640625 -1.99736350943838e-22
1.68017578125 -7.748689936970538e-22
1.680419921875 -1.213616478241056e-21
1.6806640625 -1.386106311980715e-21
1.680908203125 -1.534779755798768e-21
1.68115234375 -1.66316658389908e-21
1.681396484375 -1.394756568642045e-21
1.681640625 -7.674290399138062e-22
1.681884765625 -5.050753682304994e-22
1.68212890625 -1.001055538320191e-21
1.682373046875 -1.587879362076775e-21
1.6826171875 -1.447496199390767e-21
1.682861328125 -8.61814249431282e-22
1.68310546875 -8.544033252687962e-22
1.683349609375 -1.751477812997624e-21
1.68359375 -2.776026078226022e-21
1.683837890625 -3.129659820860188e-21
1.68408203125 -2.927160105999752e-21
1.684326171875 -2.832559758465232e-21
1.6845703125 -3.122623367566556e-21
1.684814453125 -3.429764828593022e-21
1.68505859375 -3.316957940950553e-21
1.685302734375 -2.834571524350806e-21
1.685546875 -2.384198799346839e-21
1.685791015625 -2.15283639344954e-21
1.68603515625 -1.92545444072338e-21
1.686279296875 -1.515729042559637e-21
1.6865234375 -1.112232648585908e-21
1.686767578125 -9.833994763198985e-22
1.68701171875 -1.073045368661774e-21
1.687255859375 -1.201074288256079e-21
1.6875 -1.456322481257603e-21
1.687744140625 -1.967638133416026e-21
1.68798828125 -2.435191327187921e-21
1.688232421875 -2.417352404822614e-21
1.6884765625 -2.050543540350183e-21
1.688720703125 -1.917582876819656e-21
1.68896484375 -2.132002032818687e-21
1.689208984375 -2.151241313927127e-21
1.689453125 -1.696752978027201e-21
1.689697265625 -1.260919545418433e-21
1.68994140625 -1.325899494880663e-21
1.690185546875 -1.557456179777041e-21
1.6904296875 -1.253551819711293e-21
1.690673828125 -2.954722370983423e-22
1.69091796875 8.002811818381034e-22
1.691162109375 1.573113967447877e-21
1.69140625 1.924030497099581e-21
1.691650390625 1.864236558064558e-21
1.69189453125 1.430151512183459e-21
1.692138671875 8.906370317233492e-22
1.6923828125 6.403778828846127e-22
1.692626953125 6.805137677225032e-22
1.69287109375 4.285915228688482e-22
1.693115234375 -6.712426995817766e-22
1.693359375 -2.36264764632394e-21
1.693603515625 -3.662850842629218e-21
1.69384765625 -3.901386243086626e-21
1.694091796875 -3.490714861371153e-21
1.6943359375 -3.356778969416122e-21
1.694580078125 -3.705189283620791e-21
1.69482421875 -3.82578725021126e-21
1.695068359375 -3.197513023052431e-21
1.6953125 -2.212537482134819e-21
1.695556640625 -1.496515399193086e-21
1.69580078125 -1.088137626912665e-21
1.696044921875 -8.225655190362253e-22
1.6962890625 -1.000685593001886e-21
1.696533203125 -1.883407430961663e-21
1.69677734375 -2.822687819627189e-21
1.697021484375 -2.819694985589271e-21
1.697265625 -1.951261214768506e-21
1.697509765625 -1.406892952433853e-21
1.69775390625 -1.935401898849923e-21
1.697998046875 -2.958799402713578e-21
1.6982421875 -3.460029811816041e-21
1.698486328125 -3.125761308572296e-21
1.69873046875 -2.321320362600291e-21
1.698974609375 -1.473647441665921e-21
1.69921875 -8.304000565976371e-22
1.699462890625 -4.49745784215628e-22
1.69970703125 -1.224281401003195e-22
1.699951171875 4.550949697305711e-22
1.7001953125 1.277682384762509e-21
1.700439453125 2.030359926207283e-21
1.70068359375 2.507826435919516e-21
1.700927734375 2.737833557010995e-21
1.701171875 2.729059729817145e-21
1.701416015625 2.466435257693542e-21
1.70166015625 2.111180731972992e-21
1.701904296875 1.827151004425171e-21
1.7021484375 1.509827770007348e-21
1.702392578125 1.081373139177159e-21
1.70263671875 8.234009394418465e-22
1.702880859375 8.883264108650444e-22
1.703125 7.95974337665421e-22
1.703369140625 1.678082120207325e-22
1.70361328125 -3.183226204047139e-22
1.703857421875 3.202925667489089e-22
1.7041015625 1.792575161962314e-21
1.704345703125 2.808414030566112e-21
1.70458984375 2.974006568636945e-21
1.704833984375 3.21800607522252e-21
1.705078125 4.080842486292597e-21
1.705322265625 4.830543455380387e-21
1.70556640625 4.806620918198342e-21
1.705810546875 4.487027670533727e-21
1.7060546875 4.475802692249943e-21
1.706298828125 4.400642031398218e-21
1.70654296875 3.675404415184304e-21
1.706787109375 2.613321626164695e-21
1.70703125 1.944269463529648e-21
1.707275390625 1.803107425239062e-21
1.70751953125 1.920468646105938e-21
1.707763671875 2.258462758285137e-21
1.7080078125 2.763038541267536e-21
1.708251953125 3.014977683133605e-21
1.70849609375 2.796437431595072e-21
1.708740234375 2.521016796444861e-21
1.708984375 2.529209563318446e-21
1.709228515625 2.518325679730128e-21
1.70947265625 2.237243849488794e-21
1.709716796875 2.087946904957527e-21
1.7099609375 2.379650154810026e-21
1.710205078125 2.664790490901546e-21
1.71044921875 2.559597720958754e-21
1.710693359375 2.542921801764218e-21
1.7109375 3.085972952032282e-21
1.711181640625 3.616797957407566e-21
1.71142578125 3.295446657694824e-21
1.711669921875 2.29371701858081e-21
1.7119140625 1.351167957790386e-21
1.712158203125 5.553396833252727e-22
1.71240234375 -4.13555306465621e-22
1.712646484375 -1.245810378978474e-21
1.712890625 -1.310492186672843e-21
1.713134765625 -7.556332764225926e-22
1.71337890625 -2.888449180793811e-22
1.713623046875 -4.704848905103082e-23
1.7138671875 3.802606516775374e-22
1.714111328125 1.006627847590993e-21
1.71435546875 1.461787279428157e-21
1.714599609375 1.755803590757828e-21
1.71484375 2.120750721835612e-21
1.715087890625 2.318401976487194e-21
1.71533203125 2.041479405000621e-21
1.715576171875 1.722142923265854e-21
1.7158203125 1.890686157188668e-21
1.716064453125 2.008541472890184e-21
1.71630859375 1.160084649501402e-21
1.716552734375 -2.589131629956077e-22
1.716796875 -9.048610506230454e-22
1.717041015625 -5.661810270598807e-22
1.71728515625 -4.449401320169588e-22
1.717529296875 -1.088910301290917e-21
1.7177734375 -1.492717821799835e-21
1.718017578125 -8.598349248170672e-22
1.71826171875 2.465628611121254e-23
1.718505859375 4.14900694092619e-23
1.71875 -6.083825014848592e-22
1.718994140625 -9.191337738392655e-22
1.71923828125 -5.830197547559157e-22
1.719482421875 -1.225091921926152e-22
1.7197265625 3.245588466146386e-23
1.719970703125 -1.338155650952614e-22
1.72021484375 -5.314690729812544e-22
1.720458984375 -1.031007664547571e-21
1.720703125 -1.432910407057313e-21
1.720947265625 -1.726139459071365e-21
1.72119140625 -2.106111795275204e-21
1.721435546875 -2.52578083450802e-21
1.7216796875 -2.657604271543138e-21
1.721923828125 -2.512609973445976e-21
1.72216796875 -2.54240560774208e-21
1.722412109375 -2.832392428573749e-21
1.72265625 -2.82102830309604e-21
1.722900390625 -2.251965462249992e-21
1.72314453125 -1.78385106657349e-21
1.723388671875 -2.06412075195271e-21
1.7236328125 -2.701177264461534e-21
1.723876953125 -2.833784377926606e-21
1.72412109375 -2.377599881519291e-21
1.724365234375 -2.032865476924364e-21
1.724609375 -2.267157220392509e-21
1.724853515625 -2.914231889334169e-21
1.72509765625 -3.649243152075924e-21
1.725341796875 -4.272682657010573e-21
1.7255859375 -4.573537484550417e-21
1.725830078125 -4.452220823402964e-21
1.72607421875 -4.209226380709563e-21
1.726318359375 -4.252108185065527e-21
1.7265625 -4.459493812862243e-21
1.726806640625 -4.258955519018951e-21
1.72705078125 -3.445193269457756e-21
1.727294921875 -2.534618837408504e-21
1.7275390625 -2.108395040733899e-21
1.727783203125 -2.096579263557281e-21
1.72802734375 -1.98476201971416e-21
1.728271484375 -1.567374426777888e-21
1.728515625 -1.178932039214953e-21
1.728759765625 -1.157723214595322e-21
1.72900390625 -1.353131623664038e-21
1.729248046875 -1.353376576183665e-21
1.7294921875 -1.056958145760672e-21
1.729736328125 -7.477174910269266e-22
1.72998046875 -6.277280335029966e-22
1.730224609375 -5.969513646564573e-22
1.73046875 -5.963959289363691e-22
1.730712890625 -8.208117356427797e-22
1.73095703125 -1.329549552017773e-21
1.731201171875 -1.722845073916705e-21
1.7314453125 -1.555321208513125e-21
1.731689453125 -8.990169217251165e-22
1.73193359375 -1.669465911970755e-22
1.732177734375 4.387598067169534e-22
1.732421875 9.24607049053157e-22
1.732666015625 1.142597629384913e-21
1.73291015625 9.247521024587224e-22
1.733154296875 5.140335725202177e-22
1.7333984375 3.768915019459626e-22
1.733642578125 5.911321380014362e-22
1.73388671875 8.685660843361655e-22
1.734130859375 1.149882260576805e-21
1.734375 1.637486736324419e-21
1.734619140625 2.19438448261437e-21
1.73486328125 2.311630369976184e-21
1.735107421875 1.878250529494208e-21
1.7353515625 1.458615225150888e-21
1.735595703125 1.523781292775534e-21
1.73583984375 1.843409645121458e-21
1.736083984375 1.933460565845452e-21
1.736328125 1.708588282832797e-21
1.736572265625 1.363706256781101e-21
1.73681640625 9.679768477387366e-22
1.737060546875 5.65246732855958e-22
1.7373046875 4.168005077182362e-22
1.737548828125 7.336276693741313e-22
1.73779296875 1.288148668315298e-21
1.738037109375 1.617471844796186e-21
1.73828125 1.549958343918352e-21
1.738525390625 1.296818857468462e-21
1.73876953125 1.097074392398669e-21
1.739013671875 9.877303697487159e-22
1.7392578125 8.902921636908451e-22
1.739501953125 7.60779964381684e-22
1.73974609375 6.469276176596081e-22
1.739990234375 6.467360308154335e-22
1.740234375 7.668858580289095e-22
1.740478515625 8.346780566283949e-22
1.74072265625 6.687840878325409e-22
1.740966796875 3.216319720704046e-22
1.7412109375 -6.926110091573369e-24
1.741455078125 -2.761068807922962e-22
1.74169921875 -6.199343066524789e-22
1.741943359375 -1.05583227446482e-21
1.7421875 -1.397477946214249e-21
1.742431640625 -1.477877429589766e-21
1.74267578125 -1.251899856663293e-21
1.742919921875 -6.877542297843153e-22
1.7431640625 1.919099090660872e-22
1.743408203125 1.147573889015075e-21
1.74365234375 1.852017978972794e-21
1.743896484375 2.201435491090299e-21
1.744140625 2.290971723601811e-21
1.744384765625 2.172917516575031e-21
1.74462890625 1.951269482309198e-21
1.744873046875 1.984620085373755e-21
1.7451171875 2.510109324173311e-21
1.745361328125 3.09043421505634e-21
1.74560546875 2.993108173201133e-21
1.745849609375 2.203187153288315e-21
1.74609375 1.47568136868667e-21
1.746337890625 1.238537880404527e-21
1.74658203125 1.122275666352138e-21
1.746826171875 8.627208121316044e-22
1.7470703125 8.806053986355914e-22
1.747314453125 1.363613450857685e-21
1.74755859375 1.478909735087079e-21
1.747802734375 4.297994921797108e-22
1.748046875 -1.092612583664004e-21
1.748291015625 -1.567513293894834e-21
1.74853515625 -7.000784527169227e-22
1.748779296875 2.11697660375802e-22
1.7490234375 1.759865463892657e-22
1.749267578125 -2.323427015461018e-22
1.74951171875 -5.063488593813316e-23
1.749755859375 4.878013857895966e-22
1.75 4.444468345516787e-22
1.750244140625 -2.077315594586098e-22
1.75048828125 -4.739250571904918e-22
1.750732421875 1.732481905084124e-22
1.7509765625 1.066494119886808e-21
1.751220703125 1.339756498269975e-21
1.75146484375 9.567173488194746e-22
1.751708984375 3.92801841421616e-22
1.751953125 -1.225051257907655e-22
1.752197265625 -5.632807958811975e-22
1.75244140625 -7.504694476661019e-22
1.752685546875 -5.998323987214569e-22
1.7529296875 -4.508589784890081e-22
1.753173828125 -6.16893512845525e-22
1.75341796875 -8.316242385676273e-22
1.753662109375 -6.81468618341158e-22
1.75390625 -3.611820925151567e-22
1.754150390625 -3.63075048821671e-22
1.75439453125 -5.886499002264955e-22
1.754638671875 -5.155258937174482e-22
1.7548828125 -1.684144753480505e-22
1.755126953125 -6.682720973644368e-23
1.75537109375 -1.496391114633283e-22
1.755615234375 2.741518527725395e-22
1.755859375 1.209904263881175e-21
1.756103515625 1.603399577414334e-21
1.75634765625 8.363541418405172e-22
1.756591796875 -2.733786714284059e-22
1.7568359375 -6.789983274517128e-22
1.757080078125 -5.650523094551589e-22
1.75732421875 -7.680722798149614e-22
1.757568359375 -1.359838442010576e-21
1.7578125 -1.760509735076349e-21
1.758056640625 -1.835150352607877e-21
1.75830078125 -1.902794126275797e-21
1.758544921875 -1.909770064087616e-21
1.7587890625 -1.516252128761574e-21
1.759033203125 -8.583686017368015e-22
1.75927734375 -3.917573694583433e-22
1.759521484375 -1.127076710018249e-22
1.759765625 2.783594999488023e-22
1.760009765625 6.255978407545072e-22
1.76025390625 5.820029848941053e-22
1.760498046875 4.490660409868207e-22
1.7607421875 8.194653844233175e-22
1.760986328125 1.489863274861835e-21
1.76123046875 1.709700109463847e-21
1.761474609375 1.451043538453105e-21
1.76171875 1.365223886671328e-21
1.761962890625 1.464312995067564e-21
1.76220703125 1.054558272080165e-21
1.762451171875 2.031221971549632e-22
1.7626953125 -1.094274444132108e-24
1.762939453125 8.28758955213911e-22
1.76318359375 1.537967290692232e-21
1.763427734375 1.045148669927334e-21
1.763671875 -1.321064223859508e-22
1.763916015625 -7.659598739331107e-22
1.76416015625 -5.642536769774422e-22
1.764404296875 -8.301328249419426e-23
1.7646484375 3.777096607721037e-22
1.764892578125 8.764674635209412e-22
1.76513671875 1.227106573428667e-21
1.765380859375 1.148723656196435e-21
1.765625 8.232582933718998e-22
1.765869140625 6.341308488966259e-22
1.76611328125 5.15001877458361e-22
1.766357421875 1.15748241567324e-22
1.7666015625 -5.623728292480866e-22
1.766845703125 -1.203712943709631e-21
1.76708984375 -1.673022416655074e-21
1.767333984375 -2.006304846926053e-21
1.767578125 -2.073484988283345e-21
1.767822265625 -1.689940293935842e-21
1.76806640625 -9.578394493540249e-22
1.768310546875 -1.860514807934466e-22
1.7685546875 3.665576109209813e-22
1.768798828125 4.593122931114852e-22
1.76904296875 -7.85582648504878e-23
1.769287109375 -9.625353440110658e-22
1.76953125 -1.500773685060257e-21
1.769775390625 -1.41238104209108e-21
1.77001953125 -1.233826541964471e-21
1.770263671875 -1.493865361997883e-21
1.7705078125 -1.875057503771484e-21
1.770751953125 -1.710483988343641e-21
1.77099609375 -9.654892323632551e-22
1.771240234375 -1.251850988154488e-22
1.771484375 6.316500199670237e-22
1.771728515625 1.473329532622921e-21
1.77197265625 2.236921958552091e-21
1.772216796875 2.37798665810393e-21
1.7724609375 1.710821019996368e-21
1.772705078125 7.399781608827464e-22
1.77294921875 1.114316214005371e-22
1.773193359375 1.562161408452701e-24
1.7734375 9.79108573759758e-23
1.773681640625 -4.732348237411675e-24
1.77392578125 -3.616676625738111e-22
1.774169921875 -5.183501020795889e-22
1.7744140625 3.47722563257274e-23
1.774658203125 1.117132462795861e-21
1.77490234375 1.868911364702148e-21
1.775146484375 1.739448310536566e-21
1.775390625 1.124376121565455e-21
1.775634765625 7.055693318314018e-22
1.77587890625 5.440470684727369e-22
1.776123046875 2.870041727439355e-22
1.7763671875 -6.482408386203766e-23
1.776611328125 -1.933563544275481e-22
1.77685546875 -8.98131036537513e-23
1.777099609375 -6.357490694627151e-23
1.77734375 -1.974132750931408e-22
1.777587890625 -3.194541195492338e-22
1.77783203125 -4.762255244222033e-22
1.778076171875 -9.082819261981449e-22
1.7783203125 -1.522214029146198e-21
1.778564453125 -1.871429566084029e-21
1.77880859375 -1.763846410128283e-21
1.779052734375 -1.49610605729322e-21
1.779296875 -1.386547271483037e-21
1.779541015625 -1.420215678333868e-21
1.77978515625 -1.456824550587617e-21
1.780029296875 -1.487962975942536e-21
1.7802734375 -1.56980238763377e-21
1.780517578125 -1.710478346244493e-21
1.78076171875 -1.88383177754921e-21
1.781005859375 -1.99567099240818e-21
1.78125 -1.873817154159118e-21
1.781494140625 -1.489732779378598e-21
1.78173828125 -1.122486329539174e-21
1.781982421875 -1.074399770690285e-21
1.7822265625 -1.296927510770929e-21
1.782470703125 -1.531304288530009e-21
1.78271484375 -1.712196210020785e-21
1.782958984375 -1.948712256871405e-21
1.783203125 -2.202381692511964e-21
1.783447265625 -2.306775633009647e-21
1.78369140625 -2.256296468894828e-21
1.783935546875 -2.17270900726764e-21
1.7841796875 -2.037186130834078e-21
1.784423828125 -1.754811225605437e-21
1.78466796875 -1.412467608974872e-21
1.784912109375 -1.14367504223887e-21
1.78515625 -8.221515084585921e-22
1.785400390625 -2.8588357589797e-22
1.78564453125 1.869136704957606e-22
1.785888671875 1.053207408623664e-22
1.7861328125 -4.659195121250996e-22
1.786376953125 -8.511429958192192e-22
1.78662109375 -6.642366638851745e-22
1.786865234375 -3.203098290459132e-22
1.787109375 -3.382505100102495e-22
1.787353515625 -4.897140303828195e-22
1.78759765625 -9.742962123322498e-23
1.787841796875 9.399924422209134e-22
1.7880859375 1.856666627030959e-21
1.788330078125 1.857740859053207e-21
1.78857421875 9.925158575482281e-22
1.788818359375 2.152119199623175e-23
1.7890625 -4.645458285205817e-22
1.789306640625 -5.834399498282063e-22
1.78955078125 -7.872640698403042e-22
1.789794921875 -1.140851257569469e-21
1.7900390625 -1.190964096359376e-21
1.790283203125 -5.505087026525697e-22
1.79052734375 6.004264183267498e-22
1.790771484375 1.713234711768478e-21
1.791015625 2.426624926935746e-21
1.791259765625 2.761065421645447e-21
1.79150390625 2.838570410155578e-21
1.791748046875 2.6267969218264e-21
1.7919921875 2.061053138573672e-21
1.792236328125 1.346374912045904e-21
1.79248046875 9.822816877980056e-22
1.792724609375 1.341324011542999e-21
1.79296875 2.219421641381654e-21
1.793212890625 2.981527836103903e-21
1.79345703125 3.24093653354433e-21
1.793701171875 3.177100044199225e-21
1.7939453125 3.018322729224785e-21
1.794189453125 2.54575256632024e-21
1.79443359375 1.541439138027397e-21
1.794677734375 4.814073751550361e-22
1.794921875 1.211889810118742e-22
1.795166015625 3.794913243042215e-22
1.79541015625 3.246769593628295e-22
1.795654296875 -5.097392411326816e-22
1.7958984375 -1.44288979961612e-21
1.796142578125 -1.645155345540122e-21
1.79638671875 -1.228616454597457e-21
1.796630859375 -8.202143487245175e-22
1.796875 -5.314884802951535e-22
1.797119140625 -3.600896909022918e-23
1.79736328125 5.74329896440821e-22
1.797607421875 7.189890316362974e-22
1.7978515625 1.500784774327869e-22
1.798095703125 -6.580870902825217e-22
1.79833984375 -1.064657572806493e-21
1.798583984375 -9.260965767624627e-22
1.798828125 -6.48119156214404e-22
1.799072265625 -7.3243736053271e-22
1.79931640625 -1.233415404173513e-21
1.799560546875 -1.603296838057855e-21
1.7998046875 -1.286934784682967e-21
1.800048828125 -5.41118335325184e-22
1.80029296875 -2.624616314002817e-22
1.800537109375 -7.813775552891072e-22
1.80078125 -1.325261340466355e-21
1.801025390625 -1.107360299173765e-21
1.80126953125 -4.5451979942495e-22
1.801513671875 -1.912579479101945e-22
1.8017578125 -2.597459742542407e-22
1.802001953125 1.913207105295365e-22
1.80224609375 1.407047207456264e-21
1.802490234375 2.575127167311345e-21
1.802734375 3.001720414732686e-21
1.802978515625 3.05049770806085e-21
1.80322265625 3.499087835095496e-21
1.803466796875 4.397550608620467e-21
1.8037109375 5.03305569531982e-21
1.803955078125 4.873931532682484e-21
1.80419921875 4.19025970180095e-21
1.804443359375 3.695725613840011e-21
1.8046875 3.746376442864744e-21
1.804931640625 4.035410360569782e-21
1.80517578125 4.113651990731208e-21
1.805419921875 4.023271067070123e-21
1.8056640625 4.102776356635606e-21
1.805908203125 4.229752577072154e-21
1.80615234375 3.800315740050955e-21
1.806396484375 2.689859195608447e-21
1.806640625 1.698033312118363e-21
1.806884765625 1.596633104965577e-21
1.80712890625 2.167765665912518e-21
1.807373046875 2.708093837316022e-21
1.8076171875 3.073194924043085e-21
1.807861328125 3.554873171174577e-21
1.80810546875 4.051811334854467e-21
1.808349609375 4.169854525003787e-21
1.80859375 3.992540162734772e-21
1.808837890625 3.914696141426422e-21
1.80908203125 3.732562483689052e-21
1.809326171875 2.774163124861427e-21
1.8095703125 1.095360287635668e-21
1.809814453125 -2.859970175894157e-22
1.81005859375 -6.836833134265609e-22
1.810302734375 -5.770922617387535e-22
1.810546875 -7.50630220430349e-22
1.810791015625 -1.200438964266528e-21
1.81103515625 -1.403482295799967e-21
1.811279296875 -1.250678769628622e-21
1.8115234375 -1.17298769539971e-21
1.811767578125 -1.519812881369371e-21
1.81201171875 -2.191604016022221e-21
1.812255859375 -2.8077985880647e-21
1.8125 -3.046840800212882e-21
1.812744140625 -2.92662369299089e-21
1.81298828125 -2.808943998642967e-21
1.813232421875 -2.951130026241536e-21
1.8134765625 -3.104425376408346e-21
1.813720703125 -2.88517205183348e-21
1.81396484375 -2.489857482323534e-21
1.814208984375 -2.561677704791353e-21
1.814453125 -3.290933192386184e-21
1.814697265625 -4.160824420530852e-21
1.81494140625 -4.707923077304668e-21
1.815185546875 -4.990196182589e-21
1.8154296875 -5.117365551638822e-21
1.815673828125 -4.923287337080798e-21
1.81591796875 -4.440503515693151e-21
1.816162109375 -4.145124886983612e-21
1.81640625 -4.288269511423488e-21
1.816650390625 -4.442569646377885e-21
1.81689453125 -4.183939139003235e-21
1.817138671875 -3.804106112279772e-21
1.8173828125 -3.797749765692234e-21
1.817626953125 -3.980884370048711e-21
1.81787109375 -3.758530945472676e-21
1.818115234375 -3.110463483437641e-21
1.818359375 -2.684691473589756e-21
1.818603515625 -2.876997772061881e-21
1.81884765625 -3.308584123477452e-21
1.819091796875 -3.357842928059874e-21
1.8193359375 -2.902392519033401e-21
1.819580078125 -2.390533880090182e-21
1.81982421875 -2.317785114620474e-21
1.820068359375 -2.703118613453678e-21
1.8203125 -3.073809684478936e-21
1.820556640625 -3.031124898207257e-21
1.82080078125 -2.757426807167349e-21
1.821044921875 -2.694705576824434e-21
1.8212890625 -2.762854328944063e-21
1.821533203125 -2.395254604372465e-21
1.82177734375 -1.527054527172989e-21
1.822021484375 -9.766178233199186e-22
1.822265625 -1.397879906616685e-21
1.822509765625 -2.300087681024654e-21
1.82275390625 -2.692178413010257e-21
1.822998046875 -2.4020849329964e-21
1.8232421875 -2.111134156883608e-21
1.823486328125 -2.243498324633334e-21
1.82373046875 -2.50896438352786e-21
1.823974609375 -2.554115222784878e-21
1.82421875 -2.416737611209213e-21
1.824462890625 -2.180514592308565e-21
1.82470703125 -1.735807579898518e-21
1.824951171875 -1.136857780702829e-21
1.8251953125 -7.629957002296348e-22
1.825439453125 -8.237733580651912e-22
1.82568359375 -9.96651308604648e-22
1.825927734375 -8.248966576744171e-22
1.826171875 -2.716781384448332e-22
1.826416015625 3.304447051684416e-22
1.82666015625 7.044859331491142e-22
1.826904296875 8.192744297184743e-22
1.8271484375 8.041386363257363e-22
1.827392578125 8.433698992711089e-22
1.82763671875 1.06201633029149e-21
1.827880859375 1.416420024587306e-21
1.828125 1.790591861806974e-21
1.828369140625 2.219372787307085e-21
1.82861328125 2.82495813830531e-21
1.828857421875 3.478910118535704e-21
1.8291015625 3.782338683150677e-21
1.829345703125 3.546306479136895e-21
1.82958984375 3.091125257898759e-21
1.829833984375 2.863943946313015e-21
1.830078125 2.911494888577702e-21
1.830322265625 2.961678570561619e-21
1.83056640625 2.912543997906307e-21
1.830810546875 2.947630424982908e-21
1.8310546875 3.158664288618164e-21
1.831298828125 3.328874585636099e-21
1.83154296875 3.229504248088523e-21
1.831787109375 2.97292838581449e-21
1.83203125 2.893967639074599e-21
1.832275390625 3.125122643773694e-21
1.83251953125 3.444366346394046e-21
1.832763671875 3.574633473123508e-21
1.8330078125 3.5142958228215e-21
1.833251953125 3.482127230394475e-21
1.83349609375 3.605735691021863e-21
1.833740234375 3.796683724736999e-21
1.833984375 3.933056175883118e-21
1.834228515625 4.021454633143531e-21
1.83447265625 4.10110689288879e-21
1.834716796875 4.102957545751247e-21
1.8349609375 3.948962022708017e-21
1.835205078125 3.751631786613171e-21
1.83544921875 3.748277165294244e-21
1.835693359375 3.977026510511702e-21
1.8359375 4.129753042057228e-21
1.836181640625 3.846447967262833e-21
1.83642578125 3.148622616277739e-21
1.836669921875 2.491986710727586e-21
1.8369140625 2.334349453386614e-21
1.837158203125 2.673424616717528e-21
1.83740234375 3.062681132300106e-21
1.837646484375 3.084938924757e-21
1.837890625 2.752378835685115e-21
1.838134765625 2.420000859592239e-21
1.83837890625 2.3940745770926e-21
1.838623046875 2.714380153735479e-21
1.8388671875 3.247750196097002e-21
1.839111328125 3.820481247293276e-21
1.83935546875 4.22020492957417e-21
1.839599609375 4.223157073789071e-21
1.83984375 3.753402471881458e-21
1.840087890625 2.975206863991248e-21
1.84033203125 2.136545703749531e-21
1.840576171875 1.338636807647391e-21
1.8408203125 5.383419687860058e-22
1.841064453125 -2.276403441739376e-22
1.84130859375 -7.356457828352253e-22
1.841552734375 -8.012017104233576e-22
1.841796875 -5.900318863941714e-22
1.842041015625 -5.391482134491444e-22
1.84228515625 -8.495370531892703e-22
1.842529296875 -1.192680098951445e-21
1.8427734375 -1.159497580765846e-21
1.843017578125 -9.165258523211745e-22
1.84326171875 -1.01988898968798e-21
1.843505859375 -1.50796673296942e-21
1.84375 -1.708009281981067e-21
1.843994140625 -1.301294200324027e-21
1.84423828125 -1.068233444793368e-21
1.844482421875 -1.895528729768454e-21
1.8447265625 -3.351253646472922e-21
1.844970703125 -4.147773191012069e-21
1.84521484375 -4.005375655889033e-21
1.845458984375 -4.034408300609021e-21
1.845703125 -4.929162825816627e-21
1.845947265625 -5.823841606349235e-21
1.84619140625 -5.715907166193987e-21
1.846435546875 -5.178488644107063e-21
1.8466796875 -5.491164154243373e-21
1.846923828125 -6.496096408917717e-21
1.84716796875 -6.679962981689066e-21
1.847412109375 -5.485022656270003e-21
1.84765625 -4.239049892170288e-21
1.847900390625 -4.209528562892999e-21
1.84814453125 -4.768156995046743e-21
1.848388671875 -4.434054002631268e-21
1.8486328125 -3.132683322436764e-21
1.848876953125 -2.284298727484642e-21
1.84912109375 -2.708278505823343e-21
1.849365234375 -3.462304123784765e-21
1.849609375 -3.174929296562165e-21
1.849853515625 -1.873211745069096e-21
1.85009765625 -8.470339160548369e-22
1.850341796875 -9.307706938458308e-22
1.8505859375 -1.570955800651161e-21
1.850830078125 -1.752591288421399e-21
1.85107421875 -1.340693634237669e-21
1.851318359375 -1.019038095574586e-21
1.8515625 -1.094838714591351e-21
1.851806640625 -1.027271161781738e-21
1.85205078125 -3.879174568712258e-22
1.852294921875 2.616355661893371e-22
1.8525390625 3.281695915192766e-23
1.852783203125 -9.857498187891578e-22
1.85302734375 -1.73983051657031e-21
1.853271484375 -1.542817466646727e-21
1.853515625 -7.960726282183365e-22
1.853759765625 -2.212081258845242e-22
1.85400390625 4.943698611504962e-23
1.854248046875 2.979139275480279e-22
1.8544921875 6.152210496662159e-22
1.854736328125 8.929871301975621e-22
1.85498046875 1.090493453710383e-21
1.855224609375 1.107467432218997e-21
1.85546875 6.714888267879341e-22
1.855712890625 -2.379732206783548e-22
1.85595703125 -1.09985271608375e-21
1.856201171875 -1.409239569376862e-21
1.8564453125 -1.309466973481139e-21
1.856689453125 -1.246866971287375e-21
1.85693359375 -1.241381960064333e-21
1.857177734375 -1.014532189409119e-21
1.857421875 -6.400204011454734e-22
1.857666015625 -4.598719436555113e-22
1.85791015625 -4.412443006807467e-22
1.858154296875 -2.298613599530032e-22
1.8583984375 1.784649852757805e-22
1.858642578125 4.437022874020597e-22
1.85888671875 5.765167607179052e-22
1.859130859375 9.46904125792357e-22
1.859375 1.48825227035778e-21
1.859619140625 1.619802424977835e-21
1.85986328125 1.216556094654938e-21
1.860107421875 9.413653864558983e-22
1.8603515625 1.212899314627514e-21
1.860595703125 1.497353427649579e-21
1.86083984375 1.15390391448615e-21
1.861083984375 4.401699924795261e-22
1.861328125 6.926816577789262e-23
1.861572265625 1.835607390296273e-22
1.86181640625 4.034534078221024e-22
1.862060546875 5.915856600316852e-22
1.8623046875 9.251798951186844e-22
1.862548828125 1.381249932975774e-21
1.86279296875 1.717524929111168e-21
1.863037109375 1.859788954802947e-21
1.86328125 1.864577640056403e-21
1.863525390625 1.677437924969254e-21
1.86376953125 1.362648426416532e-21
1.864013671875 1.314769531198336e-21
1.8642578125 1.731595463890963e-21
1.864501953125 2.146532038928431e-21
1.86474609375 2.062318227909993e-21
1.864990234375 1.767416852987168e-21
1.865234375 1.846340659972296e-21
1.865478515625 2.162536073663406e-21
1.86572265625 2.173949999500005e-21
1.865966796875 2.069765572153388e-21
1.8662109375 2.563707271750885e-21
1.866455078125 3.504422627462593e-21
1.86669921875 3.777933069762213e-21
1.866943359375 2.935608887183477e-21
1.8671875 1.948834731023395e-21
1.867431640625 1.820762493446946e-21
1.86767578125 2.269209521272498e-21
1.867919921875 2.417002773576796e-21
1.8681640625 2.095973835183281e-21
1.868408203125 1.728009817337893e-21
1.86865234375 1.420975628538747e-21
1.868896484375 9.70168382264787e-22
1.869140625 4.83872553532064e-22
1.869384765625 3.128706536172603e-22
1.86962890625 4.727613008251537e-22
1.869873046875 6.555871345184245e-22
1.8701171875 7.16003866174608e-22
1.870361328125 7.483128555345222e-22
1.87060546875 8.192890986822945e-22
1.870849609375 9.527244059217029e-22
1.87109375 1.186811948901286e-21
1.871337890625 1.363056083890873e-21
1.87158203125 1.137853239052509e-21
1.871826171875 5.06167452503018e-22
1.8720703125 -3.637754733395901e-23
1.872314453125 -2.049018777833424e-22
1.87255859375 -3.852692045678128e-22
1.872802734375 -9.361290898524124e-22
1.873046875 -1.476243482152492e-21
1.873291015625 -1.470782635912095e-21
1.87353515625 -1.16290547614968e-21
1.873779296875 -1.214734775452804e-21
1.8740234375 -1.656664803323284e-21
1.874267578125 -1.927030147282066e-21
1.87451171875 -1.829078990780797e-21
1.874755859375 -1.708609872525657e-21
1.875 -1.690865540918958e-21
1.875244140625 -1.445319795301147e-21
1.87548828125 -8.191451906320736e-22
1.875732421875 -1.327997890433129e-22
1.8759765625 2.623698611471578e-22
1.876220703125 2.551779697639224e-22
1.87646484375 -1.893944765226196e-22
1.876708984375 -9.405041135933972e-22
1.876953125 -1.470039902045776e-21
1.877197265625 -1.305486971912381e-21
1.87744140625 -7.426790934513839e-22
1.877685546875 -4.92418203352541e-22
1.8779296875 -5.712857073996095e-22
1.878173828125 -2.44673269839469e-22
1.87841796875 7.662855657122785e-22
1.878662109375 1.752627073005281e-21
1.87890625 2.008071124593971e-21
1.879150390625 1.689558576381883e-21
1.87939453125 1.268210673934368e-21
1.879638671875 7.132348183579642e-22
1.8798828125 -2.162107111483225e-22
1.880126953125 -1.269338646935615e-21
1.88037109375 -1.890192794369734e-21
1.880615234375 -1.932826988629974e-21
1.880859375 -1.73780882257663e-21
1.881103515625 -1.59718096721836e-21
1.88134765625 -1.491583108079533e-21
1.881591796875 -1.29121850306785e-21
1.8818359375 -9.542112339788401e-22
1.882080078125 -5.631781188334834e-22
1.88232421875 -3.088331262215895e-22
1.882568359375 -3.536354613184193e-22
1.8828125 -6.344834744010914e-22
1.883056640625 -9.256764255922853e-22
1.88330078125 -1.102763900035251e-21
1.883544921875 -1.142393826930426e-21
1.8837890625 -9.210294287888673e-22
1.884033203125 -3.780846767363296e-22
1.88427734375 1.158542332269368e-22
1.884521484375 2.444093666083723e-23
1.884765625 -5.825647030048822e-22
1.885009765625 -9.86963241727291e-22
1.88525390625 -7.680123850388704e-22
1.885498046875 -3.421708380092024e-22
1.8857421875 -2.836291573261438e-22
1.885986328125 -5.521009687256928e-22
1.88623046875 -7.632775841863452e-22
1.886474609375 -8.342746838300101e-22
1.88671875 -9.172003710067405e-22
1.886962890625 -9.840483319698148e-22
1.88720703125 -9.336411592187131e-22
1.887451171875 -9.024891212488562e-22
1.8876953125 -1.030592596030099e-21
1.887939453125 -1.073622264335061e-21
1.88818359375 -6.882859943029507e-22
1.888427734375 -3.296611886696081e-23
1.888671875 3.171152888963716e-22
1.888916015625 6.658583766366808e-23
1.88916015625 -4.918663410800574e-22
1.889404296875 -8.939824047601751e-22
1.8896484375 -9.949372439264268e-22
1.889892578125 -9.936541997369274e-22
1.89013671875 -1.105221559142303e-21
1.890380859375 -1.265970670866717e-21
1.890625 -1.182883857010151e-21
1.890869140625 -7.367398865819593e-22
1.89111328125 -2.333458550546194e-22
1.891357421875 -2.613697667672142e-23
1.8916015625 1.930948591917102e-23
1.891845703125 3.109293573393873e-22
1.89208984375 8.085569546027435e-22
1.892333984375 1.011011106477774e-21
1.892578125 7.569523968042941e-22
1.892822265625 4.886463445218585e-22
1.89306640625 5.06430858842191e-22
1.893310546875 5.32410153906713e-22
1.8935546875 3.36603517993742e-22
1.893798828125 2.133311859592652e-22
1.89404296875 3.833493167789406e-22
1.894287109375 4.689448199349813e-22
1.89453125 1.284974458465358e-22
1.894775390625 -2.651506374565328e-22
1.89501953125 -2.243538514522368e-22
1.895263671875 -1.159131545346763e-23
1.8955078125 -1.815781263096682e-22
1.895751953125 -5.868170843629617e-22
1.89599609375 -6.444131557010817e-22
1.896240234375 -3.982278357359771e-22
1.896484375 -4.657531214552384e-22
1.896728515625 -9.484837962173846e-22
1.89697265625 -1.195689450927347e-21
1.897216796875 -7.76670279182111e-22
1.8974609375 -2.489931141120984e-23
1.897705078125 5.283815034719471e-22
1.89794921875 6.85638613959142e-22
1.898193359375 4.328582321380535e-22
1.8984375 -1.75594010439353e-22
1.898681640625 -8.270120153958381e-22
1.89892578125 -1.129048244645939e-21
1.899169921875 -1.091274657849866e-21
1.8994140625 -9.97463220476753e-22
1.899658203125 -8.186406700563566e-22
1.89990234375 -3.177437695089152e-22
1.900146484375 2.721403946498237e-22
1.900390625 3.829134627993645e-22
1.900634765625 5.487632745088777e-23
1.90087890625 4.570888686251479e-24
1.901123046875 4.78435356762556e-22
1.9013671875 7.657558557974212e-22
1.901611328125 2.929864341431018e-22
1.90185546875 -4.150672864767117e-22
1.902099609375 -4.255263738062146e-22
1.90234375 3.766775916866708e-22
1.902587890625 1.292334536760283e-21
1.90283203125 1.745755059163801e-21
1.903076171875 1.7330841432903e-21
1.9033203125 1.525225732891086e-21
1.903564453125 1.344100861971929e-21
1.90380859375 1.263428521995994e-21
1.904052734375 1.194468955416876e-21
1.904296875 1.055152991761855e-21
1.904541015625 1.000422444501586e-21
1.90478515625 1.226593182421644e-21
1.905029296875 1.543797166560604e-21
1.9052734375 1.579580578346417e-21
1.905517578125 1.462501892320086e-21
1.90576171875 1.716691858744718e-21
1.906005859375 2.305317950052653e-21
1.90625 2.486048187299683e-21
1.906494140625 1.986600461750424e-21
1.90673828125 1.590188736518127e-21
1.906982421875 1.970685035253008e-21
1.9072265625 2.620681352383512e-21
1.907470703125 2.70420526540762e-21
1.90771484375 2.401467897539935e-21
1.907958984375 2.452471477225972e-21
1.908203125 2.75641331238657e-21
1.908447265625 2.533442090331428e-21
1.90869140625 1.773815414463482e-21
1.908935546875 1.395327203120783e-21
1.9091796875 1.764624979519989e-21
1.909423828125 2.071694697243204e-21
1.90966796875 1.571311104227345e-21
1.909912109375 5.880336105057433e-22
1.91015625 -2.441630205936236e-22
1.910400390625 -1.010626266683728e-21
1.91064453125 -2.082869808284356e-21
1.910888671875 -3.148048540298549e-21
1.9111328125 -3.453524601469447e-21
1.911376953125 -2.851488704017536e-21
1.91162109375 -1.963470713508797e-21
1.911865234375 -1.344717745308404e-21
1.912109375 -1.013645655849253e-21
1.912353515625 -8.264249516345326e-22
1.91259765625 -7.989709481248881e-22
1.912841796875 -8.812412239286532e-22
1.9130859375 -8.127690538281395e-22
1.913330078125 -4.841341638665396e-22
1.91357421875 -2.041564871233447e-22
1.913818359375 -3.096270670942302e-22
1.9140625 -6.354893468511322e-22
1.914306640625 -6.981809420972788e-22
1.91455078125 -4.065447939963789e-22
1.914794921875 -2.459435636458181e-22
1.9150390625 -5.792632065248943e-22
1.915283203125 -1.055481818404277e-21
1.91552734375 -1.067253320788285e-21
1.915771484375 -6.482435668575443e-22
1.916015625 -4.349629814027571e-22
1.916259765625 -6.768125739788907e-22
1.91650390625 -8.111528820113102e-22
1.916748046875 -3.401958291507296e-22
1.9169921875 3.049452783061087e-22
1.917236328125 3.127258570247509e-22
1.91748046875 -3.047733953587767e-22
1.917724609375 -6.619927831659275e-22
1.91796875 -1.830510723006496e-22
1.918212890625 7.093809391960673e-22
1.91845703125 1.27252753041348e-21
1.918701171875 1.354988114393877e-21
1.9189453125 1.319094638729573e-21
1.919189453125 1.369639050838122e-21
1.91943359375 1.344615054837174e-21
1.919677734375 1.05253350400442e-21
1.919921875 4.983621716786179e-22
1.920166015625 -2.084690323566023e-22
1.92041015625 -9.392072259662588e-22
1.920654296875 -1.516479303777244e-21
1.9208984375 -1.758219389864068e-21
1.921142578125 -1.591314965354082e-21
1.92138671875 -1.059839539643622e-21
1.921630859375 -2.681383818079257e-22
1.921875 5.843045749949562e-22
1.922119140625 1.178472123248792e-21
1.92236328125 1.26924658917409e-21
1.922607421875 9.462299928001028e-22
1.9228515625 5.719712209216798e-22
1.923095703125 3.900807954582068e-22
1.92333984375 2.985396553442306e-22
1.923583984375 1.077319917958004e-22
1.923828125 -8.846962508787049e-23
1.924072265625 -9.249433457298628e-24
1.92431640625 3.437956705687295e-22
1.924560546875 5.734599893869233e-22
1.9248046875 4.110425412673852e-22
1.925048828125 1.482706234198194e-22
1.92529296875 2.488795982521903e-22
1.925537109375 6.29991571905484e-22
1.92578125 7.186013302320773e-22
1.926025390625 2.723726639158777e-22
1.92626953125 -2.669212645365548e-22
1.926513671875 -4.340654123056372e-22
1.9267578125 -3.653159369122818e-22
1.927001953125 -4.254852460611264e-22
1.92724609375 -5.409956351539013e-22
1.927490234375 -4.09663358740403e-22
1.927734375 -2.149905116994214e-22
1.927978515625 -5.330971768053409e-22
1.92822265625 -1.438517396854441e-21
1.928466796875 -2.2286870816753e-21
1.9287109375 -2.304513017440904e-21
1.928955078125 -1.943499840833414e-21
1.92919921875 -1.851529122497408e-21
1.929443359375 -2.200558653522368e-21
1.9296875 -2.522301321228634e-21
1.929931640625 -2.467774271847699e-21
1.93017578125 -2.246243149763186e-21
1.930419921875 -2.194999506966659e-21
1.9306640625 -2.245512026252921e-21
1.930908203125 -2.100417695514289e-21
1.93115234375 -1.795474346611797e-21
1.931396484375 -1.729170024064805e-21
1.931640625 -2.056675164595971e-21
1.931884765625 -2.365635341097559e-21
1.93212890625 -2.207696735504252e-21
1.932373046875 -1.750478989774359e-21
1.9326171875 -1.537699986590078e-21
1.932861328125 -1.686552261955581e-21
1.93310546875 -1.77490404653359e-21
1.933349609375 -1.585395164985238e-21
1.93359375 -1.452106399172819e-21
1.933837890625 -1.620723937409558e-21
1.93408203125 -1.756953939445481e-21
1.934326171875 -1.525773277588137e-21
1.9345703125 -1.257510414315672e-21
1.934814453125 -1.44608604183606e-21
1.93505859375 -1.829722730416892e-21
1.935302734375 -1.656178632966614e-21
1.935546875 -8.186959313467236e-22
1.935791015625 -5.283875601622873e-23
1.93603515625 1.208586826781393e-22
1.936279296875 4.987892645795877e-23
1.9365234375 3.246531054209478e-22
1.936767578125 1.024818343886735e-21
1.93701171875 1.880042999535747e-21
1.937255859375 2.730621378520372e-21
1.9375 3.471035439659582e-21
1.937744140625 3.884151905851786e-21
1.93798828125 3.912056198072332e-21
1.938232421875 3.858015919908599e-21
1.9384765625 3.993154893009216e-21
1.938720703125 4.158855616454923e-21
1.93896484375 4.05309086130568e-21
1.939208984375 3.724636750538696e-21
1.939453125 3.478610717236882e-21
1.939697265625 3.422366411318577e-21
1.93994140625 3.381168303699008e-21
1.940185546875 3.186075625044544e-21
1.9404296875 2.84363974874953e-21
1.940673828125 2.496488638785787e-21
1.94091796875 2.336189691268896e-21
1.941162109375 2.421996276606897e-21
1.94140625 2.514767496458911e-21
1.941650390625 2.321101270408354e-21
1.94189453125 1.977168935595201e-21
1.942138671875 1.937804059836841e-21
1.9423828125 2.213646894334137e-21
1.942626953125 2.143493459191172e-21
1.94287109375 1.259896206608367e-21
1.943115234375 5.451541215757675e-24
1.943359375 -8.491671285130913e-22
1.943603515625 -1.200080670421059e-21
1.94384765625 -1.529140692414838e-21
1.944091796875 -2.063163981450465e-21
1.9443359375 -2.573933269853232e-21
1.944580078125 -2.90224425525626e-21
1.94482421875 -3.127232740133481e-21
1.945068359375 -3.234960632632903e-21
1.9453125 -3.129860691223416e-21
1.945556640625 -2.994756171516395e-21
1.94580078125 -3.144896013258351e-21
1.946044921875 -3.462992126770337e-21
1.9462890625 -3.45359592306277e-21
1.946533203125 -2.950172798082119e-21
1.94677734375 -2.306303672954533e-21
1.947021484375 -1.77539468630837e-21
1.947265625 -1.191869349113927e-21
1.947509765625 -4.545007023576664e-22
1.94775390625 1.588649228886376e-22
1.947998046875 4.429767815431218e-22
1.9482421875 6.139961845916604e-22
1.948486328125 8.660030305062449e-22
1.94873046875 9.242456036254378e-22
1.948974609375 4.418512093167734e-22
1.94921875 -3.713611399713975e-22
1.949462890625 -8.91401530920397e-22
1.94970703125 -7.484576264475525e-22
1.949951171875 -8.9515732392861e-23
1.9501953125 7.031232963469902e-22
1.950439453125 1.307089589570663e-21
1.95068359375 1.58138795827348e-21
1.950927734375 1.628042212345277e-21
1.951171875 1.681642622476329e-21
1.951416015625 1.814760093912642e-21
1.95166015625 1.87549715974463e-21
1.951904296875 1.79184779040482e-21
1.9521484375 1.683067781347685e-21
1.952392578125 1.522410026372347e-21
1.95263671875 1.033188773404594e-21
1.952880859375 2.215564850509045e-22
1.953125 -3.136529013060633e-22
1.953369140625 -5.904842862045514e-23
1.95361328125 6.291658926210768e-22
1.953857421875 9.423451001903657e-22
1.9541015625 7.400721658032579e-22
1.954345703125 6.846751823976694e-22
1.95458984375 1.174997028204127e-21
1.954833984375 1.706392234548404e-21
1.955078125 1.577522120694364e-21
1.955322265625 8.204899454717032e-22
1.95556640625 4.541003929217628e-23
1.955810546875 -3.899813881785058e-22
1.9560546875 -6.423397733859802e-22
1.956298828125 -9.051856190063447e-22
1.95654296875 -1.066420467216993e-21
1.956787109375 -9.377672616366048e-22
1.95703125 -5.673430859140483e-22
1.957275390625 -1.541012109211005e-22
1.95751953125 2.259401333087503e-22
1.957763671875 6.288833505127974e-22
1.9580078125 1.002337113502784e-21
1.958251953125 1.124169863668892e-21
1.95849609375 8.873989566192457e-22
1.958740234375 5.144608621290522e-22
1.958984375 2.848189755336866e-22
1.959228515625 9.299515996279357e-23
1.95947265625 -4.556095688865141e-22
1.959716796875 -1.443012483203656e-21
1.9599609375 -2.419610162034772e-21
1.960205078125 -2.954386561446799e-21
1.96044921875 -3.114735458446939e-21
1.960693359375 -3.122854151647938e-21
1.9609375 -2.828882224695167e-21
1.961181640625 -1.991526178828599e-21
1.96142578125 -9.313848834982957e-22
1.961669921875 -3.332138363369487e-22
1.9619140625 -3.346721788253346e-22
1.962158203125 -3.295405860824515e-22
1.96240234375 1.525904596298384e-22
1.962646484375 8.428753191522606e-22
1.962890625 1.247793356259981e-21
1.963134765625 1.312810390242076e-21
1.96337890625 1.233158970135852e-21
1.963623046875 1.008079125607091e-21
1.9638671875 6.34019635301883e-22
1.964111328125 4.471387222319143e-22
1.96435546875 7.589488082699846e-22
1.964599609375 1.294747750724503e-21
1.96484375 1.469513813715309e-21
1.965087890625 1.160461154675676e-21
1.96533203125 7.903878572000383e-22
1.965576171875 6.946023752232506e-22
1.9658203125 8.107126965547538e-22
1.966064453125 9.603078161197357e-22
1.96630859375 1.024998525686954e-21
1.966552734375 8.59332709788799e-22
1.966796875 4.613434010132605e-22
1.967041015625 2.393917711694984e-22
1.96728515625 6.393323631473114e-22
1.967529296875 1.434276337901484e-21
1.9677734375 1.871879143815615e-21
1.968017578125 1.669561344649425e-21
1.96826171875 1.365299908611728e-21
1.968505859375 1.442433273607779e-21
1.96875 1.59017545622614e-21
1.968994140625 1.207007711236608e-21
1.96923828125 2.801673267929962e-22
1.969482421875 -6.530605564847809e-22
1.9697265625 -1.202332840138259e-21
1.969970703125 -1.420457027460233e-21
1.97021484375 -1.549785416199234e-21
1.970458984375 -1.760396717516775e-21
1.970703125 -2.024228127773148e-21
1.970947265625 -2.06852850913411e-21
1.97119140625 -1.648223691966861e-21
1.971435546875 -1.012518285101506e-21
1.9716796875 -7.869268971555114e-22
1.971923828125 -1.164123021695563e-21
1.97216796875 -1.576029477188665e-21
1.972412109375 -1.48856863488371e-21
1.97265625 -1.133302041139256e-21
1.972900390625 -1.018395812181192e-21
1.97314453125 -1.099677199956625e-21
1.973388671875 -1.021499986946125e-21
1.9736328125 -8.827416455404045e-22
1.973876953125 -1.05965518797303e-21
1.97412109375 -1.42029734272628e-21
1.974365234375 -1.468274363014577e-21
1.974609375 -1.248294169516253e-21
1.974853515625 -1.322368851993053e-21
1.97509765625 -1.721485527887732e-21
1.975341796875 -1.737367111164888e-21
1.9755859375 -1.085711688113312e-21
1.975830078125 -5.087135187480054e-22
1.97607421875 -6.71548464958975e-22
1.976318359375 -1.07738243022942e-21
1.9765625 -8.074778585904383e-22
1.976806640625 3.965130656172274e-23
1.97705078125 4.633756795086285e-22
1.977294921875 2.119832226406791e-23
1.9775390625 -5.993564702170092e-22
1.977783203125 -6.380838361047406e-22
1.97802734375 -2.580633737431459e-22
1.978271484375 -1.154025689852603e-22
1.978515625 -3.631529857298218e-22
1.978759765625 -5.84757924573876e-22
1.97900390625 -5.519332642013858e-22
1.979248046875 -5.28742796016795e-22
1.9794921875 -7.305045917439832e-22
1.979736328125 -9.056765604205139e-22
1.97998046875 -7.334532544718289e-22
1.980224609375 -3.604201675662994e-22
1.98046875 -1.692129829369416e-22
1.980712890625 -1.653606218833964e-22
1.98095703125 -3.408908838163308e-23
1.981201171875 2.394187366762041e-22
1.9814453125 3.329543464906138e-22
1.981689453125 2.73238910436149e-22
1.98193359375 5.743574093174187e-22
1.982177734375 1.387833390247647e-21
1.982421875 2.074119345629265e-21
1.982666015625 2.103595525825742e-21
1.98291015625 1.898000464199869e-21
1.983154296875 2.150356680953304e-21
1.9833984375 2.714368789428268e-21
1.983642578125 2.944475448806617e-21
1.98388671875 2.856069818895892e-21
1.984130859375 3.029350255050617e-21
1.984375 3.44781770595628e-21
1.984619140625 3.425475117414512e-21
1.98486328125 2.826787297272538e-21
1.985107421875 2.379385059859301e-21
1.9853515625 2.445380288859035e-21
1.985595703125 2.42187851548998e-21
1.98583984375 1.879103323776599e-21
1.986083984375 1.425943452077029e-21
1.986328125 1.713200928154106e-21
1.986572265625 2.255060432169332e-21
1.98681640625 2.09452124157602e-21
1.987060546875 1.196050443086646e-21
1.9873046875 3.274085499309362e-22
1.987548828125 -1.605297395670054e-22
1.98779296875 -5.927391433707185e-22
1.988037109375 -1.120699254380656e-21
1.98828125 -1.396328452274044e-21
1.988525390625 -1.16891554409661e-21
1.98876953125 -6.318742333943838e-22
1.989013671875 -1.06085296436723e-22
1.9892578125 1.755708998812812e-22
1.989501953125 -4.018271222766599e-24
1.98974609375 -6.536761381808145e-22
1.989990234375 -1.313774564323136e-21
1.990234375 -1.454735475390559e-21
1.990478515625 -1.156265539328262e-21
1.99072265625 -9.638128749730858e-22
1.990966796875 -1.077141556427993e-21
1.9912109375 -1.149477998671555e-21
1.991455078125 -9.412680121415431e-22
1.99169921875 -7.09645782843734e-22
1.991943359375 -8.13238771431295e-22
1.9921875 -1.284825146094038e-21
1.992431640625 -1.898625196141501e-21
1.99267578125 -2.361021845282482e-21
1.992919921875 -2.406345835082922e-21
1.9931640625 -2.039982799922953e-21
1.993408203125 -1.700094366285712e-21
1.99365234375 -1.807860931733704e-21
1.993896484375 -2.146222215740229e-21
1.994140625 -2.108971261210003e-21
1.994384765625 -1.605109220215901e-21
1.99462890625 -1.215480053752396e-21
1.994873046875 -1.303402624584753e-21
1.9951171875 -1.489777979953286e-21
1.995361328125 -1.313077647364307e-21
1.99560546875 -9.711267249775395e-22
1.995849609375 -9.806983149289384e-22
1.99609375 -1.36636056568257e-21
1.996337890625 -1.625248970041359e-21
1.99658203125 -1.400744464898467e-21
1.996826171875 -8.482074918418284e-22
1.9970703125 -3.555220071615074e-22
1.997314453125 -1.500466625740608e-22
1.99755859375 -1.778472672015109e-22
1.997802734375 -1.927043918320685e-22
1.998046875 2.650357042343528e-23
1.998291015625 4.230086541373185e-22
1.99853515625 6.707525458622929e-22
1.998779296875 5.492823882781026e-22
1.9990234375 2.351619700713395e-22
1.999267578125 7.352800680985221e-23
1.99951171875 1.240378707074912e-22
1.999755859375 1.213664218118239e-22
2 -1.209285496671787e-22
2.000244140625 -4.743934213304191e-22
2.00048828125 -7.490199662437258e-22
2.000732421875 -1.00910007912464e-21
2.0009765625 -1.44334717775989e-21
2.001220703125 -1.974140131795322e-21
2.00146484375 -2.224288583515698e-21
2.001708984375 -1.96056421969911e-21
2.001953125 -1.403606960048453e-21
2.002197265625 -9.504370792240895e-22
2.00244140625 -7.188726823577088e-22
2.002685546875 -5.636682273842008e-22
2.0029296875 -4.32707393854585e-22
2.003173828125 -4.140656130387055e-22
2.00341796875 -4.434401591646841e-22
2.003662109375 -2.916991040013177e-22
2.00390625 6.325808346116337e-23
2.004150390625 3.463057183187099e-22
2.00439453125 4.101333582237147e-22
2.004638671875 4.790847470720766e-22
2.0048828125 7.835844354156957e-22
2.005126953125 1.200300201146415e-21
2.00537109375 1.48261976946216e-21
2.005615234375 1.641492781444768e-21
2.005859375 1.85783721246314e-21
2.006103515625 2.187380872019281e-21
2.00634765625 2.571298061062392e-21
2.006591796875 2.955696205618865e-21
2.0068359375 3.172563570737382e-21
2.007080078125 2.917208206985133e-21
2.00732421875 2.145569172385801e-21
2.007568359375 1.328292788921002e-21
2.0078125 9.869554208209006e-22
2.008056640625 1.095160761101602e-21
2.00830078125 1.247375648300622e-21
2.008544921875 1.297411655970737e-21
2.0087890625 1.466974277378359e-21
2.009033203125 1.873502655906528e-21
2.00927734375 2.317023203756838e-21
2.009521484375 2.576259370566522e-21
2.009765625 2.62917402253149e-21
2.010009765625 2.524923316642053e-21
2.01025390625 2.270641324359397e-21
2.010498046875 1.908832915177523e-21
2.0107421875 1.538882963786275e-21
2.010986328125 1.220474270879906e-21
2.01123046875 9.671118003482281e-22
2.011474609375 8.220052914822846e-22
2.01171875 8.356411663776385e-22
2.011962890625 9.890288726073596e-22
2.01220703125 1.189825873875586e-21
2.012451171875 1.282544076920902e-21
2.0126953125 1.088327454530187e-21
2.012939453125 6.218740266068852e-22
2.01318359375 2.449747598530673e-22
2.013427734375 2.987690024194237e-22
2.013671875 5.650981048186421e-22
2.013916015625 5.008571783263175e-22
2.01416015625 7.70903068387511e-23
2.014404296875 -1.52503233370325e-22
2.0146484375 -5.7414676967469e-24
2.014892578125 -4.34785491202446e-23
2.01513671875 -6.019085030163489e-22
2.015380859375 -1.12420007992921e-21
2.015625 -1.047744887342493e-21
2.015869140625 -7.386987804102733e-22
2.01611328125 -7.755768685101896e-22
2.016357421875 -8.43626946656306e-22
2.0166015625 -3.077842302066676e-22
2.016845703125 4.755555657882956e-22
2.01708984375 5.16265713790636e-22
2.017333984375 -2.512573995839904e-22
2.017578125 -8.533492885113467e-22
2.017822265625 -8.022770202259455e-22
2.01806640625 -7.037427018682927e-22
2.018310546875 -1.102966407567556e-21
2.0185546875 -1.677901760775317e-21
2.018798828125 -1.957915163400379e-21
2.01904296875 -2.022873841506425e-21
2.019287109375 -2.046674987874849e-21
2.01953125 -1.845360044901865e-21
2.019775390625 -1.337938729003336e-21
2.02001953125 -8.667942092891908e-22
2.020263671875 -6.358410867114298e-22
2.0205078125 -3.675997127670388e-22
2.020751953125 9.23439946998222e-23
2.02099609375 3.702782570371391e-22
2.021240234375 1.821540642419806e-22
2.021484375 -1.330929710236041e-22
2.021728515625 -1.160597550508257e-22
2.02197265625 2.091328168376335e-22
2.022216796875 5.98754470799242e-22
2.0224609375 1.002548655911394e-21
2.022705078125 1.327688556172412e-21
2.02294921875 1.231445660922205e-21
2.023193359375 5.746906264862444e-22
2.0234375 -2.563868461948424e-22
2.023681640625 -8.074577838781921e-22
2.02392578125 -9.916791774818905e-22
2.024169921875 -8.579225749243411e-22
2.0244140625 -4.073338858507852e-22
2.024658203125 1.168915213297592e-22
2.02490234375 3.251968422522303e-22
2.025146484375 3.552329058229074e-22
2.025390625 7.994971922838858e-22
2.025634765625 1.614393478247487e-21
2.02587890625 1.893929127154099e-21
2.026123046875 1.279649229027865e-21
2.0263671875 7.532771622935758e-22
2.026611328125 1.197175956509851e-21
2.02685546875 1.905098776529578e-21
2.027099609375 1.604809904122747e-21
2.02734375 4.556095255742235e-22
2.027587890625 -2.097520909496132e-22
2.02783203125 5.744739484455778e-23
2.028076171875 2.778142362849086e-22
2.0283203125 -3.017128787079156e-22
2.028564453125 -1.120551742040361e-21
2.02880859375 -1.275069858333529e-21
2.029052734375 -7.42470019712764e-22
2.029296875 -1.53777020278264e-22
2.029541015625 7.417811875324889e-23
2.02978515625 -5.297591280207073e-23
2.030029296875 -3.40700134042955e-22
2.0302734375 -4.898249558785729e-22
2.030517578125 -2.783390520625492e-22
2.03076171875 7.316268906547307e-23
2.031005859375 2.924020752401699e-23
2.03125 -5.459112483747251e-22
2.031494140625 -1.128528065655063e-21
2.03173828125 -1.235188593592013e-21
2.031982421875 -1.074172053239557e-21
2.0322265625 -1.190865091995186e-21
2.032470703125 -1.685644004448327e-21
2.03271484375 -2.14102555570122e-21
2.032958984375 -2.265894901657194e-21
2.033203125 -2.284417738005301e-21
2.033447265625 -2.547034776217109e-21
2.03369140625 -2.919782066351628e-21
2.033935546875 -2.833881076247024e-21
2.0341796875 -2.057607063632651e-21
2.034423828125 -1.193213293541901e-21
2.03466796875 -1.063079184978449e-21
2.034912109375 -1.670279114308372e-21
2.03515625 -2.224897932172496e-21
2.035400390625 -2.269691446818347e-21
2.03564453125 -2.206730401811917e-21
2.035888671875 -2.433382246925641e-21
2.0361328125 -2.589510495782572e-21
2.036376953125 -2.232254997578121e-21
2.03662109375 -1.753047578317066e-21
2.036865234375 -1.84765066422038e-21
2.037109375 -2.349350362366033e-21
2.037353515625 -2.410881236715731e-21
2.03759765625 -1.753159592841648e-21
2.037841796875 -9.352900915048227e-22
2.0380859375 -3.782864136693591e-22
2.038330078125 5.791007524811156e-23
2.03857421875 3.879622314506125e-22
2.038818359375 2.272120097401307e-22
2.0390625 -4.584044073831262e-22
2.039306640625 -1.033072212898073e-21
2.03955078125 -1.052405977820832e-21
2.039794921875 -8.762461948325181e-22
2.0400390625 -9.855505535625107e-22
2.040283203125 -1.202418555708654e-21
2.04052734375 -1.077007523346793e-21
2.040771484375 -6.154087808443322e-22
2.041015625 -1.011550897476508e-22
2.041259765625 4.570176014780599e-22
2.04150390625 1.159621020282972e-21
2.041748046875 1.760022168457302e-21
2.0419921875 1.906378879505276e-21
2.042236328125 1.677009586763109e-21
2.04248046875 1.419237628830988e-21
2.042724609375 1.224170628029458e-21
2.04296875 1.012174542190726e-21
2.043212890625 9.590598082790321e-22
2.04345703125 1.319175171929265e-21
2.043701171875 1.922893759167234e-21
2.0439453125 2.355031568625305e-21
2.044189453125 2.567072755003707e-21
2.04443359375 2.803568535090508e-21
2.044677734375 2.991633986073735e-21
2.044921875 2.82086084081844e-21
2.045166015625 2.474422847578115e-21
2.04541015625 2.591662299489087e-21
2.045654296875 3.254126413456384e-21
2.0458984375 3.646829607508498e-21
2.046142578125 3.157675721539824e-21
2.04638671875 2.303780250764968e-21
2.046630859375 2.009374747767413e-21
2.046875 2.303342856586505e-21
2.047119140625 2.359304642503273e-21
2.04736328125 1.700453581189668e-21
2.047607421875 7.788522810505867e-22
2.0478515625 3.144298062663834e-22
2.048095703125 5.179560128313653e-22
2.04833984375 1.074232667041477e-21
2.048583984375 1.537802233490032e-21
2.048828125 1.622328371393731e-21
2.049072265625 1.363991781123903e-21
2.04931640625 1.090821205023221e-21
2.049560546875 1.038566533092026e-21
2.0498046875 1.022845706676306e-21
2.050048828125 7.405471966044177e-22
2.05029296875 2.851240096925508e-22
2.050537109375 -5.373419581947813e-23
2.05078125 -4.354584479216788e-22
2.051025390625 -1.318132840267225e-21
2.05126953125 -2.535057802193918e-21
2.051513671875 -3.175474716588439e-21
2.0517578125 -2.758109957463176e-21
2.052001953125 -1.963120927830152e-21
2.05224609375 -1.680913260775727e-21
2.052490234375 -1.806283518482647e-21
2.052734375 -1.641913743605557e-21
2.052978515625 -1.164555411031369e-21
2.05322265625 -1.077331660384002e-21
2.053466796875 -1.664665003526037e-21
2.0537109375 -2.372604826202851e-21
2.053955078125 -2.681685584476968e-21
2.05419921875 -2.747964891955598e-21
2.054443359375 -2.906148647913742e-21
2.0546875 -3.055964767355333e-21
2.054931640625 -2.899852195204349e-21
2.05517578125 -2.458567244563023e-21
2.055419921875 -2.025288418946935e-21
2.0556640625 -1.786206049664164e-21
2.055908203125 -1.679734214787994e-21
2.05615234375 -1.490850670092276e-21
2.056396484375 -1.025826240080708e-21
2.056640625 -3.921019432285958e-22
2.056884765625 -7.727695601595254e-23
2.05712890625 -4.242333635001919e-22
2.057373046875 -1.035599395391137e-21
2.0576171875 -1.12297301763351e-21
2.057861328125 -5.12149135198645e-22
2.05810546875 1.687685243112031e-22
2.058349609375 4.298677174689792e-22
2.05859375 5.171789423127646e-22
2.058837890625 8.167029295107017e-22
2.05908203125 1.190914688783117e-21
2.059326171875 1.325635027825701e-21
2.0595703125 1.330192659263317e-21
2.059814453125 1.504194861802807e-21
2.06005859375 1.763965016667174e-21
2.060302734375 1.762685777406631e-21
2.060546875 1.435403588789732e-21
2.060791015625 1.056593747568454e-21
2.06103515625 8.844961074768403e-22
2.061279296875 1.040685643345883e-21
2.0615234375 1.559455490923853e-21
2.061767578125 2.247070634964895e-21
2.06201171875 2.681770503808811e-21
2.062255859375 2.681910234121654e-21
2.0625 2.601145542555272e-21
2.062744140625 2.840522985969837e-21
2.06298828125 3.261229147408799e-21
2.063232421875 3.433209736469212e-21
2.0634765625 3.2791684867273e-21
2.063720703125 3.078849622778331e-21
2.06396484375 2.982727303194396e-21
2.064208984375 2.929507371665598e-21
2.064453125 2.933558081818257e-21
2.064697265625 3.038152214929566e-21
2.06494140625 3.056938219984528e-21
2.065185546875 2.769184831264817e-21
2.0654296875 2.318613242292595e-21
2.065673828125 2.009416234328422e-21
2.06591796875 1.748636132758826e-21
2.066162109375 1.147347036135645e-21
2.06640625 2.201667651575971e-22
2.066650390625 -4.628015542248534e-22
2.06689453125 -4.736875101698501e-22
2.067138671875 -3.736404360129721e-23
2.0673828125 3.190132965392904e-22
2.067626953125 3.691875623912725e-22
2.06787109375 2.908377633718492e-22
2.068115234375 3.544871553622647e-22
2.068359375 6.303612294171088e-22
2.068603515625 9.03116020711345e-22
2.06884765625 8.753997879748651e-22
2.069091796875 5.732157436138985e-22
2.0693359375 4.461849310598985e-22
2.069580078125 8.422248358121696e-22
2.06982421875 1.495765258886429e-21
2.070068359375 1.858487697461379e-21
2.0703125 1.86641896038848e-21
2.070556640625 1.965065192563932e-21
2.07080078125 2.326349574384705e-21
2.071044921875 2.481324040689305e-21
2.0712890625 1.951681265892396e-21
2.071533203125 9.382785941530414e-22
2.07177734375 1.155880326890329e-22
2.072021484375 -8.530818044173463e-23
2.072265625 2.204148817826997e-22
2.072509765625 6.354320779080024e-22
2.07275390625 8.207405510278883e-22
2.072998046875 6.407188162675927e-22
2.0732421875 1.810515463516687e-22
2.073486328125 -3.305830437683487e-22
2.07373046875 -7.130250247817868e-22
2.073974609375 -9.859349089621542e-22
2.07421875 -1.305362584555873e-21
2.074462890625 -1.708327493515533e-21
2.07470703125 -1.939850050550563e-21
2.074951171875 -1.653161862899829e-21
2.0751953125 -9.009544720345333e-22
2.075439453125 -3.234076055170964e-22
2.07568359375 -5.802654846710093e-22
2.075927734375 -1.573270699966267e-21
2.076171875 -2.534221389004232e-21
2.076416015625 -2.984042913081135e-21
2.07666015625 -3.245924673596652e-21
2.076904296875 -3.784560342404315e-21
2.0771484375 -4.42058127041209e-21
2.077392578125 -4.611338466550203e-21
2.07763671875 -4.248921402478444e-21
2.077880859375 -3.693549721978525e-21
2.078125 -3.156929430524351e-21
2.078369140625 -2.556272328872839e-21
2.07861328125 -1.937424781588553e-21
2.078857421875 -1.550005729306501e-21
2.0791015625 -1.463066356077693e-21
2.079345703125 -1.547395479540542e-21
2.07958984375 -1.871244134306619e-21
2.079833984375 -2.613449422494944e-21
2.080078125 -3.467549885664136e-21
2.080322265625 -3.681526340513762e-21
2.08056640625 -3.00344565043409e-21
2.080810546875 -2.168293499674511e-21
2.0810546875 -2.046543990075406e-21
2.081298828125 -2.580196085950109e-21
2.08154296875 -2.967690696103251e-21
2.081787109375 -2.735263044501871e-21
2.08203125 -2.197880358779785e-21
2.082275390625 -1.87432247698561e-21
2.08251953125 -1.831720088793114e-21
2.082763671875 -1.767317824191756e-21
2.0830078125 -1.519660951083446e-21
2.083251953125 -1.274776102669634e-21
2.08349609375 -1.291895678841867e-21
2.083740234375 -1.594538919572174e-21
2.083984375 -2.024763763390817e-21
2.084228515625 -2.503096936823436e-21
2.08447265625 -3.05150978034506e-21
2.084716796875 -3.561677140245016e-21
2.0849609375 -3.780151241275305e-21
2.085205078125 -3.649501211974835e-21
2.08544921875 -3.45047378809253e-21
2.085693359375 -3.406381172550745e-21
2.0859375 -3.335426053170373e-21
2.086181640625 -2.955062672706861e-21
2.08642578125 -2.365786285766932e-21
2.086669921875 -1.899579433647478e-21
2.0869140625 -1.590316781132034e-21
2.087158203125 -1.17344070191774e-21
2.08740234375 -5.936346887855799e-22
2.087646484375 -1.324492447866721e-22
2.087890625 2.709028746856904e-23
2.088134765625 2.416529550971015e-23
2.08837890625 2.978716678201814e-23
2.088623046875 5.969801122456579e-23
2.0888671875 1.873413077020327e-22
2.089111328125 6.242541350965132e-22
2.08935546875 1.410119615753004e-21
2.089599609375 2.251473095946566e-21
2.08984375 2.81893989970225e-21
2.090087890625 3.024304446382196e-21
2.09033203125 2.924942287813475e-21
2.090576171875 2.585895451485423e-21
2.0908203125 2.139786075396161e-21
2.091064453125 1.767262401676825e-21
2.09130859375 1.528844807716122e-21
2.091552734375 1.411476200004878e-21
2.091796875 1.533720508535657e-21
2.092041015625 1.975703795483178e-21
2.09228515625 2.377747516388221e-21
2.092529296875 2.16824472930305e-21
2.0927734375 1.383434316129324e-21
2.093017578125 8.092368026797047e-22
2.09326171875 9.903605562536864e-22
2.093505859375 1.502081674007653e-21
2.09375 1.619533659124515e-21
2.093994140625 1.348416063932316e-21
2.09423828125 1.237483238051088e-21
2.094482421875 1.399446322270348e-21
2.0947265625 1.383884912937957e-21
2.094970703125 1.018700806702422e-21
2.09521484375 7.326847908325712e-22
2.095458984375 8.421955824460399e-22
2.095703125 1.053354014358589e-21
2.095947265625 1.00016652524095e-21
2.09619140625 8.487458519744091e-22
2.096435546875 9.197166352993965e-22
2.0966796875 1.001048447148098e-21
2.096923828125 6.087535297332624e-22
2.09716796875 -1.18348236251683e-22
2.097412109375 -3.724154922081274e-22
2.09765625 2.542402572266143e-22
2.097900390625 1.107776878419898e-21
2.09814453125 1.279118165334185e-21
2.098388671875 7.965572202184809e-22
2.0986328125 5.14245546700495e-22
2.098876953125 9.023432600253217e-22
2.09912109375 1.514685059279246e-21
2.099365234375 1.795226293321982e-21
2.099609375 1.853250964737457e-21
2.099853515625 2.042040511322321e-21
2.10009765625 2.185571987390852e-21
2.100341796875 1.825759955717876e-21
2.1005859375 1.101665474714583e-21
2.100830078125 7.657873704473561e-22
2.10107421875 1.205938903573094e-21
2.101318359375 1.925887267055446e-21
2.1015625 2.222286252029448e-21
2.101806640625 2.028164687757376e-21
2.10205078125 1.813475643626375e-21
2.102294921875 1.886394695826828e-21
2.1025390625 2.090213650392946e-21
2.102783203125 2.109746721189586e-21
2.10302734375 1.8751277503068e-21
2.103271484375 1.671740443283072e-21
2.103515625 1.899909472088899e-21
2.103759765625 2.633913633985664e-21
2.10400390625 3.410427002259798e-21
2.104248046875 3.638607637560834e-21
2.1044921875 3.271412192924571e-21
2.104736328125 2.853690196831686e-21
2.10498046875 2.821523949682396e-21
2.105224609375 3.017523821155092e-21
2.10546875 3.070551123720704e-21
2.105712890625 2.989162987734115e-21
2.10595703125 3.07264533347842e-21
2.106201171875 3.366456709447307e-21
2.1064453125 3.540726581781695e-21
2.106689453125 3.339362980591378e-21
2.10693359375 2.918955504708409e-21
2.107177734375 2.644310509081192e-21
2.107421875 2.649243566406984e-21
2.107666015625 2.683797159758153e-21
2.10791015625 2.405410231148975e-21
2.108154296875 1.811281739055139e-21
2.1083984375 1.303589155929199e-21
2.108642578125 1.212047929677115e-21
2.10888671875 1.313518393436103e-21
2.109130859375 1.048203930916676e-21
2.109375 2.431586862859636e-22
2.109619140625 -6.322652349288406e-22
2.10986328125 -1.048889172061471e-21
2.110107421875 -1.021474354228579e-21
2.1103515625 -9.611826640043005e-22
2.110595703125 -1.13601575377195e-21
2.11083984375 -1.495664787984745e-21
2.111083984375 -1.860458425563799e-21
2.111328125 -2.031018045006439e-21
2.111572265625 -1.832718572520586e-21
2.11181640625 -1.320802974610335e-21
2.112060546875 -8.737831459123976e-22
2.1123046875 -8.250915720900369e-22
2.112548828125 -1.036955225481304e-21
2.11279296875 -1.089595887201592e-21
2.113037109375 -8.795727920151498e-22
2.11328125 -7.60518107580846e-22
2.113525390625 -1.031967102575754e-21
2.11376953125 -1.532134277010989e-21
2.114013671875 -1.875246461888101e-21
2.1142578125 -1.940866802808503e-21
2.114501953125 -1.965141246700925e-21
2.11474609375 -2.184446122385577e-21
2.114990234375 -2.509427532402718e-21
2.115234375 -2.616583510847271e-21
2.115478515625 -2.360295983456765e-21
2.11572265625 -2.008099003657077e-21
2.115966796875 -1.939754742472376e-21
2.1162109375 -2.135536508553702e-21
2.116455078125 -2.169066537537401e-21
2.11669921875 -1.78227065525092e-21
2.116943359375 -1.244194969121421e-21
2.1171875 -9.829403438632198e-22
2.117431640625 -1.074943609915538e-21
2.11767578125 -1.31542491448822e-21
2.117919921875 -1.577368188835955e-21
2.1181640625 -1.784587517280275e-21
2.118408203125 -1.695686158628165e-21
2.11865234375 -1.125790689570642e-21
2.118896484375 -3.513460368153895e-22
2.119140625 8.146623582835322e-23
2.119384765625 -3.847862336264406e-23
2.11962890625 -5.191172229041965e-22
2.119873046875 -1.257329192858131e-21
2.1201171875 -2.309420370877714e-21
2.120361328125 -3.388228755127085e-21
2.12060546875 -3.856452395929903e-21
2.120849609375 -3.528043288618972e-21
2.12109375 -3.016487342373992e-21
2.121337890625 -2.888884272346168e-21
2.12158203125 -2.876673456058871e-21
2.121826171875 -2.44276246927689e-21
2.1220703125 -1.811393767852622e-21
2.122314453125 -1.738169808581173e-21
2.12255859375 -2.31565169039938e-21
2.122802734375 -2.718446179780746e-21
2.123046875 -2.351044363871436e-21
2.123291015625 -1.679203013652218e-21
2.12353515625 -1.529571539908547e-21
2.123779296875 -1.93825860284646e-21
2.1240234375 -2.183899128560244e-21
2.124267578125 -1.830092155314564e-21
2.12451171875 -1.259241165450148e-21
2.124755859375 -1.069037524375981e-21
2.125 -1.285461733958892e-21
2.125244140625 -1.449067100719353e-21
2.12548828125 -1.348189935865659e-21
2.125732421875 -1.318190430554883e-21
2.1259765625 -1.681105653330473e-21
2.126220703125 -2.159197960910592e-21
2.12646484375 -2.192811699843006e-21
2.126708984375 -1.750484623243933e-21
2.126953125 -1.352634351854251e-21
2.127197265625 -1.165754657383412e-21
2.12744140625 -6.209197658954546e-22
2.127685546875 6.205849447044542e-22
2.1279296875 1.756417216184973e-21
2.128173828125 1.633397308094951e-21
2.12841796875 3.460484261916803e-22
2.128662109375 -7.144542027249779e-22
2.12890625 -5.542672896452126e-22
2.129150390625 3.728887225608489e-22
2.12939453125 1.090837497669189e-21
2.129638671875 1.37428444592699e-21
2.1298828125 1.561649782222716e-21
2.130126953125 1.652166290947672e-21
2.13037109375 1.340650400311781e-21
2.130615234375 7.112820702106983e-22
2.130859375 1.821065971475532e-22
2.131103515625 -1.889071490277966e-22
2.13134765625 -7.117877428961088e-22
2.131591796875 -1.343767755937683e-21
2.1318359375 -1.560339960113786e-21
2.132080078125 -1.109810462141443e-21
2.13232421875 -4.012614077990691e-22
2.132568359375 7.347780563346084e-23
2.1328125 2.90827706697218e-22
2.133056640625 4.438855052921026e-22
2.13330078125 5.315579940105821e-22
2.133544921875 5.005885510839024e-22
2.1337890625 4.999247728658005e-22
2.134033203125 6.59271494474012e-22
2.13427734375 7.957249125996617e-22
2.134521484375 6.344499392686587e-22
2.134765625 2.043101009430428e-22
2.135009765625 -2.231808343088375e-22
2.13525390625 -4.82183244779218e-22
2.135498046875 -5.873205940107058e-22
2.1357421875 -5.725506461537747e-22
2.135986328125 -4.898600475041789e-22
2.13623046875 -4.99070927134099e-22
2.136474609375 -7.217069629186113e-22
2.13671875 -1.012850771798624e-21
2.136962890625 -1.077918358069917e-21
2.13720703125 -8.480729187184608e-22
2.137451171875 -5.892002643769328e-22
2.1376953125 -5.881465929633626e-22
2.137939453125 -8.324408829616161e-22
2.13818359375 -1.052323903532204e-21
2.138427734375 -1.014889309328213e-21
2.138671875 -7.183139220678507e-22
2.138916015625 -3.134386637302245e-22
2.13916015625 1.044303676665859e-22
2.139404296875 5.662306214331983e-22
2.1396484375 1.101640921907813e-21
2.139892578125 1.644077841101385e-21
2.14013671875 2.127494644186373e-21
2.140380859375 2.576078801848451e-21
2.140625 2.979106914142635e-21
2.140869140625 3.169634628342526e-21
2.14111328125 3.002516563714891e-21
2.141357421875 2.60110713524228e-21
2.1416015625 2.239633408761622e-21
2.141845703125 2.024191372037935e-21
2.14208984375 1.905266556717646e-21
2.142333984375 1.952689379525022e-21
2.142578125 2.300308490588713e-21
2.142822265625 2.767980487915208e-21
2.14306640625 2.885340675711705e-21
2.143310546875 2.478225682647026e-21
2.1435546875 1.968169009171729e-21
2.143798828125 1.859390261948084e-21
2.14404296875 2.131998119872131e-21
2.144287109375 2.401679648742922e-21
2.14453125 2.519761533089156e-21
2.144775390625 2.690903753858345e-21
2.14501953125 3.032760795979808e-21
2.145263671875 3.336708026701303e-21
2.1455078125 3.372538184549839e-21
2.145751953125 3.223971985224343e-21
2.14599609375 3.15399107073349e-21
2.146240234375 3.21996710757205e-21
2.146484375 3.186196092881144e-21
2.146728515625 2.828200745135636e-21
2.14697265625 2.180149274330044e-21
2.147216796875 1.400771804411586e-21
2.1474609375 5.444467368783469e-22
2.147705078125 -3.244567593477281e-22
2.14794921875 -8.829710061208243e-22
2.148193359375 -7.762766605671299e-22
2.1484375 -1.870405583836386e-22
2.148681640625 1.923394408490186e-22
2.14892578125 -8.076896739369713e-24
2.149169921875 -3.708123737186371e-22
2.1494140625 -3.772515144136273e-22
2.149658203125 -1.887492963680559e-22
2.14990234375 -2.418025633641989e-22
2.150146484375 -3.698124148569398e-22
2.150390625 -1.997656444830827e-23
2.150634765625 7.693739804139345e-22
2.15087890625 1.363173652472855e-21
2.151123046875 1.551653641372272e-21
2.1513671875 1.801160437773252e-21
2.151611328125 2.275846652548887e-21
2.15185546875 2.391289149041321e-21
2.152099609375 1.749351879941242e-21
2.15234375 8.366164265532756e-22
2.152587890625 2.733720944875686e-22
2.15283203125 -5.107050102828293e-23
2.153076171875 -5.077060278218908e-22
2.1533203125 -9.12169258632045e-22
2.153564453125 -8.714878786472526e-22
2.15380859375 -5.602341799175538e-22
2.154052734375 -4.160777953902993e-22
2.154296875 -3.257122516381122e-22
2.154541015625 1.303237928270884e-22
2.15478515625 7.736467515639936e-22
2.155029296875 9.47250675524295e-22
2.1552734375 5.444719130328541e-22
2.155517578125 2.036106224518298e-22
2.15576171875 3.574323666658056e-22
2.156005859375 7.165852321894004e-22
2.15625 8.847192371697186e-22
2.156494140625 9.292729942520441e-22
2.15673828125 1.065374593494592e-21
2.156982421875 1.186971480109008e-21
2.1572265625 1.004996195005529e-21
2.157470703125 4.162834835186944e-22
2.15771484375 -4.276058103800467e-22
2.157958984375 -1.232299276026915e-21
2.158203125 -1.703959644678119e-21
2.158447265625 -1.797531307055444e-21
2.15869140625 -1.783894779369524e-21
2.158935546875 -1.829261985748679e-21
2.1591796875 -1.672410903449607e-21
2.159423828125 -1.110473940644747e-21
2.15966796875 -5.96533025982246e-22
2.159912109375 -7.345605139270719e-22
2.16015625 -1.254011355187991e-21
2.160400390625 -1.239690787380532e-21
2.16064453125 -5.014906052957544e-22
2.160888671875 8.149087991480575e-23
2.1611328125 -1.009089494437284e-22
2.161376953125 -5.027871976816013e-22
2.16162109375 -4.246308664816893e-22
2.161865234375 -2.096102714420242e-22
2.162109375 -6.440518470539454e-22
2.162353515625 -1.596266918593346e-21
2.16259765625 -2.151365982927682e-21
2.162841796875 -1.981265901973078e-21
2.1630859375 -1.751734952331893e-21
2.163330078125 -2.057385803511523e-21
2.16357421875 -2.630533307113982e-21
2.163818359375 -2.85448277611338e-21
2.1640625 -2.574282974392751e-21
2.164306640625 -2.13842953738212e-21
2.16455078125 -1.984481335265759e-21
2.164794921875 -2.374311025405975e-21
2.1650390625 -3.20502480459599e-21
2.165283203125 -3.897750577793687e-21
2.16552734375 -3.819501275158308e-21
2.165771484375 -3.04714684372727e-21
2.166015625 -2.388560514481332e-21
2.166259765625 -2.382000704404628e-21
2.16650390625 -2.62116962648677e-21
2.166748046875 -2.446485561694346e-21
2.1669921875 -1.968688252350677e-21
2.167236328125 -1.826208455334247e-21
2.16748046875 -2.083009343473878e-21
2.167724609375 -2.086872938529713e-21
2.16796875 -1.572881451184141e-21
2.168212890625 -1.224136201008103e-21
2.16845703125 -1.686755978159279e-21
2.168701171875 -2.513359062057013e-21
2.1689453125 -2.715110123613661e-21
2.169189453125 -2.135318575935704e-21
2.16943359375 -1.583588038002986e-21
2.169677734375 -1.583883790257207e-21
2.169921875 -1.674841615592452e-21
2.170166015625 -1.254612883419466e-21
2.17041015625 -5.800871342460863e-22
2.170654296875 -4.007614339450033e-22
2.1708984375 -8.423805309673871e-22
2.171142578125 -1.189104014370149e-21
2.17138671875 -7.818141687782497e-22
2.171630859375 2.681112989256286e-22
2.171875 1.359878247863345e-21
2.172119140625 2.084152276690347e-21
2.17236328125 2.439664522065923e-21
2.172607421875 2.575846951488199e-21
2.1728515625 2.590510821747055e-21
2.173095703125 2.593502394201524e-21
2.17333984375 2.773997932956064e-21
2.173583984375 3.231681164244539e-21
2.173828125 3.745918842919802e-21
2.174072265625 3.88374023382627e-21
2.17431640625 3.471715787570084e-21
2.174560546875 2.856506840036489e-21
2.1748046875 2.496111959704689e-21
2.175048828125 2.35133795337804e-21
2.17529296875 1.965230906356331e-21
2.175537109375 1.180996074539723e-21
2.17578125 4.497489895374339e-22
2.176025390625 2.502339205816893e-22
2.17626953125 4.824392322257757e-22
2.176513671875 6.893391217861301e-22
2.1767578125 6.630220276800839e-22
2.177001953125 5.369220545478446e-22
2.17724609375 4.418203602209653e-22
2.177490234375 4.031878788256576e-22
2.177734375 4.865661483241761e-22
2.177978515625 7.078072545539154e-22
2.17822265625 8.343153594332969e-22
2.178466796875 5.992941284165514e-22
2.1787109375 1.109045879541493e-22
2.178955078125 -2.719546734836268e-22
2.17919921875 -4.842498240277172e-22
2.179443359375 -8.123207736330499e-22
2.1796875 -1.326184952290414e-21
2.179931640625 -1.65781326939024e-21
2.18017578125 -1.575679896728364e-21
2.180419921875 -1.433762500925357e-21
2.1806640625 -1.679042588173519e-21
2.180908203125 -2.114709907605721e-21
2.18115234375 -2.095218525111943e-21
2.181396484375 -1.441573656662816e-21
2.181640625 -7.459845539325676e-22
2.181884765625 -6.097091545988009e-22
2.18212890625 -8.966284855695308e-22
2.182373046875 -1.008718237838803e-21
2.1826171875 -6.933317624417097e-22
2.182861328125 -2.287042575617444e-22
2.18310546875 1.141454158170627e-22
2.183349609375 3.849318292303512e-22
2.18359375 6.311454376398307e-22
2.183837890625 6.503322146142765e-22
2.18408203125 3.371472349016117e-22
2.184326171875 2.546814080014987e-24
2.1845703125 -1.701388515497996e-24
2.184814453125 2.050805847102423e-22
2.18505859375 2.77798949179674e-22
2.185302734375 2.593139054574897e-22
2.185546875 4.778673916412196e-22
2.185791015625 8.787283910953039e-22
2.18603515625 9.975129473255196e-22
2.186279296875 6.904671572954738e-22
2.1865234375 3.50820724900421e-22
2.186767578125 2.093256120845644e-22
2.18701171875 -2.219761595437037e-23
2.187255859375 -5.009844287598918e-22
2.1875 -8.159454262630706e-22
2.187744140625 -6.771734970371187e-22
2.18798828125 -5.376129571736311e-22
2.188232421875 -8.910008918299014e-22
2.1884765625 -1.341047431721063e-21
2.188720703125 -1.153971020552305e-21
2.18896484375 -5.313762748841372e-22
2.189208984375 -4.506851723724236e-22
2.189453125 -1.191577571277743e-21
2.189697265625 -1.885044649747527e-21
2.18994140625 -1.809129052475727e-21
2.190185546875 -1.362999852421551e-21
2.1904296875 -1.269698364491718e-21
2.190673828125 -1.429021409298262e-21
2.19091796875 -1.22723024222039e-21
2.191162109375 -6.267081898309506e-22
2.19140625 -2.218800846952902e-22
2.191650390625 -2.829682611344999e-22
2.19189453125 -3.854046639221293e-22
2.192138671875 -1.383336056119626e-22
2.1923828125 1.981340030903739e-22
2.192626953125 1.082567276841315e-22
2.19287109375 -4.333547763320464e-22
2.193115234375 -9.130735594156156e-22
2.193359375 -8.931503797142911e-22
2.193603515625 -4.428954878919612e-22
2.19384765625 5.963490876556291e-23
2.194091796875 3.838574133794972e-22
2.1943359375 6.035575919097666e-22
2.194580078125 8.759155806777294e-22
2.19482421875 1.208608078115209e-21
2.195068359375 1.50028997208463e-21
2.1953125 1.73182855328396e-21
2.195556640625 2.007692309922796e-21
2.19580078125 2.396119444629716e-21
2.196044921875 2.807158518392467e-21
2.1962890625 3.081372701686218e-21
2.196533203125 3.165614015954037e-21
2.19677734375 3.141824991737796e-21
2.197021484375 3.081727861134872e-21
2.197265625 2.941790005438095e-21
2.197509765625 2.660018100516534e-21
2.19775390625 2.310651701317248e-21
2.197998046875 2.047497092749257e-21
2.1982421875 1.882106274465536e-21
2.198486328125 1.664016122940323e-21
2.19873046875 1.361006955238973e-21
2.198974609375 1.203203589750125e-21
2.19921875 1.39143422370797e-21
2.199462890625 1.794372501252042e-21
2.19970703125 2.147419938859798e-21
2.199951171875 2.437952559637441e-21
2.2001953125 2.812382549692982e-21
2.200439453125 3.180177461697188e-21
2.20068359375 3.279568975450228e-21
2.200927734375 3.158508985391169e-21
2.201171875 3.186598919198341e-21
2.201416015625 3.452886993504051e-21
2.20166015625 3.539691765137765e-21
2.201904296875 3.134134539123019e-21
2.2021484375 2.533648554104943e-21
2.202392578125 2.229917863861499e-21
2.20263671875 2.237063842365477e-21
2.202880859375 2.183155071411385e-21
2.203125 1.915975230222213e-21
2.203369140625 1.665421348837493e-21
2.20361328125 1.646116062862892e-21
2.203857421875 1.774242145187876e-21
2.2041015625 1.79297051350318e-21
2.204345703125 1.520797355433885e-21
2.20458984375 1.000689088361357e-21
2.204833984375 4.924243201151277e-22
2.205078125 2.231041703909127e-22
2.205322265625 8.543514547760115e-23
2.20556640625 -2.395179217023922e-22
2.205810546875 -7.924491722470014e-22
2.2060546875 -1.237568125690452e-21
2.206298828125 -1.385021255656567e-21
2.20654296875 -1.482579520451684e-21
2.206787109375 -1.755939806825394e-21
2.20703125 -1.999040259352037e-21
2.207275390625 -1.957026810618496e-21
2.20751953125 -1.808713150988905e-21
2.207763671875 -1.842592479935758e-21
2.2080078125 -1.898694605418409e-21
2.208251953125 -1.638596979277127e-21
2.20849609375 -1.234311414200407e-21
2.208740234375 -1.244948465259014e-21
2.208984375 -1.795538456586283e-21
2.209228515625 -2.364458191459061e-21
2.20947265625 -2.501489575908511e-21
2.209716796875 -2.368243878776183e-21
2.2099609375 -2.399855513964053e-21
2.210205078125 -2.711954985379831e-21
2.21044921875 -3.030981932477415e-21
2.210693359375 -3.073840549695906e-21
2.2109375 -2.869648814361319e-21
2.211181640625 -2.719041705439469e-21
2.21142578125 -2.814171594042902e-21
2.211669921875 -2.927498611381949e-21
2.2119140625 -2.681892234575611e-21
2.212158203125 -2.169650273785686e-21
2.21240234375 -1.949895662167557e-21
2.212646484375 -2.233621683254749e-21
2.212890625 -2.480866503598031e-21
2.213134765625 -2.184124995177749e-21
2.21337890625 -1.678483790414031e-21
2.213623046875 -1.647300614293223e-21
2.2138671875 -2.094091572059857e-21
2.214111328125 -2.417027478512361e-21
2.21435546875 -2.350695774487844e-21
2.214599609375 -2.185145415178329e-21
2.21484375 -2.089484160546925e-21
2.215087890625 -1.871875725950706e-21
2.21533203125 -1.49198160952279e-21
2.215576171875 -1.214882350693471e-21
2.2158203125 -1.106780689448056e-21
2.216064453125 -9.026314096595282e-22
2.21630859375 -5.309956298355544e-22
2.216552734375 -2.674091326666024e-22
2.216796875 -1.923000434221264e-22
2.217041015625 -1.524134480540569e-25
2.21728515625 4.178569210514052e-22
2.217529296875 6.60861000210635e-22
2.2177734375 3.691580673945262e-22
2.218017578125 -2.790101008297707e-22
2.21826171875 -8.68409328054477e-22
2.218505859375 -1.218453481450279e-21
2.21875 -1.361513911147995e-21
2.218994140625 -1.39614848055713e-21
2.21923828125 -1.533837032244003e-21
2.219482421875 -1.904905557847021e-21
2.2197265625 -2.138618173449298e-21
2.219970703125 -1.595102451178489e-21
2.22021484375 -2.882894992561141e-22
2.220458984375 8.823505690669845e-22
2.220703125 1.188469212100053e-21
2.220947265625 9.464124076197578e-22
2.22119140625 9.058936417925261e-22
2.221435546875 1.160538247702504e-21
2.2216796875 1.239618165636578e-21
2.221923828125 1.036113452301248e-21
2.22216796875 9.786130182434678e-22
2.222412109375 1.268755907951826e-21
2.22265625 1.513029935836205e-21
2.222900390625 1.303935768536076e-21
2.22314453125 7.995784121068464e-22
2.223388671875 4.940841189475501e-22
2.2236328125 6.037780176325361e-22
2.223876953125 8.657889829964988e-22
2.22412109375 8.658186968439387e-22
2.224365234375 4.572094533024984e-22
2.224609375 -1.120745217548337e-22
2.224853515625 -4.324388405630973e-22
2.22509765625 -2.952476786302745e-22
2.225341796875 1.557666941967166e-22
2.2255859375 5.980814077495791e-22
2.225830078125 8.170896754495858e-22
2.22607421875 8.600103325933771e-22
2.226318359375 9.754738772379575e-22
2.2265625 1.353967464903511e-21
2.226806640625 1.843258696044179e-21
2.22705078125 2.014714096674541e-21
2.227294921875 1.663259480818298e-21
2.2275390625 1.128202658640548e-21
2.227783203125 8.800367086475119e-22
2.22802734375 8.935047337896308e-22
2.228271484375 7.787951840074833e-22
2.228515625 4.991459651728478e-22
2.228759765625 5.007500580149877e-22
2.22900390625 9.900175181864828e-22
2.229248046875 1.520446461764093e-21
2.2294921875 1.593093055140359e-21
2.229736328125 1.343745281415882e-21
2.22998046875 1.276967554243617e-21
2.230224609375 1.533011438430646e-21
2.23046875 1.798052748867193e-21
2.230712890625 1.83607952039387e-21
2.23095703125 1.744948078950665e-21
2.231201171875 1.681152330967747e-21
2.2314453125 1.622448384661637e-21
2.231689453125 1.467885507516933e-21
2.23193359375 1.1771338146474e-21
2.232177734375 7.516709241537054e-22
2.232421875 2.13913144281742e-22
2.232666015625 -3.621967394959118e-22
2.23291015625 -9.106082953427917e-22
2.233154296875 -1.469048279821553e-21
2.2333984375 -2.093040434804458e-21
2.233642578125 -2.660646760997453e-21
2.23388671875 -2.908178244364594e-21
2.234130859375 -2.746154637046604e-21
2.234375 -2.453260483311073e-21
2.234619140625 -2.440888835491575e-21
2.23486328125 -2.827868411334345e-21
2.235107421875 -3.3241963807806e-21
2.2353515625 -3.551103753817152e-21
2.235595703125 -3.408960340398563e-21
2.23583984375 -3.102895385923902e-21
2.236083984375 -2.902016265375336e-21
2.236328125 -2.960185212852126e-21
2.236572265625 -3.273686362150161e-21
2.23681640625 -3.642717794678732e-21
2.237060546875 -3.722751947115961e-21
2.2373046875 -3.341299788279646e-21
2.237548828125 -2.791640921467346e-21
2.23779296875 -2.583420695394372e-21
2.238037109375 -2.832788234778092e-21
2.23828125 -3.127220994227912e-21
2.238525390625 -3.069239596227595e-21
2.23876953125 -2.672517026524768e-21
2.239013671875 -2.094169872058344e-21
2.2392578125 -1.324578196676455e-21
2.239501953125 -4.142997858652616e-22
2.23974609375 2.873909621255462e-22
2.239990234375 4.876062612143392e-22
2.240234375 3.695305603942696e-22
2.240478515625 3.32915882633752e-22
2.24072265625 4.846943336964213e-22
2.240966796875 7.201357660952191e-22
2.2412109375 1.122869224290874e-21
2.241455078125 1.857974633235496e-21
2.24169921875 2.749112801473241e-21
2.241943359375 3.37078772859724e-21
2.2421875 3.554243901979114e-21
2.242431640625 3.479268613071947e-21
2.24267578125 3.313847241260795e-21
2.242919921875 3.093000358707214e-21
2.2431640625 2.895049513048555e-21
2.243408203125 2.787103225865944e-21
2.24365234375 2.634037528028815e-21
2.243896484375 2.294308638781357e-21
2.244140625 1.94672411446348e-21
2.244384765625 1.87731439220348e-21
2.24462890625 2.017673421532662e-21
2.244873046875 2.076280135305751e-21
2.2451171875 2.057863876912273e-21
2.245361328125 2.231618811870849e-21
2.24560546875 2.620023404161826e-21
2.245849609375 2.952348319495216e-21
2.24609375 3.121794891852603e-21
2.246337890625 3.266528149325572e-21
2.24658203125 3.395962221444877e-21
2.246826171875 3.361123722294237e-21
2.2470703125 3.201066558993351e-21
2.247314453125 3.095513913079538e-21
2.24755859375 2.98601928685614e-21
2.247802734375 2.694871506291787e-21
2.248046875 2.398494109818705e-21
2.248291015625 2.479097496805199e-21
2.24853515625 2.89580274910757e-21
2.248779296875 3.227579893363261e-21
2.2490234375 3.362890219309068e-21
2.249267578125 3.582990583778302e-21
2.24951171875 3.918056007935973e-21
2.249755859375 4.042769768645917e-21
2.25 3.908063422165149e-21
2.250244140625 3.805815771830227e-21
2.25048828125 3.636741014470913e-21
2.250732421875 2.84305801779938e-21
2.2509765625 1.390605907408338e-21
2.251220703125 1.308770133372783e-22
2.25146484375 -2.652934670740888e-22
2.251708984375 -1.668616330020945e-22
2.251953125 -2.966049728911755e-22
2.252197265625 -6.839354345354256e-22
2.25244140625 -8.406859398472613e-22
2.252685546875 -6.204218833053172e-22
2.2529296875 -3.766789328625613e-22
2.253173828125 -4.666145035738089e-22
2.25341796875 -9.620168408533517e-22
2.253662109375 -1.649869045474124e-21
2.25390625 -2.075270690784256e-21
2.254150390625 -1.879141968151963e-21
2.25439453125 -1.325025738723445e-21
2.254638671875 -1.14352230386214e-21
2.2548828125 -1.628814277180588e-21
2.255126953125 -2.291928070849075e-21
2.25537109375 -2.633162083744974e-21
2.255615234375 -2.751862466252114e-21
2.255859375 -2.869137391354912e-21
2.256103515625 -2.790504192963189e-21
2.25634765625 -2.304715559529383e-21
2.256591796875 -1.66247907656681e-21
2.2568359375 -1.174044683661625e-21
2.257080078125 -7.31271026600239e-22
2.25732421875 -1.970439511866001e-22
2.257568359375 1.521340356531016e-22
2.2578125 9.36200425764689e-23
2.258056640625 -3.121156464743906e-23
2.25830078125 1.566425018920515e-22
2.258544921875 3.900037860080075e-22
2.2587890625 1.933658348128786e-22
2.259033203125 -3.023427847507218e-22
2.25927734375 -5.935509412334796e-22
2.259521484375 -5.904623827578757e-22
2.259765625 -5.607921912368471e-22
2.260009765625 -5.335563186645422e-22
2.26025390625 -3.959670128086256e-22
2.260498046875 -3.70367251638989e-22
2.2607421875 -7.135843470327873e-22
2.260986328125 -1.086885925106529e-21
2.26123046875 -9.273851406465e-22
2.261474609375 -3.873130750142965e-22
2.26171875 -2.152499993211516e-22
2.261962890625 -6.827350207430386e-22
2.26220703125 -1.277088835159712e-21
2.262451171875 -1.534200146277897e-21
2.2626953125 -1.556703315884719e-21
2.262939453125 -1.563423815004921e-21
2.26318359375 -1.498950036592002e-21
2.263427734375 -1.327386766924929e-21
2.263671875 -1.26778577631157e-21
2.263916015625 -1.468823791971378e-21
2.26416015625 -1.720935890706879e-21
2.264404296875 -1.67226436045058e-21
2.2646484375 -1.181242127920477e-21
2.264892578125 -4.531786659932721e-22
2.26513671875 8.519411775359203e-24
2.265380859375 -2.642500111733202e-22
2.265625 -1.132330058220926e-21
2.265869140625 -1.783747303021396e-21
2.26611328125 -1.608411489681076e-21
2.266357421875 -9.741115743182665e-22
2.2666015625 -7.251571704843504e-22
2.266845703125 -1.107278082634917e-21
2.26708984375 -1.690617031166253e-21
2.267333984375 -2.165071314356087e-21
2.267578125 -2.575625877488779e-21
2.267822265625 -2.845910535463221e-21
2.26806640625 -2.750617672769453e-21
2.268310546875 -2.419786566464333e-21
2.2685546875 -2.25477726021282e-21
2.268798828125 -2.265593281716068e-21
2.26904296875 -2.087907849242828e-21
2.269287109375 -1.713524963746581e-21
2.26953125 -1.528864039760929e-21
2.269775390625 -1.511091459821822e-21
2.27001953125 -1.141216931327361e-21
2.270263671875 -3.821515876699368e-22
2.2705078125 7.191671566799301e-24
2.270751953125 -4.456582004761653e-22
2.27099609375 -1.188274823724093e-21
2.271240234375 -1.486453647686152e-21
2.271484375 -1.424313710162584e-21
2.271728515625 -1.491658075282093e-21
2.27197265625 -1.678920400872788e-21
2.272216796875 -1.647480194555387e-21
2.2724609375 -1.441576366881727e-21
2.272705078125 -1.351409140881804e-21
2.27294921875 -1.30139131049334e-21
2.273193359375 -1.024881736649998e-21
2.2734375 -6.890472483417787e-22
2.273681640625 -7.038768707551368e-22
2.27392578125 -9.916095513618952e-22
2.274169921875 -1.080544177227131e-21
2.2744140625 -9.180915463425237e-22
2.274658203125 -9.475720826729412e-22
2.27490234375 -1.270964074959891e-21
2.275146484375 -1.359503433161062e-21
2.275390625 -8.484165915680051e-22
2.275634765625 -9.565195021185715e-23
2.27587890625 3.929864040308474e-22
2.276123046875 6.818099261649151e-22
2.2763671875 1.139175074378793e-21
2.276611328125 1.739967271042162e-21
2.27685546875 2.095788015444301e-21
2.277099609375 2.081315322595415e-21
2.27734375 2.018500313211888e-21
2.277587890625 2.1875656019732e-21
2.27783203125 2.448050967290957e-21
2.278076171875 2.46185828275454e-21
2.2783203125 2.116645221470052e-21
2.278564453125 1.597286063709034e-21
2.27880859375 1.111388306107374e-21
2.279052734375 6.592401311878757e-22
2.279296875 1.060462646775158e-22
2.279541015625 -5.515329359357762e-22
2.27978515625 -1.067285589293461e-21
2.280029296875 -1.167374886583054e-21
2.2802734375 -8.557635510960353e-22
2.280517578125 -3.83227806375991e-22
2.28076171875 7.864501595577403e-23
2.281005859375 5.715255110981265e-22
2.28125 1.126771969517329e-21
2.281494140625 1.611613014195882e-21
2.28173828125 1.904816942218577e-21
2.281982421875 2.024968653233828e-21
2.2822265625 1.940049133986982e-21
2.282470703125 1.495451478334559e-21
2.28271484375 7.838943766361742e-22
2.282958984375 3.406944920139426e-22
2.283203125 5.69781755768585e-22
2.283447265625 1.118325437481824e-21
2.28369140625 1.289307486616195e-21
2.283935546875 1.007681434421807e-21
2.2841796875 8.281318878615306e-22
2.284423828125 9.615963335063886e-22
2.28466796875 9.684254250588217e-22
2.284912109375 6.526771527542141e-22
2.28515625 5.577591884845107e-22
2.285400390625 1.081450276662571e-21
2.28564453125 1.686401156242128e-21
2.285888671875 1.655228535437868e-21
2.2861328125 1.199874843100196e-21
2.286376953125 1.058058803273347e-21
2.28662109375 1.274848688125183e-21
2.286865234375 1.233607987294421e-21
2.287109375 7.907028636728187e-22
2.287353515625 5.124101912246085e-22
2.28759765625 7.260019644540829e-22
2.287841796875 1.167664266499539e-21
2.2880859375 1.724896821702063e-21
2.288330078125 2.66151439030415e-21
2.28857421875 3.778128741600852e-21
2.288818359375 4.19467930226699e-21
2.2890625 3.519158373175601e-21
2.289306640625 2.564342059464471e-21
2.28955078125 2.270640034916386e-21
2.289794921875 2.444458215722475e-21
2.2900390625 2.242159924750841e-21
2.290283203125 1.485691284824012e-21
2.29052734375 7.472449217874801e-22
2.290771484375 3.716841301477605e-22
2.291015625 1.636655730483417e-22
2.291259765625 -1.776550336718538e-23
2.29150390625 -2.306230661558086e-23
2.291748046875 1.524025664711888e-22
2.2919921875 2.187546262199424e-22
2.292236328125 1.403289559769578e-23
2.29248046875 -2.733506925072956e-22
2.292724609375 -3.787045880864848e-22
2.29296875 -1.921363968869068e-22
2.293212890625 2.652196330509439e-22
2.29345703125 8.12923015739965e-22
2.293701171875 1.097957745906043e-21
2.2939453125 9.023536525262973e-22
2.294189453125 4.377258374810335e-22
2.29443359375 7.809276939885884e-23
2.294677734375 -1.242176718704304e-22
2.294921875 -3.699690384544132e-22
2.295166015625 -6.519357123065151e-22
2.29541015625 -7.144840585124926e-22
2.295654296875 -4.720993996155542e-22
2.2958984375 -1.606648564099552e-22
2.296142578125 -2.324242956184909e-23
2.29638671875 -5.090815544175983e-23
2.296630859375 -3.82801335346584e-23
2.296875 2.489672233246643e-22
2.297119140625 8.771529409809e-22
2.29736328125 1.571625599975699e-21
2.297607421875 1.908294462965939e-21
2.2978515625 1.850563684691911e-21
2.298095703125 1.845115893562519e-21
2.29833984375 2.143806033257619e-21
2.298583984375 2.363344710197999e-21
2.298828125 2.094477985230715e-21
2.299072265625 1.589012194486798e-21
2.29931640625 1.287485449530376e-21
2.299560546875 9.63890694505754e-22
2.2998046875 8.081913682948351e-23
2.300048828125 -1.120398257400091e-21
2.30029296875 -1.719084963758474e-21
2.300537109375 -1.433043086867944e-21
2.30078125 -1.053041763853269e-21
2.301025390625 -1.247640828388179e-21
2.30126953125 -1.624798150350717e-21
2.301513671875 -1.460692893877879e-21
2.3017578125 -8.333823531908469e-22
2.302001953125 -4.541795317155067e-22
2.30224609375 -6.821576764599121e-22
2.302490234375 -1.243525003009709e-21
2.302734375 -1.748347858839522e-21
2.302978515625 -2.000486989796493e-21
2.30322265625 -1.901366036844189e-21
2.303466796875 -1.519900726582125e-21
2.3037109375 -1.258669286955695e-21
2.303955078125 -1.520173757071873e-21
2.30419921875 -2.104481910815295e-21
2.304443359375 -2.302118667654655e-21
2.3046875 -1.783155733892172e-21
2.304931640625 -1.112853307203606e-21
2.30517578125 -1.081034625949996e-21
2.305419921875 -1.662829091114805e-21
2.3056640625 -2.029708923391675e-21
2.305908203125 -1.651191401016466e-21
2.30615234375 -9.990422629199817e-22
2.306396484375 -8.76823580150981e-22
2.306640625 -1.348681469844849e-21
2.306884765625 -1.815229231313403e-21
2.30712890625 -2.019152311851569e-21
2.307373046875 -2.325771172723334e-21
2.3076171875 -2.872113604523093e-21
2.307861328125 -3.145207865121865e-21
2.30810546875 -2.85898030677657e-21
2.308349609375 -2.652542252456041e-21
2.30859375 -3.210419349672898e-21
2.308837890625 -4.065026601306127e-21
2.30908203125 -4.109326842502731e-21
2.309326171875 -3.167675965991068e-21
2.3095703125 -2.20176642560042e-21
2.309814453125 -1.88086163937293e-21
2.31005859375 -1.772112935837533e-21
2.310302734375 -1.214358009539755e-21
2.310546875 -2.639821513448235e-22
2.310791015625 6.268418148053001e-22
2.31103515625 1.266047503532166e-21
2.311279296875 1.594372807537216e-21
2.3115234375 1.414445011824335e-21
2.311767578125 7.663537892653329e-22
2.31201171875 1.817808265941815e-22
2.312255859375 5.329005516843861e-23
2.3125 8.657275949056705e-23
2.312744140625 -1.120215953345362e-22
2.31298828125 -2.60899676971167e-22
2.313232421875 1.389782390166634e-22
2.3134765625 8.224505283715282e-22
2.313720703125 1.003237812381507e-21
2.31396484375 5.75224684224625e-22
2.314208984375 3.186985426805897e-22
2.314453125 7.308870920969934e-22
2.314697265625 1.326898446283037e-21
2.31494140625 1.450731836723497e-21
2.315185546875 1.212136087266418e-21
2.3154296875 1.101596485364303e-21
2.315673828125 1.065044137281883e-21
2.31591796875 6.16919177778623e-22
2.316162109375 -2.247340170207254e-22
2.31640625 -7.481711161442546e-22
2.316650390625 -4.600779197078471e-22
2.31689453125 2.784392641243704e-22
2.317138671875 8.15033023082283e-22
2.3173828125 1.06735235032171e-21
2.317626953125 1.434960433531474e-21
2.31787109375 2.04645330885992e-21
2.318115234375 2.558871091845048e-21
2.318359375 2.703738910452586e-21
2.318603515625 2.590678375633905e-21
2.31884765625 2.339882990262923e-21
2.319091796875 1.830450164275803e-21
2.3193359375 1.073907339705118e-21
2.319580078125 4.744715059496187e-22
2.31982421875 3.300525150869081e-22
2.320068359375 3.266017222657693e-22
2.3203125 -2.170965724142757e-23
2.320556640625 -5.915839239053154e-22
2.32080078125 -8.197413728613154e-22
2.321044921875 -6.022316864943972e-22
2.3212890625 -4.770780303177634e-22
2.321533203125 -8.148661280567219e-22
2.32177734375 -1.340140638107653e-21
2.322021484375 -1.65339277123365e-21
2.322265625 -1.759665067181235e-21
2.322509765625 -1.803598019035917e-21
2.32275390625 -1.707266561039484e-21
2.322998046875 -1.436244698244295e-21
2.3232421875 -1.278522179857242e-21
2.323486328125 -1.436079599971398e-21
2.32373046875 -1.587315659454731e-21
2.323974609375 -1.285953751316354e-21
2.32421875 -6.149778345315799e-22
2.324462890625 -1.431980136820619e-23
2.32470703125 3.988954312355903e-22
2.324951171875 8.703646027460865e-22
2.3251953125 1.439013344187782e-21
2.325439453125 1.823768648899952e-21
2.32568359375 1.927579337730922e-21
2.325927734375 1.995367099552387e-21
2.326171875 2.134721287356508e-21
2.326416015625 2.085285785728354e-21
2.32666015625 1.667602019683434e-21
2.326904296875 1.11873351653996e-21
2.3271484375 7.267089727856103e-22
2.327392578125 3.999065776351139e-22
2.32763671875 -1.102603432350947e-22
2.327880859375 -7.433333947598825e-22
2.328125 -1.187034573432912e-21
2.328369140625 -1.304719360726391e-21
2.32861328125 -1.235260699176377e-21
2.328857421875 -1.105866885516068e-21
2.3291015625 -8.905458975013704e-22
2.329345703125 -5.671629436863601e-22
2.32958984375 -2.030097346582365e-22
2.329833984375 1.781705690448811e-22
2.330078125 6.581935297813589e-22
2.330322265625 1.270478696611681e-21
2.33056640625 1.87980720089712e-21
2.330810546875 2.286601790264541e-21
2.3310546875 2.40008426336896e-21
2.331298828125 2.283975670630996e-21
2.33154296875 2.101270951186498e-21
2.331787109375 2.028640883838987e-21
2.33203125 2.111370043688552e-21
2.332275390625 2.134255558758336e-21
2.33251953125 1.752549655090309e-21
2.332763671875 8.954504819732428e-22
2.3330078125 -2.052760846863845e-23
2.333251953125 -4.732293074220336e-22
2.33349609375 -4.580476476242647e-22
2.333740234375 -5.300484803025827e-22
2.333984375 -1.103372071204703e-21
2.334228515625 -1.891088052386367e-21
2.33447265625 -2.274894375192388e-21
2.334716796875 -2.122601878617319e-21
2.3349609375 -1.899119074814669e-21
2.335205078125 -1.921706502047946e-21
2.33544921875 -1.887121895562054e-21
2.335693359375 -1.400304655634106e-21
2.3359375 -6.941202016373745e-22
2.336181640625 -4.010175492427471e-22
2.33642578125 -6.78901651733924e-22
2.336669921875 -1.001052670176333e-21
2.3369140625 -9.193606048355143e-22
2.337158203125 -6.482968754870376e-22
2.33740234375 -6.421626918518036e-22
2.337646484375 -8.815175500454231e-22
2.337890625 -9.391550098208655e-22
2.338134765625 -6.320236377607884e-22
2.33837890625 -2.466487956035548e-22
2.338623046875 -1.075981234914814e-22
2.3388671875 -2.208135266595696e-22
2.339111328125 -4.056078378662789e-22
2.33935546875 -5.065447455771524e-22
2.339599609375 -3.602818871315037e-22
2.33984375 1.851697332493746e-22
2.340087890625 1.005959900972293e-21
2.34033203125 1.630849069295762e-21
2.340576171875 1.683405477403657e-21
2.3408203125 1.320310750954846e-21
2.341064453125 1.008601263662275e-21
2.34130859375 9.206615586193762e-22
2.341552734375 8.056181787120475e-22
2.341796875 4.783738798340646e-22
2.342041015625 1.602069298938776e-22
2.34228515625 1.944092275273807e-22
2.342529296875 6.242067812785637e-22
2.3427734375 1.237875603395943e-21
2.343017578125 1.876001216324847e-21
2.34326171875 2.440346849716778e-21
2.343505859375 2.682048085192759e-21
2.34375 2.327205254382428e-21
2.343994140625 1.524948374838173e-21
2.34423828125 8.913365716979759e-22
2.344482421875 8.705701632057472e-22
2.3447265625 1.211519461716703e-21
2.344970703125 1.339345541488242e-21
2.34521484375 1.121485828604801e-21
2.345458984375 8.961208609703027e-22
2.345703125 7.530042050198396e-22
2.345947265625 2.798370211837629e-22
2.34619140625 -7.030633957340393e-22
2.346435546875 -1.561611165005309e-21
2.3466796875 -1.514391349209347e-21
2.346923828125 -7.326951431800672e-22
2.34716796875 -2.18802905922814e-22
2.347412109375 -5.157495162235727e-22
2.34765625 -1.056136986069582e-21
2.347900390625 -1.042368243083067e-21
2.34814453125 -5.313313037426718e-22
2.348388671875 -2.176502421974596e-22
2.3486328125 -4.03410534540994e-22
2.348876953125 -6.988857615860114e-22
2.34912109375 -7.125348158566379e-22
2.349365234375 -5.668060104256775e-22
2.349609375 -5.765301251410215e-22
2.349853515625 -7.516371857017423e-22
2.35009765625 -8.698866351140003e-22
2.350341796875 -8.765059148125929e-22
2.3505859375 -9.602685907270584e-22
2.350830078125 -1.24906791054018e-21
2.35107421875 -1.596157217148922e-21
2.351318359375 -1.722973593328405e-21
2.3515625 -1.510431471039274e-21
2.351806640625 -1.108186007245024e-21
2.35205078125 -7.825836821208296e-22
2.352294921875 -6.935567354251349e-22
2.3525390625 -8.048013335873234e-22
2.352783203125 -9.399831365835169e-22
2.35302734375 -8.910980735127148e-22
2.353271484375 -5.560608296970464e-22
2.353515625 -6.458104137678376e-23
2.353759765625 3.02313547354536e-22
2.35400390625 4.521741252588482e-22
2.354248046875 6.718069300490223e-22
2.3544921875 1.281020791996651e-21
2.354736328125 2.133627884466705e-21
2.35498046875 2.716892021549064e-21
2.355224609375 2.761498445688615e-21
2.35546875 2.46593890967757e-21
2.355712890625 2.069605692294274e-21
2.35595703125 1.572797358002798e-21
2.356201171875 1.046682204406845e-21
2.3564453125 8.358830664303302e-22
2.356689453125 1.132326112271358e-21
2.35693359375 1.614466026022708e-21
2.357177734375 1.841672803992883e-21
2.357421875 1.796109116953353e-21
2.357666015625 1.724601533166578e-21
2.35791015625 1.686845249196135e-21
2.358154296875 1.634778732329466e-21
2.3583984375 1.709984586950647e-21
2.358642578125 2.010298312045075e-21
2.35888671875 2.225234797131096e-21
2.359130859375 1.983452759889703e-21
2.359375 1.447907733179574e-21
2.359619140625 1.071531815864564e-21
2.35986328125 8.605120979735492e-22
2.360107421875 4.377060466588745e-22
2.3603515625 -2.009564533782571e-22
2.360595703125 -6.121571630987647e-22
2.36083984375 -6.559748088877626e-22
2.361083984375 -7.012460177456382e-22
2.361328125 -9.164198226040329e-22
2.361572265625 -9.562330813750902e-22
2.36181640625 -6.115444684156433e-22
2.362060546875 -2.219279521220107e-22
2.3623046875 -1.307785510768293e-22
2.362548828125 -2.315537455927234e-22
2.36279296875 -3.85332394137086e-22
2.363037109375 -7.736401304643862e-22
2.36328125 -1.41851740412378e-21
2.363525390625 -1.841556772488471e-21
2.36376953125 -1.730123453312911e-21
2.364013671875 -1.548862844865431e-21
2.3642578125 -1.891428674609293e-21
2.364501953125 -2.508634284314418e-21
2.36474609375 -2.625983691146905e-21
2.364990234375 -2.082641939499179e-21
2.365234375 -1.512591540337098e-21
2.365478515625 -1.396905452101102e-21
2.36572265625 -1.526906815902727e-21
2.365966796875 -1.531784255678603e-21
2.3662109375 -1.441371106962325e-21
2.366455078125 -1.492278603844805e-21
2.36669921875 -1.703248766781874e-21
2.366943359375 -1.876733203948092e-21
2.3671875 -1.847417521826678e-21
2.367431640625 -1.595290688696478e-21
2.36767578125 -1.250603410212592e-21
2.367919921875 -1.053565966533584e-21
2.3681640625 -1.155179631854562e-21
2.368408203125 -1.389322447048277e-21
2.36865234375 -1.376675458573767e-21
2.368896484375 -9.337318454982883e-22
2.369140625 -3.044931742181536e-22
2.369384765625 5.676024165755758e-23
2.36962890625 -9.899952708150264e-23
2.369873046875 -5.994701799655167e-22
2.3701171875 -1.019991116785871e-21
2.370361328125 -1.115555656199003e-21
2.37060546875 -1.081593392912734e-21
2.370849609375 -1.259212192248144e-21
2.37109375 -1.582761659321482e-21
2.371337890625 -1.568454475656963e-21
2.37158203125 -9.771277480426907e-22
2.371826171875 -2.322246996614765e-22
2.3720703125 6.36517351470579e-23
2.372314453125 -1.52873501017107e-22
2.37255859375 -4.490786594203588e-22
2.372802734375 -5.294840029601284e-22
2.373046875 -5.066713973442301e-22
2.373291015625 -5.712255246404804e-22
2.37353515625 -6.988630568736693e-22
2.373779296875 -7.607209155039677e-22
2.3740234375 -7.104054609121964e-22
2.374267578125 -5.520964756483159e-22
2.37451171875 -2.41581126391112e-22
2.374755859375 2.754030105395035e-22
2.375 9.389174284791247e-22
2.375244140625 1.522197623717807e-21
2.37548828125 1.748621324007953e-21
2.375732421875 1.529705097397371e-21
2.3759765625 1.058385386970153e-21
2.376220703125 5.552903861674411e-22
2.37646484375 -2.951514433394878e-23
2.376708984375 -8.678415935808759e-22
2.376953125 -1.839744613726411e-21
2.377197265625 -2.564159111059654e-21
2.37744140625 -2.898873719822146e-21
2.377685546875 -3.075074298010563e-21
2.3779296875 -3.19814709658596e-21
2.378173828125 -2.9950987759039e-21
2.37841796875 -2.340080441720611e-21
2.378662109375 -1.69446853846822e-21
2.37890625 -1.5939822371463e-21
2.379150390625 -1.855037834237629e-21
2.37939453125 -1.714424654358141e-21
2.379638671875 -7.507686423271476e-22
2.3798828125 6.440228516120692e-22
2.380126953125 1.735520905387937e-21
2.38037109375 2.159564443467341e-21
2.380615234375 2.141077826156406e-21
2.380859375 2.166103169265269e-21
2.381103515625 2.46976983007252e-21
2.38134765625 2.811694498179436e-21
2.381591796875 2.824965600761464e-21
2.3818359375 2.550615298981052e-21
2.382080078125 2.373527779978032e-21
2.38232421875 2.390791009482265e-21
2.382568359375 2.22552022831554e-21
2.3828125 1.662810094608644e-21
2.383056640625 1.068011608871309e-21
2.38330078125 8.292549915336434e-22
2.383544921875 7.354203177957743e-22
2.3837890625 3.654580437441959e-22
2.384033203125 -1.549998596695421e-22
2.38427734375 -2.972874454288915e-22
2.384521484375 1.11200692490272e-22
2.384765625 7.72169108389309e-22
2.385009765625 1.478747510001589e-21
2.38525390625 2.272566921398507e-21
2.385498046875 3.024271852315974e-21
2.3857421875 3.368060362298602e-21
2.385986328125 3.212839839414413e-21
2.38623046875 2.949468454275914e-21
2.386474609375 2.967653294866688e-21
2.38671875 3.198239054771589e-21
2.386962890625 3.247934319187348e-21
2.38720703125 2.823128350002099e-21
2.387451171875 1.991125608233684e-21
2.3876953125 1.164898533098232e-21
2.387939453125 7.718309434740128e-22
2.38818359375 7.800898466072029e-22
2.388427734375 6.964765500610255e-22
2.388671875 2.402349266196645e-22
2.388916015625 -2.202319784199425e-22
2.38916015625 -2.432086293726376e-22
2.389404296875 -6.64800687720198e-23
2.3896484375 -2.692801853880022e-22
2.389892578125 -8.31760979728322e-22
2.39013671875 -1.137838855916624e-21
2.390380859375 -9.042220734518039e-22
2.390625 -4.800599623977004e-22
2.390869140625 -1.214731168323503e-22
2.39111328125 3.817450358462686e-22
2.391357421875 1.096471050414643e-21
2.3916015625 1.567410616108935e-21
2.391845703125 1.472763280040185e-21
2.39208984375 1.207435330598329e-21
2.392333984375 1.314903799888324e-21
2.392578125 1.635924043503838e-21
2.392822265625 1.55304693678594e-21
2.39306640625 9.55460713757611e-22
2.393310546875 4.517169464652976e-22
2.3935546875 5.565498275563989e-22
2.393798828125 1.039220487180262e-21
2.39404296875 1.256236534155037e-21
2.394287109375 9.336016247415458e-22
2.39453125 4.249489138017653e-22
2.394775390625 2.357242511164089e-22
2.39501953125 4.443781459319857e-22
2.395263671875 6.755435707211253e-22
2.3955078125 5.76458751584821e-22
2.395751953125 1.676115840366328e-22
2.39599609375 -2.998110859586672e-22
2.396240234375 -6.47159038284584e-22
2.396484375 -8.109705332661217e-22
2.396728515625 -7.509414192336273e-22
2.39697265625 -5.002235093108108e-22
2.397216796875 -2.081264347777836e-22
2.3974609375 1.338467054497581e-23
2.397705078125 1.721820166501956e-22
2.39794921875 2.285825948692419e-22
2.398193359375 7.516478285623282e-23
2.3984375 -1.580262061491337e-22
2.398681640625 -9.300009164353502e-23
2.39892578125 3.315723396934763e-22
2.399169921875 6.378572525105427e-22
2.3994140625 5.359229281481225e-22
2.399658203125 4.794208243443806e-22
2.39990234375 9.211516232433866e-22
2.400146484375 1.366049470726481e-21
2.400390625 9.60556515728347e-22
2.400634765625 -1.393867919746801e-22
2.40087890625 -8.882855106583669e-22
2.401123046875 -8.701696424134093e-22
2.4013671875 -7.568204148482647e-22
2.401611328125 -1.016871758273406e-21
2.40185546875 -1.122228120349407e-21
2.402099609375 -5.394509478242212e-22
2.40234375 3.001449754792493e-22
2.402587890625 6.84147425638925e-22
2.40283203125 6.558831130085237e-22
2.403076171875 6.652284212051866e-22
2.4033203125 6.75832500330436e-22
2.403564453125 3.793161637740877e-22
2.40380859375 -3.940748204731946e-23
2.404052734375 -1.210578040758676e-22
2.404296875 6.173732793236716e-23
2.404541015625 1.19052598859168e-23
2.40478515625 -3.836576815583898e-22
2.405029296875 -7.979261618188869e-22
2.4052734375 -1.148213599522779e-21
2.405517578125 -1.686459621583156e-21
2.40576171875 -2.37667347286876e-21
2.406005859375 -2.787110263636013e-21
2.40625 -2.720766936224367e-21
2.406494140625 -2.455649835764829e-21
2.40673828125 -2.259557962659115e-21
2.406982421875 -2.145668161780229e-21
2.4072265625 -2.205566787366803e-21
2.407470703125 -2.655509418041997e-21
2.40771484375 -3.335656987376056e-21
2.407958984375 -3.62448612489964e-21
2.408203125 -3.147342553453813e-21
2.408447265625 -2.247689821542035e-21
2.40869140625 -1.519006537119379e-21
2.408935546875 -1.182843855001776e-21
2.4091796875 -1.158853144772163e-21
2.409423828125 -1.399317974916025e-21
2.40966796875 -1.812178188802479e-21
2.409912109375 -2.106836339111804e-21
2.41015625 -2.101114153441431e-21
2.410400390625 -2.055350110089604e-21
2.41064453125 -2.365161008060823e-21
2.410888671875 -2.986076733057158e-21
2.4111328125 -3.453796345946476e-21
2.411376953125 -3.445326756601451e-21
2.41162109375 -3.06674897482007e-21
2.411865234375 -2.605531516862299e-21
2.412109375 -2.248650774038003e-21
2.412353515625 -2.059006353410989e-21
2.41259765625 -1.989565425366083e-21
2.412841796875 -1.86265486295776e-21
2.4130859375 -1.538743231352593e-21
2.413330078125 -1.171322247013762e-21
2.41357421875 -1.090794857048152e-21
2.413818359375 -1.335084354173467e-21
2.4140625 -1.500393460087465e-21
2.414306640625 -1.23537105878696e-21
2.41455078125 -7.38378196470278e-22
2.414794921875 -5.399947717106216e-22
2.4150390625 -8.547993154846136e-22
2.415283203125 -1.382110577381309e-21
2.41552734375 -1.760960250081846e-21
2.415771484375 -1.986529051687734e-21
2.416015625 -2.257264163929661e-21
2.416259765625 -2.577392012776537e-21
2.41650390625 -2.705391535763619e-21
2.416748046875 -2.464298056776181e-21
2.4169921875 -1.951094028769521e-21
2.417236328125 -1.397070286285631e-21
2.41748046875 -8.995582033754288e-22
2.417724609375 -3.543329338914286e-22
2.41796875 3.475592840608557e-22
2.418212890625 1.092826720587619e-21
2.41845703125 1.586984674846157e-21
2.418701171875 1.68800925833621e-21
2.4189453125 1.648424275497576e-21
2.419189453125 1.872735494525699e-21
2.41943359375 2.391716179264633e-21
2.419677734375 2.745604732455795e-21
2.419921875 2.542634403829913e-21
2.420166015625 2.035413365573947e-21
2.42041015625 1.922350294448794e-21
2.420654296875 2.541044197156285e-21
2.4208984375 3.434456067739724e-21
2.421142578125 3.841657566806807e-21
2.42138671875 3.536619077738345e-21
2.421630859375 3.026597420558413e-21
2.421875 2.902826945604613e-21
2.422119140625 3.146940850493113e-21
2.42236328125 3.226643619008891e-21
2.422607421875 2.821944466543465e-21
2.4228515625 2.23986461617486e-21
2.423095703125 2.027316572668061e-21
2.42333984375 2.366037856301497e-21
2.423583984375 3.013631514641571e-21
2.423828125 3.660136374962994e-21
2.424072265625 4.077660669747599e-21
2.42431640625 4.058918485702875e-21
2.424560546875 3.592613033742797e-21
2.4248046875 3.085736619239925e-21
2.425048828125 2.995351484788395e-21
2.42529296875 3.15078843841338e-21
2.425537109375 2.874011948195392e-21
2.42578125 1.965737193958771e-21
2.426025390625 1.130383976275707e-21
2.42626953125 1.08488032890963e-21
2.426513671875 1.617136932139324e-21
2.4267578125 1.972034132554598e-21
2.427001953125 1.906359703173391e-21
2.42724609375 1.852234927882141e-21
2.427490234375 2.163300388328022e-21
2.427734375 2.705937869048444e-21
2.427978515625 3.196555809462177e-21
2.42822265625 3.510208398906896e-21
2.428466796875 3.598577659569766e-21
2.4287109375 3.459952230988195e-21
2.428955078125 3.256227452567165e-21
2.42919921875 3.15958815462252e-21
2.429443359375 3.042216853341913e-21
2.4296875 2.605378836890803e-21
2.429931640625 1.853770380590334e-21
2.43017578125 1.171254015510758e-21
2.430419921875 8.880009718283688e-22
2.4306640625 9.960795379009681e-22
2.430908203125 1.265742054839562e-21
2.43115234375 1.401414716068062e-21
2.431396484375 1.170455284188513e-21
2.431640625 6.927548564144344e-22
2.431884765625 5.104428516608572e-22
2.43212890625 9.881906261422928e-22
2.432373046875 1.715118854514165e-21
2.4326171875 1.93671743077762e-21
2.432861328125 1.532309830051479e-21
2.43310546875 1.065542977874989e-21
2.433349609375 8.770820940728062e-22
2.43359375 7.215351587085204e-22
2.433837890625 4.097998481235048e-22
2.43408203125 1.740402546540359e-22
2.434326171875 1.268788673272289e-22
2.4345703125 -6.598443556634749e-23
2.434814453125 -5.994659481592884e-22
2.43505859375 -1.091076062474627e-21
2.435302734375 -1.146744914503205e-21
2.435546875 -9.90443062097867e-22
2.435791015625 -1.119738114824818e-21
2.43603515625 -1.632323162103493e-21
2.436279296875 -2.254565925542953e-21
2.4365234375 -2.75298499644266e-21
2.436767578125 -2.997974767769962e-21
2.43701171875 -2.945516092375159e-21
2.437255859375 -2.882908851751354e-21
2.4375 -3.31037831292556e-21
2.437744140625 -4.183204116234754e-21
2.43798828125 -4.678628572006814e-21
2.438232421875 -4.213502580773032e-21
2.4384765625 -3.313897641512151e-21
2.438720703125 -2.887034924538698e-21
2.43896484375 -2.975578517722128e-21
2.439208984375 -2.94185432682927e-21
2.439453125 -2.624626606449978e-21
2.439697265625 -2.460337218562148e-21
2.43994140625 -2.523549842221691e-21
2.440185546875 -2.364212444018188e-21
2.4404296875 -1.986100912719759e-21
2.440673828125 -2.12887716700086e-21
2.44091796875 -3.150471955672297e-21
2.441162109375 -4.310154943129297e-21
2.44140625 -4.731427939041894e-21
2.441650390625 -4.605241526295545e-21
2.44189453125 -4.801929929849706e-21
2.442138671875 -5.545058807552565e-21
2.4423828125 -6.119244981355805e-21
2.442626953125 -5.888873433365736e-21
2.44287109375 -5.068886969787336e-21
2.443115234375 -4.302503500226171e-21
2.443359375 -3.835170952911322e-21
2.443603515625 -3.40520207432104e-21
2.44384765625 -2.814301211297554e-21
2.444091796875 -2.27672597940531e-21
2.4443359375 -2.077097710175222e-21
2.444580078125 -2.07806182845374e-21
2.44482421875 -1.853472074226135e-21
2.445068359375 -1.310236536048061e-21
2.4453125 -8.523884983830611e-22
2.445556640625 -7.639165044281019e-22
2.44580078125 -7.582687478750931e-22
2.446044921875 -4.806861254317572e-22
2.4462890625 -1.847093912893826e-22
2.446533203125 -3.836680914502962e-22
2.44677734375 -9.356266219869305e-22
2.447021484375 -1.107783012585505e-21
2.447265625 -6.75669428422769e-22
2.447509765625 -3.420517510240114e-22
2.44775390625 -7.334204337226462e-22
2.447998046875 -1.496748848170953e-21
2.4482421875 -1.863884745083349e-21
2.448486328125 -1.712429844457097e-21
2.44873046875 -1.47185647901926e-21
2.448974609375 -1.223198707108308e-21
2.44921875 -5.986032959685607e-22
2.449462890625 4.186573884396664e-22
2.44970703125 1.28143454987369e-21
2.449951171875 1.710063131558113e-21
2.4501953125 2.18171081901458e-21
2.450439453125 3.179267644676482e-21
2.45068359375 4.32260275296133e-21
2.450927734375 4.748886433123956e-21
2.451171875 4.211349049159153e-21
2.451416015625 3.341930973341782e-21
2.45166015625 2.827742285747128e-21
2.451904296875 2.71170355379877e-21
2.4521484375 2.574583278313892e-21
2.452392578125 2.067526032379134e-21
2.45263671875 1.131557920048458e-21
2.452880859375 -1.667354663990581e-23
2.453125 -9.278260130452516e-22
2.453369140625 -1.181062306550044e-21
2.45361328125 -8.170695492372049e-22
2.453857421875 -3.348368429242258e-22
2.4541015625 -6.708259402596128e-23
2.454345703125 2.286657707350234e-22
2.45458984375 9.076467895259888e-22
2.454833984375 1.806239223338321e-21
2.455078125 2.463683775659181e-21
2.455322265625 2.826879402827919e-21
2.45556640625 3.248675965208176e-21
2.455810546875 3.794043551259165e-21
2.4560546875 4.068516305126899e-21
2.456298828125 3.874543959827141e-21
2.45654296875 3.540022464013951e-21
2.456787109375 3.334039926381228e-21
2.45703125 3.012658645491265e-21
2.457275390625 2.323280631650146e-21
2.45751953125 1.574619504402809e-21
2.457763671875 1.215757085998123e-21
2.4580078125 1.11182566711233e-21
2.458251953125 7.800444754602817e-22
2.45849609375 1.957404508605101e-22
2.458740234375 -2.081203215153842e-22
2.458984375 -2.941777908416084e-22
2.459228515625 -3.571396530252309e-22
2.45947265625 -4.133938653801453e-22
2.459716796875 1.186887749879728e-23
2.4599609375 1.081697063390645e-21
2.460205078125 2.157250517767127e-21
2.46044921875 2.57124288099671e-21
2.460693359375 2.540438631926759e-21
2.4609375 2.779988304429661e-21
2.461181640625 3.400006739694375e-21
2.46142578125 3.773148613724238e-21
2.461669921875 3.542611511200516e-21
2.4619140625 3.225878097992381e-21
2.462158203125 3.523170364892437e-21
2.46240234375 4.323219299485155e-21
2.462646484375 4.758051416989927e-21
2.462890625 4.199061586210648e-21
2.463134765625 2.943977142427296e-21
2.46337890625 1.85504015527781e-21
2.463623046875 1.464802639181756e-21
2.4638671875 1.536634704746656e-21
2.464111328125 1.435996728669607e-21
2.46435546875 8.146025545241548e-22
2.464599609375 -8.892153652387194e-23
2.46484375 -7.339068767666629e-22
2.465087890625 -7.877608869580397e-22
2.46533203125 -3.849434591231878e-22
2.465576171875 4.965295498073267e-23
2.4658203125 2.243462393399896e-22
2.466064453125 2.517858086368715e-22
2.46630859375 4.732058909590425e-22
2.466552734375 9.844808157964988e-22
2.466796875 1.411214378341817e-21
2.467041015625 1.272843042692244e-21
2.46728515625 5.600585831219798e-22
2.467529296875 -1.831583006891464e-22
2.4677734375 -4.115646904822335e-22
2.468017578125 -1.247178809778903e-22
2.46826171875 2.105638996075112e-22
2.468505859375 2.168987011679014e-22
2.46875 -2.3129738043668e-23
2.468994140625 -1.593040016642599e-22
2.46923828125 -4.134609697493303e-23
2.469482421875 1.030602194165042e-22
2.4697265625 -2.518425804896622e-23
2.469970703125 -3.976415037953208e-22
2.47021484375 -6.792539952180666e-22
2.470458984375 -6.473664805858428e-22
2.470703125 -4.572105644953732e-22
2.470947265625 -4.133970445861156e-22
2.47119140625 -5.851127554653854e-22
2.471435546875 -7.742778023541e-22
2.4716796875 -8.034271852406895e-22
2.471923828125 -6.951782483231566e-22
2.47216796875 -5.881420673563759e-22
2.472412109375 -6.055922289308881e-22
2.47265625 -8.11828186631019e-22
2.472900390625 -1.192056285187968e-21
2.47314453125 -1.660548870859538e-21
2.473388671875 -2.145550142932688e-21
2.4736328125 -2.626275637100451e-21
2.473876953125 -3.032643295821382e-21
2.47412109375 -3.228828823825955e-21
2.474365234375 -3.218030013750164e-21
2.474609375 -3.199463352346113e-21
2.474853515625 -3.205599633381633e-21
2.47509765625 -2.877746414175992e-21
2.475341796875 -1.990945872012229e-21
2.4755859375 -1.089279618437833e-21
2.475830078125 -1.043973864566143e-21
2.47607421875 -1.868602263937554e-21
2.476318359375 -2.541097275037328e-21
2.4765625 -2.313456215343093e-21
2.476806640625 -1.694026740750966e-21
2.47705078125 -1.663412471073487e-21
2.477294921875 -2.333870538767325e-21
2.4775390625 -3.011048914532943e-21
2.477783203125 -3.320247807207037e-21
2.47802734375 -3.525327199297581e-21
2.478271484375 -3.77287032133606e-21
2.478515625 -3.797242175911237e-21
2.478759765625 -3.580485497968691e-21
2.47900390625 -3.618118274236506e-21
2.479248046875 -4.145630823643839e-21
2.4794921875 -4.640497890861408e-21
2.479736328125 -4.563618881983464e-21
2.47998046875 -4.172924338602214e-21
2.480224609375 -4.050976285646462e-21
2.48046875 -4.117940379749371e-21
2.480712890625 -3.735983670342624e-21
2.48095703125 -2.693543174396747e-21
2.481201171875 -1.495258458650295e-21
2.4814453125 -6.242791218387289e-22
2.481689453125 -2.894553626125173e-23
2.48193359375 5.098374607313128e-22
2.482177734375 9.315058562458264e-22
2.482421875 1.050540426502751e-21
2.482666015625 8.710906835486311e-22
2.48291015625 5.354830016104294e-22
2.483154296875 1.577911374543252e-22
2.4833984375 -1.504916781914593e-22
2.483642578125 -2.971131412332622e-22
2.48388671875 -3.786244852492716e-22
2.484130859375 -6.131395679784616e-22
2.484375 -9.766595920607991e-22
2.484619140625 -1.157973627895375e-21
2.48486328125 -1.037907981222042e-21
2.485107421875 -9.235195800118693e-22
2.4853515625 -1.044241103366421e-21
2.485595703125 -1.087664794637189e-21
2.48583984375 -6.306662642565881e-22
2.486083984375 1.139667577877189e-22
2.486328125 4.429125195520586e-22
2.486572265625 1.01716539807146e-22
2.48681640625 -3.096153156597394e-22
2.487060546875 -5.417182896170132e-23
2.4873046875 8.534295263755136e-22
2.487548828125 1.678604725219292e-21
2.48779296875 1.783277245061974e-21
2.488037109375 1.26040294018326e-21
2.48828125 7.773886046924044e-22
2.488525390625 8.593336016168272e-22
2.48876953125 1.343886700422237e-21
2.489013671875 1.582262720625687e-21
2.4892578125 1.195828333121353e-21
2.489501953125 5.052680857951329e-22
2.48974609375 8.987930335361744e-23
2.489990234375 7.307744308810382e-23
2.490234375 9.992053036718245e-23
2.490478515625 -4.791995724928156e-23
2.49072265625 -1.452988128588629e-22
2.490966796875 1.134942707839166e-22
2.4912109375 7.473316801691747e-22
2.491455078125 1.601848970416174e-21
2.49169921875 2.548922803755405e-21
2.491943359375 3.407666317862972e-21
2.4921875 3.948241251641072e-21
2.492431640625 4.226178782127956e-21
2.49267578125 4.678961403332935e-21
2.492919921875 5.566779309674362e-21
2.4931640625 6.4708215589484e-21
2.493408203125 6.702052748794221e-21
2.49365234375 6.129491883381506e-21
2.493896484375 5.239580001447599e-21
2.494140625 4.410096113500944e-21
2.494384765625 3.547852821725218e-21
2.49462890625 2.528011845700258e-21
2.494873046875 1.562746289238575e-21
2.4951171875 9.020309879485085e-22
2.495361328125 4.980053797793948e-22
2.49560546875 2.42186584791335e-22
2.495849609375 2.501664502142976e-22
2.49609375 5.666003382124286e-22
2.496337890625 8.214296896595635e-22
2.49658203125 6.26903108107684e-22
2.496826171875 2.212720471762584e-22
2.4970703125 2.458843751302422e-22
2.497314453125 8.48244340660537e-22
2.49755859375 1.46856239631713e-21
2.497802734375 1.670053178262946e-21
2.498046875 1.740282956369683e-21
2.498291015625 2.166393981207041e-21
2.49853515625 2.85662078966003e-21
2.498779296875 3.299399297726047e-21
2.4990234375 3.313816521569595e-21
2.499267578125 3.1992842541494e-21
2.49951171875 3.163462706972389e-21
2.499755859375 2.998292094429568e-21
2.5 2.427980888423124e-21
2.500244140625 1.502823557598057e-21
2.50048828125 5.229493787178218e-22
2.500732421875 -2.494595487070776e-22
2.5009765625 -7.310068557807533e-22
2.501220703125 -1.04134165052249e-21
2.50146484375 -1.426358254421323e-21
2.501708984375 -1.966974732431154e-21
2.501953125 -2.344016263265476e-21
2.502197265625 -2.143986865362209e-21
2.50244140625 -1.45647884190552e-21
2.502685546875 -8.695986811938641e-22
2.5029296875 -7.476443900276847e-22
2.503173828125 -8.393535647405559e-22
2.50341796875 -8.034421083409564e-22
2.503662109375 -7.497930591419262e-22
2.50390625 -8.900064195565004e-22
2.504150390625 -9.734792103767262e-22
2.50439453125 -6.297168895705225e-22
2.504638671875 -1.464171486864623e-22
2.5048828125 -2.838606998625354e-22
2.505126953125 -1.216630815191273e-21
2.50537109375 -2.219739836637349e-21
2.505615234375 -2.643602798187433e-21
2.505859375 -2.706621133060857e-21
2.506103515625 -2.960111055916024e-21
2.50634765625 -3.383099706769762e-21
2.506591796875 -3.51177485969348e-21
2.5068359375 -3.227227033945516e-21
2.507080078125 -2.869748503497056e-21
2.50732421875 -2.641665719362865e-21
2.507568359375 -2.410082311031397e-21
2.5078125 -2.148717141060214e-21
2.508056640625 -2.096851880300909e-21
2.50830078125 -2.312968591437771e-21
2.508544921875 -2.458100869581267e-21
2.5087890625 -2.247739366460214e-21
2.509033203125 -1.829745170507451e-21
2.50927734375 -1.507460688109769e-21
2.509521484375 -1.360709635005598e-21
2.509765625 -1.35589054841122e-21
2.510009765625 -1.538649132247308e-21
2.51025390625 -1.826196647871204e-21
2.510498046875 -1.865568027732867e-21
2.5107421875 -1.448749671011406e-21
2.510986328125 -8.668945757826946e-22
2.51123046875 -4.799606569078462e-22
2.511474609375 -1.355718364448495e-22
2.51171875 5.183324372296181e-22
2.511962890625 1.293528343466225e-21
2.51220703125 1.623528139905066e-21
2.512451171875 1.46734298712294e-21
2.5126953125 1.419934511900495e-21
2.512939453125 1.750686995147154e-21
2.51318359375 1.948707859894392e-21
2.513427734375 1.566600135605666e-21
2.513671875 9.834906442497685e-22
2.513916015625 8.508659506102057e-22
2.51416015625 1.159963626321073e-21
2.514404296875 1.363806833313624e-21
2.5146484375 1.154501780140231e-21
2.514892578125 6.404053804614057e-22
2.51513671875 -6.574114062982757e-26
2.515380859375 -5.314698310545332e-22
2.515625 -5.551023410094814e-22
2.515869140625 2.858857721436015e-23
2.51611328125 5.925322001222579e-22
2.516357421875 4.248486581670688e-22
2.5166015625 -2.679184149305482e-22
2.516845703125 -6.060159369210197e-22
2.51708984375 -2.442306321518934e-22
2.517333984375 3.271761244249979e-22
2.517578125 6.942228637557603e-22
2.517822265625 9.602104620084454e-22
2.51806640625 1.122173335749229e-21
2.518310546875 8.45101708760651e-22
2.5185546875 2.44080945628463e-22
2.518798828125 1.202938054066667e-22
2.51904296875 8.413145500708019e-22
2.519287109375 1.61328171113165e-21
2.51953125 1.550824005651181e-21
2.519775390625 9.843987347899559e-22
2.52001953125 9.380193637454656e-22
2.520263671875 1.62779473607698e-21
2.5205078125 2.285335912378237e-21
2.520751953125 2.353900890861623e-21
2.52099609375 2.115480320410923e-21
2.521240234375 2.092703233206255e-21
2.521484375 2.434415828585846e-21
2.521728515625 2.977101780727781e-21
2.52197265625 3.426035475473745e-21
2.522216796875 3.421252775820382e-21
2.5224609375 2.864117069899125e-21
2.522705078125 2.199382935861976e-21
2.52294921875 1.94541338834253e-21
2.523193359375 1.960054941096263e-21
2.5234375 1.638486799113425e-21
2.523681640625 8.269507424478263e-22
2.52392578125 1.829516089030791e-23
2.524169921875 -4.078359706445169e-22
2.5244140625 -6.05236480102115e-22
2.524658203125 -8.172034924087353e-22
2.52490234375 -1.032219052825006e-21
2.525146484375 -1.228725583945722e-21
2.525390625 -1.462413655138233e-21
2.525634765625 -1.546924126393506e-21
2.52587890625 -1.166872769152938e-21
2.526123046875 -5.202369599950054e-22
2.5263671875 -3.166496642680022e-22
2.526611328125 -8.511913004831565e-22
2.52685546875 -1.58980602630025e-21
2.527099609375 -2.008135041158571e-21
2.52734375 -2.312190560608339e-21
2.527587890625 -2.866295250447666e-21
2.52783203125 -3.383570150998064e-21
2.528076171875 -3.295234856052209e-21
2.5283203125 -2.638359204799471e-21
2.528564453125 -1.974595585809755e-21
2.52880859375 -1.586297275791088e-21
2.529052734375 -1.31672261825405e-21
2.529296875 -1.123823260094264e-21
2.529541015625 -1.224931920199291e-21
2.52978515625 -1.629526295446489e-21
2.530029296875 -1.992830445647956e-21
2.5302734375 -2.074859686008859e-21
2.530517578125 -2.022742605993516e-21
2.53076171875 -2.084292721556865e-21
2.531005859375 -2.303965191080762e-21
2.53125 -2.606720340679004e-21
2.531494140625 -2.965118442628432e-21
2.53173828125 -3.361679053421794e-21
2.531982421875 -3.711435128586293e-21
2.5322265625 -3.905335893378704e-21
2.532470703125 -3.883880496694295e-21
2.53271484375 -3.670353262834526e-21
2.532958984375 -3.359098428752906e-21
2.533203125 -3.008983718695305e-21
2.533447265625 -2.550995696149118e-21
2.53369140625 -1.952318304869283e-21
2.533935546875 -1.452889382936205e-21
2.5341796875 -1.33984987801628e-21
2.534423828125 -1.420859467481359e-21
2.53466796875 -1.132553466446638e-21
2.534912109375 -3.917383031321021e-22
2.53515625 1.084227521220161e-22
2.535400390625 -1.634320392831328e-22
2.53564453125 -7.5772379054204e-22
2.535888671875 -8.975603491938143e-22
2.5361328125 -6.116167331770437e-22
2.536376953125 -5.375746355291352e-22
2.53662109375 -8.0331039804878e-22
2.536865234375 -8.960137561624654e-22
2.537109375 -6.396252455693081e-22
2.537353515625 -4.878700674259932e-22
2.53759765625 -6.489754422329791e-22
2.537841796875 -6.805439286853534e-22
2.5380859375 -3.177508044187317e-22
2.538330078125 -3.771218724445076e-23
2.53857421875 -2.983585933836972e-22
2.538818359375 -7.378188205254572e-22
2.5390625 -7.067149978328567e-22
2.539306640625 -2.287307705809911e-22
2.53955078125 1.504064572321029e-22
2.539794921875 2.095294714707583e-22
2.5400390625 1.664914951956415e-22
2.540283203125 1.278866725830095e-22
2.54052734375 3.159550535614495e-23
2.540771484375 7.036861001742589e-23
2.541015625 5.515827432041043e-22
2.541259765625 1.252300365472067e-21
2.54150390625 1.494359104099249e-21
2.541748046875 1.100337075857092e-21
2.5419921875 8.059363030238749e-22
2.542236328125 1.365589123609255e-21
2.54248046875 2.548720117945714e-21
2.542724609375 3.412103450036985e-21
2.54296875 3.42432630998847e-21
2.543212890625 2.955024494306275e-21
2.54345703125 2.670408717627145e-21
2.543701171875 2.777570437285456e-21
2.5439453125 2.988008101017755e-21
2.544189453125 2.998462308122793e-21
2.54443359375 2.785511656209827e-21
2.544677734375 2.486468816783243e-21
2.544921875 2.198135461057191e-21
2.545166015625 1.960545341064727e-21
2.54541015625 1.811811660122689e-21
2.545654296875 1.750339547667085e-21
2.5458984375 1.708129412589501e-21
2.546142578125 1.664956483673187e-21
2.54638671875 1.731014127543847e-21
2.546630859375 1.987531561712544e-21
2.546875 2.286869858600483e-21
2.547119140625 2.371453472485744e-21
2.54736328125 2.189977065695385e-21
2.547607421875 1.93974787379117e-21
2.5478515625 1.792911498670949e-21
2.548095703125 1.755272935507094e-21
2.54833984375 1.801187648533013e-21
2.548583984375 1.926623321102744e-21
2.548828125 2.026577761650018e-21
2.549072265625 1.977972785968287e-21
2.54931640625 1.938663464124613e-21
2.549560546875 2.275657709447242e-21
2.5498046875 3.021423497814641e-21
2.550048828125 3.685447443963076e-21
2.55029296875 3.859758699945141e-21
2.550537109375 3.756179125153823e-21
2.55078125 3.819538091377725e-21
2.551025390625 4.030815727293543e-21
2.55126953125 4.01104212364099e-21
2.551513671875 3.684510248467126e-21
2.5517578125 3.356653636330535e-21
2.552001953125 3.12839268178881e-21
2.55224609375 2.713399363053772e-21
2.552490234375 1.984094572437701e-21
2.552734375 1.298259031714886e-21
2.552978515625 1.044897895731492e-21
2.55322265625 1.141171906736831e-21
2.553466796875 1.214392441975928e-21
2.5537109375 1.083455250810752e-21
2.553955078125 8.508509338350614e-22
2.55419921875 6.786447569000824e-22
2.554443359375 6.634244287300228e-22
2.5546875 8.027217289466682e-22
2.554931640625 9.316425689030011e-22
2.55517578125 8.355663029425927e-22
2.555419921875 5.672638430116613e-22
2.5556640625 4.656935232665334e-22
2.555908203125 6.594542766485417e-22
2.55615234375 7.361245590975195e-22
2.556396484375 2.011626713059075e-22
2.556640625 -8.12133226372389e-22
2.556884765625 -1.590570016894882e-21
2.55712890625 -1.622945169662992e-21
2.557373046875 -1.107470732111185e-21
2.5576171875 -6.405688757059283e-22
2.557861328125 -6.048532963495687e-22
2.55810546875 -9.329104502913093e-22
2.558349609375 -1.289728515628702e-21
2.55859375 -1.369085677527333e-21
2.558837890625 -1.135794492697837e-21
2.55908203125 -9.022906250307174e-22
2.559326171875 -1.07716005535944e-21
2.5595703125 -1.698303017859816e-21
2.559814453125 -2.273831802547242e-21
2.56005859375 -2.269042017192274e-21
2.560302734375 -1.7748255167403e-21
2.560546875 -1.492861889031461e-21
2.560791015625 -1.91570971624675e-21
2.56103515625 -2.683758690542263e-21
2.561279296875 -3.025587952017648e-21
2.5615234375 -2.780234782035999e-21
2.561767578125 -2.599305962635379e-21
2.56201171875 -2.98611117679388e-21
2.562255859375 -3.523865629009967e-21
2.5625 -3.441232847118876e-21
2.562744140625 -2.695423652067005e-21
2.56298828125 -1.970839815847517e-21
2.563232421875 -1.666270243795263e-21
2.5634765625 -1.467450551758312e-21
2.563720703125 -1.061002271346521e-21
2.56396484375 -6.981969841254082e-22
2.564208984375 -7.077378911633755e-22
2.564453125 -9.120456590250703e-22
2.564697265625 -9.990257804673263e-22
2.56494140625 -1.144473086700485e-21
2.565185546875 -1.716185631850773e-21
2.5654296875 -2.544534937639805e-21
2.565673828125 -3.064833917963289e-21
2.56591796875 -3.141044597265369e-21
2.566162109375 -3.19410864184553e-21
2.56640625 -3.458734244671387e-21
2.566650390625 -3.649102575872729e-21
2.56689453125 -3.513119435868704e-21
2.567138671875 -3.218559745795599e-21
2.5673828125 -2.959213082457295e-21
2.567626953125 -2.640980852906575e-21
2.56787109375 -2.257177565652972e-21
2.568115234375 -2.128775730681042e-21
2.568359375 -2.366454588903067e-21
2.568603515625 -2.489211972045429e-21
2.56884765625 -2.102050532182821e-21
2.569091796875 -1.654094789749183e-21
2.5693359375 -1.884901579786398e-21
2.569580078125 -2.6636053955578e-21
2.56982421875 -3.093654041934512e-21
2.570068359375 -2.821846090634216e-21
2.5703125 -2.51500833113919e-21
2.570556640625 -2.77847659518649e-21
2.57080078125 -3.288234848567601e-21
2.571044921875 -3.468430977823058e-21
2.5712890625 -3.446019856792799e-21
2.571533203125 -3.641784430074437e-21
2.57177734375 -3.794353088661261e-21
2.572021484375 -3.252829158652557e-21
2.572265625 -2.176640747057144e-21
2.572509765625 -1.567293038377379e-21
2.57275390625 -1.850212990344477e-21
2.572998046875 -2.169867105507876e-21
2.5732421875 -1.583162224098596e-21
2.573486328125 -4.086013651243937e-22
2.57373046875 2.446780173693495e-22
2.573974609375 -1.434891247314183e-23
2.57421875 -4.895135630059757e-22
2.574462890625 -4.457541605366997e-22
2.57470703125 1.162389580504913e-22
2.574951171875 8.37160396181501e-22
2.5751953125 1.581057655521334e-21
2.575439453125 2.339295692574704e-21
2.57568359375 2.930509322132514e-21
2.575927734375 3.176876225157354e-21
2.576171875 3.223131631361578e-21
2.576416015625 3.365602620492674e-21
2.57666015625 3.607027256052558e-21
2.576904296875 3.630160790429693e-21
2.5771484375 3.250332459838837e-21
2.577392578125 2.712842255195843e-21
2.57763671875 2.429234171073715e-21
2.577880859375 2.494349905002762e-21
2.578125 2.608890688111884e-21
2.578369140625 2.517669919279979e-21
2.57861328125 2.374198786943899e-21
2.578857421875 2.490191535966905e-21
2.5791015625 2.806199496587453e-21
2.579345703125 2.916614353278296e-21
2.57958984375 2.679886427370158e-21
2.579833984375 2.45290611095124e-21
2.580078125 2.514333347167222e-21
2.580322265625 2.600919214550504e-21
2.58056640625 2.362382739780148e-21
2.580810546875 1.984700843728252e-21
2.5810546875 1.897340493092958e-21
2.581298828125 2.061208927399254e-21
2.58154296875 2.087371448738249e-21
2.581787109375 1.958846867304919e-21
2.58203125 2.039070317733233e-21
2.582275390625 2.364777203132068e-21
2.58251953125 2.562650209268421e-21
2.582763671875 2.574545015910184e-21
2.5830078125 2.806321591560006e-21
2.583251953125 3.320666172462079e-21
2.58349609375 3.541491581786219e-21
2.583740234375 3.153955322518761e-21
2.583984375 2.709898817824649e-21
2.584228515625 2.81490589721713e-21
2.58447265625 3.182041077835581e-21
2.584716796875 3.09776463612595e-21
2.5849609375 2.495780098149805e-21
2.585205078125 1.919349003379179e-21
2.58544921875 1.590196962533796e-21
2.585693359375 1.156805095125262e-21
2.5859375 3.824990081786972e-22
2.586181640625 -4.319831862857422e-22
2.58642578125 -8.393803241886564e-22
2.586669921875 -7.483540867493226e-22
2.5869140625 -4.512943595978686e-22
2.587158203125 -3.237698055901639e-22
2.58740234375 -4.785963439859339e-22
2.587646484375 -6.133488904116027e-22
2.587890625 -3.399168215500938e-22
2.588134765625 2.409861661814253e-22
2.58837890625 5.679225601422428e-22
2.588623046875 3.86200745441775e-22
2.5888671875 1.295103550661177e-22
2.589111328125 2.590648567519135e-22
2.58935546875 5.97386744064604e-22
2.589599609375 6.962571612061911e-22
2.58984375 5.155373659108598e-22
2.590087890625 2.903951702394949e-22
2.59033203125 4.122054577675317e-23
2.590576171875 -2.970046745270559e-22
2.5908203125 -5.559532790109758e-22
2.591064453125 -6.716294349015275e-22
2.59130859375 -1.045965256022082e-21
2.591552734375 -1.972942016208592e-21
2.591796875 -2.958073001298717e-21
2.592041015625 -3.27030181699008e-21
2.59228515625 -2.981780950455426e-21
2.592529296875 -2.768911928613561e-21
2.5927734375 -2.830029725192973e-21
2.593017578125 -2.748858638279494e-21
2.59326171875 -2.360893683020712e-21
2.593505859375 -1.961664734306207e-21
2.59375 -1.59643491938173e-21
2.593994140625 -8.946188762296907e-22
2.59423828125 2.339761029025158e-22
2.594482421875 1.367748939885659e-21
2.5947265625 2.148765432228849e-21
2.594970703125 2.504997586140352e-21
2.59521484375 2.29239021277507e-21
2.595458984375 1.424799925599661e-21
2.595703125 4.276855494535462e-22
2.595947265625 1.004884383276518e-22
2.59619140625 4.67351241981866e-22
2.596435546875 7.766736377235872e-22
2.5966796875 6.62164020942197e-22
2.596923828125 5.047000325630824e-22
2.59716796875 4.902441865889309e-22
2.597412109375 2.350829359272665e-22
2.59765625 -3.412015562460611e-22
2.597900390625 -7.081428020285203e-22
2.59814453125 -7.256464433224846e-22
2.598388671875 -1.024065777773725e-21
2.5986328125 -1.829821553037276e-21
2.598876953125 -2.335370401256328e-21
2.59912109375 -1.958590635083212e-21
2.599365234375 -1.377840224777662e-21
2.599609375 -1.452197934604914e-21
2.599853515625 -1.862778705315307e-21
2.60009765625 -1.81899029887208e-21
2.600341796875 -1.490518744504517e-21
2.6005859375 -1.602599099347565e-21
2.600830078125 -2.014532450411217e-21
2.60107421875 -1.901159918268729e-21
2.601318359375 -1.206219373736847e-21
2.6015625 -7.749952514246061e-22
2.601806640625 -9.806324429305764e-22
2.60205078125 -1.25884555635342e-21
2.602294921875 -1.221486345415141e-21
2.6025390625 -1.276709810034227e-21
2.602783203125 -1.729642826558051e-21
2.60302734375 -2.035079823094033e-21
2.603271484375 -1.518194050973055e-21
2.603515625 -3.879491002506078e-22
2.603759765625 5.012068646384959e-22
2.60400390625 6.887508847590623e-22
2.604248046875 4.978821055159194e-22
2.6044921875 4.492200099926996e-22
2.604736328125 5.964244690339596e-22
2.60498046875 5.673328883478552e-22
2.605224609375 1.75482788580031e-22
2.60546875 -2.176689907903687e-22
2.605712890625 -1.550692207743486e-22
2.60595703125 1.967084035150541e-22
2.606201171875 1.651801826529111e-22
2.6064453125 -5.051800348474393e-22
2.606689453125 -1.282822009442793e-21
2.60693359375 -1.62175112390055e-21
2.607177734375 -1.639185042186279e-21
2.607421875 -1.653839053567765e-21
2.607666015625 -1.498042132230221e-21
2.60791015625 -8.349556748265782e-22
2.608154296875 1.390790520754685e-22
2.6083984375 8.986011790367421e-22
2.608642578125 1.327740264435521e-21
2.60888671875 1.702519507816152e-21
2.609130859375 2.044465685331994e-21
2.609375 2.042498008830598e-21
2.609619140625 1.613938084086629e-21
2.60986328125 1.080815746473573e-21
2.610107421875 7.581559050325683e-22
2.6103515625 7.160974183960787e-22
2.610595703125 9.065977014840925e-22
2.61083984375 1.186028232102107e-21
2.611083984375 1.29568020195408e-21
2.611328125 1.165824141356482e-21
2.611572265625 1.122251876092577e-21
2.61181640625 1.421706035488064e-21
2.612060546875 1.732182356735921e-21
2.6123046875 1.523189602760263e-21
2.612548828125 8.794476756336078e-22
2.61279296875 4.527270939986287e-22
2.613037109375 6.114752138215084e-22
2.61328125 1.056086552006096e-21
2.613525390625 1.298419057646037e-21
2.61376953125 1.151740733207194e-21
2.614013671875 6.981516962804723e-22
2.6142578125 6.904261699753969e-23
2.614501953125 -6.690357829241056e-22
2.61474609375 -1.531887929464008e-21
2.614990234375 -2.439266882804789e-21
2.615234375 -2.974178870060157e-21
2.615478515625 -2.651856855065868e-21
2.61572265625 -1.613832460123249e-21
2.615966796875 -6.378971771885952e-22
2.6162109375 -1.715812010522408e-22
2.616455078125 1.577230529385562e-22
2.61669921875 7.006517190476178e-22
2.616943359375 1.085331258352982e-21
2.6171875 9.744553669246103e-22
2.617431640625 8.960640004323676e-22
2.61767578125 1.438643005390374e-21
2.617919921875 2.089278182649728e-21
2.6181640625 1.913963097742199e-21
2.618408203125 1.114633375800859e-21
2.61865234375 7.88601293949444e-22
2.618896484375 1.222230813522906e-21
2.619140625 1.555397315198111e-21
2.619384765625 1.23246802682772e-21
2.61962890625 6.859242061731612e-22
2.619873046875 3.418987256071049e-22
2.6201171875 -4.644650141521689e-24
2.620361328125 -4.52932336560179e-22
2.62060546875 -5.885313697572068e-22
2.620849609375 -2.733342590367066e-22
2.62109375 -2.10350242568302e-23
2.621337890625 -1.21754836398191e-22
2.62158203125 -1.47351589077774e-22
2.621826171875 2.23384100488988e-22
2.6220703125 6.44003367031344e-22
2.622314453125 8.473361553840806e-22
2.62255859375 1.18381755622348e-21
2.622802734375 1.828964503098446e-21
2.623046875 2.169017940029448e-21
2.623291015625 1.669696213987539e-21
2.62353515625 7.812881114730549e-22
2.623779296875 2.806332746756129e-22
2.6240234375 1.954031971747016e-22
2.624267578125 6.80692848862698e-23
2.62451171875 -1.450295397876122e-22
2.624755859375 -1.640203410728553e-22
2.625 -6.373277560661151e-23
2.625244140625 -1.818321551224666e-22
2.62548828125 -5.570199630157374e-22
2.625732421875 -1.012107785151154e-21
2.6259765625 -1.552479411756045e-21
2.626220703125 -2.157045411618259e-21
2.62646484375 -2.457030901819047e-21
2.626708984375 -2.19065652326926e-21
2.626953125 -1.727160764063436e-21
2.627197265625 -1.574464699316227e-21
2.62744140625 -1.613974281435168e-21
2.627685546875 -1.411132479920348e-21
2.6279296875 -1.034523502760613e-21
2.628173828125 -8.986452421015355e-22
2.62841796875 -9.71205158179241e-22
2.628662109375 -8.628128811150011e-22
2.62890625 -6.507507618679572e-22
2.629150390625 -8.790691865496236e-22
2.62939453125 -1.630699397928839e-21
2.629638671875 -2.235230602407601e-21
2.6298828125 -2.110754443256484e-21
2.630126953125 -1.423245133190297e-21
2.63037109375 -7.3573162438569e-22
2.630615234375 -4.201657538064753e-22
2.630859375 -5.705199981895145e-22
2.631103515625 -1.082017766152947e-21
2.63134765625 -1.595346264450224e-21
2.631591796875 -1.685193860068316e-21
2.6318359375 -1.329931471684673e-21
2.632080078125 -9.736961978834063e-22
2.63232421875 -9.728470262071953e-22
2.632568359375 -1.198773871075887e-21
2.6328125 -1.315304131240901e-21
2.633056640625 -1.21006630816407e-21
2.63330078125 -9.72386155907277e-22
2.633544921875 -6.379115091502284e-22
2.6337890625 -1.915351389443486e-22
2.634033203125 2.375956044807681e-22
2.63427734375 3.822362148510461e-22
2.634521484375 1.072369312420516e-22
2.634765625 -3.728720316275861e-22
2.635009765625 -6.137488170247082e-22
2.63525390625 -3.428720042704364e-22
2.635498046875 2.577090078083081e-22
2.6357421875 7.469193904180482e-22
2.635986328125 9.089597750930158e-22
2.63623046875 9.300346214063531e-22
2.636474609375 1.08039363149584e-21
2.63671875 1.389473709552515e-21
2.636962890625 1.690430219607548e-21
2.63720703125 1.781752694192746e-21
2.637451171875 1.440400590374577e-21
2.6376953125 5.153746097728669e-22
2.637939453125 -7.812103145393423e-22
2.63818359375 -1.85702806769112e-21
2.638427734375 -2.273108430116769e-21
2.638671875 -2.209735216524736e-21
2.638916015625 -2.183501694659533e-21
2.63916015625 -2.371084203693903e-21
2.639404296875 -2.439422124452234e-21
2.6396484375 -2.040631455975638e-21
2.639892578125 -1.29128965112997e-21
2.64013671875 -6.956752861373027e-22
2.640380859375 -6.32544331182284e-22
2.640625 -9.163931574244522e-22
2.640869140625 -9.170860053888134e-22
2.64111328125 -2.433659511875154e-22
2.641357421875 7.431246657764716e-22
2.6416015625 1.334708847797382e-21
2.641845703125 1.38073071948143e-21
2.64208984375 1.415129558026947e-21
2.642333984375 1.775207308575119e-21
2.642578125 2.048278981862269e-21
2.642822265625 1.732169733103108e-21
2.64306640625 1.083072643614774e-21
2.643310546875 8.147832481590109e-22
2.6435546875 1.130290685567769e-21
2.643798828125 1.557689530693906e-21
2.64404296875 1.716149499310177e-21
2.644287109375 1.763657415435989e-21
2.64453125 1.978861633820639e-21
2.644775390625 2.297158354230063e-21
2.64501953125 2.473060793974793e-21
2.645263671875 2.451471005849615e-21
2.6455078125 2.366317193027214e-21
2.645751953125 2.3200025913075e-21
2.64599609375 2.3389868242382e-21
2.646240234375 2.440171299497096e-21
2.646484375 2.56499328079996e-21
2.646728515625 2.502596683050361e-21
2.64697265625 2.068458402616842e-21
2.647216796875 1.394437184618258e-21
2.6474609375 8.776027481275151e-22
2.647705078125 7.295595332753599e-22
2.64794921875 7.126271085332312e-22
2.648193359375 5.22637532095243e-22
2.6484375 3.2392692522759e-22
2.648681640625 5.428685073713305e-22
2.64892578125 1.089075452090721e-21
2.649169921875 1.259961671783546e-21
2.6494140625 7.199373670045756e-22
2.649658203125 1.370350617302059e-22
2.64990234375 3.263907956203393e-22
2.650146484375 1.073971072370402e-21
2.650390625 1.487882088034065e-21
2.650634765625 1.360992448824161e-21
2.65087890625 1.377150270543102e-21
2.651123046875 1.888603140872425e-21
2.6513671875 2.320979491257026e-21
2.651611328125 2.108150938406428e-21
2.65185546875 1.482499206513613e-21
2.652099609375 8.82432258735266e-22
2.65234375 2.263825746148733e-22
2.652587890625 -6.38191608841476e-22
2.65283203125 -1.298088519059251e-21
2.653076171875 -1.291754682852299e-21
2.6533203125 -9.33572272500144e-22
2.653564453125 -9.311538375332906e-22
2.65380859375 -1.357513194270922e-21
2.654052734375 -1.628277637842532e-21
2.654296875 -1.412269880934691e-21
2.654541015625 -1.000717792314984e-21
2.65478515625 -7.797449315703764e-22
2.655029296875 -7.909173785414891e-22
2.6552734375 -8.156348521103394e-22
2.655517578125 -5.505822823457159e-22
2.65576171875 2.093499056849725e-22
2.656005859375 1.217719267020773e-21
2.65625 1.771804123698074e-21
2.656494140625 1.483811335549656e-21
2.65673828125 9.03734289396266e-22
2.656982421875 8.948344521087767e-22
2.6572265625 1.501031626114003e-21
2.657470703125 1.956410704500359e-21
2.65771484375 1.774540598480475e-21
2.657958984375 1.283073547292644e-21
2.658203125 1.016272132129188e-21
2.658447265625 1.068656382418642e-21
2.65869140625 1.179243109377526e-21
2.658935546875 1.057249149117546e-21
2.6591796875 4.988453633407353e-22
2.659423828125 -4.782874325057214e-22
2.65966796875 -1.500484884618935e-21
2.659912109375 -2.114570802853444e-21
2.66015625 -2.266237495055667e-21
2.660400390625 -2.266641945966762e-21
2.66064453125 -2.306389698327737e-21
2.660888671875 -2.295023256455136e-21
2.6611328125 -2.148557238024374e-21
2.661376953125 -1.905210735237324e-21
2.66162109375 -1.568303868962945e-21
2.661865234375 -1.157182332705341e-21
2.662109375 -8.854463320401773e-22
2.662353515625 -9.498057525378702e-22
2.66259765625 -1.174200946121389e-21
2.662841796875 -1.208425907138863e-21
2.6630859375 -1.028483024773156e-21
2.663330078125 -8.792841822993149e-22
2.66357421875 -8.160968609630905e-22
2.663818359375 -7.353706548052967e-22
2.6640625 -7.582282457115499e-22
2.664306640625 -1.053153252618819e-21
2.66455078125 -1.331874037308327e-21
2.664794921875 -1.138228399026494e-21
2.6650390625 -6.808682883369985e-22
2.665283203125 -7.140048330459783e-22
2.66552734375 -1.423634340374153e-21
2.665771484375 -2.090487998779008e-21
2.666015625 -2.14008584372025e-21
2.666259765625 -1.909145398332195e-21
2.66650390625 -1.988634676387762e-21
2.666748046875 -2.35580085170227e-21
2.6669921875 -2.616484799928478e-21
2.667236328125 -2.647451739715507e-21
2.66748046875 -2.492456028225252e-21
2.667724609375 -1.994829251986147e-21
2.66796875 -1.08306985305185e-21
2.668212890625 -1.72078937818481e-22
2.66845703125 2.52894659128985e-22
2.668701171875 3.100682666774558e-22
2.6689453125 5.1113709471543e-22
2.669189453125 9.758912968043224e-22
2.66943359375 1.297741315633172e-21
2.669677734375 1.162876658541724e-21
2.669921875 7.128780963634971e-22
2.670166015625 2.583157474472571e-22
2.67041015625 -5.748025158849881e-23
2.670654296875 -2.455077129001514e-22
2.6708984375 -3.487237590934571e-22
2.671142578125 -4.091920449947842e-22
2.67138671875 -4.41940826269823e-22
2.671630859375 -4.164049840026903e-22
2.671875 -3.097151392176573e-22
2.672119140625 -1.409985940689179e-22
2.67236328125 4.28077480795663e-23
2.672607421875 1.082575920984743e-22
2.6728515625 -1.738525721030355e-22
2.673095703125 -8.313462946414154e-22
2.67333984375 -1.41658866875999e-21
2.673583984375 -1.399407043362464e-21
2.673828125 -8.968575113642098e-22
2.674072265625 -5.787080040468113e-22
2.67431640625 -6.908975444133335e-22
2.674560546875 -6.702194227058658e-22
2.6748046875 -3.978893067813938e-23
2.675048828125 7.973440794984209e-22
2.67529296875 1.128000826563301e-21
2.675537109375 9.203900463432908e-22
2.67578125 7.119651847510663e-22
2.676025390625 7.726149013104481e-22
2.67626953125 9.321651479869554e-22
2.676513671875 1.051026669420664e-21
2.6767578125 1.095261396420154e-21
2.677001953125 8.669286502225474e-22
2.67724609375 2.377879139491014e-22
2.677490234375 -4.04332950735597e-22
2.677734375 -5.12725416744791e-22
2.677978515625 -1.734350602695056e-22
2.67822265625 3.024409821280448e-23
2.678466796875 -4.633272302295868e-23
2.6787109375 5.639754366646816e-23
2.678955078125 5.265006607519085e-22
2.67919921875 9.163137428483716e-22
2.679443359375 9.187537543526879e-22
2.6796875 8.828356711550519e-22
2.679931640625 1.169731832954974e-21
2.68017578125 1.541960172855709e-21
2.680419921875 1.663106045229827e-21
2.6806640625 1.714585215098673e-21
2.680908203125 1.926291751850044e-21
2.68115234375 1.890725353780067e-21
2.681396484375 1.091236172227505e-21
2.681640625 -5.423604688421738e-23
2.681884765625 -4.674865822951098e-22
2.68212890625 1.735496768301292e-22
2.682373046875 9.770561632968711e-22
2.6826171875 1.058267035508952e-21
2.682861328125 6.389832186930673e-22
2.68310546875 5.123968475304397e-22
2.683349609375 8.457584317436515e-22
2.68359375 1.076330952980602e-21
2.683837890625 8.086968211545212e-22
2.68408203125 2.392413218366468e-22
2.684326171875 -3.510492237319998e-22
2.6845703125 -1.025772464562099e-21
2.684814453125 -1.894170850223458e-21
2.68505859375 -2.730708639823162e-21
2.685302734375 -3.203773048743268e-21
2.685546875 -3.309906007042929e-21
2.685791015625 -3.29472686159803e-21
2.68603515625 -3.231555562332902e-21
2.686279296875 -2.946656444391256e-21
2.6865234375 -2.33970674996403e-21
2.686767578125 -1.549600751866083e-21
2.68701171875 -8.078768595395733e-22
2.687255859375 -3.330798187796023e-22
2.6875 -3.282611228412438e-22
2.687744140625 -7.931750238337407e-22
2.68798828125 -1.310358065267392e-21
2.688232421875 -1.340301035111883e-21
2.6884765625 -8.459178916238304e-22
2.688720703125 -3.240678478769387e-22
2.68896484375 -7.467068431571011e-23
2.689208984375 2.075058537679282e-22
2.689453125 8.529407857798009e-22
2.689697265625 1.581296641163907e-21
2.68994140625 1.870769012286818e-21
2.690185546875 1.751655061237014e-21
2.6904296875 1.749073700478598e-21
2.690673828125 2.102302766788901e-21
2.69091796875 2.499052555932838e-21
2.691162109375 2.603725231333639e-21
2.69140625 2.42425871347513e-21
2.691650390625 2.090525035537962e-21
2.69189453125 1.690343170667508e-21
2.692138671875 1.448114259480365e-21
2.6923828125 1.642333998562728e-21
2.692626953125 2.127991814310836e-21
2.69287109375 2.313940445155974e-21
2.693115234375 1.901518934311027e-21
2.693359375 1.340017471626089e-21
2.693603515625 1.214994961904527e-21
2.69384765625 1.425300452937552e-21
2.694091796875 1.364231300383473e-21
2.6943359375 8.057428681575064e-22
2.694580078125 2.171083790522563e-22
2.69482421875 1.558312565612666e-22
2.695068359375 6.365483284117785e-22
2.6953125 1.180531947240507e-21
2.695556640625 1.322389145271372e-21
2.69580078125 9.945168282778632e-22
2.696044921875 5.035701077619963e-22
2.6962890625 1.830223859081148e-22
2.696533203125 8.213010181144284e-23
2.69677734375 5.503236338845211e-23
2.697021484375 1.111588535870971e-22
2.697265625 4.495333067035674e-22
2.697509765625 1.055053134044668e-21
2.69775390625 1.521541133732998e-21
2.697998046875 1.505788825475322e-21
2.6982421875 1.166101010606349e-21
2.698486328125 8.660273384424437e-22
2.69873046875 5.944331162857611e-22
2.698974609375 5.574495939572684e-23
2.69921875 -6.898872383131308e-22
2.699462890625 -1.08190433725182e-21
2.69970703125 -7.139706688797445e-22
2.699951171875 1.284042549447521e-22
2.7001953125 7.792094402736348e-22
2.700439453125 8.890998114646724e-22
2.70068359375 6.41376492858032e-22
2.700927734375 3.86795305917003e-22
2.701171875 2.798835768800287e-22
2.701416015625 2.976980289939613e-22
2.70166015625 4.455030122372469e-22
2.701904296875 7.740561683943758e-22
2.7021484375 1.170669903329461e-21
2.702392578125 1.277704986668081e-21
2.70263671875 7.942409354864322e-22
2.702880859375 -1.452463837279652e-22
2.703125 -1.062689689596502e-21
2.703369140625 -1.651259249793589e-21
2.70361328125 -2.019787296682558e-21
2.703857421875 -2.347920264735602e-21
2.7041015625 -2.534590988244718e-21
2.704345703125 -2.396697384496559e-21
2.70458984375 -2.042450732813091e-21
2.704833984375 -1.76461610395902e-21
2.705078125 -1.625182378727141e-21
2.705322265625 -1.407348466157694e-21
2.70556640625 -9.822323401921278e-22
2.705810546875 -5.062381918589983e-22
2.7060546875 -2.150335158317873e-22
2.706298828125 -1.651332827723429e-22
2.70654296875 -1.91979200996532e-22
2.706787109375 -2.958726857449461e-23
2.70703125 4.657578257617611e-22
2.707275390625 1.094505829666043e-21
2.70751953125 1.427226848350202e-21
2.707763671875 1.29903033509987e-21
2.7080078125 1.048213857022153e-21
2.708251953125 1.041407440976823e-21
2.70849609375 1.124740858525241e-21
2.708740234375 8.672956548054842e-22
2.708984375 2.250476841627421e-22
2.709228515625 -4.439106167634163e-22
2.70947265625 -9.764570529123613e-22
2.709716796875 -1.538179017400004e-21
2.7099609375 -2.081635047797281e-21
2.710205078125 -2.176877368253723e-21
2.71044921875 -1.658009896974124e-21
2.710693359375 -1.062669032670943e-21
2.7109375 -1.058209139840882e-21
2.711181640625 -1.629887948836335e-21
2.71142578125 -2.172812136893446e-21
2.711669921875 -2.283351212308134e-21
2.7119140625 -2.148009757243109e-21
2.712158203125 -2.144804904607202e-21
2.71240234375 -2.307905563679527e-21
2.712646484375 -2.318381301796579e-21
2.712890625 -1.966345867208656e-21
2.713134765625 -1.496976722987001e-21
2.71337890625 -1.363861165410941e-21
2.713623046875 -1.620648034332588e-21
2.7138671875 -1.771858338354394e-21
2.714111328125 -1.41136434384646e-21
2.71435546875 -8.047815222754089e-22
2.714599609375 -5.164744828508895e-22
2.71484375 -6.034640820123582e-22
2.715087890625 -6.102231636730424e-22
2.71533203125 -3.192047321908123e-22
2.715576171875 -1.687914213871605e-23
2.7158203125 5.020031893492845e-23
2.716064453125 -1.679300052534594e-23
2.71630859375 -1.400132271406914e-22
2.716552734375 -4.094505768981811e-22
2.716796875 -6.16128329570583e-22
2.717041015625 -1.939783706876711e-22
2.71728515625 9.719266892545671e-22
2.717529296875 2.145658641862323e-21
2.7177734375 2.628326753657652e-21
2.718017578125 2.650461415868887e-21
2.71826171875 2.838087284209776e-21
2.718505859375 3.155395571515479e-21
2.71875 3.083736965818588e-21
2.718994140625 2.662885688502747e-21
2.71923828125 2.556011283429339e-21
2.719482421875 2.993625937905056e-21
2.7197265625 3.360148993367767e-21
2.719970703125 3.102911112667178e-21
2.72021484375 2.496065837957996e-21
2.720458984375 2.129263078712966e-21
2.720703125 2.057180447871346e-21
2.720947265625 1.917323067888307e-21
2.72119140625 1.644206124024737e-21
2.721435546875 1.549437595015908e-21
2.7216796875 1.705584714264756e-21
2.721923828125 1.705308715184941e-21
2.72216796875 1.220670176935073e-21
2.722412109375 5.009261082688635e-22
2.72265625 3.096547980993806e-23
2.722900390625 -1.310669198820199e-22
2.72314453125 -3.084903347059795e-22
2.723388671875 -5.357580176369214e-22
2.7236328125 -3.896445456658184e-22
2.723876953125 3.171529994396426e-22
2.72412109375 1.094289016782249e-21
2.724365234375 1.403187587958848e-21
2.724609375 1.399082436915541e-21
2.724853515625 1.543052548770386e-21
2.72509765625 1.729141955313712e-21
2.725341796875 1.457395500274057e-21
2.7255859375 7.818949273253239e-22
2.725830078125 3.375605380749223e-22
2.72607421875 3.19834394543998e-22
2.726318359375 1.665598512936229e-22
2.7265625 -5.158067506542733e-22
2.726806640625 -1.402213581194789e-21
2.72705078125 -2.110887214938618e-21
2.727294921875 -2.698427887919975e-21
2.7275390625 -3.12349293998939e-21
2.727783203125 -2.986322801433674e-21
2.72802734375 -2.339998501546516e-21
2.728271484375 -2.01380919054149e-21
2.728515625 -2.435317509399086e-21
2.728759765625 -2.815989295839102e-21
2.72900390625 -2.33915524962228e-21
2.729248046875 -1.550167382140502e-21
2.7294921875 -1.587217474112131e-21
2.729736328125 -2.48838447278667e-21
2.72998046875 -3.307717570745894e-21
2.730224609375 -3.575167709853597e-21
2.73046875 -3.545158229040628e-21
2.730712890625 -3.244862297070557e-21
2.73095703125 -2.485057814457024e-21
2.731201171875 -1.761855363046066e-21
2.7314453125 -1.921831394705549e-21
2.731689453125 -2.794208067602996e-21
2.73193359375 -3.296687436437238e-21
2.732177734375 -3.090322138992011e-21
2.732421875 -2.967772565034187e-21
2.732666015625 -3.32410439907524e-21
2.73291015625 -3.491508718502009e-21
2.733154296875 -3.086225207989444e-21
2.7333984375 -2.773655805149931e-21
2.733642578125 -2.942077281869838e-21
2.73388671875 -2.735480295249473e-21
2.734130859375 -1.393418008670679e-21
2.734375 3.17742915098211e-22
2.734619140625 1.094049048260335e-21
2.73486328125 8.948623768190549e-22
2.735107421875 7.02012938605037e-22
2.7353515625 9.539668370896215e-22
2.735595703125 1.287732623960407e-21
2.73583984375 1.53598843286648e-21
2.736083984375 1.917616867101945e-21
2.736328125 2.331429930400306e-21
2.736572265625 2.402488269178874e-21
2.73681640625 2.23707697953762e-21
2.737060546875 2.29387940717717e-21
2.7373046875 2.452827076480242e-21
2.737548828125 2.01616744959035e-21
2.73779296875 8.028418558125319e-22
2.738037109375 -4.540181043088539e-22
2.73828125 -1.036079300437581e-21
2.738525390625 -1.000733556643077e-21
2.73876953125 -7.849566914745977e-22
2.739013671875 -5.65056897103793e-22
2.7392578125 -3.193414723654108e-22
2.739501953125 -1.513956771749324e-22
2.73974609375 -2.039594955366015e-22
2.739990234375 -4.076407741224909e-22
2.740234375 -5.293679035803833e-22
2.740478515625 -4.187586510384636e-22
2.74072265625 -1.561507699068891e-22
2.740966796875 -1.060936458501748e-23
2.7412109375 -1.959564624919051e-22
2.741455078125 -6.013473385210643e-22
2.74169921875 -9.133386847595543e-22
2.741943359375 -1.086419649874477e-21
2.7421875 -1.401859703223614e-21
2.742431640625 -1.864451266748881e-21
2.74267578125 -1.923713679850471e-21
2.742919921875 -1.18770024076624e-21
2.7431640625 -9.321595529960302e-23
2.743408203125 6.302564559664207e-22
2.74365234375 9.031863533508188e-22
2.743896484375 1.1316558051328e-21
2.744140625 1.334083347105706e-21
2.744384765625 1.171318160799042e-21
2.74462890625 8.012371584127646e-22
2.744873046875 8.951310023584494e-22
2.7451171875 1.599906458630257e-21
2.745361328125 2.201602266122074e-21
2.74560546875 2.182274961624767e-21
2.745849609375 2.006460113817168e-21
2.74609375 2.365061177679143e-21
2.746337890625 3.091240577787373e-21
2.74658203125 3.429527187519343e-21
2.746826171875 3.166784261454871e-21
2.7470703125 2.899758148216247e-21
2.747314453125 3.141585878824381e-21
2.74755859375 3.609172496539412e-21
2.747802734375 3.601761384328629e-21
2.748046875 2.884412916926158e-21
2.748291015625 1.99162098624921e-21
2.74853515625 1.656105810574843e-21
2.748779296875 2.035105278392122e-21
2.7490234375 2.598644973520228e-21
2.749267578125 2.794866595903496e-21
2.74951171875 2.673916292689036e-21
2.749755859375 2.698290288515068e-21
2.75 3.050181835957969e-21
2.750244140625 3.398139808846823e-21
2.75048828125 3.36903818886532e-21
2.750732421875 2.996236140612478e-21
2.7509765625 2.59215122717339e-21
2.751220703125 2.354320100151686e-21
2.75146484375 2.221743335448777e-21
2.751708984375 2.026450129527543e-21
2.751953125 1.718183977754123e-21
2.752197265625 1.495903136886815e-21
2.75244140625 1.676937762841838e-21
2.752685546875 2.287772263849357e-21
2.7529296875 2.82652181217941e-21
2.753173828125 2.667633454197036e-21
2.75341796875 1.755346211686992e-21
2.753662109375 6.959239828027436e-22
2.75390625 1.003066487743741e-22
2.754150390625 3.34566448359033e-23
2.75439453125 1.827107942877508e-22
2.754638671875 3.282195592034271e-22
2.7548828125 4.657833754620546e-22
2.755126953125 6.116363988308757e-22
2.75537109375 6.923613367141263e-22
2.755615234375 6.16790549737055e-22
2.755859375 3.675617836617185e-22
2.756103515625 2.613113059632163e-23
2.75634765625 -2.937006659970921e-22
2.756591796875 -5.815598782714067e-22
2.7568359375 -9.33115741429846e-22
2.757080078125 -1.302764549508423e-21
2.75732421875 -1.375493551445602e-21
2.757568359375 -9.461846400852362e-22
2.7578125 -3.664915985251803e-22
2.758056640625 -2.483505676359523e-22
2.75830078125 -6.530228399588531e-22
2.758544921875 -9.562276159526386e-22
2.7587890625 -7.009868969029625e-22
2.759033203125 -2.262977543217673e-22
2.75927734375 -1.732658905582032e-22
2.759521484375 -6.724787247959313e-22
2.759765625 -1.351816425609846e-21
2.760009765625 -1.877143587470318e-21
2.76025390625 -2.089065840944144e-21
2.760498046875 -1.84775847741953e-21
2.7607421875 -1.2497420835111e-21
2.760986328125 -8.638915584040126e-22
2.76123046875 -1.187701403366188e-21
2.761474609375 -1.882038998004987e-21
2.76171875 -2.122066279030927e-21
2.761962890625 -1.787858431994195e-21
2.76220703125 -1.696555762709393e-21
2.762451171875 -2.433131356922137e-21
2.7626953125 -3.540549224400963e-21
2.762939453125 -4.217045429492351e-21
2.76318359375 -4.281980224140697e-21
2.763427734375 -4.018235627213439e-21
2.763671875 -3.570380241416194e-21
2.763916015625 -3.055641871103007e-21
2.76416015625 -2.817224228831369e-21
2.764404296875 -2.891160019028503e-21
2.7646484375 -2.593703445096909e-21
2.764892578125 -1.421580527911352e-21
2.76513671875 -7.262623093032397e-23
2.765380859375 3.438003657270476e-22
2.765625 -6.04135464613386e-23
2.765869140625 -1.756167628256384e-22
2.76611328125 2.389844743535783e-22
2.766357421875 1.459554138332055e-22
2.7666015625 -9.572640029152845e-22
2.766845703125 -2.056983273967683e-21
2.76708984375 -2.181071113043029e-21
2.767333984375 -1.858229988133524e-21
2.767578125 -2.015333464990011e-21
2.767822265625 -2.271628191952805e-21
2.76806640625 -1.576043509044997e-21
2.768310546875 -5.263215224490659e-23
2.7685546875 1.067685777973254e-21
2.768798828125 1.183531055957104e-21
2.76904296875 8.389406326325426e-22
2.769287109375 5.425722658860131e-22
2.76953125 1.742813242391719e-22
2.769775390625 -3.152032062789881e-22
2.77001953125 -6.267384170613557e-22
2.770263671875 -7.622853901066301e-22
2.7705078125 -1.068620544332361e-21
2.770751953125 -1.416696111233503e-21
2.77099609375 -1.216722060737952e-21
2.771240234375 -5.127658822971197e-22
2.771484375 -1.612303375028379e-22
2.771728515625 -5.379682528363388e-22
2.77197265625 -9.181887913357067e-22
2.772216796875 -6.180558606453013e-22
2.7724609375 2.414095758979398e-23
2.772705078125 3.458659544773787e-22
2.77294921875 3.40415620384428e-22
2.773193359375 3.594266497510128e-22
2.7734375 4.484827261779904e-22
2.773681640625 5.573296086049929e-22
2.77392578125 8.411240480478314e-22
2.774169921875 1.172785465003328e-21
2.7744140625 9.311847518494489e-22
2.774658203125 -8.308162715062544e-23
2.77490234375 -1.066589296817101e-21
2.775146484375 -1.255539922920883e-21
2.775390625 -1.052693782306647e-21
2.775634765625 -1.32947201497546e-21
2.77587890625 -2.026314570744834e-21
2.776123046875 -2.330362717983939e-21
2.7763671875 -1.985972016910676e-21
2.776611328125 -1.533644357225467e-21
2.77685546875 -1.34664076701168e-21
2.777099609375 -1.274027826501337e-21
2.77734375 -1.259704593536433e-21
2.777587890625 -1.532342784816832e-21
2.77783203125 -2.030610700326989e-21
2.778076171875 -2.28545410484004e-21
2.7783203125 -2.076536325213816e-21
2.778564453125 -1.711178273706156e-21
2.77880859375 -1.489198232298592e-21
2.779052734375 -1.322853163927812e-21
2.779296875 -1.046314423931402e-21
2.779541015625 -7.381984987099475e-22
2.77978515625 -5.68045788467137e-22
2.780029296875 -5.656359701282504e-22
2.7802734375 -6.498813135005634e-22
2.780517578125 -7.423472266214188e-22
2.78076171875 -8.496270760002611e-22
2.781005859375 -1.105244194714679e-21
2.78125 -1.574011985219989e-21
2.781494140625 -1.94846367367619e-21
2.78173828125 -1.783483810222833e-21
2.781982421875 -1.196501149729729e-21
2.7822265625 -8.46353321800093e-22
2.782470703125 -8.986680694450862e-22
2.78271484375 -6.145653959724922e-22
2.782958984375 4.674590803113479e-22
2.783203125 1.541851556781572e-21
2.783447265625 1.56556772505749e-21
2.78369140625 8.350605943366023e-22
2.783935546875 5.180775582876004e-22
2.7841796875 8.376702017732638e-22
2.784423828125 8.48944534662886e-22
2.78466796875 7.62815861290112e-23
2.784912109375 -7.366692741108026e-22
2.78515625 -8.303881266432932e-22
2.785400390625 -4.336458988465244e-22
2.78564453125 -1.082611007624991e-22
2.785888671875 1.27095671406542e-22
2.7861328125 4.921943031657166e-22
2.786376953125 8.89912292523984e-22
2.78662109375 1.201894613197857e-21
2.786865234375 1.665712974271567e-21
2.787109375 2.454454480925156e-21
2.787353515625 3.256971232955404e-21
2.78759765625 3.720360983499203e-21
2.787841796875 3.978428275346001e-21
2.7880859375 4.335416500620466e-21
2.788330078125 4.737008148301462e-21
2.78857421875 4.960712194224615e-21
2.788818359375 5.059782772596223e-21
2.7890625 5.198410368207274e-21
2.789306640625 5.228712925280019e-21
2.78955078125 4.822163421137295e-21
2.789794921875 3.949895119405772e-21
2.7900390625 2.963355027674877e-21
2.790283203125 2.242722902169799e-21
2.79052734375 1.91450957037174e-21
2.790771484375 1.836731808295226e-21
2.791015625 1.777084247960447e-21
2.791259765625 1.684647508062039e-21
2.79150390625 1.746563953685322e-21
2.791748046875 2.022181980071784e-21
2.7919921875 2.182836751320442e-21
2.792236328125 1.949870407588765e-21
2.79248046875 1.622893041235311e-21
2.792724609375 1.665103356816691e-21
2.79296875 1.867643400261274e-21
2.793212890625 1.588995963483445e-21
2.79345703125 8.647090995919094e-22
2.793701171875 5.325997209100332e-22
2.7939453125 1.034430046391913e-21
2.794189453125 1.812384873143453e-21
2.79443359375 2.211684576262602e-21
2.794677734375 2.261588501078326e-21
2.794921875 2.151008787431021e-21
2.795166015625 1.690759210155591e-21
2.79541015625 9.031472621360387e-22
2.795654296875 4.70130207896989e-22
2.7958984375 8.427619393254417e-22
2.796142578125 1.429282789213136e-21
2.79638671875 1.454303430747402e-21
2.796630859375 1.16995846181689e-21
2.796875 1.351847068858795e-21
2.797119140625 1.958126097961606e-21
2.79736328125 2.240645433770892e-21
2.797607421875 1.96612326175354e-21
2.7978515625 1.551812156893561e-21
2.798095703125 1.108950880740599e-21
2.79833984375 3.766652501460616e-22
2.798583984375 -4.015301697425923e-22
2.798828125 -6.404221560831676e-22
2.799072265625 -6.115059899628438e-22
2.79931640625 -1.298511563750962e-21
2.799560546875 -2.634829886026186e-21
2.7998046875 -3.078408116307576e-21
2.800048828125 -1.728696718335027e-21
2.80029296875 1.433572084735122e-22
2.800537109375 7.465357982831346e-22
2.80078125 2.212979923198944e-22
2.801025390625 1.848799251011487e-22
2.80126953125 1.215314828335826e-21
2.801513671875 2.161881277438239e-21
2.8017578125 2.019610154139106e-21
2.802001953125 1.223420648624625e-21
2.80224609375 6.71022003374643e-22
2.802490234375 5.076672747175558e-22
2.802734375 4.998606007055413e-22
2.802978515625 7.726442427244179e-22
2.80322265625 1.372775610588969e-21
2.803466796875 1.670071309038715e-21
2.8037109375 1.067899449468024e-21
2.803955078125 8.717112480783291e-24
2.80419921875 -5.427019772460977e-22
2.804443359375 -4.433678246593755e-22
2.8046875 -3.82059674300021e-22
2.804931640625 -6.141992966329361e-22
2.80517578125 -6.001934908656292e-22
2.805419921875 -1.0582886691653e-22
2.8056640625 2.136008999651708e-22
2.805908203125 -1.841968332172563e-22
2.80615234375 -8.148020191163273e-22
2.806396484375 -8.923677450252014e-22
2.806640625 -5.208017624073054e-22
2.806884765625 -4.75375047239184e-22
2.80712890625 -1.050877360569618e-21
2.807373046875 -1.816404664918284e-21
2.8076171875 -2.432782667210061e-21
2.807861328125 -3.050455279363733e-21
2.80810546875 -3.80487240329716e-21
2.808349609375 -4.479024590444426e-21
2.80859375 -4.865564418586559e-21
2.808837890625 -5.031841031770051e-21
2.80908203125 -5.018285401586011e-21
2.809326171875 -4.667796400259885e-21
2.8095703125 -4.023392371929909e-21
2.809814453125 -3.554446850585644e-21
2.81005859375 -3.615928119035645e-21
2.810302734375 -3.868143793970586e-21
2.810546875 -3.616533184835595e-21
2.810791015625 -2.702002158951636e-21
2.81103515625 -1.746812492408957e-21
2.811279296875 -1.452365886794547e-21
2.8115234375 -1.882627819018701e-21
2.811767578125 -2.569891939341274e-21
2.81201171875 -3.16195989031879e-21
2.812255859375 -3.729813748478465e-21
2.8125 -4.428034628268686e-21
2.812744140625 -5.089288412942577e-21
2.81298828125 -5.36638904436899e-21
2.813232421875 -5.203555875272072e-21
2.8134765625 -4.920135993406132e-21
2.813720703125 -4.773785144413057e-21
2.81396484375 -4.651615299050993e-21
2.814208984375 -4.300570033732175e-21
2.814453125 -3.676064936241005e-21
2.814697265625 -2.925480790254992e-21
2.81494140625 -2.202483944148649e-21
2.815185546875 -1.655015410656512e-21
2.8154296875 -1.411500504748545e-21
2.815673828125 -1.376944693600566e-21
2.81591796875 -1.216019655544765e-21
2.816162109375 -7.722558431000662e-22
2.81640625 -3.412451308730599e-22
2.816650390625 -2.720567500758717e-22
2.81689453125 -4.789525768690531e-22
2.817138671875 -6.686306416919204e-22
2.8173828125 -8.649561684477601e-22
2.817626953125 -1.269359181472072e-21
2.81787109375 -1.705902456138727e-21
2.818115234375 -1.734345668645427e-21
2.818359375 -1.354351552418688e-21
2.818603515625 -1.053227562591333e-21
2.81884765625 -9.701608299265277e-22
2.819091796875 -5.379859598432572e-22
2.8193359375 6.768706277356154e-22
2.819580078125 2.164624509698613e-21
2.81982421875 2.981150088641265e-21
2.820068359375 2.893131067660997e-21
2.8203125 2.563596947716996e-21
2.820556640625 2.62320179159167e-21
2.82080078125 2.966147194109432e-21
2.821044921875 3.094656784428172e-21
2.8212890625 2.859355658987154e-21
2.821533203125 2.594600274200458e-21
2.82177734375 2.597014376779326e-21
2.822021484375 2.70843971925023e-21
2.822265625 2.532575691672607e-21
2.822509765625 1.984860184034689e-21
2.82275390625 1.465813992237083e-21
2.822998046875 1.427351885446239e-21
2.8232421875 1.87365443748504e-21
2.823486328125 2.402655100530219e-21
2.82373046875 2.668897581445374e-21
2.823974609375 2.651245596440782e-21
2.82421875 2.492316982315907e-21
2.824462890625 2.282439560414712e-21
2.82470703125 2.103237707656691e-21
2.824951171875 2.143257022447166e-21
2.8251953125 2.58214294993251e-21
2.825439453125 3.33989508377585e-21
2.82568359375 4.059599475282403e-21
2.825927734375 4.42565258876561e-21
2.826171875 4.461350224945821e-21
2.826416015625 4.42928698056342e-21
2.82666015625 4.471184423108958e-21
2.826904296875 4.487064594306946e-21
2.8271484375 4.373576869713275e-21
2.827392578125 4.159885254515347e-21
2.82763671875 3.80860844069684e-21
2.827880859375 3.159091969828641e-21
2.828125 2.304027517707928e-21
2.828369140625 1.738219409895898e-21
2.82861328125 1.742073379798343e-21
2.828857421875 1.846586665087466e-21
2.8291015625 1.43110895176646e-21
2.829345703125 6.94109631769816e-22
2.82958984375 3.690182080442046e-22
2.829833984375 5.115109596971398e-22
2.830078125 3.670156150530849e-22
2.830322265625 -3.753209019835124e-22
2.83056640625 -1.02841231418688e-21
2.830810546875 -1.005384178404784e-21
2.8310546875 -7.007847713783614e-22
2.831298828125 -7.09485508234063e-22
2.83154296875 -8.474473795890669e-22
2.831787109375 -6.54644658256838e-22
2.83203125 -3.241691008297864e-22
2.832275390625 -3.562722235312626e-22
2.83251953125 -7.058135651426945e-22
2.832763671875 -1.041564662055705e-21
2.8330078125 -1.476671955992691e-21
2.833251953125 -2.230030806557657e-21
2.83349609375 -2.89160014248403e-21
2.833740234375 -2.907424760550067e-21
2.833984375 -2.559378136469491e-21
2.834228515625 -2.551383813097024e-21
2.83447265625 -2.785412197414826e-21
2.834716796875 -2.504517902612796e-21
2.8349609375 -1.589529938270892e-21
2.835205078125 -7.396223273887926e-22
2.83544921875 -3.196212313874278e-22
2.835693359375 1.432661270311546e-23
2.8359375 4.196660334709331e-22
2.836181640625 5.582293170417074e-22
2.83642578125 4.13616390301826e-22
2.836669921875 5.134113893751948e-22
2.8369140625 1.016509319094611e-21
2.837158203125 1.383136810809993e-21
2.83740234375 1.271355065090838e-21
2.837646484375 9.929171408925946e-22
2.837890625 7.607730996495348e-22
2.838134765625 2.600938673518917e-22
2.83837890625 -6.650564552321305e-22
2.838623046875 -1.632146778294323e-21
2.8388671875 -2.388871635468387e-21
2.839111328125 -3.129063010356584e-21
2.83935546875 -3.784608067265904e-21
2.839599609375 -3.794535468789301e-21
2.83984375 -3.030173825581865e-21
2.840087890625 -2.183870786385315e-21
2.84033203125 -1.740575849434453e-21
2.840576171875 -1.321010902261613e-21
2.8408203125 -5.821145991679208e-22
2.841064453125 3.250726532907733e-23
2.84130859375 1.126945592047692e-22
2.841552734375 9.948250244284125e-23
2.841796875 4.978716975621294e-22
2.842041015625 9.251850264211322e-22
2.84228515625 8.017199906946184e-22
2.842529296875 4.377836756542028e-22
2.8427734375 5.075176067096272e-22
2.843017578125 8.590378655629539e-22
2.84326171875 8.063595133247589e-22
2.843505859375 3.395599591493966e-22
2.84375 1.014956356707197e-22
2.843994140625 2.714385202210448e-22
2.84423828125 3.428263749494136e-22
2.844482421875 2.73043927303879e-23
2.8447265625 -3.747251274365943e-22
2.844970703125 -5.890822658947527e-22
2.84521484375 -7.082291565446058e-22
2.845458984375 -7.774981858364494e-22
2.845703125 -5.533841367638834e-22
2.845947265625 1.440053565659041e-22
2.84619140625 1.141345961078213e-21
2.846435546875 2.051324462809595e-21
2.8466796875 2.526470491661268e-21
2.846923828125 2.469505313998679e-21
2.84716796875 2.173340198492122e-21
2.847412109375 2.071826878930796e-21
2.84765625 2.181856590206992e-21
2.847900390625 2.07060296886407e-21
2.84814453125 1.549277116074262e-21
2.848388671875 1.004031110097342e-21
2.8486328125 8.095326928884649e-22
2.848876953125 8.928355523865272e-22
2.84912109375 1.153926191546061e-21
2.849365234375 1.713857770927838e-21
2.849609375 2.337113188502096e-21
2.849853515625 2.291642781192855e-21
2.85009765625 1.38751719610636e-21
2.850341796875 5.205969011147861e-22
2.8505859375 4.809313077263943e-22
2.850830078125 8.440685928740407e-22
2.85107421875 8.492858271377497e-22
2.851318359375 7.103870613357872e-22
2.8515625 1.010268032468434e-21
2.851806640625 1.363504659009745e-21
2.85205078125 9.626985286490856e-22
2.852294921875 1.397954096277594e-22
2.8525390625 1.683542979966718e-23
2.852783203125 6.643724562859922e-22
2.85302734375 9.591264471891674e-22
2.853271484375 4.086582262731947e-22
2.853515625 -1.980267781048806e-22
2.853759765625 -2.591260869594872e-22
2.85400390625 -1.95766652060432e-22
2.854248046875 -3.381039060662643e-22
2.8544921875 -1.942025891881214e-22
2.854736328125 4.796828383456456e-22
2.85498046875 9.48490002590308e-22
2.855224609375 6.733065176973631e-22
2.85546875 3.140988665792422e-22
2.855712890625 6.19598759057708e-22
2.85595703125 1.064838608034166e-21
2.856201171875 6.633038818365778e-22
2.8564453125 -3.873838236785795e-22
2.856689453125 -1.02028084457223e-21
2.85693359375 -1.011606136665782e-21
2.857177734375 -1.235273230330303e-21
2.857421875 -2.152091184173059e-21
2.857666015625 -3.068508097697991e-21
2.85791015625 -3.217316040904294e-21
2.858154296875 -2.775761822072597e-21
2.8583984375 -2.355185384925605e-21
2.858642578125 -2.07622093590418e-21
2.85888671875 -1.70783757230375e-21
2.859130859375 -1.348610117368398e-21
2.859375 -1.345817208952123e-21
2.859619140625 -1.633298423465427e-21
2.85986328125 -1.699977110965664e-21
2.860107421875 -1.321175664344187e-21
2.8603515625 -8.890148786092407e-22
2.860595703125 -7.903311175430184e-22
2.86083984375 -7.976368443468385e-22
2.861083984375 -4.324074718032187e-22
2.861328125 2.715906701240438e-22
2.861572265625 8.00752017329601e-22
2.86181640625 9.002609597886368e-22
2.862060546875 8.233677093248575e-22
2.8623046875 7.693914695845175e-22
2.862548828125 5.395026129172542e-22
2.86279296875 -2.005248813328229e-23
2.863037109375 -6.305093175632118e-22
2.86328125 -9.668892476964121e-22
2.863525390625 -1.147237907779645e-21
2.86376953125 -1.494515360351483e-21
2.864013671875 -2.017011174051389e-21
2.8642578125 -2.438518407528112e-21
2.864501953125 -2.572431085275708e-21
2.86474609375 -2.401519664469588e-21
2.864990234375 -1.989774654377505e-21
2.865234375 -1.569188917783136e-21
2.865478515625 -1.460374092966576e-21
2.86572265625 -1.624334974221599e-21
2.865966796875 -1.587466208002136e-21
2.8662109375 -1.137203385739349e-21
2.866455078125 -7.485381676490142e-22
2.86669921875 -9.064008169157648e-22
2.866943359375 -1.362921184682629e-21
2.8671875 -1.585110491075331e-21
2.867431640625 -1.605160156842409e-21
2.86767578125 -1.807962094226832e-21
2.867919921875 -2.155274555683284e-21
2.8681640625 -2.325628020016673e-21
2.868408203125 -2.411334440715586e-21
2.86865234375 -2.68393066631135e-21
2.868896484375 -2.788874542840095e-21
2.869140625 -2.072103398066682e-21
2.869384765625 -7.745274990922427e-22
2.86962890625 4.298704543410368e-24
2.869873046875 -2.081952892200434e-22
2.8701171875 -6.264741567191456e-22
2.870361328125 -4.292188664444472e-22
2.87060546875 1.461433725591628e-22
2.870849609375 4.477960675016859e-22
2.87109375 5.119270413192853e-22
2.871337890625 8.494770387817084e-22
2.87158203125 1.501578613538342e-21
2.871826171875 1.959807984653152e-21
2.8720703125 1.897132191728595e-21
2.872314453125 1.491020850182163e-21
2.87255859375 1.075762208337758e-21
2.872802734375 8.439246649278351e-22
2.873046875 8.641409893214809e-22
2.873291015625 1.091622035409648e-21
2.87353515625 1.333443539701021e-21
2.873779296875 1.400911377110405e-21
2.8740234375 1.335616867736099e-21
2.874267578125 1.383185598918637e-21
2.87451171875 1.722426299501225e-21
2.874755859375 2.257843912795973e-21
2.875 2.69096774527244e-21
2.875244140625 2.812057327900715e-21
2.87548828125 2.691749369464166e-21
2.875732421875 2.481679163957627e-21
2.8759765625 2.082107248693494e-21
2.876220703125 1.2908751590061e-21
2.87646484375 3.265402985879979e-22
2.876708984375 -2.155527758610049e-22
2.876953125 -1.504006019048537e-22
2.877197265625 -5.006730410775307e-24
2.87744140625 -1.921100409997762e-22
2.877685546875 -3.725352414135339e-22
2.8779296875 -1.56166251877536e-22
2.878173828125 6.113219130124879e-23
2.87841796875 -2.922331816178627e-22
2.878662109375 -8.930154629117253e-22
2.87890625 -9.661863086965203e-22
2.879150390625 -5.905113879060689e-22
2.87939453125 -5.721099772824776e-22
2.879638671875 -1.056702576329884e-21
2.8798828125 -1.317920613434922e-21
2.880126953125 -1.077372273199469e-21
2.88037109375 -9.707442372063923e-22
2.880615234375 -1.337464113106971e-21
2.880859375 -1.54869823173733e-21
2.881103515625 -1.098786522631481e-21
2.88134765625 -5.060090268361789e-22
2.881591796875 -4.405930532278659e-22
2.8818359375 -6.397233006677418e-22
2.882080078125 -4.298849898090402e-22
2.88232421875 1.845166075475475e-22
2.882568359375 6.875677639249533e-22
2.8828125 9.304630290422365e-22
2.883056640625 1.141203263493274e-21
2.88330078125 1.306090152156012e-21
2.883544921875 1.19491630429172e-21
2.8837890625 8.925480961121917e-22
2.884033203125 7.789338116580899e-22
2.88427734375 1.010064373323641e-21
2.884521484375 1.36305816084578e-21
2.884765625 1.52290310664491e-21
2.885009765625 1.309153392946788e-21
2.88525390625 8.085568669797746e-22
2.885498046875 4.62857416077135e-22
2.8857421875 7.301621348688203e-22
2.885986328125 1.457062564838816e-21
2.88623046875 1.948550325485146e-21
2.886474609375 1.885497616594835e-21
2.88671875 1.726440222887203e-21
2.886962890625 1.903343008637882e-21
2.88720703125 2.143760371407294e-21
2.887451171875 2.043525735522628e-21
2.8876953125 1.809382976358763e-21
2.887939453125 1.820167207165411e-21
2.88818359375 1.82334649513034e-21
2.888427734375 1.264736835789818e-21
2.888671875 2.301894806192818e-22
2.888916015625 -5.957199063639882e-22
2.88916015625 -8.524748490085672e-22
2.889404296875 -8.341996518097709e-22
2.8896484375 -9.219063439176519e-22
2.889892578125 -1.17973600228711e-21
2.89013671875 -1.530294403058941e-21
2.890380859375 -1.886868994089797e-21
2.890625 -2.041986032862062e-21
2.890869140625 -1.772115707897566e-21
2.89111328125 -1.135568985592308e-21
2.891357421875 -4.438127531894172e-22
2.8916015625 6.337635834173341e-23
2.891845703125 3.393641384903412e-22
2.89208984375 4.272962934239226e-22
2.892333984375 4.602624270825439e-22
2.892578125 6.747711917532829e-22
2.892822265625 1.204856865423328e-21
2.89306640625 1.91448518444753e-21
2.893310546875 2.535044525403425e-21
2.8935546875 2.812957763199891e-21
2.893798828125 2.482501049357781e-21
2.89404296875 1.461085456315292e-21
2.894287109375 2.511456855132645e-22
2.89453125 -3.081117766221696e-22
2.894775390625 -5.558379398905878e-23
2.89501953125 1.337950764621252e-22
2.895263671875 -5.23236819634453e-22
2.8955078125 -1.601418342575247e-21
2.895751953125 -2.067999548543021e-21
2.89599609375 -1.71069282423344e-21
2.896240234375 -1.237010886912841e-21
2.896484375 -1.055261193440252e-21
2.896728515625 -7.626390268468014e-22
2.89697265625 -2.993829295613049e-23
2.897216796875 7.022524653386853e-22
2.8974609375 8.40367847282447e-22
2.897705078125 5.422943244177323e-22
2.89794921875 5.440197819548322e-22
2.898193359375 1.230719914122872e-21
2.8984375 2.237282263347269e-21
2.898681640625 2.968177121546091e-21
2.89892578125 3.250973620413941e-21
2.899169921875 3.344709037721809e-21
2.8994140625 3.424289848439632e-21
2.899658203125 3.301930616865725e-21
2.89990234375 2.783893525277278e-21
2.900146484375 2.107158119875587e-21
2.900390625 1.695842302721564e-21
2.900634765625 1.514773978129549e-21
2.90087890625 1.065013814706351e-21
2.901123046875 1.636795693991352e-22
2.9013671875 -6.426820019941975e-22
2.901611328125 -7.119010395259137e-22
2.90185546875 -9.591887422169419e-23
2.902099609375 5.682666625680254e-22
2.90234375 7.473239081306688e-22
2.902587890625 3.510672553327699e-22
2.90283203125 -3.90860235826346e-22
2.903076171875 -1.106181796898643e-21
2.9033203125 -1.494185831144159e-21
2.903564453125 -1.605140489333091e-21
2.90380859375 -1.761002811587122e-21
2.904052734375 -2.042347952516745e-21
2.904296875 -2.123141159736857e-21
2.904541015625 -1.83756307367421e-21
2.90478515625 -1.573205803430946e-21
2.905029296875 -1.727705145841365e-21
2.9052734375 -2.03573757526096e-21
2.905517578125 -1.886944552056831e-21
2.90576171875 -1.178281652061554e-21
2.906005859375 -4.146280050909173e-22
2.90625 3.647023607018707e-24
2.906494140625 2.152519433456784e-22
2.90673828125 5.744773480204394e-22
2.906982421875 1.155988317808044e-21
2.9072265625 1.657282015187763e-21
2.907470703125 1.696191843530506e-21
2.90771484375 1.225472546521549e-21
2.907958984375 6.511601314847319e-22
2.908203125 3.663258719696178e-22
2.908447265625 1.834805706251603e-22
2.90869140625 -4.26576956058089e-22
2.908935546875 -1.46466300714251e-21
2.9091796875 -2.242088587947886e-21
2.909423828125 -2.317531419783862e-21
2.90966796875 -2.108670076115955e-21
2.909912109375 -2.197760777471861e-21
2.91015625 -2.469865127068066e-21
2.910400390625 -2.425679894216842e-21
2.91064453125 -2.003142909240078e-21
2.910888671875 -1.558393198261908e-21
2.9111328125 -1.283876181630511e-21
2.911376953125 -1.157327209131653e-21
2.91162109375 -1.246844677656811e-21
2.911865234375 -1.544463851726561e-21
2.912109375 -1.680297857255389e-21
2.912353515625 -1.336081332626626e-21
2.91259765625 -8.166258409451782e-22
2.912841796875 -7.012087063770769e-22
2.9130859375 -1.026818774977676e-21
2.913330078125 -1.311075388735832e-21
2.91357421875 -1.308466142942384e-21
2.913818359375 -1.253576136641683e-21
2.9140625 -1.376483905257849e-21
2.914306640625 -1.614493247582732e-21
2.91455078125 -1.820764890860625e-21
2.914794921875 -1.931765135368629e-21
2.9150390625 -1.957094050789038e-21
2.915283203125 -2.024386231611237e-21
2.91552734375 -2.258701781297451e-21
2.915771484375 -2.411218923813292e-21
2.916015625 -1.971237291675452e-21
2.916259765625 -9.742663976844276e-22
2.91650390625 -2.18249127711577e-22
2.916748046875 -1.656267286622888e-22
2.9169921875 -1.492284450442815e-22
2.917236328125 5.967169402980374e-22
2.91748046875 1.563987411263215e-21
2.917724609375 1.567934309113663e-21
2.91796875 4.733860876783189e-22
2.918212890625 -6.71740592532702e-22
2.91845703125 -1.158620697058324e-21
2.918701171875 -1.287980332722845e-21
2.9189453125 -1.465652057906854e-21
2.919189453125 -1.609441084004747e-21
2.91943359375 -1.662866725160252e-21
2.919677734375 -1.807756977290973e-21
2.919921875 -1.8939314258383e-21
2.920166015625 -1.472767484117874e-21
2.92041015625 -6.746718623971348e-22
2.920654296875 -2.403040244626514e-22
2.9208984375 -3.637086616737161e-22
2.921142578125 -3.339016425531624e-22
2.92138671875 2.726263724636774e-22
2.921630859375 8.663839705705167e-22
2.921875 8.246283115317991e-22
2.922119140625 4.375589557990462e-22
2.92236328125 2.669573449038342e-22
2.922607421875 2.203065657162795e-22
2.9228515625 -5.848546456525256e-23
2.923095703125 -4.113050588717372e-22
2.92333984375 -4.805052823665266e-22
2.923583984375 -4.064835293068887e-22
2.923828125 -5.725249413695157e-22
2.924072265625 -9.804488038680183e-22
2.92431640625 -1.445311397766237e-21
2.924560546875 -2.063009350290744e-21
2.9248046875 -2.891401567450435e-21
2.925048828125 -3.477068487512423e-21
2.92529296875 -3.314410047992272e-21
2.925537109375 -2.549153835016531e-21
2.92578125 -1.682011289396624e-21
2.926025390625 -8.379669712780067e-22
2.92626953125 9.124068603721482e-23
2.926513671875 8.516963793622677e-22
2.9267578125 1.064104648750859e-21
2.927001953125 9.178933363352351e-22
2.92724609375 9.599315544351434e-22
2.927490234375 1.246614205503319e-21
2.927734375 1.34856532280208e-21
2.927978515625 1.195484105883266e-21
2.92822265625 1.252446603655335e-21
2.928466796875 1.724602021556366e-21
2.9287109375 2.179217411770301e-21
2.928955078125 2.193641543896488e-21
2.92919921875 1.914042079418478e-21
2.929443359375 1.711353069189118e-21
2.9296875 1.649378258057972e-21
2.929931640625 1.5661931527526e-21
2.93017578125 1.423045381908976e-21
2.930419921875 1.325538999488975e-21
2.9306640625 1.357494027647573e-21
2.930908203125 1.551448506909911e-21
2.93115234375 1.880235171729056e-21
2.931396484375 2.175439442268345e-21
2.931640625 2.216394867358876e-21
2.931884765625 2.003119460962533e-21
2.93212890625 1.79736410076851e-21
2.932373046875 1.804133199907192e-21
2.9326171875 1.944704892914599e-21
2.932861328125 2.02467945622234e-21
2.93310546875 2.002651529715044e-21
2.933349609375 2.0035093323522e-21
2.93359375 2.147210213809868e-21
2.933837890625 2.427584851654025e-21
2.93408203125 2.711752823671736e-21
2.934326171875 2.845291607569703e-21
2.9345703125 2.805256182487272e-21
2.934814453125 2.72399888384008e-21
2.93505859375 2.712951859101496e-21
2.935302734375 2.7422779129373e-21
2.935546875 2.77041532329336e-21
2.935791015625 2.844381788921254e-21
2.93603515625 2.89951339585303e-21
2.936279296875 2.622692288002257e-21
2.9365234375 1.824883396610919e-21
2.936767578125 8.862349862685651e-22
2.93701171875 4.571102880103464e-22
2.937255859375 6.553410006362591e-22
2.9375 9.290861409125483e-22
2.937744140625 8.61506213552669e-22
2.93798828125 7.145698265152481e-22
2.938232421875 8.771544378174074e-22
2.9384765625 1.147042707529775e-21
2.938720703125 1.07701138000271e-21
2.93896484375 8.422522763271916e-22
2.939208984375 1.106429797156521e-21
2.939453125 1.932873624199091e-21
2.939697265625 2.470596124252023e-21
2.93994140625 2.079872940131228e-21
2.940185546875 1.262961655690542e-21
2.9404296875 9.4596489319686e-22
2.940673828125 1.19075966862692e-21
2.94091796875 1.294934485523653e-21
2.941162109375 1.010545407152548e-21
2.94140625 8.714542128476351e-22
2.941650390625 1.177055257322749e-21
2.94189453125 1.408318919544558e-21
2.942138671875 1.060545008615122e-21
2.9423828125 4.814372909118902e-22
2.942626953125 3.423439446847016e-22
2.94287109375 6.553188560558167e-22
2.943115234375 8.774891490170178e-22
2.943359375 7.613453178857672e-22
2.943603515625 5.682145613300076e-22
2.94384765625 5.68126434636644e-22
2.944091796875 7.95828919987351e-22
2.9443359375 1.19329546584842e-21
2.944580078125 1.563056800775084e-21
2.94482421875 1.517868891491644e-21
2.945068359375 9.363311873458332e-22
2.9453125 3.181138488603785e-22
2.945556640625 1.716390326377058e-22
2.94580078125 2.135821256693354e-22
2.946044921875 -1.837397478503716e-22
2.9462890625 -8.635206243041458e-22
2.946533203125 -1.019045803983919e-21
2.94677734375 -5.586554455447397e-22
2.947021484375 -4.619453053578539e-22
2.947265625 -1.374968861660039e-21
2.947509765625 -2.577329801502462e-21
2.94775390625 -2.921367289726996e-21
2.947998046875 -2.280898421376175e-21
2.9482421875 -1.451248763050269e-21
2.948486328125 -9.755214957455133e-22
2.94873046875 -7.208672903967793e-22
2.948974609375 -4.445019571438305e-22
2.94921875 -1.750544011070309e-22
2.949462890625 -2.178365086674026e-23
2.94970703125 -3.922695763490645e-23
2.949951171875 -3.282367748653144e-22
2.9501953125 -9.609436335260636e-22
2.950439453125 -1.758586410408974e-21
2.95068359375 -2.348720491786517e-21
2.950927734375 -2.466919606462423e-21
2.951171875 -2.125314726653497e-21
2.951416015625 -1.598970236132338e-21
2.95166015625 -1.326510337289409e-21
2.951904296875 -1.596557936665051e-21
2.9521484375 -2.158932694944269e-21
2.952392578125 -2.370256567534563e-21
2.95263671875 -1.930525553776391e-21
2.952880859375 -1.255346252179733e-21
2.953125 -9.119830953863355e-22
2.953369140625 -9.558653180232061e-22
2.95361328125 -1.099293910251221e-21
2.953857421875 -1.260699779690031e-21
2.9541015625 -1.579622875557435e-21
2.954345703125 -2.080750972862339e-21
2.95458984375 -2.681280769529674e-21
2.954833984375 -3.362236499343114e-21
2.955078125 -3.994239661255625e-21
2.955322265625 -4.219940165100125e-21
2.95556640625 -3.948003620489172e-21
2.955810546875 -3.764860370564093e-21
2.9560546875 -4.297950320485737e-21
2.956298828125 -5.236342473031578e-21
2.95654296875 -5.575040618293288e-21
2.956787109375 -4.905227879006308e-21
2.95703125 -3.894437569134704e-21
2.957275390625 -3.297952670169344e-21
2.95751953125 -3.039104596359837e-21
2.957763671875 -2.626251351510369e-21
2.9580078125 -2.051154642987274e-21
2.958251953125 -1.754041659066588e-21
2.95849609375 -1.866668714539043e-21
2.958740234375 -2.008190804203572e-21
2.958984375 -1.920683058078773e-21
2.959228515625 -1.925623594450771e-21
2.95947265625 -2.472740798007768e-21
2.959716796875 -3.382682186805025e-21
2.9599609375 -3.883002222692054e-21
2.960205078125 -3.527982513287418e-21
2.96044921875 -2.838591684220883e-21
2.960693359375 -2.71403706448464e-21
2.9609375 -3.294367452402467e-21
2.961181640625 -3.82395484828353e-21
2.96142578125 -3.72105217112651e-21
2.961669921875 -3.292285856110896e-21
2.9619140625 -3.087859672111577e-21
2.962158203125 -3.020069636618286e-21
2.96240234375 -2.653471722223136e-21
2.962646484375 -2.038760647797447e-21
2.962890625 -1.574986798361317e-21
2.963134765625 -1.187789300122645e-21
2.96337890625 -3.984855956437191e-22
2.963623046875 7.471601402737874e-22
2.9638671875 1.586366825455785e-21
2.964111328125 1.879629528453066e-21
2.96435546875 2.178601991022681e-21
2.964599609375 2.776459000513111e-21
2.96484375 3.04321107051546e-21
2.965087890625 2.431970329538657e-21
2.96533203125 1.54461116264101e-21
2.965576171875 1.386547316731027e-21
2.9658203125 1.926761678542342e-21
2.966064453125 2.258727692054212e-21
2.96630859375 2.017285274749899e-21
2.966552734375 1.749901403530389e-21
2.966796875 1.861739281203495e-21
2.967041015625 2.062728909744987e-21
2.96728515625 2.083024297213838e-21
2.967529296875 2.159001422678811e-21
2.9677734375 2.440803200761754e-21
2.968017578125 2.571625568666795e-21
2.96826171875 2.30989993428309e-21
2.968505859375 2.039377454140525e-21
2.96875 2.180556287953156e-21
2.968994140625 2.551197696160099e-21
2.96923828125 2.816586955858274e-21
2.969482421875 3.149864058108299e-21
2.9697265625 3.85006466657912e-21
2.969970703125 4.632106106455795e-21
2.97021484375 4.952883670179729e-21
2.970458984375 4.853994719391069e-21
2.970703125 4.849024990711212e-21
2.970947265625 5.087599640131271e-21
2.97119140625 5.243009426960818e-21
2.971435546875 5.163234272422559e-21
2.9716796875 5.025361044322709e-21
2.971923828125 4.86829411672604e-21
2.97216796875 4.577186965589542e-21
2.972412109375 4.32008183397005e-21
2.97265625 4.351401805494433e-21
2.972900390625 4.364762194976364e-21
2.97314453125 3.785852850328064e-21
2.973388671875 2.845026497350217e-21
2.9736328125 2.558954417470935e-21
2.973876953125 3.329002229840074e-21
2.97412109375 4.296924570817453e-21
2.974365234375 4.510104801084041e-21
2.974609375 4.032960098355063e-21
2.974853515625 3.408320027124676e-21
2.97509765625 2.720982153896819e-21
2.975341796875 1.874720327340597e-21
2.9755859375 1.209943060538203e-21
2.975830078125 1.029008232113456e-21
2.97607421875 8.93643289560592e-22
2.976318359375 2.016646174368723e-22
2.9765625 -8.101429624041973e-22
2.976806640625 -1.426567896720786e-21
2.97705078125 -1.590874199082907e-21
2.977294921875 -1.842163363442321e-21
2.9775390625 -2.24747631484517e-21
2.977783203125 -2.305346845544463e-21
2.97802734375 -1.96775136120214e-21
2.978271484375 -1.860398363436048e-21
2.978515625 -2.225805939826024e-21
2.978759765625 -2.428047962327416e-21
2.97900390625 -1.91899679526039e-21
2.979248046875 -1.095181743302707e-21
2.9794921875 -7.124466026891128e-22
2.979736328125 -8.432335917463633e-22
2.97998046875 -8.730432900549563e-22
2.980224609375 -3.332428532089556e-22
2.98046875 5.916381733406595e-22
2.980712890625 1.29502677611296e-21
2.98095703125 1.331670068815487e-21
2.981201171875 8.561565436683551e-22
2.9814453125 4.730735402780832e-22
2.981689453125 4.96853371010305e-22
2.98193359375 5.092918055160424e-22
2.982177734375 -2.080941362952795e-23
2.982421875 -8.633568686673737e-22
2.982666015625 -1.308325240818887e-21
2.98291015625 -1.238942862939965e-21
2.983154296875 -1.238260924529235e-21
2.9833984375 -1.516702000238074e-21
2.983642578125 -1.481520590637222e-21
2.98388671875 -7.384222517898378e-22
2.984130859375 1.256869745091489e-22
2.984375 3.084677760975302e-22
2.984619140625 -1.105735644596782e-22
2.98486328125 -4.377868201238222e-22
2.985107421875 -4.362812759562843e-22
2.9853515625 -4.904504121053544e-22
2.985595703125 -7.995757732383877e-22
2.98583984375 -1.024159160133031e-21
2.986083984375 -8.668274210604765e-22
2.986328125 -5.451147731736234e-22
2.986572265625 -4.174731207131848e-22
2.98681640625 -4.078177717754186e-22
2.987060546875 -1.516092470135666e-22
2.9873046875 3.2070875716791e-22
2.987548828125 4.028805887116627e-22
2.98779296875 -3.315259899717254e-22
2.988037109375 -1.378758615585479e-21
2.98828125 -1.747734350536407e-21
2.988525390625 -1.214411667313955e-21
2.98876953125 -6.505923760295979e-22
2.989013671875 -8.32122563727737e-22
2.9892578125 -1.415711164678514e-21
2.989501953125 -1.597689670866521e-21
2.98974609375 -1.339888982242549e-21
2.989990234375 -1.188117777522944e-21
2.990234375 -1.15082105010052e-21
2.990478515625 -7.173075143860967e-22
2.99072265625 -8.326253557659867e-24
2.990966796875 1.075196142752214e-22
2.9912109375 -6.198129095205571e-22
2.991455078125 -1.248487085212889e-21
2.99169921875 -9.98320060323592e-22
2.991943359375 -4.326900332496913e-22
2.9921875 -5.696060719043494e-22
2.992431640625 -1.363047377855553e-21
2.99267578125 -1.902058850595041e-21
2.992919921875 -1.819713089715191e-21
2.9931640625 -1.643128433224598e-21
2.993408203125 -1.76603537401602e-21
2.99365234375 -1.842871625748396e-21
2.993896484375 -1.436806778745738e-21
2.994140625 -7.333714573716946e-22
2.994384765625 -2.575828619122316e-22
2.99462890625 -1.55792819710487e-22
2.994873046875 -1.068077133857395e-22
2.9951171875 1.055803399481874e-22
2.995361328125 2.209696421823025e-22
2.99560546875 -1.329644872653411e-22
2.995849609375 -8.298484092468686e-22
2.99609375 -1.296745526250611e-21
2.996337890625 -1.263197154974804e-21
2.99658203125 -1.138253676017745e-21
2.996826171875 -1.387034843593912e-21
2.9970703125 -1.856174794990629e-21
2.997314453125 -2.154858767426288e-21
2.99755859375 -2.423612334842317e-21
2.997802734375 -3.077759589570857e-21
2.998046875 -3.898973124089845e-21
2.998291015625 -4.144552349444576e-21
2.99853515625 -3.677791393254863e-21
2.998779296875 -3.262305196333935e-21
2.9990234375 -3.465233490728392e-21
2.999267578125 -3.914101713862016e-21
2.99951171875 -3.978570397507358e-21
2.999755859375 -3.598714528446247e-21
3 -3.052351138805737e-21
3.000244140625 -2.448597734664943e-21
3.00048828125 -1.883175952173403e-21
3.000732421875 -1.604924386840374e-21
3.0009765625 -1.579359091452292e-21
3.001220703125 -1.326418978829135e-21
3.00146484375 -6.200254372384436e-22
3.001708984375 8.910032913557692e-23
3.001953125 3.661322601242466e-22
3.002197265625 4.280871060988836e-22
3.00244140625 6.230087477632365e-22
3.002685546875 7.793353224065487e-22
3.0029296875 6.369035388181422e-22
3.003173828125 4.64606777448294e-22
3.00341796875 6.184105495912133e-22
3.003662109375 8.777993702359634e-22
3.00390625 8.741581785830074e-22
3.004150390625 8.17901630408667e-22
3.00439453125 1.098747273894627e-21
3.004638671875 1.471748664915753e-21
3.0048828125 1.39337153336079e-21
3.005126953125 9.465310801131421e-22
3.00537109375 6.707220453240059e-22
3.005615234375 6.287348349857117e-22
3.005859375 4.279177077054515e-22
3.006103515625 1.065131842246326e-22
3.00634765625 2.057751162208228e-22
3.006591796875 8.884403745298966e-22
3.0068359375 1.692648215358782e-21
3.007080078125 2.294948054180157e-21
3.00732421875 2.885228453930974e-21
3.007568359375 3.611525189889389e-21
3.0078125 4.221646139284148e-21
3.008056640625 4.486050601490095e-21
3.00830078125 4.536837747592195e-21
3.008544921875 4.586624583146388e-21
3.0087890625 4.650609619227371e-21
3.009033203125 4.665765144231783e-21
3.00927734375 4.583725704744403e-21
3.009521484375 4.309904993050025e-21
3.009765625 3.855619251210426e-21
3.010009765625 3.50583818836311e-21
3.01025390625 3.472321076329446e-21
3.010498046875 3.455423106450114e-21
3.0107421875 2.981608382661322e-21
3.010986328125 2.114533985491395e-21
3.01123046875 1.356204193301497e-21
3.011474609375 8.910933366752964e-22
3.01171875 4.641225997227297e-22
3.011962890625 9.881453844507608e-24
3.01220703125 -1.866254661821377e-22
3.012451171875 -5.725617117231897e-23
3.0126953125 9.569398217666561e-23
3.012939453125 1.847965013081034e-22
3.01318359375 5.201296665363765e-22
3.013427734375 1.146052386742462e-21
3.013671875 1.500031133048498e-21
3.013916015625 1.101886077960456e-21
3.01416015625 2.346976880313445e-22
3.014404296875 -4.132300420473137e-22
3.0146484375 -5.415778685386023e-22
3.014892578125 -3.74422746897645e-22
3.01513671875 -2.061376848137034e-22
3.015380859375 -1.175747934573913e-22
3.015625 -6.342659839820652e-23
3.015869140625 -9.715111659661906e-24
3.01611328125 4.392725314604098e-23
3.016357421875 1.194935767314587e-22
3.0166015625 3.242847709284325e-22
3.016845703125 7.658980005701468e-22
3.01708984375 1.303729119257827e-21
3.017333984375 1.530329578262176e-21
3.017578125 1.216868925870418e-21
3.017822265625 6.675376411836489e-22
3.01806640625 3.702010568701149e-22
3.018310546875 3.751158909327999e-22
3.0185546875 2.992619705181286e-22
3.018798828125 -1.090922041143138e-22
3.01904296875 -6.853684577723317e-22
3.019287109375 -1.079448206679903e-21
3.01953125 -1.028256739616774e-21
3.019775390625 -4.987504324090777e-22
3.02001953125 1.710636900697022e-22
3.020263671875 4.1056547234111e-22
3.0205078125 1.821927218795234e-23
3.020751953125 -5.160962341452528e-22
3.02099609375 -6.467324749973664e-22
3.021240234375 -5.557373233200408e-22
3.021484375 -8.415643965837873e-22
3.021728515625 -1.555136941360729e-21
3.02197265625 -2.098737014637618e-21
3.022216796875 -2.084542270890591e-21
3.0224609375 -1.755322740557735e-21
3.022705078125 -1.458101072360577e-21
3.02294921875 -1.182279957989768e-21
3.023193359375 -7.774338978636322e-22
3.0234375 -2.512835476604682e-22
3.023681640625 2.865668595950933e-22
3.02392578125 6.887146444815048e-22
3.024169921875 7.487193417877191e-22
3.0244140625 4.316103714428706e-22
3.024658203125 9.807635818607763e-23
3.02490234375 1.314525455320028e-22
3.025146484375 3.852959037712726e-22
3.025390625 4.067624265354095e-22
3.025634765625 1.359009565392668e-22
3.02587890625 -9.829316987099559e-23
3.026123046875 -2.105188867178583e-22
3.0263671875 -4.182848236806174e-22
3.026611328125 -6.840654676025402e-22
3.02685546875 -7.368428117895396e-22
3.027099609375 -7.208812273277544e-22
3.02734375 -1.141945850706503e-21
3.027587890625 -1.981755468776228e-21
3.02783203125 -2.536552001915449e-21
3.028076171875 -2.427890696361069e-21
3.0283203125 -2.155599067079597e-21
3.028564453125 -2.283119496707062e-21
3.02880859375 -2.634875195507864e-21
3.029052734375 -2.732075747336962e-21
3.029296875 -2.548686174144776e-21
3.029541015625 -2.364311901772024e-21
3.02978515625 -2.229048027482886e-21
3.030029296875 -2.021950632716363e-21
3.0302734375 -1.773560647242003e-21
3.030517578125 -1.560472608148008e-21
3.03076171875 -1.316882935076204e-21
3.031005859375 -1.046359618680008e-21
3.03125 -9.652010194379076e-22
3.031494140625 -1.180670450483322e-21
3.03173828125 -1.506532094843587e-21
3.031982421875 -1.813650238200364e-21
3.0322265625 -2.221587365745625e-21
3.032470703125 -2.724182342679628e-21
3.03271484375 -3.046074681876621e-21
3.032958984375 -3.157414261278542e-21
3.033203125 -3.464694801837806e-21
3.033447265625 -4.086590833589834e-21
3.03369140625 -4.377460758535252e-21
3.033935546875 -3.695718496202051e-21
3.0341796875 -2.343108133926261e-21
3.034423828125 -1.212076880707108e-21
3.03466796875 -7.050975731130343e-22
3.034912109375 -4.9026282796004e-22
3.03515625 -1.56713779023986e-22
3.035400390625 3.842088239440485e-22
3.03564453125 1.064811172483983e-21
3.035888671875 1.778194935931715e-21
3.0361328125 2.335614649029841e-21
3.036376953125 2.628624309687446e-21
3.03662109375 2.796781444159489e-21
3.036865234375 2.990880936225429e-21
3.037109375 3.084939161917841e-21
3.037353515625 2.866017280596659e-21
3.03759765625 2.351938329719045e-21
3.037841796875 1.680547932252076e-21
3.0380859375 9.06723739930174e-22
3.038330078125 1.931822771513348e-22
3.03857421875 -7.496223829934833e-23
3.038818359375 2.457156110248781e-22
3.0390625 7.24891504069008e-22
3.039306640625 9.359378268575985e-22
3.03955078125 1.136918830364673e-21
3.039794921875 1.834052370479941e-21
3.0400390625 2.819597968800387e-21
3.040283203125 3.293203153148726e-21
3.04052734375 2.988338650481499e-21
3.040771484375 2.575506352417425e-21
3.041015625 2.741678335525117e-21
3.041259765625 3.340405427990482e-21
3.04150390625 3.719027260347792e-21
3.041748046875 3.540366772661497e-21
3.0419921875 3.006876581839846e-21
3.042236328125 2.511318847940042e-21
3.04248046875 2.310066966314795e-21
3.042724609375 2.384565077619458e-21
3.04296875 2.440247116385571e-21
3.043212890625 2.159817540978682e-21
3.04345703125 1.580518289402926e-21
3.043701171875 1.099545228768459e-21
3.0439453125 1.017490047662788e-21
3.044189453125 1.214724809623751e-21
3.04443359375 1.357857239424544e-21
3.044677734375 1.266989642652127e-21
3.044921875 9.836113634646958e-22
3.045166015625 6.434697205184535e-22
3.04541015625 4.197241968434795e-22
3.045654296875 4.606887198150505e-22
3.0458984375 7.333293344856472e-22
3.046142578125 1.009944649242307e-21
3.04638671875 1.119656867999677e-21
3.046630859375 1.110749076842735e-21
3.046875 1.049977625955102e-21
3.047119140625 8.061318081265642e-22
3.04736328125 2.397164596567183e-22
3.047607421875 -4.805618117124062e-22
3.0478515625 -1.006217263190449e-21
3.048095703125 -1.242821851790665e-21
3.04833984375 -1.390734813551208e-21
3.048583984375 -1.515317539071472e-21
3.048828125 -1.395881663344785e-21
3.049072265625 -9.616717959092569e-22
3.04931640625 -5.537522822269744e-22
3.049560546875 -4.451583089502231e-22
3.0498046875 -3.60095883518445e-22
3.050048828125 1.002250074909134e-22
3.05029296875 7.247770861889472e-22
3.050537109375 9.387130811143785e-22
3.05078125 7.561104708789529e-22
3.051025390625 8.356049642737775e-22
3.05126953125 1.387487117046961e-21
3.051513671875 1.679901264536716e-21
3.0517578125 1.077214202457033e-21
3.052001953125 3.961179366046216e-23
3.05224609375 -5.273998584209962e-22
3.052490234375 -5.789219863051982e-22
3.052734375 -8.912969107944837e-22
3.052978515625 -1.840967175478191e-21
3.05322265625 -2.887616736305984e-21
3.053466796875 -3.352945339545334e-21
3.0537109375 -3.21272968898837e-21
3.053955078125 -2.977043055216575e-21
3.05419921875 -3.106673158206459e-21
3.054443359375 -3.604105406721138e-21
3.0546875 -3.95634624452167e-21
3.054931640625 -3.584872422613894e-21
3.05517578125 -2.609508819275346e-21
3.055419921875 -1.920059824462302e-21
3.0556640625 -2.096261348926387e-21
3.055908203125 -2.570606578663272e-21
3.05615234375 -2.440284393357291e-21
3.056396484375 -1.807514309878514e-21
3.056640625 -1.526562959680929e-21
3.056884765625 -1.79849392963211e-21
3.05712890625 -1.970340905939089e-21
3.057373046875 -1.764048853570256e-21
3.0576171875 -1.684345613690367e-21
3.057861328125 -1.934762007968982e-21
3.05810546875 -1.91677527982026e-21
3.058349609375 -1.29232170469073e-21
3.05859375 -6.819184976604844e-22
3.058837890625 -6.940229350172697e-22
3.05908203125 -9.790979369109379e-22
3.059326171875 -9.082041205277276e-22
3.0595703125 -5.720441184833047e-22
3.059814453125 -4.014619480346484e-22
3.06005859375 -3.108353404899029e-22
3.060302734375 5.891559222763386e-23
3.060546875 6.527155426686994e-22
3.060791015625 1.22305566625431e-21
3.06103515625 1.830864703271862e-21
3.061279296875 2.447933777256002e-21
3.0615234375 2.496351662309916e-21
3.061767578125 1.599286219716962e-21
3.06201171875 4.745600323569833e-22
3.062255859375 2.017942899352601e-22
3.0625 7.545009817393336e-22
3.062744140625 1.10428494310307e-21
3.06298828125 7.148077330483168e-22
3.063232421875 8.213809592606873e-23
3.0634765625 -2.616622541625287e-22
3.063720703125 -4.349700493552318e-22
3.06396484375 -6.519273470587851e-22
3.064208984375 -6.944130868163652e-22
3.064453125 -3.323655038659367e-22
3.064697265625 1.918162225744836e-22
3.06494140625 4.793449709453635e-22
3.065185546875 5.253095123231727e-22
3.0654296875 6.875641799675734e-22
3.065673828125 1.220784896071479e-21
3.06591796875 1.956153738232795e-21
3.066162109375 2.411411544119627e-21
3.06640625 2.298049238404657e-21
3.066650390625 1.952170295438131e-21
3.06689453125 1.968241999695218e-21
3.067138671875 2.269301887705114e-21
3.0673828125 2.043139615547826e-21
3.067626953125 9.991066381147505e-22
3.06787109375 1.205707222498885e-22
3.068115234375 4.376798466979137e-22
3.068359375 1.459715782826208e-21
3.068603515625 1.763288023595411e-21
3.06884765625 9.671351887745266e-22
3.069091796875 1.056122037940116e-22
3.0693359375 -1.626149876372791e-23
3.069580078125 2.080299986223561e-22
3.06982421875 1.815458016870061e-22
3.070068359375 1.116554070816375e-22
3.0703125 4.482711322332839e-22
3.070556640625 1.01621372628738e-21
3.07080078125 1.364173170496136e-21
3.071044921875 1.542101853434076e-21
3.0712890625 1.95395701867336e-21
3.071533203125 2.713984415995145e-21
3.07177734375 3.582391228515825e-21
3.072021484375 4.284508255284855e-21
3.072265625 4.549496115602498e-21
3.072509765625 4.128158102097395e-21
3.07275390625 3.126048922006037e-21
3.072998046875 2.056843361936838e-21
3.0732421875 1.258067491233277e-21
3.073486328125 5.305053522399556e-22
3.07373046875 -3.771200747022041e-22
3.073974609375 -1.292087756688175e-21
3.07421875 -1.969978611513514e-21
3.074462890625 -2.546259329735096e-21
3.07470703125 -3.196568084098008e-21
3.074951171875 -3.657506688226577e-21
3.0751953125 -3.575317810994265e-21
3.075439453125 -3.10911355478348e-21
3.07568359375 -2.709536493692623e-21
3.075927734375 -2.477865941954193e-21
3.076171875 -2.215763525998153e-21
3.076416015625 -1.940303230846785e-21
3.07666015625 -1.826944773273998e-21
3.076904296875 -1.743989756639833e-21
3.0771484375 -1.394210271771393e-21
3.077392578125 -9.0895149789226e-22
3.07763671875 -7.61314737274308e-22
3.077880859375 -1.012212559502928e-21
3.078125 -1.149828840981754e-21
3.078369140625 -8.331643845811012e-22
3.07861328125 -3.458009672748121e-22
3.078857421875 -1.110563004398362e-22
3.0791015625 -1.641558509911996e-22
3.079345703125 -3.530922316450919e-22
3.07958984375 -6.872953491764093e-22
3.079833984375 -1.152953140364155e-21
3.080078125 -1.461707199284516e-21
3.080322265625 -1.363204587466622e-21
3.08056640625 -1.056605602631821e-21
3.080810546875 -9.476993807823662e-22
3.0810546875 -1.083723705734742e-21
3.081298828125 -1.144999394763986e-21
3.08154296875 -9.44464057313547e-22
3.081787109375 -6.087635144496491e-22
3.08203125 -2.527858281700094e-22
3.082275390625 1.928432491916011e-22
3.08251953125 7.208505628884271e-22
3.082763671875 1.096513671751976e-21
3.0830078125 1.148832675515661e-21
3.083251953125 1.013655382349817e-21
3.08349609375 8.978755626625436e-22
3.083740234375 7.728791626693767e-22
3.083984375 5.288406048690532e-22
3.084228515625 2.907687287407586e-22
3.08447265625 2.812570704028547e-22
3.084716796875 4.184078691669579e-22
3.0849609375 3.711589336056355e-22
3.085205078125 5.467354881954167e-23
3.08544921875 -2.429984875529237e-22
3.085693359375 -3.321467612967618e-22
3.0859375 -3.88828003875278e-22
3.086181640625 -5.420076526569894e-22
3.08642578125 -5.087924742614566e-22
3.086669921875 8.31417654268555e-24
3.0869140625 7.712656759429575e-22
3.087158203125 1.282610207195157e-21
3.08740234375 1.514584187640549e-21
3.087646484375 1.878777116546921e-21
3.087890625 2.43585744725378e-21
3.088134765625 2.671179207905654e-21
3.08837890625 2.301297716450406e-21
3.088623046875 1.831888611205873e-21
3.0888671875 1.874053923973121e-21
3.089111328125 2.207441852911632e-21
3.08935546875 2.067204068743585e-21
3.089599609375 1.264851089282736e-21
3.08984375 4.608828277597356e-22
3.090087890625 2.176565971213549e-22
3.09033203125 2.812402132284816e-22
3.090576171875 7.116386374260279e-23
3.0908203125 -5.050808956476129e-22
3.091064453125 -1.095994987430577e-21
3.09130859375 -1.487130016699524e-21
3.091552734375 -1.685530585983814e-21
3.091796875 -1.568995754590779e-21
3.092041015625 -9.768656432918671e-22
3.09228515625 -1.99953076846709e-22
3.092529296875 1.223520021681405e-22
3.0927734375 -1.881342121025507e-22
3.093017578125 -5.540827885493194e-22
3.09326171875 -4.724950622803745e-22
3.093505859375 -2.915116019676915e-22
3.09375 -7.223870630919237e-22
3.093994140625 -1.795401110920757e-21
3.09423828125 -2.812998757685925e-21
3.094482421875 -3.283449364346941e-21
3.0947265625 -3.387632224246893e-21
3.094970703125 -3.445361140030874e-21
3.09521484375 -3.424803382434759e-21
3.095458984375 -3.223816363868149e-21
3.095703125 -3.039088323696056e-21
3.095947265625 -3.103085213451467e-21
3.09619140625 -3.276774102911306e-21
3.096435546875 -3.228828581024802e-21
3.0966796875 -2.896741865901274e-21
3.096923828125 -2.497056571900786e-21
3.09716796875 -2.156421328647559e-21
3.097412109375 -1.779670878363148e-21
3.09765625 -1.266308137774939e-21
3.097900390625 -6.7525162104267e-22
3.09814453125 -1.608932615685361e-22
3.098388671875 1.657996736240168e-22
3.0986328125 3.36368216452748e-22
3.098876953125 5.205953934315732e-22
3.09912109375 8.555676611866854e-22
3.099365234375 1.296451851287338e-21
3.099609375 1.778179345213481e-21
3.099853515625 2.451641162593589e-21
3.10009765625 3.447525806844298e-21
3.100341796875 4.401434754225784e-21
3.1005859375 4.658317939044915e-21
3.100830078125 4.133371744253479e-21
3.10107421875 3.535773593990514e-21
3.101318359375 3.446389378054895e-21
3.1015625 3.607397658858947e-21
3.101806640625 3.533010071753767e-21
3.10205078125 3.383698904233371e-21
3.102294921875 3.623325127919027e-21
3.1025390625 4.100207064808467e-21
3.102783203125 4.186808181677459e-21
3.10302734375 3.736667664270855e-21
3.103271484375 3.207179201286457e-21
3.103515625 2.827513032438493e-21
3.103759765625 2.350163850042109e-21
3.10400390625 1.744679173617729e-21
3.104248046875 1.422180571353719e-21
3.1044921875 1.499300160520461e-21
3.104736328125 1.487216209969084e-21
3.10498046875 1.089991770374498e-21
3.105224609375 7.350910543268223e-22
3.10546875 8.359542909538624e-22
3.105712890625 1.021533340408662e-21
3.10595703125 6.811892004939309e-22
3.106201171875 -6.839423514284378e-23
3.1064453125 -5.769149915092303e-22
3.106689453125 -6.218860912928696e-22
3.10693359375 -5.812339673864171e-22
3.107177734375 -7.36765325355413e-22
3.107421875 -9.81733705600513e-22
3.107666015625 -1.24225239320286e-21
3.10791015625 -1.648940614022043e-21
3.108154296875 -2.143619394748855e-21
3.1083984375 -2.355573488560583e-21
3.108642578125 -2.089307140862001e-21
3.10888671875 -1.625044078373129e-21
3.109130859375 -1.322917454217633e-21
3.109375 -1.167255658453674e-21
3.109619140625 -9.116851350205528e-22
3.10986328125 -4.978008495319287e-22
3.110107421875 -1.229779140703731e-22
3.1103515625 1.525200693761416e-24
3.110595703125 -2.061742489460576e-22
3.11083984375 -7.169507941409593e-22
3.111083984375 -1.398189654864554e-21
3.111328125 -2.03565064438633e-21
3.111572265625 -2.465689203488572e-21
3.11181640625 -2.690344653214426e-21
3.112060546875 -2.811304288390231e-21
3.1123046875 -2.876255379604775e-21
3.112548828125 -2.839396807160756e-21
3.11279296875 -2.654184849721132e-21
3.113037109375 -2.364582767700028e-21
3.11328125 -2.097030315323893e-21
3.113525390625 -1.947022822556874e-21
3.11376953125 -1.856682160490138e-21
3.114013671875 -1.662475038002108e-21
3.1142578125 -1.345835070823004e-21
3.114501953125 -1.177917657654153e-21
3.11474609375 -1.443482739496178e-21
3.114990234375 -1.98806920017003e-21
3.115234375 -2.232089780568152e-21
3.115478515625 -1.789712510812315e-21
3.11572265625 -9.64848696107114e-22
3.115966796875 -4.345740059047774e-22
3.1162109375 -4.686665084517331e-22
3.116455078125 -6.788666869898081e-22
3.11669921875 -5.969860111392064e-22
3.116943359375 -2.755444700496652e-22
3.1171875 -1.266500716187526e-22
3.117431640625 -3.071561976659723e-22
3.11767578125 -5.433779086136442e-22
3.117919921875 -5.710557692857636e-22
3.1181640625 -4.76482619566275e-22
3.118408203125 -4.751405153568673e-22
3.11865234375 -5.643781290116423e-22
3.118896484375 -5.948268500411964e-22
3.119140625 -5.456651959229186e-22
3.119384765625 -4.892559339608769e-22
3.11962890625 -3.554408713906605e-22
3.119873046875 -5.419909776102746e-24
3.1201171875 4.363062200342958e-22
3.120361328125 5.875739022177145e-22
3.12060546875 2.741579851791296e-22
3.120849609375 -1.79703700147779e-22
3.12109375 -2.708317437174657e-22
3.121337890625 1.594414164594689e-22
3.12158203125 8.115265678103854e-22
3.121826171875 1.249383017832965e-21
3.1220703125 1.262804302648755e-21
3.122314453125 1.007572004686058e-21
3.12255859375 8.649711451371812e-22
3.122802734375 1.075382936459661e-21
3.123046875 1.463811152858365e-21
3.123291015625 1.666629022977906e-21
3.12353515625 1.692093653945549e-21
3.123779296875 2.03486638826124e-21
3.1240234375 3.0424733942017e-21
3.124267578125 4.357047864264329e-21
3.12451171875 5.290910066563405e-21
3.124755859375 5.674666180632803e-21
3.125 5.976666116794974e-21
3.125244140625 6.536516610504872e-21
3.12548828125 7.04879785458164e-21
3.125732421875 7.020127495263491e-21
3.1259765625 6.465619770087167e-21
3.126220703125 5.823465801072593e-21
3.12646484375 5.29320644977329e-21
3.126708984375 4.619614550053943e-21
3.126953125 3.594456298494457e-21
3.127197265625 2.476882537972442e-21
3.12744140625 1.716602404548228e-21
3.127685546875 1.396843712906358e-21
3.1279296875 1.149826385451243e-21
3.128173828125 5.938556545515205e-22
3.12841796875 -2.812947590738881e-22
3.128662109375 -1.143891263288125e-21
3.12890625 -1.610410718437801e-21
3.129150390625 -1.51784723556743e-21
3.12939453125 -1.045718972644372e-21
3.129638671875 -6.039090319938515e-22
3.1298828125 -4.950954814070087e-22
3.130126953125 -6.483112578978416e-22
3.13037109375 -7.643815219345315e-22
3.130615234375 -7.174628394680048e-22
3.130859375 -6.707471540756611e-22
3.131103515625 -7.780074781195305e-22
3.13134765625 -9.800603797360716e-22
3.131591796875 -1.212658605935975e-21
3.1318359375 -1.613864517576077e-21
3.132080078125 -2.315636134480223e-21
3.13232421875 -3.166968324965124e-21
3.132568359375 -3.914240064538753e-21
3.1328125 -4.576770773836385e-21
3.133056640625 -5.364844998385602e-21
3.13330078125 -6.24159702785431e-21
3.133544921875 -6.860528988217877e-21
3.1337890625 -7.000507141958739e-21
3.134033203125 -6.798246903853658e-21
3.13427734375 -6.447742957708869e-21
3.134521484375 -5.925570194918487e-21
3.134765625 -5.178179030269906e-21
3.135009765625 -4.364841041812129e-21
3.13525390625 -3.693622341024514e-21
3.135498046875 -3.142801971942733e-21
3.1357421875 -2.545985829879011e-21
3.135986328125 -1.875895526646023e-21
3.13623046875 -1.281584660669711e-21
3.136474609375 -9.129785826609004e-22
3.13671875 -8.403427117374355e-22
3.136962890625 -1.055949808144783e-21
3.13720703125 -1.416444434158361e-21
3.137451171875 -1.687478674144286e-21
3.1376953125 -1.804604213452586e-21
3.137939453125 -1.982717607933655e-21
3.13818359375 -2.378372436199957e-21
3.138427734375 -2.742943597347335e-21
3.138671875 -2.643682817582638e-21
3.138916015625 -1.986272318939905e-21
3.13916015625 -1.104584000445142e-21
3.139404296875 -3.726607208346927e-22
3.1396484375 4.744039838357699e-23
3.139892578125 1.193398995245106e-22
3.14013671875 -1.054262100662662e-22
3.140380859375 -3.826306505672819e-22
3.140625 -3.994105947669271e-22
3.140869140625 -1.209593428908594e-22
3.14111328125 1.799369280083633e-22
3.141357421875 3.37961189923979e-22
3.1416015625 5.498485435772137e-22
3.141845703125 1.0931116365365e-21
3.14208984375 1.94787211379802e-21
3.142333984375 2.82308596413249e-21
3.142578125 3.438360429491653e-21
3.142822265625 3.685786306840539e-21
3.14306640625 3.636381602326386e-21
3.143310546875 3.471367702612704e-21
3.1435546875 3.289437332823228e-21
3.143798828125 2.935440651362873e-21
3.14404296875 2.189433809248008e-21
3.144287109375 1.187726017914176e-21
3.14453125 4.467964535712109e-22
3.144775390625 3.578957299912819e-22
3.14501953125 8.508433517732914e-22
3.145263671875 1.645827962764242e-21
3.1455078125 2.558392194211834e-21
3.145751953125 3.380408383507799e-21
3.14599609375 3.776384563058449e-21
3.146240234375 3.628492461893674e-21
3.146484375 3.285861806453348e-21
3.146728515625 3.13453634065883e-21
3.14697265625 3.074576154114936e-21
3.147216796875 2.768645927392901e-21
3.1474609375 2.256144554485604e-21
3.147705078125 1.898217148415712e-21
3.14794921875 1.789258901121971e-21
3.148193359375 1.679922939334583e-21
3.1484375 1.495632501221565e-21
3.148681640625 1.466803943616695e-21
3.14892578125 1.63362347671386e-21
3.149169921875 1.643028416143684e-21
3.1494140625 1.220318509909367e-21
3.149658203125 5.149871986061658e-22
3.14990234375 -1.658471170891051e-22
3.150146484375 -6.394749371093436e-22
3.150390625 -7.51037836345076e-22
3.150634765625 -4.088152135472483e-22
3.15087890625 9.084208889154422e-23
3.151123046875 2.142725504842611e-22
3.1513671875 -4.410209941086842e-23
3.151611328125 1.632956611581149e-23
3.15185546875 8.202831973491938e-22
3.152099609375 1.769972186863293e-21
3.15234375 2.015002761543981e-21
3.152587890625 1.652210018383979e-21
3.15283203125 1.502905953072773e-21
3.153076171875 1.846767482496162e-21
3.1533203125 2.098240596422835e-21
3.153564453125 1.809117565291466e-21
3.15380859375 1.315855159288614e-21
3.154052734375 1.124511083382728e-21
3.154296875 1.182369311367593e-21
3.154541015625 1.12663698459575e-21
3.15478515625 8.875737652995867e-22
3.155029296875 6.559396155735786e-22
3.1552734375 4.849862419796171e-22
3.155517578125 2.905593613018035e-22
3.15576171875 1.094481969955539e-22
3.156005859375 2.556983039197591e-23
3.15625 -9.406145990931237e-23
3.156494140625 -4.812844753622021e-22
3.15673828125 -1.066541505696457e-21
3.156982421875 -1.447121766064328e-21
3.1572265625 -1.341615896811577e-21
3.157470703125 -9.095158087283524e-22
3.15771484375 -5.077081861638164e-22
3.157958984375 -2.435065111170137e-22
3.158203125 5.755018285583755e-23
3.158447265625 4.398259321526251e-22
3.15869140625 5.806868421520087e-22
3.158935546875 1.629954794002083e-22
3.1591796875 -5.91826607443414e-22
3.159423828125 -1.05835789470523e-21
3.15966796875 -9.758774640382146e-22
3.159912109375 -8.080982606366866e-22
3.16015625 -1.115964303218477e-21
3.160400390625 -1.812577778399842e-21
3.16064453125 -2.383516667557353e-21
3.160888671875 -2.686708679648765e-21
3.1611328125 -3.072042697607518e-21
3.161376953125 -3.68402783395293e-21
3.16162109375 -4.105840779478625e-21
3.161865234375 -3.911960307729148e-21
3.162109375 -3.271612412772489e-21
3.162353515625 -2.74861698264227e-21
3.16259765625 -2.665366383454625e-21
3.162841796875 -2.864802572177937e-21
3.1630859375 -2.9940431624912e-21
3.163330078125 -2.85637976445294e-21
3.16357421875 -2.522329472491296e-21
3.163818359375 -2.180380379248974e-21
3.1640625 -1.881875185953404e-21
3.164306640625 -1.491466201758401e-21
3.16455078125 -9.614577165169884e-22
3.164794921875 -5.058822577693135e-22
3.1650390625 -3.017215097709952e-22
3.165283203125 -1.8042965011606e-22
3.16552734375 6.602135661345933e-23
3.165771484375 2.275042019371221e-22
3.166015625 -9.873390383935155e-24
3.166259765625 -3.590360449898795e-22
3.16650390625 -1.351656435496022e-22
3.166748046875 7.214907737388983e-22
3.1669921875 1.422580485749639e-21
3.167236328125 1.385007186805266e-21
3.16748046875 9.508353499661698e-22
3.167724609375 7.145684053364184e-22
3.16796875 6.759763575700279e-22
3.168212890625 5.274271956135974e-22
3.16845703125 3.081209884541241e-22
3.168701171875 2.083515706116308e-22
3.1689453125 8.74141912283573e-23
3.169189453125 -2.321494646200107e-22
3.16943359375 -5.029582385886552e-22
3.169677734375 -4.948228885430439e-22
3.169921875 -6.037022824992691e-22
3.170166015625 -1.313153959743086e-21
3.17041015625 -2.248511279351029e-21
3.170654296875 -2.543142371042946e-21
3.1708984375 -2.078235655760108e-21
3.171142578125 -1.571891590788957e-21
3.17138671875 -1.401297334658199e-21
3.171630859375 -1.149330698281945e-21
3.171875 -5.028668916881527e-22
3.172119140625 1.810183674494515e-22
3.17236328125 5.27047468466662e-22
3.172607421875 6.716623857601515e-22
3.1728515625 7.511060472872784e-22
3.173095703125 4.87809532755752e-22
3.17333984375 -2.212604968230338e-22
3.173583984375 -8.080711627481421e-22
3.173828125 -6.599253337319737e-22
3.174072265625 1.078056329416438e-22
3.17431640625 9.494617650638923e-22
3.174560546875 1.60367998040164e-21
3.1748046875 2.057099054531586e-21
3.175048828125 2.147672724072505e-21
3.17529296875 1.738078260606633e-21
3.175537109375 1.066346669627078e-21
3.17578125 4.755065099590051e-22
3.176025390625 1.449531714340729e-23
3.17626953125 -3.066771131062125e-22
3.176513671875 -2.149198233859773e-22
3.1767578125 3.454736366055208e-22
3.177001953125 7.677267096654398e-22
3.17724609375 4.913855399977257e-22
3.177490234375 -6.738513785638226e-23
3.177734375 -3.687082592840065e-23
3.177978515625 5.858493933072552e-22
3.17822265625 9.647661211438639e-22
3.178466796875 8.047887855876612e-22
3.1787109375 7.867508519396661e-22
3.178955078125 1.337274754555782e-21
3.17919921875 1.831606393709561e-21
3.179443359375 1.588139790762319e-21
3.1796875 1.004449008211825e-21
3.179931640625 9.787918380519655e-22
3.18017578125 1.565338978185769e-21
3.180419921875 1.924836915468013e-21
3.1806640625 1.496789816480518e-21
3.180908203125 6.294619051984721e-22
3.18115234375 3.702314342608335e-23
3.181396484375 8.236441004437146e-23
3.181640625 6.304724993056662e-22
3.181884765625 1.236786208991551e-21
3.18212890625 1.429670915316967e-21
3.182373046875 1.122963299700219e-21
3.1826171875 8.10855612889134e-22
3.182861328125 1.091509631586557e-21
3.18310546875 1.942799689832162e-21
3.183349609375 2.6961278039135e-21
3.18359375 2.766858573145749e-21
3.183837890625 2.204211643774916e-21
3.18408203125 1.506385510574018e-21
3.184326171875 1.128551032492837e-21
3.1845703125 1.217345004945391e-21
3.184814453125 1.591120397299196e-21
3.18505859375 1.872992706623225e-21
3.185302734375 1.797728282853894e-21
3.185546875 1.466238007484138e-21
3.185791015625 1.198511676343533e-21
3.18603515625 1.154608709162852e-21
3.186279296875 1.25422000033058e-21
3.1865234375 1.403573961498722e-21
3.186767578125 1.539556096638521e-21
3.18701171875 1.470131634746192e-21
3.187255859375 1.00963524996236e-21
3.1875 3.504583942626396e-22
3.187744140625 -4.211976682610309e-23
3.18798828125 -5.000916343792173e-23
3.188232421875 -7.114934585799519e-23
3.1884765625 -3.627419917866468e-22
3.188720703125 -5.973656714981599e-22
3.18896484375 -4.260618053077762e-22
3.189208984375 -1.454431808577478e-22
3.189453125 -2.829396149819069e-22
3.189697265625 -6.908932933267126e-22
3.18994140625 -6.552123504457053e-22
3.190185546875 5.193607553401602e-23
3.1904296875 7.845344910354118e-22
3.190673828125 8.862341219019881e-22
3.19091796875 4.814010568120742e-22
3.191162109375 1.085863323592661e-22
3.19140625 -6.365637179982203e-23
3.191650390625 -2.593170315301686e-22
3.19189453125 -5.616344454040541e-22
3.192138671875 -7.973498370122695e-22
3.1923828125 -9.134709889426551e-22
3.192626953125 -1.106501626602939e-21
3.19287109375 -1.498121922546079e-21
3.193115234375 -1.913185589161493e-21
3.193359375 -2.076560830983537e-21
3.193603515625 -1.910536224073018e-21
3.19384765625 -1.590874870363846e-21
3.194091796875 -1.380609538827663e-21
3.1943359375 -1.40266936553849e-21
3.194580078125 -1.528787681506532e-21
3.19482421875 -1.567302821050556e-21
3.195068359375 -1.617219457555655e-21
3.1953125 -2.062796568575724e-21
3.195556640625 -3.041329647335048e-21
3.19580078125 -4.085347332505228e-21
3.196044921875 -4.586498414051032e-21
3.1962890625 -4.54134050463415e-21
3.196533203125 -4.5165976266334e-21
3.19677734375 -4.879852177174289e-21
3.197021484375 -5.398401586099127e-21
3.197265625 -5.653306020081731e-21
3.197509765625 -5.496461347573862e-21
3.19775390625 -4.964773159050188e-21
3.197998046875 -4.103256560571133e-21
3.1982421875 -3.125598091277046e-21
3.198486328125 -2.463501560967374e-21
3.19873046875 -2.33536700942406e-21
3.198974609375 -2.439026509332221e-21
3.19921875 -2.356644775298488e-21
3.199462890625 -2.09619743134712e-21
3.19970703125 -1.919753436250143e-21
3.199951171875 -1.797023184116556e-21
3.2001953125 -1.436096353327343e-21
3.200439453125 -8.158783340316457e-22
3.20068359375 -2.871776058051982e-22
3.200927734375 -8.562787557254907e-23
3.201171875 -7.849415757268757e-23
3.201416015625 -7.236031097392306e-23
3.20166015625 -5.794638808627933e-23
3.201904296875 -5.157532197050756e-23
3.2021484375 -2.551482853900132e-24
3.202392578125 1.363149970000024e-23
3.20263671875 -1.851338838723488e-22
3.202880859375 -5.087995651215373e-22
3.203125 -5.306883519919072e-22
3.203369140625 -1.290071966192096e-23
3.20361328125 7.667992138329816e-22
3.203857421875 1.436057267643822e-21
3.2041015625 1.997249264510029e-21
3.204345703125 2.588839630079624e-21
3.20458984375 3.049515087341411e-21
3.204833984375 3.122490229522972e-21
3.205078125 2.943310971312539e-21
3.205322265625 2.910099008369014e-21
3.20556640625 3.122694511560258e-21
3.205810546875 3.325900650665199e-21
3.2060546875 3.385354671980737e-21
3.206298828125 3.440947643692138e-21
3.20654296875 3.559658447587487e-21
3.206787109375 3.602397547658482e-21
3.20703125 3.514515458047792e-21
3.207275390625 3.414744355092189e-21
3.20751953125 3.29391491036048e-21
3.207763671875 2.944647731920241e-21
3.2080078125 2.323509772328434e-21
3.208251953125 1.689531398307453e-21
3.20849609375 1.23523498712798e-21
3.208740234375 8.631056202129199e-22
3.208984375 4.979457492243525e-22
3.209228515625 3.414855189091229e-22
3.20947265625 5.953786451312854e-22
3.209716796875 1.151852963410502e-21
3.2099609375 1.768277765937677e-21
3.210205078125 2.345577171257904e-21
3.21044921875 2.840184416378075e-21
3.210693359375 3.131245008057317e-21
3.2109375 3.213508161361789e-21
3.211181640625 3.305864775291565e-21
3.21142578125 3.499272793406795e-21
3.211669921875 3.499545806237222e-21
3.2119140625 3.033214001957396e-21
3.212158203125 2.341613616901887e-21
3.21240234375 1.914005068011341e-21
3.212646484375 1.824455402528507e-21
3.212890625 1.688976572677391e-21
3.213134765625 1.243465721149672e-21
3.21337890625 6.333108307982255e-22
3.213623046875 1.386469870081438e-22
3.2138671875 -7.419972150075011e-23
3.214111328125 7.435427627585554e-23
3.21435546875 5.271658854138845e-22
3.214599609375 9.678306050426081e-22
3.21484375 1.056301368288729e-21
3.215087890625 8.660001293031718e-22
3.21533203125 8.051480610710012e-22
3.215576171875 1.012509195883643e-21
3.2158203125 1.114217896007833e-21
3.216064453125 7.235481300351418e-22
3.21630859375 -5.034029229989941e-23
3.216552734375 -7.433316010074459e-22
3.216796875 -9.986910004192374e-22
3.217041015625 -7.662361921709488e-22
3.21728515625 -2.379702862839184e-22
3.217529296875 2.611702788029312e-22
3.2177734375 4.71385018844856e-22
3.218017578125 4.277122501388705e-22
3.21826171875 3.788150690013314e-22
3.218505859375 4.103016607228966e-22
3.21875 3.367568036479214e-22
3.218994140625 6.766330954684839e-23
3.21923828125 -1.481809003848946e-22
3.219482421875 -2.629495413313439e-23
3.2197265625 3.865727642065589e-22
3.219970703125 8.465707512108496e-22
3.22021484375 1.244099183823615e-21
3.220458984375 1.562372717088482e-21
3.220703125 1.647198555819707e-21
3.220947265625 1.326494123752417e-21
3.22119140625 7.306334516068152e-22
3.221435546875 2.129144439894469e-22
3.2216796875 -8.741175548725888e-23
3.221923828125 -3.63156760042176e-22
3.22216796875 -7.501935032941948e-22
3.222412109375 -1.053361057869036e-21
3.22265625 -1.01918063923489e-21
3.222900390625 -7.324480209859413e-22
3.22314453125 -5.415795385152738e-22
3.223388671875 -6.282644282969054e-22
3.2236328125 -8.183824505191062e-22
3.223876953125 -8.435264442692868e-22
3.22412109375 -6.617166340619978e-22
3.224365234375 -4.588430871144134e-22
3.224609375 -4.278318631244688e-22
3.224853515625 -6.298263383531299e-22
3.22509765625 -9.965906322027702e-22
3.225341796875 -1.352158010614422e-21
3.2255859375 -1.488671415031707e-21
3.225830078125 -1.394687667493803e-21
3.22607421875 -1.414138401925816e-21
3.226318359375 -1.971382730525293e-21
3.2265625 -3.038165811342583e-21
3.226806640625 -4.049231450679165e-21
3.22705078125 -4.499021535725284e-21
3.227294921875 -4.479615066193097e-21
3.2275390625 -4.44364931607373e-21
3.227783203125 -4.564812069140903e-21
3.22802734375 -4.589948705524339e-21
3.228271484375 -4.280730110922222e-21
3.228515625 -3.738764149391175e-21
3.228759765625 -3.248954875135415e-21
3.22900390625 -2.996297754505924e-21
3.229248046875 -2.987579593825723e-21
3.2294921875 -3.093665084851186e-21
3.229736328125 -3.127298864104398e-21
3.22998046875 -3.015114417627685e-21
3.230224609375 -2.916599305121876e-21
3.23046875 -3.053281730613374e-21
3.230712890625 -3.432742580844572e-21
3.23095703125 -3.866667373740234e-21
3.231201171875 -4.19833089034078e-21
3.2314453125 -4.33510941829377e-21
3.231689453125 -4.150650027986779e-21
3.23193359375 -3.637857229602257e-21
3.232177734375 -3.134777066788175e-21
3.232421875 -3.081445618117199e-21
3.232666015625 -3.488743820171596e-21
3.23291015625 -3.899909203801605e-21
3.233154296875 -3.902017872359312e-21
3.2333984375 -3.403055721123545e-21
3.233642578125 -2.435090380703899e-21
3.23388671875 -1.106062050735244e-21
3.234130859375 1.698399924692939e-22
3.234375 8.648785347465155e-22
3.234619140625 9.818517084944436e-22
3.23486328125 1.090049947940712e-21
3.235107421875 1.461996765828408e-21
3.2353515625 1.620726247695539e-21
3.235595703125 1.121119627983058e-21
3.23583984375 3.524249328830793e-22
3.236083984375 2.809418743112533e-23
3.236328125 1.756433303966842e-22
3.236572265625 2.540057626736327e-22
3.23681640625 1.326665011042713e-22
3.237060546875 2.96961217011756e-22
3.2373046875 1.026493757788503e-21
3.237548828125 1.950564047891378e-21
3.23779296875 2.60734473493604e-21
3.238037109375 2.985663783533013e-21
3.23828125 3.268126007905794e-21
3.238525390625 3.402114633554259e-21
3.23876953125 3.238204766385789e-21
3.239013671875 2.894298728633304e-21
3.2392578125 2.704037993584149e-21
3.239501953125 2.853251649263932e-21
3.23974609375 3.192465744058371e-21
3.239990234375 3.36015322147127e-21
3.240234375 3.070367375429463e-21
3.240478515625 2.391688768409672e-21
3.24072265625 1.737491114877863e-21
3.240966796875 1.424401714103661e-21
3.2412109375 1.263764058059572e-21
3.241455078125 8.161127657073042e-22
3.24169921875 6.293340974538867e-23
3.241943359375 -4.535997289366434e-22
3.2421875 -2.64441078284428e-22
3.242431640625 4.993820012668042e-22
3.24267578125 1.363266022561377e-21
3.242919921875 2.07800165903771e-21
3.2431640625 2.727511821351257e-21
3.243408203125 3.404268725853767e-21
3.24365234375 3.997951514629371e-21
3.243896484375 4.283651302408998e-21
3.244140625 4.090120918017172e-21
3.244384765625 3.402164233197951e-21
3.24462890625 2.39360881913012e-21
3.244873046875 1.356232268501666e-21
3.2451171875 5.436890260360664e-22
3.245361328125 6.973712388232218e-23
3.24560546875 -8.339366845829785e-23
3.245849609375 -2.872446408296021e-23
3.24609375 8.57715965865713e-23
3.246337890625 2.107609897171626e-22
3.24658203125 4.58415069027933e-22
3.246826171875 9.256398356423765e-22
3.2470703125 1.486322298777144e-21
3.247314453125 1.900500811766277e-21
3.24755859375 2.100064900202866e-21
3.247802734375 2.193472215781714e-21
3.248046875 2.218615189903076e-21
3.248291015625 2.124875985780929e-21
3.24853515625 2.009568468654351e-21
3.248779296875 2.082896976640028e-21
3.2490234375 2.298714846131777e-21
3.249267578125 2.309467088494062e-21
3.24951171875 1.971392416826342e-21
3.249755859375 1.628059607098856e-21
3.25 1.61154581173585e-21
3.250244140625 1.652486302684419e-21
3.25048828125 1.149849448474693e-21
3.250732421875 -7.774689923135626e-24
3.2509765625 -1.222631277063015e-21
3.251220703125 -1.861229334890393e-21
3.25146484375 -1.886652306323447e-21
3.251708984375 -1.695447492058908e-21
3.251953125 -1.549026005712987e-21
3.252197265625 -1.390904488883656e-21
3.25244140625 -1.122112082947172e-21
3.252685546875 -7.849328733619625e-22
3.2529296875 -4.136934439756955e-22
3.253173828125 7.856219255279183e-23
3.25341796875 6.852728821047989e-22
3.253662109375 1.099890589773091e-21
3.25390625 9.836724016230394e-22
3.254150390625 4.557826176427598e-22
3.25439453125 5.324707437494049e-23
3.254638671875 7.632821205805994e-23
3.2548828125 2.146445401645447e-22
3.255126953125 4.281377938067627e-23
3.25537109375 -3.328952778069765e-22
3.255615234375 -4.732910343407072e-22
3.255859375 -3.349768685252289e-22
3.256103515625 -3.573387879179581e-22
3.25634765625 -7.619600426014823e-22
3.256591796875 -1.190794979818008e-21
3.2568359375 -1.249737083531021e-21
3.257080078125 -1.069727535261409e-21
3.25732421875 -1.025727659737279e-21
3.257568359375 -1.124769049389185e-21
3.2578125 -1.001627619131988e-21
3.258056640625 -4.039138842883001e-22
3.25830078125 6.05716200699082e-22
3.258544921875 1.832110974678857e-21
3.2587890625 3.022931488197595e-21
3.259033203125 3.808427410731634e-21
3.25927734375 3.911986659087788e-21
3.259521484375 3.510954207635356e-21
3.259765625 3.135414163311855e-21
3.260009765625 3.080872513056231e-21
3.26025390625 3.090056644259765e-21
3.260498046875 2.714042604121098e-21
3.2607421875 1.819559876312807e-21
3.260986328125 6.255383005664429e-22
3.26123046875 -5.744747134058758e-22
3.261474609375 -1.518490616210489e-21
3.26171875 -1.936026962745696e-21
3.261962890625 -1.717058900609993e-21
3.26220703125 -1.182215461578132e-21
3.262451171875 -9.21658124957704e-22
3.2626953125 -1.172470473752961e-21
3.262939453125 -1.510675977870582e-21
3.26318359375 -1.399647814704261e-21
3.263427734375 -9.441732400997439e-22
3.263671875 -7.660710723559185e-22
3.263916015625 -1.107539801014703e-21
3.26416015625 -1.461312447928339e-21
3.264404296875 -1.309913438271807e-21
3.2646484375 -8.64428333481782e-22
3.264892578125 -6.79467644769562e-22
3.26513671875 -8.112457009520746e-22
3.265380859375 -8.940603821780123e-22
3.265625 -9.127556476858514e-22
3.265869140625 -1.233640903797998e-21
3.26611328125 -1.787075292610765e-21
3.266357421875 -1.919328247117025e-21
3.2666015625 -1.385336818292629e-21
3.266845703125 -8.764845669333848e-22
3.26708984375 -1.056438949171744e-21
3.267333984375 -1.564715066725971e-21
3.267578125 -1.62254566043364e-21
3.267822265625 -1.280613617115816e-21
3.26806640625 -1.295875455594364e-21
3.268310546875 -1.902133386056081e-21
3.2685546875 -2.507084827577258e-21
3.268798828125 -2.696696584717577e-21
3.26904296875 -2.777676370350157e-21
3.269287109375 -3.042187111482796e-21
3.26953125 -3.163240631032887e-21
3.269775390625 -2.776185302496775e-21
3.27001953125 -2.167472430214244e-21
3.270263671875 -1.85322711930667e-21
3.2705078125 -1.796049050768171e-21
3.270751953125 -1.581912021517632e-21
3.27099609375 -1.176043068117475e-21
3.271240234375 -9.464667839259737e-22
3.271484375 -9.9879758977392e-22
3.271728515625 -1.036163718586734e-21
3.27197265625 -9.693385052570062e-22
3.272216796875 -1.164572198376473e-21
3.2724609375 -1.824880573533422e-21
3.272705078125 -2.487086117337488e-21
3.27294921875 -2.508528668858595e-21
3.273193359375 -1.898122589250882e-21
3.2734375 -1.301188482023192e-21
3.273681640625 -1.169902140788139e-21
3.27392578125 -1.283075656367989e-21
3.274169921875 -1.20837344744019e-21
3.2744140625 -9.408343193183359e-22
3.274658203125 -7.889668842459701e-22
3.27490234375 -7.892593934486817e-22
3.275146484375 -6.522506320144663e-22
3.275390625 -3.490840545598772e-22
3.275634765625 -3.274898946757149e-22
3.27587890625 -8.610725370943542e-22
3.276123046875 -1.487637747444433e-21
3.2763671875 -1.517131593334096e-21
3.276611328125 -9.738850588339188e-22
3.27685546875 -5.932870510095313e-22
3.277099609375 -8.653811244416039e-22
3.27734375 -1.476382545844739e-21
3.277587890625 -1.785965273853264e-21
3.27783203125 -1.498729527736192e-21
3.278076171875 -7.32644866963476e-22
3.2783203125 2.271381474491315e-22
3.278564453125 1.03390151236104e-21
3.27880859375 1.41864732677787e-21
3.279052734375 1.450300777824148e-21
3.279296875 1.45930990977408e-21
3.279541015625 1.555086156392569e-21
3.27978515625 1.467594707469606e-21
3.280029296875 1.017685986047124e-21
3.2802734375 4.370118711445627e-22
3.280517578125 7.45760217308128e-24
3.28076171875 -2.960966865407441e-22
3.281005859375 -5.306678402765168e-22
3.28125 -4.852810119376232e-22
3.281494140625 -1.962695314051249e-23
3.28173828125 5.842844746705296e-22
3.281982421875 1.026452447876335e-21
3.2822265625 1.489243043557602e-21
3.282470703125 2.240218601492825e-21
3.28271484375 2.930429022248182e-21
3.282958984375 2.882254881585546e-21
3.283203125 2.054926311715312e-21
3.283447265625 1.172331488476503e-21
3.28369140625 8.039076287117602e-22
3.283935546875 7.819490373705504e-22
3.2841796875 6.376067766278008e-22
3.284423828125 1.858069491869965e-22
3.28466796875 -4.57593870174789e-22
3.284912109375 -1.0479167298164e-21
3.28515625 -1.253704103427758e-21
3.285400390625 -8.958872798715892e-22
3.28564453125 -3.05963913950165e-22
3.285888671875 -9.764160917112873e-23
3.2861328125 -4.051210458477987e-22
3.286376953125 -6.708883858292306e-22
3.28662109375 -3.679730590341776e-22
3.286865234375 3.814746364770459e-22
3.287109375 1.087673587815626e-21
3.287353515625 1.466763290473758e-21
3.28759765625 1.520623344779799e-21
3.287841796875 1.364183601861502e-21
3.2880859375 1.239966097622809e-21
3.288330078125 1.440850357646255e-21
3.28857421875 1.941751410398554e-21
3.288818359375 2.321311268764091e-21
3.2890625 2.302774659801421e-21
3.289306640625 2.166031959159457e-21
3.28955078125 2.360760538181169e-21
3.289794921875 2.892725669271325e-21
3.2900390625 3.359122528132419e-21
3.290283203125 3.445198717925243e-21
3.29052734375 3.139352294048968e-21
3.290771484375 2.590154307687778e-21
3.291015625 1.9989568282573e-21
3.291259765625 1.571574842030362e-21
3.29150390625 1.380109812929525e-21
3.291748046875 1.325993954818685e-21
3.2919921875 1.320092818620244e-21
3.292236328125 1.346067815037766e-21
3.29248046875 1.284672458956444e-21
3.292724609375 9.43817566967706e-22
3.29296875 4.055877518544853e-22
3.293212890625 5.39243778398078e-23
3.29345703125 6.228362135758854e-23
3.293701171875 1.450211880485746e-22
3.2939453125 3.22793165137361e-23
3.294189453125 -1.447149650888605e-22
3.29443359375 -2.208434599094123e-22
3.294677734375 -3.752539806937338e-22
3.294921875 -7.42715329322394e-22
3.295166015625 -9.793923858387213e-22
3.29541015625 -7.192777012213079e-22
3.295654296875 -2.315331762162992e-22
3.2958984375 -8.629386430551702e-23
3.296142578125 -3.145401771661158e-22
3.29638671875 -4.420917272718926e-22
3.296630859375 -2.612903824604079e-22
3.296875 1.017705057106898e-24
3.297119140625 2.568977702393234e-22
3.29736328125 7.011277159484131e-22
3.297607421875 1.290841073928948e-21
3.2978515625 1.625974630517048e-21
3.298095703125 1.516727466907956e-21
3.29833984375 1.216883364969735e-21
3.298583984375 9.472761653179579e-22
3.298828125 6.462024558729483e-22
3.299072265625 3.486708736384781e-22
3.29931640625 2.936672575764334e-22
3.299560546875 3.788047760876118e-22
3.2998046875 1.234999302809484e-23
3.300048828125 -1.063319062884996e-21
3.30029296875 -2.174204753207376e-21
3.300537109375 -2.440823840752444e-21
3.30078125 -1.885181763537772e-21
3.301025390625 -1.310121880155574e-21
3.30126953125 -1.160509158366538e-21
3.301513671875 -1.009784901482301e-21
3.3017578125 -2.824427304174314e-22
3.302001953125 9.105504940628673e-22
3.30224609375 1.905408666536715e-21
3.302490234375 2.259784815408728e-21
3.302734375 2.14017067143655e-21
3.302978515625 1.971290685420973e-21
3.30322265625 1.911682656086281e-21
3.303466796875 1.782154907623006e-21
3.3037109375 1.407595496084329e-21
3.303955078125 8.592701782679107e-22
3.30419921875 3.521147242558761e-22
3.304443359375 5.934957002034065e-23
3.3046875 7.036365181154951e-23
3.304931640625 3.461515445926004e-22
3.30517578125 6.277376263252289e-22
3.305419921875 6.19175826684802e-22
3.3056640625 4.339067196354258e-22
3.305908203125 6.013333194354867e-22
3.30615234375 1.336882242681871e-21
3.306396484375 2.043190386261132e-21
3.306640625 1.971247559699158e-21
3.306884765625 1.249114667354016e-21
3.30712890625 7.38034990357094e-22
3.307373046875 8.569188832590599e-22
3.3076171875 1.096285707654139e-21
3.307861328125 8.672696257272903e-22
3.30810546875 3.200636590089383e-22
3.308349609375 -8.970231124935511e-24
3.30859375 2.233345400582491e-23
3.308837890625 1.418450756336086e-22
3.30908203125 1.847871299422865e-22
3.309326171875 2.137284520379848e-22
3.3095703125 2.069357772397246e-22
3.309814453125 7.077585410527995e-24
3.31005859375 -3.619302720864748e-22
3.310302734375 -5.706538614960809e-22
3.310546875 -2.90687887280389e-22
3.310791015625 4.490125630773162e-22
3.31103515625 1.251336253660609e-21
3.311279296875 1.681798036504878e-21
3.3115234375 1.628262285594174e-21
3.311767578125 1.325122914335122e-21
3.31201171875 9.962989636121748e-22
3.312255859375 5.759163728188014e-22
3.3125 -7.913527908209096e-23
3.312744140625 -8.11802623636464e-22
3.31298828125 -1.266258898389208e-21
3.313232421875 -1.356177688128232e-21
3.3134765625 -1.359045349310421e-21
3.313720703125 -1.50289829431054e-21
3.31396484375 -1.723788386042875e-21
3.314208984375 -1.898511659433703e-21
3.314453125 -2.056736215788111e-21
3.314697265625 -2.279284449809152e-21
3.31494140625 -2.6256115434338e-21
3.315185546875 -3.206120811846099e-21
3.3154296875 -4.038791129478389e-21
3.315673828125 -4.796239612760048e-21
3.31591796875 -5.056852435049584e-21
3.316162109375 -4.889071939998754e-21
3.31640625 -4.777102023949213e-21
3.316650390625 -4.850856514831583e-21
3.31689453125 -4.688931266229587e-21
3.317138671875 -4.102954530691317e-21
3.3173828125 -3.539853527097163e-21
3.317626953125 -3.303987058991942e-21
3.31787109375 -2.945570822840017e-21
3.318115234375 -2.020103773556407e-21
3.318359375 -9.893469996931844e-22
3.318603515625 -6.045785415533345e-22
3.31884765625 -6.988311102877698e-22
3.319091796875 -4.722277999870125e-22
3.3193359375 1.236312322582304e-22
3.319580078125 2.394963375672005e-22
3.31982421875 -4.733402725591441e-22
3.320068359375 -1.232149061023632e-21
3.3203125 -1.310851454555027e-21
3.320556640625 -1.101191737266547e-21
3.32080078125 -1.390906949646296e-21
3.321044921875 -2.142770949596598e-21
3.3212890625 -2.686969120632823e-21
3.321533203125 -2.775012679229409e-21
3.32177734375 -2.721014948346469e-21
3.322021484375 -2.675413182032405e-21
3.322265625 -2.49381770967757e-21
3.322509765625 -2.337697147943934e-21
3.32275390625 -2.698823774417625e-21
3.322998046875 -3.600116116063727e-21
3.3232421875 -4.325724241963798e-21
3.323486328125 -4.273966752069154e-21
3.32373046875 -3.678696900716538e-21
3.323974609375 -3.14621595569808e-21
3.32421875 -2.818189926022129e-21
3.324462890625 -2.402206479378645e-21
3.32470703125 -1.789421782503856e-21
3.324951171875 -1.173267726745495e-21
3.3251953125 -6.532814336051988e-22
3.325439453125 -1.697550107011768e-22
3.32568359375 1.754167276374028e-22
3.325927734375 1.733154924324911e-22
3.326171875 -3.196013903085225e-23
3.326416015625 3.93569703890931e-23
3.32666015625 5.378138653203378e-22
3.326904296875 1.010220067748395e-21
3.3271484375 1.056354358364872e-21
3.327392578125 9.272435869957895e-22
3.32763671875 1.089942743932193e-21
3.327880859375 1.435004857480994e-21
3.328125 1.410845519462324e-21
3.328369140625 9.06213670148948e-22
3.32861328125 5.060081085765565e-22
3.328857421875 7.039384647253778e-22
3.3291015625 1.229344423996322e-21
3.329345703125 1.44003276787656e-21
3.32958984375 1.178553221979894e-21
3.329833984375 9.145236491872765e-22
3.330078125 1.071557923912407e-21
3.330322265625 1.51073459136299e-21
3.33056640625 1.819840900298549e-21
3.330810546875 1.933024390680436e-21
3.3310546875 2.198349420704177e-21
3.331298828125 2.807602989028505e-21
3.33154296875 3.421768113113398e-21
3.331787109375 3.576547917248934e-21
3.33203125 3.309292606716574e-21
3.332275390625 3.073375944240015e-21
3.33251953125 3.061760078706868e-21
3.332763671875 2.978237891360381e-21
3.3330078125 2.582633018298645e-21
3.333251953125 2.101676396365523e-21
3.33349609375 1.862458901288831e-21
3.333740234375 1.805410626902937e-21
3.333984375 1.667142265125693e-21
3.334228515625 1.442420794890257e-21
3.33447265625 1.335158108992014e-21
3.334716796875 1.382351657185072e-21
3.3349609375 1.444835313913377e-21
3.335205078125 1.485960470942655e-21
3.33544921875 1.566546722677416e-21
3.335693359375 1.630277218478158e-21
3.3359375 1.567893203438566e-21
3.336181640625 1.437846808967333e-21
3.33642578125 1.379242927306734e-21
3.336669921875 1.382949608088794e-21
3.3369140625 1.379548664949483e-21
3.337158203125 1.435809879370289e-21
3.33740234375 1.613614239961197e-21
3.337646484375 1.785354029192963e-21
3.337890625 1.872445916814427e-21
3.338134765625 2.081424611849134e-21
3.33837890625 2.561611466613715e-21
3.338623046875 3.033835724223263e-21
3.3388671875 3.18375590081934e-21
3.339111328125 3.234347735726826e-21
3.33935546875 3.620735186413049e-21
3.339599609375 4.238695302415038e-21
3.33984375 4.588747906484913e-21
3.340087890625 4.588366474129619e-21
3.34033203125 4.619222687918687e-21
3.340576171875 4.770064726277432e-21
3.3408203125 4.687637096644011e-21
3.341064453125 4.270785435831743e-21
3.34130859375 3.868744009678645e-21
3.341552734375 3.636001699325015e-21
3.341796875 3.32236337321107e-21
3.342041015625 2.901785495994622e-21
3.34228515625 2.758998096727276e-21
3.342529296875 2.960406423386247e-21
3.3427734375 2.955643295420707e-21
3.343017578125 2.373691998193511e-21
3.34326171875 1.58269339930484e-21
3.343505859375 1.086495110345139e-21
3.34375 8.633829041289093e-22
3.343994140625 6.760707123293887e-22
3.34423828125 5.391622113721277e-22
3.344482421875 4.6385456748958e-22
3.3447265625 2.009256984597848e-22
3.344970703125 -3.210438802986314e-22
3.34521484375 -7.031268584066427e-22
3.345458984375 -6.28797802780451e-22
3.345703125 -3.277548883524983e-22
3.345947265625 -1.454978380863332e-22
3.34619140625 -1.050232173762379e-22
3.346435546875 -2.412895619659542e-22
3.3466796875 -7.925695639159218e-22
3.346923828125 -1.566196837420549e-21
3.34716796875 -1.703356761979923e-21
3.347412109375 -7.436944786946871e-22
3.34765625 5.294224377481321e-22
3.347900390625 1.011278498490691e-21
3.34814453125 6.893427759364141e-22
3.348388671875 4.420658559678367e-22
3.3486328125 7.390301755964989e-22
3.348876953125 1.269812581854551e-21
3.34912109375 1.643190623696033e-21
3.349365234375 1.735202328673907e-21
3.349609375 1.473356286138353e-21
3.349853515625 9.168068485335684e-22
3.35009765625 4.330286354036889e-22
3.350341796875 2.256359928721522e-22
3.3505859375 -1.328390989968584e-22
3.350830078125 -1.125633886970816e-21
3.35107421875 -2.496373765740873e-21
3.351318359375 -3.666045553408991e-21
3.3515625 -4.664385059199837e-21
3.351806640625 -5.881415632709291e-21
3.35205078125 -7.104770119129404e-21
3.352294921875 -7.663215401131264e-21
3.3525390625 -7.457052105767843e-21
3.352783203125 -7.020898547756272e-21
3.35302734375 -6.585793592267358e-21
3.353271484375 -5.900203528146983e-21
3.353515625 -4.996443597871693e-21
3.353759765625 -4.297451536066398e-21
3.35400390625 -3.887291185154361e-21
3.354248046875 -3.483568367857315e-21
3.3544921875 -3.186766383235575e-21
3.354736328125 -3.371222096432035e-21
3.35498046875 -3.735630035750481e-21
3.355224609375 -3.466281261027518e-21
3.35546875 -2.613292951670488e-21
3.355712890625 -2.287438296112654e-21
3.35595703125 -3.038370165891076e-21
3.356201171875 -3.983467626438954e-21
3.3564453125 -4.129433654170891e-21
3.356689453125 -3.702071077528341e-21
3.35693359375 -3.482499061262509e-21
3.357177734375 -3.598022570216804e-21
3.357421875 -3.76712028135323e-21
3.357666015625 -4.087912875741274e-21
3.35791015625 -4.67433122139491e-21
3.358154296875 -4.975790099425337e-21
3.3583984375 -4.408734772392094e-21
3.358642578125 -3.411838286238688e-21
3.35888671875 -2.981217254839879e-21
3.359130859375 -3.260915580582809e-21
3.359375 -3.417385647700288e-21
3.359619140625 -2.924256602000933e-21
3.35986328125 -2.20168936490419e-21
3.360107421875 -1.822008662687373e-21
3.3603515625 -1.736619494587108e-21
3.360595703125 -1.573075200159045e-21
3.36083984375 -1.214828873961328e-21
3.361083984375 -7.530555380106365e-22
3.361328125 -1.762947253722439e-22
3.361572265625 5.532546603993011e-22
3.36181640625 1.253786732831874e-21
3.362060546875 1.636557606286863e-21
3.3623046875 1.668760179948864e-21
3.362548828125 1.646640123159222e-21
3.36279296875 1.831854418404422e-21
3.363037109375 2.12837123551087e-21
3.36328125 2.279410070703268e-21
3.363525390625 2.325548466219662e-21
3.36376953125 2.554870117892973e-21
3.364013671875 2.889983280123595e-21
3.3642578125 2.752106546562758e-21
3.364501953125 1.92312340681455e-21
3.36474609375 1.146821717716355e-21
3.364990234375 1.199837215784935e-21
3.365234375 1.586951623537861e-21
3.365478515625 1.04789907199716e-21
3.36572265625 -5.732178175928082e-22
3.365966796875 -1.919346281485037e-21
3.3662109375 -1.941524430423093e-21
3.366455078125 -1.240972849129136e-21
3.36669921875 -9.899303744656149e-22
3.366943359375 -1.269620935405284e-21
3.3671875 -1.295826432675651e-21
3.367431640625 -7.705714794713284e-22
3.36767578125 -9.150051883535848e-23
3.367919921875 5.286363499221152e-22
3.3681640625 1.277057982791039e-21
3.368408203125 2.121657724495872e-21
3.36865234375 2.71263883876948e-21
3.368896484375 2.960981717168708e-21
3.369140625 3.133674108511397e-21
3.369384765625 3.321940994167294e-21
3.36962890625 3.320123950453647e-21
3.369873046875 3.064043351905513e-21
3.3701171875 2.712445857264075e-21
3.370361328125 2.264058248849941e-21
3.37060546875 1.562096674292055e-21
3.370849609375 7.430372883106438e-22
3.37109375 2.57334135566499e-22
3.371337890625 3.480277591148105e-22
3.37158203125 8.195116233670728e-22
3.371826171875 1.329579251421387e-21
3.3720703125 1.621144680632093e-21
3.372314453125 1.565892997750215e-21
3.37255859375 1.3474753513704e-21
3.372802734375 1.476903013353355e-21
3.373046875 2.190776818985905e-21
3.373291015625 2.96286069131439e-21
3.37353515625 3.11334249138169e-21
3.373779296875 2.768973899888595e-21
3.3740234375 2.6132561441901e-21
3.374267578125 2.77923639355964e-21
3.37451171875 2.730672170674796e-21
3.374755859375 2.283320414640305e-21
3.375 1.924825490622147e-21
3.375244140625 1.885947091619425e-21
3.37548828125 1.694632852837626e-21
3.375732421875 1.058742506001855e-21
3.3759765625 4.654709414808023e-22
3.376220703125 3.623378981549175e-22
3.37646484375 3.733093401431265e-22
3.376708984375 -9.913310835750668e-24
3.376953125 -4.627403331250784e-22
3.377197265625 -3.152197361736376e-22
3.37744140625 3.248829835524524e-22
3.377685546875 7.285451148846138e-22
3.3779296875 6.720036745408704e-22
3.378173828125 6.453576358613406e-22
3.37841796875 9.562957485808806e-22
3.378662109375 1.357053867510216e-21
3.37890625 1.679464809480755e-21
3.379150390625 2.157621734498203e-21
3.37939453125 2.84804210116908e-21
3.379638671875 3.28572924516664e-21
3.3798828125 3.081556535594462e-21
3.380126953125 2.470479660869756e-21
3.38037109375 1.922853305508702e-21
3.380615234375 1.537198587555937e-21
3.380859375 1.175675952005781e-21
3.381103515625 9.217286454484692e-22
3.38134765625 9.747630416905454e-22
3.381591796875 1.235200097601866e-21
3.3818359375 1.404514656806178e-21
3.382080078125 1.452256236664821e-21
3.38232421875 1.620432365121725e-21
3.382568359375 1.963278203333173e-21
3.3828125 2.238833085272106e-21
3.383056640625 2.324520875617667e-21
3.38330078125 2.392619038759015e-21
3.383544921875 2.519325587302424e-21
3.3837890625 2.4397264461831e-21
3.384033203125 1.955027555047944e-21
3.38427734375 1.350869165051137e-21
3.384521484375 1.063997330769831e-21
3.384765625 1.028996451965784e-21
3.385009765625 7.186713980198852e-22
3.38525390625 -1.243537520784429e-22
3.385498046875 -1.108335987923837e-21
3.3857421875 -1.679473401989588e-21
3.385986328125 -1.754307914891815e-21
3.38623046875 -1.675875230586448e-21
3.386474609375 -1.690172463965649e-21
3.38671875 -1.699100628682662e-21
3.386962890625 -1.522892254025207e-21
3.38720703125 -1.238221075996702e-21
3.387451171875 -1.155473126850942e-21
3.3876953125 -1.441424011826366e-21
3.387939453125 -1.792648353771218e-21
3.38818359375 -1.629517108176205e-21
3.388427734375 -7.737968741304625e-22
3.388671875 1.827713522207898e-22
3.388916015625 4.913954414140994e-22
3.38916015625 2.098061334765314e-22
3.389404296875 1.386722707682897e-22
3.3896484375 6.621522402360013e-22
3.389892578125 1.142241011389334e-21
3.39013671875 8.44288302675117e-22
3.390380859375 4.063457213097568e-23
3.390625 -3.97620424314553e-22
3.390869140625 -2.54971163579332e-22
3.39111328125 -1.02111536270785e-22
3.391357421875 -2.25426778132412e-22
3.3916015625 -2.159560377372356e-22
3.391845703125 1.612548786434345e-22
3.39208984375 4.270023597189813e-22
3.392333984375 1.653470658973311e-22
3.392578125 -2.37902535662192e-22
3.392822265625 -2.17462716419744e-22
3.39306640625 1.15252787856687e-23
3.393310546875 -2.339785357855892e-22
3.3935546875 -1.047614874714608e-21
3.393798828125 -1.824914505047644e-21
3.39404296875 -2.137785439077809e-21
3.394287109375 -2.140828428592699e-21
3.39453125 -2.116072853669662e-21
3.394775390625 -2.176753357593996e-21
3.39501953125 -2.481562488226814e-21
3.395263671875 -3.174400801512382e-21
3.3955078125 -3.951278219684907e-21
3.395751953125 -4.220995613044079e-21
3.39599609375 -3.934176450742323e-21
3.396240234375 -3.749369159471555e-21
3.396484375 -4.060781647415224e-21
3.396728515625 -4.352523858959232e-21
3.39697265625 -3.973023356821301e-21
3.397216796875 -3.149672726386532e-21
3.3974609375 -2.65213714426001e-21
3.397705078125 -2.67924513057514e-21
3.39794921875 -2.710433929137381e-21
3.398193359375 -2.414286564661202e-21
3.3984375 -2.092868666439809e-21
3.398681640625 -2.092065954870022e-21
3.39892578125 -2.282644004026807e-21
3.399169921875 -2.380534709820922e-21
3.3994140625 -2.411480515085438e-21
3.399658203125 -2.560271018649447e-21
3.39990234375 -2.801635140052668e-21
3.400146484375 -2.973810386082608e-21
3.400390625 -3.080161612349175e-21
3.400634765625 -3.259220696545628e-21
3.40087890625 -3.508332125592134e-21
3.401123046875 -3.623627084300662e-21
3.4013671875 -3.405001067695605e-21
3.401611328125 -2.841450887282837e-21
3.40185546875 -2.164145996510482e-21
3.402099609375 -1.764414370360841e-21
3.40234375 -1.894543505183729e-21
3.402587890625 -2.317926642114838e-21
3.40283203125 -2.418825456432217e-21
3.403076171875 -1.865600460936925e-21
3.4033203125 -1.055858136209014e-21
3.403564453125 -6.641688692617698e-22
3.40380859375 -8.102367225310594e-22
3.404052734375 -9.61763880918617e-22
3.404296875 -6.970702974370169e-22
3.404541015625 -2.70071519968167e-22
3.40478515625 -2.469049135426732e-22
3.405029296875 -7.795072103368212e-22
3.4052734375 -1.477790497910398e-21
3.405517578125 -1.92274199730052e-21
3.40576171875 -2.060360614908979e-21
3.406005859375 -2.058733223932771e-21
3.40625 -1.996113480956331e-21
3.406494140625 -1.83658942868727e-21
3.40673828125 -1.605676765977502e-21
3.406982421875 -1.419223062943702e-21
3.4072265625 -1.339538085279564e-21
3.407470703125 -1.309226461025305e-21
3.40771484375 -1.230539880033451e-21
3.407958984375 -1.023938811173317e-21
3.408203125 -6.254447343064875e-22
3.408447265625 -4.701037881192745e-23
3.40869140625 5.56137818526389e-22
3.408935546875 1.019512895481372e-21
3.4091796875 1.394391722125695e-21
3.409423828125 1.869257280461719e-21
3.40966796875 2.420953346538307e-21
3.409912109375 2.780800133017091e-21
3.41015625 2.88854787084343e-21
3.410400390625 3.112333681551484e-21
3.41064453125 3.723757631445019e-21
3.410888671875 4.349978874071783e-21
3.4111328125 4.364806461360041e-21
3.411376953125 3.787665141951747e-21
3.41162109375 3.359903166013463e-21
3.411865234375 3.616490848346235e-21
3.412109375 4.254922821417407e-21
3.412353515625 4.624117388080706e-21
3.41259765625 4.537858119119907e-21
3.412841796875 4.34526184089406e-21
3.4130859375 4.404054389269613e-21
3.413330078125 4.755230047963303e-21
3.41357421875 5.203065653532834e-21
3.413818359375 5.492353861225062e-21
3.4140625 5.480814011499826e-21
3.414306640625 5.298925343195341e-21
3.41455078125 5.247562733760108e-21
3.414794921875 5.405699577284631e-21
3.4150390625 5.480112769197426e-21
3.415283203125 5.20316528798082e-21
3.41552734375 4.714627065760876e-21
3.415771484375 4.332077463691712e-21
3.416015625 4.085680993430831e-21
3.416259765625 3.747167140103647e-21
3.41650390625 3.240138708383102e-21
3.416748046875 2.751688244017973e-21
3.4169921875 2.454422649900579e-21
3.417236328125 2.343786834550315e-21
3.41748046875 2.348763189699903e-21
3.417724609375 2.415648678376732e-21
3.41796875 2.495863883745531e-21
3.418212890625 2.615924646649548e-21
3.41845703125 2.909769455941655e-21
3.418701171875 3.396228357394167e-21
3.4189453125 3.793301286526524e-21
3.419189453125 3.790433598066449e-21
3.41943359375 3.473145241401253e-21
3.419677734375 3.225521844766123e-21
3.419921875 3.20691974683435e-21
3.420166015625 3.179597387423797e-21
3.42041015625 2.898750867903745e-21
3.420654296875 2.425989733120348e-21
3.4208984375 1.95528961685202e-21
3.421142578125 1.520269597240311e-21
3.42138671875 1.006618803026496e-21
3.421630859375 3.678821739662881e-22
3.421875 -2.375185406744695e-22
3.422119140625 -4.956134667016651e-22
3.42236328125 -1.944264652730139e-22
3.422607421875 4.584006008769859e-22
3.4228515625 8.968167407933853e-22
3.423095703125 7.892829956104477e-22
3.42333984375 4.800679444552842e-22
3.423583984375 5.6478176659738e-22
3.423828125 1.076256011924862e-21
3.424072265625 1.42030360315678e-21
3.42431640625 1.147337610452728e-21
3.424560546875 4.555646744578514e-22
3.4248046875 -1.662647205190732e-22
3.425048828125 -4.906587015575535e-22
3.42529296875 -6.135508718389594e-22
3.425537109375 -7.42552915377758e-22
3.42578125 -1.090132613789204e-21
3.426025390625 -1.752808993728599e-21
3.42626953125 -2.53206499619494e-21
3.426513671875 -3.054645534884714e-21
3.4267578125 -3.192817513322885e-21
3.427001953125 -3.188473189576568e-21
3.42724609375 -3.291755434090048e-21
3.427490234375 -3.514199927516745e-21
3.427734375 -3.803789658840177e-21
3.427978515625 -4.144583954652017e-21
3.42822265625 -4.357792328746699e-21
3.428466796875 -4.171100903057813e-21
3.4287109375 -3.694545501307431e-21
3.428955078125 -3.447202440645837e-21
3.42919921875 -3.619451086197037e-21
3.429443359375 -3.699049546913876e-21
3.4296875 -3.237359089181517e-21
3.429931640625 -2.621854053350634e-21
3.43017578125 -2.533618642526259e-21
3.430419921875 -2.896247745303341e-21
3.4306640625 -3.032461101032896e-21
3.430908203125 -2.767323933413617e-21
3.43115234375 -2.640012699479358e-21
3.431396484375 -2.911568292147839e-21
3.431640625 -3.093853251516044e-21
3.431884765625 -2.805156235179752e-21
3.43212890625 -2.478494760836483e-21
3.432373046875 -2.693129412662787e-21
3.4326171875 -3.214705320350058e-21
3.432861328125 -3.30806199243682e-21
3.43310546875 -2.804391523866144e-21
3.433349609375 -2.256290214185285e-21
3.43359375 -2.05921128670226e-21
3.433837890625 -1.98309092939625e-21
3.43408203125 -1.717387053962215e-21
3.434326171875 -1.412349576953529e-21
3.4345703125 -1.407108522705308e-21
3.434814453125 -1.73490456421417e-21
3.43505859375 -2.201057787432309e-21
3.435302734375 -2.750654713023268e-21
3.435546875 -3.45115277396177e-21
3.435791015625 -4.218945267078455e-21
3.43603515625 -4.857719388156926e-21
3.436279296875 -5.338589109231635e-21
3.4365234375 -5.793436557005689e-21
3.436767578125 -6.238521607185421e-21
3.43701171875 -6.545086436486937e-21
3.437255859375 -6.700305963388741e-21
3.4375 -6.852950414564676e-21
3.437744140625 -7.049516198889858e-21
3.43798828125 -7.164144809344234e-21
3.438232421875 -7.154647688824594e-21
3.4384765625 -7.118867423338967e-21
3.438720703125 -6.989158940285906e-21
3.43896484375 -6.477316446840354e-21
3.439208984375 -5.522480292925796e-21
3.439453125 -4.503520610698557e-21
3.439697265625 -3.738892012496195e-21
3.43994140625 -3.052922305436587e-21
3.440185546875 -2.180944466073652e-21
3.4404296875 -1.333284571117229e-21
3.440673828125 -8.853796683415596e-22
3.44091796875 -6.954856468423672e-22
3.441162109375 -3.025486567699933e-22
3.44140625 2.606235954284824e-22
3.441650390625 4.870007558132653e-22
3.44189453125 3.127344404422425e-22
3.442138671875 3.558754798138851e-22
3.4423828125 9.716876714896969e-22
3.442626953125 1.671974160958609e-21
3.44287109375 1.907691647988434e-21
3.443115234375 1.938220585281956e-21
3.443359375 2.388282870756943e-21
3.443603515625 3.273151665043307e-21
3.44384765625 4.020613413479515e-21
3.444091796875 4.264726300151566e-21
3.4443359375 4.104595002435251e-21
3.444580078125 3.722692967264487e-21
3.44482421875 3.274420901566358e-21
3.445068359375 3.095688502520803e-21
3.4453125 3.497366934268727e-21
3.445556640625 4.291561174223979e-21
3.44580078125 4.927296235936437e-21
3.446044921875 5.150717467236514e-21
3.4462890625 5.1823451136719e-21
3.446533203125 5.237038120875028e-21
3.44677734375 5.265791809844659e-21
3.447021484375 5.226319681375306e-21
3.447265625 5.220714612833039e-21
3.447509765625 5.263368758920148e-21
3.44775390625 5.241384030999013e-21
3.447998046875 5.174606767095944e-21
3.4482421875 5.185266764653815e-21
3.448486328125 5.179861876515729e-21
3.44873046875 4.964504954078637e-21
3.448974609375 4.735222657599214e-21
3.44921875 4.965995878861871e-21
3.449462890625 5.631526244611748e-21
3.44970703125 6.027900825135054e-21
3.449951171875 5.655375031005313e-21
3.4501953125 4.849911189396529e-21
3.450439453125 4.192653131743683e-21
3.45068359375 3.701806748351928e-21
3.450927734375 3.060933056666975e-21
3.451171875 2.31914952141704e-21
3.451416015625 1.814777385111332e-21
3.45166015625 1.567653176190991e-21
3.451904296875 1.280250280253958e-21
3.4521484375 8.998578544165913e-22
3.452392578125 7.083776552275676e-22
3.45263671875 8.358410989267844e-22
3.452880859375 1.109266298362377e-21
3.453125 1.441139201023067e-21
3.453369140625 1.964821948112513e-21
3.45361328125 2.661873756706844e-21
3.453857421875 3.200274582385888e-21
3.4541015625 3.31277939509397e-21
3.454345703125 3.089765201349193e-21
3.45458984375 2.775001425476865e-21
3.454833984375 2.510130201712136e-21
3.455078125 2.383725000288657e-21
3.455322265625 2.456657147913709e-21
3.45556640625 2.578035754374051e-21
3.455810546875 2.431393276233864e-21
3.4560546875 1.967684608852208e-21
3.456298828125 1.573463985433072e-21
3.45654296875 1.57729804415773e-21
3.456787109375 1.779080115858827e-21
3.45703125 1.736371754938951e-21
3.457275390625 1.359148584648719e-21
3.45751953125 8.993317951222455e-22
3.457763671875 4.581108394676601e-22
3.4580078125 -8.737010799041388e-23
3.458251953125 -6.308802059482139e-22
3.45849609375 -7.414430019309468e-22
3.458740234375 -2.545106397764188e-22
3.458984375 3.526311007476704e-22
3.459228515625 5.148297717587723e-22
3.45947265625 3.331730698500776e-22
3.459716796875 3.911349340289185e-22
3.4599609375 8.735333397287279e-22
3.460205078125 1.301834409835285e-21
3.46044921875 1.266154598106746e-21
3.460693359375 1.018273372656116e-21
3.4609375 1.046529155553432e-21
3.461181640625 1.343232746628962e-21
3.46142578125 1.474539356546459e-21
3.461669921875 1.227601723854127e-21
3.4619140625 7.851973955159328e-22
3.462158203125 3.217471271595119e-22
3.46240234375 -1.314086414643376e-22
3.462646484375 -3.761543837783715e-22
3.462890625 -8.0978497822819e-23
3.463134765625 6.61940340165629e-22
3.46337890625 1.205914628448022e-21
3.463623046875 1.086115531362091e-21
3.4638671875 6.058235047812064e-22
3.464111328125 3.682198337598179e-22
3.46435546875 4.643995898501196e-22
3.464599609375 4.935802893327677e-22
3.46484375 2.114940438469979e-22
3.465087890625 -2.540696194691972e-22
3.46533203125 -7.549984521017354e-22
3.465576171875 -1.288665729388532e-21
3.4658203125 -1.805174557056999e-21
3.466064453125 -2.189918676856871e-21
3.46630859375 -2.477698515553462e-21
3.466552734375 -2.809588959111406e-21
3.466796875 -3.173009573495146e-21
3.467041015625 -3.456186636992069e-21
3.46728515625 -3.728419541838962e-21
3.467529296875 -4.141410394784064e-21
3.4677734375 -4.564135031860931e-21
3.468017578125 -4.676527146709638e-21
3.46826171875 -4.450953808738662e-21
3.468505859375 -4.172970074605183e-21
3.46875 -3.96292296048909e-21
3.468994140625 -3.707082878702064e-21
3.46923828125 -3.514541310229524e-21
3.469482421875 -3.710891228506318e-21
3.4697265625 -4.198147252026334e-21
3.469970703125 -4.380580916529918e-21
3.47021484375 -4.047973026052025e-21
3.470458984375 -3.797186700235444e-21
3.470703125 -4.126520841933493e-21
3.470947265625 -4.606750439102364e-21
3.47119140625 -4.55972444243344e-21
3.471435546875 -4.179649055449216e-21
3.4716796875 -4.233269879361728e-21
3.471923828125 -4.825331063161846e-21
3.47216796875 -5.250453450212841e-21
3.472412109375 -5.100519661982942e-21
3.47265625 -4.769193982011889e-21
3.472900390625 -4.651743473475496e-21
3.47314453125 -4.519655869896124e-21
3.473388671875 -4.069394727021483e-21
3.4736328125 -3.569174176052696e-21
3.473876953125 -3.460959118095385e-21
3.47412109375 -3.621767078563248e-21
3.474365234375 -3.518417814391597e-21
3.474609375 -2.987363291130782e-21
3.474853515625 -2.443071067322032e-21
3.47509765625 -2.283636377400409e-21
3.475341796875 -2.387867963504795e-21
3.4755859375 -2.318898676875625e-21
3.475830078125 -1.887375197588621e-21
3.47607421875 -1.390424872765316e-21
3.476318359375 -1.28019172996391e-21
3.4765625 -1.644810506382761e-21
3.476806640625 -2.122421312076741e-21
3.47705078125 -2.373532179469651e-21
3.477294921875 -2.475354699646097e-21
3.4775390625 -2.683753489409107e-21
3.477783203125 -2.973849700287269e-21
3.47802734375 -3.106498857763181e-21
3.478271484375 -3.038208127914771e-21
3.478515625 -2.89670207697777e-21
3.478759765625 -2.604376485865552e-21
3.47900390625 -1.971868594083078e-21
3.479248046875 -1.19399232930744e-21
3.4794921875 -7.414129253934944e-22
3.479736328125 -6.181691003489604e-22
3.47998046875 -2.77061785815827e-22
3.480224609375 4.548714966537852e-22
3.48046875 9.420668435546599e-22
3.480712890625 6.846449778487294e-22
3.48095703125 1.757552838482016e-22
3.481201171875 1.737040929052901e-22
3.4814453125 4.951859297602508e-22
3.481689453125 3.221698575010941e-22
3.48193359375 -4.415914162359834e-22
3.482177734375 -9.514084067659186e-22
3.482421875 -6.427392169994319e-22
3.482666015625 8.064112117613619e-23
3.48291015625 6.176363227887323e-22
3.483154296875 9.670842452579531e-22
3.4833984375 1.391865126057346e-21
3.483642578125 1.833751818095107e-21
3.48388671875 2.118822035165518e-21
3.484130859375 2.353752659499028e-21
3.484375 2.665540568743442e-21
3.484619140625 2.851997192641739e-21
3.48486328125 2.73448679278414e-21
3.485107421875 2.59322674388225e-21
3.4853515625 2.772653366283159e-21
3.485595703125 3.05831934998843e-21
3.48583984375 2.97672431133768e-21
3.486083984375 2.615861635053192e-21
3.486328125 2.592678689103728e-21
3.486572265625 3.158496993619605e-21
3.48681640625 3.830539749533581e-21
3.487060546875 4.048603078679162e-21
3.4873046875 3.778019844242097e-21
3.487548828125 3.277028225977398e-21
3.48779296875 2.645649694660733e-21
3.488037109375 1.887481006609581e-21
3.48828125 1.177996291727608e-21
3.488525390625 7.874110408840389e-22
3.48876953125 8.319447962940025e-22
3.489013671875 1.249668742757219e-21
3.4892578125 1.899869841394762e-21
3.489501953125 2.577345210223707e-21
3.48974609375 3.086590764819044e-21
3.489990234375 3.426667536531468e-21
3.490234375 3.767118192223602e-21
3.490478515625 4.1659944623491e-21
3.49072265625 4.500365585539906e-21
3.490966796875 4.743692657101917e-21
3.4912109375 5.034299966841124e-21
3.491455078125 5.32059965465724e-21
3.49169921875 5.255687478245212e-21
3.491943359375 4.719062089325255e-21
3.4921875 4.185815299527339e-21
3.492431640625 4.235608423848402e-21
3.49267578125 4.864814474237663e-21
3.492919921875 5.607620735120018e-21
3.4931640625 6.157056349448325e-21
3.493408203125 6.484967400023007e-21
3.49365234375 6.512788399867682e-21
3.493896484375 6.152963859285926e-21
3.494140625 5.636832466563134e-21
3.494384765625 5.30535099214398e-21
3.49462890625 5.022864012988713e-21
3.494873046875 4.281360206293141e-21
3.4951171875 3.009055632493909e-21
3.495361328125 1.805262850121623e-21
3.49560546875 1.180398260949033e-21
3.495849609375 1.012954230192723e-21
3.49609375 1.010948374278244e-21
3.496337890625 1.247881842913037e-21
3.49658203125 1.845399927236314e-21
3.496826171875 2.487997961333836e-21
3.4970703125 2.739893892355457e-21
3.497314453125 2.645034014444107e-21
3.49755859375 2.56573830773075e-21
3.497802734375 2.559611239297e-21
3.498046875 2.35759156224541e-21
3.498291015625 1.898475152867191e-21
3.49853515625 1.458096716889152e-21
3.498779296875 1.227439130509903e-21
3.4990234375 1.129674882981896e-21
3.499267578125 1.098621324332038e-21
3.49951171875 1.179496389517195e-21
3.499755859375 1.240431889869621e-21
3.5 9.001961138235883e-22
3.500244140625 -4.631115913610704e-23
3.50048828125 -1.280444492561307e-21
3.500732421875 -2.189583055001351e-21
3.5009765625 -2.393854646650846e-21
3.501220703125 -2.025723969843057e-21
3.50146484375 -1.592806377682662e-21
3.501708984375 -1.580666509831367e-21
3.501953125 -2.086530788597269e-21
3.502197265625 -2.816293324310342e-21
3.50244140625 -3.463822841841168e-21
3.502685546875 -3.99139966442692e-21
3.5029296875 -4.460183791023647e-21
3.503173828125 -4.782842334290936e-21
3.50341796875 -4.881211645403918e-21
3.503662109375 -4.949715658909629e-21
3.50390625 -5.23510966412974e-21
3.504150390625 -5.58130045640421e-21
3.50439453125 -5.527456476104083e-21
3.504638671875 -4.941572414195635e-21
3.5048828125 -4.28844408014364e-21
3.505126953125 -4.12420957576471e-21
3.50537109375 -4.481818142137909e-21
3.505615234375 -4.867872420980133e-21
3.505859375 -4.769132196283818e-21
3.506103515625 -4.102054889897342e-21
3.50634765625 -3.238156422984008e-21
3.506591796875 -2.611045941826245e-21
3.5068359375 -2.267821879766486e-21
3.507080078125 -1.880721719325121e-21
3.50732421875 -1.249797011485258e-21
3.507568359375 -6.069547119362615e-22
3.5078125 -2.519284859990932e-22
3.508056640625 -8.817275997825747e-23
3.50830078125 1.888281514646086e-22
3.508544921875 5.696255834187259e-22
3.5087890625 7.216986851690288e-22
3.509033203125 4.314478972436891e-22
3.50927734375 -2.513824705686212e-22
3.509521484375 -1.21837370024762e-21
3.509765625 -2.284883637595328e-21
3.510009765625 -3.038375069322812e-21
3.51025390625 -3.155585158438889e-21
3.510498046875 -2.925769219737214e-21
3.5107421875 -3.050233772898602e-21
3.510986328125 -3.811579681445038e-21
3.51123046875 -4.77269727037667e-21
3.511474609375 -5.356099599545395e-21
3.51171875 -5.360590617765477e-21
3.511962890625 -4.858754760860017e-21
3.51220703125 -4.006506060842697e-21
3.512451171875 -3.064597377784771e-21
3.5126953125 -2.209507419050085e-21
3.512939453125 -1.232497841432773e-21
3.51318359375 1.320632910345745e-22
3.513427734375 1.501948844758182e-21
3.513671875 2.039346641159622e-21
3.513916015625 1.556429251187291e-21
3.51416015625 8.468497603075368e-22
3.514404296875 5.994859417914975e-22
3.5146484375 5.576541243640869e-22
3.514892578125 1.790114566116429e-22
3.51513671875 -4.276022400710737e-22
3.515380859375 -7.842070342362665e-22
3.515625 -8.150595208731372e-22
3.515869140625 -7.255526994686813e-22
3.51611328125 -4.583659018649978e-22
3.516357421875 1.07869048569006e-22
3.5166015625 6.95319939258994e-22
3.516845703125 9.751072036571197e-22
3.51708984375 1.121665462984732e-21
3.517333984375 1.393379224438852e-21
3.517578125 1.442104297121016e-21
3.517822265625 7.971282523812856e-22
3.51806640625 -1.50989796316938e-22
3.518310546875 -4.995994529333617e-22
3.5185546875 -1.341463384192592e-22
3.518798828125 1.688165868129636e-22
3.51904296875 7.515567843367777e-24
3.519287109375 -1.497798548181993e-22
3.51953125 5.81189518224281e-23
3.519775390625 2.828128407408659e-22
3.52001953125 2.106329032848081e-22
3.520263671875 1.135036277946996e-22
3.5205078125 1.737432110044695e-22
3.520751953125 -1.122863736032936e-23
3.52099609375 -6.497488626889822e-22
3.521240234375 -1.125896232361632e-21
3.521484375 -8.641483261657584e-22
3.521728515625 -3.018556492038534e-22
3.52197265625 -1.992808635286065e-22
3.522216796875 -3.899568733881751e-22
3.5224609375 -1.34365531801211e-22
3.522705078125 5.165593870185213e-22
3.52294921875 7.337880797884269e-22
3.523193359375 3.319173280314806e-22
3.5234375 1.785584044627453e-22
3.523681640625 8.346648379209514e-22
3.52392578125 1.60599894043019e-21
3.524169921875 1.495765236572505e-21
3.5244140625 5.344433167642304e-22
3.524658203125 -4.265792147422205e-22
3.52490234375 -8.587500557504726e-22
3.525146484375 -8.990121530189857e-22
3.525390625 -8.001394701177054e-22
3.525634765625 -6.574802841967899e-22
3.52587890625 -6.198128493011536e-22
3.526123046875 -8.170304631042249e-22
3.5263671875 -1.008439855187748e-21
3.526611328125 -7.647442640508663e-22
3.52685546875 -1.375226462933728e-22
3.527099609375 2.558522574008467e-22
3.52734375 2.890582297872429e-23
3.527587890625 -4.267346702414201e-22
3.52783203125 -4.817299139005039e-22
3.528076171875 -1.167770560518586e-22
3.5283203125 1.304326977150235e-22
3.528564453125 -3.627445429230435e-23
3.52880859375 -3.124535067659776e-22
3.529052734375 -3.019911729758299e-22
3.529296875 -5.82725695950533e-23
3.529541015625 1.014698598718695e-22
3.52978515625 1.254629737162516e-22
3.530029296875 2.570149141719311e-22
3.5302734375 5.446039512660937e-22
3.530517578125 6.380194352907828e-22
3.53076171875 2.647968167113265e-22
3.531005859375 -2.850195920469219e-22
3.53125 -4.55898459452623e-22
3.531494140625 -1.721655557771154e-22
3.53173828125 5.390259913787119e-23
3.531982421875 -1.278500514720498e-22
3.5322265625 -3.897720913671433e-22
3.532470703125 -2.502794311965725e-22
3.53271484375 1.514920049889481e-22
3.532958984375 2.606112912733863e-22
3.533203125 1.314120985900091e-24
3.533447265625 -6.140295095827351e-23
3.53369140625 4.099936025995966e-22
3.533935546875 9.800098114239591e-22
3.5341796875 1.0799644375948e-21
3.534423828125 8.353867339817212e-22
3.53466796875 8.325044333684486e-22
3.534912109375 1.263668482232226e-21
3.53515625 1.757808286084213e-21
3.535400390625 2.00065887021537e-21
3.53564453125 2.098760114974048e-21
3.535888671875 2.277357623919534e-21
3.5361328125 2.577769053900643e-21
3.536376953125 2.965019061621883e-21
3.53662109375 3.43249572558688e-21
3.536865234375 3.851588432167807e-21
3.537109375 3.977417023693098e-21
3.537353515625 3.800168938122705e-21
3.53759765625 3.69988546946289e-21
3.537841796875 4.030202186207372e-21
3.5380859375 4.656566843694052e-21
3.538330078125 5.116007952546638e-21
3.53857421875 5.180900184072581e-21
3.538818359375 5.059373175652329e-21
3.5390625 5.028093008786599e-21
3.539306640625 5.070912341250661e-21
3.53955078125 4.996082024422444e-21
3.539794921875 4.766252185790747e-21
3.5400390625 4.494773254248515e-21
3.540283203125 4.136430373101834e-21
3.54052734375 3.461053660563001e-21
3.540771484375 2.493212001744358e-21
3.541015625 1.732388112995444e-21
3.541259765625 1.605447008763455e-21
3.54150390625 1.818382918890506e-21
3.541748046875 1.66642186646672e-21
3.5419921875 9.919615010704941e-22
3.542236328125 3.676265403867429e-22
3.54248046875 2.048788657157292e-22
3.542724609375 2.012394686610778e-22
3.54296875 -3.175233729092227e-23
3.543212890625 -3.002245525219876e-22
3.54345703125 -2.676253047579144e-22
3.543701171875 -1.556011925767666e-22
3.5439453125 -3.910210744478549e-22
3.544189453125 -8.024373744288163e-22
3.54443359375 -8.345293251275681e-22
3.544677734375 -4.645621245777951e-22
3.544921875 -2.49082263962993e-22
3.545166015625 -4.455555280309914e-22
3.54541015625 -7.146240777134268e-22
3.545654296875 -7.958920120886568e-22
3.5458984375 -8.923685898613373e-22
3.546142578125 -1.20887150691954e-21
3.54638671875 -1.630221687905338e-21
3.546630859375 -2.065990242408417e-21
3.546875 -2.655764584834955e-21
3.547119140625 -3.425725249471429e-21
3.54736328125 -4.154856998385568e-21
3.547607421875 -4.749202367013173e-21
3.5478515625 -5.32255423234201e-21
3.548095703125 -5.762939961309086e-21
3.54833984375 -5.709707684656515e-21
3.548583984375 -5.158146360521947e-21
3.548828125 -4.58808958229739e-21
3.549072265625 -4.262965783361656e-21
3.54931640625 -3.913343016377587e-21
3.549560546875 -3.365401612650564e-21
3.5498046875 -2.906509821169521e-21
3.550048828125 -2.677542248117555e-21
3.55029296875 -2.296396297346328e-21
3.550537109375 -1.566534359801873e-21
3.55078125 -1.021254161062968e-21
3.551025390625 -1.175142552588132e-21
3.55126953125 -1.662078861116577e-21
3.551513671875 -1.739981700000865e-21
3.5517578125 -1.31502580953959e-21
3.552001953125 -8.422239934207047e-22
3.55224609375 -5.049334384962604e-22
3.552490234375 -1.565387380521133e-22
3.552734375 1.479438702047864e-22
3.552978515625 2.644215571293099e-22
3.55322265625 4.857516686845008e-22
3.553466796875 1.264355248812404e-21
3.5537109375 2.418298341564443e-21
3.553955078125 3.236710173770549e-21
3.55419921875 3.409563922991675e-21
3.554443359375 3.272883983182223e-21
3.5546875 3.084521417524778e-21
3.554931640625 2.670842454168028e-21
3.55517578125 1.96118329687101e-21
3.555419921875 1.326835366246657e-21
3.5556640625 1.11636103122465e-21
3.555908203125 1.229821947516351e-21
3.55615234375 1.36762177986547e-21
3.556396484375 1.378393679319382e-21
3.556640625 1.185937077449629e-21
3.556884765625 6.950878906489392e-22
3.55712890625 -1.561981888781437e-23
3.557373046875 -6.484387031262387e-22
3.5576171875 -1.016359796955698e-21
3.557861328125 -1.236570769690212e-21
3.55810546875 -1.479053174265264e-21
3.558349609375 -1.718308077624469e-21
3.55859375 -1.847727796477724e-21
3.558837890625 -1.859208661897738e-21
3.55908203125 -1.793901730195372e-21
3.559326171875 -1.655237332204917e-21
3.5595703125 -1.462249267126781e-21
3.559814453125 -1.283532591260222e-21
3.56005859375 -1.161178792218837e-21
3.560302734375 -1.066791603531819e-21
3.560546875 -9.187267634360073e-22
3.560791015625 -5.834316127418679e-22
3.56103515625 3.154644419090878e-23
3.561279296875 7.520758617352615e-22
3.5615234375 1.132856556540507e-21
3.561767578125 8.754918655292257e-22
3.56201171875 1.602839004908499e-22
3.562255859375 -6.143523478616232e-22
3.5625 -1.284146999854117e-21
3.562744140625 -1.892282172307004e-21
3.56298828125 -2.379325031968324e-21
3.563232421875 -2.610506020227454e-21
3.5634765625 -2.617439725689995e-21
3.563720703125 -2.515034218199427e-21
3.56396484375 -2.262241693381644e-21
3.564208984375 -1.798570929269613e-21
3.564453125 -1.310883331915209e-21
3.564697265625 -1.02546733076697e-21
3.56494140625 -8.276613264213496e-22
3.565185546875 -4.64119946279431e-22
3.5654296875 -4.918958780381855e-23
3.565673828125 5.930357837987636e-23
3.56591796875 -1.294781427625699e-22
3.566162109375 -2.189584279706736e-22
3.56640625 -8.471349948476166e-23
3.566650390625 -9.695667113188992e-23
3.56689453125 -5.217420551642133e-22
3.567138671875 -1.095919396408039e-21
3.5673828125 -1.411639095921482e-21
3.567626953125 -1.398101511115228e-21
3.56787109375 -1.191649881115561e-21
3.568115234375 -8.060802312618911e-22
3.568359375 -2.050564743743132e-22
3.568603515625 4.623538394577857e-22
3.56884765625 9.29527593987971e-22
3.569091796875 1.041546087041331e-21
3.5693359375 8.118355532925855e-22
3.569580078125 3.7686054899552e-22
3.56982421875 -1.033663888312007e-23
3.570068359375 -8.284305323225817e-23
3.5703125 2.260991507620006e-22
3.570556640625 7.496318834456483e-22
3.57080078125 1.302217046038963e-21
3.571044921875 1.80761595958947e-21
3.5712890625 2.195563980200693e-21
3.571533203125 2.339727253102833e-21
3.57177734375 2.172543292886921e-21
3.572021484375 1.757119076141696e-21
3.572265625 1.223750769406025e-21
3.572509765625 7.416136713005226e-22
3.57275390625 5.120930779728349e-22
3.572998046875 5.950041322316832e-22
3.5732421875 7.281817166158885e-22
3.573486328125 5.279159541224479e-22
3.57373046875 -5.295677490095812e-23
3.573974609375 -6.13591741176054e-22
3.57421875 -7.258738882861357e-22
3.574462890625 -3.719043894429814e-22
3.57470703125 7.143532005584125e-23
3.574951171875 2.048027138688682e-22
3.5751953125 -3.385601544654027e-23
3.575439453125 -3.08870019314296e-22
3.57568359375 -2.298358934636863e-22
3.575927734375 1.719444067596279e-22
3.576171875 4.170964784865478e-22
3.576416015625 1.526726623212555e-22
3.57666015625 -3.851389929228495e-22
3.576904296875 -6.819971076971302e-22
3.5771484375 -5.995478084940493e-22
3.577392578125 -4.556025797278995e-22
3.57763671875 -5.080911737564232e-22
3.577880859375 -6.513259272658207e-22
3.578125 -6.713609265964665e-22
3.578369140625 -5.742435601029992e-22
3.57861328125 -5.660478879319383e-22
3.578857421875 -8.30557778957582e-22
3.5791015625 -1.376014916071409e-21
3.579345703125 -2.019336780536172e-21
3.57958984375 -2.504092192602221e-21
3.579833984375 -2.678297695637953e-21
3.580078125 -2.552785922168714e-21
3.580322265625 -2.238496008707809e-21
3.58056640625 -1.962007406930324e-21
3.580810546875 -2.063244167254791e-21
3.5810546875 -2.65336997603405e-21
3.581298828125 -3.234519070107716e-21
3.58154296875 -3.075123726590346e-21
3.581787109375 -2.151167294899372e-21
3.58203125 -1.293351098167512e-21
3.582275390625 -1.112491714406807e-21
3.58251953125 -1.216494247788255e-21
3.582763671875 -9.058857714134964e-22
3.5830078125 -2.233665717456069e-22
3.583251953125 2.53956056003245e-22
3.58349609375 3.507521433196623e-22
3.583740234375 3.714378021041356e-22
3.583984375 4.316569360557275e-22
3.584228515625 3.875448418825135e-22
3.58447265625 3.622662820803628e-22
3.584716796875 6.821927118063703e-22
3.5849609375 1.257447667134543e-21
3.585205078125 1.62998662656889e-21
3.58544921875 1.707439904779992e-21
3.585693359375 1.871569692375288e-21
3.5859375 2.258348369664909e-21
3.586181640625 2.515332479143662e-21
3.58642578125 2.45659048303598e-21
3.586669921875 2.423032684159792e-21
3.5869140625 2.743279394388934e-21
3.587158203125 3.276462671417922e-21
3.58740234375 3.734933151099808e-21
3.587646484375 4.077605798987567e-21
3.587890625 4.339755250870752e-21
3.588134765625 4.397731579056937e-21
3.58837890625 4.145879403217846e-21
3.588623046875 3.69116015873865e-21
3.5888671875 3.237711654185549e-21
3.589111328125 2.966579748187368e-21
3.58935546875 3.019686727383294e-21
3.589599609375 3.31014946307147e-21
3.58984375 3.398004931654964e-21
3.590087890625 2.954520135207115e-21
3.59033203125 2.325038296914406e-21
3.590576171875 2.15181594859566e-21
3.5908203125 2.417732271195234e-21
3.591064453125 2.425231085217814e-21
3.59130859375 1.852672112785581e-21
3.591552734375 1.244071572670668e-21
3.591796875 1.181639986040457e-21
3.592041015625 1.491550981883377e-21
3.59228515625 1.629569642008734e-21
3.592529296875 1.443571862979889e-21
3.5927734375 1.162386675479516e-21
3.593017578125 9.227721205201733e-22
3.59326171875 6.818831272409163e-22
3.593505859375 4.275910602632378e-22
3.59375 2.03312524371093e-22
3.593994140625 4.459967546015898e-23
3.59423828125 3.415410657940647e-23
3.594482421875 2.570043927608186e-22
3.5947265625 6.295465511902235e-22
3.594970703125 9.881531908623587e-22
3.59521484375 1.358524908790002e-21
3.595458984375 1.829879388042522e-21
3.595703125 2.171459370679224e-21
3.595947265625 2.020747024904631e-21
3.59619140625 1.550449991666149e-21
3.596435546875 1.459711697352341e-21
3.5966796875 2.071168399702934e-21
3.596923828125 2.846897754407151e-21
3.59716796875 3.058733851527079e-21
3.597412109375 2.580691508121851e-21
3.59765625 1.771330659331736e-21
3.597900390625 9.435859166904779e-22
3.59814453125 2.657831487299583e-22
3.598388671875 -1.19352402675739e-22
3.5986328125 -2.411039206263971e-22
3.598876953125 -4.129089921472397e-22
3.59912109375 -9.37687294684267e-22
3.599365234375 -1.779617753809228e-21
3.599609375 -2.624282621243553e-21
3.599853515625 -3.128938122168617e-21
3.60009765625 -3.120522612297297e-21
3.600341796875 -2.786646360071213e-21
3.6005859375 -2.630223643006626e-21
3.600830078125 -2.900788870784068e-21
3.60107421875 -3.123213173927136e-21
3.601318359375 -2.627853708359816e-21
3.6015625 -1.519917368070669e-21
3.601806640625 -5.894428966482884e-22
3.60205078125 -2.389520266469412e-22
3.602294921875 -1.267689867423129e-22
3.6025390625 3.075737899087765e-23
3.602783203125 3.748400181172791e-23
3.60302734375 -1.529163969299085e-22
3.603271484375 -1.592987913837764e-22
3.603515625 2.954222956602308e-23
3.603759765625 -3.028811699554659e-22
3.60400390625 -1.530595455626614e-21
3.604248046875 -2.816743741866314e-21
3.6044921875 -3.053284463238129e-21
3.604736328125 -2.3332407781775e-21
3.60498046875 -1.783301412998407e-21
3.605224609375 -2.105685518744746e-21
3.60546875 -2.904920736232841e-21
3.605712890625 -3.393631458151207e-21
3.60595703125 -3.246387025864466e-21
3.606201171875 -2.727274775201741e-21
3.6064453125 -2.313949520616033e-21
3.606689453125 -2.214065581639579e-21
3.60693359375 -2.108501710031101e-21
3.607177734375 -1.524019231367826e-21
3.607421875 -5.499915071944929e-22
3.607666015625 1.608640316141665e-22
3.60791015625 2.816770189472305e-22
3.608154296875 2.472348689720812e-22
3.6083984375 4.938032831331113e-22
3.608642578125 7.514858257729832e-22
3.60888671875 5.573006232694086e-22
3.609130859375 4.991506669535683e-23
3.609375 -3.138491367048031e-22
3.609619140625 -5.27873241297503e-22
3.60986328125 -9.329105534990156e-22
3.610107421875 -1.545078450163577e-21
3.6103515625 -2.040199059951733e-21
3.610595703125 -2.270336682417799e-21
3.61083984375 -2.306799124253308e-21
3.611083984375 -2.119860517386894e-21
3.611328125 -1.712670522354204e-21
3.611572265625 -1.441606137740325e-21
3.61181640625 -1.687097605570955e-21
3.612060546875 -2.265044746068166e-21
3.6123046875 -2.616997886866112e-21
3.612548828125 -2.5224229012308e-21
3.61279296875 -2.21297014291412e-21
3.613037109375 -1.897846280645368e-21
3.61328125 -1.638477226392835e-21
3.613525390625 -1.597544096653749e-21
3.61376953125 -1.904905597482256e-21
3.614013671875 -2.294002608871567e-21
3.6142578125 -2.34906249420901e-21
3.614501953125 -2.132599935252998e-21
3.61474609375 -2.118555180872829e-21
3.614990234375 -2.463195508663577e-21
3.615234375 -2.784661641353909e-21
3.615478515625 -2.757905245062411e-21
3.61572265625 -2.527761371836774e-21
3.615966796875 -2.392812592196497e-21
3.6162109375 -2.399167813481674e-21
3.616455078125 -2.387809792035384e-21
3.61669921875 -2.208373116986564e-21
3.616943359375 -1.79831794264064e-21
3.6171875 -1.249602476030675e-21
3.617431640625 -8.223928750682244e-22
3.61767578125 -6.842587788299839e-22
3.617919921875 -6.519462249658847e-22
3.6181640625 -4.39002735749213e-22
3.618408203125 -1.363205366845919e-22
3.61865234375 -1.36817551546013e-22
3.618896484375 -5.271439540188385e-22
3.619140625 -8.497852048454679e-22
3.619384765625 -6.092460752330072e-22
3.61962890625 1.81349099549888e-22
3.619873046875 1.081353982240709e-21
3.6201171875 1.687556989598426e-21
3.620361328125 1.877494784600269e-21
3.62060546875 1.707673526511814e-21
3.620849609375 1.284169161421282e-21
3.62109375 7.991855232437067e-22
3.621337890625 5.535638282154225e-22
3.62158203125 7.217601059928406e-22
3.621826171875 1.049062192032618e-21
3.6220703125 1.020555174311453e-21
3.622314453125 5.205470807111756e-22
3.62255859375 1.077128617115225e-22
3.622802734375 3.350482652750443e-22
3.623046875 9.936988917654597e-22
3.623291015625 1.454018495152556e-21
3.62353515625 1.599396149889256e-21
3.623779296875 1.851446793581719e-21
3.6240234375 2.312074871819586e-21
3.624267578125 2.561565390791044e-21
3.62451171875 2.438434276154233e-21
3.624755859375 2.324150462308802e-21
3.625 2.384341221068855e-21
3.625244140625 2.20431444989547e-21
3.62548828125 1.556270193359844e-21
3.625732421875 8.764377918959705e-22
3.6259765625 5.072265625074178e-22
3.626220703125 9.785429090566155e-23
3.62646484375 -6.592276844970881e-22
3.626708984375 -1.292734254522683e-21
3.626953125 -1.268977446530773e-21
3.627197265625 -9.491716704449614e-22
3.62744140625 -1.015301336833645e-21
3.627685546875 -1.292553696854518e-21
3.6279296875 -1.020342194985972e-21
3.628173828125 -1.296710253564029e-22
3.62841796875 5.9696760387441e-22
3.628662109375 6.454419768246173e-22
3.62890625 3.395805663333435e-22
3.629150390625 2.326150507985447e-22
3.62939453125 5.162251639951488e-22
3.629638671875 1.083449207397589e-21
3.6298828125 1.674473065929641e-21
3.630126953125 1.947274998452904e-21
3.63037109375 1.848990214807512e-21
3.630615234375 1.853986791640653e-21
3.630859375 2.385322441167938e-21
3.631103515625 3.135415928778717e-21
3.63134765625 3.472397215768139e-21
3.631591796875 3.362288705067257e-21
3.6318359375 3.294406431082582e-21
3.632080078125 3.420944341643463e-21
3.63232421875 3.437568467257578e-21
3.632568359375 3.272619021334947e-21
3.6328125 3.216726723575974e-21
3.633056640625 3.3366416979432e-21
3.63330078125 3.396034139553181e-21
3.633544921875 3.396352296774884e-21
3.6337890625 3.562569324513806e-21
3.634033203125 3.759188904495196e-21
3.63427734375 3.605091261781165e-21
3.634521484375 3.243866149083031e-21
3.634765625 3.260051296662932e-21
3.635009765625 3.661169692676865e-21
3.63525390625 3.708224066418977e-21
3.635498046875 3.057048963422937e-21
3.6357421875 2.338982887762541e-21
3.635986328125 2.185774467490281e-21
3.63623046875 2.325175703812217e-21
3.636474609375 2.165206486075558e-21
3.63671875 1.737972992232799e-21
3.636962890625 1.45998037774138e-21
3.63720703125 1.338649212686141e-21
3.637451171875 1.054254007263052e-21
3.6376953125 6.349135430930718e-22
3.637939453125 4.661166960225595e-22
3.63818359375 6.649288290821166e-22
3.638427734375 9.096269429732052e-22
3.638671875 9.432189555548341e-22
3.638916015625 8.975062600459554e-22
3.63916015625 1.008309089296708e-21
3.639404296875 1.241581388639708e-21
3.6396484375 1.355906634642118e-21
3.639892578125 1.252737412036416e-21
3.64013671875 1.121581692148145e-21
3.640380859375 1.166105296067569e-21
3.640625 1.242187196640296e-21
3.640869140625 9.437384778049222e-22
3.64111328125 1.287953052186717e-22
3.641357421875 -8.15847285302418e-22
3.6416015625 -1.392815770341954e-21
3.641845703125 -1.521476812700196e-21
3.64208984375 -1.471251683270328e-21
3.642333984375 -1.459702488897386e-21
3.642578125 -1.5582002431658e-21
3.642822265625 -1.796937248917368e-21
3.64306640625 -2.046108033077282e-21
3.643310546875 -1.961318044434025e-21
3.6435546875 -1.407163020368202e-21
3.643798828125 -8.004382698786847e-22
3.64404296875 -6.565734483348956e-22
3.644287109375 -9.182370880764696e-22
3.64453125 -1.130391738336919e-21
3.644775390625 -1.153974991162626e-21
3.64501953125 -1.248598812977064e-21
3.645263671875 -1.517985305892095e-21
3.6455078125 -1.739014144590794e-21
3.645751953125 -1.729766340926826e-21
3.64599609375 -1.494388567696194e-21
3.646240234375 -1.075943392564887e-21
3.646484375 -6.585193914188538e-22
3.646728515625 -6.385071084930096e-22
3.64697265625 -1.079921389451607e-21
3.647216796875 -1.297789846112045e-21
3.6474609375 -6.512945519696175e-22
3.647705078125 3.860103233342259e-22
3.64794921875 7.499296218437333e-22
3.648193359375 3.535068750995378e-22
3.6484375 2.00434762830029e-22
3.648681640625 7.466610146945545e-22
3.64892578125 1.130290020395e-21
3.649169921875 5.162313242410168e-22
3.6494140625 -6.275934173424496e-22
3.649658203125 -1.26639577355158e-21
3.64990234375 -1.206883790229094e-21
3.650146484375 -1.06741183682221e-21
3.650390625 -1.260975940638679e-21
3.650634765625 -1.693499628255537e-21
3.65087890625 -2.218461343852464e-21
3.651123046875 -2.781702779135795e-21
3.6513671875 -3.254327215920673e-21
3.651611328125 -3.595506305888678e-21
3.65185546875 -4.031763098899849e-21
3.652099609375 -4.668421326941584e-21
3.65234375 -5.132208066165549e-21
3.652587890625 -5.053879896667912e-21
3.65283203125 -4.712156249170993e-21
3.653076171875 -4.670390789426393e-21
3.6533203125 -4.866464802257093e-21
3.653564453125 -4.630045211672237e-21
3.65380859375 -3.686444324890063e-21
3.654052734375 -2.646729300962119e-21
3.654296875 -2.249420679262778e-21
3.654541015625 -2.426248663261558e-21
3.65478515625 -2.436683828504695e-21
3.655029296875 -1.827211859504455e-21
3.6552734375 -9.653713368913081e-22
3.655517578125 -5.29797397028489e-22
3.65576171875 -6.656008016516702e-22
3.656005859375 -9.081015110630159e-22
3.65625 -9.345985718593214e-22
3.656494140625 -1.041023850439095e-21
3.65673828125 -1.63046536006121e-21
3.656982421875 -2.497601492726411e-21
3.6572265625 -3.026299698810579e-21
3.657470703125 -2.993364278325636e-21
3.65771484375 -2.761467387338134e-21
3.657958984375 -2.695786346090089e-21
3.658203125 -2.801390478263364e-21
3.658447265625 -2.970133667704276e-21
3.65869140625 -3.169333056723711e-21
3.658935546875 -3.285038603872572e-21
3.6591796875 -3.146739869940858e-21
3.659423828125 -2.820996806500728e-21
3.65966796875 -2.562698296442569e-21
3.659912109375 -2.415886147924911e-21
3.66015625 -2.203289003255092e-21
3.660400390625 -1.929158155376786e-21
3.66064453125 -1.775869129211158e-21
3.660888671875 -1.663537420675643e-21
3.6611328125 -1.29082947753902e-21
3.661376953125 -6.950631672804101e-22
3.66162109375 -2.506719063278007e-22
3.661865234375 2.134901094244065e-23
3.662109375 5.744161787119181e-22
3.662353515625 1.55165336343876e-21
3.66259765625 2.460078215212437e-21
3.662841796875 2.94012089070215e-21
3.6630859375 3.308841323172397e-21
3.663330078125 3.939929822426647e-21
3.66357421875 4.593390177683905e-21
3.663818359375 4.819490331836212e-21
3.6640625 4.637041650700734e-21
3.664306640625 4.368048536625288e-21
3.66455078125 4.134049107881935e-21
3.664794921875 3.914743523925996e-21
3.6650390625 3.767691285279804e-21
3.665283203125 3.606789487280144e-21
3.66552734375 3.121118599974299e-21
3.665771484375 2.300671801171436e-21
3.666015625 1.650733113350743e-21
3.666259765625 1.468381130354002e-21
3.66650390625 1.346969445985413e-21
3.666748046875 8.987433327426429e-22
3.6669921875 5.001925891109784e-22
3.667236328125 6.689121279685503e-22
3.66748046875 1.102483223523732e-21
3.667724609375 1.130191936310757e-21
3.66796875 8.803595538028721e-22
3.668212890625 1.141668819648773e-21
3.66845703125 2.098120866086003e-21
3.668701171875 3.008003832238779e-21
3.6689453125 3.262350756357337e-21
3.669189453125 3.064463170964222e-21
3.66943359375 2.859751120310264e-21
3.669677734375 2.714314962603075e-21
3.669921875 2.550936865412904e-21
3.670166015625 2.490475869080516e-21
3.67041015625 2.584237312664499e-21
3.670654296875 2.525914533227605e-21
3.6708984375 1.968457740106934e-21
3.671142578125 9.763285641324476e-22
3.67138671875 -3.121319823641176e-23
3.671630859375 -6.719111870827959e-22
3.671875 -8.641850510175998e-22
3.672119140625 -8.68096214070175e-22
3.67236328125 -1.111502538027688e-21
3.672607421875 -1.785767392162358e-21
3.6728515625 -2.560240376467408e-21
3.673095703125 -2.865143321659888e-21
3.67333984375 -2.487330174266043e-21
3.673583984375 -1.737171835408098e-21
3.673828125 -1.050687807007593e-21
3.674072265625 -6.139952741908445e-22
3.67431640625 -3.530410368370128e-22
3.674560546875 -7.794167770617069e-23
3.6748046875 3.768447893859089e-22
3.675048828125 9.909395992416514e-22
3.67529296875 1.551647174785574e-21
3.675537109375 1.933341845339415e-21
3.67578125 2.273020844229177e-21
3.676025390625 2.686978349656851e-21
3.67626953125 2.974017772913893e-21
3.676513671875 2.88785713202386e-21
3.6767578125 2.590265896480093e-21
3.677001953125 2.498656054499768e-21
3.67724609375 2.735823483843426e-21
3.677490234375 3.059019414640961e-21
3.677734375 3.297355390079765e-21
3.677978515625 3.505144833425039e-21
3.67822265625 3.676534115266441e-21
3.678466796875 3.678216288951878e-21
3.6787109375 3.540637642261976e-21
3.678955078125 3.484868767168542e-21
3.67919921875 3.551740959930473e-21
3.679443359375 3.489038345394245e-21
3.6796875 3.118112225574644e-21
3.679931640625 2.559153457382371e-21
3.68017578125 1.992345888795461e-21
3.680419921875 1.440734048810895e-21
3.6806640625 8.911185008374415e-22
3.680908203125 3.896688375015079e-22
3.68115234375 -9.564101848352634e-23
3.681396484375 -6.847970539172687e-22
3.681640625 -1.34528487886928e-21
3.681884765625 -1.850530560711168e-21
3.68212890625 -2.083718166536746e-21
3.682373046875 -2.176760442811972e-21
3.6826171875 -2.250436844018896e-21
3.682861328125 -2.249616971075454e-21
3.68310546875 -2.168356162873226e-21
3.683349609375 -2.200652393041978e-21
3.68359375 -2.471050888428361e-21
3.683837890625 -2.787456753786093e-21
3.68408203125 -2.86198817334506e-21
3.684326171875 -2.666407349154703e-21
3.6845703125 -2.413293201576916e-21
3.684814453125 -2.294244243503334e-21
3.68505859375 -2.374493408975249e-21
3.685302734375 -2.628152440426673e-21
3.685546875 -2.930244817376954e-21
3.685791015625 -3.116232500660265e-21
3.68603515625 -3.181799279774717e-21
3.686279296875 -3.309573859575204e-21
3.6865234375 -3.565879957502442e-21
3.686767578125 -3.720654353112008e-21
3.68701171875 -3.559478588517542e-21
3.687255859375 -3.240182673174603e-21
3.6875 -3.089830319458545e-21
3.687744140625 -3.130179244458982e-21
3.68798828125 -3.091330070269969e-21
3.688232421875 -2.873163252321041e-21
3.6884765625 -2.66462372450906e-21
3.688720703125 -2.524108882290035e-21
3.68896484375 -2.175641640013385e-21
3.689208984375 -1.446256779962085e-21
3.689453125 -6.638080088394608e-22
3.689697265625 -3.094869403079075e-22
3.68994140625 -3.836013297468445e-22
3.690185546875 -4.254835285491758e-22
3.6904296875 -1.396674450906656e-22
3.690673828125 2.999668290776285e-22
3.69091796875 6.161976056280174e-22
3.691162109375 7.976440051835333e-22
3.69140625 9.603521501095934e-22
3.691650390625 1.086806988642611e-21
3.69189453125 1.11475868209937e-21
3.692138671875 1.137755596245642e-21
3.6923828125 1.318285755238604e-21
3.692626953125 1.695084365176649e-21
3.69287109375 2.224657261839737e-21
3.693115234375 2.88975608117624e-21
3.693359375 3.60178169344071e-21
3.693603515625 4.134708668182863e-21
3.69384765625 4.363127633058073e-21
3.694091796875 4.452842391846279e-21
3.6943359375 4.608427321418849e-21
3.694580078125 4.759971295072028e-21
3.69482421875 4.734025057441069e-21
3.695068359375 4.583727172479878e-21
3.6953125 4.446557979105761e-21
3.695556640625 4.211246604072639e-21
3.69580078125 3.698814874133226e-21
3.696044921875 3.079313523189742e-21
3.6962890625 2.674671433810304e-21
3.696533203125 2.383278696163999e-21
3.69677734375 1.788697006662528e-21
3.697021484375 8.869478527052976e-22
3.697265625 1.836479561191836e-22
3.697509765625 -7.434132687125178e-23
3.69775390625 -2.316033663939975e-22
3.697998046875 -5.558068933105472e-22
3.6982421875 -7.8172849365275e-22
3.698486328125 -6.915892171022129e-22
3.69873046875 -6.438626495426973e-22
3.698974609375 -1.001773731209326e-21
3.69921875 -1.420464847185829e-21
3.699462890625 -1.327106350323049e-21
3.69970703125 -8.842888266123801e-22
3.699951171875 -8.038371586309356e-22
3.7001953125 -1.247327210808365e-21
3.700439453125 -1.569823302029959e-21
3.70068359375 -1.299170512573872e-21
3.700927734375 -8.033985167800333e-22
3.701171875 -6.913323267673011e-22
3.701416015625 -9.685570976535317e-22
3.70166015625 -1.177004011083142e-21
3.701904296875 -1.135015404417915e-21
3.7021484375 -1.118357470250172e-21
3.702392578125 -1.343067892578534e-21
3.70263671875 -1.63543446399175e-21
3.702880859375 -1.753993371249245e-21
3.703125 -1.797427268854368e-21
3.703369140625 -2.039068319740639e-21
3.70361328125 -2.436497297124774e-21
3.703857421875 -2.60840515513746e-21
3.7041015625 -2.395211430396422e-21
3.704345703125 -2.170674205005852e-21
3.70458984375 -2.356703801356738e-21
3.704833984375 -2.819318159441539e-21
3.705078125 -3.07316016229223e-21
3.705322265625 -2.975417751294893e-21
3.70556640625 -2.820561575845703e-21
3.705810546875 -2.763120419202275e-21
3.7060546875 -2.600015161249361e-21
3.706298828125 -2.247181610294486e-21
3.70654296875 -1.993579782321746e-21
3.706787109375 -2.03462191228503e-21
3.70703125 -2.108142316048725e-21
3.707275390625 -1.896016302191186e-21
3.70751953125 -1.513819901348469e-21
3.707763671875 -1.286337307604154e-21
3.7080078125 -1.250575092636387e-21
3.708251953125 -1.200427190539835e-21
3.70849609375 -1.069507971434733e-21
3.708740234375 -9.667720840086299e-22
3.708984375 -9.335943381279152e-22
3.709228515625 -9.230717691759135e-22
3.70947265625 -9.440354744111189e-22
3.709716796875 -1.026285389966761e-21
3.7099609375 -1.134974945683556e-21
3.710205078125 -1.277466894772918e-21
3.71044921875 -1.557697097324133e-21
3.710693359375 -1.961167666105899e-21
3.7109375 -2.247192245167744e-21
3.711181640625 -2.241517421803105e-21
3.71142578125 -2.097397723542504e-21
3.711669921875 -2.105759522961853e-21
3.7119140625 -2.383837177986518e-21
3.712158203125 -2.856547777839761e-21
3.71240234375 -3.345880742035518e-21
3.712646484375 -3.584776247231158e-21
3.712890625 -3.41106108189246e-21
3.713134765625 -3.055620803931129e-21
3.71337890625 -2.900414034977121e-21
3.713623046875 -2.81727945085999e-21
3.7138671875 -2.195425493734267e-21
3.714111328125 -8.900469855358416e-22
3.71435546875 3.28186345209771e-22
3.714599609375 6.826944305776837e-22
3.71484375 3.670348692828439e-22
3.715087890625 1.583900410126405e-22
3.71533203125 3.863135325851439e-22
3.715576171875 7.725896566591255e-22
3.7158203125 1.014781417309883e-21
3.716064453125 1.01151524503122e-21
3.71630859375 7.178376627331135e-22
3.716552734375 2.673589231423881e-22
3.716796875 6.18584725412332e-23
3.717041015625 3.076500821033728e-22
3.71728515625 6.865780610596263e-22
3.717529296875 9.025288650760246e-22
3.7177734375 1.219008037931807e-21
3.718017578125 1.925558791597962e-21
3.71826171875 2.645545671863759e-21
3.718505859375 2.87443719943612e-21
3.71875 2.914769730074743e-21
3.718994140625 3.4606916557706e-21
3.71923828125 4.407195993352265e-21
3.719482421875 4.926704491626825e-21
3.7197265625 4.708309606429683e-21
3.719970703125 4.287273635523073e-21
3.72021484375 4.082307425091181e-21
3.720458984375 3.932294593177407e-21
3.720703125 3.736202914612515e-21
3.720947265625 3.740915607723757e-21
3.72119140625 3.944572700732421e-21
3.721435546875 3.959786198850267e-21
3.7216796875 3.768182725695147e-21
3.721923828125 3.914505093650555e-21
3.72216796875 4.609641236915092e-21
3.722412109375 5.287129642756755e-21
3.72265625 5.424077224942081e-21
3.722900390625 5.206155413422514e-21
3.72314453125 4.994224170063706e-21
3.723388671875 4.719258185234982e-21
3.7236328125 4.257751349463363e-21
3.723876953125 3.88483547249011e-21
3.72412109375 3.852386827879658e-21
3.724365234375 3.918021646765999e-21
3.724609375 3.746472117598869e-21
3.724853515625 3.431749821876856e-21
3.72509765625 3.222232560551514e-21
3.725341796875 3.070873107036357e-21
3.7255859375 2.843477038807445e-21
3.725830078125 2.651554168638118e-21
3.72607421875 2.618611916158469e-21
3.726318359375 2.619601155783252e-21
3.7265625 2.557136062688557e-21
3.726806640625 2.553370578340349e-21
3.72705078125 2.583049417493869e-21
3.727294921875 2.327210721112056e-21
3.7275390625 1.722208861947136e-21
3.727783203125 1.215541393593911e-21
3.72802734375 1.091268589248199e-21
3.728271484375 9.870860205550576e-22
3.728515625 5.193675062374156e-22
3.728759765625 -7.061608404023556e-23
3.72900390625 -4.214520842753833e-22
3.729248046875 -7.680854995563746e-22
3.7294921875 -1.511248170407419e-21
3.729736328125 -2.388525807561254e-21
3.72998046875 -2.768428048772462e-21
3.730224609375 -2.598675386613296e-21
3.73046875 -2.402202012095847e-21
3.730712890625 -2.411232842824745e-21
3.73095703125 -2.336090422523894e-21
3.731201171875 -2.013016558686429e-21
3.7314453125 -1.71304613394662e-21
3.731689453125 -1.687302644545152e-21
3.73193359375 -1.835121073128818e-21
3.732177734375 -1.954686467919606e-21
3.732421875 -2.017712627924828e-21
3.732666015625 -2.106295010218021e-21
3.73291015625 -2.287883976979467e-21
3.733154296875 -2.567726871618027e-21
3.7333984375 -2.8232965778867e-21
3.733642578125 -2.888887947053769e-21
3.73388671875 -2.847170306782482e-21
3.734130859375 -3.019430580306974e-21
3.734375 -3.461257661666359e-21
3.734619140625 -3.758251267207886e-21
3.73486328125 -3.622341961328457e-21
3.735107421875 -3.377504930491506e-21
3.7353515625 -3.454663726501577e-21
3.735595703125 -3.695361021555813e-21
3.73583984375 -3.634606166644852e-21
3.736083984375 -3.233149712511662e-21
3.736328125 -2.804682698434016e-21
3.736572265625 -2.418689737872424e-21
3.73681640625 -1.950700423550834e-21
3.737060546875 -1.571043659335682e-21
3.7373046875 -1.544027120866652e-21
3.737548828125 -1.597409676004588e-21
3.73779296875 -1.151661558692293e-21
3.738037109375 -2.330304195865077e-22
3.73828125 4.614306127247095e-22
3.738525390625 5.279150561226717e-22
3.73876953125 2.96385961564846e-22
3.739013671875 1.44704015755573e-22
3.7392578125 -3.288128389524361e-23
3.739501953125 -3.972372199553424e-22
3.73974609375 -7.389918192272223e-22
3.739990234375 -8.657067166742343e-22
3.740234375 -1.020982899744778e-21
3.740478515625 -1.511323497466715e-21
3.74072265625 -2.179700466507785e-21
3.740966796875 -2.628717001577514e-21
3.7412109375 -2.796089112599419e-21
3.741455078125 -2.965896369720897e-21
3.74169921875 -3.294586258459038e-21
3.741943359375 -3.615662762282486e-21
3.7421875 -3.708617004898164e-21
3.742431640625 -3.561143135232126e-21
3.74267578125 -3.331820926072479e-21
3.742919921875 -3.160636366404274e-21
3.7431640625 -3.054208798960242e-21
3.743408203125 -2.927776849736919e-21
3.74365234375 -2.727581875169917e-21
3.743896484375 -2.466798632745261e-21
3.744140625 -2.154512990014585e-21
3.744384765625 -1.808227066480266e-21
3.74462890625 -1.557291467378142e-21
3.744873046875 -1.538443297383625e-21
3.7451171875 -1.600295694142244e-21
3.745361328125 -1.3588875903318e-21
3.74560546875 -7.210410968047383e-22
3.745849609375 -9.17687813027277e-23
3.74609375 1.765129292751821e-22
3.746337890625 2.566284154937788e-22
3.74658203125 4.55720738878869e-22
3.746826171875 6.708459442064382e-22
3.7470703125 6.912937161415515e-22
3.747314453125 7.715033212202444e-22
3.74755859375 1.304148050984675e-21
3.747802734375 2.055433189019253e-21
3.748046875 2.372916829933619e-21
3.748291015625 2.154669286613961e-21
3.74853515625 1.971331715968911e-21
3.748779296875 2.128105978443497e-21
3.7490234375 2.247461752492828e-21
3.749267578125 2.00603695280174e-21
3.74951171875 1.69325838845647e-21
3.749755859375 1.690883245864814e-21
3.75 1.862106872273487e-21
3.750244140625 1.848840054697976e-21
3.75048828125 1.646668236741045e-21
3.750732421875 1.521322766111173e-21
3.7509765625 1.585274880905878e-21
3.751220703125 1.75745280164832e-21
3.75146484375 1.967930567597229e-21
3.751708984375 2.178824835500322e-21
3.751953125 2.362970961797512e-21
3.752197265625 2.611610413123333e-21
3.75244140625 3.074156955673245e-21
3.752685546875 3.682245109754529e-21
3.7529296875 4.157510383096721e-21
3.753173828125 4.380211651199312e-21
3.75341796875 4.493062850777973e-21
3.753662109375 4.573237490940711e-21
3.75390625 4.514751459397025e-21
3.754150390625 4.319270348728985e-21
3.75439453125 4.155392437385447e-21
3.754638671875 4.027726180772527e-21
3.7548828125 3.76063640394613e-21
3.755126953125 3.413393399420178e-21
3.75537109375 3.274301363187497e-21
3.755615234375 3.294891358982475e-21
3.755859375 3.027609093395398e-21
3.756103515625 2.367594472872372e-21
3.75634765625 1.848330039833579e-21
3.756591796875 1.85976592134247e-21
3.7568359375 2.047845872550009e-21
3.757080078125 1.905980241063008e-21
3.75732421875 1.53156063032263e-21
3.757568359375 1.308324864976478e-21
3.7578125 1.197736726825351e-21
3.758056640625 8.869906669422765e-22
3.75830078125 3.911005254626534e-22
3.758544921875 -1.399394713239154e-23
3.7587890625 -2.800164459160667e-22
3.759033203125 -5.386092377728574e-22
3.75927734375 -7.391477651009421e-22
3.759521484375 -7.984181738484835e-22
3.759765625 -9.452736563610487e-22
3.760009765625 -1.423352033624712e-21
3.76025390625 -1.96675611814277e-21
3.760498046875 -2.066758272951997e-21
3.7607421875 -1.699350460558732e-21
3.760986328125 -1.321930080234738e-21
3.76123046875 -1.191289665488715e-21
3.761474609375 -1.154476736452105e-21
3.76171875 -1.109590770512882e-21
3.761962890625 -1.190688417453035e-21
3.76220703125 -1.405887147540513e-21
3.762451171875 -1.501217225929769e-21
3.7626953125 -1.321005256213095e-21
3.762939453125 -1.00895388047875e-21
3.76318359375 -7.656772393415575e-22
3.763427734375 -6.622644024291077e-22
3.763671875 -7.352541498371684e-22
3.763916015625 -1.010028467182322e-21
3.76416015625 -1.389406483113639e-21
3.764404296875 -1.736410259470394e-21
3.7646484375 -2.06919529748158e-21
3.764892578125 -2.478182191017518e-21
3.76513671875 -2.91283048532076e-21
3.765380859375 -3.272881178710589e-21
3.765625 -3.604502223964908e-21
3.765869140625 -3.937481238847632e-21
3.76611328125 -4.060654762829598e-21
3.766357421875 -3.796360725043014e-21
3.7666015625 -3.380501096137261e-21
3.766845703125 -3.176771970371553e-21
3.76708984375 -3.096023588226191e-21
3.767333984375 -2.738482580413271e-21
3.767578125 -2.080848007669013e-21
3.767822265625 -1.541470712637643e-21
3.76806640625 -1.303752253147432e-21
3.768310546875 -1.047131936088022e-21
3.7685546875 -5.084507461180197e-22
3.768798828125 8.12620648262515e-23
3.76904296875 3.137283981837589e-22
3.769287109375 6.312834095026207e-23
3.76953125 -5.18933815233702e-22
3.769775390625 -1.203805949029402e-21
3.77001953125 -1.760425275518023e-21
3.770263671875 -2.07062265845753e-21
3.7705078125 -2.261915004184622e-21
3.770751953125 -2.520467799847906e-21
3.77099609375 -2.773691797590993e-21
3.771240234375 -2.823254889388138e-21
3.771484375 -2.744050003328867e-21
3.771728515625 -2.783127886823495e-21
3.77197265625 -2.879350032297705e-21
3.772216796875 -2.721893818363982e-21
3.7724609375 -2.32838249996381e-21
3.772705078125 -2.082768943656077e-21
3.77294921875 -2.082197660756179e-21
3.773193359375 -1.943528027847586e-21
3.7734375 -1.449713965348265e-21
3.773681640625 -8.968029478342443e-22
3.77392578125 -5.406957383409637e-22
3.774169921875 -1.793219027467685e-22
3.7744140625 3.791558824919773e-22
3.774658203125 8.753897761453502e-22
3.77490234375 1.03876557065513e-21
3.775146484375 1.107716339793985e-21
3.775390625 1.468498376718176e-21
3.775634765625 2.052682629971659e-21
3.77587890625 2.523660422057555e-21
3.776123046875 2.822161002626895e-21
3.7763671875 3.088288819207843e-21
3.776611328125 3.242594616669349e-21
3.77685546875 3.106222260232482e-21
3.777099609375 2.816881358182247e-21
3.77734375 2.699034934851672e-21
3.777587890625 2.795706160637813e-21
3.77783203125 2.898074416521196e-21
3.778076171875 2.940853670125307e-21
3.7783203125 2.98617538754956e-21
3.778564453125 2.910397521713607e-21
3.77880859375 2.527158223029845e-21
3.779052734375 1.983251348593039e-21
3.779296875 1.621240953084147e-21
3.779541015625 1.452437697369081e-21
3.77978515625 1.172606708859961e-21
3.780029296875 7.280833937540249e-22
3.7802734375 4.462300460531955e-22
3.780517578125 5.082401899133599e-22
3.78076171875 6.903301787629069e-22
3.781005859375 7.898893072314506e-22
3.78125 9.597348085594036e-22
3.781494140625 1.405758102057776e-21
3.78173828125 2.02812109492046e-21
3.781982421875 2.591591552124199e-21
3.7822265625 3.040413088373328e-21
3.782470703125 3.416698032557204e-21
3.78271484375 3.633017149995995e-21
3.782958984375 3.571411701989143e-21
3.783203125 3.326548255750638e-21
3.783447265625 3.138857215494248e-21
3.78369140625 3.100704785213004e-21
3.783935546875 3.068581927764017e-21
3.7841796875 2.861228619443798e-21
3.784423828125 2.449664128116908e-21
3.78466796875 1.955887227186922e-21
3.784912109375 1.525334159209783e-21
3.78515625 1.19417913928683e-21
3.785400390625 8.55686987484858e-22
3.78564453125 3.842174498495008e-22
3.785888671875 -1.945160261753418e-22
3.7861328125 -6.987302920672549e-22
3.786376953125 -9.628199255801845e-22
3.78662109375 -9.619726325890412e-22
3.786865234375 -7.684782711023153e-22
3.787109375 -4.706740223409003e-22
3.787353515625 -1.689843639818358e-22
3.78759765625 2.580093380375186e-23
3.787841796875 5.915786839743098e-23
3.7880859375 -2.617384864321464e-23
3.788330078125 -1.544753406990666e-22
3.78857421875 -3.029349480762898e-22
3.788818359375 -4.915331238935939e-22
3.7890625 -6.997319084851747e-22
3.789306640625 -8.336081893079962e-22
3.78955078125 -8.043306630836693e-22
3.789794921875 -6.327195575902324e-22
3.7900390625 -4.366542689393859e-22
3.790283203125 -2.9696075678314e-22
3.79052734375 -1.851835618801348e-22
3.790771484375 -6.309443571256641e-23
3.791015625 2.13122127612904e-23
3.791259765625 2.707278980109485e-23
3.79150390625 3.051723336195189e-23
3.791748046875 9.211042838794507e-23
3.7919921875 7.213852913557416e-23
3.792236328125 -2.077891146135059e-22
3.79248046875 -6.253883796511382e-22
3.792724609375 -8.324164191329602e-22
3.79296875 -7.333726967472706e-22
3.793212890625 -6.359516025919212e-22
3.79345703125 -8.078740870947841e-22
3.793701171875 -1.134912598900025e-21
3.7939453125 -1.380402313079094e-21
3.794189453125 -1.529654049313688e-21
3.79443359375 -1.653462084008986e-21
3.794677734375 -1.665685451023614e-21
3.794921875 -1.501702043587769e-21
3.795166015625 -1.350667328075358e-21
3.79541015625 -1.397573418669828e-21
3.795654296875 -1.485803719898103e-21
3.7958984375 -1.368930981738201e-21
3.796142578125 -1.160521292620654e-21
3.79638671875 -1.145273061246955e-21
3.796630859375 -1.233932905275079e-21
3.796875 -1.056231443780119e-21
3.797119140625 -6.037202530520552e-22
3.79736328125 -3.150442241392564e-22
3.797607421875 -4.039646555707445e-22
3.7978515625 -5.343079130923879e-22
3.798095703125 -3.760287596095388e-22
3.79833984375 -1.236101230767307e-22
3.798583984375 -1.831300193385055e-22
3.798828125 -6.017042674726833e-22
3.799072265625 -1.087753720593282e-21
3.79931640625 -1.417129560421529e-21
3.799560546875 -1.566537249044909e-21
3.7998046875 -1.587950437471417e-21
3.800048828125 -1.593104583648927e-21
3.80029296875 -1.762272064503918e-21
3.800537109375 -2.151824106547871e-21
3.80078125 -2.559214045608991e-21
3.801025390625 -2.747630316150535e-21
3.80126953125 -2.727434259546919e-21
3.801513671875 -2.663818515367763e-21
3.8017578125 -2.605415563763419e-21
3.802001953125 -2.481654519828013e-21
3.80224609375 -2.289802091002342e-21
3.802490234375 -2.096693137213999e-21
3.802734375 -1.896034280455552e-21
3.802978515625 -1.630741056051182e-21
3.80322265625 -1.335215301824175e-21
3.803466796875 -1.113001894350599e-21
3.8037109375 -9.815020673852125e-22
3.803955078125 -8.435325540789196e-22
3.80419921875 -5.917198302654483e-22
3.804443359375 -1.675589418078903e-22
3.8046875 4.158411557213874e-22
3.804931640625 1.013436166112007e-21
3.80517578125 1.388394330192225e-21
3.805419921875 1.43583814618492e-21
3.8056640625 1.31557416253705e-21
3.805908203125 1.258640387592225e-21
3.80615234375 1.302546390908024e-21
3.806396484375 1.314704560839372e-21
3.806640625 1.196110482184812e-21
3.806884765625 9.516013958687238e-22
3.80712890625 6.496309987627543e-22
3.807373046875 4.326632333376993e-22
3.8076171875 4.55892292470346e-22
3.807861328125 6.60821092260633e-22
3.80810546875 7.197921385754256e-22
3.808349609375 3.942947631436447e-22
3.80859375 -1.426103395703404e-22
3.808837890625 -5.409132911618742e-22
3.80908203125 -7.313772022488519e-22
3.809326171875 -9.029656126179089e-22
3.8095703125 -1.10214463242605e-21
3.809814453125 -1.157777456671735e-21
3.81005859375 -9.977981292624174e-22
3.810302734375 -7.35583270212882e-22
3.810546875 -4.040951279493628e-22
3.810791015625 8.505227555460763e-23
3.81103515625 6.351459767070286e-22
3.811279296875 9.394578035825307e-22
3.8115234375 9.214030099351877e-22
3.811767578125 9.146355729829993e-22
3.81201171875 1.198663809774058e-21
3.812255859375 1.599781559071237e-21
3.8125 1.789563818084243e-21
3.812744140625 1.763605785509662e-21
3.81298828125 1.745018481519987e-21
3.813232421875 1.780131348582424e-21
3.8134765625 1.741865082799748e-21
3.813720703125 1.63371722980263e-21
3.81396484375 1.574379124060326e-21
3.814208984375 1.521485713081283e-21
3.814453125 1.311698687005021e-21
3.814697265625 9.738099814906306e-22
3.81494140625 7.110199206103993e-22
3.815185546875 5.392603923850943e-22
3.8154296875 2.37074629184585e-22
3.815673828125 -2.517952130503208e-22
3.81591796875 -6.354674244704973e-22
3.816162109375 -6.486390382653975e-22
3.81640625 -4.107308420437329e-22
3.816650390625 -2.436823987303704e-22
3.81689453125 -2.771772627582952e-22
3.817138671875 -3.886633813826371e-22
3.8173828125 -4.164281833071643e-22
3.817626953125 -2.791203990915834e-22
3.81787109375 2.393737977981811e-23
3.818115234375 3.803442833743214e-22
3.818359375 5.943584853572502e-22
3.818603515625 5.838927211679196e-22
3.81884765625 5.066396183463259e-22
3.819091796875 5.795702499268537e-22
3.8193359375 8.171331249568939e-22
3.819580078125 1.054335744506472e-21
3.81982421875 1.182613146002264e-21
3.820068359375 1.241724341512539e-21
3.8203125 1.298394339416281e-21
3.820556640625 1.351415153175758e-21
3.82080078125 1.371189964241639e-21
3.821044921875 1.351444337196148e-21
3.8212890625 1.30140928601937e-21
3.821533203125 1.233303012363633e-21
3.82177734375 1.161858610439668e-21
3.822021484375 1.087429095392154e-21
3.822265625 9.920276476215984e-22
3.822509765625 8.699908474044326e-22
3.82275390625 7.315616169074986e-22
3.822998046875 5.636069575722005e-22
3.8232421875 3.404184197822776e-22
3.823486328125 9.440646892804392e-23
3.82373046875 -8.961299579325918e-23
3.823974609375 -1.819775666053788e-22
3.82421875 -2.45634910532098e-22
3.824462890625 -3.402622280502503e-22
3.82470703125 -4.604885281759698e-22
3.824951171875 -5.836921424281487e-22
3.8251953125 -6.840026329654606e-22
3.825439453125 -6.878660416567915e-22
3.82568359375 -5.442529337436558e-22
3.825927734375 -3.602746580418252e-22
3.826171875 -3.035517589393317e-22
3.826416015625 -3.281407790465526e-22
3.82666015625 -2.01485496467213e-22
3.826904296875 1.121032227976404e-22
3.8271484375 3.308440332118296e-22
3.827392578125 2.639764206487557e-22
3.82763671875 9.802129383330009e-23
3.827880859375 6.835018152371975e-23
3.828125 8.8074073354567e-23
3.828369140625 -1.315176857791811e-23
3.82861328125 -9.930389899910694e-23
3.828857421875 5.691490607849669e-23
3.8291015625 3.15035305206368e-22
3.829345703125 3.286741236154109e-22
3.82958984375 9.611053296228195e-23
3.829833984375 -6.398984470532187e-23
3.830078125 -6.621524481748444e-23
3.830322265625 -1.526572350576065e-22
3.83056640625 -3.872445539119069e-22
3.830810546875 -5.002063540499129e-22
3.8310546875 -3.708675555752873e-22
3.831298828125 -2.580246400963533e-22
3.83154296875 -3.593150881284557e-22
3.831787109375 -5.013767579601959e-22
3.83203125 -4.827423189511807e-22
3.832275390625 -3.93942962955446e-22
3.83251953125 -3.626980269476577e-22
3.832763671875 -2.958812392473873e-22
3.8330078125 -1.388244081355463e-22
3.833251953125 -9.572666285161119e-23
3.83349609375 -2.910653276299268e-22
3.833740234375 -4.712179693088926e-22
3.833984375 -3.680884034389147e-22
3.834228515625 -1.36472841686854e-22
3.83447265625 -8.752978472194934e-23
3.834716796875 -1.770355482746521e-22
3.8349609375 -1.202732433769477e-22
3.835205078125 1.291252989141966e-22
3.83544921875 3.776708838021142e-22
3.835693359375 5.565859672904133e-22
3.8359375 7.273007733670549e-22
3.836181640625 8.116768146198897e-22
3.83642578125 6.906617909205556e-22
3.836669921875 5.271896056842183e-22
3.8369140625 6.223148421674573e-22
3.837158203125 9.526844264258728e-22
3.83740234375 1.192050248266877e-21
3.837646484375 1.196576115216031e-21
3.837890625 1.128194001874705e-21
3.838134765625 1.083076556524865e-21
3.83837890625 9.658710710680491e-22
3.838623046875 7.992488573855816e-22
3.8388671875 7.917227631316739e-22
3.839111328125 9.642107995406421e-22
3.83935546875 1.025507209638596e-21
3.839599609375 7.79302491739195e-22
3.83984375 3.902524158330368e-22
3.840087890625 9.379197911807753e-23
3.84033203125 -1.078618142485906e-22
3.840576171875 -2.987278975353623e-22
3.8408203125 -4.353546485475409e-22
3.841064453125 -4.690390679976373e-22
3.84130859375 -4.959660933082051e-22
3.841552734375 -6.111854315418652e-22
3.841796875 -7.668808305929585e-22
3.842041015625 -9.138372043828536e-22
3.84228515625 -1.112974420819429e-21
3.842529296875 -1.366346774740767e-21
3.8427734375 -1.520799116066563e-21
3.843017578125 -1.503856312135463e-21
3.84326171875 -1.484243117831228e-21
3.843505859375 -1.621347491737242e-21
3.84375 -1.815535387271059e-21
3.843994140625 -1.895728327506646e-21
3.84423828125 -1.90094255995891e-21
3.844482421875 -1.961532012031164e-21
3.8447265625 -2.031979232117752e-21
3.844970703125 -1.979449876816372e-21
3.84521484375 -1.848265310112813e-21
3.845458984375 -1.796869530640983e-21
3.845703125 -1.824831964665292e-21
3.845947265625 -1.79218605954222e-21
3.84619140625 -1.681571103332988e-21
3.846435546875 -1.615597610549844e-21
3.8466796875 -1.614904707861759e-21
3.846923828125 -1.559780308303656e-21
3.84716796875 -1.424200381122712e-21
3.847412109375 -1.338410378438278e-21
3.84765625 -1.348000086390708e-21
3.847900390625 -1.295347679103619e-21
3.84814453125 -1.051926186463825e-21
3.848388671875 -7.346727499083828e-22
3.8486328125 -5.633883087742351e-22
3.848876953125 -5.782754653122196e-22
3.84912109375 -6.12413611863178e-22
3.849365234375 -5.077075154276593e-22
3.849609375 -2.650278342012521e-22
3.849853515625 7.575217396964763e-24
3.85009765625 2.169972620562048e-22
3.850341796875 3.372238135027217e-22
3.8505859375 3.877168595994774e-22
3.850830078125 3.978251193690634e-22
3.85107421875 3.922544203375202e-22
3.851318359375 3.929956637819007e-22
3.8515625 4.16817231470886e-22
3.851806640625 4.651183979113248e-22
3.85205078125 5.240831757619952e-22
3.852294921875 5.761511053191809e-22
3.8525390625 6.032878275669503e-22
3.852783203125 5.88449944012058e-22
3.85302734375 5.375157958543847e-22
3.853271484375 4.944959733327763e-22
3.853515625 5.033065841057017e-22
3.853759765625 5.532948915832905e-22
3.85400390625 5.935433050627834e-22
3.854248046875 5.990105691096879e-22
3.8544921875 5.867836828973811e-22
3.854736328125 5.739713712384503e-22
3.85498046875 5.682182670613722e-22
3.855224609375 5.956048832120356e-22
3.85546875 6.75963727463018e-22
3.855712890625 7.641829101307028e-22
3.85595703125 7.854235309868531e-22
3.856201171875 7.487167845868589e-22
3.8564453125 7.554089233879275e-22
3.856689453125 8.608515412072253e-22
3.85693359375 9.91255510671838e-22
3.857177734375 1.040795622835484e-21
3.857421875 9.981080294588147e-22
3.857666015625 9.307826332034736e-22
3.85791015625 8.87145379644174e-22
3.858154296875 8.57964936589055e-22
3.8583984375 8.060414248776548e-22
3.858642578125 7.02471904550915e-22
3.85888671875 5.592346255249743e-22
3.859130859375 4.38961321147328e-22
3.859375 3.97232827009523e-22
3.859619140625 4.152546862223379e-22
3.85986328125 4.419294365776673e-22
3.860107421875 4.920608980633909e-22
3.8603515625 6.161998475589139e-22
3.860595703125 7.690556856254984e-22
3.86083984375 8.251287183525151e-22
3.861083984375 7.696740492385378e-22
3.861328125 7.560447075537643e-22
3.861572265625 8.930415920320197e-22
3.86181640625 1.078324142740415e-21
3.862060546875 1.147733705917007e-21
3.8623046875 1.103966855728139e-21
3.862548828125 1.066528555545743e-21
3.86279296875 1.051471725334451e-21
3.863037109375 9.535760123123421e-22
3.86328125 7.435734061918591e-22
3.863525390625 5.422374419559966e-22
3.86376953125 4.575333848057124e-22
3.864013671875 4.521066722029798e-22
3.8642578125 4.297605635563683e-22
3.864501953125 3.799955575011767e-22
3.86474609375 3.694864905296161e-22
3.864990234375 4.302104341920784e-22
3.865234375 5.213801852704051e-22
3.865478515625 5.927218873276203e-22
3.86572265625 6.317487421668748e-22
3.865966796875 6.354835926356266e-22
3.8662109375 5.776131392014406e-22
3.866455078125 4.4294180698692e-22
3.86669921875 2.783215220379982e-22
3.866943359375 1.557882056429644e-22
3.8671875 7.039963678724682e-23
3.867431640625 -7.094633769414467e-23
3.86767578125 -3.179343626877354e-22
3.867919921875 -5.826377751535323e-22
3.8681640625 -7.406407364877375e-22
3.868408203125 -7.891913985809779e-22
3.86865234375 -8.223556199519226e-22
3.868896484375 -8.723903251725897e-22
3.869140625 -8.780715752965387e-22
3.869384765625 -8.138186354848104e-22
3.86962890625 -7.428524394674686e-22
3.869873046875 -7.103347450676429e-22
3.8701171875 -6.768421115213991e-22
3.870361328125 -5.997468730583039e-22
3.87060546875 -5.001559480210895e-22
3.870849609375 -4.094984862191942e-22
3.87109375 -3.281167946105684e-22
3.871337890625 -2.722434372369898e-22
3.87158203125 -2.748529968571217e-22
3.871826171875 -3.02322664109062e-22
3.8720703125 -2.72193095074796e-22
3.872314453125 -2.032704590591942e-22
3.87255859375 -2.2894692589572e-22
3.872802734375 -3.835492960879955e-22
3.873046875 -5.0189334239754e-22
3.873291015625 -4.503203083631692e-22
3.87353515625 -3.46535636999123e-22
3.873779296875 -3.926727477157446e-22
3.8740234375 -5.649772901872636e-22
3.874267578125 -6.490764847196159e-22
3.87451171875 -5.565128732799702e-22
3.874755859375 -4.278681167342266e-22
3.875 -4.049140398502318e-22
3.875244140625 -4.596063863251183e-22
3.87548828125 -4.958668319806289e-22
3.875732421875 -4.867410587182891e-22
3.8759765625 -4.445165710689133e-22
3.876220703125 -3.621745165221648e-22
3.87646484375 -2.618290665386209e-22
3.876708984375 -2.231548684077796e-22
3.876953125 -2.865807842666729e-22
3.877197265625 -3.800540137052765e-22
3.87744140625 -4.060196170201836e-22
3.877685546875 -3.595891586448836e-22
3.8779296875 -3.060182800801251e-22
3.878173828125 -2.843912864345497e-22
3.87841796875 -2.964102183711165e-22
3.878662109375 -3.561977295354901e-22
3.87890625 -4.743562824875464e-22
3.879150390625 -5.974580386901454e-22
3.87939453125 -6.335064809042699e-22
3.879638671875 -5.581977297323476e-22
3.8798828125 -4.465294704527998e-22
3.880126953125 -3.714979255802926e-22
3.88037109375 -3.136342333907648e-22
3.880615234375 -2.146732702313347e-22
3.880859375 -9.16346592506088e-23
3.881103515625 -3.171188931021698e-23
3.88134765625 -6.907176220320792e-23
3.881591796875 -1.31678578366513e-22
3.8818359375 -1.409888234727024e-22
3.882080078125 -1.067544833032182e-22
3.88232421875 -7.55470849449793e-23
3.882568359375 -4.313106645245733e-23
3.8828125 6.728538078053655e-24
3.883056640625 2.293768376972382e-23
3.88330078125 -4.927621835424625e-23
3.883544921875 -1.447036823136144e-22
3.8837890625 -1.368409172609851e-22
3.884033203125 -2.944864056582674e-23
3.88427734375 3.515131173824871e-23
3.884521484375 -6.19564937148099e-24
3.884765625 -4.318163937863406e-23
3.885009765625 1.527273091284822e-23
3.88525390625 8.295023328697576e-23
3.885498046875 4.415343315999677e-23
3.8857421875 -3.985525385897662e-23
3.885986328125 -1.36374035881671e-23
3.88623046875 1.391760318982661e-22
3.886474609375 2.883922403997543e-22
3.88671875 3.599693750177126e-22
3.886962890625 4.094889179648845e-22
3.88720703125 4.882853456095352e-22
3.887451171875 5.611633362115656e-22
3.8876953125 5.897837863321813e-22
3.887939453125 6.006887765874641e-22
3.88818359375 6.288876751534633e-22
3.888427734375 6.628491913245763e-22
3.888671875 6.781412136817634e-22
3.888916015625 6.70620743351584e-22
3.88916015625 6.353984640337485e-22
3.889404296875 5.665768530268313e-22
3.8896484375 4.954354297362953e-22
3.889892578125 4.768873040138729e-22
3.89013671875 5.192893192950159e-22
3.890380859375 5.70225047366152e-22
3.890625 5.814009081604222e-22
3.890869140625 5.470958560540918e-22
3.89111328125 4.815949139505622e-22
3.891357421875 4.114638501200673e-22
3.8916015625 3.883775118689858e-22
3.891845703125 4.47376199091459e-22
3.89208984375 5.437902890326856e-22
3.892333984375 5.898141978604829e-22
3.892578125 5.626829577051029e-22
3.892822265625 5.190099095440872e-22
3.89306640625 4.973089068674343e-22
3.893310546875 4.759784654121887e-22
3.8935546875 4.423490212015957e-22
3.893798828125 4.268891828353946e-22
3.89404296875 4.360378871353388e-22
3.894287109375 4.198619574312447e-22
3.89453125 3.504317075992333e-22
3.894775390625 2.754699352042527e-22
3.89501953125 2.470000704360275e-22
3.895263671875 2.452679873082762e-22
3.8955078125 2.229277602067566e-22
3.895751953125 1.827944543340471e-22
3.89599609375 1.577549458750191e-22
3.896240234375 1.442416919540866e-22
3.896484375 1.095638313942407e-22
3.896728515625 4.624900619945709e-23
3.89697265625 -2.835384689387174e-23
3.897216796875 -1.115961853199688e-22
3.8974609375 -2.090281071174107e-22
3.897705078125 -2.975139953322381e-22
3.89794921875 -3.392766443361384e-22
3.898193359375 -3.342406089345982e-22
3.8984375 -3.232547776893124e-22
3.898681640625 -3.346304741873939e-22
3.89892578125 -3.565043164038192e-22
3.899169921875 -3.693496098398391e-22
3.8994140625 -3.79958579216827e-22
3.899658203125 -4.069894128063342e-22
3.89990234375 -4.457244464972001e-22
3.900146484375 -4.660902155861419e-22
3.900390625 -4.50175902487815e-22
3.900634765625 -4.216731377197409e-22
3.90087890625 -4.224400733612294e-22
3.901123046875 -4.560902660443281e-22
3.9013671875 -4.737426703091936e-22
3.901611328125 -4.334743368794461e-22
3.90185546875 -3.586116726636595e-22
3.902099609375 -3.086211433732321e-22
3.90234375 -3.001033824422293e-22
3.902587890625 -2.927676526032974e-22
3.90283203125 -2.570257379498072e-22
3.903076171875 -2.165337200249948e-22
3.9033203125 -2.058969076871363e-22
3.903564453125 -2.182499186780489e-22
3.90380859375 -2.224491908737214e-22
3.904052734375 -2.130024465923757e-22
3.904296875 -2.137696983905797e-22
3.904541015625 -2.385747786422826e-22
3.90478515625 -2.712600966030258e-22
3.905029296875 -2.867123828867191e-22
3.9052734375 -2.795162669162406e-22
3.905517578125 -2.703903278653644e-22
3.90576171875 -2.888228816927356e-22
3.906005859375 -3.454988989021801e-22
3.90625 -4.17252412563004e-22
3.906494140625 -4.636231934392021e-22
3.90673828125 -4.630332568032262e-22
3.906982421875 -4.312697935882897e-22
3.9072265625 -4.043715954412425e-22
3.907470703125 -4.060322977947249e-22
3.90771484375 -4.292411872170333e-22
3.907958984375 -4.455524933913465e-22
3.908203125 -4.34292148722907e-22
3.908447265625 -4.025532075978655e-22
3.90869140625 -3.684721768223376e-22
3.908935546875 -3.27750850946023e-22
3.9091796875 -2.579937917442604e-22
3.909423828125 -1.621547117443725e-22
3.90966796875 -7.969473863972492e-23
3.909912109375 -3.665175313293083e-23
3.91015625 -1.19105051048403e-23
3.910400390625 2.157336431765585e-23
3.91064453125 5.04500552445637e-23
3.910888671875 5.109663429659743e-23
3.9111328125 3.880639917823456e-23
3.911376953125 3.957201388880218e-23
3.91162109375 3.36640198538859e-23
3.911865234375 -1.388450182655358e-23
3.912109375 -7.55868982742348e-23
3.912353515625 -8.053847738285702e-23
3.91259765625 -1.82606757469901e-23
3.912841796875 4.144704006406332e-23
3.9130859375 5.148356775789839e-23
3.913330078125 4.740900226242864e-23
3.91357421875 7.390437427705586e-23
3.913818359375 1.107225838151609e-22
3.9140625 1.167265290003604e-22
3.914306640625 9.9970290263077e-23
3.91455078125 9.200071786917351e-23
3.914794921875 8.801188772026865e-23
3.9150390625 6.638689280449739e-23
3.915283203125 4.125625298791419e-23
3.91552734375 4.05359200783364e-23
3.915771484375 4.950750684812147e-23
3.916015625 3.097906124538104e-23
3.916259765625 -8.914731127459673e-24
3.91650390625 -2.881485877994675e-23
3.916748046875 -2.089296096397765e-23
3.9169921875 -1.65303341100707e-23
3.917236328125 -2.080926546324962e-23
3.91748046875 1.808771078862597e-24
3.917724609375 6.10422547182474e-23
3.91796875 1.123200576213649e-22
3.918212890625 1.216270210748358e-22
3.91845703125 1.162485626483738e-22
3.918701171875 1.375167221125203e-22
3.9189453125 1.765834713132012e-22
3.919189453125 1.962476318527233e-22
3.91943359375 1.938712730125502e-22
3.919677734375 1.998765079246861e-22
3.919921875 2.229732518975858e-22
3.920166015625 2.376678319706905e-22
3.92041015625 2.28782053871477e-22
3.920654296875 2.1326172750443e-22
3.9208984375 2.066901204454373e-22
3.921142578125 1.97123476742996e-22
3.92138671875 1.711076789778191e-22
3.921630859375 1.453047104824322e-22
3.921875 1.471948125860604e-22
3.922119140625 1.719434012282902e-22
3.92236328125 1.824108110862252e-22
3.922607421875 1.547790680130491e-22
3.9228515625 1.061094198363461e-22
3.923095703125 7.015295035763717e-23
3.92333984375 6.143104614450928e-23
3.923583984375 7.394338348607798e-23
3.923828125 1.013240623997905e-22
3.924072265625 1.398008043612137e-22
3.92431640625 1.771578504922116e-22
3.924560546875 1.993102619275134e-22
3.9248046875 2.099878972488122e-22
3.925048828125 2.266150958140107e-22
3.92529296875 2.523771646075937e-22
3.925537109375 2.697910261021483e-22
3.92578125 2.68994193431329e-22
3.926025390625 2.632419199200559e-22
3.92626953125 2.635672425531138e-22
3.926513671875 2.570908351526781e-22
3.9267578125 2.308495775660975e-22
3.927001953125 2.022085104767599e-22
3.92724609375 1.987448481446059e-22
3.927490234375 2.155336821388287e-22
3.927734375 2.225671128173493e-22
3.927978515625 2.149460902809175e-22
3.92822265625 2.237355377469982e-22
3.928466796875 2.657951246010334e-22
3.9287109375 3.106566642539151e-22
3.928955078125 3.174147691503249e-22
3.92919921875 2.86565000526643e-22
3.929443359375 2.539817355967156e-22
3.9296875 2.44594108104748e-22
3.929931640625 2.522112018551707e-22
3.93017578125 2.585952127898345e-22
3.930419921875 2.531493545272836e-22
3.9306640625 2.350465039400981e-22
3.930908203125 2.109213342410189e-22
3.93115234375 1.913228434460455e-22
3.931396484375 1.803475809029926e-22
3.931640625 1.715247254263458e-22
3.931884765625 1.612484067945127e-22
3.93212890625 1.577608429685244e-22
3.932373046875 1.647090146788078e-22
3.9326171875 1.65235158767761e-22
3.932861328125 1.40224909381448e-22
3.93310546875 9.672103457087003e-23
3.933349609375 5.861017025117445e-23
3.93359375 3.245542940134527e-23
3.933837890625 5.086077912551681e-24
3.93408203125 -2.435627060149889e-23
3.934326171875 -3.613473146188596e-23
3.9345703125 -2.354471404217806e-23
3.934814453125 -1.252218060030403e-23
3.93505859375 -3.099803971083603e-23
3.935302734375 -7.267362586044574e-23
3.935546875 -1.081012538816062e-22
3.935791015625 -1.231666530585791e-22
3.93603515625 -1.304796184909612e-22
3.936279296875 -1.461826215041493e-22
3.9365234375 -1.693362727770131e-22
3.936767578125 -1.857290693360005e-22
3.93701171875 -1.842838552097083e-22
3.937255859375 -1.678043637418647e-22
3.9375 -1.50201959941875e-22
3.937744140625 -1.428071891863427e-22
3.93798828125 -1.434678605296149e-22
3.938232421875 -1.414932194305286e-22
3.9384765625 -1.307987735898001e-22
3.938720703125 -1.12828988052762e-22
3.93896484375 -9.081103448917028e-23
3.939208984375 -7.058913032862012e-23
3.939453125 -6.266769346255602e-23
3.939697265625 -6.930547849916943e-23
3.93994140625 -7.204820216841363e-23
3.940185546875 -5.029381972246376e-23
3.9404296875 -1.423035969661509e-23
3.940673828125 2.630255225782745e-25
3.94091796875 -2.402314781918435e-23
3.941162109375 -6.487838230325758e-23
3.94140625 -9.303698594664344e-23
3.941650390625 -1.068168060132835e-22
3.94189453125 -1.218142347877573e-22
3.942138671875 -1.42265126867184e-22
3.9423828125 -1.589182956687209e-22
3.942626953125 -1.654804867644732e-22
3.94287109375 -1.636463928371028e-22
3.943115234375 -1.58861038405535e-22
3.943359375 -1.596067805502338e-22
3.943603515625 -1.71585401600676e-22
3.94384765625 -1.864208550766387e-22
3.944091796875 -1.888514592898664e-22
3.9443359375 -1.804371632285182e-22
3.944580078125 -1.785130114229837e-22
3.94482421875 -1.846222250005345e-22
3.945068359375 -1.773847145943865e-22
3.9453125 -1.50199261753522e-22
3.945556640625 -1.305523039776227e-22
3.94580078125 -1.402761501969156e-22
3.946044921875 -1.595147461390506e-22
3.9462890625 -1.575878536720912e-22
3.946533203125 -1.404959899767526e-22
3.94677734375 -1.351580157112961e-22
3.947021484375 -1.399681295040643e-22
3.947265625 -1.278880496519604e-22
3.947509765625 -9.441665205798512e-23
3.94775390625 -6.684109176880646e-23
3.947998046875 -6.231245768974962e-23
3.9482421875 -6.761754005638458e-23
3.948486328125 -6.80096273747581e-23
3.94873046875 -6.903861541226141e-23
3.948974609375 -7.821738791418604e-23
3.94921875 -8.632648728884724e-23
3.949462890625 -8.122717490133333e-23
3.94970703125 -6.778123934903065e-23
3.949951171875 -6.280919654369772e-23
3.9501953125 -7.630305968727586e-23
3.950439453125 -1.023146697175805e-22
3.95068359375 -1.236553380976112e-22
3.950927734375 -1.256752634151237e-22
3.951171875 -1.10485065273331e-22
3.951416015625 -9.45655620045878e-23
3.95166015625 -8.834135410789843e-23
3.951904296875 -8.634933223996312e-23
3.9521484375 -8.285298249069548e-23
3.952392578125 -8.324744381309225e-23
3.95263671875 -8.982471638973796e-23
3.952880859375 -9.244707106542477e-23
3.953125 -8.80223646614507e-23
3.953369140625 -9.219323394626824e-23
3.95361328125 -1.134094614802497e-22
3.953857421875 -1.335098351415996e-22
3.9541015625 -1.36349091994317e-22
3.954345703125 -1.362150520252596e-22
3.95458984375 -1.496511369455711e-22
3.954833984375 -1.588053923194828e-22
3.955078125 -1.393980693462257e-22
3.955322265625 -1.098646034035379e-22
3.95556640625 -1.093302869597765e-22
3.955810546875 -1.342693889755458e-22
3.9560546875 -1.433068108287691e-22
3.956298828125 -1.24716438148407e-22
3.95654296875 -1.112677146382701e-22
3.956787109375 -1.200695136273295e-22
3.95703125 -1.248792614174485e-22
3.957275390625 -1.048415669896963e-22
3.95751953125 -7.809752335384835e-23
3.957763671875 -6.430279479634617e-23
3.9580078125 -5.037588003540112e-23
3.958251953125 -1.942842611324803e-23
3.95849609375 1.665424277834352e-23
3.958740234375 3.973348363071199e-23
3.958984375 5.438017551473911e-23
3.959228515625 6.877792821435742e-23
3.95947265625 7.086642397092612e-23
3.959716796875 5.08321807676348e-23
3.9599609375 2.71151276938114e-23
3.960205078125 2.218891630855978e-23
3.96044921875 2.844682894415029e-23
3.960693359375 2.458139847072063e-23
3.9609375 1.199815794879791e-23
3.961181640625 8.535163940007045e-24
3.96142578125 1.67624671855132e-23
3.961669921875 2.420505648019281e-23
3.9619140625 2.771419131819651e-23
3.962158203125 3.418787467009828e-23
3.96240234375 4.237626231417147e-23
3.962646484375 4.507131804103949e-23
3.962890625 4.522108088541209e-23
3.963134765625 5.099446629496875e-23
3.96337890625 5.892095011115974e-23
3.963623046875 5.959046117008655e-23
3.9638671875 5.584746577031279e-23
3.964111328125 5.761199318353437e-23
3.96435546875 6.19877536447055e-23
3.964599609375 5.646770574921421e-23
3.96484375 4.084228942563635e-23
3.965087890625 2.918370620429548e-23
3.96533203125 2.904608071335574e-23
3.965576171875 3.323827947618506e-23
3.9658203125 3.446459532738555e-23
3.966064453125 3.575960135157276e-23
3.96630859375 4.293768188195687e-23
3.966552734375 5.571784671191958e-23
3.966796875 6.942872274524661e-23
3.967041015625 7.963349602975572e-23
3.96728515625 8.393400644492383e-23
3.967529296875 8.364801013416535e-23
3.9677734375 8.338556036154454e-23
3.968017578125 8.592414430885042e-23
3.96826171875 8.987944173557229e-23
3.968505859375 9.474149867673989e-23
3.96875 1.029594468021481e-22
3.968994140625 1.132851850787846e-22
3.96923828125 1.186379651233322e-22
3.969482421875 1.163073977602392e-22
3.9697265625 1.13980062410187e-22
3.969970703125 1.18728760174131e-22
3.97021484375 1.25678680875012e-22
3.970458984375 1.25392345934709e-22
3.970703125 1.17877788306008e-22
3.970947265625 1.109433791856126e-22
3.97119140625 1.078811510751122e-22
3.971435546875 1.052320099647597e-22
3.9716796875 1.014130674379115e-22
3.971923828125 9.987839350789644e-23
3.97216796875 1.031051004155522e-22
3.972412109375 1.089614944081608e-22
3.97265625 1.142785089474762e-22
3.972900390625 1.185358835261125e-22
3.97314453125 1.227730797455159e-22
3.973388671875 1.266483352837596e-22
3.9736328125 1.279258845801772e-22
3.973876953125 1.254321265245522e-22
3.97412109375 1.221254625941683e-22
3.974365234375 1.226562742708217e-22
3.974609375 1.265557534135242e-22
3.974853515625 1.276314969055569e-22
3.97509765625 1.231704796552615e-22
3.975341796875 1.190133313370065e-22
3.9755859375 1.203804479478043e-22
3.975830078125 1.227656555906511e-22
3.97607421875 1.19352214531281e-22
3.976318359375 1.12921962836987e-22
3.9765625 1.111060210079893e-22
3.976806640625 1.132336100597215e-22
3.97705078125 1.124494764657035e-22
3.977294921875 1.087420989709762e-22
3.9775390625 1.084650834871811e-22
3.977783203125 1.115394512772881e-22
3.97802734375 1.106514858686269e-22
3.978271484375 1.038481703229093e-22
3.978515625 9.692564569197868e-23
3.978759765625 9.214167470024934e-23
3.97900390625 8.544478915443558e-23
3.979248046875 7.660792371487357e-23
3.9794921875 7.128097172983617e-23
3.979736328125 7.048829111676624e-23
3.97998046875 6.82755136570188e-23
3.980224609375 6.248024336385141e-23
3.98046875 5.811842506958272e-23
3.980712890625 5.740127584564703e-23
3.98095703125 5.593995766614484e-23
3.981201171875 5.173662857862947e-23
3.9814453125 4.878643910690948e-23
3.981689453125 4.884770598859916e-23
3.98193359375 4.829545340064639e-23
3.982177734375 4.571210833200216e-23
3.982421875 4.417316247689009e-23
3.982666015625 4.389757518568046e-23
3.98291015625 4.119000402864719e-23
3.983154296875 3.651448880073999e-23
3.9833984375 3.483509451586558e-23
3.983642578125 3.620447918085732e-23
3.98388671875 3.497788020351203e-23
3.984130859375 3.002147487484487e-23
3.984375 2.646460348968821e-23
3.984619140625 2.560652850441284e-23
3.98486328125 2.262264161121481e-23
3.985107421875 1.634965756082092e-23
3.9853515625 1.182511553088934e-23
3.985595703125 1.07480087801142e-23
3.98583984375 8.648576430871958e-24
3.986083984375 3.860484173772918e-24
3.986328125 2.20574709368796e-25
3.986572265625 -1.380338055739408e-24
3.98681640625 -5.082864037027611e-24
3.987060546875 -1.151628106447348e-23
3.9873046875 -1.608139721602091e-23
3.987548828125 -1.78264846034207e-23
3.98779296875 -2.124930286905221e-23
3.988037109375 -2.742480428317893e-23
3.98828125 -3.215745541405209e-23
3.988525390625 -3.45750911832739e-23
3.98876953125 -3.860735012273673e-23
3.989013671875 -4.446265678896441e-23
3.9892578125 -4.77742643428623e-23
3.989501953125 -4.860013760568864e-23
3.98974609375 -5.197848717134556e-23
3.989990234375 -5.823323215442166e-23
3.990234375 -6.218629565551017e-23
3.990478515625 -6.320388293799046e-23
3.99072265625 -6.627702412890376e-23
3.990966796875 -7.189300506176616e-23
3.9912109375 -7.488641090684971e-23
3.991455078125 -7.477492648227268e-23
3.99169921875 -7.702562397264595e-23
3.991943359375 -8.242884468649868e-23
3.9921875 -8.548036097281541e-23
3.992431640625 -8.508304617449721e-23
3.99267578125 -8.653545779682341e-23
3.992919921875 -9.098912967480513e-23
3.9931640625 -9.329575920984692e-23
3.993408203125 -9.239536164656781e-23
3.99365234375 -9.349991809691746e-23
3.993896484375 -9.774573671256149e-23
3.994140625 -9.993867387214208e-23
3.994384765625 -9.885904073214498e-23
3.99462890625 -9.96116105823888e-23
3.994873046875 -1.034268634557943e-22
3.9951171875 -1.052811934646983e-22
3.995361328125 -1.039883638595544e-22
3.99560546875 -1.045396120002881e-22
3.995849609375 -1.080597228694846e-22
3.99609375 -1.09513956298361e-22
3.996337890625 -1.077516421130432e-22
3.99658203125 -1.077821739330611e-22
3.996826171875 -1.107339696702651e-22
3.9970703125 -1.115978715258579e-22
3.997314453125 -1.092773438859993e-22
3.99755859375 -1.088261709391216e-22
3.997802734375 -1.113668158817084e-22
3.998046875 -1.118450555718288e-22
3.998291015625 -1.091360320936629e-22
3.99853515625 -1.083096845685868e-22
3.998779296875 -1.10512334773562e-22
3.9990234375 -1.106789576453171e-22
3.999267578125 -1.076525492507367e-22
3.99951171875 -1.064877092569673e-22
3.999755859375 -1.083352763822069e-22
