domain units: sec
measurement data type: double
segment length (sec): 4
sampling rate (Hz): 4096
domain bounds (sec): [0, 4)
support bounds (sec): [0, 4)support indexes: [0, 16384)
---------------
domainValue measuredValue
0 -0.5879451300769842
0.000244140625 -0.1337051387780419
0.00048828125 0.51393644435132
0.000732421875 0.6660098891288757
0.0009765625 0.2340212726833145
0.001220703125 -0.2276171287507463
0.00146484375 -0.2526202539012772
0.001708984375 0.04396609656184838
0.001953125 0.2635297569686714
0.002197265625 0.2842199240920706
0.00244140625 0.3182547625600836
0.002685546875 0.4913861644812785
0.0029296875 0.6137343167779014
0.003173828125 0.4546913056218304
0.00341796875 0.08618986723643694
0.003662109375 -0.1870784944931944
0.00390625 -0.1792645673942689
0.004150390625 -0.009549993957798335
0.00439453125 0.03581518885578754
0.004638671875 -0.2016120135783422
0.0048828125 -0.5454313690857961
0.005126953125 -0.6069106194876835
0.00537109375 -0.2448558788498582
0.005615234375 0.1574689762423487
0.005859375 0.1207360679002466
0.006103515625 -0.2538053130078555
0.00634765625 -0.4021478710461902
0.006591796875 -0.1553259064396947
0.0068359375 -0.007593817296489133
0.007080078125 -0.2960810474429108
0.00732421875 -0.6138881473670686
0.007568359375 -0.4694501944072405
0.0078125 -0.0990836236952882
0.008056640625 -0.04048867416162167
0.00830078125 -0.2082099117860061
0.008544921875 -0.08373546569123316
0.0087890625 0.3281998777035958
0.009033203125 0.4740022296145588
0.00927734375 0.2053009640317093
0.009521484375 0.05046568714012846
0.009765625 0.3533613002203975
0.010009765625 0.7427232723471688
0.01025390625 0.7180074929707466
0.010498046875 0.2867806683600785
0.0107421875 -0.2235158346812498
0.010986328125 -0.5684268130742629
0.01123046875 -0.5867626488442743
0.011474609375 -0.2160717438153328
0.01171875 0.2595731504622871
0.011962890625 0.3610389332377718
0.01220703125 0.03586398655192389
0.012451171875 -0.2356363979164167
0.0126953125 -0.1413748994069662
0.012939453125 0.06557195571727822
0.01318359375 0.07747542029901702
0.013427734375 -0.01150002878771025
0.013671875 -0.03196216293122039
0.013916015625 -0.08143355556147693
0.01416015625 -0.2166930439919009
0.014404296875 -0.2145641301600268
0.0146484375 0.01692894670330408
0.014892578125 0.1835726489260467
0.01513671875 0.1119021642276795
0.015380859375 0.09790986100053778
0.015625 0.3565868635812949
0.015869140625 0.5453415333839371
0.01611328125 0.2948219671115218
0.016357421875 -0.176422307264214
0.0166015625 -0.4603923398282094
0.016845703125 -0.5765206809392794
0.01708984375 -0.6723563494672482
0.017333984375 -0.5477480082008683
0.017578125 -0.112177542153592
0.017822265625 0.1137636403410353
0.01806640625 -0.2719406549793885
0.018310546875 -0.6888931752669575
0.0185546875 -0.3464347636913943
0.018798828125 0.3919828831503109
0.01904296875 0.4703668399606135
0.019287109375 -0.137367161401087
0.01953125 -0.3442566986691757
0.019775390625 0.25878983608343
0.02001953125 0.7366553332604495
0.020263671875 0.3729351121403374
0.0205078125 -0.220973570955653
0.020751953125 -0.2401320090073413
0.02099609375 0.03381881761856619
0.021240234375 -0.0462735051924161
0.021484375 -0.2548261761710691
0.021728515625 0.02100421681443607
0.02197265625 0.5648005300204778
0.022216796875 0.6299017480268793
0.0224609375 0.1864181146650726
0.022705078125 -0.09255924925737892
0.02294921875 0.0256614227307747
0.023193359375 0.09541667936150759
0.0234375 -0.1087410118883801
0.023681640625 -0.2823436691285054
0.02392578125 -0.2659169279674489
0.024169921875 -0.2786395263653837
0.0244140625 -0.3386572100649762
0.024658203125 -0.1545801724499175
0.02490234375 0.2106702936932542
0.025146484375 0.2404688381502959
0.025390625 -0.2015392742849859
0.025634765625 -0.5514374618182795
0.02587890625 -0.3872023201239677
0.026123046875 -0.03698314183335162
0.0263671875 0.03677568040017126
0.026611328125 -0.03800715209576076
0.02685546875 0.1001957101362992
0.027099609375 0.3501065888961311
0.02734375 0.3238647481880252
0.027587890625 0.003542994718640656
0.02783203125 -0.2369249312478884
0.028076171875 -0.1651107572778005
0.0283203125 0.1074759958200753
0.028564453125 0.3868664168505652
0.02880859375 0.5748150319002708
0.029052734375 0.6212519195253289
0.029296875 0.5044384902999478
0.029541015625 0.2522386308175281
0.02978515625 -0.07669531310449765
0.030029296875 -0.3372056383065171
0.0302734375 -0.2551507010051055
0.030517578125 0.2879149493515589
0.03076171875 0.8987891415654228
0.031005859375 0.9677296678258237
0.03125 0.4437873388468173
0.031494140625 -0.06855498589602481
0.03173828125 -0.1524787606724699
0.031982421875 -0.0746080965541943
0.0322265625 -0.185954117051071
0.032470703125 -0.324470475428053
0.03271484375 -0.2323237047277507
0.032958984375 -0.129580393277629
0.033203125 -0.3288802204339234
0.033447265625 -0.5978844050555873
0.03369140625 -0.4923585418067518
0.033935546875 -0.1053481991210884
0.0341796875 0.1123352664916361
0.034423828125 0.1299576942568801
0.03466796875 0.3155055666632101
0.034912109375 0.691313328115945
0.03515625 0.8249146539449315
0.035400390625 0.5185411475427883
0.03564453125 0.06949319610882039
0.035888671875 -0.2475282254743495
0.0361328125 -0.4698374976140678
0.036376953125 -0.6157458120786564
0.03662109375 -0.5376698348734548
0.036865234375 -0.2672342339525293
0.037109375 -0.1098627621310928
0.037353515625 -0.2231281956462215
0.03759765625 -0.404289589202997
0.037841796875 -0.4003368547069653
0.0380859375 -0.1546868596032562
0.038330078125 0.2719118933201615
0.03857421875 0.7121834195418075
0.038818359375 0.8543083934243557
0.0390625 0.5612565449647997
0.039306640625 0.1717778016654563
0.03955078125 0.06115998387927175
0.039794921875 0.01058415888905708
0.0400390625 -0.4233241443397059
0.040283203125 -0.9930529164659075
0.04052734375 -0.9527351481157424
0.040771484375 -0.2520284710728355
0.041015625 0.2574964959144972
0.041259765625 0.06968209096165967
0.04150390625 -0.2937953668529327
0.041748046875 -0.2315273530762506
0.0419921875 0.05451631623640505
0.042236328125 0.1366580543123196
0.04248046875 0.1293107033189981
0.042724609375 0.2446885633981848
0.04296875 0.1848699668290399
0.043212890625 -0.2910628399085681
0.04345703125 -0.6816979526179187
0.043701171875 -0.4095687113695138
0.0439453125 0.2038275629438593
0.044189453125 0.4217353794030029
0.04443359375 0.2343876265697184
0.044677734375 0.1877446358757327
0.044921875 0.3323793878374631
0.045166015625 0.2554875997321036
0.04541015625 0.01723309453104156
0.045654296875 0.0905832167903611
0.0458984375 0.3719640365279977
0.046142578125 0.2316516137598702
0.04638671875 -0.3226454914804736
0.046630859375 -0.5230531385819015
0.046875 -0.1497159685208219
0.047119140625 0.0380093331346116
0.04736328125 -0.3657457059940555
0.047607421875 -0.6185175856921882
0.0478515625 -0.06388540994572992
0.048095703125 0.6626059804523554
0.04833984375 0.5647376207781957
0.048583984375 -0.1510848549312826
0.048828125 -0.4377315878328944
0.049072265625 -0.01786730217275821
0.04931640625 0.3620951741037868
0.049560546875 0.2067379733355011
0.0498046875 -0.1329891247057577
0.050048828125 -0.2518590942688068
0.05029296875 -0.2510464396096047
0.050537109375 -0.2524180660469843
0.05078125 -0.05736027174626031
0.051025390625 0.3565902664153193
0.05126953125 0.5766830864872748
0.051513671875 0.3913785185631522
0.0517578125 0.1973248260855252
0.052001953125 0.3331762715346821
0.05224609375 0.449104541646162
0.052490234375 0.08334118058320639
0.052734375 -0.4707956257472367
0.052978515625 -0.5291047410041149
0.05322265625 -0.09546543269537969
0.053466796875 0.1208967536776758
0.0537109375 -0.1706305264357612
0.053955078125 -0.3705572862240445
0.05419921875 0.06837375378587554
0.054443359375 0.7665514275613668
0.0546875 0.9488674898961665
0.054931640625 0.517321885372036
0.05517578125 0.05953456941774783
0.055419921875 -0.07821455693313477
0.0556640625 -0.1729212454995088
0.055908203125 -0.5023059931058842
0.05615234375 -0.8313306104024972
0.056396484375 -0.7991809219509556
0.056640625 -0.501897626022512
0.056884765625 -0.3296520315260082
0.05712890625 -0.3737051003421745
0.057373046875 -0.3633604319102917
0.0576171875 -0.1675863955521257
0.057861328125 0.00847147596891893
0.05810546875 0.02843485918104367
0.058349609375 0.08531860044155061
0.05859375 0.3273203742183265
0.058837890625 0.4970388785802452
0.05908203125 0.2916176393161798
0.059326171875 -0.08745673811477246
0.0595703125 -0.1847046142116502
0.059814453125 -0.04598629342079138
0.06005859375 -0.1961733667693754
0.060302734375 -0.7203216384214037
0.060546875 -0.936489627474548
0.060791015625 -0.3838420571458101
0.06103515625 0.3470871693011106
0.061279296875 0.3976869478046145
0.0615234375 -0.05298003986708684
0.061767578125 -0.06670064101736843
0.06201171875 0.5257017582160377
0.062255859375 0.7855304576477843
0.0625 0.151387982637415
0.062744140625 -0.5798633598782063
0.06298828125 -0.3850091353590859
0.063232421875 0.468517182146565
0.0634765625 0.8413017664305025
0.063720703125 0.3529271142868634
0.06396484375 -0.2461888887090124
0.064208984375 -0.2911693892752726
0.064453125 0.001975473627659493
0.064697265625 0.1496710953163217
0.06494140625 0.1520782211200593
0.065185546875 0.2584351210095036
0.0654296875 0.4086835398831208
0.065673828125 0.328323979818454
0.06591796875 -0.004049302273382308
0.066162109375 -0.2924317822977342
0.06640625 -0.2734601254147946
0.066650390625 0.008905570881200562
0.06689453125 0.2289068215945697
0.067138671875 0.07325016754666328
0.0673828125 -0.3705842820637388
0.067626953125 -0.5955501070197806
0.06787109375 -0.2751263846588222
0.068115234375 0.2171326828513016
0.068359375 0.2561411850879678
0.068603515625 -0.1156851876775044
0.06884765625 -0.2232717811034348
0.069091796875 0.1893653226025044
0.0693359375 0.5198841963901272
0.069580078125 0.2380252747563624
0.06982421875 -0.2593860017336694
0.070068359375 -0.2336484198226802
0.0703125 0.2912279631456829
0.070556640625 0.5969443192338609
0.07080078125 0.3077857357822282
0.071044921875 -0.2007473684992356
0.0712890625 -0.4442986544101219
0.071533203125 -0.3923800041087493
0.07177734375 -0.2658092575896439
0.072021484375 -0.1623398235370872
0.072265625 -0.08075208249191537
0.072509765625 -0.05830783912346776
0.07275390625 -0.09115412679297119
0.072998046875 -0.07540739553301926
0.0732421875 0.03495964043030348
0.073486328125 0.1373175883146436
0.07373046875 0.1525136443856116
0.073974609375 0.1706627839175786
0.07421875 0.316994680390179
0.074462890625 0.5505582652729339
0.07470703125 0.68600003020818
0.074951171875 0.5790538740919536
0.0751953125 0.2624936194282472
0.075439453125 -0.04828358804789068
0.07568359375 -0.0983008400600415
0.075927734375 0.1439803092268596
0.076171875 0.3579149762010542
0.076416015625 0.1633381972745007
0.07666015625 -0.3838122110488075
0.076904296875 -0.7457884457485452
0.0771484375 -0.502278420891627
0.077392578125 0.1147155057294351
0.07763671875 0.4910980302400813
0.077880859375 0.394919379610009
0.078125 0.2102008564377325
0.078369140625 0.3234729456180005
0.07861328125 0.5448220706094685
0.078857421875 0.4044165965218379
0.0791015625 -0.1143134160536888
0.079345703125 -0.5011052317577137
0.07958984375 -0.4223065352601685
0.079833984375 -0.1536174981635091
0.080078125 -0.1279826230134171
0.080322265625 -0.3374615601997933
0.08056640625 -0.4720661659256792
0.080810546875 -0.4456086959812279
0.0810546875 -0.4094131005160496
0.081298828125 -0.3407989563692226
0.08154296875 -0.04441499187361725
0.081787109375 0.3934813972879896
0.08203125 0.5643011963878236
0.082275390625 0.3213264848152344
0.08251953125 0.06584176822777593
0.082763671875 0.2009921412427467
0.0830078125 0.5519985513314299
0.083251953125 0.6200008538009635
0.08349609375 0.2509174857069306
0.083740234375 -0.2408855120986068
0.083984375 -0.5242797957237408
0.084228515625 -0.5503092834547271
0.08447265625 -0.4421739859511096
0.084716796875 -0.3479057123928129
0.0849609375 -0.4076976558954118
0.085205078125 -0.6330155467773821
0.08544921875 -0.7836231747923114
0.085693359375 -0.5821289101497878
0.0859375 -0.111759200907327
0.086181640625 0.2090424598218723
0.08642578125 0.1466712879572035
0.086669921875 -0.0542924450896124
0.0869140625 -0.04815867110959647
0.087158203125 0.1294961040896414
0.08740234375 0.1986402112485996
0.087646484375 0.1379037421137418
0.087890625 0.2199091990178324
0.088134765625 0.5075900488811445
0.08837890625 0.6537381050434127
0.088623046875 0.4043307313184369
0.0888671875 0.03896391244649116
0.089111328125 -0.01144982261102181
0.08935546875 0.1718376336798937
0.089599609375 0.1306162631730972
0.08984375 -0.188102060743441
0.090087890625 -0.2714960220208598
0.09033203125 0.1399783392469463
0.090576171875 0.517419502344741
0.0908203125 0.2304071862990484
0.091064453125 -0.5142352307481574
0.09130859375 -0.9213117827079893
0.091552734375 -0.686889476960917
0.091796875 -0.3052098532852917
0.092041015625 -0.2446998294373305
0.09228515625 -0.3312672952020181
0.092529296875 -0.1915073054624038
0.0927734375 0.0945554435448914
0.093017578125 0.1599009076557147
0.09326171875 -0.03668819735539694
0.093505859375 -0.1375428714798793
0.09375 0.1139803083937936
0.093994140625 0.5675742957429798
0.09423828125 0.8663000551623105
0.094482421875 0.7699360805279031
0.0947265625 0.2982020428573918
0.094970703125 -0.2635552207317175
0.09521484375 -0.5063482239680641
0.095458984375 -0.242900213966437
0.095703125 0.2375284250517425
0.095947265625 0.4197680800640238
0.09619140625 0.1325072102844168
0.096435546875 -0.2830051217005005
0.0966796875 -0.451897184566554
0.096923828125 -0.4265193013200713
0.09716796875 -0.4875575263338885
0.097412109375 -0.6335857407098076
0.09765625 -0.5698091798196681
0.097900390625 -0.2015999780325317
0.09814453125 0.1791151284140518
0.098388671875 0.3243800024830079
0.0986328125 0.3604351745771987
0.098876953125 0.4735087572076902
0.09912109375 0.5307854902857789
0.099365234375 0.3452401541320773
0.099609375 0.1196004379153017
0.099853515625 0.1869488919908781
0.10009765625 0.3912310487757283
0.100341796875 0.2320505195297775
0.1005859375 -0.3169159162830311
0.100830078125 -0.6625504966502336
0.10107421875 -0.469531625000381
0.101318359375 -0.1825659068437886
0.1015625 -0.3210572148446145
0.101806640625 -0.6650194335746166
0.10205078125 -0.6133495549361107
0.102294921875 -0.09512349229070181
0.1025390625 0.3686208695221522
0.102783203125 0.4009710739574273
0.10302734375 0.1402464937299832
0.103271484375 -0.08282250352163906
0.103515625 -0.08455668010081395
0.103759765625 0.1373925551691045
0.10400390625 0.4208905684388821
0.104248046875 0.5160953300592812
0.1044921875 0.3689193499047063
0.104736328125 0.2363245287531623
0.10498046875 0.303699758435473
0.105224609375 0.3626703191632249
0.10546875 0.1587206808858406
0.105712890625 -0.13765104595435
0.10595703125 -0.1843931688717947
0.106201171875 -0.03720605560202352
0.1064453125 -0.04062123559420766
0.106689453125 -0.2469811955631797
0.10693359375 -0.3785219753677576
0.107177734375 -0.3170253273951354
0.107421875 -0.2059647693542546
0.107666015625 -0.0955760183223839
0.10791015625 0.09386881104257971
0.108154296875 0.2764082371966736
0.1083984375 0.2870565352171837
0.108642578125 0.2381134689265488
0.10888671875 0.3568172488480028
0.109130859375 0.5085995439288296
0.109375 0.3696931022442284
0.109619140625 0.05486916628708403
0.10986328125 0.022772546851176
0.110107421875 0.3104005492154967
0.1103515625 0.4396456837008274
0.110595703125 0.1977529807611442
0.11083984375 -0.07741438538673306
0.111083984375 -0.1584236578807259
0.111328125 -0.2651111424035297
0.111572265625 -0.4905720904543236
0.11181640625 -0.5015258335337774
0.112060546875 -0.1708800819247246
0.1123046875 0.04980642080747379
0.112548828125 -0.1697866251795356
0.11279296875 -0.456264050797184
0.113037109375 -0.3462468251307481
0.11328125 -0.05764699367286161
0.113525390625 -0.08459218889034777
0.11376953125 -0.3479219447003911
0.114013671875 -0.3625824915650627
0.1142578125 -0.06486011830885934
0.114501953125 0.1303677508730257
0.11474609375 0.04118323538122333
0.114990234375 -0.06084267840354556
0.115234375 0.007576978029646175
0.115478515625 0.04288479002169118
0.11572265625 -0.1601920907924733
0.115966796875 -0.4538094941573116
0.1162109375 -0.5294067039048417
0.116455078125 -0.2717163769202254
0.11669921875 0.1765914728866618
0.116943359375 0.5542155932915852
0.1171875 0.6235061222282078
0.117431640625 0.3175255037553604
0.11767578125 -0.1543887378228464
0.117919921875 -0.4074760284730167
0.1181640625 -0.1885935879632299
0.118408203125 0.3556243863233081
0.11865234375 0.7310382195483297
0.118896484375 0.5426571675098104
0.119140625 -0.0228124488302826
0.119384765625 -0.3148751286504043
0.11962890625 -0.008478709603247921
0.119873046875 0.3984718131980399
0.1201171875 0.2132023738527647
0.120361328125 -0.4438072423110936
0.12060546875 -0.7417424513611242
0.120849609375 -0.2935513126190509
0.12109375 0.3269138573790631
0.121337890625 0.4521799158948028
0.12158203125 0.2192801461326272
0.121826171875 0.2033741076297007
0.1220703125 0.4970832745185638
0.122314453125 0.6476949785459043
0.12255859375 0.3856422317005988
0.122802734375 -0.02091698674261603
0.123046875 -0.1723961334843195
0.123291015625 -0.0129973200631474
0.12353515625 0.1767826262807982
0.123779296875 0.1193719380488292
0.1240234375 -0.175547638954965
0.124267578125 -0.4307162385436928
0.12451171875 -0.4317910709061679
0.124755859375 -0.3058989334171074
0.125 -0.3312761212332713
0.125244140625 -0.4915593992426681
0.12548828125 -0.4548021361670065
0.125732421875 -0.05687298336428762
0.1259765625 0.4367324142857241
0.126220703125 0.6725864644366517
0.12646484375 0.6085519471993045
0.126708984375 0.4376486098831002
0.126953125 0.2875270030189098
0.127197265625 0.1438495836832806
0.12744140625 -0.03062197333741184
0.127685546875 -0.1986342098509785
0.1279296875 -0.2278255827431923
0.128173828125 -0.007992670271302949
0.12841796875 0.3141935756610995
0.128662109375 0.3644196181176276
0.12890625 0.02787340171661033
0.129150390625 -0.2653846153741678
0.12939453125 -0.08770235990305215
0.129638671875 0.3111839749089885
0.1298828125 0.3429976491162396
0.130126953125 -0.005980026676849728
0.13037109375 -0.1798941915685031
0.130615234375 0.01874345988690527
0.130859375 0.1569416871503617
0.131103515625 -0.01585996054175896
0.13134765625 -0.1417693815538614
0.131591796875 0.0473672907202647
0.1318359375 0.1988510458602843
0.132080078125 -0.06381402549056825
0.13232421875 -0.4793858012442965
0.132568359375 -0.5492104967121062
0.1328125 -0.2536524232589917
0.133056640625 0.05982131993795624
0.13330078125 0.2183918267607106
0.133544921875 0.257342457855524
0.1337890625 0.1591292586745451
0.134033203125 -0.06753470840545946
0.13427734375 -0.239389126987665
0.134521484375 -0.2315260193168517
0.134765625 -0.175104312366758
0.135009765625 -0.2028159823076321
0.13525390625 -0.2406922074741017
0.135498046875 -0.2489724060041362
0.1357421875 -0.3606179812641175
0.135986328125 -0.5595527076186223
0.13623046875 -0.5588915822316742
0.136474609375 -0.2407419070638488
0.13671875 0.1317811875319789
0.136962890625 0.3706440875045739
0.13720703125 0.6180487183960203
0.137451171875 0.877832775018756
0.1376953125 0.773537306246555
0.137939453125 0.1705170642085324
0.13818359375 -0.3930467307845325
0.138427734375 -0.367914357960884
0.138671875 0.04715683628898972
0.138916015625 0.2581889088199125
0.13916015625 0.09807649066131789
0.139404296875 -0.1283444941269715
0.1396484375 -0.1637099067954038
0.139892578125 0.01122665401908402
0.14013671875 0.2548752446687514
0.140380859375 0.2508062923437016
0.140625 -0.233809960631147
0.140869140625 -0.8195620049277913
0.14111328125 -0.7461832795844542
0.141357421875 0.0167975304325397
0.1416015625 0.492797601255912
0.141845703125 0.03919974817694639
0.14208984375 -0.6637950721716771
0.142333984375 -0.6515264592024222
0.142578125 -0.1166551301309341
0.142822265625 0.05647984975726318
0.14306640625 -0.2495415665043819
0.143310546875 -0.3924838706562073
0.1435546875 -0.1955406643442306
0.143798828125 -0.1356722766008403
0.14404296875 -0.3327544881279944
0.144287109375 -0.307272417383367
0.14453125 0.1143381403202749
0.144775390625 0.4687162459230901
0.14501953125 0.4352147867005594
0.145263671875 0.2646495528756624
0.1455078125 0.2255969351849974
0.145751953125 0.2204923498980554
0.14599609375 0.1502393174616347
0.146240234375 0.1316755318284561
0.146484375 0.1730318833506457
0.146728515625 0.1027679623272324
0.14697265625 -0.04537330418760873
0.147216796875 -0.03265666988290333
0.1474609375 0.09464987045277912
0.147705078125 -0.01726350170381407
0.14794921875 -0.4366728662309241
0.148193359375 -0.7688582668648303
0.1484375 -0.7102067488969862
0.148681640625 -0.3986853813716336
0.14892578125 -0.09996654273103965
0.149169921875 0.1114666377726041
0.1494140625 0.2736878971853953
0.149658203125 0.4324125633094085
0.14990234375 0.6307598833679511
0.150146484375 0.7561873743500148
0.150390625 0.527101948316392
0.150634765625 -0.04730076919878683
0.15087890625 -0.4245522456086286
0.151123046875 -0.2033057040624054
0.1513671875 0.2120021718959088
0.151611328125 0.2109059838613279
0.15185546875 -0.002975713083313591
0.152099609375 0.2403882990107652
0.15234375 0.8330857592140924
0.152587890625 0.8984562166267139
0.15283203125 0.1621992281946315
0.153076171875 -0.5504273221680918
0.1533203125 -0.4860008212252956
0.153564453125 0.09415164590836855
0.15380859375 0.4882159866869087
0.154052734375 0.4412666756161842
0.154296875 0.1005200110223703
0.154541015625 -0.3492699203905207
0.15478515625 -0.6347195376643202
0.155029296875 -0.4755314754860503
0.1552734375 -0.06050794942339213
0.155517578125 0.023648966496592
0.15576171875 -0.3627615657190758
0.156005859375 -0.646720957658231
0.15625 -0.4406918580146607
0.156494140625 -0.1463048687345569
0.15673828125 -0.234398664137226
0.156982421875 -0.4552778911863629
0.1572265625 -0.3094263378970537
0.157470703125 0.1166071118290214
0.15771484375 0.3748608911018781
0.157958984375 0.4097899849229381
0.158203125 0.4906259360486205
0.158447265625 0.5917788154636398
0.15869140625 0.4388890657636073
0.158935546875 0.1059277505316548
0.1591796875 0.02126846747493449
0.159423828125 0.3197984323188569
0.15966796875 0.6178190225585498
0.159912109375 0.5515023888614013
0.16015625 0.2199314718668709
0.160400390625 -0.0589021887502511
0.16064453125 -0.2122709043270282
0.160888671875 -0.4343336295269096
0.1611328125 -0.7993365853773874
0.161376953125 -1.023835981779183
0.16162109375 -0.7509808712508582
0.161865234375 -0.07409426373482542
0.162109375 0.4146890184217911
0.162353515625 0.2747621542198131
0.16259765625 -0.2154534903920481
0.162841796875 -0.3924602058410661
0.1630859375 -0.02519126646224617
0.163330078125 0.4947052787419328
0.16357421875 0.7231669087086455
0.163818359375 0.5824201401229169
0.1640625 0.2263923962821775
0.164306640625 -0.1312942231040271
0.16455078125 -0.2166304323714182
0.164794921875 0.08598642443939483
0.1650390625 0.4346852063815297
0.165283203125 0.3392362399632026
0.16552734375 -0.1367533781624806
0.165771484375 -0.3989864661620518
0.166015625 -0.1723042184460146
0.166259765625 0.1325311575724178
0.16650390625 0.1044906455797444
0.166748046875 -0.08394706421592492
0.1669921875 -0.08045518411696365
0.167236328125 0.07708092780060075
0.16748046875 0.1594077317544742
0.167724609375 0.1702960326522605
0.16796875 0.1924543721877826
0.168212890625 0.1143369833874293
0.16845703125 -0.08680925140381744
0.168701171875 -0.0671307865748649
0.1689453125 0.4162716427855152
0.169189453125 0.9577939993205663
0.16943359375 0.9190773991765128
0.169677734375 0.3074334925118447
0.169921875 -0.227954289687373
0.170166015625 -0.2696449562292768
0.17041015625 -0.06437079534514575
0.170654296875 -0.01802412719984754
0.1708984375 -0.1679777521305769
0.171142578125 -0.3272837372619098
0.17138671875 -0.433137580820876
0.171630859375 -0.508598461170333
0.171875 -0.4707601009520803
0.172119140625 -0.2324790032870031
0.17236328125 0.07839347963335269
0.172607421875 0.2193027512373629
0.1728515625 0.153775496004771
0.173095703125 0.09190777165096388
0.17333984375 0.1619516412621709
0.173583984375 0.2153046794422186
0.173828125 0.08403069469514131
0.174072265625 -0.1190003965467558
0.17431640625 -0.1752558329710243
0.174560546875 -0.1411027208992472
0.1748046875 -0.2499421673910869
0.175048828125 -0.4412088457668818
0.17529296875 -0.3611166310803057
0.175537109375 0.04815232479233509
0.17578125 0.3542169729892434
0.176025390625 0.2682989530055784
0.17626953125 0.09129520316777712
0.176513671875 0.1771510471505291
0.1767578125 0.3027393528954431
0.177001953125 0.04115677617112884
0.17724609375 -0.5004015760491809
0.177490234375 -0.8396509671707514
0.177734375 -0.8265287283087704
0.177978515625 -0.6501266975575806
0.17822265625 -0.3121336600155312
0.178466796875 0.2823985089082045
0.1787109375 0.8113121137523448
0.178955078125 0.8055399863343875
0.17919921875 0.4373419677023673
0.179443359375 0.3347770842267894
0.1796875 0.5445191536037635
0.179931640625 0.439909271520983
0.18017578125 -0.1636810782858533
0.180419921875 -0.608070683537143
0.1806640625 -0.4468727750387226
0.180908203125 -0.1377380785701927
0.18115234375 -0.20384588505795
0.181396484375 -0.3925292502243788
0.181640625 -0.2642812464665415
0.181884765625 -0.03325455843480374
0.18212890625 -0.1258202145456808
0.182373046875 -0.3418909739687288
0.1826171875 -0.1908149684086468
0.182861328125 0.2260102421489259
0.18310546875 0.3808226241398687
0.183349609375 0.1915281291566583
0.18359375 0.06044570046711453
0.183837890625 0.138198145249137
0.18408203125 0.1777830351323815
0.184326171875 0.09782400677332291
0.1845703125 0.1016267581489242
0.184814453125 0.1852426939610533
0.18505859375 0.05740836185674272
0.185302734375 -0.3316258132427041
0.185546875 -0.6162764769520085
0.185791015625 -0.513338292497711
0.18603515625 -0.1641132910805154
0.186279296875 0.1275223637768292
0.1865234375 0.223072327652679
0.186767578125 0.1400417576473818
0.18701171875 -0.04591688033069332
0.187255859375 -0.2316892242336683
0.1875 -0.3884672802030421
0.187744140625 -0.596337968648697
0.18798828125 -0.8086172276923891
0.188232421875 -0.732497314107092
0.1884765625 -0.2306388959105997
0.188720703125 0.3065836017276821
0.18896484375 0.3721800691346894
0.189208984375 0.04377607437605909
0.189453125 -0.1414771457792476
0.189697265625 0.02027036759674328
0.18994140625 0.1899162365792479
0.190185546875 0.1190349427951983
0.1904296875 0.01764368036946183
0.190673828125 0.11451765114045
0.19091796875 0.2578749620768446
0.191162109375 0.2083431676950849
0.19140625 0.0313634368423013
0.191650390625 -0.06079457572340931
0.19189453125 -0.04101411393969248
0.192138671875 -0.009763800346630233
0.1923828125 0.02512989534077675
0.192626953125 0.1067721658837348
0.19287109375 0.1955691864336583
0.193115234375 0.2338327811169778
0.193359375 0.226595069472429
0.193603515625 0.1612668808543228
0.19384765625 0.01316418853203871
0.194091796875 -0.08645267870056583
0.1943359375 0.07113248795677519
0.194580078125 0.390121406896587
0.19482421875 0.4534734232409004
0.195068359375 0.1147138016519546
0.1953125 -0.1861596733118579
0.195556640625 -0.0363963420424051
0.19580078125 0.2729826371319513
0.196044921875 0.1443247290614518
0.1962890625 -0.3977176698562302
0.196533203125 -0.7168309523205562
0.19677734375 -0.5049649375847786
0.197021484375 -0.1400932104548097
0.197265625 0.03502837803421044
0.197509765625 0.1968080294052117
0.19775390625 0.4810207553900496
0.197998046875 0.5035502755407341
0.1982421875 -0.01483207796578773
0.198486328125 -0.551154943412386
0.19873046875 -0.3882737479966859
0.198974609375 0.2895681866997599
0.19921875 0.6334029059188457
0.199462890625 0.4059015674417389
0.19970703125 0.2492556079033103
0.199951171875 0.5479916906525897
0.2001953125 0.8086851966969549
0.200439453125 0.5353948659914145
0.20068359375 0.04332939573947629
0.200927734375 -0.1241382528761106
0.201171875 -0.05915031911788632
0.201416015625 -0.1684257488508354
0.20166015625 -0.3897151113030715
0.201904296875 -0.3742352877558971
0.2021484375 -0.1726465523853095
0.202392578125 -0.09060848247184468
0.20263671875 -0.0641215775529433
0.202880859375 0.1526410298946219
0.203125 0.3189101325958986
0.203369140625 -0.04323761214307514
0.20361328125 -0.7438928381109953
0.203857421875 -1.00378853518071
0.2041015625 -0.5603922180511874
0.204345703125 -0.0158189177632295
0.20458984375 0.1280456120073818
0.204833984375 0.1356465972798002
0.205078125 0.4160956225717956
0.205322265625 0.7911237238292902
0.20556640625 0.8089435421709225
0.205810546875 0.4173805500535693
0.2060546875 -0.05891163107731416
0.206298828125 -0.3587159423061009
0.20654296875 -0.4200805126177055
0.206787109375 -0.3090025228496519
0.20703125 -0.2263810968354272
0.207275390625 -0.3573590434697098
0.20751953125 -0.5725846756033606
0.207763671875 -0.5490927144207729
0.2080078125 -0.2784098050005575
0.208251953125 -0.1031850947682206
0.20849609375 -0.1532671999503968
0.208740234375 -0.1690258597353106
0.208984375 -0.01721412369719675
0.209228515625 0.09683426054961848
0.20947265625 0.1137910533396854
0.209716796875 0.293355089317984
0.2099609375 0.6559551352783174
0.210205078125 0.7986418908900588
0.21044921875 0.5739004273035423
0.210693359375 0.3762850672791412
0.2109375 0.3880898879074413
0.211181640625 0.1850030791594889
0.21142578125 -0.4035014573138756
0.211669921875 -0.7157973484863609
0.2119140625 -0.2448799728560261
0.212158203125 0.3862973845118406
0.21240234375 0.3002422589416198
0.212646484375 -0.2396548652438079
0.212890625 -0.2913446178133227
0.213134765625 0.2035867688672229
0.21337890625 0.4006397952519717
0.213623046875 0.02200820345604551
0.2138671875 -0.2511953717695182
0.214111328125 -0.01647605999260283
0.21435546875 0.2372093466867941
0.214599609375 0.09343493367730912
0.21484375 -0.1096055186871334
0.215087890625 -0.02186169604040354
0.21533203125 0.06001767923882442
0.215576171875 -0.1735982090743617
0.2158203125 -0.3798099769818347
0.216064453125 -0.1309286755467013
0.21630859375 0.3364300865426748
0.216552734375 0.535334897721868
0.216796875 0.4995532702409155
0.217041015625 0.5374715583828882
0.21728515625 0.5342267773171056
0.217529296875 0.1583494797599459
0.2177734375 -0.4041525061063106
0.218017578125 -0.5755000716090287
0.21826171875 -0.2411860926566173
0.218505859375 0.08293785067263194
0.21875 0.02864764229433176
0.218994140625 -0.1580775405739816
0.21923828125 -0.09823538349966468
0.219482421875 0.1567125423800715
0.2197265625 0.2848662287773664
0.219970703125 0.1726522942563488
0.22021484375 -0.01106261368702138
0.220458984375 -0.09515869880380937
0.220703125 -0.05942159596342222
0.220947265625 0.04202420609061445
0.22119140625 0.151377214950094
0.221435546875 0.1929410150680025
0.2216796875 0.09707128123145123
0.221923828125 -0.1124173625589154
0.22216796875 -0.3029772433635115
0.222412109375 -0.3570089115418807
0.22265625 -0.2921504389041987
0.222900390625 -0.2051696923672161
0.22314453125 -0.1151904362942134
0.223388671875 0.03900672026045436
0.2236328125 0.2303003545532919
0.223876953125 0.3127996348586372
0.22412109375 0.2391463419762885
0.224365234375 0.1533727940591122
0.224609375 0.1286981612777939
0.224853515625 -0.009639971385460612
0.22509765625 -0.3598362768120219
0.225341796875 -0.6014101414897182
0.2255859375 -0.3498608517844074
0.225830078125 0.1904374697763462
0.22607421875 0.3691290405251514
0.226318359375 -0.007505118706345302
0.2265625 -0.3583326607933404
0.226806640625 -0.1675557852578745
0.22705078125 0.2513261832767479
0.227294921875 0.2476335301104011
0.2275390625 -0.1686993906215439
0.227783203125 -0.3521094927641974
0.22802734375 -0.008702163667127749
0.228271484375 0.3610727479455848
0.228515625 0.1889942545607649
0.228759765625 -0.3820663276246976
0.22900390625 -0.7604398444993887
0.229248046875 -0.7266040515869836
0.2294921875 -0.6167291127377185
0.229736328125 -0.7143850138855774
0.22998046875 -0.8201072157412987
0.230224609375 -0.6047088680264213
0.23046875 -0.1671444703830886
0.230712890625 0.05485528445515564
0.23095703125 -0.09960715825081759
0.231201171875 -0.2731069529237495
0.2314453125 -0.0808997618556425
0.231689453125 0.3691346059812305
0.23193359375 0.6461985566641857
0.232177734375 0.5505813348797141
0.232421875 0.2572865252361275
0.232666015625 -0.01911232352033994
0.23291015625 -0.217907571743481
0.233154296875 -0.2830391828385179
0.2333984375 -0.1275561337076195
0.233642578125 0.1415453786268831
0.23388671875 0.2349211445180948
0.234130859375 0.09025736182605526
0.234375 0.0253964893494376
0.234619140625 0.2502329786255756
0.23486328125 0.453302604335598
0.235107421875 0.2125018202167896
0.2353515625 -0.3230046341515124
0.235595703125 -0.5745492178366901
0.23583984375 -0.3434254845911223
0.236083984375 -0.04047135614318616
0.236328125 0.004274105416814601
0.236572265625 0.00479395616286448
0.23681640625 0.2099628386687526
0.237060546875 0.3483829713554026
0.2373046875 0.07128702548795514
0.237548828125 -0.3069996718803592
0.23779296875 -0.1460429943041374
0.238037109375 0.4670201358921309
0.23828125 0.6829474172726347
0.238525390625 0.1354425167781308
0.23876953125 -0.4222891592771993
0.239013671875 -0.1927630253894012
0.2392578125 0.4727981284688705
0.239501953125 0.6242500250944808
0.23974609375 0.1331694308943112
0.239990234375 -0.2323862422988425
0.240234375 -0.06679588916290799
0.240478515625 0.179448150109566
0.24072265625 0.1121554947590606
0.240966796875 -0.01105050937522221
0.2412109375 0.04979793240682471
0.241455078125 -0.01476045883732585
0.24169921875 -0.4000190647497157
0.241943359375 -0.6089203859064098
0.2421875 -0.1925008162145291
0.242431640625 0.4136374811519157
0.24267578125 0.5232512597167698
0.242919921875 0.2896332422326627
0.2431640625 0.3429096695081395
0.243408203125 0.6070580558532033
0.24365234375 0.4229933449890134
0.243896484375 -0.2059408949051582
0.244140625 -0.4785294742057207
0.244384765625 -0.08993305459311007
0.24462890625 0.2529335333680825
0.244873046875 -0.02099240562306821
0.2451171875 -0.4780701585699004
0.245361328125 -0.451527692081088
0.24560546875 -0.02624534727727605
0.245849609375 0.3034282275695413
0.24609375 0.4256352773389139
0.246337890625 0.4758580677582392
0.24658203125 0.350807029541803
0.246826171875 -0.02655806901438835
0.2470703125 -0.2934771076676315
0.247314453125 -0.1184674602661785
0.24755859375 0.162375810868032
0.247802734375 -0.009853086531815002
0.248046875 -0.5122791955898242
0.248291015625 -0.690445430122726
0.24853515625 -0.3280556347918286
0.248779296875 0.1143453090771202
0.2490234375 0.2334641101592119
0.249267578125 0.1377322293448998
0.24951171875 0.09823129023640503
0.249755859375 0.1707348023998752
0.25 0.2631433392153369
0.250244140625 0.2745085142143133
0.25048828125 0.1284595151233183
0.250732421875 -0.09954716998726931
0.2509765625 -0.16090063294756
0.251220703125 0.01668171209426168
0.25146484375 0.1301872820619879
0.251708984375 -0.03325469504170241
0.251953125 -0.172001348760954
0.252197265625 0.05245577442704216
0.25244140625 0.3651990657249576
0.252685546875 0.29115754460818
0.2529296875 0.03237997850470328
0.253173828125 0.2071460142932711
0.25341796875 0.7494531730199101
0.253662109375 0.865815065549994
0.25390625 0.246181782991828
0.254150390625 -0.4465821838308779
0.25439453125 -0.5937021030585886
0.254638671875 -0.4215364412738366
0.2548828125 -0.3810983485983725
0.255126953125 -0.3779764783565781
0.25537109375 -0.1595615656917022
0.255615234375 0.06190725052906988
0.255859375 -0.0004097669755813933
0.256103515625 -0.08497842851377807
0.25634765625 0.1900973125348805
0.256591796875 0.5429957671602229
0.2568359375 0.3723229414418358
0.257080078125 -0.2196300603592394
0.25732421875 -0.446271837628915
0.257568359375 0.03038590110779006
0.2578125 0.591591102031888
0.258056640625 0.5342320312578006
0.25830078125 -0.003424845697517535
0.258544921875 -0.3376475041937771
0.2587890625 -0.1857740582366142
0.259033203125 0.08668336858685138
0.25927734375 0.1097268334669114
0.259521484375 0.02703221989907915
0.259765625 0.1945494303216313
0.260009765625 0.5710353638052703
0.26025390625 0.717757187116369
0.260498046875 0.4115398260439428
0.2607421875 -0.04770223513600912
0.260986328125 -0.2868922243680518
0.26123046875 -0.3287110820373573
0.261474609375 -0.3558931133855076
0.26171875 -0.2932642215531062
0.261962890625 -0.0307164665837674
0.26220703125 0.1547675292195902
0.262451171875 -0.0688948092919521
0.2626953125 -0.4401434338286814
0.262939453125 -0.3864756344528127
0.26318359375 0.0486913738581665
0.263427734375 0.2202773070390856
0.263671875 -0.07606931955031922
0.263916015625 -0.2959218441065183
0.26416015625 -0.1261847438153869
0.264404296875 -0.02072603993269853
0.2646484375 -0.3248721596050758
0.264892578125 -0.5766486798423499
0.26513671875 -0.2975201280162909
0.265380859375 0.1093696437651954
0.265625 -0.009355568262132888
0.265869140625 -0.4604040205893923
0.26611328125 -0.5342841366084781
0.266357421875 -0.1567251403037208
0.2666015625 0.09427036904062097
0.266845703125 -0.006501745785045373
0.26708984375 -0.07964940829688059
0.267333984375 0.09897874702415992
0.267578125 0.2638700267593217
0.267822265625 0.1753614099093021
0.26806640625 -0.07234787941397502
0.268310546875 -0.3276927680193333
0.2685546875 -0.5072070764471255
0.268798828125 -0.4473372653386019
0.26904296875 -0.09272061008029805
0.269287109375 0.2111977472882575
0.26953125 0.1063851625902464
0.269775390625 -0.1614785469511506
0.27001953125 -0.05979085275309887
0.270263671875 0.3596393978071411
0.2705078125 0.526449319533558
0.270751953125 0.2797902293210648
0.27099609375 0.0472365440591795
0.271240234375 0.0144928705975351
0.271484375 -0.1609011396422428
0.271728515625 -0.5905518373327172
0.27197265625 -0.8048436581142751
0.272216796875 -0.5092141610498947
0.2724609375 -0.1057164995838059
0.272705078125 -0.06237793410282901
0.27294921875 -0.2483737385477927
0.273193359375 -0.2988649571007799
0.2734375 -0.2124130698538251
0.273681640625 -0.1615426150747228
0.27392578125 -0.06731117817369411
0.274169921875 0.1999274533467992
0.2744140625 0.458993060931852
0.274658203125 0.457918704098384
0.27490234375 0.2871948883494136
0.275146484375 0.2261649857315782
0.275390625 0.3403015611631384
0.275634765625 0.4907694121581692
0.27587890625 0.5692652112326575
0.276123046875 0.5068513967219558
0.2763671875 0.2530013877215584
0.276611328125 -0.05475824500158446
0.27685546875 -0.1329514468547725
0.277099609375 0.03508665673434246
0.27734375 0.08309494528923893
0.277587890625 -0.2247127106782581
0.27783203125 -0.6299301516809614
0.278076171875 -0.7711830316640566
0.2783203125 -0.6754417482840958
0.278564453125 -0.5856401339277783
0.27880859375 -0.5358964071918049
0.279052734375 -0.394867134453662
0.279296875 -0.1505012471122507
0.279541015625 0.1130561413951478
0.27978515625 0.3610351515189093
0.280029296875 0.5159468873810945
0.2802734375 0.4239676274095134
0.280517578125 0.1404926208595826
0.28076171875 0.02247531008160862
0.281005859375 0.2661381142066658
0.28125 0.5597260723214127
0.281494140625 0.4947841085621792
0.28173828125 0.1516995208511244
0.281982421875 -0.03979292147317359
0.2822265625 0.0926821229471
0.282470703125 0.3012640193990498
0.28271484375 0.3059706516159696
0.282958984375 0.0909639633945591
0.283203125 -0.1731680332501214
0.283447265625 -0.3246660559334265
0.28369140625 -0.3321236625591306
0.283935546875 -0.3038723978994159
0.2841796875 -0.3294990919731379
0.284423828125 -0.3161206821464166
0.28466796875 -0.1342050223614024
0.284912109375 0.1009602372569496
0.28515625 0.1589350555597249
0.285400390625 0.1131242523878856
0.28564453125 0.2793632754975007
0.285888671875 0.664841651866837
0.2861328125 0.8848349159435311
0.286376953125 0.7686745644741781
0.28662109375 0.598783567838858
0.286865234375 0.5325160500136782
0.287109375 0.2906429710563881
0.287353515625 -0.2322562943107501
0.28759765625 -0.5521832779824568
0.287841796875 -0.2957454041546185
0.2880859375 0.09524359879209644
0.288330078125 -0.03153913982947163
0.28857421875 -0.5154027228129086
0.288818359375 -0.6317021370331997
0.2890625 -0.2192639643302244
0.289306640625 0.1281843379754686
0.28955078125 0.0132319337965346
0.289794921875 -0.2593549016597937
0.2900390625 -0.2773011522126526
0.290283203125 -0.08282099421476848
0.29052734375 0.09602979198435678
0.290771484375 0.2499374780255509
0.291015625 0.4351160860816301
0.291259765625 0.5161137449519505
0.29150390625 0.3646298192396906
0.291748046875 0.1412704151706505
0.2919921875 0.1054540717098313
0.292236328125 0.2180835022712865
0.29248046875 0.1697384414705503
0.292724609375 -0.1661495924070597
0.29296875 -0.4790879584185826
0.293212890625 -0.351819114151126
0.29345703125 0.2010966292019923
0.293701171875 0.6969007930852613
0.2939453125 0.761136623026218
0.294189453125 0.5555081816420266
0.29443359375 0.4342181330667896
0.294677734375 0.3614117359971549
0.294921875 0.04255449855446243
0.295166015625 -0.4461991101039816
0.29541015625 -0.6542159931726074
0.295654296875 -0.4697675021504818
0.2958984375 -0.325887843969687
0.296142578125 -0.4673050132617455
0.29638671875 -0.5121960209552143
0.296630859375 -0.1138010452584834
0.296875 0.3768717505816527
0.297119140625 0.4020823692330056
0.29736328125 0.04658067740744987
0.297607421875 -0.1428297842802071
0.2978515625 -0.01528523048623842
0.298095703125 0.04395751355800366
0.29833984375 -0.2035797081434264
0.298583984375 -0.5005005407805482
0.298828125 -0.5124218026572961
0.299072265625 -0.2681575961926251
0.29931640625 -0.06680196145654098
0.299560546875 -0.1104135361980895
0.2998046875 -0.280126241120057
0.300048828125 -0.2424261945723689
0.30029296875 0.1333179422679286
0.300537109375 0.4820184216476082
0.30078125 0.3271403186999706
0.301025390625 -0.2212707100746569
0.30126953125 -0.551183345912254
0.301513671875 -0.4348838550848632
0.3017578125 -0.3141071535370778
0.302001953125 -0.4642817219989343
0.30224609375 -0.4768811645508327
0.302490234375 -0.009511712321868883
0.302734375 0.5266054523109618
0.302978515625 0.6210819645584367
0.30322265625 0.4982077556727533
0.303466796875 0.5964569508244427
0.3037109375 0.6652917672498603
0.303955078125 0.22055057833928
0.30419921875 -0.4185431197768971
0.304443359375 -0.4772832975117867
0.3046875 0.03350158291627048
0.304931640625 0.3411732425286733
0.30517578125 0.1463189793623091
0.305419921875 -0.06394515176668336
0.3056640625 0.002965983596892628
0.305908203125 0.03981277945844357
0.30615234375 -0.118197449055455
0.306396484375 -0.1799743302781899
0.306640625 -0.05927516535362237
0.306884765625 -0.07615330451963791
0.30712890625 -0.2533688045095968
0.307373046875 -0.1770916822737927
0.3076171875 0.1699034765874872
0.307861328125 0.2316317715636064
0.30810546875 -0.1223321566659737
0.308349609375 -0.2421334472597279
0.30859375 0.1932709182513774
0.308837890625 0.5146490814250371
0.30908203125 0.1298371819581378
0.309326171875 -0.4488582502457693
0.3095703125 -0.3879130818614667
0.309814453125 0.1901007981646212
0.31005859375 0.4946795831996756
0.310302734375 0.2683491602820279
0.310546875 -0.0492329852737046
0.310791015625 -0.1237238381802254
0.31103515625 -0.01976497082579858
0.311279296875 0.1493798662976287
0.3115234375 0.2827795638850485
0.311767578125 0.1484313888096102
0.31201171875 -0.297212016575869
0.312255859375 -0.614761646460018
0.3125 -0.4178032178575747
0.312744140625 -0.006319768461713187
0.31298828125 0.08135741685733458
0.313232421875 -0.05920503243898025
0.3134765625 0.08556646338024561
0.313720703125 0.4922175102097918
0.31396484375 0.5743267170514276
0.314208984375 0.1337978780293024
0.314453125 -0.3400942139092332
0.314697265625 -0.4562428498007431
0.31494140625 -0.3918671501633734
0.315185546875 -0.3726252331021701
0.3154296875 -0.2538995307891568
0.315673828125 0.06763949392472679
0.31591796875 0.2890647834475634
0.316162109375 0.1316862406479843
0.31640625 -0.1697730613507025
0.316650390625 -0.1720749079126578
0.31689453125 0.1640454513965469
0.317138671875 0.4598119161222658
0.3173828125 0.405815176950713
0.317626953125 0.05056967298915029
0.31787109375 -0.3126164783740434
0.318115234375 -0.4049053132162898
0.318359375 -0.1982241733604055
0.318603515625 0.02100524797228008
0.31884765625 -0.06047382032722572
0.319091796875 -0.3886955175084976
0.3193359375 -0.6045040115267668
0.319580078125 -0.5276114863951551
0.31982421875 -0.3348421384737071
0.320068359375 -0.1904760411367396
0.3203125 -0.01526003655683463
0.320556640625 0.2087153144462705
0.32080078125 0.2334442706798736
0.321044921875 -0.06153551497407247
0.3212890625 -0.3362920112135038
0.321533203125 -0.2256853361813829
0.32177734375 0.07087888619612283
0.322021484375 0.06078505266057691
0.322265625 -0.2643598614054536
0.322509765625 -0.3853772749533368
0.32275390625 -0.0284313319042052
0.322998046875 0.4638369683841589
0.3232421875 0.6696370556572983
0.323486328125 0.5859165422425153
0.32373046875 0.3856446107965619
0.323974609375 0.08105186107038354
0.32421875 -0.2605815818601236
0.324462890625 -0.3263522379847871
0.32470703125 -0.008040254227264598
0.324951171875 0.2276779139633652
0.3251953125 -0.07391938338601396
0.325439453125 -0.5703397482210112
0.32568359375 -0.5085642020874996
0.325927734375 0.1424286154863122
0.326171875 0.5863397891488089
0.326416015625 0.3589958473569564
0.32666015625 -0.04473831013051826
0.326904296875 -0.01286296580926389
0.3271484375 0.2934693143888381
0.327392578125 0.3645253957762887
0.32763671875 0.1932863188128272
0.327880859375 0.1043824715883683
0.328125 0.04380968982252709
0.328369140625 -0.2839240007010204
0.32861328125 -0.7022092116430336
0.328857421875 -0.6763585177908692
0.3291015625 -0.1805035264604447
0.329345703125 0.1912657879692495
0.32958984375 0.1415778724007446
0.329833984375 0.09598866704897818
0.330078125 0.4156994275866413
0.330322265625 0.7158730764452934
0.33056640625 0.4354807591934513
0.330810546875 -0.2466386318966515
0.3310546875 -0.582685220321382
0.331298828125 -0.2304960407494324
0.33154296875 0.3711714121810789
0.331787109375 0.6091484185929483
0.33203125 0.3526961537263025
0.332275390625 -0.06422149567137397
0.33251953125 -0.286169500712635
0.332763671875 -0.2483165967663762
0.3330078125 -0.1437943473291637
0.333251953125 -0.1524523809954263
0.33349609375 -0.2086348304816568
0.333740234375 -0.09453396173883431
0.333984375 0.2161713327341129
0.334228515625 0.4452177090894363
0.33447265625 0.3580173888363898
0.334716796875 0.1135164004228093
0.3349609375 0.08300930415759089
0.335205078125 0.3509016894069774
0.33544921875 0.5834460654583989
0.335693359375 0.4537340807054476
0.3359375 0.0707693837125016
0.336181640625 -0.1287789666552157
0.33642578125 0.1071154179315721
0.336669921875 0.5408426037607663
0.3369140625 0.7140362840003855
0.337158203125 0.4776182033414851
0.33740234375 0.136040246893644
0.337646484375 0.03168288813731428
0.337890625 0.1341037239004758
0.338134765625 0.1749348061839662
0.33837890625 0.06296329466053387
0.338623046875 -0.06384114216394901
0.3388671875 -0.1446782102793512
0.339111328125 -0.2669318239566407
0.33935546875 -0.3859934658750369
0.339599609375 -0.2741457044506169
0.33984375 0.09505170681252438
0.340087890625 0.3687115093735542
0.34033203125 0.2604412395142553
0.340576171875 -0.01053540066487594
0.3408203125 -0.0182683697262617
0.341064453125 0.2341131261644857
0.34130859375 0.3107611397114076
0.341552734375 -0.004719403323337988
0.341796875 -0.3693525344699029
0.342041015625 -0.3425912086702034
0.34228515625 0.02618529000824285
0.342529296875 0.2811526738641132
0.3427734375 0.1385781672634482
0.343017578125 -0.215216297566777
0.34326171875 -0.403656188768417
0.343505859375 -0.2862836926139244
0.34375 -0.04784699397876983
0.343994140625 0.04757890551721933
0.34423828125 -0.09255522584827461
0.344482421875 -0.3529397261073294
0.3447265625 -0.5372501747306566
0.344970703125 -0.5055886208879928
0.34521484375 -0.2572744940898556
0.345458984375 0.03923607383639386
0.345703125 0.1201734020239811
0.345947265625 -0.1493438518365802
0.34619140625 -0.5650913734976223
0.346435546875 -0.7028836430795343
0.3466796875 -0.3756632932974761
0.346923828125 0.08915568016691013
0.34716796875 0.2030790765008045
0.347412109375 -0.06443712368610589
0.34765625 -0.246950078780462
0.347900390625 -0.03429025299494275
0.34814453125 0.300905546039053
0.348388671875 0.3410557324549727
0.3486328125 0.1515760656748046
0.348876953125 0.1142200613266328
0.34912109375 0.2587616337531594
0.349365234375 0.2160531448399665
0.349609375 -0.1279150563831138
0.349853515625 -0.406073568048473
0.35009765625 -0.3798706663607307
0.350341796875 -0.3269225862780991
0.3505859375 -0.5113260090277985
0.350830078125 -0.6642002091169178
0.35107421875 -0.4230461442192822
0.351318359375 0.01059775820861436
0.3515625 0.1580872227076976
0.351806640625 0.01500943912058553
0.35205078125 -0.02106358092810997
0.352294921875 0.1359910762169829
0.3525390625 0.191339422839493
0.352783203125 0.09991041121151743
0.35302734375 0.1750797096746085
0.353271484375 0.4586447434890531
0.353515625 0.5357543135243387
0.353759765625 0.1827584084977295
0.35400390625 -0.2708872545753639
0.354248046875 -0.4537315825007651
0.3544921875 -0.408384336910352
0.354736328125 -0.3197662280123983
0.35498046875 -0.1953552896187055
0.355224609375 -0.04848050097542619
0.35546875 -0.01407559990048821
0.355712890625 -0.05822322998914945
0.35595703125 0.04274866133888958
0.356201171875 0.2427756562091761
0.3564453125 0.1965963733419051
0.356689453125 -0.1030200978946146
0.35693359375 -0.1936307393073911
0.357177734375 0.07219535047998056
0.357421875 0.2183499410458777
0.357666015625 0.01463437432880693
0.35791015625 -0.01307230841827636
0.358154296875 0.4820378730883768
0.3583984375 0.8762859161484636
0.358642578125 0.503807098339883
0.35888671875 -0.1629946571646682
0.359130859375 -0.2072593700398609
0.359375 0.2355939276103882
0.359619140625 0.2440854303835991
0.35986328125 -0.2969842762050367
0.360107421875 -0.5162017189427245
0.3603515625 -0.06232452774255581
0.360595703125 0.3226949313679061
0.36083984375 0.08683115201655661
0.361083984375 -0.2588292336689855
0.361328125 -0.09122387150974162
0.361572265625 0.2938634410985554
0.36181640625 0.2569158859266205
0.362060546875 -0.1556430554627096
0.3623046875 -0.4252867260653195
0.362548828125 -0.4003542630507365
0.36279296875 -0.2824835425263589
0.363037109375 -0.06627263319116194
0.36328125 0.367116067721564
0.363525390625 0.747072523706266
0.36376953125 0.6176907913055479
0.364013671875 0.05533143804112397
0.3642578125 -0.3275292281651208
0.364501953125 -0.2042797186620407
0.36474609375 0.048888184513851
0.364990234375 -0.05648955746645705
0.365234375 -0.4280929371272325
0.365478515625 -0.5783135184911443
0.36572265625 -0.3520254131120718
0.365966796875 -0.1195053561767363
0.3662109375 -0.1668293237234043
0.366455078125 -0.207382041760677
0.36669921875 0.1821697747282335
0.366943359375 0.7870306567971993
0.3671875 0.8992298894416378
0.367431640625 0.3477883143086343
0.36767578125 -0.126976288691988
0.367919921875 0.1083780754211088
0.3681640625 0.6201868893220022
0.368408203125 0.5399079059617291
0.36865234375 -0.1114837392138991
0.368896484375 -0.4577572792527683
0.369140625 -0.1126828199793202
0.369384765625 0.2528455891503692
0.36962890625 -0.05564541094431604
0.369873046875 -0.7568070115223573
0.3701171875 -1.048646557292573
0.370361328125 -0.6799742592650377
0.37060546875 -0.1181117636070085
0.370849609375 0.1612399786853229
0.37109375 0.1449463435982277
0.371337890625 0.06836461978264098
0.37158203125 0.03075589667375216
0.371826171875 -0.05263716949456476
0.3720703125 -0.197931779253795
0.372314453125 -0.1931178506598699
0.37255859375 0.157299691367465
0.372802734375 0.6325710533309676
0.373046875 0.7140401695604707
0.373291015625 0.2697390647687118
0.37353515625 -0.1756579104758957
0.373779296875 -0.1521819590684209
0.3740234375 0.07981226619319175
0.374267578125 0.001745683196542477
0.37451171875 -0.3010359590080314
0.374755859375 -0.3510650529167983
0.375 -0.1712097092239618
0.375244140625 -0.240285744761802
0.37548828125 -0.5760533897922873
0.375732421875 -0.6274515923277126
0.3759765625 -0.2178569211243392
0.376220703125 0.1466830470235394
0.37646484375 0.1500582273746695
0.376708984375 0.1222893378333314
0.376953125 0.2958383854979039
0.377197265625 0.3299218463223729
0.37744140625 0.03194942341100273
0.377685546875 -0.1306102351900754
0.3779296875 0.176338132839166
0.378173828125 0.4545156631988563
0.37841796875 0.16816506836995
0.378662109375 -0.2630187525870389
0.37890625 -0.08258118088099994
0.379150390625 0.5300947785786914
0.37939453125 0.7031918993085846
0.379638671875 0.2669290889873938
0.3798828125 0.004326552019626042
0.380126953125 0.388897820103033
0.38037109375 0.8700602214833046
0.380615234375 0.7421867677010627
0.380859375 0.1255439237565358
0.381103515625 -0.3384746140671976
0.38134765625 -0.3714396226135586
0.381591796875 -0.2034654110852966
0.3818359375 -0.06506994644052277
0.382080078125 0.04585786972202503
0.38232421875 0.1441746550937577
0.382568359375 0.1450215619783536
0.3828125 0.04820909565782056
0.383056640625 0.02077886540044082
0.38330078125 0.1653813284248188
0.383544921875 0.3197208492347077
0.3837890625 0.2410408053719134
0.384033203125 -0.04666305301422476
0.38427734375 -0.2643078598405317
0.384521484375 -0.2649908023840565
0.384765625 -0.2046473627806678
0.385009765625 -0.2148057153106164
0.38525390625 -0.141220398633662
0.385498046875 0.1481185482478792
0.3857421875 0.394923177893667
0.385986328125 0.2570771953944996
0.38623046875 -0.1114989538565157
0.386474609375 -0.2060001461221037
0.38671875 0.09140388502211894
0.386962890625 0.3400413585202999
0.38720703125 0.2056469203397061
0.387451171875 -0.1053253525769081
0.3876953125 -0.2475920971744176
0.387939453125 -0.2115219480071559
0.38818359375 -0.166616313139355
0.388427734375 -0.1267812863128192
0.388671875 -0.03062541358714322
0.388916015625 0.05301274226659475
0.38916015625 0.03533673067553501
0.389404296875 -0.011341679536856
0.3896484375 0.05122142059947755
0.389892578125 0.246873614420781
0.39013671875 0.4632895024194705
0.390380859375 0.4952199438142745
0.390625 0.1573579176140872
0.390869140625 -0.426433249646992
0.39111328125 -0.7380841734112646
0.391357421875 -0.4163438367567417
0.3916015625 0.1678731261085512
0.391845703125 0.3219095290902118
0.39208984375 -0.006346930022095912
0.392333984375 -0.2069480275388327
0.392578125 -0.001783346655456035
0.392822265625 0.16205469412686
0.39306640625 -0.07598876379324315
0.393310546875 -0.3935560486724097
0.3935546875 -0.3543609087533387
0.393798828125 -0.074414350225724
0.39404296875 0.06869693007943138
0.394287109375 -0.01125156540734244
0.39453125 -0.1948481333166508
0.394775390625 -0.4167747839809342
0.39501953125 -0.5326012226135262
0.395263671875 -0.3265875017842117
0.3955078125 0.05357729094280561
0.395751953125 0.1050231747988715
0.39599609375 -0.2928605453082536
0.396240234375 -0.6315277978582617
0.396484375 -0.5688638396734172
0.396728515625 -0.4081583061571501
0.39697265625 -0.4114904258202856
0.397216796875 -0.2773949614763358
0.3974609375 0.1864014873874872
0.397705078125 0.5122187878094724
0.39794921875 0.3315324791619322
0.398193359375 0.08561010393170235
0.3984375 0.250769171970151
0.398681640625 0.4256186045110016
0.39892578125 0.03840856303026942
0.399169921875 -0.5419879551606026
0.3994140625 -0.5730278038200336
0.399658203125 -0.2243396160261132
0.39990234375 -0.2346768845732226
0.400146484375 -0.5371756815403883
0.400390625 -0.3674356895893674
0.400634765625 0.3148150859534544
0.40087890625 0.6592196400309112
0.401123046875 0.3261826811019271
0.4013671875 -0.0085137868974968
0.401611328125 0.1504595132699538
0.40185546875 0.363983201263146
0.402099609375 0.1152024975876905
0.40234375 -0.3675655970064718
0.402587890625 -0.6037237273177156
0.40283203125 -0.5525514834548824
0.403076171875 -0.3973351955344508
0.4033203125 -0.167946760270525
0.403564453125 0.05650937941904657
0.40380859375 0.0432163925789081
0.404052734375 -0.178024713496506
0.404296875 -0.2287350187431748
0.404541015625 0.03584116634406208
0.40478515625 0.3028441384718482
0.405029296875 0.3646299597248415
0.4052734375 0.4035891898591902
0.405517578125 0.4914815924629666
0.40576171875 0.3515875064397428
0.406005859375 -0.07923078145106791
0.40625 -0.3699783570335896
0.406494140625 -0.2240212804832636
0.40673828125 0.07447117551492023
0.406982421875 0.1813841353282812
0.4072265625 0.2026938574560058
0.407470703125 0.3230533855680348
0.40771484375 0.3792229635845716
0.407958984375 0.2259257490931128
0.408203125 0.1255248187995823
0.408447265625 0.3106970677430107
0.40869140625 0.4895542876346365
0.408935546875 0.2699592391532409
0.4091796875 -0.1714834232928459
0.409423828125 -0.3288243623749579
0.40966796875 -0.1219509604590317
0.409912109375 0.03883015885327676
0.41015625 -0.1138418683418995
0.410400390625 -0.3851864520392551
0.41064453125 -0.4520232647623326
0.410888671875 -0.2475999771769181
0.4111328125 0.03779484292917549
0.411376953125 0.1939011025236627
0.41162109375 0.1931455777244146
0.411865234375 0.1916345601058347
0.412109375 0.3051613998286402
0.412353515625 0.4309582561869121
0.41259765625 0.4005504080800974
0.412841796875 0.236540538214561
0.4130859375 0.09676569336803259
0.413330078125 0.0617273502512851
0.41357421875 0.1616795533176582
0.413818359375 0.4375225695099865
0.4140625 0.7169354132273759
0.414306640625 0.5944775501686334
0.41455078125 0.03543242851316588
0.414794921875 -0.3019182705998842
0.4150390625 0.0814833129745148
0.415283203125 0.6402577317667452
0.41552734375 0.5119497092062102
0.415771484375 -0.09501877270217714
0.416015625 -0.2177332081071014
0.416259765625 0.2153333356017608
0.41650390625 0.2215057997659915
0.416748046875 -0.5260770136442001
0.4169921875 -1.05423961177519
0.417236328125 -0.6907634435125831
0.41748046875 -0.1424421552966103
0.417724609375 -0.1808375757903486
0.41796875 -0.3096669774952364
0.418212890625 0.2122474136972105
0.41845703125 0.8798627538240479
0.418701171875 0.7174158189642996
0.4189453125 -0.02461673929244983
0.419189453125 -0.2498116323344792
0.41943359375 0.2053459230684622
0.419677734375 0.447105892243351
0.419921875 0.1027801696429133
0.420166015625 -0.192798442105182
0.42041015625 -0.03093042146625108
0.420654296875 0.1321639510975018
0.4208984375 -0.1275010032074487
0.421142578125 -0.5482579870934382
0.42138671875 -0.7610785797193671
0.421630859375 -0.7844401392599293
0.421875 -0.6383329542071511
0.422119140625 -0.1572999989067733
0.42236328125 0.4774416868408954
0.422607421875 0.6582647992853576
0.4228515625 0.1903845263697352
0.423095703125 -0.3223302189201592
0.42333984375 -0.3070875641158189
0.423583984375 0.03561293446726518
0.423828125 0.196480872279782
0.424072265625 0.1295496533021234
0.42431640625 0.1283998407216696
0.424560546875 0.2474693910936695
0.4248046875 0.2786291055542742
0.425048828125 0.1383858783737199
0.42529296875 -0.04710738939335116
0.425537109375 -0.1434445574285674
0.42578125 -0.09450720744268704
0.426025390625 0.07033003789199803
0.42626953125 0.1777223642504358
0.426513671875 0.005538009269898693
0.4267578125 -0.4459355522327597
0.427001953125 -0.8990128585164171
0.42724609375 -1.061532404035291
0.427490234375 -0.8224526960146497
0.427734375 -0.2494422708173535
0.427978515625 0.3832916256318586
0.42822265625 0.6558174573806994
0.428466796875 0.41758398140561
0.4287109375 0.08093807346390501
0.428955078125 0.1250434178495183
0.42919921875 0.3770050612517812
0.429443359375 0.2707657354590322
0.4296875 -0.2008759700926983
0.429931640625 -0.4073605407870764
0.43017578125 -0.08509248192746029
0.430419921875 0.2361920076380364
0.4306640625 0.126155986705001
0.430908203125 -0.04735393244861907
0.43115234375 0.1938759689270338
0.431396484375 0.5539800773457649
0.431640625 0.4059792795306962
0.431884765625 -0.1777158605671045
0.43212890625 -0.5169580748069705
0.432373046875 -0.3587597050858422
0.4326171875 -0.1836370116426807
0.432861328125 -0.3781681706403013
0.43310546875 -0.639745177162049
0.433349609375 -0.4841639295219741
0.43359375 -0.008403007066543695
0.433837890625 0.2186184677398418
0.43408203125 -0.05133325916503114
0.434326171875 -0.3686741804472689
0.4345703125 -0.1427177200517675
0.434814453125 0.5546616730092404
0.43505859375 0.9899226798128351
0.435302734375 0.6531850114214374
0.435546875 -0.09257794549017173
0.435791015625 -0.4956539634952654
0.43603515625 -0.3797428905956825
0.436279296875 -0.2360346118004194
0.4365234375 -0.3937401440495215
0.436767578125 -0.5755591803146521
0.43701171875 -0.4301630699977025
0.437255859375 -0.07376167926838106
0.4375 0.1760150994157118
0.437744140625 0.2635690988877514
0.43798828125 0.2718560783269308
0.438232421875 0.1299447835855026
0.4384765625 -0.1756934544979311
0.438720703125 -0.3248151197436293
0.43896484375 -0.03764787119563925
0.439208984375 0.3925121936663369
0.439453125 0.390359839661322
0.439697265625 -0.08771908543663276
0.43994140625 -0.4557119248336307
0.440185546875 -0.2981488022414255
0.4404296875 0.1164584236619798
0.440673828125 0.3042954276620794
0.44091796875 0.2320085191009153
0.441162109375 0.225272598594456
0.44140625 0.3888297177699219
0.441650390625 0.463273394975955
0.44189453125 0.2791118891156185
0.442138671875 0.0619096423262044
0.4423828125 0.105392416472834
0.442626953125 0.3079428231985637
0.44287109375 0.3104339214848083
0.443115234375 0.07458109912570887
0.443359375 -0.006060907459742987
0.443603515625 0.2691486217548717
0.44384765625 0.4855747176547379
0.444091796875 0.1678194093854286
0.4443359375 -0.432330625321707
0.444580078125 -0.5833657195848641
0.44482421875 -0.1099379741794953
0.445068359375 0.32216544764065
0.4453125 0.138035286802854
0.445556640625 -0.3747230348792852
0.44580078125 -0.5479578768631989
0.446044921875 -0.2537190938426142
0.4462890625 0.06412113498852359
0.446533203125 0.09389871473120476
0.44677734375 -0.02642624694919351
0.447021484375 -0.05859836353525813
0.447265625 0.01884975000644868
0.447509765625 0.106979840793303
0.44775390625 0.1735724115345582
0.447998046875 0.2591217498621483
0.4482421875 0.3915794432717293
0.448486328125 0.5097325952153613
0.44873046875 0.4500599095691188
0.448974609375 0.119853709475965
0.44921875 -0.265514218340866
0.449462890625 -0.3149910091816259
0.44970703125 0.03398236850477856
0.449951171875 0.3596708691225288
0.4501953125 0.3069439154704455
0.450439453125 0.06907063555102738
0.45068359375 0.03203091225787578
0.450927734375 0.1470075062864875
0.451171875 0.06277201558936453
0.451416015625 -0.2211486828864677
0.45166015625 -0.3064936141715451
0.451904296875 -0.0526034608217951
0.4521484375 0.164078226626303
0.452392578125 0.02845170529433575
0.45263671875 -0.2365231583045854
0.452880859375 -0.2358835616040811
0.453125 0.01262296799793206
0.453369140625 0.1666453472667993
0.45361328125 0.08225528684417187
0.453857421875 -0.06523604139720075
0.4541015625 -0.1354261934412681
0.454345703125 -0.1996856170502537
0.45458984375 -0.3117025319036016
0.454833984375 -0.3517934369347354
0.455078125 -0.2407528044959985
0.455322265625 -0.1435557590495505
0.45556640625 -0.2746756362919924
0.455810546875 -0.5747248048912468
0.4560546875 -0.7630126665124158
0.456298828125 -0.6916284213614807
0.45654296875 -0.4707587179982745
0.456787109375 -0.2407205198693304
0.45703125 -0.03248792063408184
0.457275390625 0.09408877531806908
0.45751953125 0.03433164101184943
0.457763671875 -0.09231115930098681
0.4580078125 0.06363817552267109
0.458251953125 0.5501848729241336
0.45849609375 0.8323892105496468
0.458740234375 0.4490917561534901
0.458984375 -0.2175550768135466
0.459228515625 -0.352187168791842
0.45947265625 0.1408160365225247
0.459716796875 0.4867146345430285
0.4599609375 0.1967258576306081
0.460205078125 -0.2227223541448716
0.46044921875 -0.08071827374806469
0.460693359375 0.4687804562769651
0.4609375 0.7268498378460085
0.461181640625 0.4722360986808036
0.46142578125 0.1180441486883812
0.461669921875 -0.02378949885088484
0.4619140625 -0.08780693992466868
0.462158203125 -0.2315504179551998
0.46240234375 -0.3230306566702157
0.462646484375 -0.2087868141167022
0.462890625 -0.006865735495427017
0.463134765625 0.03149761216019091
0.46337890625 -0.1818191672527706
0.463623046875 -0.4807433132477149
0.4638671875 -0.569499700156657
0.464111328125 -0.2734589576330236
0.46435546875 0.2303655446187929
0.464599609375 0.5175530399059235
0.46484375 0.3846467861230016
0.465087890625 0.1056851423924575
0.46533203125 0.0622026173623844
0.465576171875 0.2427721328855574
0.4658203125 0.3079666977731815
0.466064453125 0.04898173804694825
0.46630859375 -0.4052058759626505
0.466552734375 -0.7259119688412577
0.466796875 -0.5793142487943587
0.467041015625 0.1094815089183815
0.46728515625 0.8747086287242589
0.467529296875 0.9688405257430057
0.4677734375 0.2461582119498599
0.468017578125 -0.4702949390754032
0.46826171875 -0.353927184704645
0.468505859375 0.3132029150972219
0.46875 0.5621023819148308
0.468994140625 0.1332174407007488
0.46923828125 -0.2598650939185906
0.469482421875 -0.1292787802741005
0.4697265625 0.0829491729002816
0.469970703125 -0.1634327184254585
0.47021484375 -0.6037006954615939
0.470458984375 -0.6231136316727692
0.470703125 -0.2057820355253278
0.470947265625 0.1401988927487145
0.47119140625 0.1832806456690191
0.471435546875 0.1445924068275163
0.4716796875 0.1499471616160847
0.471923828125 0.01896849862329848
0.47216796875 -0.3200864796098168
0.472412109375 -0.6087830620423966
0.47265625 -0.6168349803932507
0.472900390625 -0.4394423883663191
0.47314453125 -0.2510418283163969
0.473388671875 0.01709528321531574
0.4736328125 0.4990296754589796
0.473876953125 1.00000558694189
0.47412109375 1.083836004361107
0.474365234375 0.6338346614308012
0.474609375 0.09520223501432221
0.474853515625 -0.04241894840187298
0.47509765625 0.1269194164434139
0.475341796875 0.09256957264980273
0.4755859375 -0.2994273326065116
0.475830078125 -0.5882152792505416
0.47607421875 -0.3717005418277992
0.476318359375 0.07323693979108882
0.4765625 0.1658749683762751
0.476806640625 -0.1565340601465128
0.47705078125 -0.3813247323551718
0.477294921875 -0.1714757662617597
0.4775390625 0.1943354380930723
0.477783203125 0.2632345401821494
0.47802734375 0.02196978318660984
0.478271484375 -0.1515469796487688
0.478515625 -0.04370505461165257
0.478759765625 0.107856725915425
0.47900390625 -0.04456569058593746
0.479248046875 -0.430288209280228
0.4794921875 -0.5620203094646214
0.479736328125 -0.1702434468360501
0.47998046875 0.3453670297310189
0.480224609375 0.3944828932237565
0.48046875 0.03892890630722689
0.480712890625 -0.09084031162859456
0.48095703125 0.2135089432170083
0.481201171875 0.3962596278242648
0.4814453125 0.08330272107063282
0.481689453125 -0.2149823208246891
0.48193359375 0.08548074768305203
0.482177734375 0.5890766378111723
0.482421875 0.4604123148220679
0.482666015625 -0.2081379160491393
0.48291015625 -0.4417411806524653
0.483154296875 0.1633273828195839
0.4833984375 0.8558673293037334
0.483642578125 0.846272658031993
0.48388671875 0.30602149996545
0.484130859375 -0.1197861434534324
0.484375 -0.2348316491658664
0.484619140625 -0.2725636409883804
0.48486328125 -0.3419040578439635
0.485107421875 -0.3436015540051248
0.4853515625 -0.2371929765812298
0.485595703125 -0.07099539175321636
0.48583984375 0.1171881518611658
0.486083984375 0.2584549960266433
0.486328125 0.2934922854305692
0.486572265625 0.3314450240835209
0.48681640625 0.4900471568640936
0.487060546875 0.5313320551073404
0.4873046875 0.0666835900194384
0.487548828125 -0.7457111511930802
0.48779296875 -1.173867620498316
0.488037109375 -0.8251199718065333
0.48828125 -0.1588177905059994
0.488525390625 0.1997777455972258
0.48876953125 0.2419733679449995
0.489013671875 0.3234990627766391
0.4892578125 0.5062633796067446
0.489501953125 0.5674575853637006
0.48974609375 0.4088100307348689
0.489990234375 0.09836301393500446
0.490234375 -0.2765674021680827
0.490478515625 -0.519167887196034
0.49072265625 -0.3652928445735775
0.490966796875 0.09810386903287362
0.4912109375 0.3691871884014596
0.491455078125 0.1875445064045308
0.49169921875 -0.0952580556913355
0.491943359375 -0.1267423874101283
0.4921875 -0.1078233867896235
0.492431640625 -0.2935183043616554
0.49267578125 -0.3826044461182996
0.492919921875 -0.01546222913931407
0.4931640625 0.4557215061961389
0.493408203125 0.3999743552572874
0.49365234375 -0.08293205742920901
0.493896484375 -0.3098123316785036
0.494140625 -0.09183533318138443
0.494384765625 0.06749363295554807
0.49462890625 -0.1037421332856028
0.494873046875 -0.2458323635540453
0.4951171875 -0.08952187676828215
0.495361328125 0.05854653564903765
0.49560546875 -0.122214268628555
0.495849609375 -0.4049351886337576
0.49609375 -0.3904017989725601
0.496337890625 -0.1143123473736183
0.49658203125 0.07612066214912573
0.496826171875 0.04522276128767709
0.4970703125 -0.04659556165083557
0.497314453125 -0.08075134029783895
0.49755859375 -0.1439175459937693
0.497802734375 -0.3317915555756655
0.498046875 -0.5186402458042823
0.498291015625 -0.4210474493610293
0.49853515625 0.03947433506465239
0.498779296875 0.4870505163451599
0.4990234375 0.4288782843635552
0.499267578125 -0.08350242031397104
0.49951171875 -0.427091569199376
0.499755859375 -0.2350071221191496
0.5 0.09041991229228054
0.500244140625 0.02031682331907842
0.50048828125 -0.3008960422918818
0.500732421875 -0.392879673912566
0.5009765625 -0.2800672357247238
0.501220703125 -0.348815457647178
0.50146484375 -0.5344056191943447
0.501708984375 -0.3993812775245185
0.501953125 -0.01478711420170832
0.502197265625 0.03812692556298281
0.50244140625 -0.2804697641275938
0.502685546875 -0.2207224217678618
0.5029296875 0.5679540250657121
0.503173828125 1.309637750282385
0.50341796875 1.129289101787399
0.503662109375 0.2836987559133129
0.50390625 -0.2692967016879698
0.504150390625 -0.1777878192222938
0.50439453125 0.08568052499680216
0.504638671875 0.1168084224326519
0.5048828125 0.03000912451825011
0.505126953125 0.01250447402651509
0.50537109375 -0.01315954285825108
0.505615234375 -0.1264085573567366
0.505859375 -0.184324604884594
0.506103515625 -0.04629189974170675
0.50634765625 0.1877742890853978
0.506591796875 0.2992689079777913
0.5068359375 0.2033196637338814
0.507080078125 0.01990640932530948
0.50732421875 -0.0516898963248311
0.507568359375 0.05666311866731894
0.5078125 0.1671185129750063
0.508056640625 0.04545829318408084
0.50830078125 -0.2541651072264247
0.508544921875 -0.4038924371516303
0.5087890625 -0.2574052400654842
0.509033203125 -0.08328285331713575
0.50927734375 -0.1739897563643121
0.509521484375 -0.4166995142829176
0.509765625 -0.4749189691535851
0.510009765625 -0.2377151357197851
0.51025390625 0.1456486362921315
0.510498046875 0.5216480132447164
0.5107421875 0.7533325669964511
0.510986328125 0.633705633488177
0.51123046875 0.1191740938055967
0.511474609375 -0.4134414794911666
0.51171875 -0.4891254848695003
0.511962890625 -0.1315650476988545
0.51220703125 0.1592665144980323
0.512451171875 0.06322173262818644
0.5126953125 -0.2084477604568156
0.512939453125 -0.2852688635309887
0.51318359375 -0.09831584130502455
0.513427734375 0.1419068899407551
0.513671875 0.2262068798646161
0.513916015625 0.1042083618740844
0.51416015625 -0.07754305531895297
0.514404296875 -0.03892613466653352
0.5146484375 0.347492451344869
0.514892578125 0.7837353466209263
0.51513671875 0.786400000225285
0.515380859375 0.2977410039520234
0.515625 -0.1709253622301463
0.515869140625 -0.1567028831586964
0.51611328125 0.1991264727934173
0.516357421875 0.4089998827160602
0.5166015625 0.2825701600327501
0.516845703125 0.05700768008212471
0.51708984375 -0.03256775322728529
0.517333984375 -0.03146221284674507
0.517578125 -0.06391445984601184
0.517822265625 -0.06726613784575766
0.51806640625 0.1170014305496244
0.518310546875 0.4490348050767679
0.5185546875 0.6426940983721731
0.518798828125 0.495898679195932
0.51904296875 0.2017825393871508
0.519287109375 0.1572659162306926
0.51953125 0.4047404081480616
0.519775390625 0.4784084674710223
0.52001953125 0.02378087888693536
0.520263671875 -0.6025507886646962
0.5205078125 -0.7191164610224705
0.520751953125 -0.255174096477825
0.52099609375 0.1546177059757773
0.521240234375 0.1085016629112167
0.521484375 -0.03616057455290053
0.521728515625 0.1359931747384827
0.52197265625 0.3597607178701022
0.522216796875 0.1658855383173756
0.5224609375 -0.2398538912158001
0.522705078125 -0.2313212005809778
0.52294921875 0.2191881773237146
0.523193359375 0.4550503273306929
0.5234375 0.1458402576760956
0.523681640625 -0.2501460725384457
0.52392578125 -0.2635269544461188
0.524169921875 -0.09393137259164547
0.5244140625 -0.1515880089427877
0.524658203125 -0.3605467334371657
0.52490234375 -0.3656199498770658
0.525146484375 -0.1454654003132976
0.525390625 0.02639964274438341
0.525634765625 0.05485862503740194
0.52587890625 0.05171818678697462
0.526123046875 0.01688941688261338
0.5263671875 -0.122089735523772
0.526611328125 -0.2398088288027788
0.52685546875 -0.1692318175317075
0.527099609375 -0.08141516947513064
0.52734375 -0.3015491856378066
0.527587890625 -0.7126142149704364
0.52783203125 -0.7542783069963106
0.528076171875 -0.1787668724381581
0.5283203125 0.5160815367950908
0.528564453125 0.6522854773675614
0.52880859375 0.1819092080698388
0.529052734375 -0.3095043237174188
0.529296875 -0.3262919480848236
0.529541015625 0.02861016633007018
0.52978515625 0.2844997120127732
0.530029296875 0.1757941363696595
0.5302734375 -0.1320058635607355
0.530517578125 -0.3347397015536456
0.53076171875 -0.3483424641889471
0.531005859375 -0.2958166641951602
0.53125 -0.264619861440547
0.531494140625 -0.2517798170974951
0.53173828125 -0.2802157522807519
0.531982421875 -0.3446158932127842
0.5322265625 -0.2774541930233138
0.532470703125 0.04111903653631895
0.53271484375 0.32773867999427
0.532958984375 0.1239355535236966
0.533203125 -0.4931604798572866
0.533447265625 -0.8234903177748165
0.53369140625 -0.4163277653956438
0.533935546875 0.3195767499404257
0.5341796875 0.6863862161540147
0.534423828125 0.5548055001940646
0.53466796875 0.2908200675397349
0.534912109375 0.1338849317695363
0.53515625 0.0862927521800862
0.535400390625 0.1721053953311208
0.53564453125 0.3312278537805852
0.535888671875 0.2609837952706224
0.5361328125 -0.1475420666804191
0.536376953125 -0.4264474717320872
0.53662109375 -0.1426365060614674
0.536865234375 0.3058252190439033
0.537109375 0.1826392265989618
0.537353515625 -0.403044519438108
0.53759765625 -0.5855329944375391
0.537841796875 -0.07778784948758763
0.5380859375 0.3853653078574016
0.538330078125 0.1919420046363622
0.53857421875 -0.2904288671486197
0.538818359375 -0.4041892396329002
0.5390625 -0.1546320968642748
0.539306640625 0.003300982341366897
0.53955078125 -0.09775164595319849
0.539794921875 -0.2659072927658442
0.5400390625 -0.3131836188514637
0.540283203125 -0.1396150640530987
0.54052734375 0.2636319438407231
0.540771484375 0.6292213199718915
0.541015625 0.5721940708876674
0.541259765625 0.1883974586778041
0.54150390625 0.08144908411845686
0.541748046875 0.4751472568110008
0.5419921875 0.7542463161127706
0.542236328125 0.3318557616783552
0.54248046875 -0.4340328434498483
0.542724609375 -0.7422044612024279
0.54296875 -0.4739352731072212
0.543212890625 -0.2094002165148373
0.54345703125 -0.2620808682552371
0.543701171875 -0.3147696587059631
0.5439453125 -0.07704639724841664
0.544189453125 0.2021994423805283
0.54443359375 0.1104513081490747
0.544677734375 -0.2980842942324304
0.544921875 -0.4955638735577685
0.545166015625 -0.1167657412974781
0.54541015625 0.4958842031723538
0.545654296875 0.574917079227158
0.5458984375 -0.100929701556115
0.546142578125 -0.7587222618784305
0.54638671875 -0.5545361262928705
0.546630859375 0.2338795429994295
0.546875 0.5727269605306167
0.547119140625 0.2114903428914096
0.54736328125 0.02336793697717315
0.547607421875 0.5372579331056898
0.5478515625 1.018917435243588
0.548095703125 0.6269270243487718
0.54833984375 -0.2546588677737129
0.548583984375 -0.6563283546123863
0.548828125 -0.4595067617679804
0.549072265625 -0.2835748947045263
0.54931640625 -0.297478785554955
0.549560546875 -0.1249313313479517
0.5498046875 0.2111407804907409
0.550048828125 0.2236324984718585
0.55029296875 -0.0995246604320591
0.550537109375 -0.1654261301800987
0.55078125 0.2269311315972345
0.551025390625 0.5269515656342285
0.55126953125 0.3437100522948872
0.551513671875 0.0532969188283676
0.5517578125 0.1430990557227872
0.552001953125 0.4732231790112309
0.55224609375 0.5732329392073107
0.552490234375 0.3075798022129305
0.552734375 -0.08588626491759477
0.552978515625 -0.361282698320037
0.55322265625 -0.4186046482661505
0.553466796875 -0.2901565176721841
0.5537109375 -0.1346675049412533
0.553955078125 -0.08417838125798822
0.55419921875 -0.05491476244043441
0.554443359375 0.08508132810640802
0.5546875 0.2024244956379283
0.554931640625 0.06066330150660598
0.55517578125 -0.2346328278960706
0.555419921875 -0.3221966698628577
0.5556640625 -0.1227377863737243
0.555908203125 0.09840085195811991
0.55615234375 0.2200138549538085
0.556396484375 0.3727166662361407
0.556640625 0.4928892981930665
0.556884765625 0.2639498786570893
0.55712890625 -0.3059524091145148
0.557373046875 -0.6843552284334155
0.5576171875 -0.4569203471505487
0.557861328125 0.158613395626245
0.55810546875 0.6722396011991871
0.558349609375 0.8867691341691148
0.55859375 0.8666178481567873
0.558837890625 0.6425962600023362
0.55908203125 0.2511973821800422
0.559326171875 -0.1211311305464966
0.5595703125 -0.3054746296732409
0.559814453125 -0.3545337890951976
0.56005859375 -0.3942813744073779
0.560302734375 -0.3907873953317518
0.560546875 -0.2387971244597206
0.560791015625 0.008160431075538536
0.56103515625 0.1546649218837751
0.561279296875 0.08237293152193641
0.5615234375 -0.1257703470943894
0.561767578125 -0.2611404382307915
0.56201171875 -0.1829240000547258
0.562255859375 0.02863280290934766
0.5625 0.1528307969297322
0.562744140625 0.09681025051611575
0.56298828125 -0.02423639528150996
0.563232421875 -0.1175350467357573
0.5634765625 -0.2200795271133675
0.563720703125 -0.2809426845016325
0.56396484375 -0.1349200725010662
0.564208984375 0.1105885910450519
0.564453125 0.03014827248932326
0.564697265625 -0.4409725621762546
0.56494140625 -0.673208063514573
0.565185546875 -0.1947754532905753
0.5654296875 0.4660349290552052
0.565673828125 0.4613729223429965
0.56591796875 -0.07478305767659787
0.566162109375 -0.1945215988203433
0.56640625 0.4341552195701338
0.566650390625 1.081589127380256
0.56689453125 1.083998369766539
0.567138671875 0.6592735158222721
0.5673828125 0.3193885489006255
0.567626953125 0.1236824844239812
0.56787109375 -0.1189903970682493
0.568115234375 -0.4090063120112987
0.568359375 -0.6591481022133248
0.568603515625 -0.8552581231106737
0.56884765625 -0.8968938440886862
0.569091796875 -0.6692572178886025
0.5693359375 -0.3869456845409188
0.569580078125 -0.3774270070697757
0.56982421875 -0.4465835089820108
0.570068359375 -0.0887843851555883
0.5703125 0.5508552728121731
0.570556640625 0.6981445542683395
0.57080078125 0.1925160741761394
0.571044921875 -0.1467761383991637
0.5712890625 0.1647738654245584
0.571533203125 0.4729655968833206
0.57177734375 0.1355781567154225
0.572021484375 -0.3568513747401
0.572265625 -0.263315202610119
0.572509765625 0.1067191871007044
0.57275390625 -0.004306204923379003
0.572998046875 -0.4093867531731759
0.5732421875 -0.3126004056646715
0.573486328125 0.2491288272558815
0.57373046875 0.4530198783799108
0.573974609375 0.1081991668708168
0.57421875 -0.09335236956459032
0.574462890625 0.1469047646538941
0.57470703125 0.2758450363553021
0.574951171875 -0.007453992822295931
0.5751953125 -0.1745858116017247
0.575439453125 0.1490142900783927
0.57568359375 0.4691794455104607
0.575927734375 0.2677593902448244
0.576171875 -0.1280585375599178
0.576416015625 -0.1715105581215978
0.57666015625 -0.03670641465553567
0.576904296875 -0.2025019835831527
0.5771484375 -0.4928783264115816
0.577392578125 -0.3489323497688692
0.57763671875 0.1091860990827228
0.577880859375 0.1289455967001677
0.578125 -0.4659628487180322
0.578369140625 -0.8671267768326749
0.57861328125 -0.4324686755339033
0.578857421875 0.3322725330227876
0.5791015625 0.4870499227428491
0.579345703125 0.01107616371799204
0.57958984375 -0.2303256507809243
0.579833984375 0.1727200503629148
0.580078125 0.5735806901325432
0.580322265625 0.3048644938788262
0.58056640625 -0.2720661433256918
0.580810546875 -0.3384613540278199
0.5810546875 0.1002997997649103
0.581298828125 0.2609731232026986
0.58154296875 -0.1220103694296533
0.581787109375 -0.3448401346351307
0.58203125 0.131519446527224
0.582275390625 0.778390786144826
0.58251953125 0.7655573247280355
0.582763671875 0.1685124609367494
0.5830078125 -0.2301515849320839
0.583251953125 -0.1057730468285192
0.58349609375 0.0931648921700382
0.583740234375 -0.04436353772942626
0.583984375 -0.3468708248318018
0.584228515625 -0.4432550887389765
0.58447265625 -0.2589997399338377
0.584716796875 0.02822145753573421
0.5849609375 0.2192441152203509
0.585205078125 0.1476263096469023
0.58544921875 -0.2390402389384969
0.585693359375 -0.7185681948585638
0.5859375 -0.9085295127488912
0.586181640625 -0.658834190465711
0.58642578125 -0.2070194541186116
0.586669921875 0.1076657823502796
0.5869140625 0.1609056778019609
0.587158203125 0.0510587586727714
0.58740234375 -0.07428486387267261
0.587646484375 -0.1418714455972395
0.587890625 -0.1591681731274888
0.588134765625 -0.1235213942751634
0.58837890625 0.02945012359227825
0.588623046875 0.2742392154854109
0.5888671875 0.3485289225425639
0.589111328125 0.02973290638357287
0.58935546875 -0.4072716659235733
0.589599609375 -0.3813666600108816
0.58984375 0.1815678447996208
0.590087890625 0.6325443496158987
0.59033203125 0.4754765758607885
0.590576171875 0.03587012645989418
0.5908203125 -0.1492084747733318
0.591064453125 -0.1809247112804541
0.59130859375 -0.4593435598751377
0.591552734375 -0.8316235818774596
0.591796875 -0.8044439694848458
0.592041015625 -0.4474849425965434
0.59228515625 -0.32158556408132
0.592529296875 -0.5068953430674324
0.5927734375 -0.4507000285404616
0.593017578125 0.08228602913138253
0.59326171875 0.5994844126159151
0.593505859375 0.6516607827078389
0.59375 0.4140160562608229
0.593994140625 0.2369299143292418
0.59423828125 0.1641304690545743
0.594482421875 0.1732232421755133
0.5947265625 0.3689039996399426
0.594970703125 0.6288430709754312
0.59521484375 0.5611870307242681
0.595458984375 0.1532236551392223
0.595703125 -0.03136027297258841
0.595947265625 0.3068803927101252
0.59619140625 0.641007560006437
0.596435546875 0.3724123701273366
0.5966796875 -0.2469854375382906
0.596923828125 -0.4813950502250929
0.59716796875 -0.1321820063450469
0.597412109375 0.3240010778103108
0.59765625 0.4564208418103535
0.597900390625 0.2903427143778631
0.59814453125 0.09128883928613872
0.598388671875 0.0890733846231722
0.5986328125 0.3310142300480112
0.598876953125 0.5748929492991264
0.59912109375 0.4983787125820299
0.599365234375 0.1989339637190801
0.599609375 0.1750784900191253
0.599853515625 0.558872920816563
0.60009765625 0.7708611544438985
0.600341796875 0.3333283278859913
0.6005859375 -0.3624694135081625
0.600830078125 -0.6050458611644102
0.60107421875 -0.3468414774499869
0.601318359375 -0.07106581505494615
0.6015625 0.04272427177501195
0.601806640625 0.1750066030228898
0.60205078125 0.2867205895185032
0.602294921875 0.1776222808399897
0.6025390625 0.02862670864897532
0.602783203125 0.1895206733953117
0.60302734375 0.4561947011927782
0.603271484375 0.2823427865937218
0.603515625 -0.2408501841501747
0.603759765625 -0.3825205064407124
0.60400390625 0.06872896416924881
0.604248046875 0.4020364285135911
0.6044921875 0.07856091917183379
0.604736328125 -0.4551651882408527
0.60498046875 -0.5173927092828514
0.605224609375 -0.1905138136965943
0.60546875 -0.005957064526874071
0.605712890625 -0.04378808028171187
0.60595703125 0.02977494829539898
0.606201171875 0.2471272658045829
0.6064453125 0.2631444166088379
0.606689453125 -0.03595436619898881
0.60693359375 -0.3271555678041098
0.607177734375 -0.3345353237355741
0.607421875 -0.1859207145698221
0.607666015625 -0.1645437132162096
0.60791015625 -0.3045874034520625
0.608154296875 -0.371820795667149
0.6083984375 -0.2027939287993182
0.608642578125 0.02278361288355151
0.60888671875 -0.04610926722455464
0.609130859375 -0.4235226051561404
0.609375 -0.6108313906844771
0.609619140625 -0.1717080864610934
0.60986328125 0.6127828676519993
0.610107421875 1.005406673589472
0.6103515625 0.7245219692072339
0.610595703125 0.2235490595695932
0.61083984375 0.008595478901961676
0.611083984375 0.08331176100260519
0.611328125 0.1940197024426414
0.611572265625 0.2039769454437375
0.61181640625 0.02374505420024978
0.612060546875 -0.4257870462059955
0.6123046875 -0.920736150970802
0.612548828125 -0.9697982462293802
0.61279296875 -0.4296835527490128
0.613037109375 0.2332108772463172
0.61328125 0.5492171566408393
0.613525390625 0.560658669057971
0.61376953125 0.4763840768939355
0.614013671875 0.2499242973624702
0.6142578125 -0.1264149734302621
0.614501953125 -0.3309221063711457
0.61474609375 -0.1791749027820832
0.614990234375 -0.0169301725982846
0.615234375 -0.163563056255628
0.615478515625 -0.3363810467670566
0.61572265625 -0.1866913258275854
0.615966796875 -0.03221525283613775
0.6162109375 -0.3546173083522877
0.616455078125 -0.8458683131340768
0.61669921875 -0.7583314208841734
0.616943359375 -0.08714807718615812
0.6171875 0.4037774064592564
0.617431640625 0.3344201870579027
0.61767578125 0.09804279684668735
0.617919921875 0.01958332455158766
0.6181640625 -0.07427433778121845
0.618408203125 -0.2384856188239988
0.61865234375 -0.1269415799821892
0.618896484375 0.3352404764695867
0.619140625 0.6342698027017086
0.619384765625 0.3913292565200495
0.61962890625 -0.124619977591401
0.619873046875 -0.5151354346766465
0.6201171875 -0.7419107686514963
0.620361328125 -0.8002437653638864
0.62060546875 -0.5115072966178674
0.620849609375 -0.03587710810053133
0.62109375 0.01493539974074454
0.621337890625 -0.5222887079576309
0.62158203125 -0.9041212894700846
0.621826171875 -0.4973863321543243
0.6220703125 0.2446971486013073
0.622314453125 0.4678436439108816
0.62255859375 0.1399496480513718
0.622802734375 -0.1307674499343174
0.623046875 -0.1411684747445923
0.623291015625 -0.1548847279287767
0.62353515625 -0.1566470167690724
0.623779296875 0.09885096694635702
0.6240234375 0.3754301156209666
0.624267578125 0.1457022748399831
0.62451171875 -0.4447637536953735
0.624755859375 -0.6104850281626578
0.625 -0.09900548837910381
0.625244140625 0.4182822014302174
0.62548828125 0.3936014908434363
0.625732421875 0.1418453386394428
0.6259765625 0.1655388909992405
0.626220703125 0.3611665074809454
0.62646484375 0.3574058404119873
0.626708984375 0.1470954895394175
0.626953125 -0.09609157305938117
0.627197265625 -0.4095185998299661
0.62744140625 -0.756138987863227
0.627685546875 -0.7299129674974101
0.6279296875 -0.11103156149703
0.628173828125 0.5696080105365706
0.62841796875 0.623515965315855
0.628662109375 0.1823604493432744
0.62890625 -0.02896845832828053
0.629150390625 0.2062963947001709
0.62939453125 0.3885524576864005
0.629638671875 0.2382547283735423
0.6298828125 0.1555862718570064
0.630126953125 0.4834410072799322
0.63037109375 0.8742713161274336
0.630615234375 0.7961884926584752
0.630859375 0.2958581989888767
0.631103515625 -0.1610026011986977
0.63134765625 -0.357536894645293
0.631591796875 -0.4219311447780035
0.6318359375 -0.4209844435342914
0.632080078125 -0.2801857462723121
0.63232421875 -0.06717283969060338
0.632568359375 0.01093214083041878
0.6328125 -0.07318489562699153
0.633056640625 -0.1311581454794945
0.63330078125 -0.073571668809763
0.633544921875 -0.009199670915238387
0.6337890625 0.0003200484852276886
0.634033203125 0.03651895144920302
0.63427734375 0.1269914926794068
0.634521484375 0.1876573387896103
0.634765625 0.2107684768225367
0.635009765625 0.2702090901476219
0.63525390625 0.297144069345656
0.635498046875 0.1390230824347043
0.6357421875 -0.07966153122265125
0.635986328125 0.0005945519586847373
0.63623046875 0.4026924492751272
0.636474609375 0.6385020453380502
0.63671875 0.3808726756744366
0.636962890625 -0.01471843862062852
0.63720703125 -0.03553237408792608
0.637451171875 0.2074770203583727
0.6376953125 0.2018351970958869
0.637939453125 -0.1170949304014297
0.63818359375 -0.2876937408875028
0.638427734375 -0.1041804948352673
0.638671875 0.06003140589410508
0.638916015625 -0.1163896940566167
0.63916015625 -0.3889527244997246
0.639404296875 -0.3368974905688892
0.6396484375 0.03682694021295858
0.639892578125 0.3798053181692558
0.64013671875 0.4765123414981189
0.640380859375 0.4182129416062184
0.640625 0.4013516083016673
0.640869140625 0.5271768817165385
0.64111328125 0.712321784486158
0.641357421875 0.7132277873370332
0.6416015625 0.3820357813516744
0.641845703125 -0.04361312832733051
0.64208984375 -0.1206960170534542
0.642333984375 0.2315936639660879
0.642578125 0.583673436523559
0.642822265625 0.5463494116419523
0.64306640625 0.2074859056360308
0.643310546875 -0.1531922864840725
0.6435546875 -0.480819171708209
0.643798828125 -0.7941845354815231
0.64404296875 -0.8894405137772861
0.644287109375 -0.5914960153107722
0.64453125 -0.1576053730992895
0.644775390625 -0.02200749909975704
0.64501953125 -0.1819404786633488
0.645263671875 -0.2207122646939532
0.6455078125 0.0367565005806552
0.645751953125 0.2577109163159357
0.64599609375 0.09638513088181731
0.646240234375 -0.3352837008626074
0.646484375 -0.6286908947907149
0.646728515625 -0.5054345956894426
0.64697265625 0.005046308387775754
0.647216796875 0.5997143464283466
0.6474609375 0.8260324132085624
0.647705078125 0.4197702084039082
0.64794921875 -0.3233795283043077
0.648193359375 -0.7260694647112332
0.6484375 -0.4759807416078515
0.648681640625 -0.01878535353738816
0.64892578125 0.02327323638213868
0.649169921875 -0.3342709157925181
0.6494140625 -0.5283218728972709
0.649658203125 -0.2956127587349632
0.64990234375 -0.02888026591430723
0.650146484375 -0.1332529943474413
0.650390625 -0.3681249717293787
0.650634765625 -0.1887080686501465
0.65087890625 0.3892626309157434
0.651123046875 0.6954870374079667
0.6513671875 0.2888820447721689
0.651611328125 -0.4122087150373788
0.65185546875 -0.6647772955911295
0.652099609375 -0.3585506392496429
0.65234375 -0.06312824770793607
0.652587890625 -0.1658914651689401
0.65283203125 -0.3857276482506979
0.653076171875 -0.3078992693605863
0.6533203125 -0.0490115196415845
0.653564453125 -0.04539653722035131
0.65380859375 -0.3418225039124089
0.654052734375 -0.4792607152695332
0.654296875 -0.1277986407254493
0.654541015625 0.4675258260845556
0.65478515625 0.8032595975279369
0.655029296875 0.684355117992145
0.6552734375 0.323532384935638
0.655517578125 0.00682574683378573
0.65576171875 -0.159500669035603
0.656005859375 -0.2086648890800982
0.65625 -0.1831175447363743
0.656494140625 -0.09871124524526344
0.65673828125 0.01927109335786259
0.656982421875 0.1072328108915521
0.6572265625 0.08811971642397387
0.657470703125 -0.03837178742829914
0.65771484375 -0.1371097154817464
0.657958984375 -0.06261790959872153
0.658203125 0.1121250736212042
0.658447265625 0.1100204216217966
0.65869140625 -0.1921157399205781
0.658935546875 -0.5293446904448895
0.6591796875 -0.5624671006360724
0.659423828125 -0.3556895327088256
0.65966796875 -0.2729094923960731
0.659912109375 -0.3872852972850185
0.66015625 -0.331648542283531
0.660400390625 0.1038887210088683
0.66064453125 0.5502893054609825
0.660888671875 0.5424246796691405
0.6611328125 0.1939136114456757
0.661376953125 0.001666662685933609
0.66162109375 0.1066850416025256
0.661865234375 0.1926359021675478
0.662109375 0.103834778997161
0.662353515625 0.09035482123443306
0.66259765625 0.3066550676229002
0.662841796875 0.4840619276868733
0.6630859375 0.3374523541545646
0.663330078125 -0.01033349229807433
0.66357421875 -0.254040832115118
0.663818359375 -0.3142770028051187
0.6640625 -0.2935230435310187
0.664306640625 -0.2325545934753982
0.66455078125 -0.1250684952237655
0.664794921875 -0.002304597411719634
0.6650390625 0.1599842484616719
0.665283203125 0.4280462868550373
0.66552734375 0.6870769822540539
0.665771484375 0.6987380889160044
0.666015625 0.5117656196936791
0.666259765625 0.469886395033891
0.66650390625 0.6192783730507572
0.666748046875 0.5181689550087489
0.6669921875 -0.05841577238019213
0.667236328125 -0.6361356491314735
0.66748046875 -0.6792041880841204
0.667724609375 -0.3546023298394898
0.66796875 -0.1834074082401248
0.668212890625 -0.2401304639574585
0.66845703125 -0.2326216573701267
0.668701171875 -0.1284244255030758
0.6689453125 -0.1291517993591658
0.669189453125 -0.1981535183638165
0.66943359375 -0.1701785521198932
0.669677734375 -0.1667288318490922
0.669921875 -0.3366354401469402
0.670166015625 -0.3679837881831878
0.67041015625 0.09504937481398065
0.670654296875 0.6957619646306787
0.6708984375 0.7485907878253949
0.671142578125 0.3078833709633476
0.67138671875 0.07888935582610719
0.671630859375 0.2517312282108931
0.671875 0.2625192792346409
0.672119140625 -0.1328362605854959
0.67236328125 -0.3980098773536155
0.672607421875 -0.1523676019615871
0.6728515625 0.187559668123806
0.673095703125 0.1270772011242818
0.67333984375 -0.1731277409016079
0.673583984375 -0.3220347082878487
0.673828125 -0.3140749358228725
0.674072265625 -0.2861810872585197
0.67431640625 -0.1517376281233885
0.674560546875 0.08719840753582059
0.6748046875 0.108913974266817
0.675048828125 -0.2145735811656256
0.67529296875 -0.47776751634481
0.675537109375 -0.3237665914754251
0.67578125 0.02874839607682396
0.676025390625 0.2313095604375593
0.67626953125 0.3492818684584088
0.676513671875 0.5196202384788053
0.6767578125 0.5012139622261614
0.677001953125 0.10781274629327
0.67724609375 -0.2606927400891966
0.677490234375 -0.1138658657478289
0.677734375 0.3285964833357256
0.677978515625 0.4059601042058312
0.67822265625 -0.04074067488238855
0.678466796875 -0.5199167065636838
0.6787109375 -0.6269687510777754
0.678955078125 -0.4517555336931013
0.67919921875 -0.226111354467453
0.679443359375 0.02011563028345349
0.6796875 0.316455987113809
0.679931640625 0.5177663962931167
0.68017578125 0.3901175036665777
0.680419921875 -0.08321961067499477
0.6806640625 -0.5280366310011075
0.680908203125 -0.435903484182346
0.68115234375 0.2528076875489351
0.681396484375 0.9384526204378261
0.681640625 0.9979310838353543
0.681884765625 0.5202503794794446
0.68212890625 0.0593362353930361
0.682373046875 -0.1947361960483738
0.6826171875 -0.4666401016251733
0.682861328125 -0.7043849832276919
0.68310546875 -0.5416972078878685
0.683349609375 -0.06215677328294247
0.68359375 0.11797514979711
0.683837890625 -0.2161743700193106
0.68408203125 -0.5276967297298483
0.684326171875 -0.409345447333792
0.6845703125 -0.1476820596897683
0.684814453125 -0.05886415968951643
0.68505859375 0.04524755108493852
0.685302734375 0.2889822456709767
0.685546875 0.317547237690135
0.685791015625 -0.01993127114190709
0.68603515625 -0.2167121139831333
0.686279296875 0.06962162607400225
0.6865234375 0.3503568764802665
0.686767578125 0.1153079542174326
0.68701171875 -0.2604440860693275
0.687255859375 -0.1521601028679551
0.6875 0.2566691688860458
0.687744140625 0.3311229550508829
0.68798828125 0.03207492785405979
0.688232421875 -0.1507269457376348
0.6884765625 -0.0425027145385063
0.688720703125 0.1170905306869
0.68896484375 0.1853753690477377
0.689208984375 0.1554429415418384
0.689453125 -0.03428075836195141
0.689697265625 -0.2276864497616134
0.68994140625 0.009608759546699746
0.690185546875 0.653388296828045
0.6904296875 0.9419036738579022
0.690673828125 0.4632810033840504
0.69091796875 -0.06329225071161461
0.691162109375 0.1278610046560765
0.69140625 0.5743516384419497
0.691650390625 0.3533907752555981
0.69189453125 -0.372759865346747
0.692138671875 -0.6709557367497382
0.6923828125 -0.3644914420400294
0.692626953125 -0.1225528805490897
0.69287109375 -0.2175260735194196
0.693115234375 -0.300335059703313
0.693359375 -0.3152129396045305
0.693603515625 -0.5433271023604361
0.69384765625 -0.7501722106733849
0.694091796875 -0.3709274101416001
0.6943359375 0.3780149956189713
0.694580078125 0.6122323707461214
0.69482421875 0.1488678865605436
0.695068359375 -0.2244091683303518
0.6953125 -0.0397746320991083
0.695556640625 0.2533460303748863
0.69580078125 0.2468298541492688
0.696044921875 0.2168213701400531
0.6962890625 0.4354212521578583
0.696533203125 0.6087732581586044
0.69677734375 0.4129916501580239
0.697021484375 0.01562808174416318
0.697265625 -0.2542404569832856
0.697509765625 -0.3061635250857052
0.69775390625 -0.1952457160262936
0.697998046875 -0.03949756843988207
0.6982421875 -0.0460847585144032
0.698486328125 -0.2194915626845607
0.69873046875 -0.2139439860909918
0.698974609375 0.05365830386133236
0.69921875 0.02521627808636814
0.699462890625 -0.578688863821116
0.69970703125 -0.9546711499428457
0.699951171875 -0.3202208764817513
0.7001953125 0.6210228179750094
0.700439453125 0.5706808621716759
0.70068359375 -0.2916237131424112
0.700927734375 -0.5688969212216521
0.701171875 0.09394242565704575
0.701416015625 0.5739907993682347
0.70166015625 0.2689081818295674
0.701904296875 -0.05977943816111681
0.7021484375 0.1371600094404053
0.702392578125 0.3028646146985614
0.70263671875 0.0545009346107909
0.702880859375 -0.06975108036437812
0.703125 0.163110400681575
0.703369140625 0.08190202462444368
0.70361328125 -0.4862482701120129
0.703857421875 -0.5887267936733772
0.7041015625 0.1581604033767874
0.704345703125 0.6026825425475195
0.70458984375 -0.09546934699147498
0.704833984375 -0.9096296052867306
0.705078125 -0.5568371942172593
0.705322265625 0.4131475483029032
0.70556640625 0.6106382671836548
0.705810546875 0.04619425749734785
0.7060546875 -0.1784856107901484
0.706298828125 0.1509132709675189
0.70654296875 0.2489716743259259
0.706787109375 -0.09240768594568036
0.70703125 -0.2585241645029304
0.707275390625 -0.07216754317656246
0.70751953125 -0.0398199028354832
0.707763671875 -0.2903127994312753
0.7080078125 -0.3396015590232264
0.708251953125 -0.01583358110392956
0.70849609375 0.2677036868515293
0.708740234375 0.2430425178503206
0.708984375 0.06105387997517468
0.709228515625 -0.147494975036629
0.70947265625 -0.3252175011873913
0.709716796875 -0.2244794971042211
0.7099609375 0.24546644887303
0.710205078125 0.5947810268636772
0.71044921875 0.3724568442155561
0.710693359375 -0.02005022991790718
0.7109375 0.1039128161583391
0.711181640625 0.5631478942841467
0.71142578125 0.5704038346824889
0.711669921875 0.002337413675349996
0.7119140625 -0.4668427379143655
0.712158203125 -0.4610391588752015
0.71240234375 -0.2965709695661055
0.712646484375 -0.2508487785966981
0.712890625 -0.2113948071532179
0.713134765625 -0.1352304802843535
0.71337890625 -0.1706309551716823
0.713623046875 -0.2376526246111839
0.7138671875 -0.09185756787745525
0.714111328125 0.1608719303233646
0.71435546875 0.1821091392816254
0.714599609375 0.003397865859295308
0.71484375 -0.06824776221554986
0.715087890625 -0.06871792517393759
0.71533203125 -0.268972351608681
0.715576171875 -0.5298117293779905
0.7158203125 -0.4527591873202954
0.716064453125 -0.1354682791027273
0.71630859375 -0.05703014969184664
0.716552734375 -0.1979106660082786
0.716796875 -0.02136877899028778
0.717041015625 0.5622766049658572
0.71728515625 0.9326495162372385
0.717529296875 0.6635197216541039
0.7177734375 0.08496709097113284
0.718017578125 -0.2649819480184238
0.71826171875 -0.2391296195762605
0.718505859375 0.02103763031208589
0.71875 0.3008607901843919
0.718994140625 0.302972451096119
0.71923828125 -0.1121112380887111
0.719482421875 -0.580060901093154
0.7197265625 -0.5762085824938582
0.719970703125 -0.1595603265660039
0.72021484375 0.08993414312556164
0.720458984375 -0.08996119628843
0.720703125 -0.3610533954544199
0.720947265625 -0.3842982384668478
0.72119140625 -0.1982020110535376
0.721435546875 0.07029646527621367
0.7216796875 0.3850925498585604
0.721923828125 0.6019061282603331
0.72216796875 0.5273482003598284
0.722412109375 0.2504730568581718
0.72265625 0.05083269153195945
0.722900390625 0.004858546393452861
0.72314453125 0.04970367181675406
0.723388671875 0.2829111519969191
0.7236328125 0.7255581679081463
0.723876953125 0.9864571499042037
0.72412109375 0.73913558683398
0.724365234375 0.3272396221063803
0.724609375 0.2406802746922385
0.724853515625 0.2425370036128548
0.72509765625 -0.1661851285260902
0.725341796875 -0.6544460262748739
0.7255859375 -0.4720739306709343
0.725830078125 0.1387972043576397
0.72607421875 0.1381902728693027
0.726318359375 -0.5730625175037173
0.7265625 -0.8773510111632687
0.726806640625 -0.284256043854235
0.72705078125 0.2245214700359104
0.727294921875 -0.1473213452411558
0.7275390625 -0.6899908764475873
0.727783203125 -0.4444026509673443
0.72802734375 0.205144270752551
0.728271484375 0.3058609507038689
0.728515625 -0.01995750842847325
0.728759765625 0.0787087429204459
0.72900390625 0.6169133278197788
0.729248046875 0.7676315032491459
0.7294921875 0.2892836666118023
0.729736328125 -0.1351775371075643
0.72998046875 -0.07752265195058961
0.730224609375 0.03828607970039959
0.73046875 -0.2395918578800261
0.730712890625 -0.6809026240329492
0.73095703125 -0.80564945969756
0.731201171875 -0.5437958808853901
0.7314453125 -0.1753528571321439
0.731689453125 0.07925986620398279
0.73193359375 0.1962429701016941
0.732177734375 0.2635239111138417
0.732421875 0.3795739051643374
0.732666015625 0.5388254549932128
0.73291015625 0.6143965881501221
0.733154296875 0.5199765635653313
0.7333984375 0.2940449059644529
0.733642578125 -0.02106693617457234
0.73388671875 -0.3785475233812745
0.734130859375 -0.5557592037698458
0.734375 -0.3196724806095461
0.734619140625 0.1103181446713123
0.73486328125 0.1856284871333742
0.735107421875 -0.1700468015927683
0.7353515625 -0.3685298347236084
0.735595703125 -0.08369060240057322
0.73583984375 0.188466226906755
0.736083984375 -0.01600205733791628
0.736328125 -0.288705568137935
0.736572265625 -0.07038446255244375
0.73681640625 0.2699853034076794
0.737060546875 -0.008087630998981122
0.7373046875 -0.6600999779909146
0.737548828125 -0.69487394481258
0.73779296875 0.0382787884825008
0.738037109375 0.5349515961238877
0.73828125 0.1607552327688497
0.738525390625 -0.4310039370369731
0.73876953125 -0.3580622168863449
0.739013671875 0.251674401967556
0.7392578125 0.6360435415418727
0.739501953125 0.4828242795928641
0.73974609375 0.07935431953282002
0.739990234375 -0.2521311701432177
0.740234375 -0.3571706997675094
0.740478515625 -0.145952207334927
0.74072265625 0.263802510435683
0.740966796875 0.4752612739706092
0.7412109375 0.2341856143669769
0.741455078125 -0.2305759874383607
0.74169921875 -0.5324656581446078
0.741943359375 -0.5645868034346162
0.7421875 -0.3843611576390827
0.742431640625 0.01934223250871843
0.74267578125 0.5266220672551447
0.742919921875 0.7643585241431095
0.7431640625 0.5632492817887691
0.743408203125 0.2732924676441244
0.74365234375 0.2431318813988201
0.743896484375 0.2720278445687755
0.744140625 0.02337367168259108
0.744384765625 -0.3108774597516412
0.74462890625 -0.3139415080845098
0.744873046875 -0.08123074826035005
0.7451171875 -0.01854345788666711
0.745361328125 -0.06289128295055635
0.74560546875 0.1646972977206841
0.745849609375 0.4758318401457372
0.74609375 0.2214027521289001
0.746337890625 -0.5585566495007381
0.74658203125 -0.9458291130765116
0.746826171875 -0.4935459830826679
0.7470703125 0.02061691154886688
0.747314453125 -0.2111827237618696
0.74755859375 -0.7372888449892822
0.747802734375 -0.5556900380185708
0.748046875 0.3012417102319046
0.748291015625 0.798646016912147
0.74853515625 0.4052299204444291
0.748779296875 -0.2762509052107731
0.7490234375 -0.4925744389935431
0.749267578125 -0.2349063997810236
0.74951171875 0.09288929962520776
0.749755859375 0.304559191622109
0.75 0.3814171522252716
0.750244140625 0.2347799482794463
0.75048828125 -0.09056285098909252
0.750732421875 -0.2657532547934377
0.7509765625 -0.08982488684320641
0.751220703125 0.1552584076894496
0.75146484375 0.09684121495042106
0.751708984375 -0.1434454420653658
0.751953125 -0.1237041603127079
0.752197265625 0.2173847054542509
0.75244140625 0.4073553450627315
0.752685546875 0.09105977278135981
0.7529296875 -0.4346896230700587
0.753173828125 -0.5482714541735703
0.75341796875 -0.06185128045026023
0.753662109375 0.5594863466249268
0.75390625 0.761221811626462
0.754150390625 0.4995299369302412
0.75439453125 0.1538849010941927
0.754638671875 -0.00498570719111072
0.7548828125 -0.00497997334126781
0.755126953125 0.1058273309165438
0.75537109375 0.359830332659481
0.755615234375 0.5874072355307934
0.755859375 0.4188570101843098
0.756103515625 -0.1677382703629524
0.75634765625 -0.6295678171939341
0.756591796875 -0.5419033406577525
0.7568359375 -0.2024102493093643
0.757080078125 -0.1182656131351743
0.75732421875 -0.1843796513589877
0.757568359375 0.02477726349339277
0.7578125 0.3469413364682127
0.758056640625 0.1931506296951429
0.75830078125 -0.3688779106839534
0.758544921875 -0.5342812510141197
0.7587890625 -0.02754284622873801
0.759033203125 0.3447098263361942
0.75927734375 -0.1111012694036009
0.759521484375 -0.893354082989559
0.759765625 -1.056538611097441
0.760009765625 -0.5540559354533747
0.76025390625 -0.1104949740854294
0.760498046875 -0.06295989991730019
0.7607421875 -0.07687485568142606
0.760986328125 0.1089260322923599
0.76123046875 0.3560261581278155
0.761474609375 0.5553001817112262
0.76171875 0.7616327154145509
0.761962890625 0.8224081295293663
0.76220703125 0.4542308816651638
0.762451171875 -0.1443717749063624
0.7626953125 -0.2985093606227032
0.762939453125 0.2377067207633428
0.76318359375 0.805973943674235
0.763427734375 0.6324188822043221
0.763671875 -0.1902781727329599
0.763916015625 -0.872230169771833
0.76416015625 -0.9016782248297798
0.764404296875 -0.48154574041228
0.7646484375 -0.05807747657380311
0.764892578125 0.2005649944075148
0.76513671875 0.3423133645634237
0.765380859375 0.3530464360288031
0.765625 0.2147389209946218
0.765869140625 0.1171858814715083
0.76611328125 0.2867124893404408
0.766357421875 0.5647800693693958
0.7666015625 0.4863460188590767
0.766845703125 -0.03779792156769812
0.76708984375 -0.4366185475036943
0.767333984375 -0.2284441521831975
0.767578125 0.2000465111539003
0.767822265625 0.09090130180744499
0.76806640625 -0.5140259522022158
0.768310546875 -0.7504347229532956
0.7685546875 -0.1971247712785504
0.768798828125 0.5001048371837931
0.76904296875 0.5952454665367122
0.769287109375 0.2349448068187579
0.76953125 -0.0007619331826623461
0.769775390625 -0.04843558338325413
0.77001953125 -0.2190891760509518
0.770263671875 -0.4435634978721076
0.7705078125 -0.3707581749753712
0.770751953125 -0.08282965127658584
0.77099609375 -0.02936031162815803
0.771240234375 -0.238750166644699
0.771484375 -0.2239565971179046
0.771728515625 0.1931497668658674
0.77197265625 0.5136744942052087
0.772216796875 0.2696640944723301
0.7724609375 -0.2968777856338392
0.772705078125 -0.5597017730664625
0.77294921875 -0.2945608920477789
0.773193359375 0.1070228253895145
0.7734375 0.1363071159869149
0.773681640625 -0.2528866919016458
0.77392578125 -0.5841756199017888
0.774169921875 -0.4171590618918617
0.7744140625 0.0607852400457934
0.774658203125 0.2235821735217776
0.77490234375 -0.1357455285569135
0.775146484375 -0.4787304346770627
0.775390625 -0.2940523357160177
0.775634765625 0.1715348649488154
0.77587890625 0.3535171961900604
0.776123046875 0.2131933540612035
0.7763671875 0.1143490805015594
0.776611328125 0.1028510634747155
0.77685546875 -0.06739309253418248
0.777099609375 -0.3140152188317432
0.77734375 -0.2879947350877263
0.777587890625 -0.04303678268026077
0.77783203125 -0.004734051858802648
0.778076171875 -0.2193099187572797
0.7783203125 -0.2658579913406314
0.778564453125 -0.02373739086320974
0.77880859375 0.116307063112381
0.779052734375 -0.01279607730027209
0.779296875 -0.04738168844575234
0.779541015625 0.2159676268079489
0.77978515625 0.4272738677754432
0.780029296875 0.3117539949583371
0.7802734375 0.1341107575798342
0.780517578125 0.1612174002404168
0.78076171875 0.1883549240340012
0.781005859375 0.02700742067324403
0.78125 -0.03309144343824283
0.781494140625 0.2537336216680115
0.78173828125 0.5427602030762552
0.781982421875 0.4269729443353845
0.7822265625 0.1436453895443768
0.782470703125 0.1550456231359648
0.78271484375 0.3214007243234473
0.782958984375 0.1565351047756305
0.783203125 -0.2715868069567394
0.783447265625 -0.4013032853253637
0.78369140625 -0.1174734297985194
0.783935546875 0.05045951953985942
0.7841796875 -0.1888455271574304
0.784423828125 -0.4055266722600457
0.78466796875 -0.1284549037782572
0.784912109375 0.4395638329813685
0.78515625 0.7317268384521096
0.785400390625 0.5528113841253836
0.78564453125 0.1687805425296669
0.785888671875 -0.1514835809269337
0.7861328125 -0.3438201820369894
0.786376953125 -0.3768467393000104
0.78662109375 -0.2082665428737048
0.786865234375 0.03161069401422403
0.787109375 0.08612531686687079
0.787353515625 -0.05066787556947132
0.78759765625 -0.02093455901809666
0.787841796875 0.3887273645823737
0.7880859375 0.7791915597427344
0.788330078125 0.556912267706036
0.78857421875 -0.1776953763914897
0.788818359375 -0.6123046001309572
0.7890625 -0.2877438537314643
0.789306640625 0.2746202656226826
0.78955078125 0.3886938033898366
0.789794921875 0.2105696244875211
0.7900390625 0.3167099306146535
0.790283203125 0.5872338288315849
0.79052734375 0.3581565618098322
0.790771484375 -0.3370900884333399
0.791015625 -0.607887456813327
0.791259765625 -0.08128469975348294
0.79150390625 0.4157213469670943
0.791748046875 0.09146587314356515
0.7919921875 -0.5946285604171132
0.792236328125 -0.6811008502863209
0.79248046875 -0.1695146094607467
0.792724609375 0.1135802740916005
0.79296875 -0.1268173155163597
0.793212890625 -0.320509859879232
0.79345703125 -0.08373670040948344
0.793701171875 0.1861513984967886
0.7939453125 0.02463267287172573
0.794189453125 -0.375548072415717
0.79443359375 -0.5084746112857663
0.794677734375 -0.2581916009369999
0.794921875 0.07418102123913684
0.795166015625 0.2282183738963455
0.79541015625 0.1912824302855886
0.795654296875 0.06567264169286255
0.7958984375 -0.05439972390764852
0.796142578125 -0.1085275436849366
0.79638671875 -0.09933035355331654
0.796630859375 -0.09052474806270101
0.796875 -0.1284100408744697
0.797119140625 -0.1769259635553158
0.79736328125 -0.1378043413905111
0.797607421875 0.06551591119463877
0.7978515625 0.3812732336802257
0.798095703125 0.6095828147727842
0.79833984375 0.5902924555052607
0.798583984375 0.4223551729051238
0.798828125 0.3390996957271278
0.799072265625 0.3265017692991683
0.79931640625 0.09200586091313422
0.799560546875 -0.4626415111012246
0.7998046875 -0.9749314258022718
0.800048828125 -1.039291585346004
0.80029296875 -0.7097828174514719
0.800537109375 -0.358611141491366
0.80078125 -0.1924988960871173
0.801025390625 -0.1556368906363829
0.80126953125 -0.1720814858320281
0.801513671875 -0.2064080380014604
0.8017578125 -0.1678583326765019
0.802001953125 -0.008970925764456388
0.80224609375 0.1379175208183492
0.802490234375 0.1292417013571869
0.802734375 0.02805523442385801
0.802978515625 -0.03672133197110399
0.80322265625 -0.08823400681255217
0.803466796875 -0.1545010735787079
0.8037109375 -0.08071780280893266
0.803955078125 0.2117650093349471
0.80419921875 0.4352907191138853
0.804443359375 0.2610564736062249
0.8046875 -0.1699373242637187
0.804931640625 -0.4281811674605887
0.80517578125 -0.4019589956603669
0.805419921875 -0.3217697784747708
0.8056640625 -0.2381592017468535
0.805908203125 0.05583001867968342
0.80615234375 0.5272659061445057
0.806396484375 0.7806443594923071
0.806640625 0.5878387676167135
0.806884765625 0.1842830274328431
0.80712890625 -0.1166261797923079
0.807373046875 -0.278852566265775
0.8076171875 -0.3515868502807294
0.807861328125 -0.2383800192439864
0.80810546875 0.1158245589290576
0.808349609375 0.5168394961068344
0.80859375 0.6857104644575944
0.808837890625 0.4966065374787258
0.80908203125 -0.002051737974593049
0.809326171875 -0.5808276293721756
0.8095703125 -0.8112950762556586
0.809814453125 -0.3921109870080524
0.81005859375 0.3633237461279029
0.810302734375 0.6924670884739801
0.810546875 0.2605064707943279
0.810791015625 -0.396884341165652
0.81103515625 -0.5513760775185479
0.811279296875 -0.1574853177657945
0.8115234375 0.2400052059683435
0.811767578125 0.2754033719967116
0.81201171875 0.08380404606208017
0.812255859375 -0.07159140970249511
0.8125 -0.1442661838808911
0.812744140625 -0.1997145116020916
0.81298828125 -0.1955233089417345
0.813232421875 -0.02074803863580623
0.8134765625 0.2951430081159841
0.813720703125 0.5165924211967253
0.81396484375 0.4177139564532437
0.814208984375 0.07039094682198872
0.814453125 -0.1914583954845702
0.814697265625 -0.1824966862480943
0.81494140625 -0.1048897948293933
0.815185546875 -0.2038304921721366
0.8154296875 -0.3450180468390052
0.815673828125 -0.2425971930527921
0.81591796875 0.004835291802442255
0.816162109375 0.03181118556791677
0.81640625 -0.1504965789365033
0.816650390625 -0.1276388909357483
0.81689453125 0.1844560260146687
0.817138671875 0.3154847853094571
0.8173828125 0.01689330594810206
0.817626953125 -0.2566459533358265
0.81787109375 -0.05576536682937232
0.818115234375 0.3210189464517753
0.818359375 0.3285500771211877
0.818603515625 0.08035777270988007
0.81884765625 0.1294183515697717
0.819091796875 0.5389983405914021
0.8193359375 0.8213123880809251
0.819580078125 0.7387639807037483
0.81982421875 0.5314496271517193
0.820068359375 0.3197592437633904
0.8203125 -0.07726064560601535
0.820556640625 -0.5798784961921291
0.82080078125 -0.7167651248830312
0.821044921875 -0.3302567806082369
0.8212890625 0.1006240915369889
0.821533203125 0.1588245973694422
0.82177734375 0.04988443340343388
0.822021484375 0.1052847270334414
0.822265625 0.170666307719802
0.822509765625 -0.03866508630280178
0.82275390625 -0.3202892130169219
0.822998046875 -0.270811084757947
0.8232421875 0.02428460016518741
0.823486328125 0.1401318594188455
0.82373046875 0.03247746264484089
0.823974609375 0.04414377291109233
0.82421875 0.2154964804115543
0.824462890625 0.1712236198121627
0.82470703125 -0.1844786689228074
0.824951171875 -0.3937964055074658
0.8251953125 -0.1137220589635372
0.825439453125 0.3608890879524325
0.82568359375 0.5368761794872117
0.825927734375 0.3614824426357457
0.826171875 0.1201537094386199
0.826416015625 -0.0377728870824728
0.82666015625 -0.1527160066659403
0.826904296875 -0.2339821914675986
0.8271484375 -0.289960699792596
0.827392578125 -0.4193096689260846
0.82763671875 -0.598140981936745
0.827880859375 -0.5578158181375653
0.828125 -0.1778208235159319
0.828369140625 0.1956079454223469
0.82861328125 0.1971161735150283
0.828857421875 0.03263717702627492
0.8291015625 0.1595793666040863
0.829345703125 0.4918406571715939
0.82958984375 0.4908668645116013
0.829833984375 0.07776779625595694
0.830078125 -0.1564375437600396
0.830322265625 0.1396642192784564
0.83056640625 0.5174040561496444
0.830810546875 0.4254653571043538
0.8310546875 0.005334777763851548
0.831298828125 -0.2468376177506548
0.83154296875 -0.2509578636125497
0.831787109375 -0.2748596616254091
0.83203125 -0.3423881616140125
0.832275390625 -0.2369559209073948
0.83251953125 0.02436166465728908
0.832763671875 0.2014079576408309
0.8330078125 0.2468868693082167
0.833251953125 0.2709317363547302
0.83349609375 0.1727161123166242
0.833740234375 -0.2013858388822123
0.833984375 -0.5745231653256142
0.834228515625 -0.4689716398409103
0.83447265625 0.02699853628290911
0.834716796875 0.2925155213562931
0.8349609375 0.1100995186798062
0.835205078125 -0.03291216018248999
0.83544921875 0.1720149428513663
0.835693359375 0.3016696598045629
0.8359375 -0.02737691456561525
0.836181640625 -0.3989792820150037
0.83642578125 -0.2365275243927058
0.836669921875 0.199890002529411
0.8369140625 0.1958246522834161
0.837158203125 -0.2463123972275429
0.83740234375 -0.4104441855581226
0.837646484375 -0.04028261531046384
0.837890625 0.2725358732127722
0.838134765625 0.07758337289408077
0.83837890625 -0.2658702320340173
0.838623046875 -0.2892885232607458
0.8388671875 -0.1896722394910189
0.839111328125 -0.3708552603724607
0.83935546875 -0.6360247392041679
0.839599609375 -0.4781735592050824
0.83984375 0.02510058294722983
0.840087890625 0.247179089836191
0.84033203125 -0.06280090471543548
0.840576171875 -0.4560932024388597
0.8408203125 -0.5066233542876785
0.841064453125 -0.3643967234386082
0.84130859375 -0.3504591216854352
0.841552734375 -0.3922600126378022
0.841796875 -0.2015985801950336
0.842041015625 0.2086476925842648
0.84228515625 0.5153479585270111
0.842529296875 0.5022253953163447
0.8427734375 0.2488197559367948
0.843017578125 -0.02625368280103782
0.84326171875 -0.1190723400860333
0.843505859375 0.07421090119193792
0.84375 0.4167432580501316
0.843994140625 0.539762841748338
0.84423828125 0.2067393406065248
0.844482421875 -0.3578221435721167
0.8447265625 -0.6872964160027957
0.844970703125 -0.5793049104481466
0.84521484375 -0.1945778476260317
0.845458984375 0.2704818663992466
0.845703125 0.7175733605203819
0.845947265625 0.9503344947404379
0.84619140625 0.6979390900323739
0.846435546875 0.01455793808798084
0.8466796875 -0.5855977425069619
0.846923828125 -0.6322824677974911
0.84716796875 -0.2290229459216254
0.847412109375 0.1144131453364068
0.84765625 0.1110511437620808
0.847900390625 -0.026548783715884
0.84814453125 0.06734869365503084
0.848388671875 0.4404581563401176
0.8486328125 0.7667058242964341
0.848876953125 0.7194199629358008
0.84912109375 0.3449942955441792
0.849365234375 0.0160966619275509
0.849609375 -0.001151000256839074
0.849853515625 0.1519762274450905
0.85009765625 0.1460706171367599
0.850341796875 -0.1038709712877408
0.8505859375 -0.3858240087601775
0.850830078125 -0.5155530958293557
0.85107421875 -0.4976004114210899
0.851318359375 -0.3596111900755649
0.8515625 -0.07534547930373432
0.851806640625 0.25879753516947
0.85205078125 0.3913416781326634
0.852294921875 0.2082722082538531
0.8525390625 -0.08897879794079781
0.852783203125 -0.2298882096676318
0.85302734375 -0.1785547325420637
0.853271484375 -0.07696884551925094
0.853515625 -0.008527555628582668
0.853759765625 0.04284112565229716
0.85400390625 0.07332012374311682
0.854248046875 0.02712580839473561
0.8544921875 -0.1249379462348634
0.854736328125 -0.318445027087248
0.85498046875 -0.403132166349817
0.855224609375 -0.2675916266481492
0.85546875 -0.01338091818017612
0.855712890625 0.1031026223454948
0.85595703125 0.0213308855451968
0.856201171875 0.005471713121719493
0.8564453125 0.2101874807605673
0.856689453125 0.321961874064068
0.85693359375 -0.006053315144906448
0.857177734375 -0.5237989612862752
0.857421875 -0.6717843634360269
0.857666015625 -0.4231092602962244
0.85791015625 -0.2747103276023161
0.858154296875 -0.3812386546907783
0.8583984375 -0.3363449506084303
0.858642578125 0.03305496758398545
0.85888671875 0.3176064401899822
0.859130859375 0.255415859510045
0.859375 0.180229958598026
0.859619140625 0.3603183042142404
0.85986328125 0.4858398546436483
0.860107421875 0.2801781228055888
0.8603515625 0.06863950772762474
0.860595703125 0.1937010311579584
0.86083984375 0.3568294897403502
0.861083984375 0.1521662472485596
0.861328125 -0.1572231409764649
0.861572265625 -0.04383305365483417
0.86181640625 0.4154791291326031
0.862060546875 0.6940210235851114
0.8623046875 0.5898388527598156
0.862548828125 0.2903081603185129
0.86279296875 -0.07770155522336661
0.863037109375 -0.4230846238720363
0.86328125 -0.4806305266647997
0.863525390625 -0.1506507973407225
0.86376953125 0.2097801530799933
0.864013671875 0.2874146817404995
0.8642578125 0.2590434648246569
0.864501953125 0.3186791703266064
0.86474609375 0.2666320136920897
0.864990234375 0.07040474638658531
0.865234375 0.193722448058482
0.865478515625 0.7184596897112858
0.86572265625 0.8661208736985787
0.865966796875 0.2189630035997575
0.8662109375 -0.3605061665220289
0.866455078125 -0.05295693839898756
0.86669921875 0.4765286552608602
0.866943359375 0.2163419540933536
0.8671875 -0.3896249290047903
0.867431640625 -0.2964099682937865
0.86767578125 0.1719128873003623
0.867919921875 -0.009034123965250836
0.8681640625 -0.4648619822604835
0.868408203125 -0.04869092231833567
0.86865234375 0.7612335403730003
0.868896484375 0.4307962574040948
0.869140625 -0.6727216231119393
0.869384765625 -0.4939684678510817
0.86962890625 1.091722058006753
0.869873046875 1.632328143399605
0.8701171875 0.09835473590307792
0.870361328125 -1.202781310653633
0.87060546875 -0.3482932218279395
0.870849609375 1.065668736724768
0.87109375 0.7170822947148185
0.871337890625 -0.5923818356591013
0.87158203125 -0.5472939108888438
0.871826171875 0.6900243120650131
0.8720703125 1.005111518018416
0.872314453125 0.06930463030765981
0.87255859375 -0.3399170128720669
0.872802734375 0.3860972335708662
0.873046875 0.7796096146546461
0.873291015625 0.06636409203384613
0.87353515625 -0.493414814945813
0.873779296875 0.1206978457761594
0.8740234375 0.899287026368487
0.874267578125 0.3908232088732666
0.87451171875 -1.123250952289933
0.874755859375 -2.119904434478177
0.875 -1.857327296525564
0.875244140625 -1.058463538641456
0.87548828125 -0.7882636462840729
0.875732421875 -1.160018642869579
0.8759765625 -1.310434297183959
0.876220703125 -0.6907688451428703
0.87646484375 -0.07951293719486734
0.876708984375 -0.5818303519939089
0.876953125 -1.673495059435598
0.877197265625 -1.539185355652745
0.87744140625 0.1325182706912506
0.877685546875 1.238741989963959
0.8779296875 0.2844692853137259
0.878173828125 -1.189739423964828
0.87841796875 -0.9248134815519634
0.878662109375 0.5379144190833067
0.87890625 0.8300019353994211
0.879150390625 -0.505405075443696
0.87939453125 -1.618912632107725
0.879638671875 -1.432872401512038
0.8798828125 -0.780703081488425
0.880126953125 -0.3953118709381808
0.88037109375 -0.00835307418255221
0.880615234375 0.2146363667088763
0.880859375 -0.4793392488977928
0.881103515625 -1.570532546994617
0.88134765625 -1.324814393511602
0.881591796875 0.4667450910814576
0.8818359375 1.70833964245239
0.882080078125 0.9832501089813979
0.88232421875 -0.3602052493906756
0.882568359375 -0.2823230985493201
0.8828125 1.167186654201693
0.883056640625 2.34591462887182
0.88330078125 2.235785696414855
0.883544921875 1.112866127945687
0.8837890625 -0.1265787764259901
0.884033203125 -0.4830514016868764
0.88427734375 0.4692533378676468
0.884521484375 1.808826296880514
0.884765625 2.076760740532
0.885009765625 1.267220450104481
0.88525390625 0.8279668689665858
0.885498046875 1.272119664782784
0.8857421875 1.318951812568914
0.885986328125 0.1376332714833557
0.88623046875 -1.163775659756072
0.886474609375 -1.344091423909507
0.88671875 -0.8367933387527304
0.886962890625 -0.533198543884466
0.88720703125 -0.1700485328093447
0.887451171875 0.6445743515384095
0.8876953125 1.071681630260381
0.887939453125 0.3484403183995943
0.88818359375 -0.5399315202011172
0.888427734375 -0.1855970511281959
0.888671875 0.9892620250391945
0.888916015625 1.442833545625543
0.88916015625 0.868092763647289
0.889404296875 0.2064908312705261
0.8896484375 -0.2037391691713955
0.889892578125 -0.7985366080332363
0.89013671875 -1.353874180900035
0.890380859375 -1.049258497851882
0.890625 -0.02985187991363131
0.890869140625 0.5232956871800467
0.89111328125 0.09265394508303357
0.891357421875 -0.5614438426051617
0.8916015625 -0.6730914054200999
0.891845703125 -0.3640673433730702
0.89208984375 -0.09194140533696007
0.892333984375 -0.04142016799361094
0.892578125 -0.1967334905751204
0.892822265625 -0.3611237772839087
0.89306640625 -0.1346479314760158
0.893310546875 0.531995180213232
0.8935546875 0.9843851544247763
0.893798828125 0.7311355958858047
0.89404296875 0.3120483123171601
0.894287109375 0.472173420237907
0.89453125 0.834047523868293
0.894775390625 0.4223923123023867
0.89501953125 -0.6890650357808504
0.895263671875 -1.362146461457612
0.8955078125 -1.048347002305643
0.895751953125 -0.4354491142668024
0.89599609375 -0.2685710177529986
0.896240234375 -0.4234254051630031
0.896484375 -0.4426382081623779
0.896728515625 -0.2701743386202881
0.89697265625 -0.09871386491715638
0.897216796875 0.01006280104733903
0.8974609375 0.03408786827467791
0.897705078125 -0.1597256470984684
0.89794921875 -0.6101566617856897
0.898193359375 -1.021382497433786
0.8984375 -0.8937747171137475
0.898681640625 -0.03796058560134623
0.89892578125 0.9451304675990015
0.899169921875 1.004725538723453
0.8994140625 -0.08582461706612746
0.899658203125 -1.109672338025584
0.89990234375 -0.8384922665496957
0.900146484375 0.1817862467508546
0.900390625 0.3946668689867588
0.900634765625 -0.3586695154942815
0.90087890625 -0.6890559442981085
0.901123046875 -0.06792375894972839
0.9013671875 0.3962406196481874
0.901611328125 0.1339588759415645
0.90185546875 0.116476400436088
0.902099609375 0.7069664595051115
0.90234375 0.5432492895902267
0.902587890625 -0.9574948578207965
0.90283203125 -1.925143755711606
0.903076171875 -0.812496482110505
0.9033203125 0.8590527568821549
0.903564453125 0.8027951914766227
0.90380859375 -0.4421324400935766
0.904052734375 -0.7748911163248182
0.904296875 -0.1620479988971893
0.904541015625 -0.1111950094197138
0.90478515625 -0.3739410220055221
0.905029296875 0.6237908475637205
0.9052734375 2.331402841602181
0.905517578125 2.300946484506528
0.90576171875 0.1829466966093891
0.906005859375 -1.489330931358517
0.90625 -1.134360439372278
0.906494140625 0.005685996358180663
0.90673828125 0.5778867778043129
0.906982421875 0.9900413975747716
0.9072265625 1.528773150762685
0.907470703125 1.188800419914356
0.90771484375 -0.2312615522972157
0.907958984375 -1.076727442631665
0.908203125 -0.3521220166031561
0.908447265625 0.6138745824883284
0.90869140625 0.4150915618516205
0.908935546875 -0.3041544374030455
0.9091796875 -0.3631421993424496
0.909423828125 -0.003229861741512313
0.90966796875 0.09210858830658296
0.909912109375 0.1878584211978741
0.91015625 0.5222310132466534
0.910400390625 0.4130501784800842
0.91064453125 -0.3272547862092589
0.910888671875 -0.5530128103226666
0.9111328125 0.3116315628427788
0.911376953125 1.019903328270912
0.91162109375 0.5046889438024482
0.911865234375 -0.3851159371586885
0.912109375 -0.5452917079623479
0.912353515625 -0.422576655937779
0.91259765625 -0.6431482389939215
0.912841796875 -0.4766734018456117
0.9130859375 0.60809325190163
0.913330078125 1.423667066183624
0.91357421875 0.9383922042022554
0.913818359375 0.1508924519009566
0.9140625 0.2063344917215136
0.914306640625 0.2908173395468264
0.91455078125 -0.4614988321764329
0.914794921875 -0.7364437751708933
0.9150390625 0.6478863300329479
0.915283203125 1.827095194217758
0.91552734375 0.4558121557734567
0.915771484375 -2.013313004935254
0.916015625 -2.13876832679007
0.916259765625 0.0845890996097669
0.91650390625 1.329968363388776
0.916748046875 0.368924936317455
0.9169921875 -0.4528418105799094
0.917236328125 0.2336524272827789
0.91748046875 0.580003360099139
0.917724609375 -0.7627063959733662
0.91796875 -1.994379731653637
0.918212890625 -1.214757456972348
0.91845703125 0.4609152758021386
0.918701171875 0.9620282801285237
0.9189453125 0.4499908710244687
0.919189453125 0.3626906004812936
0.91943359375 0.8099248596040282
0.919677734375 0.8956770914719571
0.919921875 0.5058551871314358
0.920166015625 0.08292734460003776
0.92041015625 -0.414697568415361
0.920654296875 -0.9124504068141991
0.9208984375 -0.633999681240854
0.921142578125 0.4939555579589062
0.92138671875 0.9561127886075782
0.921630859375 -0.3116199967309473
0.921875 -1.989979252042876
0.922119140625 -2.097828858915571
0.92236328125 -0.8216488083514851
0.922607421875 0.05132444778539384
0.9228515625 -0.08490362891876677
0.923095703125 -0.1686047159232775
0.92333984375 0.4891648877526627
0.923583984375 1.235363126857855
0.923828125 1.217441593496296
0.924072265625 0.3918765247721298
0.92431640625 -0.6471397324793361
0.924560546875 -1.126059841512421
0.9248046875 -0.6255082938164955
0.925048828125 0.2658395951610614
0.92529296875 0.383736238070275
0.925537109375 -0.360931393652627
0.92578125 -0.6743583728535608
0.926025390625 0.04393152571328188
0.92626953125 0.587154325620973
0.926513671875 0.06400362720992801
0.9267578125 -0.3239251976689242
0.927001953125 0.6033359925624404
0.92724609375 1.471031501732132
0.927490234375 0.3377738228183058
0.927734375 -1.717864759909498
0.927978515625 -1.865906311471814
0.92822265625 -0.04082234310987794
0.928466796875 0.9274569514017342
0.9287109375 -0.01009432656258935
0.928955078125 -0.5852868524663916
0.92919921875 0.5863769902909828
0.929443359375 1.489298354387091
0.9296875 0.3438191365313236
0.929931640625 -1.035308204304048
0.93017578125 -0.2365048614520797
0.930419921875 1.46605619733801
0.9306640625 1.07998426573989
0.930908203125 -1.015515487657517
0.93115234375 -1.4500917640904
0.931396484375 0.7690419420800442
0.931640625 2.601867192390832
0.931884765625 1.568796138182674
0.93212890625 -0.7776649206960083
0.932373046875 -1.543095879626392
0.9326171875 -0.5942406055377225
0.932861328125 0.03230277162622409
0.93310546875 -0.4191062868969235
0.933349609375 -0.7657426671656915
0.93359375 -0.3592630394731753
0.933837890625 -0.1883338753941831
0.93408203125 -0.9849262537013095
0.934326171875 -1.718114969305405
0.9345703125 -1.060776313178253
0.934814453125 0.4132196756154673
0.93505859375 0.7961151048104831
0.935302734375 -0.4605508073646029
0.935546875 -1.683571212584405
0.935791015625 -1.354955137497386
0.93603515625 -0.2669457421153524
0.936279296875 -0.1717091079794359
0.9365234375 -0.9904227100280754
0.936767578125 -1.005768924230124
0.93701171875 0.2444119845454217
0.937255859375 1.121289529373287
0.9375 0.5475182737959569
0.937744140625 -0.2372657191610908
0.93798828125 0.2263105996716963
0.938232421875 1.22975996048509
0.9384765625 1.197012656309317
0.938720703125 0.2765801055724869
0.93896484375 -0.1702189934154167
0.939208984375 0.08537249342374122
0.939453125 0.1972381614066267
0.939697265625 0.1259787831460724
0.93994140625 0.4944479972337073
0.940185546875 0.8973397666696658
0.9404296875 0.409756665328489
0.940673828125 -0.4109085950701991
0.94091796875 -0.2260275159299044
0.941162109375 0.474700804201257
0.94140625 -0.03417156380447881
0.941650390625 -1.343053991617134
0.94189453125 -1.017735834101763
0.942138671875 1.175583377454434
0.9423828125 2.218802801549671
0.942626953125 0.4799355053243099
0.94287109375 -1.513604183083373
0.943115234375 -1.010965726727885
0.943359375 0.8641610062789619
0.943603515625 1.48017755245703
0.94384765625 0.8792283822390227
0.944091796875 0.655983875063346
0.9443359375 0.5577391571706461
0.944580078125 -0.4776146240072082
0.94482421875 -1.280593621339204
0.945068359375 0.0006601909700431913
0.9453125 2.155543211536776
0.945556640625 2.296838523982664
0.94580078125 0.530267725978631
0.946044921875 -0.3968788050346423
0.9462890625 0.0666321018667447
0.946533203125 -0.2885541718010537
0.94677734375 -1.782781070857925
0.947021484375 -1.767850334246386
0.947265625 0.5521311084926831
0.947509765625 2.104292735740344
0.94775390625 0.7276799714693409
0.947998046875 -1.38550680163804
0.9482421875 -1.391208436528578
0.948486328125 -0.02335252928685784
0.94873046875 0.5430762586532052
0.948974609375 0.54132794113625
0.94921875 1.293372301628139
0.949462890625 1.97489624063121
0.94970703125 0.9476834565412171
0.949951171875 -0.8804373634320878
0.9501953125 -1.14780274504904
0.950439453125 0.164748394083717
0.95068359375 0.8855850675989033
0.950927734375 0.284704673606043
0.951171875 -0.1235421474212963
0.951416015625 0.5144903242833813
0.95166015625 1.075670137280516
0.951904296875 0.5171925848307648
0.9521484375 -0.5897964562031822
0.952392578125 -1.134033736484326
0.95263671875 -0.7987834572797403
0.952880859375 -0.01731944163145265
0.953125 0.468914326716468
0.953369140625 0.05266690894619416
0.95361328125 -0.9329110355635662
0.953857421875 -1.269308839795794
0.9541015625 -0.5663487153919566
0.954345703125 -0.1281048506185299
0.95458984375 -0.9570899006266839
0.954833984375 -1.874788186085103
0.955078125 -1.217730126420059
0.955322265625 0.4529007244011887
0.95556640625 1.21249525554631
0.955810546875 0.7176204596652322
0.9560546875 0.2893354087404439
0.956298828125 0.4660930383272201
0.95654296875 0.5386185222489562
0.956787109375 0.3350741102413794
0.95703125 0.4317851654648845
0.957275390625 0.620476093333771
0.95751953125 0.1312551347743755
0.957763671875 -0.614751390545609
0.9580078125 -0.4544103117978382
0.958251953125 0.2940934753461684
0.95849609375 0.1495721651499085
0.958740234375 -0.8441724152697393
0.958984375 -0.9660311690222942
0.959228515625 0.238757705736234
0.95947265625 1.066619787370135
0.959716796875 0.3854913628374481
0.9599609375 -0.7812915456073258
0.960205078125 -1.210538888048482
0.96044921875 -1.146244980903839
0.960693359375 -1.152813081893674
0.9609375 -1.02611386752773
0.961181640625 -0.6790645528030077
0.96142578125 -0.5056403093843217
0.961669921875 -0.2173836156412284
0.9619140625 0.9141111197004838
0.962158203125 2.065538026002335
0.96240234375 1.243413175888165
0.962646484375 -1.404622175163662
0.962890625 -2.878445061123514
0.963134765625 -1.296126557736039
0.96337890625 1.415462466978322
0.963623046875 2.34555452641846
0.9638671875 1.293942678543018
0.964111328125 -0.0139683150769357
0.96435546875 -0.6862825999813423
0.964599609375 -0.7992831198331362
0.96484375 -0.2674988858402673
0.965087890625 0.5287085339667772
0.96533203125 0.2854423587630386
0.965576171875 -1.233195325463335
0.9658203125 -2.064275143070585
0.966064453125 -0.8158034989307652
0.96630859375 0.8018758491177017
0.966552734375 0.4319483189624882
0.966796875 -1.15342010656622
0.967041015625 -1.308950573402424
0.96728515625 0.2171359270314208
0.967529296875 1.014838463572584
0.9677734375 -0.1221028916306328
0.968017578125 -1.588943138422881
0.96826171875 -1.60225908641081
0.968505859375 -0.4097883625269766
0.96875 0.6909298074472907
0.968994140625 1.028976429649038
0.96923828125 0.752568188424288
0.969482421875 0.3958372800770119
0.9697265625 0.4794978180145106
0.969970703125 0.848366167737453
0.97021484375 0.7250987036823747
0.970458984375 0.1247185168675289
0.970703125 0.3178373472852701
0.970947265625 1.743135823237888
0.97119140625 2.608798887670256
0.971435546875 1.304405955839179
0.9716796875 -0.7944364497639566
0.971923828125 -1.060139641495226
0.97216796875 0.5538094851989409
0.972412109375 1.735702691564922
0.97265625 1.42426707689099
0.972900390625 0.7135339219552894
0.97314453125 0.303101129480549
0.973388671875 -0.3565357513944493
0.9736328125 -1.127896780022698
0.973876953125 -0.9220612631799027
0.97412109375 0.06866583964894023
0.974365234375 0.2093406858707518
0.974609375 -0.785695659901433
0.974853515625 -1.099698080952562
0.97509765625 0.2877484037715839
0.975341796875 2.00067697428432
0.9755859375 2.507133455323234
0.975830078125 2.036460784275511
0.97607421875 1.301935761299241
0.976318359375 0.2321027557490799
0.9765625 -0.919239935757269
0.976806640625 -1.044135571513689
0.97705078125 -0.03189074168470928
0.977294921875 0.5058218141519938
0.9775390625 -0.3432940547643425
0.977783203125 -1.203555283806671
0.97802734375 -0.6058252923630203
0.978271484375 0.6909142174170286
0.978515625 1.05795108833448
0.978759765625 0.4292034614033765
0.97900390625 -0.142594966450884
0.979248046875 -0.3520498997663883
0.9794921875 -0.5945974484988642
0.979736328125 -0.8115865545665975
0.97998046875 -0.6854597494514069
0.980224609375 -0.4631836409085061
0.98046875 -0.6235282710995119
0.980712890625 -1.179825493085053
0.98095703125 -1.818932509005312
0.981201171875 -2.065122101822189
0.9814453125 -1.210727561995736
0.981689453125 0.7265096125770646
0.98193359375 2.009134851052031
0.982177734375 0.946636258314809
0.982421875 -1.205853335139382
0.982666015625 -1.451628824713565
0.98291015625 0.3927422613279816
0.983154296875 1.227773550286969
0.9833984375 -0.2177065421179577
0.983642578125 -1.151211633908799
0.98388671875 0.4325349175535145
0.984130859375 2.044334208479196
0.984375 0.8425932486067086
0.984619140625 -1.448871569586829
0.98486328125 -1.518707392056283
0.985107421875 -0.06508670232401723
0.9853515625 -0.1380466009573985
0.985595703125 -1.48649880922813
0.98583984375 -1.237871655293791
0.986083984375 0.5227810965820781
0.986328125 0.66750816623167
0.986572265625 -1.346061853240536
0.98681640625 -2.399696430683149
0.987060546875 -1.11442013322261
0.9873046875 0.01870801300817408
0.987548828125 -0.672767435517674
0.98779296875 -1.237455966213598
0.988037109375 0.04707904659702142
0.98828125 1.530330093410789
0.988525390625 1.234996539063576
0.98876953125 0.1101488117800622
0.989013671875 -0.1962250893884962
0.9892578125 -0.2801317142710814
0.989501953125 -1.174902748776065
0.98974609375 -1.793475934263874
0.989990234375 -0.8101409325728687
0.990234375 0.6609733775895164
0.990478515625 0.8295937319485733
0.99072265625 0.1928975062633765
0.990966796875 0.2580546628504525
0.9912109375 0.63665437221315
0.991455078125 -0.02182075511262193
0.99169921875 -1.241225830433303
0.991943359375 -1.42351669788113
0.9921875 -0.5979607856123009
0.992431640625 -0.04561092151964347
0.99267578125 0.2007279582072841
0.992919921875 1.05432983575291
0.9931640625 2.013944721676455
0.993408203125 1.581629655209717
0.99365234375 -0.05498831713355806
0.993896484375 -1.056515753597761
0.994140625 -0.7336974733801115
0.994384765625 -0.1947101405608717
0.99462890625 -0.06409717581305133
0.994873046875 0.3166645021680252
0.9951171875 1.094527027206358
0.995361328125 1.384386318634144
0.99560546875 1.074545773674106
0.995849609375 1.236628593063175
0.99609375 2.09666621862821
0.996337890625 2.434006624081532
0.99658203125 1.7567889145231
0.996826171875 1.252353691971405
0.9970703125 1.59945654752809
0.997314453125 1.631487360940083
0.99755859375 0.5108951410241893
0.997802734375 -0.3708225353351157
0.998046875 0.5900210432686582
0.998291015625 2.415968418871213
0.99853515625 2.699578856186139
0.998779296875 0.9998246586674133
0.9990234375 -0.7431321249394307
0.999267578125 -1.065005484215435
0.99951171875 -0.5758160061855344
0.999755859375 -0.4642155299248223
1 -0.8570177957905055
1.000244140625 -1.227941737877736
1.00048828125 -1.336852625318983
1.000732421875 -1.090702329499347
1.0009765625 -0.309870680457578
1.001220703125 0.6633896014375492
1.00146484375 0.8267897996065152
1.001708984375 -0.1989402684182278
1.001953125 -1.285065830146585
1.002197265625 -1.114819694989074
1.00244140625 -0.01873937597945168
1.002685546875 0.5704072903848556
1.0029296875 0.3079345522196852
1.003173828125 0.2677216151084022
1.00341796875 0.863398799231553
1.003662109375 0.9076763191081976
1.00390625 -0.3945191934052548
1.004150390625 -1.757993333976437
1.00439453125 -1.486953140566894
1.004638671875 -0.04987867134199711
1.0048828125 0.5938010930183589
1.005126953125 -0.1280448956412872
1.00537109375 -0.8700788122730982
1.005615234375 -0.7218370571854854
1.005859375 -0.3757259126712191
1.006103515625 -0.5343437096512837
1.00634765625 -0.7522185330671873
1.006591796875 -0.5875202515164274
1.0068359375 -0.4964407556363041
1.007080078125 -0.693413999641992
1.00732421875 -0.4260847185887308
1.007568359375 0.5466111319316831
1.0078125 0.9645399678462344
1.008056640625 -0.1341512108132684
1.00830078125 -1.609948814226321
1.008544921875 -1.688597409184444
1.0087890625 -0.5167636403741328
1.009033203125 0.2664558223563834
1.00927734375 0.02117206798174086
1.009521484375 -0.3927152718320963
1.009765625 -0.3773133958828176
1.010009765625 -0.3128796082728368
1.01025390625 -0.4195634164975764
1.010498046875 -0.2521913685404449
1.0107421875 0.3401254351468196
1.010986328125 0.7512161821624112
1.01123046875 0.4605989936805689
1.011474609375 -0.3060644884912934
1.01171875 -0.8923975629840329
1.011962890625 -0.7524092015705839
1.01220703125 0.1207935571448082
1.012451171875 0.8854112922104345
1.0126953125 0.5148436425768789
1.012939453125 -0.6664828525382288
1.01318359375 -0.9823599631609816
1.013427734375 0.1866278966704851
1.013671875 1.11983282447506
1.013916015625 0.2602928440464515
1.01416015625 -1.171318383187653
1.014404296875 -1.033393381042352
1.0146484375 0.2361568564603901
1.014892578125 0.4936680405545777
1.01513671875 -0.2929147330620128
1.015380859375 -0.08349362897799369
1.015625 1.29689765207416
1.015869140625 1.503184187568483
1.01611328125 -0.1766813801457127
1.016357421875 -1.197361459183731
1.0166015625 0.09827029191702234
1.016845703125 1.586814569328644
1.01708984375 0.8525085037515385
1.017333984375 -0.8399503380823915
1.017578125 -0.7742239021038427
1.017822265625 0.801781697849854
1.01806640625 1.464050961768516
1.018310546875 0.7217172647034064
1.0185546875 0.3550765385372705
1.018798828125 1.074507528570737
1.01904296875 1.550759944615611
1.019287109375 0.8351177243306053
1.01953125 -0.4545983343853613
1.019775390625 -1.468464254833176
1.02001953125 -1.810255568314619
1.020263671875 -1.037449283072237
1.0205078125 0.6635527968292575
1.020751953125 1.595836426545135
1.02099609375 0.4164631823965159
1.021240234375 -1.401166951375383
1.021484375 -1.303477361256288
1.021728515625 0.3392078988033289
1.02197265625 0.7050265022727028
1.022216796875 -0.8429085913264474
1.0224609375 -1.716248977268514
1.022705078125 -0.5366771887659579
1.02294921875 0.5930284220649629
1.023193359375 -0.1426337784386513
1.0234375 -1.18434934410889
1.023681640625 -0.5094962253553076
1.02392578125 0.8909006880270244
1.024169921875 1.111004927993282
1.0244140625 0.8191378367458718
1.024658203125 1.611017797894897
1.02490234375 2.486913736288408
1.025146484375 1.375402922702851
1.025390625 -0.7934079897801926
1.025634765625 -1.115813206149288
1.02587890625 0.4905089049910875
1.026123046875 1.105944448206997
1.0263671875 -0.2809767113358653
1.026611328125 -1.236016717516339
1.02685546875 -0.1946637880673886
1.027099609375 1.070938836864456
1.02734375 0.8835025234064678
1.027587890625 0.4856859296548778
1.02783203125 1.268539310871506
1.028076171875 1.821824970882791
1.0283203125 0.4651273859431784
1.028564453125 -1.304314024329325
1.02880859375 -0.9826529594917338
1.029052734375 0.628751454953138
1.029296875 0.5428119349614173
1.029541015625 -1.525098698521651
1.02978515625 -2.619249058247698
1.030029296875 -1.141172133426396
1.0302734375 0.9056642698574195
1.030517578125 1.125747904340856
1.03076171875 -0.1552318240672641
1.031005859375 -1.145080382725074
1.03125 -1.153139642673276
1.031494140625 -0.6623167305295041
1.03173828125 -0.1488744955762591
1.031982421875 0.04095057016853888
1.0322265625 -0.4023651363247179
1.032470703125 -1.109588099734195
1.03271484375 -1.157985210910039
1.032958984375 -0.4467099619005474
1.033203125 0.01678714388301314
1.033447265625 -0.298285114055293
1.03369140625 -0.7275359477591199
1.033935546875 -0.798697938486904
1.0341796875 -0.9579097027330596
1.034423828125 -1.204433136897035
1.03466796875 -0.574949035398121
1.034912109375 0.9430183193734758
1.03515625 1.58013556775043
1.035400390625 0.3199811076346901
1.03564453125 -1.194323505193883
1.035888671875 -1.026043204936996
1.0361328125 0.1260619010649045
1.036376953125 0.4346814283857587
1.03662109375 0.1771528012353822
1.036865234375 0.9007101387137554
1.037109375 2.130983494559
1.037353515625 1.868958197552162
1.03759765625 0.2608585618833001
1.037841796875 -0.2901691788742636
1.0380859375 0.8108295370003554
1.038330078125 1.222528723332232
1.03857421875 -0.252674002115479
1.038818359375 -1.401937620959345
1.0390625 -0.3081039565013904
1.039306640625 1.21579325660619
1.03955078125 0.4738556248201578
1.039794921875 -1.643424920426542
1.0400390625 -1.994804265427164
1.040283203125 -0.04023437661670786
1.04052734375 1.607739219120014
1.040771484375 1.276605008796572
1.041015625 0.1305172365528957
1.041259765625 -0.373009954649593
1.04150390625 -0.441031080819676
1.041748046875 -0.5311156767469077
1.0419921875 -0.1206549762063641
1.042236328125 0.8583973648272736
1.04248046875 1.027720571599921
1.042724609375 -0.4672320124926977
1.04296875 -2.137818997548211
1.043212890625 -1.938425409969726
1.04345703125 -0.2584838475131677
1.043701171875 0.4748516424904844
1.0439453125 -0.9091589905659785
1.044189453125 -2.824924140826802
1.04443359375 -3.058291882977449
1.044677734375 -1.35752168563126
1.044921875 0.6674975104147934
1.045166015625 1.547223504141054
1.04541015625 1.149128964374646
1.045654296875 0.2075473880091985
1.0458984375 -0.5572718731715777
1.046142578125 -0.732306379433463
1.04638671875 -0.2411141168078386
1.046630859375 0.4946158133922136
1.046875 0.757199666812901
1.047119140625 0.383766614042833
1.04736328125 0.1764213118395053
1.047607421875 0.8377834645101907
1.0478515625 1.679613759094666
1.048095703125 1.348131395798884
1.04833984375 -0.02394186926983596
1.048583984375 -0.587202150490486
1.048828125 0.6278795208330941
1.049072265625 2.045105789795923
1.04931640625 1.683895367508435
1.049560546875 0.0685444001510275
1.0498046875 -0.6500044645523158
1.050048828125 0.008565941632223307
1.05029296875 0.4272025331818662
1.050537109375 -0.136207775490602
1.05078125 -0.2938097515627089
1.051025390625 0.8921605683260143
1.05126953125 1.959925098665814
1.051513671875 1.162511216315738
1.0517578125 -0.7656474563068245
1.052001953125 -1.64546957558806
1.05224609375 -0.8853460484903338
1.052490234375 0.1751248320060165
1.052734375 0.521413798421714
1.052978515625 0.4633274328931882
1.05322265625 0.5064135774499443
1.053466796875 0.6839116344929601
1.0537109375 1.074650682137603
1.053955078125 1.686967970696551
1.05419921875 1.740477923853315
1.054443359375 0.3958633119250975
1.0546875 -1.562559021015439
1.054931640625 -2.120716885108439
1.05517578125 -0.6079928196777503
1.055419921875 1.287987931486103
1.0556640625 1.676032259815163
1.055908203125 0.6164675044064343
1.05615234375 -0.4995311829584316
1.056396484375 -0.7735048197096387
1.056640625 -0.2905731338850014
1.056884765625 0.4037056463518934
1.05712890625 0.6095582679951542
1.057373046875 -0.0517348933353231
1.0576171875 -0.8800610580444732
1.057861328125 -0.5810133382650919
1.05810546875 0.9122277906902794
1.058349609375 2.00289705209107
1.05859375 1.528424976877949
1.058837890625 0.3272287493322731
1.05908203125 -0.1720828566614376
1.059326171875 0.07911364845314042
1.0595703125 0.3007822667222261
1.059814453125 0.4255044503346723
1.06005859375 0.7001480724635725
1.060302734375 0.5747382543811583
1.060546875 -0.3988644742641886
1.060791015625 -1.173302212648691
1.06103515625 -0.4790523176751831
1.061279296875 0.9027524316030598
1.0615234375 1.03390503055899
1.061767578125 -0.179266820461197
1.06201171875 -0.8930026587865167
1.062255859375 -0.3454991445449157
1.0625 0.1506553429417575
1.062744140625 -0.2837012151091404
1.06298828125 -0.7008355429130606
1.063232421875 -0.323197827906465
1.0634765625 -0.01732735786407602
1.063720703125 -0.5984532734644216
1.06396484375 -1.289958082469672
1.064208984375 -1.143480112923285
1.064453125 -0.5911038964558187
1.064697265625 -0.3580281943398871
1.06494140625 -0.2136494499231778
1.065185546875 -0.04835409340404351
1.0654296875 -0.6898639547704079
1.065673828125 -2.175346076384877
1.06591796875 -2.738770589352981
1.066162109375 -1.290016885436678
1.06640625 0.5337838357456819
1.066650390625 0.7917172630861623
1.06689453125 0.2854475664341348
1.067138671875 0.7981642338036653
1.0673828125 1.617177590569559
1.067626953125 0.7797753444833664
1.06787109375 -1.056778280099522
1.068115234375 -1.327274075875162
1.068359375 0.08294965042566817
1.068603515625 0.6179009063253518
1.06884765625 -0.5226131482382347
1.069091796875 -1.211795960079392
1.0693359375 -0.4239809225204865
1.069580078125 0.08492921311225764
1.06982421875 -0.5684995538199832
1.070068359375 -0.5734018728854515
1.0703125 0.8429605005497304
1.070556640625 1.28507413473936
1.07080078125 -0.6399453903783451
1.071044921875 -2.194105984301195
1.0712890625 -0.7838509146579621
1.071533203125 1.395566830392347
1.07177734375 0.8212091650594435
1.072021484375 -1.484769095053072
1.072265625 -1.912568052119026
1.072509765625 -0.4981835351620422
1.07275390625 -0.3369292127297447
1.072998046875 -1.558960010016484
1.0732421875 -1.131987504554596
1.073486328125 1.12162253662771
1.07373046875 1.673881128862252
1.073974609375 -0.3356147961195063
1.07421875 -1.148228899074535
1.074462890625 0.994122698439279
1.07470703125 2.329326818860725
1.074951171875 -0.05784850866224639
1.0751953125 -2.889860331206943
1.075439453125 -1.99426557899386
1.07568359375 0.7767759071855441
1.075927734375 0.9810755328568733
1.076171875 -0.8294705108289793
1.076416015625 -0.6408695009194766
1.07666015625 1.523156773006563
1.076904296875 1.685179731966453
1.0771484375 -0.7729185838174627
1.077392578125 -1.823973145867825
1.07763671875 0.2413159357389562
1.077880859375 2.051948188052814
1.078125 1.170267469416841
1.078369140625 -0.1306121716310189
1.07861328125 0.3695988345675738
1.078857421875 0.830148281948224
1.0791015625 -0.6471293134499376
1.079345703125 -1.925697630562381
1.07958984375 -0.612373947778291
1.079833984375 1.239449792734493
1.080078125 0.4876907023014717
1.080322265625 -1.454966214561921
1.08056640625 -0.9454877064741612
1.080810546875 1.527697784430127
1.0810546875 2.127942022425652
1.081298828125 0.1321389426007372
1.08154296875 -1.154943597105914
1.081787109375 -0.1322767668664093
1.08203125 0.9316667380361475
1.082275390625 0.3533290523518436
1.08251953125 -0.4280853444217413
1.082763671875 -0.1913541701012562
1.0830078125 -0.1547765995736116
1.083251953125 -1.023939634204649
1.08349609375 -1.070274339121252
1.083740234375 0.6429527534691936
1.083984375 1.926228347459216
1.084228515625 0.8369493580872216
1.08447265625 -0.9663624647188812
1.084716796875 -0.9176871247470394
1.0849609375 0.3556855218601696
1.085205078125 0.5253307853763426
1.08544921875 -0.3176665992572124
1.085693359375 -0.1671848826824435
1.0859375 1.053672931876977
1.086181640625 1.268930610000367
1.08642578125 -0.1666684868883468
1.086669921875 -1.404489643007447
1.0869140625 -1.070410015179237
1.087158203125 -0.02768522941271183
1.08740234375 0.4971456769270935
1.087646484375 0.6494252712980649
1.087890625 0.9559661991590178
1.088134765625 1.11443701036837
1.08837890625 0.7351566660479295
1.088623046875 0.2356919999263959
1.0888671875 0.15098403511217
1.089111328125 0.299230119094749
1.08935546875 0.2723242594831772
1.089599609375 0.1268966548505601
1.08984375 0.0840181069721166
1.090087890625 0.1133073700560593
1.09033203125 0.2262129685596535
1.090576171875 0.6125594227442418
1.0908203125 1.098552997991295
1.091064453125 1.075907955149889
1.09130859375 0.4700849549691346
1.091552734375 0.219326322088762
1.091796875 1.080350792394012
1.092041015625 2.276037914759168
1.09228515625 2.203119961475976
1.092529296875 0.596083631401668
1.0927734375 -0.8495021054137893
1.093017578125 -0.5974098597650106
1.09326171875 0.5975203369006958
1.093505859375 0.7373623466366727
1.09375 -0.4193315348013398
1.093994140625 -0.9105740062746541
1.09423828125 0.2959100136790948
1.094482421875 1.378906314540692
1.0947265625 0.4083042556182714
1.094970703125 -1.320808574924145
1.09521484375 -1.061208109123147
1.095458984375 0.9367263494141094
1.095703125 1.646747779056335
1.095947265625 0.1152029298972207
1.09619140625 -1.077655382822631
1.096435546875 -0.3064142650408032
1.0966796875 0.3097815508368369
1.096923828125 -1.289980018057836
1.09716796875 -3.249673461036081
1.097412109375 -2.669676152037014
1.09765625 -0.3842888786403747
1.097900390625 0.4537710353927273
1.09814453125 -0.6194124810043066
1.098388671875 -1.213818069829923
1.0986328125 -0.3969399252338612
1.098876953125 0.2323199677228197
1.09912109375 -0.1395039250383943
1.099365234375 -0.3480544000199585
1.099609375 0.09192300807206404
1.099853515625 0.05593720850937885
1.10009765625 -0.6540029994951077
1.100341796875 -0.5404114743562061
1.1005859375 0.7851580570189629
1.100830078125 1.530985973447581
1.10107421875 0.6986017306695066
1.101318359375 -0.1914575972656918
1.1015625 0.2199030775144998
1.101806640625 0.8776066377859764
1.10205078125 0.4308387696799295
1.102294921875 -0.2798362244624028
1.1025390625 0.1990779093193735
1.102783203125 1.290169864551116
1.10302734375 1.310151003379266
1.103271484375 0.1192513952066115
1.103515625 -0.9116949064903326
1.103759765625 -0.9810671032486388
1.10400390625 -0.4882667532779175
1.104248046875 -0.080058267027991
1.1044921875 -0.1527935317965164
1.104736328125 -0.7785681787429861
1.10498046875 -1.35365381422096
1.105224609375 -1.074714328767417
1.10546875 -0.3437198287029662
1.105712890625 -0.529406211940363
1.10595703125 -1.645052955352339
1.106201171875 -1.823589937651485
1.1064453125 -0.2104590217287847
1.106689453125 1.28919643451225
1.10693359375 0.7497260353146539
1.107177734375 -0.7619502953024382
1.107421875 -0.8612798222647884
1.107666015625 0.581036585178164
1.10791015625 1.640522150715
1.108154296875 1.381048301663151
1.1083984375 0.6342768140469691
1.108642578125 0.1687636620233633
1.10888671875 -0.01575484988979887
1.109130859375 0.1690314669897589
1.109375 0.749347948417895
1.109619140625 0.9383170386208657
1.10986328125 0.1217770437857939
1.110107421875 -0.7720648358933352
1.1103515625 -0.5145509941563836
1.110595703125 0.2833680502470396
1.11083984375 0.1224049984635155
1.111083984375 -0.698746997988732
1.111328125 -0.4788899055384567
1.111572265625 0.8899367580813914
1.11181640625 1.553030540108614
1.112060546875 0.6395697405983177
1.1123046875 -0.5027171172877506
1.112548828125 -0.6014576810992229
1.11279296875 -0.1175568666409491
1.113037109375 0.1178700926190434
1.11328125 0.2401781069599147
1.113525390625 0.4657080022924796
1.11376953125 0.2958179398617867
1.114013671875 -0.5064212375666343
1.1142578125 -1.265937333884299
1.114501953125 -1.415338373688993
1.11474609375 -1.170762247500272
1.114990234375 -0.765520279825214
1.115234375 -0.1240761444962095
1.115478515625 0.3798671449422515
1.11572265625 0.1063448147313161
1.115966796875 -0.5959169573665332
1.1162109375 -0.677535504331686
1.116455078125 -0.1726524095734534
1.11669921875 -0.1120703621109348
1.116943359375 -0.4304396680183008
1.1171875 0.06253153393965484
1.117431640625 1.162134054298465
1.11767578125 1.067219350226173
1.117919921875 -0.3747099491329949
1.1181640625 -0.7755444011950158
1.118408203125 0.9183330186735242
1.11865234375 2.240795129823251
1.118896484375 1.077221644988553
1.119140625 -0.7058493675806626
1.119384765625 -0.3731450597205201
1.11962890625 1.021159664834157
1.119873046875 0.6743917811667232
1.1201171875 -0.747222646642044
1.120361328125 -0.2005848700699745
1.12060546875 1.931381595603928
1.120849609375 1.805808568052154
1.12109375 -1.347765016841731
1.121337890625 -3.243150717893952
1.12158203125 -1.117262208430523
1.121826171875 1.713095830416268
1.1220703125 0.9427674046766983
1.122314453125 -2.173743629246076
1.12255859375 -3.139228157559915
1.122802734375 -1.083194344643723
1.123046875 0.7525218044222594
1.123291015625 0.500949532682423
1.12353515625 -0.3600736577333627
1.123779296875 -0.5716734258897406
1.1240234375 -0.9065441653100333
1.124267578125 -1.600771204249032
1.12451171875 -1.258115024462232
1.124755859375 0.3081957123393749
1.125 0.9375586912287334
1.125244140625 -0.4821422386228507
1.12548828125 -1.91075077334695
1.125732421875 -1.383439206774404
1.1259765625 -0.1287855597976254
1.126220703125 -0.1570878502862252
1.12646484375 -0.7088319691962012
1.126708984375 0.06271147266455025
1.126953125 1.371411209316113
1.127197265625 1.058241828344032
1.12744140625 -0.2727108508521533
1.127685546875 0.01590379866346478
1.1279296875 1.801336249995366
1.128173828125 1.900922152731945
1.12841796875 -0.6117494128344563
1.128662109375 -2.451933102337871
1.12890625 -1.217474062748017
1.129150390625 0.8301120810381644
1.12939453125 0.596367179045838
1.129638671875 -0.9088817334782866
1.1298828125 -0.6580796598587945
1.130126953125 1.175655280261061
1.13037109375 1.660855453655419
1.130615234375 0.02747411449894457
1.130859375 -1.295415167772272
1.131103515625 -0.6964963428058689
1.13134765625 0.5310952132317568
1.131591796875 0.7672330996080303
1.1318359375 0.2888950725771356
1.132080078125 0.0340446868142313
1.13232421875 0.09892350424059235
1.132568359375 0.3714607373075844
1.1328125 1.067899194546484
1.133056640625 1.858520657321343
1.13330078125 1.865774774028299
1.133544921875 1.130842571444019
1.1337890625 0.6708294641429473
1.134033203125 0.6366435450806233
1.13427734375 0.06704287862098299
1.134521484375 -0.9940746290617416
1.134765625 -1.062335480011107
1.135009765625 0.2064970525664291
1.13525390625 0.9769521528815845
1.135498046875 0.1125374595184612
1.1357421875 -0.7339306579565978
1.135986328125 0.3241851083658444
1.13623046875 2.219731695328498
1.136474609375 2.367517829508117
1.13671875 0.4226067741358376
1.136962890625 -1.375402677861346
1.13720703125 -1.216078230587334
1.137451171875 0.5368922018401366
1.1376953125 2.306710708517489
1.137939453125 2.657468464238969
1.13818359375 1.079806508119387
1.138427734375 -1.294528640389454
1.138671875 -2.206992454052639
1.138916015625 -0.7498242710667762
1.13916015625 1.20554781616502
1.139404296875 1.350979972170319
1.1396484375 0.02853053761899201
1.139892578125 -0.6087024236839533
1.14013671875 0.0691747902954727
1.140380859375 0.5691004695879137
1.140625 -0.1685459576022648
1.140869140625 -1.449787342226643
1.14111328125 -2.185872716661946
1.141357421875 -2.01572943004294
1.1416015625 -0.9874653612142071
1.141845703125 0.4244383557147298
1.14208984375 1.008237878789532
1.142333984375 0.04182154577822942
1.142578125 -1.23440068492299
1.142822265625 -0.9826984585856208
1.14306640625 0.5273845512944602
1.143310546875 1.410937020292719
1.1435546875 1.210078782144393
1.143798828125 1.198166884587503
1.14404296875 1.539013495505714
1.144287109375 0.7917965071878327
1.14453125 -1.058897769803829
1.144775390625 -1.81376002372804
1.14501953125 -0.5709592496379443
1.145263671875 0.5753927679253404
1.1455078125 0.07292636972127776
1.145751953125 -0.365694113504703
1.14599609375 1.083274887758681
1.146240234375 2.6762555243172
1.146484375 1.616642199315278
1.146728515625 -1.161378833675718
1.14697265625 -2.070355677766716
1.147216796875 -0.2495572353470513
1.1474609375 1.354238259186087
1.147705078125 0.5876105310422737
1.14794921875 -1.086348238861739
1.148193359375 -1.318904525748896
1.1484375 -0.1812123126179019
1.148681640625 0.6238921673610924
1.14892578125 0.4119640325233064
1.149169921875 0.01032029961113026
1.1494140625 0.2696224814180287
1.149658203125 1.03817474289954
1.14990234375 1.429909062235792
1.150146484375 0.7922412211929583
1.150390625 -0.4335269130932652
1.150634765625 -1.002996396682498
1.15087890625 -0.39648397430548
1.151123046875 0.4147706852606108
1.1513671875 0.3558144892674915
1.151611328125 -0.2637314398109349
1.15185546875 -0.5764662806625462
1.152099609375 -0.6934767241120837
1.15234375 -1.088792930752405
1.152587890625 -1.156619780858843
1.15283203125 -0.09793562956300508
1.153076171875 1.189399635160714
1.1533203125 1.051113282128339
1.153564453125 -0.2152380361600349
1.15380859375 -0.6400131696373111
1.154052734375 0.2681507967401129
1.154296875 0.7834978267137941
1.154541015625 -0.1154357267054492
1.15478515625 -1.197117301697525
1.155029296875 -1.221385469708582
1.1552734375 -0.7801837681114802
1.155517578125 -0.7491035726486153
1.15576171875 -0.6458290166198476
1.156005859375 0.09084694434176481
1.15625 0.6444132588505906
1.156494140625 0.1350743448525276
1.15673828125 -0.7461131100696946
1.156982421875 -0.8452284558182754
1.1572265625 -0.344196533707602
1.157470703125 -0.1227991243263631
1.15771484375 -0.1970764655941712
1.157958984375 -0.114656209149472
1.158203125 -0.1337647368947888
1.158447265625 -0.6977809034278044
1.15869140625 -1.367827240678083
1.158935546875 -1.468813298026117
1.1591796875 -1.195524438385802
1.159423828125 -1.016523294302157
1.15966796875 -0.7002346696556059
1.159912109375 -0.01596972884817821
1.16015625 0.4175722497910512
1.160400390625 0.169256770277876
1.16064453125 0.01043450396824365
1.160888671875 0.5824661265594949
1.1611328125 0.9699063421735861
1.161376953125 0.1507306484385602
1.16162109375 -0.9821778165674455
1.161865234375 -0.8546358965230348
1.162109375 0.1802387617387012
1.162353515625 0.4476938810827245
1.16259765625 -0.2243523861100924
1.162841796875 -0.4039703701101311
1.1630859375 0.2657222335404143
1.163330078125 0.4444757108521338
1.16357421875 -0.4466294485924605
1.163818359375 -1.106920864811888
1.1640625 -0.4621296007093215
1.164306640625 0.6764557848729513
1.16455078125 0.9517361790851895
1.164794921875 0.310371277585872
1.1650390625 -0.3037079630730128
1.165283203125 -0.3040873401838196
1.16552734375 0.07436660379786476
1.165771484375 0.1266827690542136
1.166015625 -0.6445452165984121
1.166259765625 -1.628569593770771
1.16650390625 -1.244726539661168
1.166748046875 0.9761402696961414
1.1669921875 2.949880037731822
1.167236328125 2.287676756490534
1.16748046875 -0.2804644013645283
1.167724609375 -1.712238731490981
1.16796875 -0.9364354126663269
1.168212890625 -0.01383865798222464
1.16845703125 -0.4548601291871726
1.168701171875 -0.9200558159440223
1.1689453125 0.0381832444819185
1.169189453125 1.239961976766438
1.16943359375 0.9342816324943647
1.169677734375 -0.1244974165732795
1.169921875 -0.05685454981132644
1.170166015625 0.7883761865940723
1.17041015625 0.4551273204394984
1.170654296875 -1.051465159850301
1.1708984375 -1.40048326781074
1.171142578125 0.4716143249486597
1.17138671875 2.549483389554218
1.171630859375 2.442965786553359
1.171875 0.4098253031059009
1.172119140625 -1.373467206094066
1.17236328125 -1.575755295699456
1.172607421875 -0.6915726911593959
1.1728515625 0.1837385229534414
1.173095703125 0.5406225505667034
1.17333984375 0.470346497281622
1.173583984375 0.2027344165029956
1.173828125 -0.09807906533430932
1.174072265625 -0.2957110874083181
1.17431640625 -0.2592851682643826
1.174560546875 0.03967960574732131
1.1748046875 0.4289424626010523
1.175048828125 0.6549994526181036
1.17529296875 0.6580621123982779
1.175537109375 0.614581926236611
1.17578125 0.6609616171928717
1.176025390625 0.7333880978560221
1.17626953125 0.7363612741810343
1.176513671875 0.6751973081794553
1.1767578125 0.5514907229041834
1.177001953125 0.3455092858115036
1.17724609375 0.1856976058292982
1.177490234375 0.2940752756026426
1.177734375 0.6366962636420135
1.177978515625 0.8377458719433614
1.17822265625 0.5890972201382855
1.178466796875 0.0180699906996902
1.1787109375 -0.4501069541815747
1.178955078125 -0.5328313053104416
1.17919921875 -0.3636532291220437
1.179443359375 -0.2963942708623681
1.1796875 -0.3447803445645361
1.179931640625 -0.01510094373985016
1.18017578125 0.8482334136799512
1.180419921875 1.252358854138494
1.1806640625 0.08465137908951897
1.180908203125 -1.861744690613077
1.18115234375 -2.252578680721753
1.181396484375 -0.4067158154097869
1.181640625 1.307502362986328
1.181884765625 0.6948417341048525
1.18212890625 -0.9766683253946232
1.182373046875 -0.986640569872233
1.1826171875 0.5254434029119956
1.182861328125 0.9684555285021909
1.18310546875 -0.2862103374323824
1.183349609375 -0.9469009884665853
1.18359375 0.2057598977017502
1.183837890625 1.34886649455461
1.18408203125 0.8764864292292415
1.184326171875 -0.06195911763770703
1.1845703125 -0.006105489245792447
1.184814453125 0.2057534973751005
1.18505859375 -0.6040224755346681
1.185302734375 -1.37735250579231
1.185546875 -0.6402809301982644
1.185791015625 0.6346021640996642
1.18603515625 0.5497145919037726
1.186279296875 -0.4693027879926632
1.1865234375 -0.5561362117718467
1.186767578125 0.2920547705443406
1.18701171875 0.483009203857121
1.187255859375 -0.07590514606458239
1.1875 0.09891381601801681
1.187744140625 1.093680686852054
1.18798828125 1.227197663823035
1.188232421875 0.05164101842548689
1.1884765625 -0.7290320812316284
1.188720703125 -0.09441256519486106
1.18896484375 0.6514330059353137
1.189208984375 0.05791115345384608
1.189453125 -1.344846868180627
1.189697265625 -2.116899834647414
1.18994140625 -1.810273168311127
1.190185546875 -0.9328529852846774
1.1904296875 -0.06457760220713607
1.190673828125 0.3361030637345489
1.19091796875 0.1750184511113054
1.191162109375 0.1595152025063045
1.19140625 0.9909922359390192
1.191650390625 1.944341874135927
1.19189453125 1.541269532955694
1.192138671875 -0.101273330758366
1.1923828125 -1.090140819544271
1.192626953125 -0.4349252491542819
1.19287109375 0.5961780990990395
1.193115234375 0.5605476690584987
1.193359375 -0.1130062264371264
1.193603515625 -0.1606388086882686
1.19384765625 0.5410369237718412
1.194091796875 1.097874206657271
1.1943359375 0.9410681039475499
1.194580078125 0.1852772570601426
1.19482421875 -0.7570702885914801
1.195068359375 -1.296559376339382
1.1953125 -0.9892272478561976
1.195556640625 -0.1715894054434214
1.19580078125 0.3311729764137425
1.196044921875 0.3084776843209278
1.1962890625 0.1787580490497904
1.196533203125 -0.08124014120527191
1.19677734375 -0.8367973100646359
1.197021484375 -1.556685624032235
1.197265625 -1.166332965040286
1.197509765625 0.04361998016020403
1.19775390625 0.4680792357361768
1.197998046875 -0.3503944448336591
1.1982421875 -1.003850042736329
1.198486328125 -0.6179814174746178
1.19873046875 -0.1337394481772072
1.198974609375 -0.3008566721943653
1.19921875 -0.3370164609451142
1.199462890625 0.2169838910940729
1.19970703125 0.3001277544851051
1.199951171875 -0.4859556399059392
1.2001953125 -0.5069471939977286
1.200439453125 1.151241721502105
1.20068359375 2.455665159074604
1.200927734375 1.323694678638629
1.201171875 -0.8842859850577935
1.201416015625 -1.477535043199938
1.20166015625 -0.6916155350224408
1.201904296875 -0.7576137069415126
1.2021484375 -1.652859063806792
1.202392578125 -1.22702436395786
1.20263671875 0.6563413004431592
1.202880859375 1.575638099682932
1.203125 0.60293430489219
1.203369140625 -0.2897707295145237
1.20361328125 0.2455523398734834
1.203857421875 0.9092823601332733
1.2041015625 0.4553295575971007
1.204345703125 -0.1906039346660535
1.20458984375 0.03645232492016001
1.204833984375 0.4423241993048788
1.205078125 0.2412417808079987
1.205322265625 0.1451504162292528
1.20556640625 0.7542852983862939
1.205810546875 1.166149834245617
1.2060546875 0.6982566741387795
1.206298828125 0.253920444674554
1.20654296875 0.4740522004022526
1.206787109375 0.3681280882320772
1.20703125 -0.5505269216151364
1.207275390625 -0.7199139785736949
1.20751953125 0.838230543846909
1.207763671875 2.232669161451049
1.2080078125 1.518580210715853
1.208251953125 0.1083315714025157
1.20849609375 0.4458558768246469
1.208740234375 1.635595762872815
1.208984375 0.8567394377316593
1.209228515625 -1.545250688901953
1.20947265625 -2.190409786980928
1.209716796875 -0.1448593739162742
1.2099609375 1.447886371727815
1.210205078125 0.3683343659549459
1.21044921875 -1.345025715863641
1.210693359375 -0.9422530770038693
1.2109375 0.7845159652948236
1.211181640625 1.13656497891012
1.21142578125 -0.3826453515240057
1.211669921875 -1.974118508419864
1.2119140625 -2.475949111083889
1.212158203125 -2.206109149936333
1.21240234375 -1.4893756362136
1.212646484375 -0.3136376355980293
1.212890625 0.7398239561726355
1.213134765625 0.8224554736119601
1.21337890625 0.0713742126330463
1.213623046875 -0.6455693573367608
1.2138671875 -1.073030368588459
1.214111328125 -1.520668080195064
1.21435546875 -1.694233325005754
1.214599609375 -0.8603592992697466
1.21484375 0.7569933395451749
1.215087890625 1.883606052006327
1.21533203125 1.735841974570211
1.215576171875 0.787637353404753
1.2158203125 -0.1425305821161654
1.216064453125 -0.7194487320159911
1.21630859375 -0.8447777107825087
1.216552734375 -0.457755365743777
1.216796875 0.09179931738478531
1.217041015625 0.1963890898101851
1.21728515625 -0.1270050572053716
1.217529296875 -0.1474733543889257
1.2177734375 0.4080368967060783
1.218017578125 0.7370836975846702
1.21826171875 0.0918987132254185
1.218505859375 -0.9491860486051377
1.21875 -1.11066622893295
1.218994140625 -0.2166608060158197
1.21923828125 0.4111169991109336
1.219482421875 -0.3045247906587791
1.2197265625 -1.554531363708843
1.219970703125 -1.437582936375405
1.22021484375 0.5624835656838185
1.220458984375 2.593608413237569
1.220703125 2.510594380593014
1.220947265625 0.5518269832116626
1.22119140625 -0.9507295268891852
1.221435546875 -0.5801187339759105
1.2216796875 0.4889462062084073
1.221923828125 0.4221080919979739
1.22216796875 -0.5726675610899074
1.222412109375 -0.6866639233398699
1.22265625 0.6128420259632558
1.222900390625 1.546359427248524
1.22314453125 0.4332124112751835
1.223388671875 -1.809624242813429
1.2236328125 -2.624978888512596
1.223876953125 -1.044554739404662
1.22412109375 1.072618978296884
1.224365234375 1.410541509203173
1.224609375 0.03421308608297474
1.224853515625 -1.004404663924386
1.22509765625 -0.5889081006864597
1.225341796875 0.1294890876726753
1.2255859375 -0.2695873082831231
1.225830078125 -1.26279717169912
1.22607421875 -1.257894587241259
1.226318359375 -0.06399570972383074
1.2265625 0.8898838563960951
1.226806640625 0.726526346759678
1.22705078125 0.158297097068609
1.227294921875 0.07000685336690848
1.2275390625 0.3143350309914487
1.227783203125 0.4674002093140817
1.22802734375 0.67259789380881
1.228271484375 0.993998560901257
1.228515625 0.8749585393390079
1.228759765625 0.07953127602175852
1.22900390625 -0.6250014987720641
1.229248046875 -0.5897330248941075
1.2294921875 -0.3517796046136611
1.229736328125 -0.6554391827868594
1.22998046875 -1.099009759958232
1.230224609375 -0.8307801930650018
1.23046875 -0.07820447128985206
1.230712890625 0.1547280262661432
1.23095703125 -0.3516451528377155
1.231201171875 -0.7922585862347222
1.2314453125 -0.5415273433880909
1.231689453125 0.1973917205953774
1.23193359375 0.824248861883235
1.232177734375 0.8505785265035032
1.232421875 0.2616399836909605
1.232666015625 -0.2083631991780925
1.23291015625 0.2690899084712118
1.233154296875 1.293730338597014
1.2333984375 1.516462744711529
1.233642578125 0.7926577111419346
1.23388671875 0.6714770378354582
1.234130859375 1.717998048343523
1.234375 2.021301283162305
1.234619140625 0.1566006845035569
1.23486328125 -1.894010246854382
1.235107421875 -1.287384665632238
1.2353515625 1.198352395565351
1.235595703125 2.113178022753031
1.23583984375 0.4050430257904663
1.236083984375 -1.442177922648119
1.236328125 -1.494251390811628
1.236572265625 -0.6058535756775076
1.23681640625 0.05081154479992241
1.237060546875 0.784064924635209
1.2373046875 1.614307269782074
1.237548828125 1.392649656410651
1.23779296875 0.1114505436974762
1.238037109375 -0.3231898972359836
1.23828125 0.7897841648133841
1.238525390625 1.378908744193001
1.23876953125 -0.005853191597958597
1.239013671875 -1.465004030365766
1.2392578125 -0.6828216098245905
1.239501953125 1.323631650494747
1.23974609375 2.011900507972085
1.239990234375 1.434352606186246
1.240234375 1.686731401905534
1.240478515625 3.025155057503775
1.24072265625 3.3753850312476
1.240966796875 1.658403069786956
1.2412109375 -0.7383212506300113
1.241455078125 -2.059997914583647
1.24169921875 -1.961933667213259
1.241943359375 -1.009107241214217
1.2421875 0.09534793540585884
1.242431640625 0.6421365855926908
1.24267578125 0.4533028284357821
1.242919921875 0.185108587599977
1.2431640625 0.1387525241483353
1.243408203125 -0.5930575313455563
1.24365234375 -2.487319566541867
1.243896484375 -3.917442671406795
1.244140625 -2.943782988982033
1.244384765625 -0.288954829617939
1.24462890625 1.422255304917395
1.244873046875 1.167619013561948
1.2451171875 0.3373403467061151
1.245361328125 0.1447977306638876
1.24560546875 0.2606162770861259
1.245849609375 0.2127778660594685
1.24609375 0.20068137723118
1.246337890625 0.1130531525253714
1.24658203125 -0.5300670799924329
1.246826171875 -1.275813126757176
1.2470703125 -1.065134026599514
1.247314453125 -0.1961420099640485
1.24755859375 -0.1718128915175444
1.247802734375 -1.175866583230911
1.248046875 -1.637459110814124
1.248291015625 -0.9338854185778972
1.24853515625 -0.4671504442177983
1.248779296875 -1.069915682528249
1.2490234375 -1.392553278281092
1.249267578125 -0.2963815305669144
1.24951171875 0.9790133238027515
1.249755859375 0.835587604646564
1.25 0.03157288519086517
1.250244140625 0.3070975658983353
1.25048828125 1.299376875857934
1.250732421875 1.061811009744783
1.2509765625 -0.7362939698929331
1.251220703125 -2.238258225339626
1.25146484375 -2.137109227985228
1.251708984375 -1.195034715498441
1.251953125 -0.6190889487885876
1.252197265625 -0.4010211141179573
1.25244140625 0.06795690617970215
1.252685546875 0.802002097155472
1.2529296875 1.350971468796779
1.253173828125 1.452699741587516
1.25341796875 1.060696081847024
1.253662109375 0.3037796032312889
1.25390625 -0.2295847723467082
1.254150390625 0.1360407865041732
1.25439453125 1.042406511125031
1.254638671875 1.101015733128369
1.2548828125 -0.2549828286898391
1.255126953125 -1.590070916314514
1.25537109375 -1.210911736159694
1.255615234375 0.29439179337601
1.255859375 0.6718782526924724
1.256103515625 -0.6998603176111186
1.25634765625 -1.708943010333591
1.256591796875 -0.5967896255730182
1.2568359375 1.2387193423571
1.257080078125 1.145612311443313
1.25732421875 -0.8443637910047678
1.257568359375 -1.982648775952371
1.2578125 -0.7038439585879285
1.258056640625 1.404999843856379
1.25830078125 2.117945248191502
1.258544921875 1.323884101795536
1.2587890625 0.3131192183199666
1.259033203125 -0.2284044690830185
1.25927734375 -0.3268771573688637
1.259521484375 0.01062044276152625
1.259765625 0.4177962847832319
1.260009765625 0.05951048620252881
1.26025390625 -0.9640775853117438
1.260498046875 -1.206792930007285
1.2607421875 -0.09486538511986756
1.260986328125 0.7489907147205912
1.26123046875 -0.02232096646746207
1.261474609375 -1.071173295396685
1.26171875 -0.5437694574058193
1.261962890625 0.5919627688479782
1.26220703125 0.07492778149862411
1.262451171875 -1.566046328142608
1.2626953125 -1.618197697382949
1.262939453125 0.2101269524132445
1.26318359375 1.140485786327687
1.263427734375 -0.036475199789192
1.263671875 -0.9698120736389778
1.263916015625 0.146724758856907
1.26416015625 1.482799098912914
1.264404296875 0.7812357332645004
1.2646484375 -0.756918109040451
1.264892578125 -0.5485682717781839
1.26513671875 1.002127579726795
1.265380859375 1.210985349546552
1.265625 -0.4630672145431762
1.265869140625 -1.581609365841194
1.26611328125 -0.5665842864098497
1.266357421875 0.9794748862601044
1.2666015625 0.6941035069839424
1.266845703125 -1.358630841688247
1.26708984375 -3.028728932814256
1.267333984375 -2.813696126849544
1.267578125 -1.256968523038976
1.267822265625 0.1626761040309993
1.26806640625 0.7357327364501479
1.268310546875 0.7863583893843396
1.2685546875 0.6383570661035471
1.268798828125 0.1039016020222431
1.26904296875 -0.6895546889847738
1.269287109375 -0.7557706373051877
1.26953125 0.522832201737418
1.269775390625 2.05543053167834
1.27001953125 2.153410307856297
1.270263671875 0.9077764859853183
1.2705078125 0.1566879237525702
1.270751953125 0.8723550431223103
1.27099609375 1.880601151490985
1.271240234375 1.667448738227048
1.271484375 0.3300903074007279
1.271728515625 -0.8748871301342211
1.27197265625 -1.040380149081456
1.272216796875 -0.1857587594556358
1.2724609375 0.8973931697677353
1.272705078125 1.129110479736731
1.27294921875 0.3013670698928854
1.273193359375 -0.2747301437647125
1.2734375 0.607096953152155
1.273681640625 1.989739408117364
1.27392578125 1.921764624748016
1.274169921875 0.5648623981049393
1.2744140625 0.02611918353082271
1.274658203125 0.8519081072458486
1.27490234375 1.164886078628149
1.275146484375 0.05791571203146199
1.275390625 -0.7824211075508082
1.275634765625 -0.1542059840639911
1.27587890625 0.5519408362831693
1.276123046875 0.1048353898882935
1.2763671875 -0.2070518295885863
1.276611328125 0.7780813490645512
1.27685546875 1.414947343922748
1.277099609375 -0.01869056489295527
1.27734375 -1.861380977583084
1.277587890625 -1.47398907232891
1.27783203125 0.3680062593445179
1.278076171875 0.8049810719902678
1.2783203125 -0.4451505899299594
1.278564453125 -1.198888301311456
1.27880859375 -0.907713994961551
1.279052734375 -1.079087649609733
1.279296875 -1.806251235367826
1.279541015625 -1.450948370397936
1.27978515625 -0.04731355963876114
1.280029296875 0.4127482318075608
1.2802734375 -0.3445120539228098
1.280517578125 -0.2671105959470207
1.28076171875 1.119627714740631
1.281005859375 1.565204296709769
1.28125 0.1053579811548387
1.281494140625 -1.043639871651596
1.28173828125 -0.3196193254898165
1.281982421875 0.5076241771885668
1.2822265625 -0.3305212961215825
1.282470703125 -1.323495032284775
1.28271484375 -0.4031158603873429
1.282958984375 1.228102616688904
1.283203125 0.9821416455867655
1.283447265625 -0.8402215438173309
1.28369140625 -1.675327680945583
1.283935546875 -0.8403027506416789
1.2841796875 -0.2017787471161375
1.284423828125 -0.8310118908634472
1.28466796875 -1.49253488793217
1.284912109375 -0.9156601589901576
1.28515625 0.2753523042842134
1.285400390625 0.5781802335041003
1.28564453125 -0.5239650757700061
1.285888671875 -2.135179348942892
1.2861328125 -2.759891515322261
1.286376953125 -1.561819657197905
1.28662109375 0.6412658194337572
1.286865234375 1.932612349702078
1.287109375 1.398554216176137
1.287353515625 0.1717046350308942
1.28759765625 -0.231428533149979
1.287841796875 0.1324941835989281
1.2880859375 0.2252913776003541
1.288330078125 -0.1619923766969551
1.28857421875 -0.3494277339512425
1.288818359375 -0.05811645618692776
1.2890625 0.3713157883545798
1.289306640625 0.7716124584467536
1.28955078125 1.184888187378908
1.289794921875 1.373971342831499
1.2900390625 1.177581717017352
1.290283203125 1.045398428658791
1.29052734375 1.382310705747128
1.290771484375 1.729739235217156
1.291015625 1.457875434982283
1.291259765625 0.8656074778885842
1.29150390625 0.6744798540865935
1.291748046875 0.8245001373166368
1.2919921875 0.7533182863742307
1.292236328125 0.5376977625341287
1.29248046875 0.7351968576452294
1.292724609375 1.294404081222625
1.29296875 1.559453331868466
1.293212890625 1.225037207565958
1.29345703125 0.5259840834136699
1.293701171875 -0.2811886187857987
1.2939453125 -0.9294216360335102
1.294189453125 -1.013873875665663
1.29443359375 -0.5628560770303022
1.294677734375 -0.258606808877627
1.294921875 -0.4015686605724982
1.295166015625 -0.3393077992803826
1.29541015625 0.2975271830227355
1.295654296875 0.726154342986397
1.2958984375 0.4040768274600842
1.296142578125 0.1734911211214984
1.29638671875 0.6378445061524606
1.296630859375 0.6464460186627402
1.296875 -0.6951648576110991
1.297119140625 -1.708452860593043
1.29736328125 -0.406693340340369
1.297607421875 1.737758584217802
1.2978515625 1.429350966472689
1.298095703125 -1.188873353475265
1.29833984375 -2.380417481382902
1.298583984375 -0.6020791009702302
1.298828125 1.106391212164201
1.299072265625 0.1151369046415349
1.29931640625 -1.729718792083561
1.299560546875 -1.536584355106515
1.2998046875 -0.1611585604878579
1.300048828125 -0.3681595635130102
1.30029296875 -1.993015728216456
1.300537109375 -2.439744285560671
1.30078125 -1.186165548991703
1.301025390625 -0.3726832199968717
1.30126953125 -0.8970009471930789
1.301513671875 -1.044679540293952
1.3017578125 0.2879903328950519
1.302001953125 1.605916174590053
1.30224609375 1.214480729406324
1.302490234375 -0.2929527462820321
1.302734375 -1.17733556491463
1.302978515625 -0.8386769343703347
1.30322265625 0.1133354143523216
1.303466796875 1.025160485851084
1.3037109375 1.479489107317179
1.303955078125 1.200672477608477
1.30419921875 0.457332980941981
1.304443359375 -0.04522618781678905
1.3046875 -0.1426012541451154
1.304931640625 -0.3723616438736654
1.30517578125 -0.8336109760579216
1.305419921875 -0.8291965639618524
1.3056640625 -0.1181991586492067
1.305908203125 0.4681040556118025
1.30615234375 0.297096048309163
1.306396484375 -0.1139213651910189
1.306640625 -0.1430902591162437
1.306884765625 -0.1443903769945598
1.30712890625 -0.5991951847909098
1.307373046875 -1.016180818800072
1.3076171875 -0.744676287268499
1.307861328125 -0.2670631638033066
1.30810546875 -0.5142194801333477
1.308349609375 -1.246227759356571
1.30859375 -1.276408492089705
1.308837890625 -0.2446185022798896
1.30908203125 0.8287902799175075
1.309326171875 0.8857308385131376
1.3095703125 0.01042985100095444
1.309814453125 -0.8415048079744187
1.31005859375 -0.7909108421300045
1.310302734375 0.24796719010173
1.310546875 1.362933878599143
1.310791015625 1.356299198616826
1.31103515625 0.1414506433080103
1.311279296875 -0.8944442241225689
1.3115234375 -0.5162175919886763
1.311767578125 0.7744457500561535
1.31201171875 1.545689677946136
1.312255859375 1.373493102947035
1.3125 0.899766929815334
1.312744140625 0.2766824921273987
1.31298828125 -1.002833324762262
1.313232421875 -2.545480232566707
1.3134765625 -2.805214863836484
1.313720703125 -1.137215788283549
1.31396484375 0.9449901058113072
1.314208984375 1.468385511832311
1.314453125 0.3015221667687698
1.314697265625 -1.02677517629047
1.31494140625 -1.282491291432391
1.315185546875 -0.5386430579280664
1.3154296875 0.3714006190494208
1.315673828125 0.672706487265277
1.31591796875 0.1328176243437771
1.316162109375 -0.7213422869861126
1.31640625 -1.078860682901666
1.316650390625 -0.8924945856013142
1.31689453125 -0.9925286509218437
1.317138671875 -1.707585630753741
1.3173828125 -2.061248861438018
1.317626953125 -1.184217036369487
1.31787109375 0.06659886287054564
1.318115234375 0.1186168280859951
1.318359375 -0.9037970629973845
1.318603515625 -1.156771305982709
1.31884765625 0.2697591620576876
1.319091796875 1.972741957714968
1.3193359375 2.207708228641959
1.319580078125 1.206231239010059
1.31982421875 0.4960629391283302
1.320068359375 0.5600503891116766
1.3203125 0.4368823320618743
1.320556640625 -0.4313167085897371
1.32080078125 -1.156834865833619
1.321044921875 -0.6736981636914676
1.3212890625 0.7466611590982839
1.321533203125 1.91112989568267
1.32177734375 2.206842559207467
1.322021484375 1.984658625108897
1.322265625 1.623157543554199
1.322509765625 1.005508559111599
1.32275390625 0.1508401379705448
1.322998046875 -0.2954916980383906
1.3232421875 0.2161256791388702
1.323486328125 1.192533574679915
1.32373046875 1.486879390805231
1.323974609375 0.7013977494975463
1.32421875 -0.2458600272485661
1.324462890625 -0.1786957709379719
1.32470703125 0.9465378710584521
1.324951171875 1.935488436465236
1.3251953125 1.611406335513203
1.325439453125 0.111553860234543
1.32568359375 -1.103648943373238
1.325927734375 -0.6988655360383258
1.326171875 0.9703024371974219
1.326416015625 2.009859406332582
1.32666015625 1.033492043969648
1.326904296875 -1.165410039499331
1.3271484375 -2.47409171567279
1.327392578125 -1.87263710761909
1.32763671875 -0.3757274948996437
1.327880859375 0.4700967363033941
1.328125 0.3265290461311515
1.328369140625 -0.01318275032358615
1.32861328125 0.1166916113136116
1.328857421875 0.5451253205193367
1.3291015625 0.5758482724355382
1.329345703125 -0.2419339814598289
1.32958984375 -1.441550281793684
1.329833984375 -1.745760290128794
1.330078125 -0.3561757059875015
1.330322265625 1.793710151333847
1.33056640625 2.769101740233381
1.330810546875 1.86737192888786
1.3310546875 0.3861789744500242
1.331298828125 -0.1828452231453531
1.33154296875 0.1354101610653551
1.331787109375 0.458931453551187
1.33203125 0.5002499651231375
1.332275390625 0.4710232906353896
1.33251953125 0.2840122363563368
1.332763671875 -0.09065179257787545
1.3330078125 -0.02785016228727272
1.333251953125 0.8808648987180276
1.33349609375 1.793423929706539
1.333740234375 1.601067043286939
1.333984375 0.5696073084374572
1.334228515625 -0.2042371476347918
1.33447265625 -0.5794654281194643
1.334716796875 -1.189767933570449
1.3349609375 -1.776532535102965
1.335205078125 -1.421158164257681
1.33544921875 -0.4598335018596221
1.335693359375 -0.3063904699209512
1.3359375 -1.00964285996738
1.336181640625 -0.9321379462169193
1.33642578125 0.4054570916789063
1.336669921875 1.171108668287914
1.3369140625 0.1746360347126125
1.337158203125 -0.8894908809514951
1.33740234375 0.007717412390995342
1.337646484375 1.861888832747478
1.337890625 2.070269588967626
1.338134765625 0.4204620733779311
1.33837890625 -0.7924623382721033
1.338623046875 -0.4851398694129984
1.3388671875 -0.1887741125830247
1.339111328125 -1.158513734975665
1.33935546875 -2.219705048651279
1.339599609375 -1.746967654456868
1.33984375 -0.3051112146029128
1.340087890625 0.2537527781398837
1.34033203125 -0.4196728206018802
1.340576171875 -0.8356878947780637
1.3408203125 -0.02199022724941556
1.341064453125 1.08984400398986
1.34130859375 1.073998185701985
1.341552734375 -0.0366506335680712
1.341796875 -0.9331966084156745
1.342041015625 -0.833893237287986
1.34228515625 -0.3045882292117316
1.342529296875 -0.1407688719927465
1.3427734375 -0.1889522832652519
1.343017578125 0.08958252959004727
1.34326171875 0.3885626757717296
1.343505859375 -0.08513233045006458
1.34375 -1.08256009136442
1.343994140625 -1.314892799465442
1.34423828125 -0.3879089487929676
1.344482421875 0.38402259520306
1.3447265625 -0.1298682502907301
1.344970703125 -1.150723432486643
1.34521484375 -1.246660996620736
1.345458984375 -0.562972074830803
1.345703125 -0.4367828144105773
1.345947265625 -1.161133911937365
1.34619140625 -1.569940187983513
1.346435546875 -0.8795700252421388
1.3466796875 0.3104755495431589
1.346923828125 1.064217197712768
1.34716796875 1.117998183015851
1.347412109375 0.6633107339023915
1.34765625 0.08427307648882748
1.347900390625 0.01678057571371235
1.34814453125 0.6590957992752321
1.348388671875 1.002640452530232
1.3486328125 -0.006939796913083711
1.348876953125 -1.459187982220433
1.34912109375 -1.231327230192544
1.349365234375 0.772657541500578
1.349609375 1.922112322859155
1.349853515625 0.4723509701178193
1.35009765625 -1.759939333319339
1.350341796875 -1.951624776314323
1.3505859375 -0.263762404834296
1.350830078125 0.7318373328421489
1.35107421875 -0.05114646000288803
1.351318359375 -1.064000100236802
1.3515625 -0.8637751842564447
1.351806640625 0.01317894637174045
1.35205078125 0.4450147232644436
1.352294921875 0.353516411084243
1.3525390625 0.1611419508547336
1.352783203125 -0.09995132800569559
1.35302734375 -0.3043895180675172
1.353271484375 0.05459719612078338
1.353515625 0.7979789640594884
1.353759765625 0.73201350331276
1.35400390625 -0.5676137945643122
1.354248046875 -1.592436254220208
1.3544921875 -0.8809909627998034
1.354736328125 0.5501076790552284
1.35498046875 0.4585759575892684
1.355224609375 -1.204825472141976
1.35546875 -2.093423855377879
1.355712890625 -1.068644139916549
1.35595703125 0.01121735750692583
1.356201171875 -0.6971864785161939
1.3564453125 -1.948799521775313
1.356689453125 -1.342014053054132
1.35693359375 0.7107271980388424
1.357177734375 1.471713960808462
1.357421875 0.2411734655848786
1.357666015625 -0.4719182018851581
1.35791015625 0.9260714487888833
1.358154296875 2.330559063447545
1.3583984375 1.240203869438564
1.358642578125 -1.025605046046108
1.35888671875 -1.150814217386888
1.359130859375 1.007446761773932
1.359375 2.140832523337667
1.359619140625 0.5830225828739983
1.35986328125 -1.297317458772208
1.360107421875 -0.9928407853175952
1.3603515625 0.4024433939127046
1.360595703125 0.4074884686157101
1.36083984375 -0.6436950482202383
1.361083984375 -0.2309563186910155
1.361328125 2.138991335133088
1.361572265625 3.889580244483799
1.36181640625 2.960808652520861
1.362060546875 0.5503140734912895
1.3623046875 -0.6615701286715201
1.362548828125 0.1101557360408203
1.36279296875 1.211116257093316
1.363037109375 0.955142647807959
1.36328125 -0.3302043471268195
1.363525390625 -0.9242995313293755
1.36376953125 -0.04676436082256291
1.364013671875 1.039848034839534
1.3642578125 0.7468407798545085
1.364501953125 -0.4422565121250607
1.36474609375 -0.4560764824474148
1.364990234375 1.293529946155541
1.365234375 2.760635659495853
1.365478515625 2.088335673439514
1.36572265625 0.2939167956037292
1.365966796875 -0.3117619629855746
1.3662109375 0.5473262418336438
1.366455078125 1.137502519353971
1.36669921875 0.5519758210075882
1.366943359375 -0.3997224151047953
1.3671875 -1.029695875619578
1.367431640625 -1.54910089203926
1.36767578125 -1.734520543773103
1.367919921875 -0.7035878984065637
1.3681640625 1.308570166394459
1.368408203125 2.554591519424637
1.36865234375 1.989605784303644
1.368896484375 0.5614127865586158
1.369140625 -0.4633926014367016
1.369384765625 -1.125772999840958
1.36962890625 -1.857346421795059
1.369873046875 -2.233115874103996
1.3701171875 -1.723443406887565
1.370361328125 -0.6965855622708471
1.37060546875 0.2717065265897352
1.370849609375 1.132124551070518
1.37109375 1.625756086032077
1.371337890625 1.033271129344317
1.37158203125 -0.3783286129015932
1.371826171875 -0.9988595421395415
1.3720703125 -0.1870060221645563
1.372314453125 0.43368415294617
1.37255859375 -0.499570169578738
1.372802734375 -1.663104743266141
1.373046875 -1.122891071665895
1.373291015625 0.3294071816163301
1.37353515625 0.3359575516367506
1.373779296875 -1.195133302056755
1.3740234375 -2.017878815618366
1.374267578125 -1.171002462983971
1.37451171875 -0.09239279526763572
1.374755859375 0.1822359007476108
1.375 0.4229944914390878
1.375244140625 1.075661888634494
1.37548828125 1.061747534262694
1.375732421875 -0.1236611941886437
1.3759765625 -1.056921823890668
1.376220703125 -0.5135464631959397
1.37646484375 0.5691728495324506
1.376708984375 0.6386994567832074
1.376953125 -0.1968062355293309
1.377197265625 -0.7677606921356713
1.37744140625 -0.6991225770768691
1.377685546875 -0.4244594046509089
1.3779296875 -0.1913848009710154
1.378173828125 -0.1238065424997154
1.37841796875 -0.4670002433080717
1.378662109375 -0.8880513574403367
1.37890625 -0.4971916085183297
1.379150390625 0.6063378725756647
1.37939453125 1.033705462237294
1.379638671875 0.314868219586634
1.3798828125 -0.06800181026909756
1.380126953125 0.8444075684645141
1.38037109375 1.591997980097122
1.380615234375 0.6595178555631156
1.380859375 -0.7947902126867621
1.381103515625 -0.8352511740749853
1.38134765625 -0.05225126573612151
1.381591796875 -0.2449409532596507
1.3818359375 -0.8122361517183825
1.382080078125 0.2651963701849173
1.38232421875 2.223615271805358
1.382568359375 1.966290310951624
1.3828125 -0.7789227381315196
1.383056640625 -2.422517632734611
1.38330078125 -0.9841383686639334
1.383544921875 0.8307429462169402
1.3837890625 0.1212857179343442
1.384033203125 -1.686564800255579
1.38427734375 -1.616709949864226
1.384521484375 -0.03687056763780546
1.384765625 0.5343010451979188
1.385009765625 -0.1119271207415832
1.38525390625 -0.1421497659611202
1.385498046875 0.4842494464615217
1.3857421875 0.07535586628166796
1.385986328125 -1.069758352897224
1.38623046875 -0.6042752563838321
1.386474609375 1.608769485134728
1.38671875 2.556080019807299
1.386962890625 0.6737402104568632
1.38720703125 -1.563038817878862
1.387451171875 -1.441263179552686
1.3876953125 0.09710901625969345
1.387939453125 0.5937919447342622
1.38818359375 0.1128889486471456
1.388427734375 0.462494453996032
1.388671875 1.591974802205817
1.388916015625 1.612098004254473
1.38916015625 0.1117241228951593
1.389404296875 -1.078218041741482
1.3896484375 -0.7427926146073194
1.389892578125 0.1513100835641671
1.39013671875 0.3431448260256691
1.390380859375 0.05998439756326833
1.390625 0.1254105694936191
1.390869140625 0.5697821057175186
1.39111328125 0.9734781455944435
1.391357421875 1.245157598288622
1.3916015625 1.298616481665754
1.391845703125 0.7597140817194467
1.39208984375 -0.2607757388227981
1.392333984375 -0.8101937144131612
1.392578125 -0.3077015531802287
1.392822265625 0.4495050933437895
1.39306640625 0.3275101229220785
1.393310546875 -0.5269296515317992
1.3935546875 -1.009621594331469
1.393798828125 -0.7478204636611249
1.39404296875 -0.4894753344560963
1.394287109375 -0.7718053119594054
1.39453125 -1.160899640889847
1.394775390625 -1.190615178441166
1.39501953125 -1.246551292486265
1.395263671875 -1.78963032881298
1.3955078125 -2.172723634272408
1.395751953125 -1.220613311684869
1.39599609375 0.9153774311405527
1.396240234375 2.398438306188845
1.396484375 1.81398254843393
1.396728515625 0.07447409203930715
1.39697265625 -0.6634935014065614
1.397216796875 0.2023009799328508
1.3974609375 1.047806579288956
1.397705078125 0.4050722109251452
1.39794921875 -1.041408597744997
1.398193359375 -1.613211208899352
1.3984375 -1.006721176969104
1.398681640625 -0.3622157934830479
1.39892578125 -0.299374329527409
1.399169921875 -0.1551985308834812
1.3994140625 0.6390511419920791
1.399658203125 1.517204738342433
1.39990234375 1.632834937705611
1.400146484375 1.004493661587141
1.400390625 0.2618261249118126
1.400634765625 -0.1917052801029701
1.40087890625 -0.2516572377710168
1.401123046875 0.1363894457573209
1.4013671875 0.7076321819938494
1.401611328125 0.7600941956716952
1.40185546875 -0.03320919660060814
1.402099609375 -0.9251382233679294
1.40234375 -0.8860336685967678
1.402587890625 -0.05557652622234911
1.40283203125 0.2559153134377279
1.403076171875 -0.7447749546451066
1.4033203125 -2.110418134181752
1.403564453125 -2.102665589621355
1.40380859375 -0.3285829066173056
1.404052734375 1.539088386520757
1.404296875 1.599003334467804
1.404541015625 0.09882736855950952
1.40478515625 -0.7803162344586222
1.405029296875 0.1777027220530967
1.4052734375 1.443745385425484
1.405517578125 0.8379780291195117
1.40576171875 -1.254740846646666
1.406005859375 -2.334530429230957
1.40625 -1.392662801294711
1.406494140625 -0.2177350892815344
1.40673828125 -0.4237829725441281
1.406982421875 -0.9876783968418738
1.4072265625 -0.1954899787671637
1.407470703125 1.341552928501907
1.40771484375 1.626576984671589
1.407958984375 0.5596531837502211
1.408203125 0.09706565449257665
1.408447265625 1.070215370063918
1.40869140625 1.879501405838396
1.408935546875 1.034301419555795
1.4091796875 -0.6380005957932015
1.409423828125 -1.354302800684806
1.40966796875 -0.8027093309585344
1.409912109375 -0.06865338086478598
1.41015625 0.1424242632697263
1.410400390625 0.07777417819008967
1.41064453125 0.05719419344347594
1.410888671875 0.003925666503375794
1.4111328125 -0.1192433456264805
1.411376953125 -0.05313708232430062
1.41162109375 0.4088559999312425
1.411865234375 1.068066917387275
1.412109375 1.379277772904706
1.412353515625 0.8909357246465468
1.41259765625 -0.1699698492573295
1.412841796875 -0.8494005349318919
1.4130859375 -0.439408674997089
1.413330078125 0.5541242994538557
1.41357421875 1.012316092750695
1.413818359375 0.7345580476531068
1.4140625 0.5197327871394712
1.414306640625 0.6078406482250476
1.41455078125 0.1992971239816464
1.414794921875 -0.9152175704194896
1.4150390625 -1.462314084986827
1.415283203125 -0.5140078207254087
1.41552734375 0.7505589343074458
1.415771484375 0.5923831905277267
1.416015625 -0.5436679487720372
1.416259765625 -0.595605115258403
1.41650390625 0.8372134617535359
1.416748046875 1.687016624541972
1.4169921875 0.5811888538708045
1.417236328125 -0.8746835379231377
1.41748046875 -0.3691917910450207
1.417724609375 1.622609157442069
1.41796875 2.385589622947212
1.418212890625 0.7492369262706051
1.41845703125 -1.38146757281885
1.418701171875 -1.720711687946868
1.4189453125 -0.4615254575460586
1.419189453125 0.4714809775611907
1.41943359375 0.1226056508145864
1.419677734375 -0.7254749588953691
1.419921875 -1.092245263716593
1.420166015625 -0.8777622595453889
1.42041015625 -0.3429758620307817
1.420654296875 0.354151244130024
1.4208984375 0.7287527766800618
1.421142578125 0.1063240117275963
1.42138671875 -1.158165497958379
1.421630859375 -1.52037699812078
1.421875 -0.2523438884343668
1.422119140625 1.146362224356187
1.42236328125 0.7907117190518522
1.422607421875 -0.8370167034613173
1.4228515625 -1.518515165608651
1.423095703125 -0.5675133900343324
1.42333984375 0.3171089847457288
1.423583984375 -0.07508235448348091
1.423828125 -0.5571994155007645
1.424072265625 0.3308779865809897
1.42431640625 1.75545266394794
1.424560546875 1.828474500008201
1.4248046875 0.5550633944475641
1.425048828125 -0.3075756457380459
1.42529296875 -0.03223514719008354
1.425537109375 0.2740975355601424
1.42578125 -0.1705959818564793
1.426025390625 -0.5741064383559612
1.42626953125 -0.1369788446915402
1.426513671875 0.5193638571761529
1.4267578125 0.4523738601672722
1.427001953125 -0.05585789454131037
1.42724609375 -0.1260333115253583
1.427490234375 0.1641423524674485
1.427734375 -0.04349769726957337
1.427978515625 -0.8938418124665743
1.42822265625 -1.480230517777527
1.428466796875 -1.07973732125251
1.4287109375 -0.02633872479178299
1.428955078125 0.836352788183309
1.42919921875 1.090412151216814
1.429443359375 0.8991402854326136
1.4296875 0.5328589899542481
1.429931640625 0.04524590537211597
1.43017578125 -0.5551725948846464
1.430419921875 -0.9587239998907534
1.4306640625 -0.6609686119262934
1.430908203125 0.3398392575694659
1.43115234375 1.155114052723621
1.431396484375 0.8372417399524951
1.431640625 -0.3618006323096432
1.431884765625 -1.14692364912657
1.43212890625 -0.8140659890078155
1.432373046875 -0.1185582239929294
1.4326171875 -0.1072558983645633
1.432861328125 -0.6827887761962361
1.43310546875 -0.9749524933088014
1.433349609375 -0.6992971062864565
1.43359375 -0.3422425045666102
1.433837890625 -0.1905361143221576
1.43408203125 0.01382399966140968
1.434326171875 0.4409035233355873
1.4345703125 0.8996931080159044
1.434814453125 1.280594336902358
1.43505859375 1.636530619929377
1.435302734375 1.723728442856065
1.435546875 1.115824034244963
1.435791015625 -0.03311392863406794
1.43603515625 -0.9555819433503289
1.436279296875 -1.243817797355151
1.4365234375 -1.269539716252467
1.436767578125 -1.36458141083226
1.43701171875 -1.215890286103252
1.437255859375 -0.4850370173989879
1.4375 0.524180019830673
1.437744140625 1.271696711837447
1.43798828125 1.555644273856567
1.438232421875 1.259317025697712
1.4384765625 0.1593645826426297
1.438720703125 -1.374950545374336
1.43896484375 -2.106067702607903
1.439208984375 -1.268856597514154
1.439453125 0.1636467049370651
1.439697265625 0.5112460300178949
1.43994140625 -0.4911943758050916
1.440185546875 -1.544319211645137
1.4404296875 -1.648354211619557
1.440673828125 -1.062071990442556
1.44091796875 -0.3250634200206668
1.441162109375 0.5263573452709166
1.44140625 1.354108247338147
1.441650390625 1.544116116152006
1.44189453125 0.888571659195972
1.442138671875 0.1084797985492474
1.4423828125 -0.1376191161952149
1.442626953125 -0.1472379515801301
1.44287109375 -0.4725933765750111
1.443115234375 -0.9444815066538813
1.443359375 -1.086259853115416
1.443603515625 -0.9526584809610341
1.44384765625 -0.8056860434194468
1.444091796875 -0.447544953093825
1.4443359375 0.294315392620364
1.444580078125 0.8457521043331423
1.44482421875 0.5904436860581936
1.445068359375 -0.00264086418939537
1.4453125 0.03046556046287326
1.445556640625 0.5895549723037778
1.44580078125 0.6319391692542699
1.446044921875 -0.1043488275714715
1.4462890625 -0.6215413060360544
1.446533203125 -0.2148562124678235
1.44677734375 0.5209063855446914
1.447021484375 0.7688572541528702
1.447265625 0.7216348956586863
1.447509765625 1.027177445282719
1.44775390625 1.591931079284649
1.447998046875 1.715390161305371
1.4482421875 1.164869206033526
1.448486328125 0.4979263839899383
1.44873046875 0.3813956048511831
1.448974609375 0.9478305228101684
1.44921875 1.711190338940325
1.449462890625 1.889662556034041
1.44970703125 1.043619617392429
1.449951171875 -0.3573628058808781
1.4501953125 -1.267653267834603
1.450439453125 -1.228141607187506
1.45068359375 -0.8887999934204426
1.450927734375 -1.047222305763254
1.451171875 -1.516597676413271
1.451416015625 -1.468570557994121
1.45166015625 -0.7115011542117753
1.451904296875 0.0004648243007434983
1.4521484375 0.03483693259688846
1.452392578125 -0.2682554311460681
1.45263671875 -0.1521948449115134
1.452880859375 0.4406655025515924
1.453125 0.7909465333444158
1.453369140625 0.4758160620862966
1.45361328125 0.05617637243416574
1.453857421875 0.3179879991255494
1.4541015625 1.100292681967267
1.454345703125 1.468711595028744
1.45458984375 1.014761404755789
1.454833984375 0.2549822277723865
1.455078125 -0.4326256511771086
1.455322265625 -1.342223056396448
1.45556640625 -2.362167051058043
1.455810546875 -2.392231822274578
1.4560546875 -0.9454847771275884
1.456298828125 0.4879738999956745
1.45654296875 0.2513403956019883
1.456787109375 -0.7567214383673276
1.45703125 -0.1369495278423248
1.457275390625 2.118114261079667
1.45751953125 3.003320298857304
1.457763671875 0.7251025243660534
1.4580078125 -2.437096892737314
1.458251953125 -3.13143402278245
1.45849609375 -1.349101061860727
1.458740234375 0.1786861389220898
1.458984375 0.1195710982649989
1.459228515625 -0.22116651696629
1.45947265625 0.2959767301085584
1.459716796875 0.8284192811178341
1.4599609375 0.2902819115509975
1.460205078125 -0.6849985503647292
1.46044921875 -0.6668524471247178
1.460693359375 0.4785651374950325
1.4609375 1.423225007197609
1.461181640625 1.07574313362595
1.46142578125 -0.1797314090675842
1.461669921875 -0.9894708674178924
1.4619140625 -0.5841214234239374
1.462158203125 0.3004988082176548
1.46240234375 0.3572107804759642
1.462646484375 -0.3795637415901252
1.462890625 -0.3184510114555261
1.463134765625 1.356683971385577
1.46337890625 2.970351130917493
1.463623046875 2.281452077535244
1.4638671875 -0.2609836972399578
1.464111328125 -1.825504795341301
1.46435546875 -0.9655624453239351
1.464599609375 0.5485609010510585
1.46484375 0.4033201063611683
1.465087890625 -1.153980159257594
1.46533203125 -2.083099997686858
1.465576171875 -1.492426752589549
1.4658203125 -0.3903557499859558
1.466064453125 0.1537329804355483
1.46630859375 0.2495775280091987
1.466552734375 0.4229745474917053
1.466796875 0.6549169225759733
1.467041015625 0.6898220375280703
1.46728515625 0.7034426827928834
1.467529296875 1.040549127152199
1.4677734375 1.451451333771981
1.468017578125 1.177299326999017
1.46826171875 0.05129515365043995
1.468505859375 -0.8822285599765082
1.46875 -0.4758742258169062
1.468994140625 0.8157294947473543
1.46923828125 1.176299940477519
1.469482421875 -0.1743037258739549
1.4697265625 -1.671453728985348
1.469970703125 -1.435605312062129
1.47021484375 0.05241852827148884
1.470458984375 0.6889436553525211
1.470703125 -0.1077144864864616
1.470947265625 -0.6636054623372496
1.47119140625 0.2371479730107453
1.471435546875 1.557859456992934
1.4716796875 1.740268260994849
1.471923828125 0.834889565414731
1.47216796875 -0.1948157227637059
1.472412109375 -1.140969192341412
1.47265625 -2.186376093954982
1.472900390625 -2.720479412405848
1.47314453125 -2.019083465876028
1.473388671875 -0.6834105836024627
1.4736328125 -0.02746020710612631
1.473876953125 -0.2404166965573938
1.47412109375 -0.3934638718285506
1.474365234375 -0.1216905010118758
1.474609375 -0.04753964704564541
1.474853515625 -0.5072913954788899
1.47509765625 -1.010729815869205
1.475341796875 -1.102509099631074
1.4755859375 -0.7700449405615593
1.475830078125 0.04316174885720691
1.47607421875 1.262918546028021
1.476318359375 1.971258789315899
1.4765625 1.10727140321793
1.476806640625 -0.8044513755511976
1.47705078125 -1.811794139755497
1.477294921875 -0.9398786817885875
1.4775390625 0.5905746579365975
1.477783203125 1.123123935709565
1.47802734375 0.563768265123413
1.478271484375 -0.08706833131252251
1.478515625 -0.3214600087939822
1.478759765625 -0.3577527430932877
1.47900390625 -0.3669584753325079
1.479248046875 -0.2868887957451316
1.4794921875 -0.06958264886235789
1.479736328125 0.4131862927658854
1.47998046875 1.249120649264013
1.480224609375 1.847153888028068
1.48046875 1.156463949263133
1.480712890625 -0.7940388596233756
1.48095703125 -2.308614425486661
1.481201171875 -1.916857117449752
1.4814453125 -0.3143592468359558
1.481689453125 0.6156834818023345
1.48193359375 0.3121765666852499
1.482177734375 -0.108162304025465
1.482421875 0.1568947347873857
1.482666015625 0.537596068662981
1.48291015625 0.3205165991758274
1.483154296875 -0.1478564134794936
1.4833984375 -0.1315911845089743
1.483642578125 0.2585479849595358
1.48388671875 0.2206017309685349
1.484130859375 -0.5095897098764115
1.484375 -1.10956110059986
1.484619140625 -0.5431098118771857
1.48486328125 1.12940111893537
1.485107421875 2.566292567882755
1.4853515625 2.524976404311484
1.485595703125 1.293805640342107
1.48583984375 0.2716587063536024
1.486083984375 0.1605751767684475
1.486328125 0.3182601061223098
1.486572265625 0.08210436477665659
1.48681640625 -0.2380556240802819
1.487060546875 -0.2339684342368346
1.4873046875 -0.263226440422867
1.487548828125 -0.5781497271639631
1.48779296875 -0.540678499770433
1.488037109375 0.1784155712882003
1.48828125 0.5512058469510687
1.488525390625 -0.2146623442881019
1.48876953125 -0.903017037506018
1.489013671875 0.02287194575457663
1.4892578125 1.590509519710379
1.489501953125 1.475174980481188
1.48974609375 -0.2042313807937939
1.489990234375 -0.8565714795019478
1.490234375 0.4330000721906631
1.490478515625 1.486007296776254
1.49072265625 0.7772974230263442
1.490966796875 -0.1604993489434201
1.4912109375 0.227095043578449
1.491455078125 0.6656804657700591
1.49169921875 -0.3559366456538667
1.491943359375 -1.317439430339325
1.4921875 -0.03304673808360475
1.492431640625 2.218509018900396
1.49267578125 2.352122325152949
1.492919921875 0.4806155980641207
1.4931640625 -0.3639579120833907
1.493408203125 0.5552627388826703
1.49365234375 0.5296478961441078
1.493896484375 -1.672622600099945
1.494140625 -3.358918183686439
1.494384765625 -2.213375071258815
1.49462890625 -0.03746732624425259
1.494873046875 0.2576017803476964
1.4951171875 -0.8771577088490959
1.495361328125 -0.9449535373673318
1.49560546875 0.3833216162285341
1.495849609375 1.336479041951538
1.49609375 1.464729966835898
1.496337890625 2.017311879172494
1.49658203125 3.049851202768984
1.496826171875 2.930685638284473
1.4970703125 1.1867003900058
1.497314453125 -0.5402308299155221
1.49755859375 -1.131917549466476
1.497802734375 -1.473764669373858
1.498046875 -2.312035714873836
1.498291015625 -2.638665554010091
1.49853515625 -1.652307925532642
1.498779296875 -0.6330264598998768
1.4990234375 -0.995336781078406
1.499267578125 -1.697354644621144
1.49951171875 -0.7688476387705437
1.499755859375 1.250958827809874
1.5 1.813834012981404
1.500244140625 0.3221296414192099
1.50048828125 -0.8516215954013198
1.500732421875 -0.07957657227848831
1.5009765625 1.026246738904428
1.501220703125 0.3435972243740331
1.50146484375 -1.321786467559992
1.501708984375 -1.650290588147343
1.501953125 -0.5600174139981483
1.502197265625 -0.06999349688064148
1.50244140625 -0.7540981217987293
1.502685546875 -0.9271966487920189
1.5029296875 0.1876946435153086
1.503173828125 0.957814719700584
1.50341796875 0.1641568430041077
1.503662109375 -0.8046676990479711
1.50390625 -0.2946149719040025
1.504150390625 0.7450974246018631
1.50439453125 0.3521768518003532
1.504638671875 -1.101744894937351
1.5048828125 -1.496705095374924
1.505126953125 -0.3924583052268413
1.50537109375 0.4616843967548776
1.505615234375 0.06428065907729309
1.505859375 -0.5458719847189526
1.506103515625 -0.3311121746744223
1.50634765625 0.2908570735411344
1.506591796875 0.5995877102152841
1.5068359375 0.5318462454619236
1.507080078125 -0.06142525638482012
1.50732421875 -1.46957874049502
1.507568359375 -2.799708155377026
1.5078125 -2.326249038906081
1.508056640625 -0.04643238064535923
1.50830078125 1.774957785423508
1.508544921875 1.667829746068959
1.5087890625 0.9062027563797033
1.509033203125 1.119200296689124
1.50927734375 1.662318830319461
1.509521484375 1.137940402181142
1.509765625 0.1041838786896028
1.510009765625 0.1011738420785134
1.51025390625 0.8866905425873453
1.510498046875 0.8845980525285358
1.5107421875 -0.0907423791105621
1.510986328125 -0.7414404487716514
1.51123046875 -0.7212486743045295
1.511474609375 -0.9884623965562784
1.51171875 -1.589264638357374
1.511962890625 -1.219182401923767
1.51220703125 0.445023860810451
1.512451171875 1.826647132167215
1.5126953125 1.650043023849367
1.512939453125 0.5417159166328273
1.51318359375 -0.3416095692921522
1.513427734375 -0.8487578151576689
1.513671875 -1.120065312142059
1.513916015625 -0.719611945760279
1.51416015625 0.3862946785576404
1.514404296875 1.094834829442288
1.5146484375 0.6171933533936367
1.514892578125 -0.2326914320367493
1.51513671875 -0.3814636989234952
1.515380859375 -0.2237381033101251
1.515625 -0.5971144960223125
1.515869140625 -0.8652828607744091
1.51611328125 0.09143525903417414
1.516357421875 1.350541814034602
1.5166015625 0.6895676343107956
1.516845703125 -1.702154659984606
1.51708984375 -2.559808765783552
1.517333984375 -0.006089125345005995
1.517578125 3.187022858474316
1.517822265625 3.043209049125062
1.51806640625 0.007008486741352054
1.518310546875 -1.696931075117389
1.5185546875 -0.2572742935234991
1.518798828125 1.316776597572881
1.51904296875 0.2026317422014748
1.519287109375 -1.78523947260229
1.51953125 -1.349731278675941
1.519775390625 0.7606361379608099
1.52001953125 0.934804788068244
1.520263671875 -1.346187347496878
1.5205078125 -2.579636095305144
1.520751953125 -0.8026846457815252
1.52099609375 1.493110062964398
1.521240234375 1.515204582185436
1.521484375 0.1621189691895331
1.521728515625 -0.2985000301760905
1.52197265625 0.005532548557867061
1.522216796875 -0.2310805859245587
1.5224609375 -0.4598790776305299
1.522705078125 0.5579393403570032
1.52294921875 1.867848141024661
1.523193359375 1.627709600180343
1.5234375 0.4436371472256593
1.523681640625 0.3787792589300158
1.52392578125 1.190805622550134
1.524169921875 0.7308902024127396
1.5244140625 -1.056279503038095
1.524658203125 -1.820531752277711
1.52490234375 -0.8423236515162875
1.525146484375 -0.1303659083129209
1.525390625 -0.6848470448857241
1.525634765625 -0.8549353795674592
1.52587890625 0.2794156574752167
1.526123046875 0.9435981978297078
1.5263671875 -0.06336032948568389
1.526611328125 -0.8549487192952793
1.52685546875 0.4506238942407703
1.527099609375 2.314500530212769
1.52734375 2.095575318822118
1.527587890625 0.2237633533212897
1.52783203125 -0.6461087020194056
1.528076171875 0.3132842518226264
1.5283203125 1.444320907260918
1.528564453125 1.483405106570125
1.52880859375 0.7931409125198761
1.529052734375 -0.09000587988406634
1.529296875 -1.112649888011779
1.529541015625 -1.855303017865033
1.52978515625 -1.690033413300141
1.530029296875 -0.9286747581954541
1.5302734375 -0.5379954832960658
1.530517578125 -0.7067396020299102
1.53076171875 -0.7542017082295029
1.531005859375 -0.2820296988615232
1.53125 0.5352240534830924
1.531494140625 1.428908787647438
1.53173828125 1.910338734139032
1.531982421875 1.32378670668575
1.5322265625 0.01876439512046813
1.532470703125 -0.4553187326360699
1.53271484375 0.4332972729224764
1.532958984375 0.9310674399857591
1.533203125 -0.3874948788134459
1.533447265625 -1.955056777698196
1.53369140625 -1.399138003625334
1.533935546875 0.5879707069349345
1.5341796875 1.299914041543659
1.534423828125 0.3754357775859642
1.53466796875 -0.006231276996946269
1.534912109375 0.7216089654253847
1.53515625 0.5728110871516864
1.535400390625 -1.008416655529608
1.53564453125 -1.615977854085334
1.535888671875 0.07466782200137322
1.5361328125 1.741311028775981
1.536376953125 1.07206464924204
1.53662109375 -0.5176545140144733
1.536865234375 -0.3931666260743555
1.537109375 1.054508859897533
1.537353515625 1.511817432692459
1.53759765625 0.6855980740070778
1.537841796875 0.1957720367673475
1.5380859375 0.3786113596878131
1.538330078125 0.09945552328170672
1.53857421875 -0.6394307153466295
1.538818359375 -0.6799631618167349
1.5390625 -0.2065737846464479
1.539306640625 -0.5617244371998689
1.53955078125 -1.393655317452304
1.539794921875 -0.7319301608462301
1.5400390625 1.492132195148751
1.540283203125 2.65255589528325
1.54052734375 1.198139612097718
1.540771484375 -1.142640371095679
1.541015625 -2.176878605178951
1.541259765625 -2.0632906483501
1.54150390625 -1.839497834657906
1.541748046875 -1.292679152890331
1.5419921875 -0.2244757002450241
1.542236328125 0.03506614664362158
1.54248046875 -1.312030311443431
1.542724609375 -2.406716798753549
1.54296875 -1.183478860824465
1.543212890625 1.127991273478557
1.54345703125 1.646300898604907
1.543701171875 0.2671029764782512
1.5439453125 -0.4808557359094071
1.544189453125 0.2315621710659387
1.54443359375 0.4901236979783468
1.544677734375 -0.6161315328609736
1.544921875 -1.295348859086318
1.545166015625 -0.280679383322856
1.54541015625 0.9417907465923409
1.545654296875 0.745334321881334
1.5458984375 -0.09109693419509311
1.546142578125 -0.2924096863931512
1.54638671875 -0.4960888071472335
1.546630859375 -1.590901819030692
1.546875 -2.374442877773149
1.547119140625 -1.341680309234329
1.54736328125 0.4693984450384888
1.547607421875 1.03387743077265
1.5478515625 0.8013872972973176
1.548095703125 1.768818433014521
1.54833984375 3.56956093450508
1.548583984375 3.535048023422521
1.548828125 0.9463415952675818
1.549072265625 -1.577402965932083
1.54931640625 -1.771464398590549
1.549560546875 -0.4650774485457163
1.5498046875 0.3844957212908288
1.550048828125 0.3364964293595317
1.55029296875 -0.045328217994417
1.550537109375 -0.5819118035653035
1.55078125 -1.047015811722567
1.551025390625 -0.7544778221900046
1.55126953125 0.2348347383540671
1.551513671875 0.7446868428861401
1.5517578125 0.3274959554460116
1.552001953125 0.1031854806168253
1.55224609375 0.7130290138442322
1.552490234375 0.9850097253798662
1.552734375 -0.02277545560513162
1.552978515625 -1.175366855254891
1.55322265625 -1.096998104571076
1.553466796875 -0.4691390833102731
1.5537109375 -0.607357718985208
1.553955078125 -0.9798603851774977
1.55419921875 -0.3616502599722646
1.554443359375 0.4718615673253934
1.5546875 -0.2647272618694832
1.554931640625 -2.091022964105947
1.55517578125 -2.559988417721023
1.555419921875 -0.9508622338581668
1.5556640625 0.7557637678408954
1.555908203125 1.054900745447309
1.55615234375 0.7820591082378826
1.556396484375 0.992577579988387
1.556640625 1.083488834671823
1.556884765625 0.2549081070580163
1.55712890625 -0.8034202333968984
1.557373046875 -1.012610626955631
1.5576171875 -0.4629326657202729
1.557861328125 0.2559217198231113
1.55810546875 1.083221433520142
1.558349609375 1.729869937445241
1.55859375 1.192868552167332
1.558837890625 -0.5560802245953961
1.55908203125 -1.562213262675389
1.559326171875 -0.3034335180831234
1.5595703125 1.726005757372714
1.559814453125 1.781049969841777
1.56005859375 -0.2498866816151949
1.560302734375 -1.791304565283319
1.560546875 -1.370910147546693
1.560791015625 -0.3060998859338057
1.56103515625 -0.08875363736584563
1.561279296875 -0.1876367441689838
1.5615234375 0.3562494350478814
1.561767578125 0.8828084754536285
1.56201171875 0.4079489879771986
1.562255859375 -0.175019259468408
1.5625 0.7266794961065506
1.562744140625 2.460485920789724
1.56298828125 2.574172409399678
1.563232421875 0.550908794389766
1.5634765625 -0.9829873179998853
1.563720703125 0.09147450408684951
1.56396484375 2.168019543339134
1.564208984375 2.103155296405344
1.564453125 -0.2900296236249032
1.564697265625 -1.995627359357389
1.56494140625 -0.9737532638143801
1.565185546875 1.359311127798715
1.5654296875 2.42193508180161
1.565673828125 1.609894788220886
1.56591796875 0.1035136683490078
1.566162109375 -1.201866805682113
1.56640625 -2.146972302747798
1.566650390625 -2.417841499456761
1.56689453125 -1.746001795873837
1.567138671875 -0.8248977452853234
1.5673828125 -0.697653964455649
1.567626953125 -1.165506076183664
1.56787109375 -0.9749773779545394
1.568115234375 0.2440627853895338
1.568359375 1.374345577846776
1.568603515625 1.474141616469688
1.56884765625 0.9538328140762036
1.569091796875 0.6146198859036446
1.5693359375 0.5529651609057067
1.569580078125 0.6333883984900013
1.56982421875 1.015609272218524
1.570068359375 1.409738684987204
1.5703125 0.8453280728009243
1.570556640625 -0.7368910944124782
1.57080078125 -1.649188037404417
1.571044921875 -0.6620268035994572
1.5712890625 0.7623627110596296
1.571533203125 0.3207537439527849
1.57177734375 -1.491672589506938
1.572021484375 -1.921177136571341
1.572265625 -0.3496312609796594
1.572509765625 0.4672366932934078
1.57275390625 -1.253626386778827
1.572998046875 -3.171512866189547
1.5732421875 -2.187464699862435
1.573486328125 0.7743749152211555
1.57373046875 2.114939574871929
1.573974609375 0.8266585886563982
1.57421875 -0.5608225455661032
1.574462890625 -0.2546972911688953
1.57470703125 0.5394266569815596
1.574951171875 0.3568250650341603
1.5751953125 -0.2303391882392242
1.575439453125 -0.4016342022519968
1.57568359375 -0.8590103546417089
1.575927734375 -2.027198788227239
1.576171875 -2.379600268150119
1.576416015625 -0.6789936618337928
1.57666015625 1.517310304410262
1.576904296875 1.852537086240767
1.5771484375 0.6692876979268888
1.577392578125 0.1882721875298082
1.57763671875 0.8853417398326983
1.577880859375 1.175419525507807
1.578125 0.4753278977710381
1.578369140625 0.05857065665605793
1.57861328125 0.54360894758593
1.578857421875 0.8046075689224786
1.5791015625 0.07066342471103053
1.579345703125 -0.7852051935798898
1.57958984375 -0.8496062369363258
1.579833984375 -0.4603097361552743
1.580078125 -0.1184973106126633
1.580322265625 0.4429544102521227
1.58056640625 1.298567713340649
1.580810546875 1.701274825894513
1.5810546875 1.194601994981475
1.581298828125 0.3271022425066186
1.58154296875 -0.2599204645674294
1.581787109375 -0.4224817814986554
1.58203125 0.03293026495572123
1.582275390625 1.138415874783004
1.58251953125 1.801551136733824
1.582763671875 0.7266824440560109
1.5830078125 -1.306772744390233
1.583251953125 -1.951359579937096
1.58349609375 -0.6709544706073701
1.583740234375 0.4344528068953259
1.583984375 0.0356155988358289
1.584228515625 -0.4700992559169617
1.58447265625 0.2259960378510923
1.584716796875 0.8419783464996276
1.5849609375 -0.187271030355467
1.585205078125 -1.728840405427233
1.58544921875 -1.591533311329689
1.585693359375 0.09320295889375005
1.5859375 1.338951410663979
1.586181640625 1.26101496822784
1.58642578125 0.5961181003926959
1.586669921875 0.06405802156003329
1.5869140625 -0.01504320780370201
1.587158203125 0.6690342576043109
1.58740234375 1.530865828067374
1.587646484375 0.9281732647476405
1.587890625 -1.316460326522346
1.588134765625 -2.58879143645687
1.58837890625 -0.9018299409827168
1.588623046875 1.693457388612556
1.5888671875 1.818900941605144
1.589111328125 -0.1819068653448273
1.58935546875 -1.032295798761632
1.589599609375 0.2194248882350054
1.58984375 1.115834494465353
1.590087890625 0.09729301674290092
1.59033203125 -1.332555670897156
1.590576171875 -1.470840446318219
1.5908203125 -0.7153973213565887
1.591064453125 -0.1063279421193439
1.59130859375 0.1355190131614526
1.591552734375 -0.1756224507394098
1.591796875 -1.316285968307602
1.592041015625 -2.314546437273406
1.59228515625 -1.571600924257797
1.592529296875 0.5233978397031945
1.5927734375 1.669293404962565
1.593017578125 0.9692392906764545
1.59326171875 0.04930590307245467
1.593505859375 0.2032967464645503
1.59375 0.6382236070778651
1.593994140625 0.4192527266334291
1.59423828125 0.02456019407338699
1.594482421875 -0.01888151170359325
1.5947265625 -0.1261239035356386
1.594970703125 -0.4431312183069671
1.59521484375 -0.5054522576495623
1.595458984375 -0.6462210991318743
1.595703125 -1.608428640830633
1.595947265625 -2.380155781086973
1.59619140625 -1.109638906309144
1.596435546875 1.239859854786695
1.5966796875 1.390624611282872
1.596923828125 -0.9663167079990912
1.59716796875 -1.983020625724819
1.597412109375 0.3275026788785078
1.59765625 2.53329830636057
1.597900390625 1.113996568867819
1.59814453125 -1.877130084290138
1.598388671875 -2.134203050487297
1.5986328125 0.3426980821002637
1.598876953125 2.016100277281066
1.59912109375 1.551717767009455
1.599365234375 0.7497966092646003
1.599609375 0.5498118222606457
1.599853515625 -0.06560676376398235
1.60009765625 -1.278603638196881
1.600341796875 -1.797662682750392
1.6005859375 -1.217317435509045
1.600830078125 -0.4719848248767145
1.60107421875 0.02410425349525546
1.601318359375 0.4600351687909256
1.6015625 0.3182372510734824
1.601806640625 -0.6377571989870894
1.60205078125 -0.7300161845110105
1.602294921875 1.559262150025603
1.6025390625 4.429975777441454
1.602783203125 4.624188757569905
1.60302734375 2.095875886252418
1.603271484375 -0.216645705860543
1.603515625 -0.9953751462993716
1.603759765625 -1.539560621411097
1.60400390625 -2.143210767189824
1.604248046875 -1.25407237269923
1.6044921875 0.9416614179551615
1.604736328125 1.71715453217946
1.60498046875 0.05125246893551171
1.605224609375 -1.428591730638502
1.60546875 -0.4463820678362163
1.605712890625 1.668221825155622
1.60595703125 2.478053773913252
1.606201171875 1.76485305075567
1.6064453125 0.5647327661606851
1.606689453125 -0.8640191772566961
1.60693359375 -2.202216700466786
1.607177734375 -2.240880529614619
1.607421875 -0.8739253088847839
1.607666015625 -0.1152135379918588
1.60791015625 -1.183571797536247
1.608154296875 -2.323479108695212
1.6083984375 -1.584065563333986
1.608642578125 -0.06542123951146071
1.60888671875 -0.02767135295612808
1.609130859375 -1.147105140425932
1.609375 -1.238136750909417
1.609619140625 0.1647693652500062
1.60986328125 1.444943462995923
1.610107421875 1.641498753389579
1.6103515625 1.272942677706844
1.610595703125 0.7075537972053758
1.61083984375 -0.1442737082400018
1.611083984375 -0.6151065920272049
1.611328125 0.1762017977444595
1.611572265625 1.441395390896134
1.61181640625 1.327706009901819
1.612060546875 -0.2426762210929564
1.6123046875 -1.171274693501771
1.612548828125 -0.2773565112147383
1.61279296875 0.8698522088917782
1.613037109375 0.3229588753685615
1.61328125 -1.22775105300999
1.613525390625 -1.30012545432583
1.61376953125 0.8480463054049229
1.614013671875 2.92935825844655
1.6142578125 2.410109380547655
1.614501953125 -0.2213891858213955
1.61474609375 -2.009889706080211
1.614990234375 -1.279920517659252
1.615234375 0.4114670420837113
1.615478515625 0.7516326273748183
1.61572265625 -0.0856830815585595
1.615966796875 -0.1586161331424847
1.6162109375 1.004586168280147
1.616455078125 1.875448819678265
1.61669921875 1.556288703306769
1.616943359375 0.8354569902894444
1.6171875 0.2070296746567785
1.617431640625 -1.021215011959626
1.61767578125 -2.777733796886464
1.617919921875 -3.456385632172477
1.6181640625 -2.388259783761486
1.618408203125 -1.26077827786932
1.61865234375 -1.552486004544251
1.618896484375 -2.189574165409903
1.619140625 -1.456353100545996
1.619384765625 0.2366711759670086
1.61962890625 1.361160544192544
1.619873046875 1.74524978876352
1.6201171875 2.041934067271944
1.620361328125 1.870385984812047
1.62060546875 0.6705926341964508
1.620849609375 -0.456371955522711
1.62109375 -0.0225304302038069
1.621337890625 1.292073504888296
1.62158203125 1.517873808083928
1.621826171875 0.422017315333197
1.6220703125 -0.4322908425975292
1.622314453125 -0.3406386313513669
1.62255859375 -0.1029141160133756
1.622802734375 -0.1892728526486055
1.623046875 -0.2353457397548456
1.623291015625 -0.2675999453318768
1.62353515625 -0.6039961605307295
1.623779296875 -0.7341067269852474
1.6240234375 -0.1065118095014758
1.624267578125 0.3603686199785775
1.62451171875 -0.4228106639370878
1.624755859375 -1.376063492048761
1.625 -0.5879821643560084
1.625244140625 1.312808757567117
1.62548828125 1.803253732591627
1.625732421875 0.4906562798809568
1.6259765625 -0.3504752999253088
1.626220703125 0.3845885060623566
1.62646484375 1.179877861241645
1.626708984375 0.9884268552856706
1.626953125 0.8305844507346806
1.627197265625 1.212524292982434
1.62744140625 0.8057435677183615
1.627685546875 -0.8247038852679407
1.6279296875 -1.810795407762958
1.628173828125 -0.9938921408737067
1.62841796875 0.1005151760082158
1.628662109375 0.1063371900041768
1.62890625 0.171054827493502
1.629150390625 1.330641424944938
1.62939453125 1.957319133424324
1.629638671875 0.532175169998313
1.6298828125 -1.063458086628446
1.630126953125 -0.1896873016268986
1.63037109375 1.995891459705451
1.630615234375 1.979116257525329
1.630859375 -0.7215534359240838
1.631103515625 -2.80956654083947
1.63134765625 -1.921224832960366
1.631591796875 0.6568026327939837
1.6318359375 2.386418475057855
1.632080078125 2.321545555307479
1.63232421875 1.026386620100414
1.632568359375 -0.4638093082365422
1.6328125 -1.061219140243675
1.633056640625 -0.5108391691134863
1.63330078125 -0.1512106679004102
1.633544921875 -1.359983288780704
1.6337890625 -3.179376919671592
1.634033203125 -3.180546233982761
1.63427734375 -0.9090594146730558
1.634521484375 1.348167180457156
1.634765625 1.7332511728356
1.635009765625 0.9544477712730408
1.63525390625 0.4497529962687661
1.635498046875 0.1467362042857232
1.6357421875 -0.6526911416422809
1.635986328125 -1.458527927965044
1.63623046875 -1.271207894277317
1.636474609375 -0.4299403348643134
1.63671875 -0.2596934235226657
1.636962890625 -0.9970148425904407
1.63720703125 -1.367808222652293
1.637451171875 -0.5180218771769523
1.6376953125 0.6346413479274138
1.637939453125 0.6204648939747318
1.63818359375 -0.5411662073649728
1.638427734375 -1.32132299500461
1.638671875 -0.7079455536848538
1.638916015625 0.4435533699968555
1.63916015625 0.5336153283033811
1.639404296875 -0.6700723120342763
1.6396484375 -1.675288778686866
1.639892578125 -1.057833905013517
1.64013671875 0.8632843077775852
1.640380859375 2.369564602739146
1.640625 2.191972126407066
1.640869140625 0.8811246688847513
1.64111328125 0.2048492654361037
1.641357421875 0.9470851569929454
1.6416015625 1.614484098576636
1.641845703125 0.2949860079385911
1.64208984375 -2.190170854585971
1.642333984375 -2.693369781370798
1.642578125 -0.2011137392163808
1.642822265625 2.104262017354777
1.64306640625 1.271645001902242
1.643310546875 -0.7097833835306698
1.6435546875 0.1973599775425187
1.643798828125 3.480941903969823
1.64404296875 4.41097381694336
1.644287109375 1.223499230017415
1.64453125 -2.248405129942371
1.644775390625 -2.557169956883759
1.64501953125 -1.280522187547319
1.645263671875 -1.300133058263534
1.6455078125 -1.957521782290356
1.645751953125 -1.148097540659801
1.64599609375 0.4230467610400986
1.646240234375 0.6533810257125005
1.646484375 -0.1184674604367348
1.646728515625 -0.1189495922218824
1.64697265625 0.4120544539201986
1.647216796875 0.05881952658918895
1.6474609375 -0.7036040741255959
1.647705078125 -0.5452844931165683
1.64794921875 -0.2468127981386793
1.648193359375 -1.203813631335665
1.6484375 -1.979040798499265
1.648681640625 -0.1237607239897064
1.64892578125 3.125395247671882
1.649169921875 3.900409555302689
1.6494140625 1.424982013463507
1.649658203125 -1.090034618228717
1.64990234375 -1.520675329182755
1.650146484375 -1.087202464431609
1.650390625 -1.049181376340105
1.650634765625 -0.8781464310618746
1.65087890625 -0.5963117950591514
1.651123046875 -1.343812860063223
1.6513671875 -2.483815142309662
1.651611328125 -1.619718408503094
1.65185546875 1.157374228461436
1.652099609375 2.487262921656512
1.65234375 0.8655343290632359
1.652587890625 -0.8116263832483546
1.65283203125 0.1059543553816815
1.653076171875 1.961572822752846
1.6533203125 1.876140651918353
1.653564453125 0.2447530932826931
1.65380859375 -0.5787435065028836
1.654052734375 -0.0630537467788012
1.654296875 0.6137748870479589
1.654541015625 0.836739572041707
1.65478515625 0.4673604225845742
1.655029296875 -0.9356539483146408
1.6552734375 -2.729857116487846
1.655517578125 -2.72034530786586
1.65576171875 -0.2699301245077192
1.656005859375 1.817695315914236
1.65625 0.9356608663163724
1.656494140625 -1.35846899714539
1.65673828125 -1.671930878020121
1.656982421875 0.1807987199535883
1.6572265625 1.357061596963436
1.657470703125 0.506665585223177
1.65771484375 -0.7402089359060738
1.657958984375 -0.727048737003491
1.658203125 0.226850910443772
1.658447265625 1.069552798879404
1.65869140625 1.376584688866794
1.658935546875 1.099259933567526
1.6591796875 0.3407854659560576
1.659423828125 -0.3381018385633078
1.65966796875 -0.3391857929243365
1.659912109375 0.2263163246071806
1.66015625 0.8360664236935736
1.660400390625 1.199136134812298
1.66064453125 1.033915670847364
1.660888671875 0.01156171065782086
1.6611328125 -1.308107770725077
1.661376953125 -1.453987328676374
1.66162109375 0.05592915207892672
1.661865234375 1.723603131577826
1.662109375 2.005501454424444
1.662353515625 1.274624820443219
1.66259765625 0.7817166037791188
1.662841796875 0.6836981806392963
1.6630859375 0.3308702993051311
1.663330078125 -0.3632726176683723
1.66357421875 -1.012542445046469
1.663818359375 -1.438162087836026
1.6640625 -1.335106043037674
1.664306640625 -0.2318461058909374
1.66455078125 1.369075508470879
1.664794921875 2.012798420208488
1.6650390625 1.332702601447172
1.665283203125 0.6716246912996222
1.66552734375 0.7726865973671936
1.665771484375 0.5908403248206284
1.666015625 -0.4541178522419074
1.666259765625 -1.042482617220942
1.66650390625 -0.3173742506502488
1.666748046875 0.3478634266396874
1.6669921875 -0.2062466466033249
1.667236328125 -0.7656272834105841
1.66748046875 -0.1725928189729904
1.667724609375 0.2130841204709391
1.66796875 -0.8882884935019354
1.668212890625 -1.647600563200912
1.66845703125 0.1006576176233241
1.668701171875 2.657003879665255
1.6689453125 2.592888503291553
1.669189453125 0.05991852065945179
1.66943359375 -1.646832192024673
1.669677734375 -1.20242799223925
1.669921875 -0.2925404895372843
1.670166015625 0.1474699260057755
1.67041015625 0.9591540947093239
1.670654296875 1.800062762948555
1.6708984375 0.8557261972577928
1.671142578125 -1.672721219993596
1.67138671875 -3.070187687424264
1.671630859375 -2.155005834077284
1.671875 -0.9047224514571129
1.672119140625 -0.9107530363675297
1.67236328125 -1.00195244424211
1.672607421875 0.1775455371543601
1.6728515625 1.682819939821399
1.673095703125 2.002259426404349
1.67333984375 1.361332784877012
1.673583984375 0.784507579026426
1.673828125 0.3952040023231249
1.674072265625 -0.09348324928483562
1.67431640625 -0.530355493040929
1.674560546875 -0.9368742536956691
1.6748046875 -1.66644263324962
1.675048828125 -2.258363651020137
1.67529296875 -1.610046765900231
1.675537109375 0.04314183029955409
1.67578125 0.9360059300074773
1.676025390625 0.3303341922811432
1.67626953125 -0.3680608976536668
1.676513671875 0.06481144449478725
1.6767578125 0.8247862560509676
1.677001953125 0.6317654555234381
1.67724609375 -0.2389682206108864
1.677490234375 -0.6193386041473605
1.677734375 -0.1483634946064662
1.677978515625 0.5892872615949859
1.67822265625 0.8492666671805668
1.678466796875 0.1806486120664007
1.6787109375 -1.048727107071225
1.678955078125 -1.498005548325459
1.67919921875 -0.4352060244618669
1.679443359375 0.6376366937975624
1.6796875 -0.3101483805193775
1.679931640625 -2.453212402681994
1.68017578125 -2.669422642141773
1.680419921875 -0.07521106226981716
1.6806640625 2.36860684596522
1.680908203125 1.983677009775572
1.68115234375 -0.04518220292669522
1.681396484375 -0.8557990127227265
1.681640625 0.1017069779215805
1.681884765625 1.202366740131202
1.68212890625 1.496724192915782
1.682373046875 1.345832079123328
1.6826171875 0.8592748520887293
1.682861328125 -0.3679027882388369
1.68310546875 -1.977696688042001
1.683349609375 -2.710300931464011
1.68359375 -1.845293750704171
1.683837890625 -0.08502861058649562
1.68408203125 1.168058899741339
1.684326171875 1.161391027192296
1.6845703125 0.4571644878580165
1.684814453125 0.1954013994415764
1.68505859375 0.5136816526309979
1.685302734375 0.2261461792508462
1.685546875 -1.273411941309273
1.685791015625 -2.595922513141829
1.68603515625 -2.168537921601779
1.686279296875 -0.7575427816787176
1.6865234375 -0.3185040381648687
1.686767578125 -0.7971941488447499
1.68701171875 -0.4327358705589169
1.687255859375 0.8355849010954417
1.6875 1.073282834215151
1.687744140625 0.001636008116233074
1.68798828125 -0.08514928688419635
1.688232421875 1.657795607854865
1.6884765625 2.675434732748377
1.688720703125 1.146932990265339
1.68896484375 -0.6275695407996139
1.689208984375 0.1946174092312621
1.689453125 2.119287645268549
1.689697265625 1.491585213334828
1.68994140625 -1.536647360163069
1.690185546875 -2.938007507351603
1.6904296875 -0.8222243089933075
1.690673828125 1.855802377250329
1.69091796875 1.732123216407559
1.691162109375 -0.4142716060118954
1.69140625 -1.327473559765761
1.691650390625 0.08083050355660046
1.69189453125 1.752988768657259
1.692138671875 1.677709055028361
1.6923828125 0.3557683065373765
1.692626953125 -0.3473041479011147
1.69287109375 0.2049547176198583
1.693115234375 0.8685017251832324
1.693359375 0.5412702260710163
1.693603515625 -0.4016365978130563
1.69384765625 -0.9210971148929132
1.694091796875 -0.8163561300792174
1.6943359375 -0.561331683177527
1.694580078125 -0.1491128467146312
1.69482421875 0.714836407884061
1.695068359375 1.465154645283626
1.6953125 1.117479359411627
1.695556640625 0.0005430175641302281
1.69580078125 -0.421206941131517
1.696044921875 0.1214277193127267
1.6962890625 0.1164377937238337
1.696533203125 -1.17189266618382
1.69677734375 -2.117459713198298
1.697021484375 -1.043152076086906
1.697265625 1.073244155118129
1.697509765625 1.834007477243611
1.69775390625 0.6510340575291297
1.697998046875 -0.9003915314109443
1.6982421875 -1.553633926534908
1.698486328125 -1.470973358892236
1.69873046875 -0.9366940459420665
1.698974609375 0.2592811207682774
1.69921875 1.535514021136769
1.699462890625 1.209375081809843
1.69970703125 -1.231989677609674
1.699951171875 -3.459303796822915
1.7001953125 -2.558996664605386
1.700439453125 1.055695320086945
1.70068359375 3.568683221250801
1.700927734375 2.35158357631246
1.701171875 -0.619621818142485
1.701416015625 -1.347974138012968
1.70166015625 0.914270309839221
1.701904296875 2.935736194965082
1.7021484375 2.120694025681619
1.702392578125 -0.3124014552914305
1.70263671875 -1.732792682020213
1.702880859375 -1.664979185351477
1.703125 -1.166891963255687
1.703369140625 -0.1936783320439764
1.70361328125 1.906816920695898
1.703857421875 3.889560313614707
1.7041015625 3.300497031105329
1.704345703125 0.0950636298970447
1.70458984375 -2.577481643069087
1.704833984375 -2.125708872427166
1.705078125 0.4218800690733256
1.705322265625 2.041115498050245
1.70556640625 1.338814329612645
1.705810546875 -0.3873201728507746
1.7060546875 -1.114466832626816
1.706298828125 -0.3017445311087106
1.70654296875 0.8254395928665343
1.706787109375 0.8983105741036699
1.70703125 0.05844004243214942
1.707275390625 -0.4493458807428325
1.70751953125 -0.2179649354384341
1.707763671875 -0.1430867473759896
1.7080078125 -0.6406955922710867
1.708251953125 -0.8327141252480333
1.70849609375 -0.2941451562336074
1.708740234375 -0.006749367178264922
1.708984375 -0.4022123490081184
1.709228515625 -0.2565907450407452
1.70947265625 0.8609424356193676
1.709716796875 1.08010390774608
1.7099609375 -0.5690498533567084
1.710205078125 -1.570797059234964
1.71044921875 0.3472757569056402
1.710693359375 2.755197364634524
1.7109375 1.734745637353176
1.711181640625 -1.679410164441316
1.71142578125 -2.816043443379054
1.711669921875 -0.7020725634640553
1.7119140625 0.8066026509193386
1.712158203125 -0.2944602072215686
1.71240234375 -1.34486173313956
1.712646484375 -0.3651320179073543
1.712890625 0.5140460175579505
1.713134765625 -0.6368891258995301
1.71337890625 -1.861386166530147
1.713623046875 -0.8690480780485474
1.7138671875 0.9712694285866267
1.714111328125 1.199597037556703
1.71435546875 0.205051975942025
1.714599609375 -0.2873183817874964
1.71484375 -0.4398562633746104
1.715087890625 -1.237732059539317
1.71533203125 -2.067434529148803
1.715576171875 -1.897358548425527
1.7158203125 -1.255821518265255
1.716064453125 -0.8753525897055344
1.71630859375 -0.08690895912261484
1.716552734375 1.455672981407469
1.716796875 2.368303279962101
1.717041015625 1.839455179415253
1.71728515625 1.278261822625515
1.717529296875 1.630657459783349
1.7177734375 1.332391920233874
1.718017578125 -0.754295562586898
1.71826171875 -2.695992108181014
1.718505859375 -2.399759984754784
1.71875 -0.9732186939135181
1.718994140625 -0.4143881732784407
1.71923828125 -0.1210740622394575
1.719482421875 1.258621817005067
1.7197265625 2.528264548693572
1.719970703125 1.827421254588259
1.72021484375 0.1536432982685077
1.720458984375 -0.2952402686704976
1.720703125 0.180835062071699
1.720947265625 -0.04746257051115184
1.72119140625 -0.6015057969967671
1.721435546875 -0.2539087278408778
1.7216796875 0.1002010600390427
1.721923828125 -0.8662942270627825
1.72216796875 -1.76193594956791
1.722412109375 -0.7531825218458807
1.72265625 0.5342482155129454
1.722900390625 -0.4467389953819243
1.72314453125 -2.129483277684398
1.723388671875 -1.093977354412072
1.7236328125 1.607029570793385
1.723876953125 1.716058286155958
1.72412109375 -0.8317382778781844
1.724365234375 -1.491367493963446
1.724609375 1.050081121688972
1.724853515625 2.343544761836845
1.72509765625 -0.4048062104717262
1.725341796875 -3.541795329063975
1.7255859375 -2.742660703653681
1.725830078125 0.4938698981190501
1.72607421875 1.764128349054943
1.726318359375 0.2765927342949373
1.7265625 -1.188914387255287
1.726806640625 -1.002366049173853
1.72705078125 -0.08917776518976463
1.727294921875 0.4258751800720695
1.7275390625 0.4437381399807663
1.727783203125 0.2525619744969657
1.72802734375 0.2686090722121846
1.728271484375 0.7954228440128163
1.728515625 1.16297360348288
1.728759765625 0.3144871113343945
1.72900390625 -1.07069620052124
1.729248046875 -0.9010061874446472
1.7294921875 0.9077001411580977
1.729736328125 1.606312338989436
1.72998046875 -0.2254732415790384
1.730224609375 -2.003685938586368
1.73046875 -0.8910661226690701
1.730712890625 1.696753352980056
1.73095703125 2.130982404893171
1.731201171875 -0.07634555755153177
1.7314453125 -1.886909207869198
1.731689453125 -1.273111873059489
1.73193359375 0.5729186620054951
1.732177734375 1.719617075483712
1.732421875 1.840751302218943
1.732666015625 1.500131575032844
1.73291015625 0.9644249225561657
1.733154296875 0.5563920712653851
1.7333984375 0.8329721019310693
1.733642578125 1.570144224179408
1.73388671875 1.571081033365108
1.734130859375 0.2947485425364297
1.734375 -1.090427289467738
1.734619140625 -1.133314689572207
1.73486328125 -0.07609975129876083
1.735107421875 0.5181971312277949
1.7353515625 -0.04896609408450015
1.735595703125 -0.7443696298117078
1.73583984375 -0.3969057038865811
1.736083984375 0.6390178804652716
1.736328125 1.096707371980956
1.736572265625 0.5853959082756672
1.73681640625 -0.1657178033528438
1.737060546875 -0.6665028273695092
1.7373046875 -1.125706794161138
1.737548828125 -1.364433942058117
1.73779296875 -0.5546434875450464
1.738037109375 1.258011955640361
1.73828125 2.488187955677823
1.738525390625 1.884070810857425
1.73876953125 0.2152565089678074
1.739013671875 -0.9635728704669799
1.7392578125 -1.38143545693498
1.739501953125 -1.629711823582611
1.73974609375 -1.50678880725227
1.739990234375 -0.4196129156965384
1.740234375 1.02601588458774
1.740478515625 1.541444189492901
1.74072265625 1.08409666096227
1.740966796875 0.6539616973401702
1.7412109375 0.3149736858562925
1.741455078125 -0.7682930020168048
1.74169921875 -2.212051189655481
1.741943359375 -2.296419254661088
1.7421875 -0.581776720195731
1.742431640625 1.065385269373021
1.74267578125 0.9396624698560313
1.742919921875 -0.3841721488061321
1.7431640625 -1.280596446527764
1.743408203125 -1.176105960203886
1.74365234375 -0.4639568019621436
1.743896484375 0.5428848349898744
1.744140625 1.432662696314196
1.744384765625 1.342867258582803
1.74462890625 0.01388089051585195
1.744873046875 -1.326107298056238
1.7451171875 -1.237212713714817
1.745361328125 0.06160040355232036
1.74560546875 1.029848155545996
1.745849609375 0.8073630172664678
1.74609375 0.01307057786266824
1.746337890625 -0.3791973426818431
1.74658203125 -0.1532515935410295
1.746826171875 0.2821596267549447
1.7470703125 0.4967599026021878
1.747314453125 0.254031826892441
1.74755859375 -0.4424830647061478
1.747802734375 -1.208446914274926
1.748046875 -1.427379693903061
1.748291015625 -0.8439631086623173
1.74853515625 0.09843499370245631
1.748779296875 0.7900128921427771
1.7490234375 1.241998108619984
1.749267578125 1.929491629036517
1.74951171875 2.778845172457336
1.749755859375 2.887858484564174
1.75 1.684360884589416
1.750244140625 -0.1147092099627283
1.75048828125 -1.334911245316228
1.750732421875 -1.733328481271874
1.7509765625 -1.758791007747569
1.751220703125 -1.353612450043972
1.75146484375 -0.2059595329544103
1.751708984375 0.9318369315597227
1.751953125 0.6524039022329341
1.752197265625 -1.010519239305987
1.75244140625 -2.231738789644879
1.752685546875 -1.740006715011887
1.7529296875 -0.3359747553535814
1.753173828125 0.5710620851214726
1.75341796875 0.7346428472092018
1.753662109375 0.5851782948889649
1.75390625 0.1675326154034253
1.754150390625 -0.4194131933256957
1.75439453125 -0.5263088084598264
1.754638671875 0.04467175645856156
1.7548828125 0.4080653650626096
1.755126953125 -0.03001932104681363
1.75537109375 -0.4482007565975917
1.755615234375 0.06116949578644944
1.755859375 0.8783254573262316
1.756103515625 0.7665192047810041
1.75634765625 -0.2356494835277297
1.756591796875 -0.9548796541299475
1.7568359375 -0.6486331496008457
1.757080078125 0.4479507405723462
1.75732421875 1.597557317406283
1.757568359375 1.857299533415738
1.7578125 0.6238952267005747
1.758056640625 -1.368616832202563
1.75830078125 -2.373927806426403
1.758544921875 -1.655758855345627
1.7587890625 -0.3303856604155894
1.759033203125 0.3753841942271742
1.75927734375 0.5521951668494695
1.759521484375 0.6322421528346414
1.759765625 0.3802278693261617
1.760009765625 -0.2134832939358321
1.76025390625 -0.388259994930686
1.760498046875 0.06314603983350327
1.7607421875 0.2836407085879021
1.760986328125 0.02344513792081183
1.76123046875 0.2143208849708618
1.761474609375 1.004777880654746
1.76171875 1.176771315379317
1.761962890625 0.5368570946656378
1.76220703125 0.5224159994218005
1.762451171875 1.094809079799997
1.7626953125 -0.1059075606242561
1.762939453125 -3.438340620115521
1.76318359375 -5.131206147881934
1.763427734375 -2.480952834862303
1.763671875 1.481254528466102
1.763916015625 2.144300390803084
1.76416015625 -0.0195938702088942
1.764404296875 -0.9804620457231786
1.7646484375 0.3135772122033865
1.764892578125 1.33875844588846
1.76513671875 1.022052768186396
1.765380859375 0.9090434927979855
1.765625 1.458377556234705
1.765869140625 1.236014986782472
1.76611328125 0.0633884497623855
1.766357421875 -0.5677743310084507
1.7666015625 -0.4214224263171957
1.766845703125 -0.6154487268657859
1.76708984375 -0.8860635545094062
1.767333984375 -0.08579500199933295
1.767578125 0.8336442309004918
1.767822265625 -0.07112892248335419
1.76806640625 -1.882449440366268
1.768310546875 -1.931731239375867
1.7685546875 -0.5544657544229108
1.768798828125 -0.474382674288149
1.76904296875 -1.481875717933001
1.769287109375 -0.5923835697357819
1.76953125 1.923282055584424
1.769775390625 1.962333388222093
1.77001953125 -1.42255841163606
1.770263671875 -3.631133776478164
1.7705078125 -1.502247478981831
1.770751953125 1.991514683800236
1.77099609375 2.900237643288147
1.771240234375 1.857709201378622
1.771484375 1.196850990694376
1.771728515625 0.4176587855553563
1.77197265625 -1.609859893039442
1.772216796875 -3.067213051008135
1.7724609375 -1.892184827921137
1.772705078125 0.2147979924658573
1.77294921875 0.2966355812367492
1.773193359375 -1.130261797273178
1.7734375 -1.364519041849052
1.773681640625 -0.01801637327616997
1.77392578125 1.143957920612832
1.774169921875 1.644466848826384
1.7744140625 2.36476024635887
1.774658203125 3.014590242257699
1.77490234375 2.396072228473921
1.775146484375 0.6362990998186621
1.775390625 -1.088173108895919
1.775634765625 -2.275960228281066
1.77587890625 -2.682092188634457
1.776123046875 -1.493296949374861
1.7763671875 0.9962752793846298
1.776611328125 2.397961276076348
1.77685546875 1.305189547329825
1.777099609375 -0.1025278718227843
1.77734375 0.8776728791435939
1.777587890625 3.206921362806484
1.77783203125 3.781010795807442
1.778076171875 2.186345797147385
1.7783203125 0.6119083365692572
1.778564453125 -0.2219565111600969
1.77880859375 -1.66714590737462
1.779052734375 -3.74434987481492
1.779296875 -4.32562945189038
1.779541015625 -2.409434950334998
1.77978515625 0.1825714702502277
1.780029296875 1.225035048471249
1.7802734375 0.5878189446492684
1.780517578125 -0.2215173251068547
1.78076171875 0.1461511305636858
1.781005859375 1.685248576436697
1.78125 2.790177834630504
1.781494140625 1.649284188543829
1.78173828125 -1.247797667814905
1.781982421875 -3.006988697630122
1.7822265625 -1.958009544508032
1.782470703125 -0.03188284368052068
1.78271484375 0.2138401120994001
1.782958984375 -0.5809326362686467
1.783203125 -0.1792241799870401
1.783447265625 1.094086238596739
1.78369140625 0.9107853261902317
1.783935546875 -0.8574608475321523
1.7841796875 -1.766899896915161
1.784423828125 -0.8544318946012428
1.78466796875 0.02197462850876834
1.784912109375 -0.3470503934850793
1.78515625 -0.5446136847889157
1.785400390625 0.6820181696198425
1.78564453125 2.000179341539711
1.785888671875 1.557137343917289
1.7861328125 -0.1523280403661157
1.786376953125 -1.170606109014847
1.78662109375 -0.8114534234892854
1.786865234375 -0.03376715280910256
1.787109375 0.3200261093859633
1.787353515625 0.414426145210612
1.78759765625 0.7352697607954778
1.787841796875 1.331205633243245
1.7880859375 1.759930156639892
1.788330078125 1.480823454820148
1.78857421875 0.4024983083340718
1.788818359375 -0.8977802875051669
1.7890625 -1.696289762788743
1.789306640625 -1.762499752221907
1.78955078125 -1.249923990515211
1.789794921875 -0.3042134709883872
1.7900390625 0.7772719911226795
1.790283203125 1.416806813183914
1.79052734375 1.392600420326593
1.790771484375 1.218037068835617
1.791015625 1.295561844911837
1.791259765625 1.230430498876032
1.79150390625 0.6991813050078615
1.791748046875 0.289302328231829
1.7919921875 0.447295836361219
1.792236328125 0.3065782265201304
1.79248046875 -1.024425567830807
1.792724609375 -2.492124129423854
1.79296875 -2.137290182044324
1.793212890625 -0.06515153565381879
1.79345703125 1.414397653242764
1.793701171875 1.043535872546829
1.7939453125 0.3022805773309252
1.794189453125 0.8903453782321897
1.79443359375 1.930083993188446
1.794677734375 1.188991026962978
1.794921875 -1.518903851037706
1.795166015625 -3.713186356533392
1.79541015625 -3.253487688406165
1.795654296875 -0.8962125846266814
1.7958984375 0.7961723875596315
1.796142578125 0.5828534600610585
1.79638671875 -0.2309191098969999
1.796630859375 0.2320412669758364
1.796875 1.922519010747161
1.797119140625 2.941548838895934
1.79736328125 1.903010710046934
1.797607421875 -0.453747177214011
1.7978515625 -2.214515230561608
1.798095703125 -2.403225109765618
1.79833984375 -1.750279551802462
1.798583984375 -1.438770091488525
1.798828125 -1.444602519912174
1.799072265625 -0.5597269009025233
1.79931640625 1.679631632831939
1.799560546875 3.594679642397454
1.7998046875 2.935193391185995
1.800048828125 -0.08426095519734479
1.80029296875 -2.671861062923093
1.800537109375 -3.006673739431933
1.80078125 -2.373392665776088
1.801025390625 -2.521666160150614
1.80126953125 -2.571750996943239
1.801513671875 -0.8042517322696108
1.8017578125 1.617768869586938
1.802001953125 1.740559647639351
1.80224609375 -0.4904020595605708
1.802490234375 -1.71434108583937
1.802734375 -0.04205643114617628
1.802978515625 2.356726274974434
1.80322265625 2.822771913945607
1.803466796875 1.841764730932833
1.8037109375 1.306083942813087
1.803955078125 1.174483418904847
1.80419921875 0.1235391006688881
1.804443359375 -1.612884939545419
1.8046875 -2.211314772635966
1.804931640625 -0.7936089549970896
1.80517578125 1.384987242826737
1.805419921875 2.250088141075584
1.8056640625 0.8889692047806907
1.805908203125 -1.394639388464766
1.80615234375 -2.00452247740481
1.806396484375 0.01206557401345177
1.806640625 2.197434347955224
1.806884765625 1.52911505380585
1.80712890625 -1.134798321256555
1.807373046875 -1.932034168127564
1.8076171875 0.2960708995273021
1.807861328125 2.229982608548452
1.80810546875 1.336783830655417
1.808349609375 -0.2462542026334875
1.80859375 0.4958676599701871
1.808837890625 2.421249232431112
1.80908203125 2.232603850032338
1.809326171875 -0.1082844260430964
1.8095703125 -1.428978156253566
1.809814453125 -0.2895175923775489
1.81005859375 1.160194452727864
1.810302734375 0.526938296891172
1.810546875 -1.832031445833111
1.810791015625 -3.667804670679995
1.81103515625 -3.360783351229756
1.811279296875 -1.33009810022183
1.8115234375 0.3927046506163813
1.811767578125 0.253558945269553
1.81201171875 -0.9230647804892794
1.812255859375 -1.144648205361189
1.8125 -0.4603844098093486
1.812744140625 -0.8936032543405784
1.81298828125 -2.496149733014578
1.813232421875 -2.293282027398004
1.8134765625 1.035927013620297
1.813720703125 4.199082080959514
1.81396484375 3.692906515025647
1.814208984375 0.8353678251588783
1.814453125 -0.7412642914160257
1.814697265625 -0.6144012532747356
1.81494140625 -0.9613617909195925
1.815185546875 -1.998658522016715
1.8154296875 -2.131242424571439
1.815673828125 -1.800377099144038
1.81591796875 -2.900171931887327
1.816162109375 -4.471585190973399
1.81640625 -3.241441724410874
1.816650390625 0.8805240722963111
1.81689453125 3.7745672199054
1.817138671875 2.855700245364792
1.8173828125 0.4629751329295373
1.817626953125 -0.1089172196781004
1.81787109375 0.915759239744753
1.818115234375 1.230774974468222
1.818359375 0.2027999653732341
1.818603515625 -0.8233577502092952
1.81884765625 -0.7278563740372785
1.819091796875 0.3523381364256892
1.8193359375 1.466345441496721
1.819580078125 1.622419171849738
1.81982421875 0.8129881418897034
1.820068359375 0.2793000437955746
1.8203125 0.764894134811271
1.820556640625 1.027375552490566
1.82080078125 -0.3068003387397351
1.821044921875 -2.060273069183606
1.8212890625 -1.899591510279631
1.821533203125 0.03894189040305661
1.82177734375 1.518989283343685
1.822021484375 1.930762819829833
1.822265625 2.603553506955583
1.822509765625 3.31485438105775
1.82275390625 2.04103211656207
1.822998046875 -0.9121778925853853
1.8232421875 -2.123033768300716
1.823486328125 -0.1186879596381249
1.82373046875 1.992408758646937
1.823974609375 1.23255609854661
1.82421875 -0.7017143774833725
1.824462890625 -0.4562489823259795
1.82470703125 1.529366765442359
1.824951171875 1.878452875999967
1.8251953125 -0.3864929432555858
1.825439453125 -2.449489387918654
1.82568359375 -1.759154861379309
1.825927734375 0.7278363778257271
1.826171875 2.000206143185968
1.826416015625 0.5774362583990683
1.82666015625 -1.897427574520044
1.826904296875 -2.486675308640286
1.8271484375 -0.3851090944747703
1.827392578125 1.96465012157318
1.82763671875 2.022856081302223
1.827880859375 0.6483794234283141
1.828125 0.5300308768734043
1.828369140625 1.595149821104973
1.82861328125 0.9397007826834429
1.828857421875 -2.077957198931832
1.8291015625 -3.96986291824782
1.829345703125 -2.141151538141545
1.82958984375 1.064158098815916
1.829833984375 1.869508681418941
1.830078125 0.4085361409027911
1.830322265625 -0.3488116868130189
1.83056640625 0.5827011461265359
1.830810546875 1.604393223376068
1.8310546875 1.872030448688622
1.831298828125 2.118929653783986
1.83154296875 2.341340742468107
1.831787109375 1.462333919044807
1.83203125 -0.3766084380826779
1.832275390625 -1.45166495457331
1.83251953125 -0.8721591405502745
1.832763671875 0.3587940085211771
1.8330078125 0.9856524892168946
1.833251953125 0.7028016246926945
1.83349609375 -0.3298674586282702
1.833740234375 -1.612297900305965
1.833984375 -1.947171069040706
1.834228515625 -0.5974821593504499
1.83447265625 1.161966743880816
1.834716796875 1.342004670308521
1.8349609375 0.1269272589408973
1.835205078125 -0.4294190553339379
1.83544921875 0.209889859086301
1.835693359375 0.1868340078309826
1.8359375 -1.487843752560495
1.836181640625 -2.963782960985958
1.83642578125 -2.257005109630813
1.836669921875 -0.2419119025541624
1.8369140625 0.7973387237668232
1.837158203125 0.4504879710291098
1.83740234375 0.1432786942978761
1.837646484375 0.4510662039291383
1.837890625 0.38020880923383
1.838134765625 -0.6295243597281225
1.83837890625 -1.609451164586094
1.838623046875 -1.501595395709403
1.8388671875 -0.6198482674554983
1.839111328125 -0.02685272761828703
1.83935546875 -0.09519341773385968
1.839599609375 -0.306544229867414
1.83984375 -0.1736958631476778
1.840087890625 0.1595853724454113
1.84033203125 0.2337872309549484
1.840576171875 -0.08156380061919186
1.8408203125 -0.3958894890596421
1.841064453125 -0.2913368101663336
1.84130859375 0.07470975904136842
1.841552734375 0.1517529178909651
1.841796875 -0.1187660449006497
1.842041015625 -0.07543485949129955
1.84228515625 0.5552593922104474
1.842529296875 0.7942454509140568
1.8427734375 -0.4279507141851865
1.843017578125 -2.331297139779194
1.84326171875 -2.674341382610584
1.843505859375 -0.5988743703905577
1.84375 1.888799260609769
1.843994140625 2.192406049510242
1.84423828125 0.2503727165303298
1.844482421875 -1.661677593707623
1.8447265625 -1.847083476397984
1.844970703125 -0.6991190725573718
1.84521484375 0.5753644527667862
1.845458984375 1.377221692157015
1.845703125 1.497750281377011
1.845947265625 0.6606987156733121
1.84619140625 -0.9887780342698755
1.846435546875 -2.614619827776174
1.8466796875 -3.460303813692954
1.846923828125 -3.401061947767562
1.84716796875 -2.522250025636955
1.847412109375 -0.9182130823951418
1.84765625 0.8182352893390453
1.847900390625 1.801610962500687
1.84814453125 1.910213031297652
1.848388671875 1.744341648455519
1.8486328125 1.34157792620689
1.848876953125 0.2177010212350478
1.84912109375 -1.017013792413055
1.849365234375 -0.8587612499605345
1.849609375 0.5088669162523276
1.849853515625 0.8766242187664601
1.85009765625 -0.4531675026564582
1.850341796875 -1.082827634442525
1.8505859375 0.4486122989519117
1.850830078125 1.433253796981949
1.85107421875 -0.9534503265914446
1.851318359375 -4.200680406515166
1.8515625 -3.39573672626211
1.851806640625 1.050506754297432
1.85205078125 3.493119794377523
1.852294921875 1.557723254697862
1.8525390625 -0.4610955767281052
1.852783203125 1.129479399441991
1.85302734375 3.470247919229962
1.853271484375 2.277832796255855
1.853515625 -0.6877388087259755
1.853759765625 -0.3734522865287423
1.85400390625 3.145312426107882
1.854248046875 4.503243176881715
1.8544921875 1.464047718067678
1.854736328125 -1.59208034793951
1.85498046875 -0.4858065101867409
1.855224609375 2.467424327169387
1.85546875 2.185960945990705
1.855712890625 -1.468693842797559
1.85595703125 -3.475527918732697
1.856201171875 -0.8523896758933441
1.8564453125 3.173362074147506
1.856689453125 3.536512123463227
1.85693359375 -0.04960811657746626
1.857177734375 -3.014115571264005
1.857421875 -2.080378287978605
1.857666015625 0.7620820558107437
1.85791015625 1.550515755788511
1.858154296875 -0.08036260590830438
1.8583984375 -1.006459124469441
1.858642578125 0.1427278597879212
1.85888671875 0.8508518077552937
1.859130859375 -0.9600866883666888
1.859375 -3.075822860970823
1.859619140625 -1.999909147570349
1.85986328125 1.629012882648146
1.860107421875 3.609562901131297
1.8603515625 1.855306110663349
1.860595703125 -1.268228319361502
1.86083984375 -2.644122650140638
1.861083984375 -1.952587212844795
1.861328125 -0.6876103145196006
1.861572265625 0.1821039782555844
1.86181640625 0.3276108255793848
1.862060546875 -0.4487551519436366
1.8623046875 -1.497500665244009
1.862548828125 -1.414371614264388
1.86279296875 -0.0005350945299023572
1.863037109375 1.157241813168727
1.86328125 1.113854432451597
1.863525390625 1.016559759374947
1.86376953125 1.787370977320327
1.864013671875 2.079429349560227
1.8642578125 0.505195217416775
1.864501953125 -1.536062281369179
1.86474609375 -1.647852352914909
1.864990234375 -0.06460779476866445
1.865234375 1.043284507025068
1.865478515625 1.147055343256874
1.86572265625 1.411743415568468
1.865966796875 1.584991562762177
1.8662109375 0.09506793667303327
1.866455078125 -2.436105185862493
1.86669921875 -3.132360547204763
1.866943359375 -1.349459036022935
1.8671875 -0.02573101375583931
1.867431640625 -0.9422724322491324
1.86767578125 -1.703064006221512
1.867919921875 0.2106778182049082
1.8681640625 3.012644079741679
1.868408203125 3.237375567900715
1.86865234375 0.9476923776077562
1.868896484375 -0.8726596885999611
1.869140625 -0.9692944824745028
1.869384765625 -0.6824460431345981
1.86962890625 -0.7633721564094412
1.869873046875 -0.4098913130657814
1.8701171875 0.522007476962802
1.870361328125 0.986741721759995
1.87060546875 0.6500401469671603
1.870849609375 0.1743369698510341
1.87109375 -0.3637438861450572
1.871337890625 -1.250140039209017
1.87158203125 -1.594490870400828
1.871826171875 -0.3521718969257943
1.8720703125 1.366244576463521
1.872314453125 1.552130451173475
1.87255859375 0.6084871158916967
1.872802734375 0.4923619755473733
1.873046875 0.7307717734487635
1.873291015625 -1.093731745817029
1.87353515625 -4.347143474194178
1.873779296875 -4.829383316430075
1.8740234375 -0.9142723461562833
1.874267578125 3.352900410446571
1.87451171875 3.612117242023051
1.874755859375 0.6933169526405173
1.875 -1.746855866451591
1.875244140625 -2.403339653364688
1.87548828125 -2.190355793157001
1.875732421875 -1.133433326940215
1.8759765625 1.211966141795561
1.876220703125 3.431775713838578
1.87646484375 3.426606034548762
1.876708984375 1.419009129871972
1.876953125 -0.4983252896502662
1.877197265625 -1.21711873844022
1.87744140625 -1.111203180562176
1.877685546875 -0.5738954467468368
1.8779296875 0.02253758520886535
1.878173828125 -0.155266144089832
1.87841796875 -1.101127523353158
1.878662109375 -1.297114917727515
1.87890625 -0.1215288364963882
1.879150390625 0.5652115921135243
1.87939453125 -0.6360119563944802
1.879638671875 -1.841133128764081
1.8798828125 -0.7148478151823637
1.880126953125 1.419574262002262
1.88037109375 1.534702728538904
1.880615234375 -0.1486382751861735
1.880859375 -0.703962215595561
1.881103515625 0.5904141513428688
1.88134765625 1.537476358066274
1.881591796875 1.18069098505369
1.8818359375 1.080032819863915
1.882080078125 1.908625370303416
1.88232421875 2.056313742680452
1.882568359375 0.5594241001483781
1.8828125 -1.29933041582916
1.883056640625 -2.192715445377799
1.88330078125 -2.186043980131828
1.883544921875 -1.413403258786406
1.8837890625 0.2352748885056788
1.884033203125 1.631013526007029
1.88427734375 1.226261997773129
1.884521484375 -0.09919649784255036
1.884765625 0.2055686267897602
1.885009765625 2.073829567493486
1.88525390625 2.327177408451964
1.885498046875 -0.3967114230376164
1.8857421875 -3.279542256177876
1.885986328125 -3.539191042740613
1.88623046875 -2.192712354375113
1.886474609375 -1.529781613576618
1.88671875 -1.302247492348239
1.886962890625 0.02658439188613065
1.88720703125 1.978367832438925
1.887451171875 2.620185257694282
1.8876953125 1.533260950746976
1.887939453125 0.1474554968797794
1.88818359375 -0.3504074354309117
1.888427734375 0.04842899589263096
1.888671875 0.7662706702210726
1.888916015625 1.029441210465468
1.88916015625 0.2863081317990059
1.889404296875 -0.9458887938731018
1.8896484375 -1.396912106993
1.889892578125 -0.7126645076472982
1.89013671875 0.2097377051673662
1.890380859375 0.8175645574752416
1.890625 1.333323765887552
1.890869140625 1.308211455106921
1.89111328125 -0.2056903229715896
1.891357421875 -2.331299292406064
1.8916015625 -2.509181444964582
1.891845703125 -0.1975650678291695
1.89208984375 1.779028094116939
1.892333984375 1.149574905875904
1.892578125 -0.6455864946975859
1.892822265625 -1.088269194461233
1.89306640625 -0.3528681227721868
1.893310546875 -0.132184563667541
1.8935546875 -0.371291162347246
1.893798828125 0.1565276673402132
1.89404296875 1.09231929348165
1.894287109375 1.007832534774376
1.89453125 0.1472266484558409
1.894775390625 0.1402839532645541
1.89501953125 1.094301967556436
1.895263671875 1.246256034868404
1.8955078125 -0.2071196121182014
1.895751953125 -1.820522273427364
1.89599609375 -1.99559750629559
1.896240234375 -0.9917128598900105
1.896484375 -0.2000154718654875
1.896728515625 -0.2566469826375499
1.89697265625 -0.486443821140278
1.897216796875 0.01971260913708068
1.8974609375 1.08646234244212
1.897705078125 1.510206590212602
1.89794921875 0.7204202556417642
1.898193359375 -0.1629719631814199
1.8984375 0.1005524903431586
1.898681640625 0.774329126516184
1.89892578125 0.2381429947006351
1.899169921875 -1.098972677668203
1.8994140625 -1.171149404537753
1.899658203125 0.2587495451273286
1.89990234375 1.017852974125847
1.900146484375 0.1541948771423164
1.900390625 -0.5580732873469411
1.900634765625 0.01565205590875364
1.90087890625 0.3144211845212313
1.901123046875 -0.7675687030008058
1.9013671875 -1.419120494278602
1.901611328125 -0.06585014999952615
1.90185546875 1.442668943764924
1.902099609375 0.736899164814137
1.90234375 -0.977261128233511
1.902587890625 -0.9721241723655558
1.90283203125 0.3981115727897601
1.903076171875 0.6220958818710717
1.9033203125 -0.4509566568366253
1.903564453125 -0.5764444634931458
1.90380859375 0.7932318841098792
1.904052734375 1.71192189372163
1.904296875 1.096179299762023
1.904541015625 -0.01830155704974787
1.90478515625 -0.7322597422372544
1.905029296875 -1.196032395147265
1.9052734375 -1.151735438643013
1.905517578125 -0.01806619923141508
1.90576171875 1.460584657159385
1.906005859375 1.917693115239359
1.90625 1.618458256716723
1.906494140625 1.734162549822771
1.90673828125 1.766119155978979
1.906982421875 0.3966158829142628
1.9072265625 -1.421531526915157
1.907470703125 -1.38328109202227
1.90771484375 0.09701393694252572
1.907958984375 0.1365354440082539
1.908203125 -1.707315194051924
1.908447265625 -2.278612359764748
1.90869140625 0.1337659562744401
1.908935546875 2.797117462408103
1.9091796875 2.483790070618894
1.909423828125 -0.09790791992392364
1.90966796875 -1.890269129770831
1.909912109375 -1.645423127008402
1.91015625 -0.5497420135152048
1.910400390625 0.0172780660946895
1.91064453125 -0.2522429324916896
1.910888671875 -0.7404567953849202
1.9111328125 -0.4294834756729218
1.911376953125 0.8629390770971426
1.91162109375 1.628912461849936
1.911865234375 0.5007265051338934
1.912109375 -1.217445222937158
1.912353515625 -1.058711137094745
1.91259765625 0.5779089585091226
1.912841796875 0.816399379470728
1.9130859375 -0.8168212034570999
1.913330078125 -1.370731967577924
1.91357421875 0.4009638808608779
1.913818359375 1.579672002108724
1.9140625 -0.001382122200731977
1.914306640625 -1.8693340341126
1.91455078125 -1.089902944965667
1.914794921875 0.64172295756107
1.9150390625 0.01233379432054618
1.915283203125 -1.977707574369599
1.91552734375 -1.590681383055253
1.915771484375 1.1848974901609
1.916015625 2.344347543071573
1.916259765625 0.1649977263035731
1.91650390625 -2.389232422374981
1.916748046875 -2.523134517742203
1.9169921875 -1.235873139365875
1.917236328125 -0.4913836043968002
1.91748046875 0.1977143382008558
1.917724609375 2.098385153212588
1.91796875 4.199140525132237
1.918212890625 4.281467410704024
1.91845703125 2.150207278305729
1.918701171875 -0.1758181874515845
1.9189453125 -1.142339686818996
1.919189453125 -1.003778473374531
1.91943359375 -0.6145687738803691
1.919677734375 -0.2439834580741819
1.919921875 0.07492579512772567
1.920166015625 0.01533158860545732
1.92041015625 -0.5165741602857369
1.920654296875 -0.7864778183710158
1.9208984375 -0.01884504245360553
1.921142578125 1.18339141917046
1.92138671875 1.144337536642497
1.921630859375 -0.552203603251292
1.921875 -1.917233688211437
1.922119140625 -1.000418552016489
1.92236328125 1.077099901886095
1.922607421875 1.376631853189267
1.9228515625 -0.5320277343451687
1.923095703125 -1.746031228193454
1.92333984375 -0.4194981829641696
1.923583984375 1.322909560952933
1.923828125 0.7263019615870301
1.924072265625 -1.181847777099878
1.92431640625 -1.171893009398761
1.924560546875 1.112422984483046
1.9248046875 2.555342853505985
1.925048828125 1.125762450064451
1.92529296875 -1.536013880029144
1.925537109375 -2.808082940718374
1.92578125 -2.304920777619778
1.926025390625 -1.365458869573515
1.92626953125 -0.8909749092716559
1.926513671875 -0.8941786165953524
1.9267578125 -1.171625126768299
1.927001953125 -1.323272884371695
1.92724609375 -0.7343911264308278
1.927490234375 0.6345177848277339
1.927734375 1.917173311305556
1.927978515625 2.35050126408589
1.92822265625 2.05607922569327
1.928466796875 1.371574377270397
1.9287109375 0.18264257606089
1.928955078125 -1.360851281225897
1.92919921875 -2.172850556293752
1.929443359375 -1.345280778045006
1.9296875 0.3120581219246157
1.929931640625 0.9177721018713929
1.93017578125 -0.1073392217854223
1.930419921875 -1.217123209231984
1.9306640625 -0.8400904772908496
1.930908203125 0.391150942793382
1.93115234375 0.5351957371817929
1.931396484375 -0.6976865630180753
1.931640625 -1.248677598019899
1.931884765625 0.3072943423779149
1.93212890625 2.292879551794422
1.932373046875 2.005241784750448
1.9326171875 -0.3255239267452292
1.932861328125 -1.700877099581028
1.93310546875 -0.6561926329723583
1.933349609375 0.8151037055399321
1.93359375 0.5942998532620388
1.933837890625 -0.4621823030513549
1.93408203125 -0.515960570704566
1.934326171875 -0.04557144305979562
1.9345703125 -0.6627591901708566
1.934814453125 -1.71498849390049
1.93505859375 -0.9997469104670849
1.935302734375 1.27398394697095
1.935546875 2.151194000727255
1.935791015625 0.2875126587039983
1.93603515625 -1.858057074014902
1.936279296875 -1.505883064283538
1.9365234375 0.7127972541294101
1.936767578125 2.168893614053205
1.93701171875 2.005995143444232
1.937255859375 1.589113574232764
1.9375 1.808390810418274
1.937744140625 1.803320977776801
1.93798828125 0.6328463719666477
1.938232421875 -1.026443454795457
1.9384765625 -1.571631165577716
1.938720703125 -0.4946525973726293
1.93896484375 0.8810190429865217
1.939208984375 0.9391918034165078
1.939453125 -0.2037354385761323
1.939697265625 -0.8645228612777459
1.93994140625 -0.1447607666714505
1.940185546875 0.8248002105044845
1.9404296875 0.7142998387505117
1.940673828125 0.07750501937753211
1.94091796875 0.2849109444554916
1.941162109375 1.146602004056967
1.94140625 1.396184115746784
1.941650390625 1.143761455750835
1.94189453125 1.678247109803191
1.942138671875 2.70564538218127
1.9423828125 2.168536849303906
1.942626953125 -0.36474098527786
1.94287109375 -2.353781712552761
1.943115234375 -1.708748176671428
1.943359375 0.237784987047758
1.943603515625 0.8147697671462215
1.94384765625 -0.355526007648163
1.944091796875 -1.576984009001763
1.9443359375 -1.843588173229034
1.944580078125 -1.529703659935934
1.94482421875 -1.005236144829901
1.945068359375 -0.3181157035884327
1.9453125 0.1040284801427001
1.945556640625 -0.07523791830498507
1.94580078125 -0.2265191639311206
1.946044921875 0.340211811200512
1.9462890625 0.9608801003354795
1.946533203125 0.4438739560274998
1.94677734375 -0.9842887820864153
1.947021484375 -1.903091319077996
1.947265625 -1.725704322690715
1.947509765625 -1.283781894290261
1.94775390625 -1.435624187135765
1.947998046875 -2.097435423899001
1.9482421875 -2.574321793889557
1.948486328125 -2.103375828961179
1.94873046875 -0.4535363785502692
1.948974609375 1.304119791580054
1.94921875 1.415064154843896
1.949462890625 -0.1805328009429918
1.94970703125 -1.123297207154798
1.949951171875 0.279751883258358
1.9501953125 2.313678744516471
1.950439453125 2.140736599382017
1.95068359375 -0.0210648519023201
1.950927734375 -1.377717255216732
1.951171875 -0.7898461100476638
1.951416015625 0.1110968943607023
1.95166015625 0.1331738445920043
1.951904296875 0.14641141048128
1.9521484375 0.8216246024860497
1.952392578125 1.239225748720642
1.95263671875 0.855038483436303
1.952880859375 0.7428053848610217
1.953125 1.626958865084355
1.953369140625 2.478307777202293
1.95361328125 2.306812736688522
1.953857421875 1.703668597657267
1.9541015625 1.395839934526433
1.954345703125 0.9103502472346658
1.95458984375 -0.05396396295344835
1.954833984375 -0.6041884385052827
1.955078125 -0.4400257192452252
1.955322265625 -0.9675475899368845
1.95556640625 -2.881768081359805
1.955810546875 -4.183872849367091
1.9560546875 -2.706496349244849
1.956298828125 0.5000405923120999
1.95654296875 2.441812265534702
1.956787109375 2.068623132659991
1.95703125 0.8596171567773808
1.957275390625 0.1475853176353719
1.95751953125 -0.07088272412739405
1.957763671875 0.01955718816668024
1.9580078125 0.4268681260485585
1.958251953125 0.5943628331416386
1.95849609375 -0.1251977803087688
1.958740234375 -1.286406618705716
1.958984375 -1.940996356293791
1.959228515625 -2.033379828580173
1.95947265625 -1.863912106912984
1.959716796875 -0.875412210234205
1.9599609375 1.235713379290354
1.960205078125 2.863150912935728
1.96044921875 2.167900487429556
1.960693359375 0.09460312296008043
1.9609375 -0.6965767421482019
1.961181640625 0.09597792464014704
1.96142578125 0.04635512226697386
1.961669921875 -1.792083360487277
1.9619140625 -3.041677756132937
1.962158203125 -1.632322399414036
1.96240234375 1.021998058585596
1.962646484375 2.235801810439714
1.962890625 1.770112870148773
1.963134765625 1.416005757161246
1.96337890625 1.918827011499008
1.963623046875 2.222780406773306
1.9638671875 1.40326563747941
1.964111328125 -0.1571944794822466
1.96435546875 -1.538876928804719
1.964599609375 -2.244154311823708
1.96484375 -2.27226322083393
1.965087890625 -1.801780108087778
1.96533203125 -0.9818839653801904
1.965576171875 -0.0268164606123564
1.9658203125 0.4639950880774768
1.966064453125 -0.2030235632527719
1.96630859375 -1.616219228213812
1.966552734375 -2.003693562135103
1.966796875 -0.3112915792285187
1.967041015625 2.001566553337841
1.96728515625 2.738913912358553
1.967529296875 2.072941752561037
1.9677734375 1.911522843647517
1.968017578125 2.41776720253387
1.96826171875 1.710305393413255
1.968505859375 -0.5355941930589763
1.96875 -1.929154524823674
1.968994140625 -1.007256340814354
1.96923828125 0.4202394134941106
1.969482421875 0.1943263517948988
1.9697265625 -1.079365834164853
1.969970703125 -1.698482224147831
1.97021484375 -1.664484336491881
1.970458984375 -1.668279195141316
1.970703125 -1.03757315311894
1.970947265625 0.8143624068787055
1.97119140625 2.225209229073827
1.971435546875 1.212889783503576
1.9716796875 -1.260765249313029
1.971923828125 -2.429830022925266
1.97216796875 -1.536041720162957
1.972412109375 -0.2064479498539812
1.97265625 0.4020215682564222
1.972900390625 0.5048544308055042
1.97314453125 0.2196377556107837
1.973388671875 -0.4256890441357938
1.9736328125 -0.3770991465956059
1.973876953125 1.13618170368152
1.97412109375 2.473504237128578
1.974365234375 1.339413145012488
1.974609375 -1.443836186529524
1.974853515625 -2.656574459019161
1.97509765625 -1.368322509890736
1.975341796875 -0.08859697498987479
1.9755859375 -0.6570576267379605
1.975830078125 -1.767989282840226
1.97607421875 -1.637330559382823
1.976318359375 -0.6545278403156274
1.9765625 -0.03692178334906192
1.976806640625 0.1427158839712089
1.97705078125 0.3076199522859118
1.977294921875 0.4613657116061416
1.9775390625 0.9047785634502918
1.977783203125 2.116158116121629
1.97802734375 3.128124308700487
1.978271484375 2.106566743306246
1.978515625 -0.5017884241760141
1.978759765625 -1.73410281828289
1.97900390625 -0.3223259511594824
1.979248046875 1.285178451583893
1.9794921875 0.806864853468668
1.979736328125 -0.4331790637988583
1.97998046875 -0.2061076737047549
1.980224609375 0.7525792008424755
1.98046875 0.4326771911478725
1.980712890625 -0.6380463660712288
1.98095703125 -0.4928672094815961
1.981201171875 0.4907439503323992
1.9814453125 0.2915602503817331
1.981689453125 -0.8093367861940729
1.98193359375 -0.4772282257647474
1.982177734375 1.332771312005538
1.982421875 1.7622229659909
1.982666015625 -0.2447386344298182
1.98291015625 -1.800254706740095
1.983154296875 -0.4470586138462462
1.9833984375 1.849639924874234
1.983642578125 1.556587353359696
1.98388671875 -1.132752483391916
1.984130859375 -2.6318571790657
1.984375 -1.152431104320315
1.984619140625 1.083135046321362
1.98486328125 1.423636786875721
1.985107421875 0.4003023604249205
1.9853515625 0.2439449617989893
1.985595703125 1.179885791832446
1.98583984375 1.36396240469763
1.986083984375 0.2081078972296544
1.986328125 -0.5617835215360514
1.986572265625 0.1064963974136295
1.98681640625 0.6958213024695706
1.987060546875 -0.224829778889987
1.9873046875 -1.279018058856786
1.987548828125 -0.5295656633280115
1.98779296875 0.9319470839300485
1.988037109375 0.640640766261461
1.98828125 -0.7610205121922849
1.988525390625 -0.3057520946217072
1.98876953125 1.960736973340111
1.989013671875 2.456745239489849
1.9892578125 0.005832493925526663
1.989501953125 -1.814466281334133
1.98974609375 -0.470330004159567
1.989990234375 1.279349050537053
1.990234375 0.1653948339184249
1.990478515625 -1.975774937298116
1.99072265625 -1.56343303141808
1.990966796875 0.3598327033854706
1.9912109375 0.05780689367667449
1.991455078125 -2.141842979316666
1.99169921875 -2.344264507985375
1.991943359375 0.02200678251946069
1.9921875 1.144783111233917
1.992431640625 -0.5751029969133648
1.99267578125 -1.891034553157112
1.992919921875 -0.4579032326323471
1.9931640625 1.209893765320158
1.993408203125 0.1485706681575013
1.99365234375 -2.189126899512581
1.993896484375 -2.525664483168554
1.994140625 -0.7157390292819894
1.994384765625 0.9084767089485689
1.99462890625 1.424019368470903
1.994873046875 1.721170431474855
1.9951171875 2.093431325987342
1.995361328125 1.883776168167242
1.99560546875 0.9856393641458763
1.995849609375 -0.1107773533948715
1.99609375 -1.229142873108053
1.996337890625 -2.106754601067865
1.99658203125 -1.893785716167845
1.996826171875 -0.3900957775839506
1.9970703125 1.055738838156919
1.997314453125 1.183959630624637
1.99755859375 0.5460981167175031
1.997802734375 0.3861517603855931
1.998046875 0.6814546074223323
1.998291015625 0.5443108288405927
1.99853515625 -0.2143803351249168
1.998779296875 -1.054793783431176
1.9990234375 -1.462330023313412
1.999267578125 -0.8589906631394638
1.99951171875 1.10270399717779
1.999755859375 3.195497902935462
2 3.065730819860566
2.000244140625 0.4298300588540445
2.00048828125 -1.708206392356382
2.000732421875 -0.8693268039540484
2.0009765625 1.282191681177844
2.001220703125 1.418736995773974
2.00146484375 -0.4707565437681007
2.001708984375 -1.375014944090978
2.001953125 -0.1202447817457738
2.002197265625 1.047799588285464
2.00244140625 0.2709791183912661
2.002685546875 -1.126071840428618
2.0029296875 -0.9024839018658791
2.003173828125 0.8294076952858789
2.00341796875 2.057838210393501
2.003662109375 1.584490101562104
2.00390625 0.04241514485171
2.004150390625 -1.268431110420043
2.00439453125 -1.608081655702564
2.004638671875 -1.073449969606648
2.0048828125 -0.2916723710020304
2.005126953125 0.1493146899027923
2.00537109375 0.1714099612715377
2.005615234375 0.0637099048509087
2.005859375 -0.03200980226145356
2.006103515625 -0.2026234204843327
2.00634765625 -0.4222250421947055
2.006591796875 -0.5178390238300489
2.0068359375 -0.4801301669730907
2.007080078125 -0.485191596679522
2.00732421875 -0.5656972566359206
2.007568359375 -0.4598910281873627
2.0078125 0.1709668717179363
2.008056640625 1.349585748399733
2.00830078125 2.469215477813945
2.008544921875 2.551760442725793
2.0087890625 1.262013580945388
2.009033203125 -0.449098838651023
2.00927734375 -1.302767280043109
2.009521484375 -1.171207491717654
2.009765625 -0.8393546767091213
2.010009765625 -0.4998461417473815
2.01025390625 0.3115207807058476
2.010498046875 1.230364526697389
2.0107421875 1.033188950642139
2.010986328125 -0.3716853636706205
2.01123046875 -1.379799595428028
2.011474609375 -0.9404759894288495
2.01171875 -0.02399588151021758
2.011962890625 0.1317566154033583
2.01220703125 -0.1109430756388619
2.012451171875 0.09224802075025527
2.0126953125 0.329398073528319
2.012939453125 -0.1967455147852651
2.01318359375 -1.04800074205246
2.013427734375 -1.353594555018122
2.013671875 -1.403625314009762
2.013916015625 -1.834915985342022
2.01416015625 -1.962647448352755
2.014404296875 -0.7151612329713299
2.0146484375 1.208949515481032
2.014892578125 1.935791236797887
2.01513671875 1.054909399822088
2.015380859375 0.02429560338434181
2.015625 -0.1049913084281057
2.015869140625 0.1291855931910728
2.01611328125 -0.1187784054017909
2.016357421875 -0.8456535801922481
2.0166015625 -1.610286272869324
2.016845703125 -2.065026602414883
2.01708984375 -1.862364158246533
2.017333984375 -0.901608679512419
2.017578125 0.2085612728375272
2.017822265625 0.6892586662939877
2.01806640625 0.6140280688846599
2.018310546875 0.709936626812593
2.0185546875 1.198159787957896
2.018798828125 1.47573888537253
2.01904296875 0.9256201460648459
2.019287109375 -0.3521162038351945
2.01953125 -1.452605789705257
2.019775390625 -1.238591274655347
2.02001953125 0.3766231299601275
2.020263671875 1.722694618160711
2.0205078125 1.088893751062899
2.020751953125 -0.7337930085510481
2.02099609375 -1.273735583387126
2.021240234375 -0.1129330721310748
2.021484375 0.4350935150546837
2.021728515625 -0.6652964905178772
2.02197265625 -1.179376720833515
2.022216796875 0.4984358199322356
2.0224609375 2.168685225544866
2.022705078125 1.370622359826621
2.02294921875 -0.2772617868689367
2.023193359375 0.1175269001278102
2.0234375 1.435385704558943
2.023681640625 0.3899913439002597
2.02392578125 -2.358813751312055
2.024169921875 -2.721499484709851
2.0244140625 0.1117478866570363
2.024658203125 2.199956897154398
2.02490234375 1.125966392466325
2.025146484375 -0.595358184634002
2.025390625 -0.1270039864123305
2.025634765625 1.484890101576102
2.02587890625 1.966049935155345
2.026123046875 1.507320844513494
2.0263671875 1.318988173124772
2.026611328125 1.025340042854352
2.02685546875 -0.03017993312467606
2.027099609375 -0.9045881318809794
2.02734375 -0.7441506123599982
2.027587890625 -0.5733727626972992
2.02783203125 -1.30106437384992
2.028076171875 -1.657735670848447
2.0283203125 -0.2766703549961145
2.028564453125 1.679415030121568
2.02880859375 2.137641994930029
2.029052734375 1.11523769297189
2.029296875 0.07060507300649638
2.029541015625 -0.6129902624334125
2.02978515625 -1.462000634765212
2.030029296875 -2.102815172758519
2.0302734375 -1.561093810556128
2.030517578125 0.0722961126941155
2.03076171875 1.653332682452562
2.031005859375 2.213500904992252
2.03125 1.411720186427991
2.031494140625 -0.2909763789030232
2.03173828125 -1.351656473477246
2.031982421875 -0.5384727971003622
2.0322265625 0.8246331332010166
2.032470703125 0.1046673401161789
2.03271484375 -2.323514648717068
2.032958984375 -2.799435302458284
2.033203125 -0.01489096180037494
2.033447265625 2.219229981845
2.03369140625 0.5465250336982321
2.033935546875 -2.50092654793294
2.0341796875 -2.363557079478269
2.034423828125 0.4335600984913939
2.03466796875 1.482214436573147
2.034912109375 -0.2991283828386541
2.03515625 -1.380788636857893
2.035400390625 0.302246235403646
2.03564453125 2.334020346273756
2.035888671875 2.014900744736755
2.0361328125 0.08978377615126754
2.036376953125 -1.219105265152796
2.03662109375 -1.218418896819589
2.036865234375 -0.3654783885625475
2.037109375 0.8774084893711286
2.037353515625 1.530013189821706
2.03759765625 0.4422638043439854
2.037841796875 -1.637014665500633
2.0380859375 -2.210501001642798
2.038330078125 -0.4529066842196962
2.03857421875 1.323884959681756
2.038818359375 0.9554794463354389
2.0390625 -0.5324860789517792
2.039306640625 -0.7959024423485499
2.03955078125 0.2831559978427692
2.039794921875 0.864579304354524
2.0400390625 0.2997618406045897
2.040283203125 0.09263475286687825
2.04052734375 1.467829442697715
2.040771484375 3.257809385420018
2.041015625 3.058453788728614
2.041259765625 0.2848750006329033
2.04150390625 -2.66047290573189
2.041748046875 -2.93199942904806
2.0419921875 -0.6936429508753585
2.042236328125 1.167820100537917
2.04248046875 1.012521393530823
2.042724609375 0.3903803699518188
2.04296875 0.9604790806988635
2.043212890625 1.492906257803655
2.04345703125 0.1837092164748401
2.043701171875 -1.604732288423741
2.0439453125 -1.022152083827582
2.044189453125 1.533849111210575
2.04443359375 2.721942744741505
2.044677734375 1.342692385601925
2.044921875 -0.2688841244371519
2.045166015625 -0.5175984083263403
2.04541015625 -0.7318097907333631
2.045654296875 -1.805588877501262
2.0458984375 -2.034474884004702
2.046142578125 -0.3241850236420477
2.04638671875 1.325091696132332
2.046630859375 0.9660578583113266
2.046875 -0.05777840663727409
2.047119140625 0.3765892453631379
2.04736328125 1.489580286242455
2.047607421875 1.263944265658174
2.0478515625 0.09908523087749123
2.048095703125 -0.2337654887960733
2.04833984375 -0.02646540086302926
2.048583984375 -0.8720669871673565
2.048828125 -2.272449554507694
2.049072265625 -2.163269556753534
2.04931640625 -0.4760640755089006
2.049560546875 0.808425595398068
2.0498046875 1.028711506553286
2.050048828125 1.325457238532181
2.05029296875 1.724136301195537
2.050537109375 0.8163279731346668
2.05078125 -1.182852443313684
2.051025390625 -2.089250144680424
2.05126953125 -1.310464878141845
2.051513671875 -0.8576707589245024
2.0517578125 -1.68177567211892
2.052001953125 -1.926801489245641
2.05224609375 -0.4587945510160738
2.052490234375 0.6923206009703587
2.052734375 -0.305249555431817
2.052978515625 -1.68261019475962
2.05322265625 -0.856721011281673
2.053466796875 1.109708347564057
2.0537109375 1.012093113412105
2.053955078125 -1.384039191375522
2.05419921875 -2.878556692586264
2.054443359375 -1.494745443523229
2.0546875 1.072212252458927
2.054931640625 2.169065460218273
2.05517578125 1.24609472629136
2.055419921875 -0.445384064802716
2.0556640625 -1.567184182531532
2.055908203125 -1.452883374076193
2.05615234375 -0.3962358175697037
2.056396484375 0.3733031877799931
2.056640625 -0.01084195775364799
2.056884765625 -0.7811392771173645
2.05712890625 -0.7306417031455469
2.057373046875 -0.3258484837352574
2.0576171875 -0.8342177841231918
2.057861328125 -1.528801491193268
2.05810546875 -0.2154129703459393
2.058349609375 2.88085915758929
2.05859375 4.372555406067992
2.058837890625 2.298455091711701
2.05908203125 -0.8080546463275039
2.059326171875 -1.470289242446006
2.0595703125 -0.07628052224945728
2.059814453125 0.3893928655838096
2.06005859375 -0.7716453332506128
2.060302734375 -1.287135260600258
2.060546875 0.09044719686921114
2.060791015625 1.677670775634627
2.06103515625 1.643597295658514
2.061279296875 0.5897482708199294
2.0615234375 0.2468426624762975
2.061767578125 0.9732111718273393
2.06201171875 1.675907721304712
2.062255859375 1.481976050902182
2.0625 0.6464879507041263
2.062744140625 0.1054771839364374
2.06298828125 0.4403150384414806
2.063232421875 1.043102714130325
2.0634765625 0.5622477608603373
2.063720703125 -1.202198822373918
2.06396484375 -2.367679066946963
2.064208984375 -1.144570012824077
2.064453125 1.386162962239565
2.064697265625 2.312243723463818
2.06494140625 0.8082491701709832
2.065185546875 -0.8113816744848134
2.0654296875 -0.5413303441029764
2.065673828125 0.6662170749167602
2.06591796875 0.8581003110725668
2.066162109375 0.07692097613860953
2.06640625 -0.278972254486067
2.066650390625 -0.04077794450614949
2.06689453125 -0.2884060447346197
2.067138671875 -1.137140022762523
2.0673828125 -1.295845708430742
2.067626953125 -0.08429660974072373
2.06787109375 1.429022391724248
2.068115234375 1.788346477470474
2.068359375 0.8141954440794003
2.068603515625 -0.5011617064013003
2.06884765625 -1.175775132166867
2.069091796875 -0.9773087581692607
2.0693359375 -0.3902730550154773
2.069580078125 -0.1404941846778554
2.06982421875 -0.5572802399141306
2.070068359375 -1.265940398309872
2.0703125 -1.584641470838337
2.070556640625 -1.182084683046154
2.07080078125 -0.297960902217385
2.071044921875 0.4752642289080856
2.0712890625 0.5394217027073165
2.071533203125 -0.2394365861033173
2.07177734375 -1.213698154471472
2.072021484375 -1.477184190635849
2.072265625 -0.9481045055538856
2.072509765625 -0.5024378714911563
2.07275390625 -0.7033773178859934
2.072998046875 -0.9000640775101529
2.0732421875 -0.1464677199428897
2.073486328125 1.329495881612965
2.07373046875 2.244660016089426
2.073974609375 1.789598222792106
2.07421875 0.5289994233787783
2.074462890625 -0.2984575492024876
2.07470703125 -0.09378515242829041
2.074951171875 0.5554740355343033
2.0751953125 0.5795808814368265
2.075439453125 -0.2666547343554512
2.07568359375 -0.9513660331841387
2.075927734375 -0.4009777482329617
2.076171875 0.9436210470524636
2.076416015625 1.521460787611438
2.07666015625 0.7254516278454826
2.076904296875 -0.3000349170660657
2.0771484375 -0.4164745875261363
2.077392578125 -0.1890007104031747
2.07763671875 -0.9279041049358324
2.077880859375 -2.517711089072913
2.078125 -3.263987799116415
2.078369140625 -1.97714392007769
2.07861328125 0.5092324590734516
2.078857421875 2.160100455730209
2.0791015625 1.754565855529449
2.079345703125 -0.06882858589601545
2.07958984375 -1.623851197395508
2.079833984375 -1.890549275484007
2.080078125 -1.286487890597541
2.080322265625 -0.7204029893726989
2.08056640625 -0.3548904603826686
2.080810546875 0.1889388333802378
2.0810546875 0.8467010063542036
2.081298828125 1.228647103257478
2.08154296875 1.462054249837532
2.081787109375 1.796145105670987
2.08203125 1.517438387629877
2.082275390625 -0.266580350580003
2.08251953125 -2.589326259096751
2.082763671875 -3.10057195783984
2.0830078125 -1.239857006752538
2.083251953125 0.7769280216305168
2.08349609375 1.142950235154435
2.083740234375 0.8884406406623582
2.083984375 1.674529777813025
2.084228515625 2.826576198103177
2.08447265625 2.610166830131397
2.084716796875 1.273033073069285
2.0849609375 0.4885984304050809
2.085205078125 0.4460963628704622
2.08544921875 -0.1335800119415279
2.085693359375 -1.365858186868616
2.0859375 -1.938775553565869
2.086181640625 -1.510610302862408
2.08642578125 -1.059126647438698
2.086669921875 -0.5798761928431491
2.0869140625 1.1020234772224
2.087158203125 3.466125064431313
2.08740234375 3.728727050870052
2.087646484375 0.6959805373644996
2.087890625 -2.717335806256368
2.088134765625 -2.817364098638955
2.08837890625 0.132502328043221
2.088623046875 2.481172530611719
2.0888671875 1.963869763383876
2.089111328125 -0.005041157135911893
2.08935546875 -0.9186530429330456
2.089599609375 -0.3973982474278969
2.08984375 0.01469715459785088
2.090087890625 -0.6168666941956087
2.09033203125 -1.43920633720963
2.090576171875 -1.265808609744782
2.0908203125 -0.3627787799737293
2.091064453125 0.02079224241697978
2.09130859375 -0.3293743454575992
2.091552734375 -0.1799131410361024
2.091796875 1.112443261968763
2.092041015625 2.300321847957743
2.09228515625 2.011377620166449
2.092529296875 0.8890619842766446
2.0927734375 0.5272652149412562
2.093017578125 0.9032345128389235
2.09326171875 0.6502075075027507
2.093505859375 -0.3499844551080109
2.09375 -0.6452667908287716
2.093994140625 0.2304080296643249
2.09423828125 0.819504026728081
2.094482421875 0.09801710216452891
2.0947265625 -0.8998789358809546
2.094970703125 -0.7799486682104582
2.09521484375 0.275026538282154
2.095458984375 1.274523992812126
2.095703125 1.890369726925552
2.095947265625 2.089738376637556
2.09619140625 1.40556554236804
2.096435546875 -0.2564612102385902
2.0966796875 -1.910659682818406
2.096923828125 -2.606406660098035
2.09716796875 -2.51926562723922
2.097412109375 -2.150389399915034
2.09765625 -1.382553143041823
2.097900390625 -0.1904497795926537
2.09814453125 0.7267044764022184
2.098388671875 0.9557866598032532
2.0986328125 0.9743437557587181
2.098876953125 0.880346889392175
2.09912109375 -0.1107384467379531
2.099365234375 -1.754476605479135
2.099609375 -2.009358581356309
2.099853515625 0.05047370622509221
2.10009765625 2.044935531063235
2.100341796875 1.290348127425334
2.1005859375 -1.153127911024179
2.100830078125 -2.071837014214722
2.10107421875 -0.9463456974458579
2.101318359375 -0.1715651283201167
2.1015625 -0.6615155233592942
2.101806640625 -0.6086588734665538
2.10205078125 0.7295904075537134
2.102294921875 1.341103426349399
2.1025390625 0.08698217251418842
2.102783203125 -0.8989016193697065
2.10302734375 0.3318475395175734
2.103271484375 2.007957525654859
2.103515625 1.341892134438331
2.103759765625 -0.7895763585700375
2.10400390625 -1.031287675178831
2.104248046875 1.136142188216675
2.1044921875 2.436766825814912
2.104736328125 0.6765151923142083
2.10498046875 -2.098162243399899
2.105224609375 -2.657871239121115
2.10546875 -0.9223365605217377
2.105712890625 0.5416117797929706
2.10595703125 0.330277079107189
2.106201171875 -0.4253805647376719
2.1064453125 -0.3995310638301731
2.106689453125 -0.0254370015726619
2.10693359375 -0.2938980104871069
2.107177734375 -0.7045069384562163
2.107421875 0.1784514539741742
2.107666015625 2.249377102732228
2.10791015625 3.324749805955979
2.108154296875 1.810391526296941
2.1083984375 -0.9881240644386973
2.108642578125 -2.350446507029752
2.10888671875 -1.53961639617504
2.109130859375 -0.4103231414821245
2.109375 -0.5541676521553837
2.109619140625 -1.23772061529854
2.10986328125 -0.8928814211621144
2.110107421875 0.4111786498016349
2.1103515625 1.118621154002858
2.110595703125 0.3690647316104761
2.11083984375 -1.001272612637376
2.111083984375 -1.623074555774228
2.111328125 -1.058587004619424
2.111572265625 -0.001265620609045213
2.11181640625 0.584529703867114
2.112060546875 0.4452040393997424
2.1123046875 0.2577005293654647
2.112548828125 0.6763103695078803
2.11279296875 1.18470162532412
2.113037109375 0.541137199919618
2.11328125 -1.343041038123068
2.113525390625 -2.797807573520256
2.11376953125 -2.429072865794242
2.114013671875 -1.115721168094965
2.1142578125 -0.8854678822123279
2.114501953125 -2.073166052831279
2.11474609375 -2.827211890262497
2.114990234375 -1.660836054648016
2.115234375 0.5569032089833793
2.115478515625 1.747012847901851
2.11572265625 1.126838259987911
2.115966796875 -0.0856728115363469
2.1162109375 -0.24100070983869
2.116455078125 0.9724753495506829
2.11669921875 2.347057957619676
2.116943359375 2.488654236383132
2.1171875 1.226210484209856
2.117431640625 -0.292086975418509
2.11767578125 -0.835340995705147
2.117919921875 -0.2630737817890744
2.1181640625 0.551490100261032
2.118408203125 0.6901568589248566
2.11865234375 -0.06628086902734055
2.118896484375 -1.149548683662347
2.119140625 -1.604333065638532
2.119384765625 -0.8803009721926087
2.11962890625 0.4616804650178334
2.119873046875 1.14791524244158
2.1201171875 0.6683353008544179
2.120361328125 -0.009700976393620551
2.12060546875 0.2723199065877666
2.120849609375 1.214896128354499
2.12109375 1.466004718427846
2.121337890625 0.5714874233919278
2.12158203125 -0.3462162970397845
2.121826171875 -0.134035635096756
2.1220703125 0.8375688940345754
2.122314453125 1.196663993483159
2.12255859375 0.3560329875607919
2.122802734375 -0.7664589929339323
2.123046875 -0.9208589450627096
2.123291015625 -0.0978232291583802
2.12353515625 0.4554414101213314
2.123779296875 -0.1429916928548934
2.1240234375 -1.206754833708414
2.124267578125 -1.34683303111627
2.12451171875 -0.2409336317436806
2.124755859375 1.162477882430115
2.125 2.058199179934689
2.125244140625 2.447869584593898
2.12548828125 2.284726491250531
2.125732421875 1.103406498398183
2.1259765625 -0.9582685693946478
2.126220703125 -2.742339835711219
2.12646484375 -3.329071520324248
2.126708984375 -2.86876735706016
2.126953125 -1.679216398683821
2.127197265625 0.2648091469253241
2.12744140625 2.200428606325697
2.127685546875 2.475040989007112
2.1279296875 0.9137365715558159
2.128173828125 -0.1669928557750174
2.12841796875 0.8966875996238918
2.128662109375 2.29857888316547
2.12890625 1.409629124700589
2.129150390625 -0.8212033624297638
2.12939453125 -1.064531031479465
2.129638671875 1.130181423730226
2.1298828125 2.511512238579447
2.130126953125 1.128464941654809
2.13037109375 -0.9058157602302818
2.130615234375 -0.9847588353968514
2.130859375 0.2320696007188686
2.131103515625 0.4869457489195199
2.13134765625 -0.5261604003217122
2.131591796875 -1.318167356727074
2.1318359375 -1.184315156571311
2.132080078125 -0.7935040237430939
2.13232421875 -0.7257266215917557
2.132568359375 -0.7416904045207777
2.1328125 -0.2876433824868496
2.133056640625 0.8966677705398391
2.13330078125 2.304668652358353
2.133544921875 2.758921963868844
2.1337890625 1.826543774734502
2.134033203125 0.8358675116858898
2.13427734375 0.9850826127073783
2.134521484375 0.8871461925374016
2.134765625 -1.543074284558599
2.135009765625 -4.764973507579493
2.13525390625 -4.509441577859561
2.135498046875 -0.09872468487794145
2.1357421875 3.599945312103141
2.135986328125 2.673530333406215
2.13623046875 -0.5614077477640319
2.136474609375 -1.682461409191817
2.13671875 -0.716484591972856
2.136962890625 -0.7766906246543404
2.13720703125 -2.173048459931441
2.137451171875 -2.280621913540115
2.1376953125 -0.4827996897853776
2.137939453125 0.99346794012219
2.13818359375 1.230482453330357
2.138427734375 1.765708297661412
2.138671875 3.022780463146415
2.138916015625 3.102523920525196
2.13916015625 1.194364935423902
2.139404296875 -0.7895305950940175
2.1396484375 -1.248878815872171
2.139892578125 -1.033076970315351
2.14013671875 -1.279546052752285
2.140380859375 -1.428841137192396
2.140625 -0.8243875375590324
2.140869140625 -0.3037116249903883
2.14111328125 -0.656644702306026
2.141357421875 -1.058253858812141
2.1416015625 -0.4664299794693674
2.141845703125 0.6744565794201675
2.14208984375 1.348684934627211
2.142333984375 1.465908347884573
2.142578125 1.377954553303095
2.142822265625 0.9727018811165107
2.14306640625 0.2671524297517189
2.143310546875 -0.06696233427603715
2.1435546875 0.2649812454704212
2.143798828125 0.4605413348716354
2.14404296875 -0.2152381490931999
2.144287109375 -1.276148086157349
2.14453125 -1.730971358517231
2.144775390625 -1.287610828918702
2.14501953125 -0.3172456795120471
2.145263671875 0.6959609069108064
2.1455078125 1.270908134026705
2.145751953125 1.200968080159345
2.14599609375 0.9644916165562455
2.146240234375 1.126688477609473
2.146484375 1.305017430309565
2.146728515625 0.6968373801764577
2.14697265625 -0.4218437241909951
2.147216796875 -0.975000423557025
2.1474609375 -0.8821027208887667
2.147705078125 -1.115895663836081
2.14794921875 -1.795531792407668
2.148193359375 -1.827574729533149
2.1484375 -0.8389299813944059
2.148681640625 0.1509295557757905
2.14892578125 0.5072909887783819
2.149169921875 0.7758192468286084
2.1494140625 1.069368761144256
2.149658203125 0.4420039351867486
2.14990234375 -1.171226541567458
2.150146484375 -2.095416887373422
2.150390625 -1.243870208308606
2.150634765625 0.1587046617477664
2.15087890625 0.5218282190072558
2.151123046875 0.2093826135436795
2.1513671875 0.3850382221622536
2.151611328125 0.7117236439927295
2.15185546875 0.04021466899986414
2.152099609375 -1.269960721468331
2.15234375 -1.584174602342473
2.152587890625 -0.4784033847793198
2.15283203125 0.5355341001915573
2.153076171875 0.07117217731212397
2.1533203125 -1.419064180119128
2.153564453125 -2.438480164757185
2.15380859375 -2.270031393264583
2.154052734375 -1.431990168523232
2.154296875 -0.5431855451521529
2.154541015625 0.5788109979966366
2.15478515625 2.193021758391533
2.155029296875 3.409498449217674
2.1552734375 2.842505880068015
2.155517578125 0.7856471535060429
2.15576171875 -0.6210518419699471
2.156005859375 -0.2726259887882015
2.15625 0.3033796622257194
2.156494140625 -0.3585119860748661
2.15673828125 -0.9627690569370542
2.156982421875 0.3076550614184368
2.1572265625 2.180895844260123
2.157470703125 1.927218766742038
2.15771484375 -0.1186052251693818
2.157958984375 -1.087414014576008
2.158203125 -0.4888045963326578
2.158447265625 -0.8154529516570215
2.15869140625 -2.66551486840047
2.158935546875 -3.250914840532741
2.1591796875 -1.230305186569894
2.159423828125 0.780519182956166
2.15966796875 0.6636911179585706
2.159912109375 0.2297919664736651
2.16015625 1.480889386440661
2.160400390625 2.668637896222715
2.16064453125 1.447387625386873
2.160888671875 -0.6602530147692971
2.1611328125 -0.7323627667676192
2.161376953125 0.5420691293045178
2.16162109375 0.2820585745276149
2.161865234375 -1.40788492446888
2.162109375 -1.6989373344734
2.162353515625 0.0317185339731763
2.16259765625 1.32811944865379
2.162841796875 0.8212720189694707
2.1630859375 -0.09709621760215317
2.163330078125 -0.240462468828126
2.16357421875 -0.335321391053891
2.163818359375 -1.026642753168352
2.1640625 -1.576011703275809
2.164306640625 -1.335883489517546
2.16455078125 -0.6902558447048945
2.164794921875 -0.04047189432402649
2.1650390625 0.6158053329673446
2.165283203125 1.021145469046024
2.16552734375 1.045233244067199
2.165771484375 1.360056218859816
2.166015625 2.081389218061445
2.166259765625 1.589467009690507
2.16650390625 -1.013032378997215
2.166748046875 -3.207529322060351
2.1669921875 -1.913404840378012
2.167236328125 1.454328360718921
2.16748046875 2.420665707231512
2.167724609375 0.1195653558520377
2.16796875 -1.473761653052405
2.168212890625 -0.01969874052469847
2.16845703125 1.622824700959058
2.168701171875 0.5077198262951405
2.1689453125 -1.443411292595798
2.169189453125 -0.8695911593793166
2.16943359375 1.349449375298921
2.169677734375 1.668414314208403
2.169921875 -0.3495797736399974
2.170166015625 -1.6292078495476
2.17041015625 -0.5433865857642595
2.170654296875 1.056547424395521
2.1708984375 1.076228804560648
2.171142578125 -0.2364632109507675
2.17138671875 -1.511923576030893
2.171630859375 -1.890570211919635
2.171875 -0.8578627369272258
2.172119140625 1.553219239079311
2.17236328125 3.690076839207605
2.172607421875 3.316100681185304
2.1728515625 0.6889767408036697
2.173095703125 -1.125602882335788
2.17333984375 -0.2287727153180884
2.173583984375 1.455023738237771
2.173828125 1.137241684792487
2.174072265625 -0.6443067613104345
2.17431640625 -1.12206447758049
2.174560546875 0.1183673007376666
2.1748046875 0.4670199585090747
2.175048828125 -1.330208366282799
2.17529296875 -2.796431438497407
2.175537109375 -1.341140117361258
2.17578125 1.686157434203019
2.176025390625 2.854417184469939
2.17626953125 1.533159291758744
2.176513671875 0.3307335050262929
2.1767578125 0.7820786274625697
2.177001953125 1.246738607366582
2.17724609375 0.02089691267812805
2.177490234375 -1.63848321590529
2.177734375 -1.318280017288853
2.177978515625 0.9597809667298064
2.17822265625 2.780356030727363
2.178466796875 2.507891474851935
2.1787109375 0.8635947836754989
2.178955078125 -0.6277398421176849
2.17919921875 -1.433670840849748
2.179443359375 -1.859047517763593
2.1796875 -1.979435171995091
2.179931640625 -1.439547865194311
2.18017578125 -0.2382378289795322
2.180419921875 0.6817143629343199
2.1806640625 0.107038426093246
2.180908203125 -1.868749699237403
2.18115234375 -3.395323874090518
2.181396484375 -2.831728158874583
2.181640625 -0.9601279618742116
2.181884765625 -0.08591381670373881
2.18212890625 -0.8709701360874408
2.182373046875 -1.51476347833547
2.1826171875 -0.5899944167896136
2.182861328125 0.8760158227163759
2.18310546875 1.196441872256551
2.183349609375 0.5374667476411414
2.18359375 0.220559288918509
2.183837890625 0.521771491035678
2.18408203125 0.7202908942341473
2.184326171875 0.6473600235817556
2.1845703125 0.6345336838133009
2.184814453125 0.4114558501147327
2.18505859375 -0.4145910011960078
2.185302734375 -1.151854993148317
2.185546875 -0.8476924785425362
2.185791015625 -0.05348316409911194
2.18603515625 -0.1381527379042958
2.186279296875 -0.9460325337492393
2.1865234375 -0.8981698021055098
2.186767578125 0.3603255202929851
2.18701171875 1.209516683833147
2.187255859375 0.603881851126034
2.1875 -0.2263505325400358
2.187744140625 0.297679604226438
2.18798828125 1.632936289258679
2.188232421875 1.906847013353169
2.1884765625 0.643619827333386
2.188720703125 -0.5739373433796723
2.18896484375 -0.2232533584017743
2.189208984375 1.281697502362472
2.189453125 2.22973734217946
2.189697265625 1.659939464761587
2.18994140625 0.2246422377437107
2.190185546875 -0.9199151332305407
2.1904296875 -1.435619082125847
2.190673828125 -1.597253237266874
2.19091796875 -1.331021712737477
2.191162109375 -0.3861821963441304
2.19140625 0.7108629576320056
2.191650390625 1.010630962767938
2.19189453125 0.6190763623856747
2.192138671875 0.6348352111084021
2.1923828125 1.232612705054846
2.192626953125 1.137953421262359
2.19287109375 -0.283503714120983
2.193115234375 -1.759749598948017
2.193359375 -1.937548175202297
2.193603515625 -1.204639800287575
2.19384765625 -0.5186537229688397
2.194091796875 0.246272441590313
2.1943359375 1.292835863880407
2.194580078125 1.59335914167402
2.19482421875 0.5317470012450165
2.195068359375 -0.3113613040701144
2.1953125 0.6422605502698677
2.195556640625 1.898224757771361
2.19580078125 0.8365603083947309
2.196044921875 -1.709185244013741
2.1962890625 -2.088507922507532
2.196533203125 0.5586336398166157
2.19677734375 2.696565913333417
2.197021484375 1.709737616368378
2.197265625 -0.2837585051571322
2.197509765625 -0.1216373329155789
2.19775390625 1.426806243769486
2.197998046875 1.323035476453508
2.1982421875 -0.6369211861115459
2.198486328125 -1.671066256918088
2.19873046875 -0.6125022279930058
2.198974609375 0.4042966202619347
2.19921875 -0.469279045017497
2.199462890625 -1.932408022053836
2.19970703125 -1.605173741200453
2.199951171875 0.522699328146925
2.2001953125 2.213395801560174
2.200439453125 1.919277915862694
2.20068359375 0.3682485961644939
2.200927734375 -0.6912745370849166
2.201171875 -0.492702394228028
2.201416015625 0.2053283135753528
2.20166015625 0.2236598108079444
2.201904296875 -0.6059512722760387
2.2021484375 -1.228789837253938
2.202392578125 -0.7376560283764265
2.20263671875 0.2722560414367531
2.202880859375 0.3170331690144697
2.203125 -0.9533062627012344
2.203369140625 -2.149534433987415
2.20361328125 -2.021392444756426
2.203857421875 -1.156671675372428
2.2041015625 -0.9286923435458109
2.204345703125 -1.332270533595109
2.20458984375 -1.13348586628407
2.204833984375 -0.0168089867809652
2.205078125 0.8649355678814354
2.205322265625 0.8043023866119736
2.20556640625 0.58118124495124
2.205810546875 0.8886644363529017
2.2060546875 1.062429963354595
2.206298828125 0.4440191553033073
2.20654296875 -0.2029352945549779
2.206787109375 -0.03724601310495838
2.20703125 0.1437598917435911
2.207275390625 -0.7312494442505292
2.20751953125 -1.739564445998259
2.207763671875 -1.180502745043956
2.2080078125 0.3285184775589384
2.208251953125 0.375492641279212
2.20849609375 -1.408842746196439
2.208740234375 -2.47280526267036
2.208984375 -1.158002413313966
2.209228515625 0.800368384035859
2.20947265625 0.9679394158904363
2.209716796875 -0.3216716622050645
2.2099609375 -0.8895932892665285
2.210205078125 0.01359957860095164
2.21044921875 1.053092141710734
2.210693359375 0.9230178760336105
2.2109375 -0.2214290471559927
2.211181640625 -1.281285652341407
2.21142578125 -1.354252334440329
2.211669921875 -0.5194362117134776
2.2119140625 0.1765749237922685
2.212158203125 -0.09103597119311523
2.21240234375 -0.7551912657467561
2.212646484375 -0.6738484685552352
2.212890625 0.05198391049410775
2.213134765625 0.3955340327784775
2.21337890625 0.4486332600680725
2.213623046875 1.292835936152069
2.2138671875 2.554074311780879
2.214111328125 2.331529549825855
2.21435546875 0.4229135665230277
2.214599609375 -0.715116948970219
2.21484375 0.3503982310781408
2.215087890625 1.610998473263509
2.21533203125 0.8108513415875858
2.215576171875 -0.8987179560972972
2.2158203125 -0.8963856085237497
2.216064453125 0.7448959486873763
2.21630859375 1.618600566556371
2.216552734375 0.6952776101457828
2.216796875 -0.7426908094143755
2.217041015625 -1.472072200573554
2.21728515625 -1.533771496281425
2.217529296875 -1.252063731452541
2.2177734375 -0.7591771033612722
2.218017578125 -0.3392671041274329
2.21826171875 -0.005628146663582741
2.218505859375 0.7400151836978107
2.21875 1.697074438839999
2.218994140625 1.64149617472086
2.21923828125 0.5124079181615196
2.219482421875 0.3696955659224713
2.2197265625 2.283658106908919
2.219970703125 3.890848755194021
2.22021484375 2.562682301129823
2.220458984375 -0.350997051761422
2.220703125 -1.422066919063793
2.220947265625 -0.343233839480155
2.22119140625 0.06601949833528298
2.221435546875 -1.335607915543591
2.2216796875 -2.594165739607545
2.221923828125 -2.275638758024187
2.22216796875 -1.319734585365177
2.222412109375 -0.6416904782874199
2.22265625 0.2556316283565466
2.222900390625 1.418880809829475
2.22314453125 1.757732113975089
2.223388671875 1.155672041307142
2.2236328125 0.9559625443639957
2.223876953125 1.463462186077584
2.22412109375 1.228885470273452
2.224365234375 -0.2375920646467625
2.224609375 -1.281796898237009
2.224853515625 -0.7471056917751355
2.22509765625 0.2477988072894605
2.225341796875 0.325318645609633
2.2255859375 -0.2255634826200497
2.225830078125 -0.6088712356716879
2.22607421875 -0.7698313431209748
2.226318359375 -0.490919200730157
2.2265625 0.789118898801676
2.226806640625 2.168313862008334
2.22705078125 1.449727037493848
2.227294921875 -1.437166848759944
2.2275390625 -3.296854846400135
2.227783203125 -1.804896266154698
2.22802734375 1.059871609543158
2.228271484375 1.86635744258059
2.228515625 0.489613218932071
2.228759765625 -0.4442412289069019
2.22900390625 0.1104364610792009
2.229248046875 0.4991606593864097
2.2294921875 -0.5416010287389694
2.229736328125 -1.96225569974165
2.22998046875 -2.109981098148774
2.230224609375 -0.8658794923995301
2.23046875 0.5313337587676061
2.230712890625 0.9353523630964541
2.23095703125 0.2228690163973551
2.231201171875 -0.6560030127353176
2.2314453125 -0.4662525798902825
2.231689453125 1.000309474147609
2.23193359375 2.457207884060142
2.232177734375 2.414636596368421
2.232421875 0.8545296153937666
2.232666015625 -0.7620945521966307
2.23291015625 -1.084432708194385
2.233154296875 -0.2176579939132861
2.2333984375 0.4504291828946724
2.233642578125 -0.2680893584654158
2.23388671875 -1.910605856883558
2.234130859375 -2.65495754498391
2.234375 -1.498245314579088
2.234619140625 0.2891321770896593
2.23486328125 0.7728120803257669
2.235107421875 0.03486447694129859
2.2353515625 -0.135838989596817
2.235595703125 0.7900384175512309
2.23583984375 1.169904476704984
2.236083984375 -0.09883139027282667
2.236328125 -1.600532233705346
2.236572265625 -1.416019527917482
2.23681640625 0.02989226793212123
2.237060546875 0.6714861475114207
2.2373046875 -0.2425219458032788
2.237548828125 -1.411931797814974
2.23779296875 -1.569241316488907
2.238037109375 -0.949016558846318
2.23828125 -0.419829714982053
2.238525390625 -0.2120337744529267
2.23876953125 -0.06088317062764652
2.239013671875 0.02977005901834325
2.2392578125 -0.1732468260682903
2.239501953125 -0.5257785941208578
2.23974609375 -0.4698285242555428
2.239990234375 0.28428452580931
2.240234375 1.320810996337491
2.240478515625 1.933007110640968
2.24072265625 1.799588944886787
2.240966796875 1.076866105623122
2.2412109375 0.07421915603992967
2.241455078125 -0.7772273530122689
2.24169921875 -0.8446314215101727
2.241943359375 0.1770838465873213
2.2421875 1.606257961800953
2.242431640625 2.265683402787733
2.24267578125 1.781374458015837
2.242919921875 0.8460504386856111
2.2431640625 0.1853937030910126
2.243408203125 0.0093407907920972
2.24365234375 0.453272024802823
2.243896484375 1.467113978720667
2.244140625 2.088487564510222
2.244384765625 1.150475845569593
2.24462890625 -0.7946900641987731
2.244873046875 -1.619667269774432
2.2451171875 -0.3915722342209227
2.245361328125 1.368878015130979
2.24560546875 1.990987265198403
2.245849609375 1.664297814053357
2.24609375 1.102222567688762
2.246337890625 -0.03599245347840721
2.24658203125 -1.795414260772641
2.246826171875 -2.607292152650022
2.2470703125 -1.333581538302383
2.247314453125 0.5987945084955144
2.24755859375 1.176504345749299
2.247802734375 0.7976749483254881
2.248046875 1.058887890361871
2.248291015625 1.582443568330681
2.24853515625 0.6776732424357665
2.248779296875 -1.396597407471618
2.2490234375 -2.520681075661011
2.249267578125 -1.97697689081317
2.24951171875 -1.193235822607027
2.249755859375 -1.151398438461774
2.25 -1.306995537384265
2.250244140625 -1.240776030284636
2.25048828125 -1.254546225577139
2.250732421875 -1.121112748065787
2.2509765625 -0.2393904085803399
2.251220703125 0.8136629576528656
2.25146484375 0.8357090607901188
2.251708984375 0.1680471447831844
2.251953125 0.2976391035183621
2.252197265625 1.237896009647732
2.25244140625 1.43391671092909
2.252685546875 0.444672107332438
2.2529296875 -0.4342729054696129
2.253173828125 -0.5068814389131294
2.25341796875 -0.5388887474350792
2.253662109375 -0.9515817815935168
2.25390625 -1.161595689277587
2.254150390625 -1.031258962041406
2.25439453125 -1.051121162980328
2.254638671875 -0.9251361419908526
2.2548828125 0.02215630956930338
2.255126953125 1.01738128699524
2.25537109375 0.6316923313466529
2.255615234375 -0.6121768107584863
2.255859375 -0.8519306525226475
2.256103515625 -0.1023199447295346
2.25634765625 -0.170297358231166
2.256591796875 -1.277503046727862
2.2568359375 -1.786706003491151
2.257080078125 -1.59165677338885
2.25732421875 -2.387507215585792
2.257568359375 -3.813094665767419
2.2578125 -2.983789954617378
2.258056640625 0.6344470482839698
2.25830078125 3.362714278838777
2.258544921875 2.435331036110422
2.2587890625 0.01030406934410956
2.259033203125 -0.361879985348291
2.25927734375 1.199110852054502
2.259521484375 1.963145635250339
2.259765625 0.8646247694853918
2.260009765625 -0.7270264889241674
2.26025390625 -1.267541304327747
2.260498046875 -0.2363807810812698
2.2607421875 1.756406406015359
2.260986328125 2.810801124485162
2.26123046875 1.223342153141291
2.261474609375 -1.806167822259447
2.26171875 -2.880371119097157
2.261962890625 -0.8989456083507285
2.26220703125 1.431436624236272
2.262451171875 1.810369416082984
2.2626953125 1.383281990934819
2.262939453125 1.861461578211782
2.26318359375 2.4156415450523
2.263427734375 1.758507986096125
2.263671875 0.8210518562989652
2.263916015625 0.7702251104235946
2.26416015625 0.5771743538661386
2.264404296875 -0.7749215199039178
2.2646484375 -1.771115161075844
2.264892578125 -0.8934383530395211
2.26513671875 0.3019219403672851
2.265380859375 -0.3142303089463752
2.265625 -1.619397540148882
2.265869140625 -1.157397996701331
2.26611328125 0.5731180811545219
2.266357421875 1.100408329835823
2.2666015625 0.135276388938231
2.266845703125 -0.5793748088892099
2.26708984375 -0.6814035652267901
2.267333984375 -1.114613640206509
2.267578125 -1.337104077621069
2.267822265625 -0.05230489251455684
2.26806640625 1.60477991134749
2.268310546875 1.066796939132745
2.2685546875 -1.369673255339258
2.268798828125 -2.499039290129782
2.26904296875 -0.9146728971139835
2.269287109375 1.195340726942199
2.26953125 1.635265270058975
2.269775390625 0.8927405493567906
2.27001953125 0.3408171122585622
2.270263671875 0.1042006665130705
2.2705078125 -0.1429061211168487
2.270751953125 -0.04308953419452344
2.27099609375 0.6546577443956098
2.271240234375 1.312969942234828
2.271484375 1.121817803885248
2.271728515625 -0.115348641540473
2.27197265625 -1.915277047479477
2.272216796875 -3.063912923608229
2.2724609375 -2.211074271837603
2.272705078125 0.3003286551786336
2.27294921875 1.968051706852838
2.273193359375 1.014185360270441
2.2734375 -1.074058915186826
2.273681640625 -1.623813953637968
2.27392578125 -0.4653185872013597
2.274169921875 0.5626544247349131
2.2744140625 0.8733377755587706
2.274658203125 1.32497201319011
2.27490234375 1.759345279334315
2.275146484375 1.1763115715124
2.275390625 0.1654163561164305
2.275634765625 0.3420619673901242
2.27587890625 1.35893469809128
2.276123046875 1.333395633603407
2.2763671875 0.3363325343806629
2.276611328125 0.3335572409029648
2.27685546875 1.270881204623483
2.277099609375 0.6484771635239389
2.27734375 -1.980319050190414
2.277587890625 -3.490180577649427
2.27783203125 -1.848132560661584
2.278076171875 0.7365502219233293
2.2783203125 1.401218696202833
2.278564453125 0.6770881922604058
2.27880859375 0.5479866336865906
2.279052734375 0.8303749908155161
2.279296875 0.3038075789009542
2.279541015625 -0.3442111839856283
2.27978515625 0.2791656551535476
2.280029296875 1.299665920380303
2.2802734375 0.7804654137624748
2.280517578125 -0.8000071579127545
2.28076171875 -1.178211822928541
2.281005859375 -0.1058815183281613
2.28125 0.3843647677982244
2.281494140625 -0.3152008324200911
2.28173828125 -0.304883844879107
2.281982421875 1.362672528174273
2.2822265625 2.745864009865151
2.282470703125 2.019409109491791
2.28271484375 0.3800383242192137
2.282958984375 0.0581728324531235
2.283203125 0.8241768649111237
2.283447265625 0.6294957815142573
2.28369140625 -0.9299351784540341
2.283935546875 -1.989952548794041
2.2841796875 -1.386742325659913
2.284423828125 -0.3502903340629708
2.28466796875 -0.4922962357982204
2.284912109375 -1.50478277120522
2.28515625 -1.950179516498304
2.285400390625 -1.467589872951833
2.28564453125 -0.9528815585403027
2.285888671875 -0.8836886493877595
2.2861328125 -0.6433650241647464
2.286376953125 0.3492400757357486
2.28662109375 1.697817551196611
2.286865234375 2.557058663160917
2.287109375 2.576129845979529
2.287353515625 1.992686831854135
2.28759765625 1.130700656523173
2.287841796875 0.1393453989722403
2.2880859375 -0.860856693386463
2.288330078125 -1.587558041119837
2.28857421875 -1.712618679163334
2.288818359375 -1.292798791448074
2.2890625 -0.90999214791481
2.289306640625 -0.9663053290314657
2.28955078125 -0.9598251426323418
2.289794921875 -0.1768045252164857
2.2900390625 0.8994647555476384
2.290283203125 0.9497837003214613
2.29052734375 -0.1074696706639745
2.290771484375 -0.740565622977742
2.291015625 -0.1807032053046619
2.291259765625 0.3726741215381732
2.29150390625 0.05004440163247698
2.291748046875 0.05086447031427951
2.2919921875 1.257162742682238
2.292236328125 1.851285409114287
2.29248046875 -0.007518552207065679
2.292724609375 -2.427397674215154
2.29296875 -2.036073044740998
2.293212890625 0.639517529805927
2.29345703125 1.76016796468579
2.293701171875 0.2145260522585548
2.2939453125 -0.8829407346199077
2.294189453125 0.4110742484870989
2.29443359375 1.961387849674675
2.294677734375 1.68748655903603
2.294921875 0.8112523724502511
2.295166015625 0.6628079123480725
2.29541015625 -0.2285959411842295
2.295654296875 -2.852081844451863
2.2958984375 -4.574256147468734
2.296142578125 -2.857088289018795
2.29638671875 0.1998375941621483
2.296630859375 0.805323567542797
2.296875 -0.7589945319664828
2.297119140625 -1.181188575627893
2.29736328125 0.2986374232557171
2.297607421875 1.340909184872563
2.2978515625 0.9666444969707556
2.298095703125 0.6611286319896804
2.29833984375 0.9620547055016775
2.298583984375 0.5299717676058432
2.298828125 -0.8399333743251028
2.299072265625 -1.393503075228467
2.29931640625 -0.3674399724115355
2.299560546875 0.8461152852898535
2.2998046875 1.15096281621988
2.300048828125 0.9826097508098874
2.30029296875 0.552130007725535
2.300537109375 -0.7270118855540265
2.30078125 -2.358701524747955
2.301025390625 -2.620575360392658
2.30126953125 -1.17668777976589
2.301513671875 0.208977774643563
2.3017578125 0.4085447545604655
2.302001953125 0.4083114414019861
2.30224609375 1.129788330406362
2.302490234375 1.676473733329412
2.302734375 0.9686040778664532
2.302978515625 -0.3390302541669234
2.30322265625 -0.8005930959869859
2.303466796875 -0.1018663880794688
2.3037109375 0.8136355077374903
2.303955078125 0.861957534291887
2.30419921875 -0.3077561403774793
2.304443359375 -1.864517478700848
2.3046875 -2.278249557388129
2.304931640625 -1.12812032761718
2.30517578125 -0.01526529046345676
2.305419921875 -0.4623738051928751
2.3056640625 -1.587296789819511
2.305908203125 -1.593321720356828
2.30615234375 -0.8126402671238818
2.306396484375 -0.871170034835559
2.306640625 -1.315299407637152
2.306884765625 -0.1031250190975373
2.30712890625 2.353847549961143
2.307373046875 2.960026149253582
2.3076171875 0.7709922720244368
2.307861328125 -1.109784688566465
2.30810546875 -0.1859653057044253
2.308349609375 1.679995182906073
2.30859375 1.422510262846981
2.308837890625 -0.597014903647744
2.30908203125 -1.721658415342946
2.309326171875 -1.111842679090519
2.3095703125 -0.03027474165476662
2.309814453125 0.8619517082203969
2.31005859375 1.780057072574512
2.310302734375 2.032832046989089
2.310546875 0.6969191793978987
2.310791015625 -1.007190991531881
2.31103515625 -0.6382662115735426
2.311279296875 1.652138756837531
2.3115234375 2.623285568123672
2.311767578125 0.4304926476806567
2.31201171875 -2.339474905391391
2.312255859375 -1.962621010209347
2.3125 1.203746521372163
2.312744140625 3.047664648991317
2.31298828125 1.237878429030412
2.313232421875 -1.769139410301896
2.3134765625 -2.346173923410651
2.313720703125 -0.5623542848902886
2.31396484375 0.6389453843088467
2.314208984375 0.1904204872169961
2.314453125 -0.001403600985398792
2.314697265625 1.020842876928574
2.31494140625 1.337211474286359
2.315185546875 -0.2160815185204603
2.3154296875 -1.200789658979557
2.315673828125 0.8595595038235208
2.31591796875 3.9384637680438
2.316162109375 3.96959904711982
2.31640625 0.9738173418414678
2.316650390625 -0.9365450547400066
2.31689453125 0.2913962055394218
2.317138671875 2.09019300183143
2.3173828125 1.673098838007493
2.317626953125 -0.3071573914916647
2.31787109375 -1.894180707284842
2.318115234375 -2.714385699023045
2.318359375 -2.948051450369691
2.318603515625 -1.930466361064988
2.31884765625 0.1596755446894968
2.319091796875 1.302447991917877
2.3193359375 0.4617395023427609
2.319580078125 -0.4314335853630356
2.31982421875 0.4648548016781741
2.320068359375 1.654836666949269
2.3203125 0.7606199824717897
2.320556640625 -1.219900740841025
2.32080078125 -1.253775512215006
2.321044921875 0.7931100589997671
2.3212890625 1.822033667389239
2.321533203125 0.2957924295893384
2.32177734375 -1.658262415823358
2.322021484375 -1.871544504083388
2.322265625 -1.235836889593313
2.322509765625 -1.530026275904286
2.32275390625 -2.082076380877123
2.322998046875 -0.8586836358245526
2.3232421875 1.92153635422706
2.323486328125 3.54503546939678
2.32373046875 2.458278378675777
2.323974609375 0.3819057195610316
2.32421875 -0.2167914296578913
2.324462890625 0.4535187559095053
2.32470703125 0.1630755110176489
2.324951171875 -1.742514748845524
2.3251953125 -3.291853213647001
2.325439453125 -2.862597880629148
2.32568359375 -1.417246138461124
2.325927734375 -0.6388243122403966
2.326171875 -0.3823253093868155
2.326416015625 0.3175983032492782
2.32666015625 0.931076843654343
2.326904296875 0.3473322102493488
2.3271484375 -0.6272992364491397
2.327392578125 -0.2069772936144414
2.32763671875 1.16312202785877
2.327880859375 1.213909977476043
2.328125 -0.2935828584517801
2.328369140625 -0.9235091061320623
2.32861328125 0.465742928776248
2.328857421875 1.888959564722806
2.3291015625 1.619354851317715
2.329345703125 0.7470288670569274
2.32958984375 0.6806614439443814
2.329833984375 0.6105712454849547
2.330078125 -0.3946486619908353
2.330322265625 -0.9989319821271253
2.33056640625 0.1381453168104559
2.330810546875 1.518104407509388
2.3310546875 1.00431588865399
2.331298828125 -0.5397674426069868
2.33154296875 -0.7330828384773946
2.331787109375 0.2625401690070572
2.33203125 0.2626095543147228
2.332275390625 -0.9751100116319971
2.33251953125 -1.505807195197496
2.332763671875 -0.8292598585922988
2.3330078125 -0.626009234810266
2.333251953125 -1.444154748497881
2.33349609375 -1.609038561678864
2.333740234375 -0.3383813746311226
2.333984375 0.691100222476946
2.334228515625 0.1698656958778788
2.33447265625 -0.647820915221743
2.334716796875 -0.08279808532355586
2.3349609375 1.328694622988918
2.335205078125 1.896296018183782
2.33544921875 1.276795237446291
2.335693359375 0.4997140557278308
2.3359375 0.3267339165508595
2.336181640625 0.7368936080692251
2.33642578125 1.395276552584809
2.336669921875 1.725979883743491
2.3369140625 1.110243874312577
2.337158203125 -0.2596138029937167
2.33740234375 -1.295893907707718
2.337646484375 -1.335732824559128
2.337890625 -0.8962550345885161
2.338134765625 -0.6639290807218602
2.33837890625 -0.5614234812149044
2.338623046875 -0.4028454995794686
2.3388671875 -0.6120082331672151
2.339111328125 -1.462239042097188
2.33935546875 -2.211414096367322
2.339599609375 -1.864995524271731
2.33984375 -0.5378551774598825
2.340087890625 0.582753988266322
2.34033203125 0.5630504759714741
2.340576171875 -0.2804060506095863
2.3408203125 -0.6547397953612559
2.341064453125 0.3611437186020972
2.34130859375 2.042130756298182
2.341552734375 2.535463940452273
2.341796875 1.221403401252573
2.342041015625 -0.1335642717225202
2.34228515625 0.2753573124364337
2.342529296875 1.457475330755897
2.3427734375 0.9593118767335682
2.343017578125 -1.205125531738174
2.34326171875 -2.282654543390283
2.343505859375 -0.9661072507222143
2.34375 0.5696030921820259
2.343994140625 0.1413989799508312
2.34423828125 -1.080306103178697
2.344482421875 -0.6869601859986454
2.3447265625 1.045338679431226
2.344970703125 1.732021179989411
2.34521484375 0.5890269473913687
2.345458984375 -0.7550552359887411
2.345703125 -0.9365999530980059
2.345947265625 -0.2861715709028221
2.34619140625 0.5119308642741607
2.346435546875 1.323916945972269
2.3466796875 1.750619958232702
2.346923828125 1.028714136633331
2.34716796875 -0.6180064956826149
2.347412109375 -1.761744495593503
2.34765625 -1.546804591042168
2.347900390625 -0.7232955825864894
2.34814453125 -0.361736909250474
2.348388671875 -0.421958401401361
2.3486328125 -0.2188221038969657
2.348876953125 0.3979733097656542
2.34912109375 0.9931857172838338
2.349365234375 1.220145524358533
2.349609375 0.9723857980832454
2.349853515625 0.1399839591395853
2.35009765625 -1.263420214639003
2.350341796875 -2.719330632863966
2.3505859375 -3.250922687865779
2.350830078125 -2.15901144921244
2.35107421875 0.04101014376968271
2.351318359375 1.612199261472154
2.3515625 1.19170081464536
2.351806640625 -0.4982407466513661
2.35205078125 -1.395289079622601
2.352294921875 -0.8450929951606558
2.3525390625 -0.3721282652462233
2.352783203125 -0.9462795458705433
2.35302734375 -1.045849675134336
2.353271484375 0.8404066942422965
2.353515625 3.031073165976537
2.353759765625 2.523152249039338
2.35400390625 -0.3327501830746571
2.354248046875 -1.855302497018045
2.3544921875 -0.2625171519408515
2.354736328125 1.82611015983896
2.35498046875 1.445339979164196
2.355224609375 -0.479962892877256
2.35546875 -0.9855962790702567
2.355712890625 0.424536889947273
2.35595703125 1.502933596642833
2.356201171875 0.8429363081190534
2.3564453125 -0.4648316171616509
2.356689453125 -0.8532680476972198
2.35693359375 -0.2791716120882416
2.357177734375 0.2604727028174821
2.357421875 0.1558570939061583
2.357666015625 -0.3398210898982694
2.35791015625 -0.5141356800285409
2.358154296875 0.1251964346509677
2.3583984375 1.247950195684615
2.358642578125 1.855023953075315
2.35888671875 1.354411290749101
2.359130859375 0.2889976470193554
2.359375 -0.3015619209008861
2.359619140625 0.03833410315671937
2.35986328125 0.9662115498495963
2.360107421875 1.776529293372006
2.3603515625 1.816497781917783
2.360595703125 1.013530429647762
2.36083984375 0.2126205210065074
2.361083984375 0.2981396795505336
2.361328125 0.7698660449920907
2.361572265625 0.1563084934970362
2.36181640625 -1.761272502868517
2.362060546875 -3.284651697379942
2.3623046875 -3.028177279506759
2.362548828125 -1.641004762376133
2.36279296875 -0.4262501461132393
2.363037109375 0.5197436528966333
2.36328125 1.570400794768558
2.363525390625 2.103111940755348
2.36376953125 1.3341582201055
2.364013671875 -0.09924790882001086
2.3642578125 -0.8770664482788165
2.364501953125 -0.7746478632188745
2.36474609375 -0.4056579236206794
2.364990234375 0.09997979086163189
2.365234375 0.7177499697656873
2.365478515625 0.5920038399247589
2.36572265625 -0.8201931247911891
2.365966796875 -2.274662095210607
2.3662109375 -2.210452612122693
2.366455078125 -1.166353779416834
2.36669921875 -0.7996317789440066
2.366943359375 -1.002639704532803
2.3671875 -0.2725224460521357
2.367431640625 1.260958027371309
2.36767578125 1.712101859192902
2.367919921875 0.6367095425998904
2.3681640625 -0.1187759464261265
2.368408203125 0.5279747137867153
2.36865234375 1.240018850156693
2.368896484375 0.614066569062218
2.369140625 -0.7985895419670861
2.369384765625 -1.847609560524263
2.36962890625 -2.328793966062321
2.369873046875 -2.145754349820693
2.3701171875 -0.7805385015241039
2.370361328125 1.186977923538038
2.37060546875 1.821397397868819
2.370849609375 0.5256428741956247
2.37109375 -0.6252892306660253
2.371337890625 0.1880935823615568
2.37158203125 1.757889183551045
2.371826171875 1.779503625674546
2.3720703125 0.2947368153196005
2.372314453125 -0.7738942621184931
2.37255859375 -0.6595513254901161
2.372802734375 -0.2978639073715468
2.373046875 -0.2752996095675354
2.373291015625 -0.1165161294130954
2.37353515625 0.4118596358027063
2.373779296875 0.801307114474203
2.3740234375 0.7289398323895463
2.374267578125 0.3773307715231755
2.37451171875 -0.1597440503361248
2.374755859375 -0.8257315490390285
2.375 -1.066316773669069
2.375244140625 -0.3235290781216235
2.37548828125 0.9230118468025025
2.375732421875 1.417312965346442
2.3759765625 0.527582986084342
2.376220703125 -1.083198087487069
2.37646484375 -2.099763741493924
2.376708984375 -1.604040207775954
2.376953125 0.1331113448024092
2.377197265625 1.652008555820634
2.37744140625 1.693718234464385
2.377685546875 0.843476529611094
2.3779296875 0.8954136664667396
2.378173828125 2.183811257946281
2.37841796875 2.77221510319541
2.378662109375 1.170248797758676
2.37890625 -1.331095596529956
2.379150390625 -2.326708276757173
2.37939453125 -1.420082823504248
2.379638671875 -0.2343237780447199
2.3798828125 0.1087130185338244
2.380126953125 -0.006842777702781057
2.38037109375 0.02526280607456666
2.380615234375 0.1846862319109304
2.380859375 0.3838835857151225
2.381103515625 0.7630617296153134
2.38134765625 1.166295047031112
2.381591796875 1.072891710119147
2.3818359375 0.2630422822967122
2.382080078125 -0.8824494641146138
2.38232421875 -1.766940263824271
2.382568359375 -2.028498680595362
2.3828125 -1.823477818226238
2.383056640625 -1.768085026641608
2.38330078125 -2.116040095763748
2.383544921875 -2.001305775333849
2.3837890625 -0.419927574267806
2.384033203125 1.907892478164076
2.38427734375 2.983773669039993
2.384521484375 2.312635539775374
2.384765625 1.666731858866242
2.385009765625 2.171463363965609
2.38525390625 2.381913556489704
2.385498046875 0.845155534679991
2.3857421875 -0.9662443489646024
2.385986328125 -0.5237439453497774
2.38623046875 1.786630315604857
2.386474609375 2.93192963232754
2.38671875 1.338635308530198
2.386962890625 -1.335418213204667
2.38720703125 -2.756485731006965
2.387451171875 -2.486699042086119
2.3876953125 -1.554288558748331
2.387939453125 -0.8712076683412372
2.38818359375 -0.7030272579451957
2.388427734375 -0.8404346030523404
2.388671875 -0.860487088773487
2.388916015625 -0.6530562126450773
2.38916015625 -0.5986434977291573
2.389404296875 -0.791205386361295
2.3896484375 -0.6232827083542123
2.389892578125 0.1437494172907973
2.39013671875 0.634020955811224
2.390380859375 0.2089118101348417
2.390625 -0.1990057008646612
2.390869140625 0.5780616827487676
2.39111328125 1.92253916974331
2.391357421875 2.258645007562449
2.3916015625 1.414399712667985
2.391845703125 0.5400783198890365
2.39208984375 0.01371005773001517
2.392333984375 -0.815335098800087
2.392578125 -1.864936783831462
2.392822265625 -2.071304702295873
2.39306640625 -1.195567912617124
2.393310546875 -0.4267447609409917
2.3935546875 -0.7657676598275099
2.393798828125 -1.837105383335615
2.39404296875 -2.498875442068094
2.394287109375 -1.850955172862715
2.39453125 0.1345260710142943
2.394775390625 2.149817784561525
2.39501953125 2.335236152186328
2.395263671875 0.6199728509723929
2.3955078125 -0.6313367278150862
2.395751953125 0.209016175287355
2.39599609375 1.387577249044355
2.396240234375 0.473239306193081
2.396484375 -1.394775418864767
2.396728515625 -0.9801654396956848
2.39697265625 1.775899925092065
2.397216796875 3.424993323401286
2.3974609375 2.330241415404727
2.397705078125 0.7578426738352365
2.39794921875 0.5367770716055053
2.398193359375 0.1731972378379633
2.3984375 -1.6838435530364
2.398681640625 -3.061111799700134
2.39892578125 -1.822124287964126
2.399169921875 0.3116425061336147
2.3994140625 0.2037556303581713
2.399658203125 -1.625443746359295
2.39990234375 -1.778867419101846
2.400146484375 0.6279366084924076
2.400390625 2.593382686838997
2.400634765625 1.716750175505465
2.40087890625 -0.578015191617492
2.401123046875 -1.404590989857133
2.4013671875 -0.1939600098191606
2.401611328125 1.191010336193862
2.40185546875 1.104573205725645
2.402099609375 -0.2952171365347987
2.40234375 -1.697599266678122
2.402587890625 -2.010685553648122
2.40283203125 -1.120595023105004
2.403076171875 0.2058991778280077
2.4033203125 1.024739032092222
2.403564453125 0.9818961499885379
2.40380859375 0.4986171458247703
2.404052734375 0.2091389912615616
2.404296875 0.2289583323466776
2.404541015625 0.1128046329040967
2.40478515625 -0.3286069503856217
2.405029296875 -0.4654868711577806
2.4052734375 0.3091365535332665
2.405517578125 1.323707092424987
2.40576171875 1.250242605316878
2.406005859375 0.1919144984307946
2.40625 -0.2483033752238063
2.406494140625 0.3048434686674931
2.40673828125 -0.06539094325632286
2.406982421875 -2.359846795181092
2.4072265625 -4.091019324785018
2.407470703125 -2.425954008133981
2.40771484375 1.20961183521276
2.407958984375 2.772013351613159
2.408203125 1.453974329008551
2.408447265625 0.4477842004362216
2.40869140625 1.47126258807041
2.408935546875 2.198968115416366
2.4091796875 0.5756394001029103
2.409423828125 -1.666112908353459
2.40966796875 -2.042624392697114
2.409912109375 -1.176017484480794
2.41015625 -1.001049231421037
2.410400390625 -1.241320376101623
2.41064453125 -0.5198138032473861
2.410888671875 0.5588690314184701
2.4111328125 0.3415460119192257
2.411376953125 -0.8422350519734823
2.41162109375 -1.280443429408689
2.411865234375 -0.8054436555507903
2.412109375 -0.5786260613713164
2.412353515625 -0.5330323861800301
2.41259765625 0.3911741628412618
2.412841796875 1.780734969390323
2.4130859375 2.04364493334953
2.413330078125 1.080973530253317
2.41357421875 0.2875843573852498
2.413818359375 -0.04977584456248721
2.4140625 -0.8529526047423778
2.414306640625 -1.630252005180216
2.41455078125 -0.499194800663764
2.414794921875 2.426180949444091
2.4150390625 4.186312550115604
2.415283203125 2.749387508889558
2.41552734375 -0.3316356508461905
2.415771484375 -2.275828747969307
2.416015625 -2.362243819290424
2.416259765625 -1.566472762511611
2.41650390625 -0.5224143846977792
2.416748046875 0.535469262517785
2.4169921875 0.9093851636121489
2.417236328125 0.1691180650704391
2.41748046875 -0.7945684831207829
2.417724609375 -0.7027735511317483
2.41796875 0.4778679196589352
2.418212890625 1.694693835655996
2.41845703125 2.126456718818465
2.418701171875 1.624748291495083
2.4189453125 0.4681267477068291
2.419189453125 -0.5583288609107315
2.41943359375 -0.4983540680543992
2.419677734375 0.5367217409434608
2.419921875 1.126719511034129
2.420166015625 0.4275964699068389
2.42041015625 -0.4125998665231239
2.420654296875 0.1476981011347343
2.4208984375 1.592581391698926
2.421142578125 1.884794592402427
2.42138671875 0.3138573423360429
2.421630859375 -1.5483873282524
2.421875 -1.99699740820755
2.422119140625 -1.171897890676075
2.42236328125 -0.3673181777905581
2.422607421875 -0.1867047604877984
2.4228515625 -0.09176501818111431
2.423095703125 0.5638703868270963
2.42333984375 1.640535017799122
2.423583984375 2.369833125986264
2.423828125 2.194195339790401
2.424072265625 1.395219876996391
2.42431640625 0.7892214317321182
2.424560546875 0.6981194759198851
2.4248046875 0.4960026214218373
2.425048828125 -0.4391429619403915
2.42529296875 -1.561505530170575
2.425537109375 -1.633033559602812
2.42578125 -0.4676705854077666
2.426025390625 0.5105851873267868
2.42626953125 -0.04463145801309693
2.426513671875 -1.55671186813948
2.4267578125 -2.029128359506306
2.427001953125 -0.4308950453424308
2.42724609375 1.899391509333943
2.427490234375 2.546657623417244
2.427734375 0.6106605832283362
2.427978515625 -2.26655389066182
2.42822265625 -3.607401582616305
2.428466796875 -2.687973070166899
2.4287109375 -1.085963445792379
2.428955078125 -0.591053966576462
2.42919921875 -1.100727673415713
2.429443359375 -1.10549075791024
2.4296875 0.1168844884250692
2.429931640625 1.668323501798295
2.43017578125 2.377720660160085
2.430419921875 1.9995788101893
2.4306640625 0.7813357628550555
2.430908203125 -1.056414230563264
2.43115234375 -2.679987643196482
2.431396484375 -2.592489219183064
2.431640625 -0.5435466379858369
2.431884765625 1.250556142151808
2.43212890625 0.5047470663841293
2.432373046875 -1.762563968684869
2.4326171875 -2.185368207760757
2.432861328125 0.3012171499458428
2.43310546875 2.781978083128805
2.433349609375 2.353966809290102
2.43359375 0.02917085432327809
2.433837890625 -1.003561973827551
2.43408203125 0.1858040256935841
2.434326171875 1.555183126561897
2.4345703125 1.314996034644594
2.434814453125 -0.07516027902489261
2.43505859375 -1.252014161397336
2.435302734375 -1.69538098367471
2.435546875 -1.656459792936016
2.435791015625 -1.454033877510743
2.43603515625 -1.346663887567661
2.436279296875 -1.403829946984412
2.4365234375 -1.231758574821526
2.436767578125 -0.392048477558009
2.43701171875 0.8381691708715124
2.437255859375 1.660323978416686
2.4375 1.623748142792276
2.437744140625 0.8250529182335559
2.43798828125 -0.3624065607656965
2.438232421875 -1.118632448295576
2.4384765625 -0.4379372281648998
2.438720703125 1.35748419900143
2.43896484375 2.085564794119321
2.439208984375 0.2285340124201439
2.439453125 -2.512460280750253
2.439697265625 -3.053127487492481
2.43994140625 -1.106367939165576
2.440185546875 0.5873558509405643
2.4404296875 0.3424538950671954
2.440673828125 -0.5152328755813532
2.44091796875 -0.4489708931785449
2.441162109375 -0.07683301917290213
2.44140625 -0.4011973554584303
2.441650390625 -0.6998381135396341
2.44189453125 0.05125236958962482
2.442138671875 1.098065086867128
2.4423828125 1.034702581756483
2.442626953125 0.004870585601302244
2.44287109375 -0.771566140002208
2.443115234375 -0.8132223823082819
2.443359375 -0.3866584652196409
2.443603515625 0.3591455174389417
2.44384765625 0.9941151232297495
2.444091796875 0.634287130680509
2.4443359375 -0.4660531028260441
2.444580078125 -0.4119905022209978
2.44482421875 1.588523091022466
2.445068359375 3.296944041999479
2.4453125 2.33523352847602
2.445556640625 -0.1478716545814366
2.44580078125 -1.159860028203392
2.446044921875 -0.3448092537374586
2.4462890625 0.06376236245949035
2.446533203125 -0.6311736185238979
2.44677734375 -0.700598703739312
2.447021484375 0.3933500917783117
2.447265625 0.669755758850865
2.447509765625 -0.8417320145661608
2.44775390625 -1.978973874454319
2.447998046875 -0.7231736560540443
2.4482421875 1.470265765255414
2.448486328125 1.841907594014436
2.44873046875 0.5241883719896544
2.448974609375 0.2192546315878278
2.44921875 2.11307454425266
2.449462890625 4.193564199594833
2.44970703125 4.000912136635963
2.449951171875 1.651958846197587
2.4501953125 -0.5965724558227967
2.450439453125 -1.12726721717112
2.45068359375 -0.5197399475423979
2.450927734375 -0.3029079380516113
2.451171875 -0.7849978361596778
2.451416015625 -0.9099228107264078
2.45166015625 -0.2416699121807292
2.451904296875 0.1175315773561401
2.4521484375 -0.626744600697738
2.452392578125 -1.361724878673497
2.45263671875 -0.7689372146571399
2.452880859375 0.2789760189462608
2.453125 0.02570048322029407
2.453369140625 -0.9827111975572466
2.45361328125 -0.5358671897980753
2.453857421875 1.292985776049777
2.4541015625 1.676334269963933
2.454345703125 -0.4840897137028901
2.45458984375 -2.347862052623748
2.454833984375 -1.245579286110786
2.455078125 1.315284005766539
2.455322265625 2.18949687389475
2.45556640625 1.359947045282741
2.455810546875 1.215666059606465
2.4560546875 2.114087780453139
2.456298828125 1.978320475278833
2.45654296875 0.2971769352054024
2.456787109375 -0.6950017236712975
2.45703125 0.1954951661967899
2.457275390625 0.842619146272813
2.45751953125 -0.982692944172234
2.457763671875 -3.966586767663294
2.4580078125 -4.873227521951756
2.458251953125 -2.892769347957056
2.45849609375 -0.4536830375097003
2.458740234375 0.07740468991521623
2.458984375 -1.071941978456079
2.459228515625 -2.035932951817971
2.45947265625 -1.568830613220513
2.459716796875 0.1308682589071666
2.4599609375 2.013750497371515
2.460205078125 2.984756264946341
2.46044921875 2.56994453318106
2.460693359375 1.34065084841515
2.4609375 0.4862933437687788
2.461181640625 0.585923342267373
2.46142578125 0.9945684311258886
2.461669921875 0.7994719225420744
2.4619140625 0.08738429524605226
2.462158203125 -0.3348098636542294
2.46240234375 -0.293987915073914
2.462646484375 -0.4708430829772285
2.462890625 -1.138959680334919
2.463134765625 -1.625297763533304
2.46337890625 -1.48231271535225
2.463623046875 -1.263263210152731
2.4638671875 -1.378301647200008
2.464111328125 -1.101947873552909
2.46435546875 0.1370086345050854
2.464599609375 1.245858687481084
2.46484375 0.7928741656553354
2.465087890625 -0.5670812825400366
2.46533203125 -0.7645412063810985
2.465576171875 0.6146591179868717
2.4658203125 1.83324022210031
2.466064453125 1.890056982276702
2.46630859375 1.803317265804796
2.466552734375 2.156679462691429
2.466796875 1.55810242666605
2.467041015625 -0.7945504187776193
2.46728515625 -2.83434785924563
2.467529296875 -2.23264235233276
2.4677734375 -0.1731382843178561
2.468017578125 0.118918023030638
2.46826171875 -1.712093960598993
2.468505859375 -2.457543419160099
2.46875 -0.1776835546493296
2.468994140625 2.674964261410292
2.46923828125 2.475849597384047
2.469482421875 -0.7045181388834505
2.4697265625 -3.252248578415852
2.469970703125 -2.542517483269422
2.47021484375 0.2039671489712107
2.470458984375 1.779803302700723
2.470703125 0.6630211416452733
2.470947265625 -1.739847342222393
2.47119140625 -3.035963344699073
2.471435546875 -2.316111265344074
2.4716796875 -0.5954689948655986
2.471923828125 0.6211171672324933
2.47216796875 0.6730734030967009
2.472412109375 -0.08342459477737681
2.47265625 -0.6979970216862819
2.472900390625 -0.2034804289874637
2.47314453125 1.446876757392445
2.473388671875 2.846987059584136
2.4736328125 2.420772093578928
2.473876953125 0.579594948464134
2.47412109375 -0.4158355184375667
2.474365234375 0.6172888731282391
2.474609375 2.048169584443674
2.474853515625 1.622838884264159
2.47509765625 -0.5141679282088528
2.475341796875 -2.284998061509543
2.4755859375 -2.544666449880421
2.475830078125 -2.027308504686967
2.47607421875 -1.699670900938612
2.476318359375 -1.60283878169083
2.4765625 -1.393137677029681
2.476806640625 -0.8559163623799154
2.47705078125 0.23147217732079
2.477294921875 1.759998313182716
2.4775390625 2.822651022769403
2.477783203125 2.592898151666278
2.47802734375 1.608005800811216
2.478271484375 1.104112823751227
2.478515625 1.161179999679679
2.478759765625 0.745269129922285
2.47900390625 -0.391770858302658
2.479248046875 -1.2588536624565
2.4794921875 -1.345173330810256
2.479736328125 -1.382829129368755
2.47998046875 -1.822004502198852
2.480224609375 -1.818677826886196
2.48046875 -0.6051846593579365
2.480712890625 1.051901004207485
2.48095703125 1.729851528345159
2.481201171875 1.223153972138546
2.4814453125 0.7462578741484882
2.481689453125 1.329591025355185
2.48193359375 2.403180488037251
2.482177734375 2.184252460119422
2.482421875 -0.2066828415538602
2.482666015625 -3.027692412116973
2.48291015625 -3.295173256524029
2.483154296875 -0.5468080512356351
2.4833984375 1.973146831937064
2.483642578125 1.270319189288185
2.48388671875 -1.361528258004433
2.484130859375 -2.268963381099329
2.484375 -0.5713206805113162
2.484619140625 1.253172238451711
2.48486328125 1.603748950968955
2.485107421875 1.502948738494393
2.4853515625 1.658040635061354
2.485595703125 1.004026791093555
2.48583984375 -0.5387822325030917
2.486083984375 -0.8541091239676604
2.486328125 0.9259998043512304
2.486572265625 2.392068832546525
2.48681640625 1.539272080540105
2.487060546875 0.1210165172412997
2.4873046875 0.6491873531834678
2.487548828125 2.091389116081577
2.48779296875 1.731399322625178
2.488037109375 -0.14506405873898
2.48828125 -0.9025776162747003
2.488525390625 -0.143233450755713
2.48876953125 -0.1376067048083294
2.489013671875 -1.709062083504824
2.4892578125 -2.935549187403524
2.489501953125 -2.452985413294946
2.48974609375 -1.239861924078519
2.489990234375 -0.4178861125714299
2.490234375 0.2075899182603757
2.490478515625 0.6505869229593594
2.49072265625 0.1989367567853805
2.490966796875 -0.7175447237367784
2.4912109375 -0.4171995994177705
2.491455078125 1.188811095842312
2.49169921875 1.88935141044306
2.491943359375 0.6512267003082265
2.4921875 -0.4084176687080842
2.492431640625 0.6507547968316366
2.49267578125 2.211471018968577
2.492919921875 1.405463283978395
2.4931640625 -1.395808595152144
2.493408203125 -2.942506171813749
2.49365234375 -1.644728868933364
2.493896484375 0.4861953183766668
2.494140625 0.7852315559906742
2.494384765625 -0.8161296046311203
2.49462890625 -2.160594124934041
2.494873046875 -1.5378018164198
2.4951171875 0.6240455109743478
2.495361328125 2.334277092705651
2.49560546875 2.023771187795995
2.495849609375 0.1186203060948468
2.49609375 -1.416218422858497
2.496337890625 -1.218892840597466
2.49658203125 0.1295344574764789
2.496826171875 1.134437097558922
2.4970703125 1.196588948526705
2.497314453125 0.8654608600623995
2.49755859375 0.7675751211237988
2.497802734375 0.9977689114613617
2.498046875 1.319329753442048
2.498291015625 1.302806356162888
2.49853515625 0.471605036703012
2.498779296875 -1.003932794106494
2.4990234375 -1.940821934256799
2.499267578125 -1.324615959179056
2.49951171875 0.08809716947481602
2.499755859375 0.262102635803116
2.5 -1.606832258835489
2.500244140625 -3.836023750530727
2.50048828125 -4.212870779523192
2.500732421875 -2.687426910917656
2.5009765625 -1.158454134799277
2.501220703125 -0.7736852425223834
2.50146484375 -0.6648687392058522
2.501708984375 0.2454954226667908
2.501953125 1.40232798513854
2.502197265625 1.620036762573721
2.50244140625 1.064988281273788
2.502685546875 0.7980225023577979
2.5029296875 0.7906205297866757
2.503173828125 0.1316008051939618
2.50341796875 -0.7984577888919953
2.503662109375 -0.369615209417639
2.50390625 1.454193649172873
2.504150390625 2.346105087724944
2.50439453125 0.9695880965747407
2.504638671875 -0.7235530894786772
2.5048828125 -0.3825190140199631
2.505126953125 1.049267078472629
2.50537109375 0.8850020029759125
2.505615234375 -1.0037867971343
2.505859375 -2.13690305791027
2.506103515625 -1.473352154174086
2.50634765625 -0.79981531789493
2.506591796875 -1.544347800795199
2.5068359375 -2.5659771734079
2.507080078125 -2.165295443978376
2.50732421875 -0.538043479394417
2.507568359375 0.8836359967821057
2.5078125 1.272701669759382
2.508056640625 0.7538749257736764
2.50830078125 0.026891533476749
2.508544921875 0.1903283491195027
2.5087890625 1.692087802617643
2.509033203125 3.053138726154468
2.50927734375 2.197485406981327
2.509521484375 -0.4301320036614996
2.509765625 -1.924545365851762
2.510009765625 -0.9049954051583309
2.51025390625 0.6261993205073064
2.510498046875 0.6562900108037146
2.5107421875 0.1661109913885759
2.510986328125 0.7832697932774149
2.51123046875 1.449322658576654
2.511474609375 0.2144823179843371
2.51171875 -1.906079735919947
2.511962890625 -2.036647225692725
2.51220703125 -0.01465485171431726
2.512451171875 1.278542812859687
2.5126953125 0.5000604305968556
2.512939453125 -0.236106816524136
2.51318359375 0.9040725824725752
2.513427734375 2.458093706174685
2.513671875 2.161898461742084
2.513916015625 0.5221820427401727
2.51416015625 -0.2364909475728345
2.514404296875 0.3887106649810664
2.5146484375 0.977183190409018
2.514892578125 0.8787405622938643
2.51513671875 0.9945938563575967
2.515380859375 1.781482331760923
2.515625 2.276859767066791
2.515869140625 1.632038495478242
2.51611328125 0.2862746354657003
2.516357421875 -0.9264872944278849
2.5166015625 -1.687821928568812
2.516845703125 -1.703645837502616
2.51708984375 -0.5918561536238977
2.517333984375 0.9440540310912868
2.517578125 1.156823911441279
2.517822265625 -0.3136592147050069
2.51806640625 -1.281100456444498
2.518310546875 0.03455483813168301
2.5185546875 1.933756126399928
2.518798828125 1.393492942778781
2.51904296875 -1.251424672872462
2.519287109375 -2.57896679388076
2.51953125 -1.263145809306589
2.519775390625 0.06584347444407633
2.52001953125 -0.7029623564758821
2.520263671875 -1.836086546064701
2.5205078125 -1.052709114138668
2.520751953125 0.3882981481145484
2.52099609375 -0.1563722464758628
2.521240234375 -2.166451056607004
2.521484375 -2.801427708790996
2.521728515625 -1.374155793720043
2.52197265625 0.168273900779413
2.522216796875 0.7509936942036668
2.5224609375 1.069653973991792
2.522705078125 1.185924882739121
2.52294921875 0.3481340957539769
2.523193359375 -0.6791932388840282
2.5234375 -0.1957245669191635
2.523681640625 1.248520519612308
2.52392578125 1.381600575690141
2.524169921875 0.2330836614446378
2.5244140625 0.1077361269966364
2.524658203125 0.9584419830379054
2.52490234375 -0.08865691606747349
2.525146484375 -3.17270824559315
2.525390625 -4.083642330268169
2.525634765625 -0.7951397775394443
2.52587890625 2.488632291237837
2.526123046875 1.403588809039
2.5263671875 -1.884168133980581
2.526611328125 -2.353495631012954
2.52685546875 0.1223926874568006
2.527099609375 1.519121358513521
2.52734375 0.5497389196149013
2.527587890625 -0.1946249133426257
2.52783203125 0.5067388378778298
2.528076171875 0.8229589551440251
2.5283203125 -0.1929479001374457
2.528564453125 -1.059955571427764
2.52880859375 -1.008645602777431
2.529052734375 -1.15583961002271
2.529296875 -1.744223397491456
2.529541015625 -1.451757917189566
2.52978515625 -0.3164312050485673
2.530029296875 -0.2284102695603757
2.5302734375 -1.488998763006928
2.530517578125 -1.876542657097324
2.53076171875 -0.3463572835665539
2.531005859375 1.183686848207801
2.53125 1.116445165000665
2.531494140625 0.5549930754236254
2.53173828125 0.8525361914028043
2.531982421875 1.287822050208602
2.5322265625 0.9092333466480406
2.532470703125 0.4466651882500134
2.53271484375 0.5857728371272063
2.532958984375 0.3805948435109091
2.533203125 -0.7814025714753109
2.533447265625 -1.534132591482404
2.53369140625 -0.7343307283727852
2.533935546875 0.4716601528669784
2.5341796875 0.7168037449625688
2.534423828125 0.8229306066086928
2.53466796875 2.011053645642412
2.534912109375 3.25303363865172
2.53515625 2.768844060247239
2.535400390625 1.00338458883047
2.53564453125 -0.2246088070786437
2.535888671875 -0.621495379975579
2.5361328125 -1.142874824312161
2.536376953125 -1.552767082500795
2.53662109375 -0.7041062845581825
2.536865234375 1.01095956264145
2.537109375 1.760346474168972
2.537353515625 0.935373711086367
2.53759765625 -0.1466820057056141
2.537841796875 -0.3776148454552602
2.5380859375 -0.08269448541847355
2.538330078125 0.1137971635142964
2.53857421875 0.2456598790314059
2.538818359375 0.4971020572177255
2.5390625 0.7520691883130364
2.539306640625 0.8721121127373496
2.53955078125 0.7930657394415125
2.539794921875 0.4795754037570298
2.5400390625 0.2292807666137533
2.540283203125 0.4418999060696732
2.54052734375 0.6495104209479683
2.540771484375 -0.1244651843927628
2.541015625 -1.381391465184203
2.541259765625 -1.155876763301377
2.54150390625 0.7740668670404983
2.541748046875 1.64386634976488
2.5419921875 -0.3042511549354545
2.542236328125 -2.502211574552337
2.54248046875 -1.604670569358231
2.542724609375 1.152967773964599
2.54296875 1.738044343657476
2.543212890625 -0.3492715056774598
2.54345703125 -1.597510632757143
2.543701171875 -0.3903468763941676
2.5439453125 0.8702751956945073
2.544189453125 0.5215887398356249
2.54443359375 0.3231803110282077
2.544677734375 1.49116601784742
2.544921875 1.922245690657495
2.545166015625 0.1299296051812534
2.54541015625 -1.312724459957111
2.545654296875 0.3205515784479763
2.5458984375 3.009720341681625
2.546142578125 2.768946761928393
2.54638671875 -0.2545861345005646
2.546630859375 -2.295704209884326
2.546875 -1.743704365141357
2.547119140625 -0.6236321695380302
2.54736328125 -0.4764913306849445
2.547607421875 -0.4156431152846236
2.5478515625 0.1468389205694465
2.548095703125 0.1347989221751429
2.54833984375 -0.6763559397989866
2.548583984375 -0.5472317358648754
2.548828125 1.28217716875495
2.549072265625 2.723231323573586
2.54931640625 1.666696441169109
2.549560546875 -0.8853979246231808
2.5498046875 -2.247985706228458
2.550048828125 -1.560176549784932
2.55029296875 -0.2860770488094904
2.550537109375 0.1077567134400225
2.55078125 -0.4523453352185042
2.551025390625 -1.2734644788998
2.55126953125 -1.784053863443753
2.551513671875 -1.795428347663872
2.5517578125 -1.5089576844073
2.552001953125 -1.221343938763542
2.55224609375 -0.8056108365320971
2.552490234375 0.1323955094273165
2.552734375 1.39992331541442
2.552978515625 2.131380621126278
2.55322265625 1.867831641548513
2.553466796875 1.100066043097252
2.5537109375 0.4126376862624458
2.553955078125 -0.2052709303760585
2.55419921875 -0.7769180233788702
2.554443359375 -0.8355223800235133
2.5546875 -0.1572410395284953
2.554931640625 0.5663559652403196
2.55517578125 0.4843887057727498
2.555419921875 -0.3037479917143729
2.5556640625 -0.928542919865905
2.555908203125 -0.8093014803500762
2.55615234375 -0.175517526271401
2.556396484375 0.2439594647710412
2.556640625 -0.1258612556843514
2.556884765625 -1.068988209558624
2.55712890625 -1.600299004472628
2.557373046875 -1.098448331394757
2.5576171875 -0.2771314950074595
2.557861328125 -0.2586655820777164
2.55810546875 -0.8347431870344043
2.558349609375 -0.799715310553337
2.55859375 -0.05971455171175981
2.558837890625 0.08989446600829831
2.55908203125 -0.7272450796016451
2.559326171875 -1.020128660417114
2.5595703125 0.1739662891754836
2.559814453125 1.40656642021896
2.56005859375 0.8200064055336868
2.560302734375 -1.021305348086573
2.560546875 -1.979848087895868
2.560791015625 -1.378027742234507
2.56103515625 -0.4874908052854312
2.561279296875 -0.2884571388254343
2.5615234375 -0.3594278177443767
2.561767578125 -0.03471721796679438
2.56201171875 0.6719407371632857
2.562255859375 1.422967025831191
2.5625 1.773057457968661
2.562744140625 1.101113302035416
2.56298828125 -0.5549341462978273
2.563232421875 -1.729454826812962
2.5634765625 -0.9071000467209082
2.563720703125 1.260311680386129
2.56396484375 2.404227473348151
2.564208984375 1.315594048628308
2.564453125 -0.8157231185210142
2.564697265625 -2.206969164596477
2.56494140625 -2.24053353234715
2.565185546875 -1.17415745984324
2.5654296875 0.4299420431344978
2.565673828125 1.426035056562349
2.56591796875 0.7171893723991752
2.566162109375 -0.9196086238531932
2.56640625 -0.9954103225379515
2.566650390625 1.430087104774084
2.56689453125 3.758893826016209
2.567138671875 2.814280790249448
2.5673828125 -0.7659499772037077
2.567626953125 -2.992408561956008
2.56787109375 -1.581013872992467
2.568115234375 1.198594820077073
2.568359375 1.693208734883882
2.568603515625 -0.3467530118164256
2.56884765625 -1.749895421055578
2.569091796875 -0.4111701237541497
2.5693359375 1.96592803931327
2.569580078125 2.435153825579028
2.56982421875 0.8131846902775469
2.570068359375 -0.5148761946059156
2.5703125 -0.3058777659783461
2.570556640625 0.07825998986766448
2.57080078125 -0.603764568331541
2.571044921875 -1.319997144660995
2.5712890625 -0.7516423631195072
2.571533203125 0.159433343587192
2.57177734375 -0.2842614327319587
2.572021484375 -1.428137458752023
2.572265625 -1.079722163455416
2.572509765625 0.8122367938138616
2.57275390625 1.793260918261805
2.572998046875 0.6481789246903304
2.5732421875 -0.8141031648193755
2.573486328125 -0.6477954407010328
2.57373046875 0.5981492577847392
2.573974609375 1.367321680214886
2.57421875 1.421618485535655
2.574462890625 1.22578624114385
2.57470703125 0.6053373153015386
2.574951171875 -0.3133738050378401
2.5751953125 -0.2578293799313116
2.575439453125 1.179775931245833
2.57568359375 1.964390802476216
2.575927734375 0.3189683840273957
2.576171875 -1.999843073866258
2.576416015625 -1.809302777659386
2.57666015625 0.6229562146966123
2.576904296875 1.821128395410368
2.5771484375 0.40023125709572
2.577392578125 -1.043749321870968
2.57763671875 -0.3531858221631112
2.577880859375 0.9622023446172312
2.578125 0.8473743764498071
2.578369140625 0.3955538920908485
2.57861328125 1.599618636052251
2.578857421875 3.231986651635123
2.5791015625 2.404098521776318
2.579345703125 -0.4288344501373469
2.57958984375 -1.563073498544439
2.579833984375 0.3865698136444269
2.580078125 2.230746813470231
2.580322265625 0.9399587989182888
2.58056640625 -1.942492324052592
2.580810546875 -2.728952267607066
2.5810546875 -0.7162442659602088
2.581298828125 1.499625170045275
2.58154296875 1.961977369595842
2.581787109375 1.225571553247579
2.58203125 0.4136371454981425
2.582275390625 -0.4283602990656079
2.58251953125 -1.446241038479887
2.582763671875 -2.028323437741009
2.5830078125 -1.67335068397841
2.583251953125 -0.9236488798465629
2.58349609375 -0.6369372516689383
2.583740234375 -0.8171578642251824
2.583984375 -0.7614092781161569
2.584228515625 -0.1036246943320149
2.58447265625 0.7017922745676899
2.584716796875 0.8855941206688731
2.5849609375 0.2420852625918061
2.585205078125 -0.5212477662261379
2.58544921875 -0.5513037972873841
2.585693359375 -0.02723960051010137
2.5859375 -0.00630733684525158
2.586181640625 -0.8096759892834471
2.58642578125 -1.398867491194872
2.586669921875 -1.014194632878913
2.5869140625 -0.4571349561986072
2.587158203125 -0.6341907409298559
2.58740234375 -0.7870150892710626
2.587646484375 0.2170748924940491
2.587890625 1.562408353525543
2.588134765625 1.478401315951611
2.58837890625 0.2164443619374428
2.588623046875 -0.2251130877036791
2.5888671875 0.5956564028642549
2.589111328125 0.9529860360722986
2.58935546875 0.0974198595152268
2.589599609375 -0.5301175438208087
2.58984375 -0.1535831519386842
2.590087890625 -0.1631664904966454
2.59033203125 -1.311583544633056
2.590576171875 -1.877254132038487
2.5908203125 -0.6388849295647822
2.591064453125 0.5055569353700404
2.59130859375 -0.567902575739227
2.591552734375 -2.412164290435895
2.591796875 -2.05913267960597
2.592041015625 0.1767179300836549
2.59228515625 1.10018531076789
2.592529296875 -0.3818646251065219
2.5927734375 -1.689707524684685
2.593017578125 -0.5757160873647226
2.59326171875 1.742558407122742
2.593505859375 2.577864575031703
2.59375 1.293049007624015
2.593994140625 -0.374064429980989
2.59423828125 -0.706852405356179
2.594482421875 0.1684188086858715
2.5947265625 0.7082564819261375
2.594970703125 -0.07771048186945963
2.59521484375 -1.258254471437108
2.595458984375 -1.113176243627744
2.595703125 0.3678543804437558
2.595947265625 1.254379991568245
2.59619140625 0.392176040299678
2.596435546875 -1.034023703298757
2.5966796875 -1.489050816715073
2.596923828125 -1.132165598239156
2.59716796875 -0.7227149424959379
2.597412109375 -0.1056081205520656
2.59765625 0.6856142270479118
2.597900390625 0.4719809354238694
2.59814453125 -0.9943611121805606
2.598388671875 -1.567459829948983
2.5986328125 0.3795832996630463
2.598876953125 2.956530580005287
2.59912109375 3.23690784090031
2.599365234375 1.556890060581467
2.599609375 0.550769085921096
2.599853515625 0.9080003278825709
2.60009765625 1.173648331161338
2.600341796875 1.069294867001212
2.6005859375 1.679739559966818
2.600830078125 2.539585416953978
2.60107421875 1.792429020078454
2.601318359375 -0.5830072075654468
2.6015625 -2.62536417844695
2.601806640625 -3.506223763773764
2.60205078125 -3.886744541308336
2.602294921875 -3.351725237635973
2.6025390625 -0.8683228205435024
2.602783203125 2.095763473915788
2.60302734375 2.548780286549231
2.603271484375 0.5735419101852599
2.603515625 -0.651679088664614
2.603759765625 -0.03936533098230861
2.60400390625 0.06013730669154029
2.604248046875 -1.376692520972459
2.6044921875 -2.087527619612752
2.604736328125 -0.8892121815862195
2.60498046875 0.08429764409444976
2.605224609375 -0.4371441122375122
2.60546875 -0.4055034112448437
2.605712890625 1.32342194467534
2.60595703125 2.182081080870367
2.606201171875 0.3697417150944217
2.6064453125 -1.438772248606226
2.606689453125 -0.4428585533917792
2.60693359375 1.398211028726456
2.607177734375 0.8701111150984207
2.607421875 -0.7895487443497129
2.607666015625 -0.2119836690675765
2.60791015625 2.001302052516163
2.608154296875 2.28541763026502
2.6083984375 0.2116787281157639
2.608642578125 -1.111094236876907
2.60888671875 -0.5149697420240569
2.609130859375 -0.1851089447680052
2.609375 -1.054391795724903
2.609619140625 -0.9104868816515028
2.60986328125 1.470226162505758
2.610107421875 3.597701189534622
2.6103515625 2.67741339591299
2.610595703125 -0.3965402289399858
2.61083984375 -2.399355527204381
2.611083984375 -1.914259434366059
2.611328125 -0.4848563855339136
2.611572265625 -0.1139141678579069
2.61181640625 -0.841196253132253
2.612060546875 -1.101909375567755
2.6123046875 -0.09191257781160055
2.612548828125 0.9287807446735262
2.61279296875 0.3802971982768622
2.613037109375 -1.059157246497722
2.61328125 -1.131369730818967
2.613525390625 0.6262046197267211
2.61376953125 2.094309036552642
2.614013671875 1.863665034937446
2.6142578125 1.218165598837211
2.614501953125 1.533062336001906
2.61474609375 1.767546517649965
2.614990234375 0.4644055688169128
2.615234375 -1.455273559903743
2.615478515625 -2.127273046588407
2.61572265625 -1.725187230001491
2.615966796875 -1.759621989675114
2.6162109375 -2.315425734541022
2.616455078125 -2.150398649270783
2.61669921875 -0.9210162046127657
2.616943359375 0.5656934445472931
2.6171875 1.713061517750886
2.617431640625 2.159200821457638
2.61767578125 1.345031910767726
2.617919921875 -0.3013074534611263
2.6181640625 -0.8799069251008946
2.618408203125 0.399454887807681
2.61865234375 1.371431098536108
2.618896484375 -0.1124030492481531
2.619140625 -2.474225312102336
2.619384765625 -2.330482087564945
2.61962890625 0.4879224954438055
2.619873046875 2.582327224464255
2.6201171875 1.645555843312092
2.620361328125 -0.9513773495816887
2.62060546875 -2.593779180927343
2.620849609375 -2.466384528111913
2.62109375 -1.549167012834559
2.621337890625 -0.8754925000017072
2.62158203125 -0.3868695361478318
2.621826171875 0.8384936940696123
2.6220703125 3.025266785582279
2.622314453125 4.478244261618228
2.62255859375 3.280613387355514
2.622802734375 0.4362656518405497
2.623046875 -0.8576248798511217
2.623291015625 0.1404308856538189
2.62353515625 0.5691159954517065
2.623779296875 -1.054342556786882
2.6240234375 -2.028728125551947
2.624267578125 -0.2645470970878248
2.62451171875 1.460333457849593
2.624755859375 -0.1182024561532001
2.625 -2.871345415343253
2.625244140625 -2.479876666855832
2.62548828125 0.3949722676314049
2.625732421875 1.321751130966814
2.6259765625 -0.5424632915552129
2.626220703125 -1.675872194226921
2.62646484375 -0.61426192584543
2.626708984375 0.1842848548796757
2.626953125 -0.4657563578167678
2.627197265625 -0.4924049441761077
2.62744140625 0.9343376965909732
2.627685546875 1.562459325220807
2.6279296875 0.4066443739055432
2.628173828125 -0.2883299238293918
2.62841796875 0.6816278149680756
2.628662109375 1.222924204874637
2.62890625 0.05820628537064128
2.629150390625 -0.7245545081733106
2.62939453125 0.3054853092022769
2.629638671875 0.9175868029707596
2.6298828125 -0.8668434824659331
2.630126953125 -2.924363046147225
2.63037109375 -2.286249494398106
2.630615234375 0.1546919603751105
2.630859375 1.376114863693322
2.631103515625 0.8256305112193969
2.63134765625 0.2402569725187977
2.631591796875 0.2286988969290538
2.6318359375 -0.09878929936441272
2.632080078125 -0.8958962865906662
2.63232421875 -1.331255499988946
2.632568359375 -1.038235564975621
2.6328125 -0.1577258567852142
2.633056640625 1.261579668187716
2.63330078125 2.574302801574447
2.633544921875 2.44639631309185
2.6337890625 0.8306833099843213
2.634033203125 -0.3357434483835749
2.63427734375 0.158998886113045
2.634521484375 0.9436294494877008
2.634765625 0.4978081005332554
2.635009765625 -0.3003462722355289
2.63525390625 -0.06178266359825207
2.635498046875 0.3435452777812602
2.6357421875 -0.5997773030622311
2.635986328125 -1.862476390344
2.63623046875 -1.04481170275401
2.636474609375 1.73070193709811
2.63671875 3.60478114245111
2.636962890625 2.699014986446948
2.63720703125 0.07900423785509567
2.637451171875 -2.077353454447662
2.6376953125 -2.579772274967855
2.637939453125 -1.403310915545541
2.63818359375 0.6507007309359303
2.638427734375 2.135714571710865
2.638671875 1.968024143966484
2.638916015625 0.5951479567929155
2.63916015625 -0.5299580582125899
2.639404296875 -0.5997835922755981
2.6396484375 0.04805852176920396
2.639892578125 0.7693575648416648
2.64013671875 1.151784187709368
2.640380859375 0.9382933795176863
2.640625 0.1611023427408551
2.640869140625 -0.7484983634358997
2.64111328125 -1.418728238236235
2.641357421875 -1.799111083579027
2.6416015625 -1.693108175903667
2.641845703125 -0.71320817333529
2.64208984375 0.8068782088031032
2.642333984375 1.620365759428669
2.642578125 1.00149464235076
2.642822265625 -0.2189105693277782
2.64306640625 -0.7163274271539521
2.643310546875 -0.253469014883467
2.6435546875 0.3413178531975643
2.643798828125 0.2170949099382954
2.64404296875 -0.9102879014807315
2.644287109375 -2.516993107148668
2.64453125 -3.211290009927851
2.644775390625 -1.801989594029531
2.64501953125 0.9947731843118116
2.645263671875 2.809694647399316
2.6455078125 2.285546888656713
2.645751953125 0.6749107492536551
2.64599609375 0.03988315977717319
2.646240234375 0.6515842445407146
2.646484375 1.065300719772482
2.646728515625 0.2406009772942108
2.64697265625 -1.233077557678283
2.647216796875 -1.803756913629613
2.6474609375 -0.5111512676558563
2.647705078125 1.781794449222249
2.64794921875 2.793279292566006
2.648193359375 1.271669186568914
2.6484375 -1.115035685049866
2.648681640625 -1.634783413370213
2.64892578125 -0.2280353993102932
2.649169921875 0.408342755499251
2.6494140625 -1.048399682650113
2.649658203125 -2.425462196762626
2.64990234375 -1.34807701485239
2.650146484375 1.149888877757829
2.650390625 2.186187459340972
2.650634765625 1.037576728533374
2.65087890625 -0.4416076191968399
2.651123046875 -0.8396134667006854
2.6513671875 -0.6657467679985752
2.651611328125 -0.8022822807003338
2.65185546875 -1.109085790847059
2.652099609375 -1.023196594468135
2.65234375 -0.5183750204024123
2.652587890625 0.01032581100034793
2.65283203125 0.2492435979006798
2.653076171875 0.05721709215883425
2.6533203125 -0.5594049475357671
2.653564453125 -1.296341272240315
2.65380859375 -1.545142341675501
2.654052734375 -0.8303141686505011
2.654296875 0.5473713003876324
2.654541015625 1.461850006675968
2.65478515625 1.087503630132641
2.655029296875 0.1090673065756108
2.6552734375 -0.05715498004252689
2.655517578125 0.501245844260456
2.65576171875 0.1139782453565669
2.656005859375 -1.501221357793048
2.65625 -1.978645702368782
2.656494140625 0.1966030999558281
2.65673828125 2.604432422407116
2.656982421875 2.00763538500664
2.6572265625 -0.621141726612401
2.657470703125 -1.556494904058876
2.65771484375 -0.2575862628224651
2.657958984375 0.07745083637123258
2.658203125 -1.765259968144222
2.658447265625 -2.935002435101163
2.65869140625 -1.557761750649915
2.658935546875 0.1355259098945487
2.6591796875 -0.01529423002316144
2.659423828125 -0.3658641364443759
2.65966796875 1.131338044514068
2.659912109375 2.787241680376855
2.66015625 1.966985980975064
2.660400390625 -0.1578833403412161
2.66064453125 -0.3957182606861459
2.660888671875 1.282065167290023
2.6611328125 2.007320803798448
2.661376953125 0.8046214148209517
2.66162109375 -0.2873973759131275
2.661865234375 0.1745186969987993
2.662109375 1.208309889231662
2.662353515625 1.461875251469043
2.66259765625 0.8051915498822078
2.662841796875 -0.364688806682108
2.6630859375 -1.523076464779478
2.663330078125 -1.683656105592577
2.66357421875 -0.3934666378859928
2.663818359375 1.013246013476598
2.6640625 0.7771485560501892
2.664306640625 -0.8257087303130368
2.66455078125 -1.893039835888159
2.664794921875 -1.482758424119575
2.6650390625 -0.3440983548712165
2.665283203125 0.4967165020296684
2.66552734375 0.4233252979654187
2.665771484375 -0.8864087855506316
2.666015625 -2.676561036769179
2.666259765625 -2.917763683444397
2.66650390625 -0.6634965721951647
2.666748046875 2.077925920154579
2.6669921875 2.698406201429585
2.667236328125 1.503221866813394
2.66748046875 0.8062746610875098
2.667724609375 1.224642894694998
2.66796875 1.300181669996943
2.668212890625 0.4487611451064147
2.66845703125 -0.2661366590281089
2.668701171875 -0.3614676063341715
2.6689453125 -0.5663833132456391
2.669189453125 -0.9708816427778675
2.66943359375 -0.7084307299645386
2.669677734375 0.1819500766624105
2.669921875 0.5594931352870575
2.670166015625 0.1448466843553496
2.67041015625 -0.1709777464923257
2.670654296875 -0.118521097990529
2.6708984375 -0.2349331382906828
2.671142578125 -0.2350841171871764
2.67138671875 0.6493219309471167
2.671630859375 1.605662824576335
2.671875 0.926912348100468
2.672119140625 -0.8679268218883832
2.67236328125 -1.155949075926379
2.672607421875 0.779052009317209
2.6728515625 2.364069729310771
2.673095703125 1.528272625393764
2.67333984375 -0.3928950058187227
2.673583984375 -0.97902016868565
2.673828125 0.006779200099143141
2.674072265625 1.23724391652005
2.67431640625 2.035493740026542
2.674560546875 2.298966052702164
2.6748046875 1.54827492293475
2.675048828125 -0.2434384270141077
2.67529296875 -1.77767401143505
2.675537109375 -1.856249818678352
2.67578125 -1.020937363043755
2.676025390625 -0.6329935276199112
2.67626953125 -0.9971578315878757
2.676513671875 -1.402160211717301
2.6767578125 -1.348544235700619
2.677001953125 -0.8095549735870504
2.67724609375 0.1144665001441112
2.677490234375 1.00910352661682
2.677734375 1.204662900391368
2.677978515625 0.6564946311178432
2.67822265625 0.1449396221282515
2.678466796875 0.1166380443236763
2.6787109375 0.0620698022564859
2.678955078125 -0.5233603738598579
2.67919921875 -1.343514634452291
2.679443359375 -1.813622684339686
2.6796875 -1.572333993667057
2.679931640625 -0.3927098923917532
2.68017578125 1.35690826981289
2.680419921875 2.225528943001047
2.6806640625 1.156789194945353
2.680908203125 -0.5000767896373713
2.68115234375 -0.3533443852349247
2.681396484375 1.365487094526706
2.681640625 1.778691408717243
2.681884765625 -0.2332866335804636
2.68212890625 -2.102491285707502
2.682373046875 -1.449560088703124
2.6826171875 0.4892417528193261
2.682861328125 1.215926559419521
2.68310546875 0.6248259576917509
2.683349609375 0.03541955169047298
2.68359375 -0.5446199832134188
2.683837890625 -1.545048402385688
2.68408203125 -1.741040196589636
2.684326171875 0.03239225443554622
2.6845703125 2.130858954004584
2.684814453125 2.073670575967602
2.68505859375 0.5106565657626315
2.685302734375 0.07856800730330221
2.685546875 0.8228269311190545
2.685791015625 0.2995292086001359
2.68603515625 -1.682432434417289
2.686279296875 -2.227675538985577
2.6865234375 -0.2401828960037933
2.686767578125 1.450685379291156
2.68701171875 0.5784398150406335
2.687255859375 -1.126903357199055
2.6875 -1.273329072541397
2.687744140625 -0.7654053632950408
2.68798828125 -1.486541241967262
2.688232421875 -2.226114358911159
2.6884765625 -0.5460299022831859
2.688720703125 2.402245877847727
2.68896484375 2.769638019638256
2.689208984375 -0.1824598642039612
2.689453125 -2.658678074652389
2.689697265625 -1.741340985296282
2.68994140625 0.7023138979240093
2.690185546875 1.248407773361005
2.6904296875 -0.2039187133869832
2.690673828125 -1.082071668820362
2.69091796875 -0.3375025782487017
2.691162109375 0.5356089824738679
2.69140625 0.3619955224131705
2.691650390625 -0.1321337983127117
2.69189453125 -0.07274099301516859
2.692138671875 0.03380551993164203
2.6923828125 -0.5041533895151856
2.692626953125 -1.063658603631406
2.69287109375 -0.5712308252144188
2.693115234375 0.804635047788382
2.693359375 1.895584828997173
2.693603515625 2.075476093297281
2.69384765625 1.607666001499004
2.694091796875 0.8011748862340655
2.6943359375 -0.1035706145634298
2.694580078125 -0.396113537728246
2.69482421875 0.5179738865675937
2.695068359375 1.86304174171218
2.6953125 2.049714602530251
2.695556640625 0.844119511265798
2.69580078125 -0.2347951880188657
2.696044921875 -0.2383470405311089
2.6962890625 -0.1839544592152224
2.696533203125 -1.150890115913636
2.69677734375 -2.215699940999343
2.697021484375 -1.776035589005911
2.697265625 -0.1542877171394388
2.697509765625 0.7906147517952407
2.69775390625 0.313379481624029
2.697998046875 -0.5698157027694473
2.6982421875 -0.9616260309760969
2.698486328125 -0.9608324720238266
2.69873046875 -0.5611283942420748
2.698974609375 0.5641871216501201
2.69921875 1.69374910688735
2.699462890625 1.215397990061823
2.69970703125 -0.9127211907529753
2.699951171875 -2.349967994412427
2.7001953125 -1.288543262581594
2.700439453125 0.9479410251205594
2.70068359375 1.659596024205553
2.700927734375 0.3644768886086385
2.701171875 -0.8902611801873248
2.701416015625 -0.4904628968249208
2.70166015625 0.9049563874172645
2.701904296875 1.592236915932892
2.7021484375 0.8188175191359773
2.702392578125 -0.7171684903929008
2.70263671875 -1.688727885294669
2.702880859375 -1.282457689225881
2.703125 0.0759421639311352
2.703369140625 1.155032130442127
2.70361328125 1.29536293873531
2.703857421875 0.9792524149593848
2.7041015625 0.7449401410443262
2.704345703125 0.2916056838930216
2.70458984375 -0.6378933032775431
2.704833984375 -1.296383503982634
2.705078125 -0.9755412849848744
2.705322265625 -0.390085109624463
2.70556640625 -0.6156065544541035
2.705810546875 -1.013066827184656
2.7060546875 0.08879248235438093
2.706298828125 2.508147267614627
2.70654296875 3.737399818258219
2.706787109375 2.07422750655894
2.70703125 -1.104552005151446
2.707275390625 -3.113801353034349
2.70751953125 -2.989330000500126
2.707763671875 -1.759614467293648
2.7080078125 -0.5321701133260097
2.708251953125 0.4210297208029894
2.70849609375 0.9544489543457246
2.708740234375 0.6314057867750448
2.708984375 -0.6337019593353983
2.709228515625 -2.071007599874055
2.70947265625 -2.568703256874512
2.709716796875 -1.660588074072146
2.7099609375 0.02239709336805491
2.710205078125 1.320146266682776
2.71044921875 1.668228883447797
2.710693359375 1.537666065965716
2.7109375 1.55695368183345
2.711181640625 1.527137706416471
2.71142578125 0.8895814156168164
2.711669921875 -0.05453420899516396
2.7119140625 -0.2998324960516481
2.712158203125 0.3326073044791404
2.71240234375 0.7214999394635979
2.712646484375 -0.005547433136141671
2.712890625 -1.122136537112296
2.713134765625 -1.168140033879879
2.71337890625 0.1533688570657636
2.713623046875 1.526002189993442
2.7138671875 1.447637243084574
2.714111328125 -0.1679954470273456
2.71435546875 -1.862123976603677
2.714599609375 -2.125990486949247
2.71484375 -1.049222093343006
2.715087890625 -0.1791907884445036
2.71533203125 -0.5428082831471418
2.715576171875 -1.383750807109636
2.7158203125 -1.438772444798866
2.716064453125 -0.7776277051030847
2.71630859375 -0.2891672358420049
2.716552734375 0.13836996458687
2.716796875 1.348415746434625
2.717041015625 2.843910345839443
2.71728515625 2.742568627276803
2.717529296875 0.460145253856595
2.7177734375 -1.989022963545749
2.718017578125 -2.348661625985619
2.71826171875 -0.7878490677833627
2.718505859375 0.7386689479566901
2.71875 1.042009041264687
2.718994140625 0.6523701107871398
2.71923828125 0.6425493995169935
2.719482421875 1.262769884923388
2.7197265625 1.668279578398259
2.719970703125 0.8648235771416911
2.72021484375 -0.788541102694349
2.720458984375 -1.389663843165708
2.720703125 0.2460983904395538
2.720947265625 2.488226844862207
2.72119140625 2.591398333011108
2.721435546875 0.4729558264729284
2.7216796875 -1.120265724919909
2.721923828125 -0.6358242189101337
2.72216796875 0.2564000572875381
2.722412109375 -0.3228377271996862
2.72265625 -1.541000962432667
2.722900390625 -1.547975178154848
2.72314453125 -0.3446902569882977
2.723388671875 0.8860996520832065
2.7236328125 1.864418270541778
2.723876953125 2.664004251628655
2.72412109375 2.365805658484098
2.724365234375 0.4383146594521118
2.724609375 -1.539658498345141
2.724853515625 -1.791493520756957
2.72509765625 -1.151161276951991
2.725341796875 -1.573865800234344
2.7255859375 -2.552338851948726
2.725830078125 -1.830150661428774
2.72607421875 0.4600567396698785
2.726318359375 1.378710074403028
2.7265625 -0.4247608347361148
2.726806640625 -2.561542364762672
2.72705078125 -2.390584604114
2.727294921875 -0.51171175415002
2.7275390625 0.7795312590611416
2.727783203125 0.8720804279991839
2.72802734375 0.8327416429863796
2.728271484375 1.006123976171941
2.728515625 0.5539576827733643
2.728759765625 -0.744375530145634
2.72900390625 -1.763871454431957
2.729248046875 -1.526639317556267
2.7294921875 -0.4862633012085089
2.729736328125 0.2543902718800241
2.72998046875 0.437488433059491
2.730224609375 0.6006057913988881
2.73046875 0.7686530880729525
2.730712890625 0.2769408034508715
2.73095703125 -0.7026992444722968
2.731201171875 -0.6345424665791157
2.7314453125 1.215864520530265
2.731689453125 2.965931135905215
2.73193359375 2.199766030356867
2.732177734375 -0.5345661552742748
2.732421875 -2.326115858590228
2.732666015625 -1.958921735243223
2.73291015625 -1.095817190279727
2.733154296875 -1.086201002562844
2.7333984375 -1.140996997834483
2.733642578125 -0.5221613328157269
2.73388671875 0.05599169369079521
2.734130859375 0.4047573275401428
2.734375 1.55749264153065
2.734619140625 3.039083043952919
2.73486328125 2.424660721606138
2.735107421875 -0.3952679891441138
2.7353515625 -1.736756383022223
2.735595703125 0.3548140622397856
2.73583984375 2.346421669274327
2.736083984375 0.5735213811063554
2.736328125 -2.633793817399638
2.736572265625 -2.615809509773814
2.73681640625 0.2619967164086219
2.737060546875 1.979553768786881
2.7373046875 1.77062507863627
2.737548828125 2.067057625378457
2.73779296875 2.638474662290842
2.738037109375 0.8772353784592675
2.73828125 -2.157334142192783
2.738525390625 -2.177276296975986
2.73876953125 0.9939828540765512
2.739013671875 2.511286340501151
2.7392578125 0.4540174286151973
2.739501953125 -1.195662178266904
2.73974609375 0.2910117984776296
2.739990234375 2.040629520412534
2.740234375 1.413177809669102
2.740478515625 0.7209201419149465
2.74072265625 2.210455601863931
2.740966796875 3.152369297812416
2.7412109375 0.5657987633039788
2.741455078125 -3.018549196299524
2.74169921875 -3.3851890743257
2.741943359375 -1.2204658459698
2.7421875 -0.09728743868513609
2.742431640625 -0.3724857141694529
2.74267578125 0.06327742625579511
2.742919921875 0.8912096848287572
2.7431640625 0.1274165804686596
2.743408203125 -1.479592498090649
2.74365234375 -1.488937340262613
2.743896484375 -0.4192356814488138
2.744140625 -0.9176069203363074
2.744384765625 -2.698160940685437
2.74462890625 -2.621517955761848
2.744873046875 0.06934132423334409
2.7451171875 2.52062274087365
2.745361328125 2.712071199002016
2.74560546875 1.663738889804789
2.745849609375 0.6673096062157348
2.74609375 -0.4713265878352899
2.746337890625 -1.63859037204057
2.74658203125 -1.658851203285646
2.746826171875 -0.3000283336147157
2.7470703125 1.075423271724537
2.747314453125 1.500796027395576
2.74755859375 1.294076085107646
2.747802734375 0.783112655153625
2.748046875 -0.07902421739551625
2.748291015625 -0.8471371037617035
2.74853515625 -1.047576080797524
2.748779296875 -1.201506061328901
2.7490234375 -1.677142577471185
2.749267578125 -1.319846819409533
2.74951171875 0.6101496548870919
2.749755859375 2.129862108518468
2.75 0.9641734542008605
2.750244140625 -1.468609009434169
2.75048828125 -1.716330795400322
2.750732421875 0.4756246562285546
2.7509765625 2.109081547766185
2.751220703125 2.045087250314843
2.75146484375 2.250933225331608
2.751708984375 3.315766592751081
2.751953125 2.837816510082238
2.752197265625 -0.09111576724492547
2.75244140625 -2.507638187834922
2.752685546875 -2.028554844439474
2.7529296875 -0.6262185486367985
2.753173828125 -1.214500472255111
2.75341796875 -2.896331965143577
2.753662109375 -2.737975049233277
2.75390625 -0.7229550038117437
2.754150390625 0.2833911025452293
2.75439453125 -0.9839865043466797
2.754638671875 -2.471361761574856
2.7548828125 -1.848025279738033
2.755126953125 0.5796024367110744
2.75537109375 2.494665963954592
2.755615234375 2.113537115243355
2.755859375 -0.142819377463473
2.756103515625 -2.02749621512924
2.75634765625 -1.661979243135817
2.756591796875 0.3520661779745057
2.7568359375 1.506073126477005
2.757080078125 0.3548026631319792
2.75732421875 -1.848432932556311
2.757568359375 -2.910121433322779
2.7578125 -2.188074710085968
2.758056640625 -0.6582681558906955
2.75830078125 0.6796728879442314
2.758544921875 1.54746404962103
2.7587890625 1.953977461967702
2.759033203125 1.789629368758729
2.75927734375 0.8500036140261445
2.759521484375 -0.854693713324607
2.759765625 -2.571118124726643
2.760009765625 -2.885680879111357
2.76025390625 -1.182271919042803
2.760498046875 1.098672216734998
2.7607421875 1.755358947904926
2.760986328125 0.5031856000009268
2.76123046875 -0.7534260449442652
2.761474609375 -0.5269118850777453
2.76171875 0.5680122779063674
2.761962890625 1.073847608796484
2.76220703125 0.4528443452870603
2.762451171875 -0.8469164123581641
2.7626953125 -1.98093380266353
2.762939453125 -1.960675760504053
2.76318359375 -0.4365023665385763
2.763427734375 1.421255680138626
2.763671875 2.000420873204181
2.763916015625 1.410750392893028
2.76416015625 1.109434341426244
2.764404296875 1.226224327953225
2.7646484375 0.3413336232638386
2.764892578125 -1.443363461818336
2.76513671875 -1.710171811747723
2.765380859375 0.4740561903307184
2.765625 2.277739320391408
2.765869140625 0.909672448899302
2.76611328125 -2.048521291455599
2.766357421875 -2.804325443863099
2.7666015625 -0.6999004357052767
2.766845703125 1.462222144920664
2.76708984375 1.823657871460803
2.767333984375 1.244167652071051
2.767578125 0.7186515723468382
2.767822265625 -0.04811418430556209
2.76806640625 -0.914145177452556
2.768310546875 -0.7814791886114844
2.7685546875 0.2254278783369177
2.768798828125 0.3335761332700531
2.76904296875 -0.9876092055093958
2.769287109375 -1.764285109879056
2.76953125 -0.4556407140652194
2.769775390625 1.700461203017316
2.77001953125 2.6923577602598
2.770263671875 2.349579138273649
2.7705078125 1.476135600925186
2.770751953125 0.2050876544639346
2.77099609375 -0.9872953329546522
2.771240234375 -0.5182599872180086
2.771484375 1.721016113650633
2.771728515625 2.761881665214375
2.77197265625 0.4376060038162857
2.772216796875 -2.573066015988362
2.7724609375 -2.122306031929673
2.772705078125 0.9191248775644277
2.77294921875 1.794108380268137
2.773193359375 -0.5671234333753564
2.7734375 -1.91438179581447
2.773681640625 0.09831150793089696
2.77392578125 1.944718176515843
2.774169921875 0.3024868625908826
2.7744140625 -2.175110568288727
2.774658203125 -1.283947462323803
2.77490234375 1.637985854482971
2.775146484375 1.913554356159182
2.775390625 -0.895484217624863
2.775634765625 -2.600671988236764
2.77587890625 -1.090534558482473
2.776123046875 1.195515484360332
2.7763671875 1.815594632309986
2.776611328125 1.230822549536742
2.77685546875 0.4244973405773209
2.777099609375 -0.653518339132163
2.77734375 -1.294258377781577
2.777587890625 -0.1680453544461072
2.77783203125 1.642868619577458
2.778076171875 1.17924496747245
2.7783203125 -1.535750306544169
2.778564453125 -2.684353802987129
2.77880859375 -0.4007921871649147
2.779052734375 2.170135480809295
2.779296875 1.791151626190833
2.779541015625 -0.1799015524336438
2.77978515625 -0.7497658917702199
2.780029296875 -0.02386906026731012
2.7802734375 0.1278458969617786
2.780517578125 -0.2887924625126765
2.78076171875 -0.3544321284571854
2.781005859375 -0.803790531107034
2.78125 -2.291243371996293
2.781494140625 -2.876852416490058
2.78173828125 -0.7650969132093381
2.781982421875 1.937247555050722
2.7822265625 1.925488781855496
2.782470703125 0.02152559542679715
2.78271484375 -0.1459306270190174
2.782958984375 1.886527280164118
2.783203125 2.89685704576245
2.783447265625 1.4285729185054
2.78369140625 -0.3024953592051193
2.783935546875 -0.6081194959320017
2.7841796875 -0.6414312230588998
2.784423828125 -1.292757661066771
2.78466796875 -1.172303673683391
2.784912109375 0.558827947520629
2.78515625 2.084995816507342
2.785400390625 1.629830556589115
2.78564453125 0.1984161293679167
2.785888671875 -0.2417973000872513
2.7861328125 0.2913288354225454
2.786376953125 0.4718395305221829
2.78662109375 0.1065702963479022
2.786865234375 0.1382200605904636
2.787109375 0.7815132818638482
2.787353515625 1.07593493523463
2.78759765625 0.2956195078764691
2.787841796875 -0.9150353801173309
2.7880859375 -1.039948076935689
2.788330078125 0.5586888370849336
2.78857421875 2.422040244053378
2.788818359375 2.351545731490746
2.7890625 0.4122293831988966
2.789306640625 -0.7836707887172479
2.78955078125 0.1199502343097802
2.789794921875 0.8895616279762485
2.7900390625 -0.7695339957054992
2.790283203125 -3.048395298419122
2.79052734375 -2.5290973532523
2.790771484375 0.1800632377256163
2.791015625 1.137673474910369
2.791259765625 -0.6475713440336989
2.79150390625 -1.693061284939289
2.791748046875 0.21486576758135
2.7919921875 2.610015365029393
2.792236328125 2.537649947145252
2.79248046875 0.861835541658342
2.792724609375 -0.009325995458187367
2.79296875 -0.04803531039413467
2.793212890625 -0.5795955770087715
2.79345703125 -1.324949855461537
2.793701171875 -1.192697109034595
2.7939453125 -0.6580441634679743
2.794189453125 -0.8559107739312827
2.79443359375 -1.303306911410701
2.794677734375 -0.7742179071741521
2.794921875 0.374929285170765
2.795166015625 0.8321039073095228
2.79541015625 0.5567789614652342
2.795654296875 0.369884804874757
2.7958984375 -0.04681736539447712
2.796142578125 -1.623184235015709
2.79638671875 -3.64374443620451
2.796630859375 -4.061378528034224
2.796875 -2.283938323229001
2.797119140625 -0.06726115809414993
2.79736328125 0.7478400969657915
2.797607421875 0.2351190867140801
2.7978515625 -0.2682595458959864
2.798095703125 -0.002632341020729984
2.79833984375 0.4924476956422247
2.798583984375 0.2800614706461532
2.798828125 -0.5751679424866377
2.799072265625 -0.8773896121181785
2.79931640625 0.007425093566029887
2.799560546875 0.9138432931793613
2.7998046875 0.4958972827453385
2.800048828125 -0.3793577741094583
2.80029296875 0.2943702834649071
2.800537109375 2.224790217655849
2.80078125 2.769680140614509
2.801025390625 0.8968706011505134
2.80126953125 -1.266474651377919
2.801513671875 -1.899092330811751
2.8017578125 -1.908819677434433
2.802001953125 -2.312663692878796
2.80224609375 -1.898976513671251
2.802490234375 0.1495210832150528
2.802734375 1.728851089397769
2.802978515625 0.8622733991880006
2.80322265625 -0.6948057141522791
2.803466796875 -0.2121922137230045
2.8037109375 1.257559393289162
2.803955078125 0.6265772330808032
2.80419921875 -1.792760439732005
2.804443359375 -2.684069088822668
2.8046875 -1.18487406028875
2.804931640625 0.1857709758477553
2.80517578125 0.216864752198991
2.805419921875 0.4312287971943459
2.8056640625 1.177240070852007
2.805908203125 0.6699741392826807
2.80615234375 -0.7210596758280926
2.806396484375 0.2688933933893027
2.806640625 3.938730020327957
2.806884765625 5.34735085742728
2.80712890625 1.337110381971491
2.807373046875 -3.813641712508837
2.8076171875 -4.086450163646124
2.807861328125 -0.3895008723260608
2.80810546875 1.394727342989419
2.808349609375 -0.5652396820037864
2.80859375 -2.310591394585894
2.808837890625 -1.143905371842578
2.80908203125 0.8290451160666474
2.809326171875 1.304194756988586
2.8095703125 1.255455018758995
2.809814453125 1.729322392230014
2.81005859375 1.095098014732782
2.810302734375 -1.659725270136256
2.810546875 -3.886301509992156
2.810791015625 -2.782079263652649
2.81103515625 0.1075883063640243
2.811279296875 1.178324902746822
2.8115234375 0.1293584477469016
2.811767578125 -0.3739435521011696
2.81201171875 0.4025004322577517
2.812255859375 0.3528481187646567
2.8125 -1.275897808219021
2.812744140625 -2.216958922040638
2.81298828125 -0.8839679895689313
2.813232421875 0.9916436577898069
2.8134765625 1.085717139788852
2.813720703125 -0.1789603286477149
2.81396484375 -0.8482190184087884
2.814208984375 -0.4953128572267459
2.814453125 -0.1071841250645035
2.814697265625 0.106438599958045
2.81494140625 0.7844102692893264
2.815185546875 1.720180714427966
2.8154296875 1.931895342338209
2.815673828125 1.392061243301039
2.81591796875 1.086067038917824
2.816162109375 1.180689737160125
2.81640625 0.6782371941776909
2.816650390625 -0.6067110416873436
2.81689453125 -1.157934433375744
2.817138671875 0.1665897144762009
2.8173828125 2.121966749852191
2.817626953125 2.371435766599353
2.81787109375 0.458283296174642
2.818115234375 -1.624758536419822
2.818359375 -1.912184027179423
2.818603515625 -0.5937861426801411
2.81884765625 0.7208696045577189
2.819091796875 1.151549327020708
2.8193359375 1.212722993309299
2.819580078125 1.582860974232409
2.81982421875 2.061453890255069
2.820068359375 2.043516340246155
2.8203125 1.480622282030547
2.820556640625 0.8911546035163729
2.82080078125 0.6708979298966855
2.821044921875 0.7898212116327474
2.8212890625 0.9658095084527366
2.821533203125 0.7903707568383808
2.82177734375 -0.01490789455346192
2.822021484375 -1.009333575187405
2.822265625 -1.080001298856372
2.822509765625 0.2221783517669962
2.82275390625 1.691807218369378
2.822998046875 1.722585139288313
2.8232421875 0.41249215167068
2.823486328125 -0.6361155029014234
2.82373046875 -0.618689703921944
2.823974609375 -0.3412363572071658
2.82421875 -0.4196970195708004
2.824462890625 -0.157032927225538
2.82470703125 0.8826767555920938
2.824951171875 1.516950256870428
2.8251953125 0.6254646143979296
2.825439453125 -0.6575899182882761
2.82568359375 -0.2150133131663903
2.825927734375 1.766856703072018
2.826171875 2.573838781298812
2.826416015625 0.5639859394280041
2.82666015625 -2.4183027807544
2.826904296875 -3.267660197743202
2.8271484375 -1.449096626124124
2.827392578125 0.6320007094188622
2.82763671875 0.8923871180181463
2.827880859375 -0.07754819077676896
2.828125 -0.4652977435792784
2.828369140625 -0.06028356795726678
2.82861328125 -0.3537483919236563
2.828857421875 -1.925164375332612
2.8291015625 -3.126546242764329
2.829345703125 -2.169704120502781
2.82958984375 0.3475292870782482
2.829833984375 2.096895225878647
2.830078125 1.78882366483954
2.830322265625 0.2085233594537023
2.83056640625 -1.282695151650146
2.830810546875 -2.089323615639574
2.8310546875 -2.138702800276879
2.831298828125 -1.430899724207185
2.83154296875 -0.2748825090948144
2.831787109375 0.7042757230832187
2.83203125 1.08314603146051
2.832275390625 0.7614471068100728
2.83251953125 -0.2529956635364774
2.832763671875 -1.536072146999267
2.8330078125 -2.078821326514686
2.833251953125 -1.372926300178124
2.83349609375 -0.3759646908741393
2.833740234375 -0.3590148976032104
2.833984375 -1.137939806468386
2.834228515625 -1.596356074063288
2.83447265625 -1.455651902973073
2.834716796875 -1.102356903608576
2.8349609375 -0.2970451449441626
2.835205078125 1.08646092295576
2.83544921875 1.652489745743916
2.835693359375 0.1606416427423293
2.8359375 -1.802803457889184
2.836181640625 -1.59752557424309
2.83642578125 0.1925189634576314
2.836669921875 0.4958615431395377
2.8369140625 -1.007255531139315
2.837158203125 -1.169869185046719
2.83740234375 1.110374628267975
2.837646484375 2.70000968502907
2.837890625 1.450044641776536
2.838134765625 -0.2614823308455918
2.83837890625 0.1622503487208313
2.838623046875 1.218360234957216
2.8388671875 0.4850157320014852
2.839111328125 -0.982956974517271
2.83935546875 -1.003065981608282
2.839599609375 -0.3213287809642166
2.83984375 -0.5420413652861999
2.840087890625 -0.4389775502988463
2.84033203125 1.571967792563248
2.840576171875 3.413855747115597
2.8408203125 2.26061377337663
2.841064453125 -0.2198226037822765
2.84130859375 -0.2189756188755855
2.841552734375 1.859534137971966
2.841796875 2.267479801599323
2.842041015625 0.3492599780144258
2.84228515625 -0.9106545400257852
2.842529296875 -0.5321918444920543
2.8427734375 -0.65731013704103
2.843017578125 -1.691362959265628
2.84326171875 -1.321374922216866
2.843505859375 0.6740458698710267
2.84375 1.31204486726809
2.843994140625 -0.5369250998547831
2.84423828125 -2.218249237690739
2.844482421875 -1.913246233790199
2.8447265625 -1.224426541773307
2.844970703125 -1.553896259044419
2.84521484375 -1.672146587806083
2.845458984375 -0.6224570986364362
2.845703125 0.4462372535974299
2.845947265625 0.9860656564701881
2.84619140625 2.166605224744036
2.846435546875 3.753358895174182
2.8466796875 3.459733529777609
2.846923828125 1.089843939995735
2.84716796875 -0.3699622307376769
2.847412109375 0.3429475668463729
2.84765625 0.6262133764904242
2.847900390625 -1.049155721143195
2.84814453125 -2.103098385358158
2.848388671875 -0.561305745643355
2.8486328125 1.08188864395026
2.848876953125 0.1570088237659167
2.84912109375 -1.461973360172011
2.849365234375 -0.7954892032421066
2.849609375 0.9963362998397037
2.849853515625 0.9606854204382301
2.85009765625 -0.3735091945327639
2.850341796875 -0.3793145266765049
2.8505859375 0.6849703419382068
2.850830078125 0.3900790748620985
2.85107421875 -1.169744690963428
2.851318359375 -1.506493197141604
2.8515625 -0.1674964580034943
2.851806640625 0.6798886107478709
2.85205078125 0.1418609560471084
2.852294921875 -0.1709394439177192
2.8525390625 0.79593216588334
2.852783203125 1.895344261919027
2.85302734375 1.757082446928534
2.853271484375 0.4943430315908195
2.853515625 -0.9195810779469548
2.853759765625 -1.612292513780104
2.85400390625 -1.209974915744046
2.854248046875 -0.3451221012538766
2.8544921875 -0.2828734337509811
2.854736328125 -1.135374416383573
2.85498046875 -1.408495045653975
2.855224609375 -0.2654115212776467
2.85546875 1.123611071365365
2.855712890625 1.549907763232408
2.85595703125 1.36050803074574
2.856201171875 0.8719403930999191
2.8564453125 -0.6340388688219689
2.856689453125 -2.68528995515428
2.85693359375 -2.841774125981025
2.857177734375 -0.3597544618047824
2.857421875 1.794881713058206
2.857666015625 1.190203503099534
2.85791015625 -0.3194301070100924
2.858154296875 -0.1472696575853439
2.8583984375 0.3715977426685951
2.858642578125 -1.166974269305609
2.85888671875 -3.034503363745837
2.859130859375 -1.848027880532032
2.859375 1.178817169939878
2.859619140625 1.677958359001699
2.85986328125 -0.6970548806938122
2.860107421875 -1.816883597884578
2.8603515625 -0.07154838949658687
2.860595703125 1.424879594210042
2.86083984375 0.6969305472486125
2.861083984375 -0.08478111981958678
2.861328125 0.6699771967457305
2.861572265625 0.9203234981468903
2.86181640625 -0.7274590843052662
2.862060546875 -1.82360580002693
2.8623046875 -0.3702855063834905
2.862548828125 1.150911855962283
2.86279296875 -0.235919289935187
2.863037109375 -2.669960895192995
2.86328125 -2.236658863639108
2.863525390625 0.624386791761588
2.86376953125 1.818639160337731
2.864013671875 0.1352018131145636
2.8642578125 -1.082145468164555
2.864501953125 0.5999790668616366
2.86474609375 3.144464766821184
2.864990234375 3.49117140088659
2.865234375 1.901996111598301
2.865478515625 0.7624243576629498
2.86572265625 0.7327261096303577
2.865966796875 0.4728329799822575
2.8662109375 -0.4694657493791758
2.866455078125 -0.838215626216145
2.86669921875 -0.009925218373761154
2.866943359375 0.7990103638519886
2.8671875 0.57571390227096
2.867431640625 0.2387996409166049
2.86767578125 0.9558024646946437
2.867919921875 1.841581506931318
2.8681640625 1.12154596908248
2.868408203125 -0.9518011397880555
2.86865234375 -2.290822864756922
2.868896484375 -2.020457648723897
2.869140625 -1.366588139978516
2.869384765625 -1.211235083711968
2.86962890625 -0.8113019658525524
2.869873046875 0.2893962294547471
2.8701171875 1.011217181974168
2.870361328125 0.5617372221017732
2.87060546875 -0.09949346740706849
2.870849609375 0.1348078781576714
2.87109375 0.8370987249540429
2.871337890625 1.144638952923076
2.87158203125 1.167758391454824
2.871826171875 1.136789614324257
2.8720703125 0.5987965749280644
2.872314453125 -0.3011612567780643
2.87255859375 -0.3046304377097823
2.872802734375 0.8104409193676118
2.873046875 1.227324526800843
2.873291015625 -0.1574559920591737
2.87353515625 -1.683076301907805
2.873779296875 -1.479130557312755
2.8740234375 -0.3689307780916827
2.874267578125 -0.08750639398112793
2.87451171875 -0.2587071678684238
2.874755859375 0.3784419365207351
2.875 1.224456474841202
2.875244140625 1.078481512191097
2.87548828125 0.8725613108178359
2.875732421875 2.072142837495518
2.8759765625 3.290338163999604
2.876220703125 1.890606866570982
2.87646484375 -1.393373947547097
2.876708984375 -2.877257795005417
2.876953125 -1.226815995114872
2.877197265625 0.8362206239555424
2.87744140625 0.8255724943221835
2.877685546875 -0.3718972620873666
2.8779296875 -0.756068139315006
2.878173828125 -0.260650269429217
2.87841796875 -0.1531186243600094
2.878662109375 -0.9338979597683295
2.87890625 -1.966226750210393
2.879150390625 -2.272241238057235
2.87939453125 -1.217191504724755
2.879638671875 0.728798585270694
2.8798828125 1.907936506018175
2.880126953125 1.199337758455568
2.88037109375 -0.384797376684344
2.880615234375 -0.9848274720462006
2.880859375 -0.3701828648253109
2.881103515625 0.1936354058726725
2.88134765625 0.03920047062775298
2.881591796875 -0.4621191857085038
2.8818359375 -1.091125657717125
2.882080078125 -1.858679738918817
2.88232421875 -2.306758725655511
2.882568359375 -2.117950707626935
2.8828125 -1.802639494525869
2.883056640625 -1.525290540934082
2.88330078125 -0.3826025704653172
2.883544921875 1.627760874584917
2.8837890625 2.484303376692038
2.884033203125 1.055362011095829
2.88427734375 -0.5517310726125578
2.884521484375 -0.1157088745602343
2.884765625 0.9873155880837855
2.885009765625 0.3456695740449949
2.88525390625 -0.9474563429169057
2.885498046875 -0.2360149588392224
2.8857421875 1.531401419727195
2.885986328125 1.131711604351439
2.88623046875 -1.055705000833898
2.886474609375 -1.388021706673601
2.88671875 0.7195703214200976
2.886962890625 1.822381922125938
2.88720703125 0.6045436097176786
2.887451171875 -0.01179816300296831
2.8876953125 1.520997540925493
2.887939453125 2.482858874949229
2.88818359375 0.9284921022078809
2.888427734375 -0.7156159448103443
2.888671875 0.02674768696872221
2.888916015625 1.445806636375933
2.88916015625 0.8822580220606749
2.889404296875 -0.8301913935862976
2.8896484375 -1.365493207945322
2.889892578125 -0.9005604418087219
2.89013671875 -0.9943304386056711
2.890380859375 -1.419909874245157
2.890625 -1.027189000761884
2.890869140625 -0.2553251359333963
2.89111328125 -0.2475047419880284
2.891357421875 -0.7308057356408055
2.8916015625 -0.8374554530505868
2.891845703125 -0.6942737486931885
2.89208984375 -0.4891933892792339
2.892333984375 0.3982578084863537
2.892578125 1.704060886376976
2.892822265625 1.674851267433746
2.89306640625 -0.06185286212599521
2.893310546875 -1.161919848195937
2.8935546875 -0.1309277738375268
2.893798828125 1.00676927203993
2.89404296875 -0.0009062432486015671
2.894287109375 -1.841299966829681
2.89453125 -1.960645074177338
2.894775390625 -0.831837791475029
2.89501953125 -0.7359521344752668
2.895263671875 -1.588979125684327
2.8955078125 -1.270555353923706
2.895751953125 0.5109797228045903
2.89599609375 1.712906122222645
2.896240234375 1.228187929852195
2.896484375 0.1846963359048804
2.896728515625 -0.1135146406012863
2.89697265625 0.4118789210763363
2.897216796875 1.30079585472333
2.8974609375 2.064455767307095
2.897705078125 2.086119389879616
2.89794921875 1.242718019191071
2.898193359375 0.3370682813246179
2.8984375 -0.0005371908074401253
2.898681640625 -0.1449231904414163
2.89892578125 -0.3991755950474025
2.899169921875 -0.2351134081465302
2.8994140625 0.4084611492453603
2.899658203125 0.4717382735827884
2.89990234375 -0.4289665313000992
2.900146484375 -1.129200978045501
2.900390625 -1.083176959657807
2.900634765625 -1.47674977456841
2.90087890625 -2.631510487394185
2.901123046875 -2.587256314238725
2.9013671875 -0.4599410132085848
2.901611328125 1.147604446862258
2.90185546875 0.02998009904362891
2.902099609375 -1.439231001251832
2.90234375 0.293462744958681
2.902587890625 3.873239951129686
2.90283203125 4.634608216680031
2.903076171875 1.77608094824056
2.9033203125 -0.5110821375864845
2.903564453125 0.3553084615719376
2.90380859375 1.820813820952424
2.904052734375 0.8516860667788725
2.904296875 -1.405164020116005
2.904541015625 -1.996856290767196
2.90478515625 -0.7460177115720933
2.905029296875 0.1838624745203471
2.9052734375 -0.06644336154809632
2.905517578125 -0.3343765450490692
2.90576171875 0.0504391394299183
2.906005859375 0.0654488134567604
2.90625 -1.294894610926787
2.906494140625 -3.260840943134594
2.90673828125 -3.922354706532487
2.906982421875 -2.388166942924067
2.9072265625 0.09975900997536502
2.907470703125 1.456048319572451
2.90771484375 1.061744407515607
2.907958984375 0.3013623783753052
2.908203125 0.6319186948433865
2.908447265625 1.760602353201079
2.90869140625 2.234211345421494
2.908935546875 1.306392171703802
2.9091796875 -0.3815541043005624
2.909423828125 -1.604795023222759
2.90966796875 -1.577813680483028
2.909912109375 -0.5781086043028613
2.91015625 0.1645684627030169
2.910400390625 -0.2076380643576376
2.91064453125 -0.8266258981776057
2.910888671875 -0.08120443220860982
2.9111328125 1.755965660976782
2.911376953125 2.333110415516653
2.91162109375 0.5039005199327156
2.911865234375 -1.636069044041449
2.912109375 -1.392140058308863
2.912353515625 0.9044274873461189
2.91259765625 2.528853054537988
2.912841796875 2.013648633805076
2.9130859375 0.5499202521642
2.913330078125 -0.1340376267447778
2.91357421875 0.08096998530541569
2.913818359375 0.03215216104812303
2.9140625 -0.9529314925268881
2.914306640625 -2.039899582764619
2.91455078125 -1.80389537327679
2.914794921875 -0.2893870685017273
2.9150390625 0.5255224210152092
2.915283203125 -0.6643454254090528
2.91552734375 -2.096652223819
2.915771484375 -1.020183194123569
2.916015625 2.055851832036979
2.916259765625 3.618181827684301
2.91650390625 2.091799121287817
2.916748046875 -0.09705680947938583
2.9169921875 -0.4367628446021281
2.917236328125 0.3336504999106184
2.91748046875 0.409426244148259
2.917724609375 -0.03987599253516078
2.91796875 -0.1042832355070379
2.918212890625 -0.2738960501396479
2.91845703125 -1.014716823671647
2.918701171875 -1.034523579234418
2.9189453125 0.5621746080244453
2.919189453125 1.980674375359629
2.91943359375 1.196043760422603
2.919677734375 -0.6250930759851816
2.919921875 -0.8424259518509216
2.920166015625 0.5670390702029726
2.92041015625 1.336123330723095
2.920654296875 0.5976060072845304
2.9208984375 -0.347778104282443
2.921142578125 -0.5392113973528347
2.92138671875 -0.3375397868334643
2.921630859375 -0.1535197310359341
2.921875 -0.03619926973210019
2.922119140625 -0.1302527461826747
2.92236328125 -0.1263907448174095
2.922607421875 0.8204252733616019
2.9228515625 2.279926963649552
2.923095703125 2.222294250158706
2.92333984375 0.2072763013504262
2.923583984375 -1.124463473148652
2.923828125 -0.0516744377317423
2.924072265625 0.9741266090789741
2.92431640625 -0.8424696702184631
2.924560546875 -3.638520688346788
2.9248046875 -3.548623137048808
2.925048828125 -0.8382675421198537
2.92529296875 0.8365305605969504
2.925537109375 0.3639763483514883
2.92578125 -0.007154797691370725
2.926025390625 0.6356562356823294
2.92626953125 0.8013452854872065
2.926513671875 0.3284635391065365
2.9267578125 0.8492040161442497
2.927001953125 2.033216809403197
2.92724609375 1.553289504966984
2.927490234375 -0.4615487118099219
2.927734375 -1.066525539797555
2.927978515625 0.4190573086185633
2.92822265625 1.088530341530216
2.928466796875 -0.4741708200858806
2.9287109375 -1.843957987536884
2.928955078125 -1.18799603271613
2.92919921875 -0.1822088097176162
2.929443359375 -0.4549060782279034
2.9296875 -0.7367869092437588
2.929931640625 0.1127353727466033
2.93017578125 0.5533632668460698
2.930419921875 -0.6378262783407047
2.9306640625 -1.791632669630712
2.930908203125 -1.32360119768971
2.93115234375 -0.5052762481934975
2.931396484375 -0.6682588110472921
2.931640625 -0.37153230784747
2.931884765625 1.770445197985361
2.93212890625 3.904095427939708
2.932373046875 3.653963145262622
2.9326171875 1.921152851722858
2.932861328125 0.9099396787333287
2.93310546875 0.3212988275292008
2.933349609375 -1.241654501706114
2.93359375 -2.779839722258362
2.933837890625 -2.316149992694565
2.93408203125 -0.6268444360613447
2.934326171875 -0.09981885161164446
2.9345703125 -0.6521032027685379
2.934814453125 -0.1780085252315095
2.93505859375 1.362539794354508
2.935302734375 1.688275142193084
2.935546875 0.1298552644964474
2.935791015625 -1.278773061729894
2.93603515625 -1.15765530552673
2.936279296875 -0.5530225434086334
2.9365234375 -0.6168983944346715
2.936767578125 -0.8082591358955845
2.93701171875 -0.3365830598490253
2.937255859375 0.3973989015462039
2.9375 0.7002259832659464
2.937744140625 0.5692073122726369
2.93798828125 0.1363406728003955
2.938232421875 -0.6722472418304135
2.9384765625 -1.433986847530992
2.938720703125 -1.322668645180182
2.93896484375 -0.3683819045789368
2.939208984375 0.3634859855350226
2.939453125 0.2430479084630352
2.939697265625 -0.1536852337182407
2.93994140625 -0.07448968676506801
2.940185546875 0.3903934356058438
2.9404296875 0.6298024573666262
2.940673828125 0.2650018714108265
2.94091796875 -0.5866102777461886
2.941162109375 -1.362722954201891
2.94140625 -1.428704045821042
2.941650390625 -0.7964275418304573
2.94189453125 -0.1972199022794234
2.942138671875 -0.05813963655943696
2.9423828125 0.001751305136755093
2.942626953125 0.1218256707184845
2.94287109375 -0.4001972758219898
2.943115234375 -1.634748855836274
2.943359375 -1.953617717492901
2.943603515625 -0.06817685214912707
2.94384765625 2.497388845704688
2.944091796875 2.949652867681127
2.9443359375 1.112842026106142
2.944580078125 -0.3323077112456484
2.94482421875 0.1528325980475019
2.945068359375 0.9417849028998194
2.9453125 0.2740547762902767
2.945556640625 -0.7480737280971219
2.94580078125 -0.1239911439051953
2.946044921875 1.404292743979569
2.9462890625 1.15717275263654
2.946533203125 -1.258634193051527
2.94677734375 -2.969461475692705
2.947021484375 -1.852603798154659
2.947265625 0.464802494555227
2.947509765625 1.135982806831495
2.94775390625 0.2074317281119246
2.947998046875 0.06227837961691289
2.9482421875 1.312086416662606
2.948486328125 1.753096420023083
2.94873046875 0.01718898441102858
2.948974609375 -1.976160425852517
2.94921875 -1.732281705840978
2.949462890625 0.1929383679351905
2.94970703125 1.206464371113868
2.949951171875 0.4728710615730611
2.9501953125 -0.3297202924147765
2.950439453125 0.1734628021784143
2.95068359375 1.321878120479178
2.950927734375 1.718720172137197
2.951171875 0.8546021049037426
2.951416015625 -0.7713988731547016
2.95166015625 -2.030387873765591
2.951904296875 -1.752899049792367
2.9521484375 -0.1312535531549408
2.952392578125 0.8393616743954099
2.95263671875 -0.139965024984416
2.952880859375 -1.28242280074989
2.953125 -0.05474025126888248
2.953369140625 2.389804224850904
2.95361328125 2.146041950046364
2.953857421875 -1.417194787989768
2.9541015625 -3.835088720904053
2.954345703125 -1.602386748731918
2.95458984375 2.704871668144586
2.954833984375 4.017835944388469
2.955078125 1.552388241022532
2.955322265625 -1.024669168203073
2.95556640625 -1.136170901463534
2.955810546875 0.08657078540408558
2.9560546875 0.5615926963070036
2.956298828125 -0.08010507981861238
2.95654296875 -1.093601139496146
2.956787109375 -1.863168429034283
2.95703125 -1.854963177260459
2.957275390625 -0.7321100335548829
2.95751953125 0.9016598619848329
2.957763671875 1.837653060455989
2.9580078125 1.622988004631331
2.958251953125 0.8175820014865708
2.95849609375 -0.01314814664259166
2.958740234375 -0.6307433184488004
2.958984375 -0.6440042865265758
2.959228515625 0.16660997023511
2.95947265625 1.059151694415317
2.959716796875 0.9276889722037346
2.9599609375 -0.2474310413917807
2.960205078125 -1.43493640735322
2.96044921875 -1.961084944604623
2.960693359375 -1.983331450025652
2.9609375 -1.72278927805444
2.961181640625 -1.206407387635219
2.96142578125 -0.6369705458308671
2.961669921875 -0.095941560582781
2.9619140625 0.8215295622155724
2.962158203125 2.057609406437992
2.96240234375 2.336870677869772
2.962646484375 0.8585859802563756
2.962890625 -0.6916607636393775
2.963134765625 0.1802161185287201
2.96337890625 3.004127194709027
2.963623046875 4.427686781588812
2.9638671875 2.74531947554483
2.964111328125 0.2274396939856953
2.96435546875 -0.3351004676347736
2.964599609375 0.4848884140803579
2.96484375 0.2466841913707672
2.965087890625 -1.27526620161392
2.96533203125 -1.93345268470815
2.965576171875 -0.8544839904477251
2.9658203125 0.1367367638863049
2.966064453125 -0.5048052023013173
2.96630859375 -1.438861956951857
2.966552734375 -0.3352353376645946
2.966796875 2.424211334437655
2.967041015625 3.723404708857086
2.96728515625 1.752397458904875
2.967529296875 -1.317517694453971
2.9677734375 -1.903144184610876
2.968017578125 0.3974673267310441
2.96826171875 2.426631779176649
2.968505859375 1.839277633031846
2.96875 0.02813926942337392
2.968994140625 -0.3970534818318399
2.96923828125 0.5794280318272694
2.969482421875 1.042488871525645
2.9697265625 0.5914245347940081
2.969970703125 0.5871637879495157
2.97021484375 1.164238173407686
2.970458984375 0.7335442183426545
2.970703125 -0.9485608405294602
2.970947265625 -1.896109593866682
2.97119140625 -1.298305508176268
2.971435546875 -1.209241638153371
2.9716796875 -2.916465819129269
2.971923828125 -4.018151437264112
2.97216796875 -1.899220927810295
2.972412109375 1.616946542479803
2.97265625 2.446781583262152
2.972900390625 0.2201854080170224
2.97314453125 -1.446616377936889
2.973388671875 -0.5739937433768885
2.9736328125 0.8337656783848694
2.973876953125 0.763128459640368
2.97412109375 0.1251548947627757
2.974365234375 0.2502175498672393
2.974609375 0.3755619623514357
2.974853515625 -0.3924657458152637
2.97509765625 -0.9561935210008158
2.975341796875 -0.2148027707182959
2.9755859375 0.7405373816592887
2.975830078125 0.5733625469397922
2.97607421875 0.1080601100503153
2.976318359375 0.5271913234316843
2.9765625 0.8130322602757654
2.976806640625 -0.4408631977078326
2.97705078125 -2.057644520712434
2.977294921875 -1.957193353906073
2.9775390625 -0.7616810676568481
2.977783203125 -0.7205182028398585
2.97802734375 -1.767782117614444
2.978271484375 -1.836700177050798
2.978515625 -0.7472401087279535
2.978759765625 -0.4533362208708178
2.97900390625 -1.332294972977406
2.979248046875 -1.566419069771354
2.9794921875 -0.6745632785584694
2.979736328125 -0.3154519040940322
2.97998046875 -0.7822943413028305
2.980224609375 -0.1301938603538559
2.98046875 1.897128599339974
2.980712890625 2.437952610903648
2.98095703125 -0.09721249746278686
2.981201171875 -3.179027321946596
2.9814453125 -3.872472424524385
2.981689453125 -2.739118215708682
2.98193359375 -1.733048578775196
2.982177734375 -0.8006671289318988
2.982421875 0.7016485963977251
2.982666015625 1.507545184705499
2.98291015625 0.4732020674790673
2.983154296875 -0.6686408279317585
2.9833984375 0.2391865179748414
2.983642578125 2.011171729087428
2.98388671875 2.038333095116029
2.984130859375 0.7521071001004217
2.984375 0.6765421715594163
2.984619140625 1.829883945765377
2.98486328125 1.822260701990922
2.985107421875 0.4005731198262356
2.9853515625 0.1188617496942538
2.985595703125 1.818588674434664
2.98583984375 2.881147916080837
2.986083984375 1.359733164985238
2.986328125 -0.8905067457060142
2.986572265625 -0.9761913092514717
2.98681640625 0.9965070369785507
2.987060546875 2.362454993011618
2.9873046875 1.353122820462595
2.987548828125 -1.137046636881399
2.98779296875 -2.747632407187046
2.988037109375 -2.050921041928773
2.98828125 -0.08702838829750692
2.988525390625 0.6620019547780255
2.98876953125 -0.622136183816411
2.989013671875 -1.818957332570675
2.9892578125 -0.8645906211007282
2.989501953125 1.06698292839875
2.98974609375 1.389630718620807
2.989990234375 0.2816597918318982
2.990234375 0.3039811283852323
2.990478515625 1.937138670384454
2.99072265625 2.520500441718514
2.990966796875 0.505111229459373
2.9912109375 -1.938036239239185
2.991455078125 -2.108657318314989
2.99169921875 -0.5102583593772499
2.991943359375 0.4682660893448147
2.9921875 0.1827939735820175
2.992431640625 0.02108094607616385
2.99267578125 0.7047901366728758
2.992919921875 1.220679968135241
2.9931640625 0.6713395194049724
2.993408203125 -0.1563841362443088
2.99365234375 0.06486887518587552
2.993896484375 0.9791982557673545
2.994140625 0.6521729043016307
2.994384765625 -1.518973122624858
2.99462890625 -3.074755554510202
2.994873046875 -1.383592008988798
2.9951171875 2.13569030341131
2.995361328125 3.196886786827799
2.99560546875 0.6388884753321602
2.995849609375 -1.680347506690876
2.99609375 -0.6366728094007018
2.996337890625 1.537245822275652
2.99658203125 1.226906090112039
2.996826171875 -0.6677294903696837
2.9970703125 -0.8102978506767494
2.997314453125 0.4806741930622194
2.99755859375 0.05150203632524708
2.997802734375 -1.921723691243228
2.998046875 -1.814926031846628
2.998291015625 0.8804077151269453
2.99853515625 2.021717239227103
2.998779296875 -0.4506110998634109
2.9990234375 -2.892730190995854
2.999267578125 -1.730694397149101
2.99951171875 1.029633509992663
2.999755859375 1.426074591158497
3 -0.2362304190834613
3.000244140625 -0.5699070440885557
3.00048828125 1.179713478720409
3.000732421875 2.315791024218809
3.0009765625 1.12907903381129
3.001220703125 -0.8667711612696446
3.00146484375 -1.519996786015392
3.001708984375 -0.8377183127673126
3.001953125 -0.4522880622161593
3.002197265625 -1.227743829014003
3.00244140625 -2.074456706554871
3.002685546875 -1.303442490884774
3.0029296875 0.8825101976679238
3.003173828125 2.100526948284883
3.00341796875 0.8512353347181458
3.003662109375 -1.161304516440765
3.00390625 -1.422669297344696
3.004150390625 -0.3088369180939591
3.00439453125 0.02747503641356458
3.004638671875 -0.3133022954683771
3.0048828125 0.6915503995381814
3.005126953125 2.709143708047696
3.00537109375 2.814430794635704
3.005615234375 0.3958446017175211
3.005859375 -1.282026411379245
3.006103515625 0.04010676066897232
3.00634765625 2.357295674652688
3.006591796875 2.850792494581551
3.0068359375 1.715711272098202
3.007080078125 0.574435868478557
3.00732421875 -0.2432910320927606
3.007568359375 -0.741563020374392
3.0078125 -0.09036541089618763
3.008056640625 1.427468858442457
3.00830078125 1.65542845579181
3.008544921875 -0.1456777976442181
3.0087890625 -1.628229394432684
3.009033203125 -1.082677957896365
3.00927734375 -0.2224687207256293
3.009521484375 -0.8472414243867967
3.009765625 -1.478768873704679
3.010009765625 -0.2873055003456414
3.01025390625 1.170424849154331
3.010498046875 0.5682222183919475
3.0107421875 -0.9589758691947885
3.010986328125 -0.8859801418968225
3.01123046875 0.1080817765212854
3.011474609375 -0.4928464399068978
3.01171875 -2.281824990477594
3.011962890625 -2.515985102715199
3.01220703125 -0.8496627490245966
3.012451171875 0.3499926145963348
3.0126953125 0.2753904860171263
3.012939453125 0.6494375823031535
3.01318359375 2.12057352650389
3.013427734375 2.960122873726072
3.013671875 2.069269457846743
3.013916015625 0.5955647580296456
3.01416015625 -0.2380027229314774
3.014404296875 -0.7259904888282128
3.0146484375 -1.396967839324788
3.014892578125 -1.927263341767593
3.01513671875 -1.936831657941111
3.015380859375 -1.570488983358764
3.015625 -1.084313695519707
3.015869140625 -0.8520072111216318
3.01611328125 -1.391782096711692
3.016357421875 -2.321510399257882
3.0166015625 -2.175626874641003
3.016845703125 -0.6152831227349631
3.01708984375 0.4107386318363223
3.017333984375 -0.5203816994865781
3.017578125 -1.745570282509778
3.017822265625 -1.051324325040255
3.01806640625 0.6178543908396142
3.018310546875 0.8267864651129718
3.0185546875 -0.06584558889394103
3.018798828125 0.3977515852464119
3.01904296875 2.315267543132501
3.019287109375 3.143973340890956
3.01953125 1.982713654761786
3.019775390625 0.7695710093008018
3.02001953125 0.6180300729002487
3.020263671875 0.1349424234056487
3.0205078125 -1.526073175114704
3.020751953125 -2.712034403981693
3.02099609375 -1.837747500760021
3.021240234375 0.185475781988813
3.021484375 1.473713258135912
3.021728515625 1.527170343939336
3.02197265625 0.9632872745618798
3.022216796875 0.2990594903942344
3.0224609375 -0.04251657145876363
3.022705078125 0.3174971897762582
3.02294921875 1.021998651396572
3.023193359375 1.218035943449885
3.0234375 0.8426958904842091
3.023681640625 0.5892496214716036
3.02392578125 0.4789538796437944
3.024169921875 -0.1832942644113873
3.0244140625 -1.243712792597554
3.024658203125 -1.550374786566979
3.02490234375 -0.7508139406621607
3.025146484375 0.06769378351381383
3.025390625 -0.02272851242770079
3.025634765625 -0.6129800926558557
3.02587890625 -0.7144429225940411
3.026123046875 0.121946286218773
3.0263671875 1.480294069208079
3.026611328125 2.171210853142478
3.02685546875 1.062664114824053
3.027099609375 -1.283944936505054
3.02734375 -2.540945847009578
3.027587890625 -1.417592981381205
3.02783203125 0.341236845018072
3.028076171875 0.3778351142455716
3.0283203125 -0.7727070860817595
3.028564453125 -0.7150650370687257
3.02880859375 0.9007389112326004
3.029052734375 1.972129613952511
3.029296875 1.359715767723789
3.029541015625 0.3219337562021249
3.02978515625 0.2009717129289931
3.030029296875 0.7229510871482308
3.0302734375 1.055441089187196
3.030517578125 0.8613203582163054
3.03076171875 0.004218867292032207
3.031005859375 -1.265821532151463
3.03125 -1.791987618361327
3.031494140625 -0.7545754626251698
3.03173828125 0.6972548019667321
3.031982421875 0.7603821782269403
3.0322265625 -0.3251086698454297
3.032470703125 -0.7859664103240827
3.03271484375 -0.2245464293517785
3.032958984375 0.1317422049056039
3.033203125 -0.1125637755067404
3.033447265625 -0.170912983680529
3.03369140625 -0.1568809063575057
3.033935546875 -1.018580226850754
3.0341796875 -2.179676058010735
3.034423828125 -1.791968860762021
3.03466796875 0.1769618327238359
3.034912109375 1.547280491070176
3.03515625 1.222256963298416
3.035400390625 0.5346910409738694
3.03564453125 0.6380965057384055
3.035888671875 0.8899622595514107
3.0361328125 0.6563042464467066
3.036376953125 0.5211253732814424
3.03662109375 0.794071583483159
3.036865234375 0.7994026289089413
3.037109375 0.408882761865457
3.037353515625 0.3528744325543989
3.03759765625 0.4709527706266308
3.037841796875 -0.2335057609657218
3.0380859375 -1.345838736501306
3.038330078125 -1.233250411520243
3.03857421875 -0.006018185240770026
3.038818359375 0.3432171835741475
3.0390625 -0.5729537129307729
3.039306640625 -0.8020512714847703
3.03955078125 0.2800392366374713
3.039794921875 0.7544561493408466
3.0400390625 0.00227525871764834
3.040283203125 0.3951525021184026
3.04052734375 3.030530597064049
3.040771484375 4.923975003431281
3.041015625 3.235932458905905
3.041259765625 -0.2436632160202203
3.04150390625 -1.836708902389755
3.041748046875 -1.143506205327606
3.0419921875 -0.3785814778801818
3.042236328125 -0.2423281520242621
3.04248046875 0.2384393339859773
3.042724609375 0.8257789155699777
3.04296875 0.2565450512526625
3.043212890625 -1.143683432086296
3.04345703125 -1.799457651534884
3.043701171875 -1.585935173345955
3.0439453125 -1.787190018572679
3.044189453125 -2.585128543961772
3.04443359375 -2.800161619564737
3.044677734375 -1.967990485887223
3.044921875 -0.7065750413612926
3.045166015625 0.6945561741664364
3.04541015625 2.136720539578508
3.045654296875 2.608053440620796
3.0458984375 1.322125659668169
3.046142578125 -0.380534293415919
3.04638671875 -0.5006695740761129
3.046630859375 0.4333819903269955
3.046875 0.04400621712236797
3.047119140625 -1.89547224034041
3.04736328125 -2.678722886020088
3.047607421875 -0.676600665869966
3.0478515625 2.056613685458822
3.048095703125 2.462065554777898
3.04833984375 0.2775414327751722
3.048583984375 -2.089213058462598
3.048828125 -2.534666396413083
3.049072265625 -1.093269071210178
3.04931640625 0.5746678474432866
3.049560546875 0.8034863345726625
3.0498046875 -0.5443936973035021
3.050048828125 -1.827825371121608
3.05029296875 -1.390338811089527
3.050537109375 0.3894327301298579
3.05078125 1.561041564253559
3.051025390625 1.106372595161538
3.05126953125 -0.0378238311875381
3.051513671875 -0.6074215007293737
3.0517578125 -0.4805685507615959
3.052001953125 -0.09214644634223797
3.05224609375 0.4574961710509339
3.052490234375 0.9990104356196898
3.052734375 0.971573362089369
3.052978515625 0.3226362663979098
3.05322265625 -0.0976748393067265
3.053466796875 0.1125470059006011
3.0537109375 0.03353012652157516
3.053955078125 -0.9965088726827653
3.05419921875 -1.750427532017853
3.054443359375 -0.6165856242300799
3.0546875 1.675306770096642
3.054931640625 2.652313031782336
3.05517578125 1.551429049752659
3.055419921875 0.2992820042328366
3.0556640625 0.4177021668956977
3.055908203125 0.8705555601652907
3.05615234375 0.2657318122834479
3.056396484375 -0.5648540977559481
3.056640625 -0.1688462103697447
3.056884765625 0.6402581226248041
3.05712890625 0.02051646434187353
3.057373046875 -1.441289027695519
3.0576171875 -1.392099605738101
3.057861328125 0.116145544164384
3.05810546875 0.2317325605945029
3.058349609375 -1.97463425820209
3.05859375 -3.426757363511938
3.058837890625 -1.574540638704826
3.05908203125 1.493527216429895
3.059326171875 2.030710747879707
3.0595703125 0.01783811809710573
3.059814453125 -1.24717136379661
3.06005859375 -0.05808762812974371
3.060302734375 1.879996283136066
3.060546875 2.333277624559891
3.060791015625 1.077115434950969
3.06103515625 -0.5199280110148639
3.061279296875 -0.9357686218745721
3.0615234375 0.3043321951715909
3.061767578125 1.768081066510655
3.06201171875 1.249966474399427
3.062255859375 -1.063373039817233
3.0625 -2.004856144474529
3.062744140625 0.2265136330363448
3.06298828125 2.876567434519536
3.063232421875 2.397495875696085
3.0634765625 -0.1998585577266396
3.063720703125 -1.1329291538484
3.06396484375 0.1500805872998478
3.064208984375 0.7762058253968254
3.064453125 -0.1258814314979043
3.064697265625 -0.2073155781519301
3.06494140625 1.295441188541221
3.065185546875 1.845701079003475
3.0654296875 0.1658780639640093
3.065673828125 -1.330449791281184
3.06591796875 -0.6474779921157071
3.066162109375 0.5847747760693017
3.06640625 0.2653514229800191
3.066650390625 -0.6978313658934082
3.06689453125 -0.4785340803003806
3.067138671875 0.5096785559926014
3.0673828125 0.8872834754008113
3.067626953125 0.6223169850582243
3.06787109375 -0.0529834900781946
3.068115234375 -1.816215819613312
3.068359375 -4.111264540830338
3.068603515625 -4.171634241093575
3.06884765625 -0.8878042705883723
3.069091796875 2.3923635535661
3.0693359375 1.938557838435282
3.069580078125 -1.086839950302074
3.06982421875 -2.530225351914683
3.070068359375 -1.169232129745148
3.0703125 0.5420004447144625
3.070556640625 0.9339293004714172
3.07080078125 0.988261374676546
3.071044921875 1.637031177679431
3.0712890625 2.055400640904637
3.071533203125 1.383564564656012
3.07177734375 0.2301600712177747
3.072021484375 -0.2693786232987666
3.072265625 0.172876551630676
3.072509765625 0.8073027878177798
3.07275390625 0.4719491799256503
3.072998046875 -1.160070481692065
3.0732421875 -2.589234300493002
3.073486328125 -1.948603160231714
3.07373046875 0.02169593718112327
3.073974609375 0.4408101492581793
3.07421875 -1.189123242856359
3.074462890625 -1.550803368174923
3.07470703125 1.25593011157345
3.074951171875 3.777908344880597
3.0751953125 1.914048887668369
3.075439453125 -2.469710779763238
3.07568359375 -3.856155028350488
3.075927734375 -1.035760950667237
3.076171875 1.731334886449266
3.076416015625 1.542995948240784
3.07666015625 0.383904491787485
3.076904296875 0.727443166465781
3.0771484375 1.601441748542159
3.077392578125 1.09116111939071
3.07763671875 -0.1927423934150768
3.077880859375 -0.4823678763682573
3.078125 0.2117290956577971
3.078369140625 0.5069935178119807
3.07861328125 -0.2891831910488346
3.078857421875 -1.908074979459043
3.0791015625 -3.716249430469774
3.079345703125 -4.575818388071993
3.07958984375 -3.429331213199479
3.079833984375 -0.9356892785491414
3.080078125 0.8175841772133818
3.080322265625 0.9883498334987946
3.08056640625 0.8509498492984053
3.080810546875 1.307580947401914
3.0810546875 1.4404310582385
3.081298828125 0.6463503123538679
3.08154296875 0.2351577260145246
3.081787109375 1.272075073388922
3.08203125 2.468726723976792
3.082275390625 2.08526835385467
3.08251953125 0.651198037362145
3.082763671875 -0.1123693657065664
3.0830078125 -0.009279416877065044
3.083251953125 -0.01051402041836975
3.08349609375 -0.059514354654444
3.083740234375 0.5740938432111234
3.083984375 1.260303063302655
3.084228515625 0.6315970864482023
3.08447265625 -0.800043729688741
3.084716796875 -0.9045268940996118
3.0849609375 0.7461930737441146
3.085205078125 1.87989013944291
3.08544921875 0.7277930426727626
3.085693359375 -1.488868245920091
3.0859375 -2.450561122377927
3.086181640625 -1.762816206927321
3.08642578125 -0.7011830133876614
3.086669921875 0.05586585095160927
3.0869140625 0.7971677359052792
3.087158203125 1.358773196857026
3.08740234375 1.038722636388636
3.087646484375 0.07083842006639707
3.087890625 -0.243716675901551
3.088134765625 0.6350915001522485
3.08837890625 1.635474800689026
3.088623046875 1.647956465052092
3.0888671875 0.9699716275319858
3.089111328125 0.4241885245810212
3.08935546875 -0.05292129159985275
3.089599609375 -0.8897692606186878
3.08984375 -1.626097157824127
3.090087890625 -1.457852733214243
3.09033203125 -0.6943382455649126
3.090576171875 -0.3607190726799647
3.0908203125 -0.49066545360345
3.091064453125 -0.2130798495157708
3.09130859375 0.4203941964961592
3.091552734375 0.277653300709492
3.091796875 -0.7888344087721122
3.092041015625 -1.348465092322694
3.09228515625 -0.6337092049529292
3.092529296875 0.2043508638363941
3.0927734375 0.1802270771418798
3.093017578125 0.2486190561545317
3.09326171875 1.415015591456259
3.093505859375 2.445916752420802
3.09375 1.586795546772397
3.093994140625 -0.3169836159537581
3.09423828125 -0.8723998682212162
3.094482421875 0.006699949251880925
3.0947265625 -0.02084144735459871
3.094970703125 -1.624079115793272
3.09521484375 -2.372606805320431
3.095458984375 -0.7097429109038101
3.095703125 1.10488444888031
3.095947265625 0.2059526827816417
3.09619140625 -2.393707531852191
3.096435546875 -3.207088201815028
3.0966796875 -1.425027729176549
3.096923828125 0.1674280353495997
3.09716796875 -0.3563384585364386
3.097412109375 -1.390435508391935
3.09765625 -0.7351967565258638
3.097900390625 0.9818153598984453
3.09814453125 1.707660148406091
3.098388671875 1.324930564994681
3.0986328125 1.295261123451601
3.098876953125 1.621194496960986
3.09912109375 0.7287364061326852
3.099365234375 -1.384714839208278
3.099609375 -2.375006008652881
3.099853515625 -1.036064219954752
3.10009765625 0.4979702094487904
3.100341796875 -0.2179533230286925
3.1005859375 -2.181054907990361
3.100830078125 -2.358815940710719
3.10107421875 -0.0648773315296589
3.101318359375 2.360131683574244
3.1015625 3.058260247139295
3.101806640625 2.621323545331773
3.10205078125 2.211712623748863
3.102294921875 1.790277708300263
3.1025390625 1.082794360406528
3.102783203125 0.6615892829177923
3.10302734375 0.9447248746658886
3.103271484375 1.275133761776271
3.103515625 1.015552985594687
3.103759765625 0.6255649439349229
3.10400390625 0.7282701273483508
3.104248046875 0.9486561626230848
3.1044921875 0.6020883715843587
3.104736328125 -0.1347304758793055
3.10498046875 -0.5609365640456668
3.105224609375 -0.4203205617214179
3.10546875 0.07128673027924132
3.105712890625 0.6175322216888536
3.10595703125 0.8684162220210707
3.106201171875 0.7136845407796367
3.1064453125 0.6932740920240302
3.106689453125 1.142806805221355
3.10693359375 0.9688928218664246
3.107177734375 -1.11113460998601
3.107421875 -3.864762949347109
3.107666015625 -4.230764305394077
3.10791015625 -1.603992848390722
3.108154296875 0.8547599693974
3.1083984375 0.6704652720969799
3.108642578125 -0.5313674656153434
3.10888671875 -0.2287820069969877
3.109130859375 0.6242721103764226
3.109375 -0.4865177377420427
3.109619140625 -2.892953774697247
3.10986328125 -3.530044311912617
3.110107421875 -1.856975569967314
3.1103515625 -0.40284014971361
3.110595703125 -0.373138475208597
3.11083984375 -0.252076128552868
3.111083984375 0.6265173773417557
3.111328125 0.6241138448820835
3.111572265625 -0.8015050307007796
3.11181640625 -1.445380629657217
3.112060546875 0.006075891249526506
3.1123046875 1.394003623690256
3.112548828125 0.4377712325036346
3.11279296875 -1.499055557109483
3.113037109375 -1.56429065304189
3.11328125 0.2154489761179383
3.113525390625 1.380806343193576
3.11376953125 0.8884353250610129
3.114013671875 -0.05907200798946554
3.1142578125 -0.5431564210297742
3.114501953125 -0.8494377013783871
3.11474609375 -0.9042510630326898
3.114990234375 -0.01642021154977571
3.115234375 1.449827581783569
3.115478515625 1.991326255403337
3.11572265625 1.136117813433835
3.115966796875 0.2214151861858846
3.1162109375 0.3756294433146849
3.116455078125 0.9647000412482066
3.11669921875 0.7570528505365876
3.116943359375 -0.3553721627955108
3.1171875 -1.539063194776741
3.117431640625 -2.171899056550745
3.11767578125 -2.106691251293309
3.117919921875 -1.344225887736439
3.1181640625 -0.1417173098658082
3.118408203125 0.8711870636939607
3.11865234375 1.255502040838267
3.118896484375 1.282223487961961
3.119140625 1.499996915318244
3.119384765625 1.934031426433987
3.11962890625 2.058027309757581
3.119873046875 1.503720148513529
3.1201171875 0.5472454976125086
3.120361328125 -0.1532668526892623
3.12060546875 -0.2496251687001983
3.120849609375 -0.1115379812976739
3.12109375 -0.3997276294298854
3.121337890625 -1.098740155072591
3.12158203125 -1.246479131522152
3.121826171875 -0.07157413546874163
3.1220703125 1.723892698853158
3.122314453125 2.46552451332962
3.12255859375 1.491106415442103
3.122802734375 0.04080196368028504
3.123046875 -0.287349809135774
3.123291015625 0.4751935848537042
3.12353515625 0.9002938885519767
3.123779296875 0.2177037229482011
3.1240234375 -0.6812015395288147
3.124267578125 -0.5932566961553553
3.12451171875 0.2912931649364716
3.124755859375 0.7129585113957773
3.125 0.1402688814574109
3.125244140625 -0.5495374427559572
3.12548828125 -0.3978207148291491
3.125732421875 0.3059902595829324
3.1259765625 0.5914161769945802
3.126220703125 0.2897973552464425
3.12646484375 0.1402818359960816
3.126708984375 0.4406255730864151
3.126953125 0.4646766228705728
3.127197265625 -0.3382573568617126
3.12744140625 -1.202464291565099
3.127685546875 -0.8524549155589184
3.1279296875 0.7294037197042985
3.128173828125 2.027910323543433
3.12841796875 1.646857412226689
3.128662109375 -0.1493231924630166
3.12890625 -1.726371341661819
3.129150390625 -1.73509401812476
3.12939453125 -0.3964757645160696
3.129638671875 0.793680735407077
3.1298828125 0.6957370152397782
3.130126953125 -0.1615988417375538
3.13037109375 -0.2686085317249199
3.130615234375 0.7345879250809018
3.130859375 1.325108079386128
3.131103515625 0.1759938043119406
3.13134765625 -1.693059604826834
3.131591796875 -2.118891942501321
3.1318359375 -0.9458927278101348
3.132080078125 -0.3600056718695018
3.13232421875 -1.638949480567183
3.132568359375 -3.229690572595254
3.1328125 -3.181288459155035
3.133056640625 -2.077096820542599
3.13330078125 -1.826367362537902
3.133544921875 -2.432921061412707
3.1337890625 -2.077879290150856
3.134033203125 -0.262572511074378
3.13427734375 1.22034669195281
3.134521484375 0.9361500027697873
3.134765625 -0.3004574361157668
3.135009765625 -0.9217334989155405
3.13525390625 -0.5453069300497194
3.135498046875 0.4055794611059226
3.1357421875 1.650357518258311
3.135986328125 2.596080186728048
3.13623046875 2.15971464622461
3.136474609375 0.2721612808672764
3.13671875 -1.402782151947178
3.136962890625 -1.473847201602823
3.13720703125 -0.6659481313349104
3.137451171875 -0.41527929678457
3.1376953125 -0.5958598468548907
3.137939453125 -0.2299542436067884
3.13818359375 0.355725526719297
3.138427734375 0.03687780834902652
3.138671875 -0.8390770781732089
3.138916015625 -0.7644792818872563
3.13916015625 0.3166068361592433
3.139404296875 0.7797559605699117
3.1396484375 0.12791749187539
3.139892578125 0.001770405306429452
3.14013671875 1.487640048775253
3.140380859375 3.196647305772916
3.140625 3.331718864564466
3.140869140625 2.311722209196343
3.14111328125 1.817284246514716
3.141357421875 2.124841326622145
3.1416015625 2.000774039009078
3.141845703125 0.8776680620991215
3.14208984375 -0.3182203157865771
3.142333984375 -0.5818362202773907
3.142578125 -0.01422533006196626
3.142822265625 0.6048035659544858
3.14306640625 0.6921198386819669
3.143310546875 0.1344886730078291
3.1435546875 -0.7523864870736002
3.143798828125 -1.358408835841942
3.14404296875 -1.249546724715609
3.144287109375 -0.618039059420626
3.14453125 -0.01234796051132364
3.144775390625 0.3739352635591291
3.14501953125 0.8587214449283395
3.145263671875 1.681906936231833
3.1455078125 2.49064224178172
3.145751953125 2.531985623528497
3.14599609375 1.355758687580147
3.146240234375 -0.6237386727578699
3.146484375 -2.283990413678925
3.146728515625 -2.678935019459636
3.14697265625 -1.843856823668763
3.147216796875 -0.6418530727280167
3.1474609375 0.1400753029681271
3.147705078125 0.3917522713275549
3.14794921875 0.5032701814445795
3.148193359375 0.8809295496837378
3.1484375 1.582292868734283
3.148681640625 2.130497998848931
3.14892578125 1.770270702840823
3.149169921875 0.2927755355435135
3.1494140625 -1.441387444347534
3.149658203125 -2.271249047744466
3.14990234375 -2.082924013775618
3.150146484375 -1.896029379221726
3.150390625 -2.423410387289474
3.150634765625 -3.01570241443955
3.15087890625 -2.421162852736412
3.151123046875 -0.3623785643081265
3.1513671875 2.027962779252092
3.151611328125 3.327503848862964
3.15185546875 3.103381079494372
3.152099609375 1.961629050461593
3.15234375 0.568578008125105
3.152587890625 -0.9129811622012015
3.15283203125 -2.270481992087643
3.153076171875 -2.742784525775325
3.1533203125 -1.835010439506611
3.153564453125 -0.3886804406078944
3.15380859375 0.1420500406118282
3.154052734375 -0.4207726608813399
3.154296875 -0.8172471779400166
3.154541015625 -0.3183424090807253
3.15478515625 0.3094960986725403
3.155029296875 0.3221916930556828
3.1552734375 0.2013249149550594
3.155517578125 0.4344983243513451
3.15576171875 0.294807117779238
3.156005859375 -0.8894808123304275
3.15625 -2.15935119829644
3.156494140625 -2.024903962747001
3.15673828125 -0.5358089060644843
3.156982421875 0.9927165349809505
3.1572265625 1.709207904322372
3.157470703125 1.527768913312184
3.15771484375 0.5428905163990683
3.157958984375 -0.5192575828033349
3.158203125 -0.2515871387638382
3.158447265625 1.400254670645819
3.15869140625 2.126675655435213
3.158935546875 0.3149650701347103
3.1591796875 -1.947603178715047
3.159423828125 -1.550562943883269
3.15966796875 0.7427052323895632
3.159912109375 1.282820792913339
3.16015625 -0.7257639723978354
3.160400390625 -2.036325432312567
3.16064453125 -0.6412120117006884
3.160888671875 1.265601026031161
3.1611328125 1.180173897712771
3.161376953125 0.05941478038153203
3.16162109375 0.01976379834885664
3.161865234375 0.7294033209040974
3.162109375 0.6048020317196299
3.162353515625 -0.1743013415460296
3.16259765625 -0.3788043524294867
3.162841796875 -0.2297466393138771
3.1630859375 -0.7736833918311765
3.163330078125 -1.554527372694859
3.16357421875 -1.149417638731754
3.163818359375 0.3594094966925339
3.1640625 1.375114930784542
3.164306640625 1.109495546631533
3.16455078125 0.3416759636788619
3.164794921875 -0.1111608012000344
3.1650390625 -0.3811645604755966
3.165283203125 -0.8867972563323379
3.16552734375 -1.542990735948802
3.165771484375 -1.753662176175435
3.166015625 -0.9239977032052042
3.166259765625 0.6863694869596946
3.16650390625 1.625548729254883
3.166748046875 0.7001564589605144
3.1669921875 -1.108471033710537
3.167236328125 -1.519579253393059
3.16748046875 -0.1113017296147053
3.167724609375 1.048714669770371
3.16796875 0.6497266733165251
3.168212890625 0.1262914086272366
3.16845703125 1.079706249108074
3.168701171875 2.436119478708316
3.1689453125 2.045158455168611
3.169189453125 -0.002186758590221132
3.16943359375 -1.548793693282327
3.169677734375 -1.279948740373844
3.169921875 0.1052844580426005
3.170166015625 1.258313648563607
3.17041015625 1.484839781611801
3.170654296875 0.9547237269222596
3.1708984375 0.4307374563492034
3.171142578125 0.4661184438434491
3.17138671875 0.5831170708810072
3.171630859375 0.02212206180567337
3.171875 -0.7097422841712349
3.172119140625 -0.4822954638054878
3.17236328125 0.2420869817690108
3.172607421875 -0.07306106088880908
3.1728515625 -1.00615756046301
3.173095703125 -0.3810907496425421
3.17333984375 1.628045895438954
3.173583984375 1.77498556986856
3.173828125 -1.146876110743494
3.174072265625 -3.684164699470874
3.17431640625 -2.739506143525301
3.174560546875 -0.2429188486641625
3.1748046875 0.311270170028044
3.175048828125 -0.6718386058504853
3.17529296875 -0.5722980928349923
3.175537109375 0.5062433187114399
3.17578125 0.5897366613201943
3.176025390625 -0.003052037715544265
3.17626953125 0.4036420010207004
3.176513671875 0.9721261604772474
3.1767578125 -0.1910478335085642
3.177001953125 -1.617512064788713
3.17724609375 -0.2013119858386972
3.177490234375 3.05620783546032
3.177734375 3.890037676995598
3.177978515625 1.557075927373008
3.17822265625 -0.1202234459082474
3.178466796875 0.7366193087735347
3.1787109375 1.407913093237669
3.178955078125 -0.1081073259091286
3.17919921875 -1.787901302500527
3.179443359375 -1.693069839203248
3.1796875 -1.19334907519859
3.179931640625 -1.576806948090318
3.18017578125 -1.177867092189181
3.180419921875 1.259712558822008
3.1806640625 3.502415508247312
3.180908203125 3.061894365140508
3.18115234375 0.9475787727791902
3.181396484375 -0.517608496507586
3.181640625 -1.234002044776593
3.181884765625 -2.041834240553499
3.18212890625 -2.227941005451356
3.182373046875 -1.085349911829247
3.1826171875 0.06737013767150603
3.182861328125 0.07052783837223685
3.18310546875 0.1337753059870402
3.183349609375 1.277648231320896
3.18359375 1.777222138831399
3.183837890625 0.1369822662460717
3.18408203125 -1.535145398776984
3.184326171875 -0.6047292569131619
3.1845703125 1.435114933507193
3.184814453125 1.248402493126678
3.18505859375 -0.7196987519007431
3.185302734375 -1.113429839590944
3.185546875 0.457737354493165
3.185791015625 0.8234272655611706
3.18603515625 -1.133109923808013
3.186279296875 -2.453363596241703
3.1865234375 -0.9815333725734244
3.186767578125 1.210366184922493
3.18701171875 1.14159427058558
3.187255859375 -0.8516556942807512
3.1875 -2.130100488691042
3.187744140625 -1.306282523700273
3.18798828125 0.7827496779906449
3.188232421875 2.422544717801211
3.1884765625 2.207147570664227
3.188720703125 0.03029085324997241
3.18896484375 -2.21479740829056
3.189208984375 -2.104418588677142
3.189453125 0.3171425176615738
3.189697265625 2.175704508568633
3.18994140625 1.228206997349376
3.190185546875 -1.451914206575464
3.1904296875 -3.108088008775631
3.190673828125 -2.519984231192773
3.19091796875 -0.6299328586322441
3.191162109375 1.05802154308371
3.19140625 1.587318877693699
3.191650390625 0.7414886922872805
3.19189453125 -0.772114990990328
3.192138671875 -1.641065152255377
3.1923828125 -1.203639157902993
3.192626953125 -0.1258646256129788
3.19287109375 0.5842837163155692
3.193115234375 0.6746860700875073
3.193359375 0.310432221131846
3.193603515625 -0.5528136294777691
3.19384765625 -1.654932334825505
3.194091796875 -1.98594675096702
3.1943359375 -0.9211540635117295
3.194580078125 0.5857280096371525
3.19482421875 1.049227694500827
3.195068359375 0.5096058207940812
3.1953125 0.3550942246518494
3.195556640625 1.015493856493947
3.19580078125 1.191654541029187
3.196044921875 0.04059259895403727
3.1962890625 -1.074649508180694
3.196533203125 -0.3265739608606589
3.19677734375 1.661058203028692
3.197021484375 2.235902889101772
3.197265625 0.2578653238217419
3.197509765625 -2.233668977339838
3.19775390625 -2.678746436301148
3.197998046875 -1.183099352668202
3.1982421875 0.1564471236510901
3.198486328125 0.3341629098765567
3.19873046875 0.2490634810291377
3.198974609375 0.6146885729164797
3.19921875 0.7803540639628918
3.199462890625 0.199374763479139
3.19970703125 -0.3083922587485425
3.199951171875 0.2263947879073189
3.2001953125 1.272170702837009
3.200439453125 1.434733580439386
3.20068359375 0.3780891940389353
3.200927734375 -0.8012177880540804
3.201171875 -1.054677319339282
3.201416015625 -0.5832492684909454
3.20166015625 -0.4229148182964217
3.201904296875 -1.092226746359842
3.2021484375 -1.785036261262236
3.202392578125 -1.120800584586388
3.20263671875 1.048311193796735
3.202880859375 2.973548102747288
3.203125 2.887424210496035
3.203369140625 1.286682686422132
3.20361328125 0.3049150628401034
3.203857421875 0.9130009551059899
3.2041015625 2.062515579820426
3.204345703125 2.709985546662035
3.20458984375 3.018220811030876
3.204833984375 2.993277605250605
3.205078125 1.785272630529371
3.205322265625 -0.4724632783725388
3.20556640625 -1.788647359292272
3.205810546875 -0.8797797567663047
3.2060546875 0.7359656151837548
3.206298828125 0.9894972779581285
3.20654296875 0.3720651319300358
3.206787109375 0.6652513952887267
3.20703125 1.553298922936302
3.207275390625 1.08466503962368
3.20751953125 -0.8521371034640416
3.207763671875 -2.154118533176808
3.2080078125 -1.79125637308025
3.208251953125 -1.022258709099868
3.20849609375 -0.8509025678694131
3.208740234375 -0.6322783866083073
3.208984375 -0.00100884791640109
3.209228515625 0.09215495155964182
3.20947265625 -0.572889038966503
3.209716796875 -0.4672272537514229
3.2099609375 1.190377455646132
3.210205078125 2.661624921531093
3.21044921875 2.058847233759145
3.210693359375 0.07800290368377172
3.2109375 -1.302287635841109
3.211181640625 -1.619454449183771
3.21142578125 -1.667953351867663
3.211669921875 -1.514160541672263
3.2119140625 -0.7321476289171651
3.212158203125 0.06200034215933308
3.21240234375 -0.1476150419046359
3.212646484375 -0.9496806566033041
3.212890625 -1.065446842773832
3.213134765625 -0.4793959182954944
3.21337890625 -0.3353126090459456
3.213623046875 -0.8955393570682185
3.2138671875 -1.307633214775935
3.214111328125 -1.346309078068521
3.21435546875 -1.649476321554896
3.214599609375 -2.091870609505931
3.21484375 -1.659143645802369
3.215087890625 -0.296820232915295
3.21533203125 0.7408490937919679
3.215576171875 0.8768800250074963
3.2158203125 1.013576467574647
3.216064453125 1.758819827868514
3.21630859375 2.329506244987507
3.216552734375 1.967752383074993
3.216796875 1.104380204164439
3.217041015625 0.3170340353134467
3.21728515625 -0.5802944714632705
3.217529296875 -1.561854026413023
3.2177734375 -1.82403306055196
3.218017578125 -1.217457317710612
3.21826171875 -0.9877944493935417
3.218505859375 -1.879413627603895
3.21875 -2.644831384659911
3.218994140625 -1.847494261885851
3.21923828125 -0.205215351245791
3.219482421875 0.4115087366424858
3.2197265625 -0.3300918065685598
3.219970703125 -1.041845586184471
3.22021484375 -0.6770076011470985
3.220458984375 0.5843759716856999
3.220703125 2.071605790951793
3.220947265625 2.916664994147247
3.22119140625 2.126921413684585
3.221435546875 -0.1466637183153642
3.2216796875 -1.868979042888888
3.221923828125 -1.311405802091211
3.22216796875 0.3303899165927586
3.222412109375 0.340446814507134
3.22265625 -1.594014779234402
3.222900390625 -2.861841974970412
3.22314453125 -1.614378547247136
3.223388671875 0.9777639158892623
3.2236328125 2.743357583056005
3.223876953125 2.964929276722932
3.22412109375 2.024231824092138
3.224365234375 0.3498778075777194
3.224609375 -1.183995050460283
3.224853515625 -1.313680925715123
3.22509765625 -0.09600471867765467
3.225341796875 0.6645092169417466
3.2255859375 -0.0896099814819996
3.225830078125 -0.9497129273537726
3.22607421875 -0.1833309240916287
3.226318359375 1.519491756992463
3.2265625 2.080225794904425
3.226806640625 1.019439692235733
3.22705078125 -0.3262700043427575
3.227294921875 -1.101257137279969
3.2275390625 -1.663578698584597
3.227783203125 -2.119509874644951
3.22802734375 -1.839368473812474
3.228271484375 -0.7677714318011074
3.228515625 0.1619089544847743
3.228759765625 0.4228298096730219
3.22900390625 0.614415748081993
3.229248046875 1.232355956663946
3.2294921875 1.644469401897356
3.229736328125 1.035715019239094
3.22998046875 -0.1972067031666781
3.230224609375 -0.7809635859884961
3.23046875 -0.1548054355427266
3.230712890625 0.8428798367673074
3.23095703125 0.9867188239956476
3.231201171875 0.05246545627924745
3.2314453125 -1.031950679751821
3.231689453125 -1.314106741879712
3.23193359375 -0.7699597626066226
3.232177734375 -0.03803203129242368
3.232421875 0.3595744756897505
3.232666015625 0.1614019945294566
3.23291015625 -0.765935213495777
3.233154296875 -1.953454037736405
3.2333984375 -2.104243959719422
3.233642578125 -0.4421938393325872
3.23388671875 1.796988220220556
3.234130859375 2.486291672720559
3.234375 1.408785896837597
3.234619140625 0.5687995652258007
3.23486328125 1.236115192762927
3.235107421875 2.160661893242204
3.2353515625 1.654071798957071
3.235595703125 0.1266471173867547
3.23583984375 -0.7395613975154222
3.236083984375 -0.4117242666272333
3.236328125 0.2461088669246158
3.236572265625 0.5163560098136323
3.23681640625 0.3665118649032658
3.237060546875 -0.1067352880413172
3.2373046875 -0.6516514982427518
3.237548828125 -0.6211496617607584
3.23779296875 0.3100996602396134
3.238037109375 1.531764946646168
3.23828125 2.284231203368565
3.238525390625 2.459742063344999
3.23876953125 2.009058687367014
3.239013671875 0.5731224155381327
3.2392578125 -1.325505450370328
3.239501953125 -1.8468743257095
3.23974609375 0.03869814241770456
3.239990234375 2.836734772882171
3.240234375 4.271504476532983
3.240478515625 3.867700361368544
3.24072265625 2.488261228779609
3.240966796875 0.5107037724903969
3.2412109375 -1.735779386995563
3.241455078125 -2.862543859990358
3.24169921875 -2.017333285118334
3.241943359375 -0.8054980036241972
3.2421875 -1.238617792964635
3.242431640625 -2.412511159040503
3.24267578125 -1.868836047601921
3.242919921875 0.1925829872100185
3.2431640625 1.114409287755507
3.243408203125 0.2402327835365303
3.24365234375 -0.09829368635596028
3.243896484375 1.22383518344257
3.244140625 2.134127925947361
3.244384765625 0.9443708804881508
3.24462890625 -0.9004160584865242
3.244873046875 -1.46301799135233
3.2451171875 -1.312734619230474
3.245361328125 -1.785047812367509
3.24560546875 -2.175050187754931
3.245849609375 -1.023311998537295
3.24609375 1.01719458672157
3.246337890625 1.798912689656106
3.24658203125 0.5635788906257396
3.246826171875 -1.403299750664831
3.2470703125 -2.487681126092192
3.247314453125 -1.971526344940083
3.24755859375 -0.2708832297635789
3.247802734375 1.085770052357198
3.248046875 0.66277425655486
3.248291015625 -0.810040226275918
3.24853515625 -0.8131034441425334
3.248779296875 1.487350137951607
3.2490234375 3.639444897306335
3.249267578125 3.178141521953923
3.24951171875 0.9765766748839362
3.249755859375 -0.4679958299172269
3.25 -0.732324538630149
3.250244140625 -1.251032607220068
3.25048828125 -2.353475790602867
3.250732421875 -2.933957964539549
3.2509765625 -2.708391346682943
3.251220703125 -2.52101910360245
3.25146484375 -2.382769843436403
3.251708984375 -1.274557102555315
3.251953125 0.7688608145656352
3.252197265625 2.170674973284163
3.25244140625 1.964696136406544
3.252685546875 1.049427768382316
3.2529296875 0.7277559811399111
3.253173828125 1.082757227321374
3.25341796875 1.333704862294925
3.253662109375 0.985498198044768
3.25390625 0.168804609066301
3.254150390625 -0.6439581055876448
3.25439453125 -1.032400483344859
3.254638671875 -1.037413894797388
3.2548828125 -1.057914346561058
3.255126953125 -1.113937764202647
3.25537109375 -0.7648973762241034
3.255615234375 -0.1635611416991918
3.255859375 -0.2864492426642548
3.256103515625 -1.328720280755281
3.25634765625 -1.913048613766269
3.256591796875 -1.115465050231995
3.2568359375 -0.2641906656372723
3.257080078125 -1.028121328925279
3.25732421875 -2.462909296354489
3.257568359375 -2.061272908627975
3.2578125 0.458734908134261
3.258056640625 2.595425017031082
3.25830078125 2.61100842202312
3.258544921875 1.595183417176423
3.2587890625 1.233755244301971
3.259033203125 1.34253226800149
3.25927734375 0.8571201499615263
3.259521484375 -0.03293030452470855
3.259765625 -0.245857256627354
3.260009765625 0.2714017391047894
3.26025390625 0.3223954153260215
3.260498046875 -0.7837368538549241
3.2607421875 -2.101642394534227
3.260986328125 -2.075380706916963
3.26123046875 -0.4915654949141828
3.261474609375 0.99872487310622
3.26171875 0.7043967170181356
3.261962890625 -0.8987042100822372
3.26220703125 -1.619605928674667
3.262451171875 -0.4984738009771371
3.2626953125 0.820804703713259
3.262939453125 0.5469575246335248
3.26318359375 -0.5599581038734296
3.263427734375 -0.4676295663006139
3.263671875 0.9290816112821342
3.263916015625 1.83239128023361
3.26416015625 1.527533431340547
3.264404296875 1.274497517298968
3.2646484375 1.907798104398456
3.264892578125 2.468856325017567
3.26513671875 1.925245088230104
3.265380859375 0.6177625631812875
3.265625 -0.8039082071793943
3.265869140625 -2.353245583947368
3.26611328125 -3.675919344090111
3.266357421875 -3.563496051823121
3.2666015625 -1.791478720453673
3.266845703125 -0.2337469414761378
3.26708984375 -0.6644535333207161
3.267333984375 -2.271933156608992
3.267578125 -2.782213899582226
3.267822265625 -1.415685424962456
3.26806640625 0.6890410151588269
3.268310546875 2.432492650898659
3.2685546875 3.503938561208892
3.268798828125 3.436338556858253
3.26904296875 1.7543785405328
3.269287109375 -0.5529105372679579
3.26953125 -1.332308729739957
3.269775390625 0.07461219806563681
3.27001953125 1.647639220541314
3.270263671875 1.261965577590547
3.2705078125 -0.4036258694834448
3.270751953125 -0.903566066048518
3.27099609375 0.435011703414515
3.271240234375 1.636120968809822
3.271484375 1.037706862070734
3.271728515625 -0.4277810855311599
3.27197265625 -0.9111999126164192
3.272216796875 -0.3897320276570458
3.2724609375 -0.1760865922875794
3.272705078125 -0.3844515078491276
3.27294921875 0.1341699133872245
3.273193359375 1.314379458311697
3.2734375 1.453383896838258
3.273681640625 0.01598045768067587
3.27392578125 -1.104584706803753
3.274169921875 -0.4725186163615664
3.2744140625 0.4637951265327626
3.274658203125 -0.2826302814689873
3.27490234375 -1.805936230502647
3.275146484375 -1.616393809033394
3.275390625 0.3334057249945031
3.275634765625 1.58040462053246
3.27587890625 1.092729061033886
3.276123046875 0.6227350445924287
3.2763671875 1.4605626868168
3.276611328125 2.294356546855389
3.27685546875 1.607393838951626
3.277099609375 0.2235268427434667
3.27734375 -0.2212086196919136
3.277587890625 0.09304247099910636
3.27783203125 -0.09968965998400463
3.278076171875 -0.7673331835431402
3.2783203125 -0.8577219126378438
3.278564453125 -0.4920669726030235
3.27880859375 -0.9198107678677104
3.279052734375 -2.116866673100565
3.279296875 -2.178182707583123
3.279541015625 0.06129163588406118
3.27978515625 2.940361085193842
3.280029296875 3.677434093870706
3.2802734375 1.766506437603441
3.280517578125 -0.4603621910851009
3.28076171875 -0.8271006695706963
3.281005859375 0.1782267073354304
3.28125 0.6529701265086106
3.281494140625 0.2026521853487709
3.28173828125 0.1066511122800765
3.281982421875 0.70405503239328
3.2822265625 0.5679186009465224
3.282470703125 -0.8552408053987391
3.28271484375 -1.62258689494617
3.282958984375 -0.032918424615833
3.283203125 2.324079868808413
3.283447265625 2.465233208419992
3.28369140625 0.2796231878992711
3.283935546875 -1.434134895450138
3.2841796875 -0.9776188371588022
3.284423828125 0.5398288059472673
3.28466796875 1.596751083075265
3.284912109375 1.960911878775899
3.28515625 1.542885016200052
3.285400390625 -0.06208523650579308
3.28564453125 -2.055375443733507
3.285888671875 -2.645700412927161
3.2861328125 -1.742681077845948
3.286376953125 -1.340654940665017
3.28662109375 -2.214766652579804
3.286865234375 -2.509814025186432
3.287109375 -0.9279060636349095
3.287353515625 1.02516506984188
3.28759765625 1.680954462065255
3.287841796875 1.814384899570571
3.2880859375 2.526527143616914
3.288330078125 2.692567539945616
3.28857421875 1.082082698981312
3.288818359375 -0.8154199986644615
3.2890625 -1.001332821298406
3.289306640625 -0.5664860294306001
3.28955078125 -1.885246778761426
3.289794921875 -4.165579776531025
3.2900390625 -4.224656866175906
3.290283203125 -1.472683268296507
3.29052734375 1.125491058624959
3.290771484375 1.373130914491602
3.291015625 0.2716486930137123
3.291259765625 -0.379656573371225
3.29150390625 -0.2190381471113982
3.291748046875 0.5019115839540171
3.2919921875 1.614631928403123
3.292236328125 2.161266427242006
3.29248046875 0.9957335161445867
3.292724609375 -0.9863494276645597
3.29296875 -1.3097244418227
3.293212890625 0.564963864738575
3.29345703125 2.217708265576892
3.293701171875 1.688582372029731
3.2939453125 -0.04125414364899766
3.294189453125 -1.04369340732831
3.29443359375 -1.031414406019698
3.294677734375 -0.6998187064475595
3.294921875 -0.1830614218349582
3.295166015625 0.4107191756699813
3.29541015625 0.3024334928834226
3.295654296875 -0.7118080797769778
3.2958984375 -1.417919901154451
3.296142578125 -0.8431301183816519
3.29638671875 0.2028819910371491
3.296630859375 0.3509385667943563
3.296875 -0.4670998776312226
3.297119140625 -1.355060647399158
3.29736328125 -1.744590399253428
3.297607421875 -1.468764831935083
3.2978515625 -0.480171660215516
3.298095703125 0.6675955179841047
3.29833984375 0.9804244053283365
3.298583984375 0.3725807851100498
3.298828125 -0.1552341631430211
3.299072265625 -0.2241396462655662
3.29931640625 -0.6116833807260471
3.299560546875 -1.423713268144968
3.2998046875 -1.391045201325747
3.300048828125 -0.02765998261566995
3.30029296875 1.169162998959694
3.300537109375 0.9716852754138177
3.30078125 0.265510012301279
3.301025390625 0.1890242967109488
3.30126953125 0.1273957568495784
3.301513671875 -0.6312109745436156
3.3017578125 -0.908687849724643
3.302001953125 0.41153807540778
3.30224609375 1.816847535644448
3.302490234375 1.173289086176008
3.302734375 -0.6471944425496664
3.302978515625 -0.944391077731774
3.30322265625 0.5506390177915887
3.303466796875 1.509253082715993
3.3037109375 0.9771497362609735
3.303955078125 0.5031629496224563
3.30419921875 0.8701601776799415
3.304443359375 0.6336611571486587
3.3046875 -1.026809803692738
3.304931640625 -2.523194388540472
3.30517578125 -2.316792265338066
3.305419921875 -1.12236364933511
3.3056640625 -0.268578273030528
3.305908203125 0.2656440772607193
3.30615234375 0.6832285561963769
3.306396484375 0.1088065444179526
3.306640625 -1.565812604781809
3.306884765625 -2.133228620559948
3.30712890625 0.2367615843766621
3.307373046875 3.653612699576139
3.3076171875 4.398079527101594
3.307861328125 1.962223052434978
3.30810546875 -0.2556742069614854
3.308349609375 0.2538486555787239
3.30859375 1.87037981357592
3.308837890625 1.575602166229772
3.30908203125 -0.7681426996183802
3.309326171875 -2.606162268993946
3.3095703125 -2.346383832071709
3.309814453125 -1.017901435821992
3.31005859375 -0.2827308403908756
3.310302734375 -0.3503117342761033
3.310546875 -0.4715610629917016
3.310791015625 -0.3657886158509093
3.31103515625 -0.1766396374454816
3.311279296875 0.3175394449752477
3.3115234375 1.297577816719466
3.311767578125 1.977673949037206
3.31201171875 1.324101439248546
3.312255859375 -0.1880987408471752
3.3125 -0.8139880962486759
3.312744140625 -0.04500016515272804
3.31298828125 0.3944903394857807
3.313232421875 -0.9214397698554779
3.3134765625 -2.651714389882781
3.313720703125 -2.327623483227635
3.31396484375 -0.0041837925224175
3.314208984375 1.535265909764389
3.314453125 0.5296652513428772
3.314697265625 -1.399427702855168
3.31494140625 -1.545316642242327
3.315185546875 0.3200688933562011
3.3154296875 1.915440446992048
3.315673828125 1.523792023858327
3.31591796875 -0.1457491159924821
3.316162109375 -1.299017149268917
3.31640625 -1.239280008178727
3.316650390625 -0.5733847233547597
3.31689453125 0.1717249082826337
3.317138671875 1.102127969578373
3.3173828125 1.98387747708806
3.317626953125 1.741826324987992
3.31787109375 -0.1619711390820003
3.318115234375 -2.373898417475073
3.318359375 -2.926425224597964
3.318603515625 -1.850605380976641
3.31884765625 -1.120554185333552
3.319091796875 -1.59323956282089
3.3193359375 -1.5989781636227
3.319580078125 0.3127512685200792
3.31982421875 2.652744507190625
3.320068359375 2.824159211156446
3.3203125 0.8730958707036657
3.320556640625 -0.6437162779251757
3.32080078125 -0.337947310410109
3.321044921875 0.4963979603182627
3.3212890625 0.3128157035469369
3.321533203125 -0.6408809975531728
3.32177734375 -1.341464706150354
3.322021484375 -1.414505021800846
3.322265625 -0.7439076070972558
3.322509765625 0.8662605082029381
3.32275390625 2.731412157973662
3.322998046875 3.349908431249776
3.3232421875 2.422005542964912
3.323486328125 1.518804494930761
3.32373046875 1.723365769043426
3.323974609375 2.044929579694442
3.32421875 1.453567349378291
3.324462890625 0.8865444277757141
3.32470703125 1.372673498424093
3.324951171875 1.608053519152746
3.3251953125 -0.1082148257064246
3.325439453125 -2.463398429368098
3.32568359375 -2.586833848251298
3.325927734375 -0.6523562463671618
3.326171875 0.1347632699184304
3.326416015625 -1.359518347910871
3.32666015625 -2.349434961565984
3.326904296875 -0.7611843661215839
3.3271484375 1.309440174675391
3.327392578125 1.059940264762407
3.32763671875 -0.5057831571966396
3.327880859375 -0.4723047686326083
3.328125 1.154265005125762
3.328369140625 1.768401684773844
3.32861328125 0.5932862491467673
3.328857421875 -0.4977736177302144
3.3291015625 -0.5671246032519093
3.329345703125 -0.8062248330399362
3.32958984375 -1.51093679471746
3.329833984375 -0.9342339378794212
3.330078125 1.491674978422854
3.330322265625 3.417754385313513
3.33056640625 2.87769808739642
3.330810546875 1.221744342354874
3.3310546875 0.7679246039033906
3.331298828125 1.315086835506526
3.33154296875 1.21231054199786
3.331787109375 0.4170708471174659
3.33203125 0.006299863508937702
3.332275390625 -0.2706513372477214
3.33251953125 -1.288785010502398
3.332763671875 -2.098600334027904
3.3330078125 -1.016491675728129
3.333251953125 1.057238048467764
3.33349609375 1.337757885694633
3.333740234375 -0.5146809259069826
3.333984375 -1.673667447111174
3.334228515625 -0.6152998434888759
3.33447265625 0.5261685998005968
3.334716796875 -0.3688410876979198
3.3349609375 -1.845700101968647
3.335205078125 -1.255490796695633
3.33544921875 0.9502719195568576
3.335693359375 1.861848500031855
3.3359375 0.386329284407821
3.336181640625 -1.437570893564625
3.33642578125 -1.50637097129841
3.336669921875 -0.2517076992244048
3.3369140625 0.4332284708108533
3.337158203125 -0.1892818740383317
3.33740234375 -0.9585693207412598
3.337646484375 -0.5110753523849888
3.337890625 0.76767274609081
3.338134765625 1.006912345269917
3.33837890625 -0.6667594238202104
3.338623046875 -2.603797928288874
3.3388671875 -2.613405342874612
3.339111328125 -1.028246299724024
3.33935546875 -0.2373331873392573
3.339599609375 -1.152274246323238
3.33984375 -1.99220731288725
3.340087890625 -1.185037354819662
3.34033203125 0.3441703076097448
3.340576171875 0.8878797259675321
3.3408203125 0.4472975499914592
3.341064453125 0.1614242292858679
3.34130859375 0.3811915913811227
3.341552734375 0.6503663965828647
3.341796875 0.757987418623659
3.342041015625 0.6635507612367207
3.34228515625 0.1436670477997869
3.342529296875 -0.5520714425708424
3.3427734375 -0.5692115793878921
3.343017578125 0.2087635583382974
3.34326171875 0.7390424511982219
3.343505859375 0.5113005440080215
3.34375 0.3481906672558788
3.343994140625 0.6728627515753663
3.34423828125 0.5966454652588726
3.344482421875 -0.1633136793744599
3.3447265625 -0.2982843058131172
3.344970703125 0.6951251722833306
3.34521484375 1.080397256990752
3.345458984375 -0.2786540281948593
3.345703125 -1.588731876066557
3.345947265625 -0.9544312280655354
3.34619140625 0.2941311625807087
3.346435546875 -0.1448309074891092
3.3466796875 -1.551238171092703
3.346923828125 -1.59939960626057
3.34716796875 -0.5570234747945123
3.347412109375 -0.6173860811676263
3.34765625 -1.765597342988595
3.347900390625 -1.874326905813834
3.34814453125 -0.6516367070575889
3.348388671875 0.03227431518629742
3.3486328125 -0.2031567654635154
3.348876953125 0.2029884394182132
3.34912109375 1.216201018551101
3.349365234375 0.7782321507696728
3.349609375 -1.30844403328222
3.349853515625 -2.448779334401016
3.35009765625 -1.306125274866555
3.350341796875 0.3063160778651941
3.3505859375 0.7529070413750586
3.350830078125 0.7795167344407439
3.35107421875 1.07586803850546
3.351318359375 0.6387360036728145
3.3515625 -0.7671505811327058
3.351806640625 -1.245178891174315
3.35205078125 0.2650346653182429
3.352294921875 1.971731362088929
3.3525390625 1.93568619302116
3.352783203125 0.6913114872660854
3.35302734375 -0.3407535746916634
3.353271484375 -0.8554543838567455
3.353515625 -0.6351685751853288
3.353759765625 1.040530127806635
3.35400390625 3.271877746707439
3.354248046875 3.29554303666192
3.3544921875 0.3415033204182478
3.354736328125 -2.53585988138085
3.35498046875 -2.518707830778423
3.355224609375 -0.7401400332243181
3.35546875 0.1128909103433799
3.355712890625 -0.3264699279640556
3.35595703125 -0.8813018743737822
3.356201171875 -1.330402381730913
3.3564453125 -1.726132640613476
3.356689453125 -1.207836695321153
3.35693359375 0.1210171540699236
3.357177734375 0.1746866852378606
3.357421875 -1.808110400482511
3.357666015625 -3.159629545530571
3.35791015625 -1.720309203641645
3.358154296875 0.4657794711947482
3.3583984375 0.6200336953581042
3.358642578125 0.08895132391330919
3.35888671875 1.815996828371297
3.359130859375 4.773579864154502
3.359375 5.344073988083132
3.359619140625 3.251185588165772
3.35986328125 1.674624284271479
3.360107421875 1.82106206870979
3.3603515625 1.6569024732192
3.360595703125 0.1696876961998145
3.36083984375 -1.112535666851828
3.361083984375 -1.29643781407682
3.361328125 -1.179642218979771
3.361572265625 -0.728401736211704
3.36181640625 0.8950518801351431
3.362060546875 2.364478432849415
3.3623046875 1.097181372188236
3.362548828125 -2.062443114347935
3.36279296875 -2.96610504114182
3.363037109375 -0.2544153877510628
3.36328125 2.426710695612677
3.363525390625 1.973793659179254
3.36376953125 -0.01448970347172008
3.364013671875 -0.7218206074584805
3.3642578125 -0.3517346874805753
3.364501953125 -0.238038142219457
3.36474609375 0.3188021260858206
3.364990234375 2.172404163807193
3.365234375 3.485200539631374
3.365478515625 2.096579189217228
3.36572265625 -0.6128930861482338
3.365966796875 -1.346438841436582
3.3662109375 0.3558855429823112
3.366455078125 1.796723471440428
3.36669921875 1.266797989820559
3.366943359375 -0.01059200158738852
3.3671875 -0.2902172583301219
3.367431640625 0.3800095705546542
3.36767578125 0.8522686833449749
3.367919921875 0.543274924277183
3.3681640625 -0.2485811477111158
3.368408203125 -0.9951787786029928
3.36865234375 -1.43550905922799
3.368896484375 -1.610682695716852
3.369140625 -1.563997802651129
3.369384765625 -1.171867380902895
3.36962890625 -0.4986511189936781
3.369873046875 -7.508473347262907e-06
3.3701171875 0.1189526695653531
3.370361328125 0.2556514947541219
3.37060546875 0.4117911674653579
3.370849609375 -0.2932946510033138
3.37109375 -1.865730833116985
3.371337890625 -2.316510616797983
3.37158203125 -0.4060523119106018
3.371826171875 1.4543164726147
3.3720703125 0.06879750914854223
3.372314453125 -3.110633922678719
3.37255859375 -3.163900238392899
3.372802734375 0.9677784760673973
3.373046875 4.320596510887955
3.373291015625 2.991425461969089
3.37353515625 -0.2994644801089741
3.373779296875 -0.6849260216495783
3.3740234375 1.766331787972086
3.374267578125 3.140533058951632
3.37451171875 1.943343676904909
3.374755859375 0.3231310759410933
3.375 -0.1803721827552517
3.375244140625 -0.4422973331459852
3.37548828125 -1.209992444188396
3.375732421875 -1.753828343952244
3.3759765625 -1.606461792424642
3.376220703125 -1.434470408905701
3.37646484375 -1.665001399563301
3.376708984375 -1.899166397985038
3.376953125 -1.915778208342797
3.377197265625 -1.836681735931976
3.37744140625 -1.329684999420881
3.377685546875 -0.01832020334002602
3.3779296875 1.474842520767442
3.378173828125 2.153744697148232
3.37841796875 1.959083329062193
3.378662109375 1.310663582239636
3.37890625 0.1378799036344921
3.379150390625 -1.240245560053425
3.37939453125 -1.38516495530987
3.379638671875 0.1986170557085691
3.3798828125 1.360240414461232
3.380126953125 0.01536640792902218
3.38037109375 -2.356898571885623
3.380615234375 -2.662431195340469
3.380859375 -0.9537359849953549
3.381103515625 -0.1029371656050225
3.38134765625 -0.9868188337753914
3.381591796875 -1.490269438820748
3.3818359375 -0.669042647075017
3.382080078125 -0.2757055099658141
3.38232421875 -1.070319367907501
3.382568359375 -1.122511379020258
3.3828125 0.4994134794259512
3.383056640625 1.572271327398619
3.38330078125 0.4940196228414727
3.383544921875 -0.6324154120669515
3.3837890625 0.5791823189735389
3.384033203125 2.631363856518358
3.38427734375 2.516414168394518
3.384521484375 0.5753040170478565
3.384765625 -0.3076273345774567
3.385009765625 0.6414554135314406
3.38525390625 1.503103261753166
3.385498046875 1.305252241467571
3.3857421875 1.071588699551536
3.385986328125 1.08052063959965
3.38623046875 0.04819445104918631
3.386474609375 -2.191122900852697
3.38671875 -3.665000206283665
3.386962890625 -3.008397194590814
3.38720703125 -1.310740626310694
3.387451171875 -0.160180900213178
3.3876953125 0.4628344812339549
3.387939453125 1.169959261021432
3.38818359375 1.545623649469355
3.388427734375 0.9708103134310123
3.388671875 0.0298811338097528
3.388916015625 -0.3064862917169588
3.38916015625 -0.214426428595481
3.389404296875 -0.4653503348740074
3.3896484375 -0.8983259577860601
3.389892578125 -0.7627503252210596
3.39013671875 -0.2655075947421677
3.390380859375 -0.3918449659572668
3.390625 -1.14396140574974
3.390869140625 -1.291760722435273
3.39111328125 -0.3162809132598261
3.391357421875 0.5462603318932383
3.3916015625 0.03050710008412607
3.391845703125 -1.159193793276101
3.39208984375 -1.160057598028394
3.392333984375 0.4979357308736428
3.392578125 2.235706983956848
3.392822265625 2.508680011101876
3.39306640625 1.619593504341595
3.393310546875 0.9139713530847915
3.3935546875 0.8511600208174075
3.393798828125 0.7128106415336271
3.39404296875 0.002026883226122509
3.394287109375 -0.6978387035285729
3.39453125 -0.4789053830299637
3.394775390625 0.6981899433568245
3.39501953125 1.788146677328591
3.395263671875 1.578030596187936
3.3955078125 -0.04029083623416954
3.395751953125 -1.643656818409373
3.39599609375 -1.597193262375602
3.396240234375 -0.1115548809441807
3.396484375 0.7133488929381928
3.396728515625 -0.4067759472394245
3.39697265625 -1.979656357690946
3.397216796875 -1.70510735163821
3.3974609375 0.200073534754809
3.397705078125 1.378930869209104
3.39794921875 0.8712632941784288
3.398193359375 0.1865801794809908
3.3984375 0.390336863681669
3.398681640625 0.3495574506230061
3.39892578125 -0.9029838121851349
3.399169921875 -2.061428978975298
3.3994140625 -1.643988929274373
3.399658203125 -0.672999546041901
3.39990234375 -1.055896994927717
3.400146484375 -2.28390728160226
3.400390625 -2.130931564121949
3.400634765625 -0.2083879895324686
3.40087890625 1.501894192554404
3.401123046875 1.637676117891671
3.4013671875 0.8470772504081312
3.401611328125 0.06961834007539225
3.40185546875 -0.4640337363063334
3.402099609375 -0.2473565232483159
3.40234375 1.26930387069034
3.402587890625 2.898933219524026
3.40283203125 2.447807877553888
3.403076171875 0.1585211643155376
3.4033203125 -0.8589996222965681
3.403564453125 0.9672580832052473
3.40380859375 3.019165603041589
3.404052734375 2.207055849729876
3.404296875 -0.4858059155932087
3.404541015625 -1.661887926877666
3.40478515625 -0.5171406018530267
3.405029296875 0.574394668493314
3.4052734375 0.06546655589704285
3.405517578125 -0.8875832082171101
3.40576171875 -0.8822986547453796
3.406005859375 -0.2809177195113604
3.40625 0.06166621688654265
3.406494140625 0.2910603386723914
3.40673828125 0.74658286047331
3.406982421875 0.9664451966689731
3.4072265625 0.5601201296734402
3.407470703125 0.192615935924279
3.40771484375 0.7383833782124345
3.407958984375 1.979417416511988
3.408203125 2.824135611177279
3.408447265625 2.427496358321112
3.40869140625 0.7554723752378142
3.408935546875 -1.347794194105628
3.4091796875 -2.350985634844416
3.409423828125 -1.184562262893033
3.40966796875 1.178513773162842
3.409912109375 2.146643029618728
3.41015625 0.445793273617092
3.410400390625 -2.006887664679525
3.41064453125 -2.324058453519484
3.410888671875 -0.399274060096649
3.4111328125 0.9625325871503919
3.411376953125 -0.1191401659955827
3.41162109375 -2.036004792994911
3.411865234375 -1.912567264577074
3.412109375 0.5105755489623179
3.412353515625 2.629105679205452
3.41259765625 2.474892823188288
3.412841796875 1.017139331342424
3.4130859375 0.3749254931527555
3.413330078125 0.8836572782305779
3.41357421875 1.110122787936042
3.413818359375 0.2397110520611422
3.4140625 -0.8794068592136413
3.414306640625 -1.09524787990206
3.41455078125 -0.250647135655416
3.414794921875 1.075977024403945
3.4150390625 2.154714987647779
3.415283203125 2.205206458285616
3.41552734375 0.9453951874422817
3.415771484375 -0.6207959142867409
3.416015625 -1.030890745805367
3.416259765625 -0.3724757082254916
3.41650390625 -0.2201342498335887
3.416748046875 -1.031170958918743
3.4169921875 -1.215757077121827
3.417236328125 0.08372222372859094
3.41748046875 0.9857610661743933
3.417724609375 -0.4427333489552909
3.41796875 -2.735110387018526
3.418212890625 -2.730655918772519
3.41845703125 -0.2536201353479777
3.418701171875 1.489532492377902
3.4189453125 0.4351304006823436
3.419189453125 -1.771098877276332
3.41943359375 -2.491077877879266
3.419677734375 -1.395803955210468
3.419921875 0.002051408839074426
3.420166015625 0.5493088555578612
3.42041015625 0.05449092445563706
3.420654296875 -1.100161449311707
3.4208984375 -1.916513101869767
3.421142578125 -1.375260098983272
3.42138671875 0.04762166328611293
3.421630859375 0.5020323909942662
3.421875 -0.7549941734781388
3.422119140625 -2.148804903291139
3.42236328125 -2.04849787428405
3.422607421875 -1.049183847773841
3.4228515625 -0.7207822086245642
3.423095703125 -1.112698264858804
3.42333984375 -1.047881610778951
3.423583984375 -0.2366885736523052
3.423828125 0.4852526620915611
3.424072265625 0.7237723470385526
3.42431640625 0.9072150041185586
3.424560546875 1.197909030830401
3.4248046875 1.24244623478976
3.425048828125 0.9888868568024604
3.42529296875 0.7049387650193174
3.425537109375 0.2400540949048343
3.42578125 -0.7087957980604627
3.426025390625 -1.64257112521616
3.42626953125 -1.634280938842152
3.426513671875 -0.7563115660068882
3.4267578125 -0.1488780003540094
3.427001953125 -0.4489859640835654
3.42724609375 -1.015775522655949
3.427490234375 -1.014387743739581
3.427734375 -0.5317305052367018
3.427978515625 -0.2125521025103502
3.42822265625 -0.2690524396946238
3.428466796875 -0.2411530321748869
3.4287109375 0.395485747104844
3.428955078125 1.467387400361277
3.42919921875 1.958930750900141
3.429443359375 1.000508741961265
3.4296875 -0.7899792826936386
3.429931640625 -1.583396382770991
3.43017578125 -0.5434549384036795
3.430419921875 0.8522667999772797
3.4306640625 0.5840167653830858
3.430908203125 -1.244126924959061
3.43115234375 -2.567293214353265
3.431396484375 -2.004639545156521
3.431640625 -0.2674251061622643
3.431884765625 1.084748467119353
3.43212890625 1.271101105327008
3.432373046875 0.5214346859216626
3.4326171875 -0.3782505548332409
3.432861328125 -0.4968900475251263
3.43310546875 0.5131246721062128
3.433349609375 1.826115549905246
3.43359375 2.191088252600815
3.433837890625 1.386310313962795
3.43408203125 0.3265032152698819
3.434326171875 -0.2081539464086145
3.4345703125 -0.1510238701906495
3.434814453125 0.4248087876097059
3.43505859375 1.375758741026339
3.435302734375 1.916108114454187
3.435546875 1.220578446418469
3.435791015625 -0.0854568270304327
3.43603515625 -0.3349721854253038
3.436279296875 0.7444067859642957
3.4365234375 1.378447112563417
3.436767578125 0.3970245691954765
3.43701171875 -0.8547778492276286
3.437255859375 -0.6027697682962814
3.4375 0.5315246843327082
3.437744140625 0.6197919889815993
3.43798828125 -0.349017308361086
3.438232421875 -0.495602235261441
3.4384765625 0.6902094375545328
3.438720703125 1.331440157470041
3.43896484375 0.1962764822387233
3.439208984375 -1.157606723737288
3.439453125 -0.7096450042789239
3.439697265625 0.8844322957524616
3.43994140625 1.303356327477736
3.440185546875 0.04823828819685868
3.4404296875 -1.042878880268907
3.440673828125 -0.7779289200794036
3.44091796875 -0.2086410248800812
3.441162109375 -0.5900727178981485
3.44140625 -1.355703298768736
3.441650390625 -1.309259407603331
3.44189453125 -0.6910338925298566
3.442138671875 -0.5765331271513712
3.4423828125 -0.8601851837884488
3.442626953125 -0.4309692802994993
3.44287109375 0.8070573343853125
3.443115234375 1.618563756549681
3.443359375 1.345449416606014
3.443603515625 0.7796274850476278
3.44384765625 0.7293899084449694
3.444091796875 0.9489260275946598
3.4443359375 1.049855076247455
3.444580078125 1.334404035585237
3.44482421875 2.01849049317913
3.445068359375 2.628311292391789
3.4453125 2.88082014268431
3.445556640625 3.165780412033849
3.44580078125 3.43272160035173
3.446044921875 2.769946960338635
3.4462890625 1.048495534494307
3.446533203125 -0.2597505249042888
3.44677734375 -0.1632937919427705
3.447021484375 0.1899637164479934
3.447265625 -0.4944543679075863
3.447509765625 -1.263468232545329
3.44775390625 -0.6056551330842608
3.447998046875 0.5139274541777769
3.4482421875 -0.01349717429165019
3.448486328125 -1.574226882538002
3.44873046875 -1.384126755445131
3.448974609375 0.8306256498944471
3.44921875 1.91540190853302
3.449462890625 0.1633777524511672
3.44970703125 -1.890993142860381
3.449951171875 -1.437747479342443
3.4501953125 0.3562885146184868
3.450439453125 0.5089329934147172
3.45068359375 -1.179907065776461
3.450927734375 -2.387012992236448
3.451171875 -1.996417654813886
3.451416015625 -0.9142207252310116
3.45166015625 0.2231858982865725
3.451904296875 1.572961185643572
3.4521484375 2.470350007997071
3.452392578125 1.693959790486671
3.45263671875 -0.3650206355465143
3.452880859375 -1.788311575686881
3.453125 -1.764272253917073
3.453369140625 -1.411159118931042
3.45361328125 -1.63292883389535
3.453857421875 -1.866535738452081
3.4541015625 -1.47988374420962
3.454345703125 -0.8762009542632418
3.45458984375 -0.5958771600212096
3.454833984375 -0.5916827708463375
3.455078125 -0.8230103748874668
3.455322265625 -1.301715403640073
3.45556640625 -1.310908855571748
3.455810546875 -0.1243807423949243
3.4560546875 1.190637740609498
3.456298828125 0.5528308359423516
3.45654296875 -1.902219202942069
3.456787109375 -3.365888350552033
3.45703125 -2.207161032843971
3.457275390625 -0.307060411045797
3.45751953125 -0.03822697526404011
3.457763671875 -0.7902274529783976
3.4580078125 -0.5692755421229552
3.458251953125 0.4436053716313457
3.45849609375 0.4859637510625957
3.458740234375 -0.4473647176750534
3.458984375 -0.5192340652479129
3.459228515625 0.8046905636288018
3.45947265625 1.939230401997444
3.459716796875 1.820276507204835
3.4599609375 1.222294609614471
3.460205078125 0.8703658028665218
3.46044921875 0.1986790474401507
3.460693359375 -1.113390804444123
3.4609375 -2.002698120830186
3.461181640625 -1.524315634796039
3.46142578125 -0.3089556495529958
3.461669921875 0.4675124077240951
3.4619140625 0.5855379868822641
3.462158203125 0.3979119785835473
3.46240234375 -0.05105615255810377
3.462646484375 -0.5816529744960053
3.462890625 -0.4822542216721835
3.463134765625 0.3945602784373651
3.46337890625 0.9180539084899302
3.463623046875 0.1511589912519818
3.4638671875 -1.13278792373591
3.464111328125 -1.539154298063179
3.46435546875 -1.0353205850239
3.464599609375 -0.5373756648950615
3.46484375 -0.02265057937259923
3.465087890625 1.287779885245732
3.46533203125 2.881955063047434
3.465576171875 2.889205432535259
3.4658203125 0.7744338630714888
3.466064453125 -1.324066153327811
3.46630859375 -1.1461391802265
3.466552734375 0.6641463835491588
3.466796875 1.472867843991112
3.467041015625 0.2595450409312155
3.46728515625 -1.197770115727604
3.467529296875 -1.059246598620331
3.4677734375 0.02132597488054171
3.468017578125 0.08773265223834674
3.46826171875 -1.198004470003239
3.468505859375 -2.201030317998102
3.46875 -1.714444443539505
3.468994140625 -0.3462912566076009
3.46923828125 0.7945871046078287
3.469482421875 1.486515621223644
3.4697265625 1.740596701160728
3.469970703125 0.9717592286465068
3.47021484375 -0.9258835208244215
3.470458984375 -2.473074476793704
3.470703125 -2.087864365165323
3.470947265625 -0.367695685193788
3.47119140625 0.571834768482991
3.471435546875 -0.02013400345838109
3.4716796875 -0.7779229923202284
3.471923828125 -0.5224137132904854
3.47216796875 0.1966766931170117
3.472412109375 0.3990019378092599
3.47265625 0.1756424791216122
3.472900390625 0.09055200910742961
3.47314453125 0.09488462536834087
3.473388671875 -0.1308966041916655
3.4736328125 -0.4826826042001209
3.473876953125 -0.7311710868702824
3.47412109375 -0.8569952960565496
3.474365234375 -0.644136760671701
3.474609375 0.265035759983062
3.474853515625 1.499979251137156
3.47509765625 2.058302008958313
3.475341796875 1.669411617935185
3.4755859375 1.035920194579716
3.475830078125 0.4076548221080959
3.47607421875 -0.6778528617415756
3.476318359375 -1.740564042324201
3.4765625 -1.258891406950825
3.476806640625 0.7438453367293276
3.47705078125 1.903820447367392
3.477294921875 0.8656478600909638
3.4775390625 -0.3827485771229361
3.477783203125 0.4043374395576133
3.47802734375 1.956424237554425
3.478271484375 1.522781537460038
3.478515625 -0.4317319807062612
3.478759765625 -0.791348331022681
3.47900390625 1.196071541770859
3.479248046875 2.737795996099614
3.4794921875 1.915424995746402
3.479736328125 0.317593114778874
3.47998046875 0.03948326803243704
3.480224609375 0.5665371859814956
3.48046875 0.3642396478296488
3.480712890625 -0.3001019986960494
3.48095703125 -0.09602337103493079
3.481201171875 0.9108290961696874
3.4814453125 1.366024726849541
3.481689453125 0.7290118402294614
3.48193359375 -0.1382466568411508
3.482177734375 -0.359695022594363
3.482421875 -0.06492355629331507
3.482666015625 0.01549642888839235
3.48291015625 -0.5174522455069925
3.483154296875 -1.242200369759556
3.4833984375 -1.344271907509077
3.483642578125 -0.6992368958955363
3.48388671875 -0.1655443896121537
3.484130859375 -0.2753474768270434
3.484375 -0.237362552615658
3.484619140625 0.7732028299073634
3.48486328125 1.987054053351922
3.485107421875 2.142596895828692
3.4853515625 1.644508120215245
3.485595703125 1.760886820051475
3.48583984375 2.090654394599306
3.486083984375 1.192030812865036
3.486328125 -0.3454512216041143
3.486572265625 -0.306567581875457
3.48681640625 1.149741990659662
3.487060546875 1.046563262862965
3.4873046875 -1.546039584712688
3.487548828125 -3.384309192399683
3.48779296875 -1.949502300354543
3.488037109375 0.4390195292745079
3.48828125 0.362846256462692
3.488525390625 -1.223031275619338
3.48876953125 -0.8934221759937363
3.489013671875 1.410112014126278
3.4892578125 2.45266257215882
3.489501953125 1.093859581740461
3.48974609375 -0.2917772956531905
3.489990234375 -0.07507062844280492
3.490234375 0.488096341075792
3.490478515625 0.2223298311587583
3.49072265625 -0.01677601794072823
3.490966796875 0.3898914328393357
3.4912109375 0.3435141555479514
3.491455078125 -0.6801243259062854
3.49169921875 -1.211919939863688
3.491943359375 -0.3134281763465253
3.4921875 0.5526118005469365
3.492431640625 -0.02273999775367389
3.49267578125 -0.897145482846411
3.492919921875 -0.3583120011211921
3.4931640625 0.8725732301194483
3.493408203125 0.8102295428195455
3.49365234375 -0.6364330684632669
3.493896484375 -1.829535467968197
3.494140625 -2.060962965707052
3.494384765625 -1.973246684522846
3.49462890625 -1.711761695819003
3.494873046875 -0.6721157113365097
3.4951171875 0.948849106182914
3.495361328125 2.094877364817374
3.49560546875 2.39989566118546
3.495849609375 2.287509850153799
3.49609375 1.642576104654676
3.496337890625 0.0755585262776181
3.49658203125 -1.518135727235093
3.496826171875 -1.580648713593231
3.4970703125 -0.3663522993744099
3.497314453125 0.135251171294508
3.49755859375 -0.7407504621270724
3.497802734375 -1.393610811363219
3.498046875 -0.9035877746242453
3.498291015625 -0.6988415582638409
3.49853515625 -1.796190079490347
3.498779296875 -2.449882120589522
3.4990234375 -0.760837880751704
3.499267578125 1.845791349330517
3.49951171875 2.319376677930942
3.499755859375 0.3443938864409913
3.5 -1.592637087229136
3.500244140625 -2.106920982088518
3.50048828125 -2.194897480504026
3.500732421875 -2.535712674046143
3.5009765625 -2.296903342924788
3.501220703125 -1.350375040256447
3.50146484375 -1.106434352906091
3.501708984375 -1.938987502330027
3.501953125 -2.030923380081481
3.502197265625 -0.2637539876215688
3.50244140625 1.745893816417837
3.502685546875 2.181953904831485
3.5029296875 1.735667886010288
3.503173828125 1.792392952095761
3.50341796875 1.632039067471067
3.503662109375 -0.08349926995244225
3.50390625 -2.276725672560278
3.504150390625 -2.694882613657146
3.50439453125 -1.550181265149499
3.504638671875 -1.124468514747027
3.5048828125 -1.905065368275665
3.505126953125 -1.921102858225948
3.50537109375 -0.2936137841431479
3.505615234375 1.223198129611765
3.505859375 1.114117797341205
3.506103515625 0.1901416745661407
3.50634765625 -0.345906378420957
3.506591796875 -0.8658435219871976
3.5068359375 -1.874245468348045
3.507080078125 -2.25935708892216
3.50732421875 -0.7521308403428101
3.507568359375 1.822996009766358
3.5078125 3.310379907401878
3.508056640625 2.732466057813518
3.50830078125 0.9270284558296898
3.508544921875 -0.8108299942464248
3.5087890625 -1.718863194058885
3.509033203125 -1.589786678539473
3.50927734375 -0.6920434009703285
3.509521484375 0.4395828321458639
3.509765625 1.486524867389099
3.510009765625 2.293595384756007
3.51025390625 2.365936786789819
3.510498046875 1.352906552002429
3.5107421875 0.2048271020975798
3.510986328125 0.5416616283192409
3.51123046875 2.243667444557342
3.511474609375 3.004861138598159
3.51171875 1.348665793482129
3.511962890625 -1.022570061027009
3.51220703125 -1.264667421730301
3.512451171875 0.9097261106896101
3.5126953125 2.993424419304485
3.512939453125 2.885111800415094
3.51318359375 1.065455057932444
3.513427734375 -0.498810924857254
3.513671875 -0.6564721820688008
3.513916015625 0.05270428859125339
3.51416015625 0.3642908045262852
3.514404296875 -0.1602805299277272
3.5146484375 -0.6533774723124056
3.514892578125 -0.2176002650999656
3.51513671875 0.5720621228157027
3.515380859375 0.2125633407147532
3.515625 -1.620836687294528
3.515869140625 -3.433769175806581
3.51611328125 -3.689449755741614
3.516357421875 -2.357129533707272
3.5166015625 -0.3781060165882545
3.516845703125 1.367013077889036
3.51708984375 2.051708633033596
3.517333984375 1.030713323987231
3.517578125 -1.08599619842505
3.517822265625 -2.293543456391044
3.51806640625 -1.12643635834355
3.518310546875 1.661796349423077
3.5185546875 3.966838071095553
3.518798828125 4.438935826004384
3.51904296875 3.344201790204077
3.519287109375 1.952474334546359
3.51953125 1.402035201773807
3.519775390625 1.528165045673334
3.52001953125 0.7771987719031407
3.520263671875 -1.735336636129593
3.5205078125 -4.242951039422317
3.520751953125 -4.059908124901377
3.52099609375 -1.45305977918181
3.521240234375 0.33995640922072
3.521484375 -0.345993850409021
3.521728515625 -1.389479598656843
3.52197265625 -0.4933855064941859
3.522216796875 1.377551206426887
3.5224609375 2.100033908055499
3.522705078125 1.790931585965261
3.52294921875 1.684930370375022
3.523193359375 1.385926455919079
3.5234375 -0.03120556618852575
3.523681640625 -1.550487051318495
3.52392578125 -1.699917200594377
3.524169921875 -1.361642808993661
3.5244140625 -2.095340656130533
3.524658203125 -2.703888903831617
3.52490234375 -0.9305916691446858
3.525146484375 2.051949930867172
3.525390625 2.6978991459389
3.525634765625 0.6630818536478184
3.52587890625 -0.6162416237170588
3.526123046875 0.4387821740957475
3.5263671875 1.292101932843532
3.526611328125 -0.008243050844370828
3.52685546875 -1.672767999883231
3.527099609375 -1.689445659511134
3.52734375 -1.065760306346487
3.527587890625 -1.106249302454119
3.52783203125 -0.5581675058572163
3.528076171875 1.575980514881747
3.5283203125 3.056078930010668
3.528564453125 1.668060820473502
3.52880859375 -0.6099273930017886
3.529052734375 -0.4443932011972599
3.529296875 1.362167057897472
3.529541015625 1.297757797770703
3.52978515625 -0.7406025616483056
3.530029296875 -1.192083172641989
3.5302734375 0.9729755185240668
3.530517578125 2.13309003173391
3.53076171875 -0.3241417944972569
3.531005859375 -3.756605835546941
3.53125 -4.048841074587728
3.531494140625 -1.168467492047047
3.53173828125 1.592654502833754
3.531982421875 2.270853260589015
3.5322265625 1.593113382150555
3.532470703125 0.6940205963871662
3.53271484375 -0.03840480716738105
3.532958984375 -0.1288382831734876
3.533203125 0.8042658989594935
3.533447265625 1.829125115855083
3.53369140625 1.387743459035956
3.533935546875 -0.3855211660793729
3.5341796875 -1.468404666780477
3.534423828125 -0.6654188790201865
3.53466796875 0.7006441678895984
3.534912109375 0.6727212615297108
3.53515625 -0.6427440720255356
3.535400390625 -1.369159953053317
3.53564453125 -0.512111097898477
3.535888671875 0.8112169761402036
3.5361328125 1.064508271860049
3.536376953125 0.3617337974890973
3.53662109375 0.06104118342498337
3.536865234375 0.5878094634100803
3.537109375 0.7264370918367157
3.537353515625 -0.4269571455976374
3.53759765625 -1.691287969467014
3.537841796875 -1.178520469863242
3.5380859375 0.8278310762219001
3.538330078125 1.889705002013082
3.53857421875 0.7468330314190796
3.538818359375 -0.8687529358303296
3.5390625 -0.8192204575042482
3.539306640625 0.3501849699992053
3.53955078125 0.6096649908641393
3.539794921875 -0.1285559614737821
3.5400390625 -0.02196513845944051
3.540283203125 1.332920728789558
3.54052734375 1.931818331321097
3.540771484375 0.569636608937875
3.541015625 -1.060531469758323
3.541259765625 -0.8967033683018067
3.54150390625 0.4378331926246733
3.541748046875 0.8632377405696342
3.5419921875 0.05070674087258313
3.542236328125 -0.5336884422057914
3.54248046875 -0.2321521786806202
3.542724609375 0.108406755352919
3.54296875 -0.03904237412727991
3.543212890625 -0.1686392619336274
3.54345703125 -0.1253412173474029
3.543701171875 -0.5765969932657263
3.5439453125 -1.539094936525182
3.544189453125 -1.84437827699766
3.54443359375 -0.901405329568669
3.544677734375 0.1183224891097074
3.544921875 -0.1444002692930415
3.545166015625 -1.250277778593732
3.54541015625 -1.641610189892514
3.545654296875 -0.9072610887549806
3.5458984375 -0.2586589629725637
3.546142578125 -0.7003263363747502
3.54638671875 -1.682558367174333
3.546630859375 -2.047054721221676
3.546875 -1.677577507795601
3.547119140625 -1.399916879297642
3.54736328125 -1.42521054327914
3.547607421875 -0.9516024280722891
3.5478515625 0.2311455832901095
3.548095703125 0.7985579289990732
3.54833984375 -0.2860260649721338
3.548583984375 -1.722857894091855
3.548828125 -1.355960815229227
3.549072265625 0.4961976532383715
3.54931640625 1.252324331019244
3.549560546875 0.004326704876100717
3.5498046875 -1.050913993940613
3.550048828125 -0.2225823990215562
3.55029296875 0.9453779480261187
3.550537109375 0.4617690885173306
3.55078125 -0.6013995962808271
3.551025390625 0.01026363124708959
3.55126953125 1.718490088238563
3.551513671875 1.948185779688074
3.5517578125 0.3237428088802111
3.552001953125 -0.9287377334886575
3.55224609375 -0.6549242118030018
3.552490234375 -0.05786237381228375
3.552734375 -0.1057142504758857
3.552978515625 -0.281519744950464
3.55322265625 -0.3491475030737475
3.553466796875 -0.8955187461270727
3.5537109375 -1.549819578244818
3.553955078125 -1.000795951666794
3.55419921875 0.6131822091810798
3.554443359375 1.616434040807536
3.5546875 1.640090808384853
3.554931640625 2.113104879833027
3.55517578125 3.275795892657713
3.555419921875 3.377948355121217
3.5556640625 1.83641385280427
3.555908203125 0.5056917997017494
3.55615234375 0.5456946138530749
3.556396484375 0.6741153084555372
3.556640625 -0.01643245526199532
3.556884765625 -0.2465690729921854
3.55712890625 0.6457279148694938
3.557373046875 0.845030066468533
3.5576171875 -0.7132555760712891
3.557861328125 -1.789097646742969
3.55810546875 -0.2227888402915408
3.558349609375 2.256346396432042
3.55859375 2.545971946023385
3.558837890625 0.7832619661239554
3.55908203125 -0.5557312659736479
3.559326171875 -0.7242831425431877
3.5595703125 -0.7375486759089616
3.559814453125 -0.4722440588341578
3.56005859375 0.9237895918351587
3.560302734375 2.284302238190148
3.560546875 1.340461990165305
3.560791015625 -1.617734644772536
3.56103515625 -3.807170504612464
3.561279296875 -3.810623048046177
3.5615234375 -2.831865208578507
3.561767578125 -1.968765100113478
3.56201171875 -0.8072133064871074
3.562255859375 0.7816525660307437
3.5625 1.737067943595751
3.562744140625 1.447184364160985
3.56298828125 0.5553900912254968
3.563232421875 -0.3663894244548697
3.5634765625 -1.369285308712927
3.563720703125 -2.050307078216073
3.56396484375 -1.579281343585453
3.564208984375 -0.2206617026218871
3.564453125 0.6638339357013576
3.564697265625 0.5493251041661308
3.56494140625 0.3581018111050881
3.565185546875 0.8106966399873319
3.5654296875 1.438150228857636
3.565673828125 1.583721954398268
3.56591796875 1.278989829354559
3.566162109375 0.8296668221258509
3.56640625 0.4437079014234533
3.566650390625 0.3890256643312176
3.56689453125 0.7280990233903522
3.567138671875 0.9992219487379146
3.5673828125 0.8741242991682354
3.567626953125 0.6977171519102142
3.56787109375 0.5723486008977722
3.568115234375 -0.3027713912526153
3.568359375 -2.204345025993208
3.568603515625 -3.655688657924869
3.56884765625 -3.141924556633949
3.569091796875 -1.35106832371578
3.5693359375 -0.08203701789002572
3.569580078125 0.394633532538836
3.56982421875 1.077794747425134
3.570068359375 1.969910982207535
3.5703125 2.130918812777002
3.570556640625 1.645006931597598
3.57080078125 1.464705925582686
3.571044921875 1.473133899354941
3.5712890625 0.7323188183042374
3.571533203125 -0.4504191979881568
3.57177734375 -0.7671880301303644
3.572021484375 -0.2018175120508732
3.572265625 -0.01575821743079613
3.572509765625 -0.4134319659556761
3.57275390625 -0.3506013618969334
3.572998046875 0.2086642950373648
3.5732421875 0.08959354772974445
3.573486328125 -0.708334079593949
3.57373046875 -0.6838576743146427
3.573974609375 0.5410555543366167
3.57421875 1.436722061407674
3.574462890625 1.143265039609172
3.57470703125 0.758869051873052
3.574951171875 1.136263320404352
3.5751953125 1.324530472040854
3.575439453125 0.3289930588899488
3.57568359375 -1.190280297212985
3.575927734375 -2.079135287778508
3.576171875 -2.185243418222438
3.576416015625 -1.760321080436154
3.57666015625 -0.6938704126551841
3.576904296875 0.732872941923854
3.5771484375 1.526067581244253
3.577392578125 1.255629089524552
3.57763671875 0.5903659940089715
3.577880859375 -0.0299965444282861
3.578125 -1.019425873959453
3.578369140625 -2.338503489315622
3.57861328125 -2.91225434785561
3.578857421875 -2.141631925153201
3.5791015625 -0.8290067120107252
3.579345703125 0.08987710063666977
3.57958984375 0.5718597041335767
3.579833984375 0.6461607408366524
3.580078125 -0.05925430696612356
3.580322265625 -1.16677680583399
3.58056640625 -1.244882635871929
3.580810546875 0.3107206569311539
3.5810546875 2.095338747771893
3.581298828125 2.359051962401903
3.58154296875 1.07915244017928
3.581787109375 -0.3641246773016748
3.58203125 -0.830622161864759
3.582275390625 -0.1662391206214562
3.58251953125 0.906235008411554
3.582763671875 1.190167810829059
3.5830078125 0.1430919160899697
3.583251953125 -1.109655567024683
3.58349609375 -0.9166452955303414
3.583740234375 0.512800838262561
3.583984375 1.190467822774621
3.584228515625 0.2388668187884225
3.58447265625 -0.8284110778523972
3.584716796875 -0.5194877784017667
3.5849609375 0.4091907923009194
3.585205078125 0.3362383600959976
3.58544921875 -0.722908692591136
3.585693359375 -1.353182222961176
3.5859375 -0.8218840237870579
3.586181640625 0.3116693229762605
3.58642578125 1.312519829136587
3.586669921875 1.911733668984062
3.5869140625 1.90256434670761
3.587158203125 0.9895125903672453
3.58740234375 -0.6179902022644992
3.587646484375 -1.801460744307541
3.587890625 -1.216855466877284
3.588134765625 1.190538725570565
3.58837890625 3.468976514159359
3.588623046875 3.336341375657494
3.5888671875 0.9835120751972214
3.589111328125 -0.8163398456200911
3.58935546875 -0.2018468906306363
3.589599609375 1.343643741955956
3.58984375 1.345871177937259
3.590087890625 -0.08436153316913841
3.59033203125 -0.9451813842236569
3.590576171875 -0.6840573444716203
3.5908203125 -0.4497871868576684
3.591064453125 -0.4665355813567847
3.59130859375 0.1964037763253856
3.591552734375 1.180944256912064
3.591796875 0.8622189976646627
3.592041015625 -0.6826967710959008
3.59228515625 -1.326568998661746
3.592529296875 -0.3354581989749102
3.5927734375 0.3631367473496287
3.593017578125 -0.4923107092623542
3.59326171875 -1.329790114002962
3.593505859375 -0.4914296573154534
3.59375 0.9366667827641204
3.593994140625 0.9300827188216405
3.59423828125 -0.4140608330673557
3.594482421875 -1.516218310765258
3.5947265625 -1.840679461188381
3.594970703125 -1.980467835169001
3.59521484375 -2.030275116916946
3.595458984375 -1.499487121578538
3.595703125 -0.4275614055550668
3.595947265625 0.5465865487608578
3.59619140625 0.8612448928805072
3.596435546875 0.1970525374314729
3.5966796875 -1.261326618919029
3.596923828125 -2.297814275110571
3.59716796875 -1.600045065938829
3.597412109375 0.1907788344226036
3.59765625 0.8129683422488077
3.597900390625 -0.4200935521640926
3.59814453125 -1.398172018076114
3.598388671875 -0.3876898859139432
3.5986328125 1.227964680346022
3.598876953125 1.094700696739253
3.59912109375 -0.5253377272848118
3.599365234375 -1.353462620088721
3.599609375 -0.5577607275872749
3.599853515625 0.4308573938872006
3.60009765625 0.4240500771278472
3.600341796875 0.0174074255504055
3.6005859375 0.2794552918393267
3.600830078125 1.137224206611988
3.60107421875 1.630656263082211
3.601318359375 1.197376244247508
3.6015625 0.2908080568542803
3.601806640625 -0.2214884016794421
3.60205078125 -0.2095396013226918
3.602294921875 -0.5256096053440396
3.6025390625 -1.633024917798989
3.602783203125 -2.397667501544909
3.60302734375 -1.347107608096382
3.603271484375 0.9019269312747777
3.603515625 1.849646607681758
3.603759765625 0.2013777891985704
3.60400390625 -2.457782606421943
3.604248046875 -3.694750307118812
3.6044921875 -2.862066759292443
3.604736328125 -1.036399563114567
3.60498046875 0.6096753638063795
3.605224609375 1.467745702404443
3.60546875 1.285811989653929
3.605712890625 0.2817664557929898
3.60595703125 -0.7393676218790888
3.606201171875 -0.8808346098617503
3.6064453125 0.2225672800597596
3.606689453125 2.066573263912069
3.60693359375 3.260844360200348
3.607177734375 2.513175470542922
3.607421875 0.4294648841157032
3.607666015625 -0.5264250396418955
3.60791015625 0.8502616941972561
3.608154296875 2.403312651127539
3.6083984375 1.482813242568157
3.608642578125 -1.022956663902146
3.60888671875 -2.035214388592014
3.609130859375 -1.032850317013413
3.609375 -0.3464696403946365
3.609619140625 -0.8078996864987876
3.60986328125 -0.6927561397086606
3.610107421875 0.3186409906162843
3.6103515625 -0.05049336026987396
3.610595703125 -2.253272749212079
3.61083984375 -2.918765342343177
3.611083984375 0.1468124932137779
3.611328125 3.866927725167161
3.611572265625 3.900189460816767
3.61181640625 0.7103334216551682
3.612060546875 -1.497421765948012
3.6123046875 -0.5945942130942371
3.612548828125 1.641928626763856
3.61279296875 2.767337984916272
3.613037109375 2.189645916349693
3.61328125 0.7887421074193797
3.613525390625 -0.07943542142260999
3.61376953125 0.4573338875412556
3.614013671875 1.53705961638267
3.6142578125 1.121591161808311
3.614501953125 -1.061357890658707
3.61474609375 -2.568102454423964
3.614990234375 -1.693899205130184
3.615234375 -0.1513566169973893
3.615478515625 -0.3228823424511246
3.61572265625 -1.541666644069059
3.615966796875 -1.607335301895435
3.6162109375 -0.6238325117071153
3.616455078125 -0.4468089545401892
3.61669921875 -1.128885783042979
3.616943359375 -0.8680274822086592
3.6171875 0.7140582780864476
3.617431640625 1.895080403725482
3.61767578125 1.587409800617662
3.617919921875 0.538949740898061
3.6181640625 -0.3424587371512038
3.618408203125 -0.8913342726239272
3.61865234375 -0.7986125068304013
3.618896484375 0.3105926455246915
3.619140625 1.703370421064808
3.619384765625 2.039415242635667
3.61962890625 1.178044569877708
3.619873046875 0.1420807522115243
3.6201171875 -0.5328555535245629
3.620361328125 -0.9726318423303466
3.62060546875 -0.8574286035620927
3.620849609375 0.1472417970400367
3.62109375 1.089122172679615
3.621337890625 0.6761989830848285
3.62158203125 -0.527932733965058
3.621826171875 -0.65534161899178
3.6220703125 0.6371055209595141
3.622314453125 1.66579853245981
3.62255859375 1.302960470864335
3.622802734375 0.3837786163543353
3.623046875 0.1057226214206893
3.623291015625 0.4949673303745935
3.62353515625 0.9745436637891078
3.623779296875 1.233215618107388
3.6240234375 1.070642393824441
3.624267578125 0.4048401015637736
3.62451171875 -0.2591164430266223
3.624755859375 -0.3127299591648429
3.625 -0.110660419162807
3.625244140625 -0.4959355900854743
3.62548828125 -1.177090593739702
3.625732421875 -0.8255473247717685
3.6259765625 0.8656173832568151
3.626220703125 2.384466345269006
3.62646484375 2.229066260204811
3.626708984375 0.6476644102738253
3.626953125 -1.014426830737251
3.627197265625 -1.944113560303991
3.62744140625 -2.146090721805509
3.627685546875 -1.648864196126338
3.6279296875 -0.3701270923572739
3.628173828125 1.127816755798259
3.62841796875 1.518904675896488
3.628662109375 0.1073083723854427
3.62890625 -1.791216015327017
3.629150390625 -1.860932112287185
3.62939453125 0.3080859819536996
3.629638671875 2.304172013773836
3.6298828125 1.899429196530271
3.630126953125 0.02439098335612713
3.63037109375 -0.8338853012800885
3.630615234375 -0.3920272277789918
3.630859375 -0.48026452905222
3.631103515625 -1.5324678857797
3.63134765625 -1.908861150423502
3.631591796875 -1.093749261796473
3.6318359375 -0.712466033009294
3.632080078125 -1.406430363773328
3.63232421875 -1.521594696435522
3.632568359375 -0.2977260767524176
3.6328125 0.4814939686302875
3.633056640625 -0.1276518128099839
3.63330078125 -0.0663666418875998
3.633544921875 2.036759148734662
3.6337890625 3.715606020061386
3.634033203125 2.372822913603978
3.63427734375 -0.0717305695573323
3.634521484375 0.05535272534486023
3.634765625 2.248446866525776
3.635009765625 2.632268260271997
3.63525390625 0.09703296554997792
3.635498046875 -2.237176223392789
3.6357421875 -1.895660302330794
3.635986328125 -0.05156646999276634
3.63623046875 0.9991955721671788
3.636474609375 0.6694884598448578
3.63671875 -0.3526770625410811
3.636962890625 -1.235067234740315
3.63720703125 -1.129692866542334
3.637451171875 0.09431730675530742
3.6376953125 1.041979107255073
3.637939453125 0.3323647298836739
3.63818359375 -1.228382133491549
3.638427734375 -1.777438226973626
3.638671875 -1.285958298229845
3.638916015625 -1.241421504455535
3.63916015625 -1.83603117304062
3.639404296875 -1.832756782990577
3.6396484375 -1.070487129809649
3.639892578125 -0.6811292700460718
3.64013671875 -0.8058483241486664
3.640380859375 -0.4875738541540006
3.640625 0.1236326126552838
3.640869140625 -0.07697089684268836
3.64111328125 -0.7198465504139892
3.641357421875 -0.3214419566357037
3.6416015625 0.7080644130367648
3.641845703125 0.2733047518844016
3.64208984375 -1.632894485948718
3.642333984375 -2.339633914065383
3.642578125 -0.7295289976159063
3.642822265625 0.802781886108398
3.64306640625 0.1491155194988107
3.643310546875 -1.317047988632695
3.6435546875 -1.264435153860771
3.643798828125 -0.01420289333886951
3.64404296875 0.5636338380655338
3.644287109375 0.2372003648345045
3.64453125 0.2345344460079263
3.644775390625 0.7708335010397465
3.64501953125 0.8520683921695864
3.645263671875 0.2373012200102224
3.6455078125 -0.1244217895021365
3.645751953125 0.2801096192195284
3.64599609375 0.7128647252905876
3.646240234375 0.3564946473655007
3.646484375 -0.4339954132018864
3.646728515625 -0.5787847484430058
3.64697265625 0.1526086031418823
3.647216796875 0.5299309454620923
3.6474609375 -0.6021770643668948
3.647705078125 -2.337007165139668
3.64794921875 -2.357278929588078
3.648193359375 -0.02764933917188413
3.6484375 2.402185970801232
3.648681640625 2.634590913125826
3.64892578125 1.15569682263822
3.649169921875 -0.03917905722178788
3.6494140625 -0.2931454200697965
3.649658203125 -0.1633075329588831
3.64990234375 0.3768377533669763
3.650146484375 1.4549749444769
3.650390625 1.857318336865676
3.650634765625 0.4407981564659572
3.65087890625 -1.502981996540059
3.651123046875 -1.676047391243917
3.6513671875 -0.2414208400494845
3.651611328125 0.5640996319691276
3.65185546875 0.07032396865639354
3.652099609375 -0.1505079106272904
3.65234375 0.6905630858487264
3.652587890625 1.45348659418291
3.65283203125 1.259048366305147
3.653076171875 0.5133040076977602
3.6533203125 -0.4549089750336702
3.653564453125 -1.499941485207247
3.65380859375 -1.4560942039041
3.654052734375 0.5415618545712619
3.654296875 2.571046223665549
3.654541015625 1.804362247126059
3.65478515625 -0.9316863251111663
3.655029296875 -1.90818735510735
3.6552734375 -0.3777891879837641
3.655517578125 0.1717213872358546
3.65576171875 -1.996183519580424
3.656005859375 -3.631413192171188
3.65625 -1.679210025943184
3.656494140625 1.720610933119876
3.65673828125 2.532544985111021
3.656982421875 0.6090466332562299
3.6572265625 -1.052642362624392
3.657470703125 -1.03467868586121
3.65771484375 -0.3461286183624923
3.657958984375 0.2330342917747487
3.658203125 0.7673795177871701
3.658447265625 0.88588815640079
3.65869140625 0.3267234916366755
3.658935546875 0.1062199780964412
3.6591796875 1.043263295330876
3.659423828125 1.933786184913669
3.65966796875 1.33154778006752
3.659912109375 0.2858742376830601
3.66015625 0.8850526503158909
3.660400390625 2.60640790745781
3.66064453125 2.719286818148831
3.660888671875 0.4409637429585102
3.6611328125 -1.663327630845929
3.661376953125 -1.144057124941762
3.66162109375 1.177029041663894
3.661865234375 2.4599771391428
3.662109375 1.26659837179678
3.662353515625 -1.129609667172016
3.66259765625 -2.486325621783559
3.662841796875 -2.057621844877196
3.6630859375 -1.104686025725732
3.663330078125 -0.9672296345808616
3.66357421875 -1.18196107669221
3.663818359375 -0.335420450241754
3.6640625 1.511595951044862
3.664306640625 2.594421778844611
3.66455078125 1.874570593431266
3.664794921875 0.3646576661288758
3.6650390625 -0.4707129408494192
3.665283203125 -0.3855896876839132
3.66552734375 0.1509019935741756
3.665771484375 0.8725424805786753
3.666015625 1.426136024048805
3.666259765625 1.292092993513702
3.66650390625 0.6673066292820222
3.666748046875 0.4182230163310242
3.6669921875 0.7241157561163853
3.667236328125 0.9133644051277328
3.66748046875 0.8761100587969254
3.667724609375 1.146622056710842
3.66796875 1.359493128448814
3.668212890625 0.5121760210828734
3.66845703125 -0.813900046248596
3.668701171875 -0.6944729109364168
3.6689453125 0.9317138196670393
3.669189453125 1.674484884737156
3.66943359375 0.4066712329749435
3.669677734375 -0.9110980835931421
3.669921875 -0.6144090865142149
3.670166015625 -0.05237031780585902
3.67041015625 -0.9532001996293548
3.670654296875 -2.345138513077931
3.6708984375 -2.426663930835948
3.671142578125 -1.613936230823996
3.67138671875 -1.339829857615781
3.671630859375 -1.472510183450715
3.671875 -1.263709781007342
3.672119140625 -1.23264224389504
3.67236328125 -1.725394425284456
3.672607421875 -1.31746248900006
3.6728515625 0.7414970904872
3.673095703125 2.247667011653634
3.67333984375 1.166843829998013
3.673583984375 -0.6441250193862348
3.673828125 -0.2283167527619802
3.674072265625 1.446554961091646
3.67431640625 1.192872593305634
3.674560546875 -0.6740500313427568
3.6748046875 -0.7807909359602705
3.675048828125 1.25766398725002
3.67529296875 1.838189771512332
3.675537109375 -0.670714909276041
3.67578125 -3.183664944518534
3.676025390625 -2.794875400911945
3.67626953125 -0.8403278486762045
3.676513671875 0.03966967165779375
3.6767578125 -0.1035315188387594
3.677001953125 0.07960675670351501
3.67724609375 0.183184470447332
3.677490234375 -0.9137528100384071
3.677734375 -2.374400054956111
3.677978515625 -2.250856820149222
3.67822265625 -0.3657370910846928
3.678466796875 1.481533195157181
3.6787109375 1.813130104894823
3.678955078125 0.7365138236134884
3.67919921875 -0.6104656227836047
3.679443359375 -0.898313094337263
3.6796875 0.5465946045878107
3.679931640625 2.852051796061596
3.68017578125 4.057676601726184
3.680419921875 3.147503809599927
3.6806640625 1.133953829967988
3.680908203125 -0.3176637029098769
3.68115234375 -0.6514626566595721
3.681396484375 -0.3908989637584018
3.681640625 -0.1523359343062278
3.681884765625 -0.2291462966419366
3.68212890625 -0.5494324336630679
3.682373046875 -0.6967155261018528
3.6826171875 -0.5080596044291362
3.682861328125 -0.6112553689527395
3.68310546875 -1.505930408930409
3.683349609375 -2.289429065695469
3.68359375 -1.606535042077896
3.683837890625 0.1070572658386949
3.68408203125 0.8768878999823305
3.684326171875 -0.0272599511207086
3.6845703125 -1.191435220897216
3.684814453125 -1.428627779067606
3.68505859375 -1.300019208873892
3.685302734375 -1.471490594572746
3.685546875 -1.337889085439199
3.685791015625 -0.5093205722846922
3.68603515625 -0.1025213678067108
3.686279296875 -1.022159519629013
3.6865234375 -2.154608904656654
3.686767578125 -1.88478856282211
3.68701171875 -0.5295902978131845
3.687255859375 0.3163784124098102
3.6875 0.1974973194976192
3.687744140625 0.02063769164538838
3.68798828125 0.3139108484643847
3.688232421875 0.717341554232806
3.6884765625 0.9712657038968582
3.688720703125 1.14956362717785
3.68896484375 1.075076815436926
3.689208984375 0.5854355878478755
3.689453125 0.162243814135472
3.689697265625 0.287093077069281
3.68994140625 0.4780758843694955
3.690185546875 0.03310930229433897
3.6904296875 -0.5887903416349658
3.690673828125 -0.3214555984599576
3.69091796875 0.7542614570111854
3.691162109375 1.419593346928336
3.69140625 1.064909832410104
3.691650390625 0.3203367024738765
3.69189453125 -0.09505178811388554
3.692138671875 -0.1134558729905737
3.6923828125 0.1535276720781048
3.692626953125 0.6372415226251913
3.69287109375 0.9859183731384159
3.693115234375 0.9247479327564264
3.693359375 0.907676155824451
3.693603515625 1.439599837571547
3.69384765625 1.900986113769701
3.694091796875 1.286396268170941
3.6943359375 0.06212183156501282
3.694580078125 -0.2043188413999655
3.69482421875 0.7219355693436686
3.695068359375 1.315721591568601
3.6953125 0.8193405019761657
3.695556640625 0.4529272289694809
3.69580078125 1.118995179427043
3.696044921875 1.577740954659173
3.6962890625 0.4389101696491288
3.696533203125 -1.309575024079146
3.69677734375 -1.603145921054727
3.697021484375 -0.3496514843440618
3.697265625 0.6944214688590687
3.697509765625 0.6706106933843057
3.69775390625 0.3611142407731076
3.697998046875 0.2900386046603913
3.6982421875 -0.03087786504087547
3.698486328125 -0.6541181463073396
3.69873046875 -0.6855126932149841
3.698974609375 0.1887927383367508
3.69921875 1.037265585057596
3.699462890625 1.146304835887477
3.69970703125 0.9159392750984671
3.699951171875 0.7204403339550561
3.7001953125 0.1475060246104255
3.700439453125 -0.904647773134329
3.70068359375 -1.593009030579065
3.700927734375 -1.453830982048914
3.701171875 -1.249836762602647
3.701416015625 -1.59515767080179
3.70166015625 -1.852257809264964
3.701904296875 -1.421627772635769
3.7021484375 -0.996379126404577
3.702392578125 -1.295207209724989
3.70263671875 -1.61505099878008
3.702880859375 -1.102429377551276
3.703125 -0.5028741623692544
3.703369140625 -0.9372080675830585
3.70361328125 -1.70580477360563
3.703857421875 -1.256297852580686
3.7041015625 0.1378441166495891
3.704345703125 0.7541099032022471
3.70458984375 0.2887965068486606
3.704833984375 0.1267018008464768
3.705078125 0.5896390297122327
3.705322265625 0.2941103582089761
3.70556640625 -1.043399427325255
3.705810546875 -1.496684933613753
3.7060546875 0.04473793779509982
3.706298828125 1.717765394500613
3.70654296875 1.351430270956918
3.706787109375 -0.1804403940738558
3.70703125 -0.3799774301307605
3.707275390625 0.9726672984223854
3.70751953125 1.62087865771974
3.707763671875 0.4263011558065026
3.7080078125 -0.9741140861202682
3.708251953125 -0.7451877763977025
3.70849609375 0.5378897357324971
3.708740234375 0.9859285099289834
3.708984375 0.1593671347133794
3.709228515625 -0.5835494903869307
3.70947265625 -0.2806948389142009
3.709716796875 0.3304875889921592
3.7099609375 0.1645970219576003
3.710205078125 -0.4312757534364639
3.71044921875 -0.226510152246221
3.710693359375 0.8423971366179553
3.7109375 1.348198051803624
3.711181640625 0.4559948336792176
3.71142578125 -0.7200946953678589
3.711669921875 -0.653622901495617
3.7119140625 0.4829357080734312
3.712158203125 1.309697029276803
3.71240234375 1.31049081003608
3.712646484375 1.148911144197699
3.712890625 1.141652477157583
3.713134765625 0.7919687960034295
3.71337890625 0.01861557148914762
3.713623046875 -0.3957396930108097
3.7138671875 -0.03707883811037548
3.714111328125 0.4259440447792749
3.71435546875 0.2707492803199629
3.714599609375 -0.2755818948298071
3.71484375 -0.5269201575193256
3.715087890625 -0.2623440236870422
3.71533203125 0.207486309391071
3.715576171875 0.4618419925721327
3.7158203125 0.2547216285055289
3.716064453125 -0.2527309461380452
3.71630859375 -0.5455858887703837
3.716552734375 -0.4092043478582392
3.716796875 -0.2727854481655719
3.717041015625 -0.3987514399676484
3.71728515625 -0.2232920607702117
3.717529296875 0.6912464749169596
3.7177734375 1.577574644417798
3.718017578125 1.394824068325879
3.71826171875 0.3873090582297061
3.718505859375 -0.4208130364263256
3.71875 -0.7529868753689408
3.718994140625 -0.8055094097773088
3.71923828125 -0.1454976057023712
3.719482421875 1.413882695588166
3.7197265625 2.484452895033155
3.719970703125 1.751581839162682
3.72021484375 0.4833374673628758
3.720458984375 0.9276882740729441
3.720703125 2.424702520768804
3.720947265625 2.010899437561042
3.72119140625 -0.7851506270923193
3.721435546875 -2.833327491656995
3.7216796875 -2.026797255665836
3.721923828125 -0.0950537157527281
3.72216796875 0.5465507977792701
3.722412109375 0.04440721879081007
3.72265625 -0.3932653683212449
3.722900390625 -0.7084715038697357
3.72314453125 -0.9092120551808744
3.723388671875 -0.1038658087637534
3.7236328125 1.529428136721278
3.723876953125 2.048145808787166
3.72412109375 0.8474151465272292
3.724365234375 0.06178924085082323
3.724609375 0.8892606439007144
3.724853515625 1.202155256296535
3.72509765625 -0.6563759371255747
3.725341796875 -2.424932402316113
3.7255859375 -1.508353059628809
3.725830078125 0.3465770218504568
3.72607421875 -0.2571674718472172
3.726318359375 -2.725343836208689
3.7265625 -3.538249629919854
3.726806640625 -1.87806766881829
3.72705078125 -0.2128975375926555
3.727294921875 0.1589366255450243
3.7275390625 0.3017397203721174
3.727783203125 0.5907586210887247
3.72802734375 0.1477152121083229
3.728271484375 -0.576402718174013
3.728515625 -0.09154743944581628
3.728759765625 1.028124794271333
3.72900390625 0.5989742185512825
3.729248046875 -1.340481153906526
3.7294921875 -2.376472373901944
3.729736328125 -1.732476538245787
3.72998046875 -1.1645195304608
3.730224609375 -1.378832054832159
3.73046875 -0.9390103746343798
3.730712890625 0.4528648526330488
3.73095703125 0.9160098353783797
3.731201171875 -0.2229062946381467
3.7314453125 -1.073268392932795
3.731689453125 -0.491158559748898
3.73193359375 0.1246063414774965
3.732177734375 -0.3066395477581523
3.732421875 -0.6517585287920179
3.732666015625 -0.0007150296460268783
3.73291015625 0.5787833378667822
3.733154296875 0.2264975519389552
3.7333984375 -0.1935944095272136
3.733642578125 -0.1810324066107624
3.73388671875 -0.7301929446667125
3.734130859375 -1.908379046489486
3.734375 -1.890640072875372
3.734619140625 -0.1324679280078783
3.73486328125 1.034009919824987
3.735107421875 -0.058310784345944
3.7353515625 -1.674126816146496
3.735595703125 -1.63115919650203
3.73583984375 -0.7042369141805296
3.736083984375 -0.646752255361985
3.736328125 -0.8624177113741411
3.736572265625 0.2060944636460843
3.73681640625 1.907765622398798
3.737060546875 2.368122123248074
3.7373046875 1.603033437652725
3.737548828125 1.122638008811161
3.73779296875 1.194695377234591
3.738037109375 0.8300047438789271
3.73828125 -0.02706106832614625
3.738525390625 -0.3760386798593673
3.73876953125 0.0614649168140052
3.739013671875 0.5817017557651379
3.7392578125 0.7073972096062973
3.739501953125 0.4318323342188977
3.73974609375 -0.1812433080235468
3.739990234375 -0.6452397507163393
3.740234375 -0.1836172198038099
3.740478515625 0.8733832839752756
3.74072265625 1.067800217012433
3.740966796875 0.1584465704919043
3.7412109375 -0.1439230276038884
3.741455078125 0.9687506815774113
3.74169921875 1.728257652307187
3.741943359375 0.6879872935649972
3.7421875 -0.6477248967890897
3.742431640625 -0.271612344075666
3.74267578125 1.008237237750333
3.742919921875 1.203731894374888
3.7431640625 0.5722223467887809
3.743408203125 0.6411153309099238
3.74365234375 1.071271707988182
3.743896484375 0.4984282053349889
3.744140625 -0.4009687764407548
3.744384765625 0.1563000778085263
3.74462890625 1.549673559140069
3.744873046875 1.355062968235053
3.7451171875 -0.6166646464411735
3.745361328125 -1.9475818073122
3.74560546875 -1.533154743116396
3.745849609375 -0.9325893839153366
3.74609375 -1.229400234561309
3.746337890625 -1.339790833653751
3.74658203125 -0.4263781393172537
3.746826171875 0.434313490881106
3.7470703125 0.2296074834351026
3.747314453125 -0.2728163517218893
3.74755859375 0.001222410271839786
3.747802734375 0.7632379001045514
3.748046875 1.209462523309614
3.748291015625 1.262427019005693
3.74853515625 1.11382982365317
3.748779296875 0.6722999656114762
3.7490234375 0.167853661599897
3.749267578125 0.2463228606748621
3.74951171875 0.8934322947848927
3.749755859375 1.270857590684611
3.75 1.048705128700811
3.750244140625 0.8605549648913079
3.75048828125 1.054633098497772
3.750732421875 1.062725224398434
3.7509765625 0.4587080177245492
3.751220703125 -0.2785313025086859
3.75146484375 -0.4684742302663528
3.751708984375 -0.002301565537933769
3.751953125 0.7309329267890399
3.752197265625 1.075204289481583
3.75244140625 0.4568929463539273
3.752685546875 -0.7710081492439076
3.7529296875 -1.297564997369128
3.753173828125 -0.5766878231996408
3.75341796875 0.1487468794659544
3.753662109375 -0.2266954409219033
3.75390625 -0.6845808398213907
3.754150390625 0.1789125403793925
3.75439453125 1.326788436051835
3.754638671875 0.6196233267785515
3.7548828125 -1.453080863351327
3.755126953125 -2.154413280238662
3.75537109375 -0.7812695895533657
3.755615234375 0.2720512031647296
3.755859375 -0.5261381241283932
3.756103515625 -1.531926744585793
3.75634765625 -0.8799930697627584
3.756591796875 0.5581954204519074
3.7568359375 0.8496945006751392
3.757080078125 -0.07499929974799449
3.75732421875 -0.848980044587152
3.757568359375 -0.8087619299937233
3.7578125 -0.2741358999633424
3.758056640625 0.3665441475879451
3.75830078125 0.7101653663303138
3.758544921875 0.3329918951882784
3.7587890625 -0.4038391574808061
3.759033203125 -0.462384333888419
3.75927734375 0.279325876072488
3.759521484375 0.6254276459086616
3.759765625 -0.1029929588182573
3.760009765625 -1.051953875402647
3.76025390625 -1.348468236386485
3.760498046875 -1.32764439853376
3.7607421875 -1.456800211903162
3.760986328125 -1.347156685652203
3.76123046875 -0.730190862261633
3.761474609375 -0.2032606909321926
3.76171875 -0.1541162349424182
3.761962890625 -0.1299336621391395
3.76220703125 0.009186441309668185
3.762451171875 -0.3240720068868437
3.7626953125 -0.9751167809226744
3.762939453125 -0.7538218080006378
3.76318359375 0.4540909731911336
3.763427734375 0.9603375617734012
3.763671875 -0.1657350509968223
3.763916015625 -1.473655771920002
3.76416015625 -1.448314485529647
3.764404296875 -0.8167018530591059
3.7646484375 -0.9118967117045766
3.764892578125 -1.249255276274659
3.76513671875 -0.637995521355038
3.765380859375 0.4905303529528486
3.765625 0.831896984848511
3.765869140625 0.3828514601519197
3.76611328125 0.03843120874023687
3.766357421875 -0.1474296833258567
3.7666015625 -0.4992140710048805
3.766845703125 -0.3402647106665788
3.76708984375 1.004302620190159
3.767333984375 2.458477937879929
3.767578125 2.366920824899958
3.767822265625 0.962797115357837
3.76806640625 -0.137530123225885
3.768310546875 -0.4467768885568156
3.7685546875 -0.735737801053203
3.768798828125 -1.008381951465965
3.76904296875 -0.3765883318615366
3.769287109375 1.00680897591651
3.76953125 1.723531756864176
3.769775390625 1.096726335671842
3.77001953125 -0.009563862112778928
3.770263671875 -0.6161854346395179
3.7705078125 -0.6392441405920485
3.770751953125 -0.3825525000387751
3.77099609375 -0.1237291388992162
3.771240234375 -0.2118309244989268
3.771484375 -0.6254033296427968
3.771728515625 -0.639619493707337
3.77197265625 0.1575599359249688
3.772216796875 0.9973748039432644
3.7724609375 1.107456103183787
3.772705078125 1.049392391221835
3.77294921875 1.59116318015101
3.773193359375 2.06277098942901
3.7734375 1.480222866001617
3.773681640625 0.5692985670104782
3.77392578125 0.7133102780531352
3.774169921875 1.422666529173591
3.7744140625 1.049938912054049
3.774658203125 -0.2275726573188986
3.77490234375 -0.5154132616478143
3.775146484375 0.5534216360578785
3.775390625 1.045381723695956
3.775634765625 -0.2036500608186447
3.77587890625 -1.838462714703131
3.776123046875 -2.153912884104766
3.7763671875 -1.281634588184283
3.776611328125 -0.3346928939943978
3.77685546875 0.1802821741131402
3.777099609375 0.2898030502817727
3.77734375 0.1023851264822901
3.777587890625 0.03699585277564521
3.77783203125 0.435137519608962
3.778076171875 0.6953090849092236
3.7783203125 0.03791700576316576
3.778564453125 -0.8391777447211891
3.77880859375 -0.4908787641894571
3.779052734375 0.7934750783327534
3.779296875 1.178595438492423
3.779541015625 0.2944409569272028
3.77978515625 -0.0817332347495885
3.780029296875 0.9591595255117052
3.7802734375 1.947449320767085
3.780517578125 1.584360078523453
3.78076171875 0.7145181911296002
3.781005859375 0.4224226921549089
3.78125 0.1067898023281897
3.781494140625 -0.9332994052439756
3.78173828125 -1.686839381013814
3.781982421875 -1.024246126725013
3.7822265625 0.2148470888972367
3.782470703125 0.4994316259738732
3.78271484375 -0.1054444600149743
3.782958984375 -0.5800429096042024
3.783203125 -0.854515015776521
3.783447265625 -1.392401960412939
3.78369140625 -1.760107710450631
3.783935546875 -1.296877821023447
3.7841796875 -0.5178002375501066
3.784423828125 -0.3249761505630018
3.78466796875 -0.5083915843967339
3.784912109375 -0.4483264640837318
3.78515625 -0.4853094747056846
3.785400390625 -1.066983636429551
3.78564453125 -1.394387024429998
3.785888671875 -0.6202978133793606
3.7861328125 0.385618010014394
3.786376953125 0.3058411434231668
3.78662109375 -0.2815542968647892
3.786865234375 0.1600610352413184
3.787109375 1.355133429472801
3.787353515625 1.577075825487479
3.78759765625 0.6058412463203486
3.787841796875 0.0880797772674696
3.7880859375 0.7292205393529161
3.788330078125 1.226145470873896
3.78857421875 0.5383127306377866
3.788818359375 -0.6021956724093808
3.7890625 -1.144355416352919
3.789306640625 -1.140392088627497
3.78955078125 -0.9995009082896655
3.789794921875 -0.6539565014094478
3.7900390625 -0.1779875622262651
3.790283203125 -0.09310389331957897
3.79052734375 -0.4230606777602565
3.790771484375 -0.4671543415294634
3.791015625 -0.02078767301069813
3.791259765625 0.2150659378652902
3.79150390625 -0.1008148625246593
3.791748046875 -0.3697915811944226
3.7919921875 -0.2336797991106842
3.792236328125 -0.2038706067319911
3.79248046875 -0.5099907711297624
3.792724609375 -0.4300170548624649
3.79296875 0.4855715809955547
3.793212890625 1.488888669496388
3.79345703125 1.71014823303561
3.793701171875 1.314400932484763
3.7939453125 0.852592989789426
3.794189453125 0.2965737504726877
3.79443359375 -0.4794179751247281
3.794677734375 -1.017243646335165
3.794921875 -0.9299890437686805
3.795166015625 -0.6120021951802361
3.79541015625 -0.4998456916549254
3.795654296875 -0.2492515751938308
3.7958984375 0.5057892413164227
3.796142578125 1.16656823210276
3.79638671875 0.9196947664473312
3.796630859375 0.07105965166771135
3.796875 -0.3513578266603737
3.797119140625 -0.101063318113981
3.79736328125 0.1100092297989906
3.797607421875 -0.1485622250562549
3.7978515625 -0.4864175030541141
3.798095703125 -0.4846210656026887
3.79833984375 -0.2906753493574532
3.798583984375 -0.1976892991389544
3.798828125 -0.1610083105614117
3.799072265625 0.000864735765193066
3.79931640625 0.2508681115779458
3.799560546875 0.4006440666462442
3.7998046875 0.3638764797090911
3.800048828125 0.2106367435749206
3.80029296875 0.05181847055339486
3.800537109375 -0.05863828755599734
3.80078125 -0.1055321083469736
3.801025390625 -0.02047571934907454
3.80126953125 0.2649654222524805
3.801513671875 0.5761927812691665
3.8017578125 0.5221866550188783
3.802001953125 0.0323220022013833
3.80224609375 -0.3699018662136309
3.802490234375 -0.2539654504716145
3.802734375 -0.002575447758868434
3.802978515625 -0.2276035753745706
3.80322265625 -0.6545840399768788
3.803466796875 -0.4473483831099523
3.8037109375 0.3403814247260281
3.803955078125 0.6532533026062759
3.80419921875 0.08490162385513857
3.804443359375 -0.3895070080327264
3.8046875 0.04754737592528226
3.804931640625 0.690962080549092
3.80517578125 0.3830324770836243
3.805419921875 -0.6750920376448019
3.8056640625 -1.190082433068429
3.805908203125 -0.571312273390705
3.80615234375 0.4367963181261118
3.806396484375 0.8321931214300253
3.806640625 0.3435464922478096
3.806884765625 -0.627099759442827
3.80712890625 -1.428508941931997
3.807373046875 -1.490774787741348
3.8076171875 -0.7155010474983912
3.807861328125 0.3881657460730387
3.80810546875 1.203517366183896
3.808349609375 1.534427472339652
3.80859375 1.466204035143136
3.808837890625 1.064071612695155
3.80908203125 0.5484789394505173
3.809326171875 0.3552941626585607
3.8095703125 0.5461246870592696
3.809814453125 0.5457650990929974
3.81005859375 0.005760787048728491
3.810302734375 -0.4734646576519425
3.810546875 -0.1456296243630344
3.810791015625 0.697449996193461
3.81103515625 1.096606390349285
3.811279296875 0.7348672019504139
3.8115234375 0.089792487485582
3.811767578125 -0.5301656839117553
3.81201171875 -1.213759972121384
3.812255859375 -1.743863040612462
3.8125 -1.580886382658413
3.812744140625 -0.7480566991611933
3.81298828125 0.003828868979390954
3.813232421875 0.1634698107128138
3.8134765625 0.007514292666144929
3.813720703125 0.001095552127962543
3.81396484375 0.1977355601694759
3.814208984375 0.4027214099396375
3.814453125 0.4482348320001625
3.814697265625 0.2083575009010623
3.81494140625 -0.2008522075069523
3.815185546875 -0.2718124387836667
3.8154296875 0.2827924391380904
3.815673828125 0.8764685555225885
3.81591796875 0.7370024977296934
3.816162109375 0.1521196853697863
3.81640625 0.1008612959415619
3.816650390625 0.633402538944275
3.81689453125 0.7511873955321466
3.817138671875 0.1415052262339616
3.8173828125 -0.239681713441439
3.817626953125 0.1132945501249927
3.81787109375 0.2419090636581878
3.818115234375 -0.6099591846484207
3.818359375 -1.437600547060513
3.818603515625 -0.901495014804806
3.81884765625 0.4580695668806974
3.819091796875 0.9257860196407111
3.8193359375 0.1465421632299503
3.819580078125 -0.5637247325120238
3.81982421875 -0.3976312497094112
3.820068359375 -0.05626738657035493
3.8203125 -0.2517489880118044
3.820556640625 -0.5444342011244711
3.82080078125 -0.3220049909482804
3.821044921875 0.07668289127187783
3.8212890625 0.00266706906764435
3.821533203125 -0.4307988770206528
3.82177734375 -0.6673812173738984
3.822021484375 -0.5932501418889573
3.822265625 -0.4003537236562967
3.822509765625 0.01435980843050334
3.82275390625 0.7516730240736321
3.822998046875 1.27501352176243
3.8232421875 0.8846587596098286
3.823486328125 -0.1794784520084928
3.82373046875 -0.8170228234798934
3.823974609375 -0.4139287965305308
3.82421875 0.4470006630194351
3.824462890625 0.8491185458149185
3.82470703125 0.6241914716292799
3.824951171875 0.2343927484539237
3.8251953125 -0.02126760797464113
3.825439453125 -0.1848072049412334
3.82568359375 -0.2206001182927288
3.825927734375 0.02111967642027989
3.826171875 0.3715743000775172
3.826416015625 0.3604223090218169
3.82666015625 -0.125219180013543
3.826904296875 -0.5802594524044709
3.8271484375 -0.5610971747497534
3.827392578125 -0.2874318417395276
3.82763671875 -0.194803416485184
3.827880859375 -0.205236373767949
3.828125 0.01868113352059
3.828369140625 0.2994583603945865
3.82861328125 0.1110831535691372
3.828857421875 -0.4830683935888483
3.8291015625 -0.7805538271134898
3.829345703125 -0.5014932281467297
3.82958984375 -0.1884816704473397
3.829833984375 -0.2396205893997808
3.830078125 -0.270552747377703
3.830322265625 0.06887284453274664
3.83056640625 0.3332317404266278
3.830810546875 0.03041079507406148
3.8310546875 -0.4160585076816383
3.831298828125 -0.2610209229475823
3.83154296875 0.3904449949066089
3.831787109375 0.8264618322521847
3.83203125 0.8386171212707001
3.832275390625 0.7418807869754086
3.83251953125 0.5563675237062251
3.832763671875 0.1040869348645902
3.8330078125 -0.2766104935818642
3.833251953125 -0.1349375641262043
3.83349609375 0.09617655511022989
3.833740234375 -0.3650681624935758
3.833984375 -1.147376760919179
3.834228515625 -1.045485582994934
3.83447265625 -0.007860824487094535
3.834716796875 0.6040471387757337
3.8349609375 0.1831662626263858
3.835205078125 -0.1574038514521439
3.83544921875 0.4495593715786251
3.835693359375 1.100914072025416
3.8359375 0.6712604080453753
3.836181640625 -0.3150505593971349
3.83642578125 -0.6855066397196304
3.836669921875 -0.5137399431694826
3.8369140625 -0.5462015339091931
3.837158203125 -0.5437066339021926
3.83740234375 0.1417363471989818
3.837646484375 0.8737340454174236
3.837890625 0.4244887824724646
3.838134765625 -0.8171202107919163
3.83837890625 -1.124480323849523
3.838623046875 -0.05205327440891921
3.8388671875 0.9186661176463766
3.839111328125 0.7043137972903033
3.83935546875 -0.01003390484509794
3.839599609375 -0.2793717591139784
3.83984375 -0.2788295464236319
3.840087890625 -0.4059272701734499
3.84033203125 -0.3183447482257059
3.840576171875 0.213472030731705
3.8408203125 0.5732313682973637
3.841064453125 0.3456176408800201
3.84130859375 0.1606898323691485
3.841552734375 0.5850206593529201
3.841796875 1.043055178549448
3.842041015625 0.7825990372260248
3.84228515625 0.1093534854602101
3.842529296875 -0.2986146070578702
3.8427734375 -0.5232681746040152
3.843017578125 -0.8362653609067459
3.84326171875 -0.7782532986607021
3.843505859375 0.01688446796218666
3.84375 0.7347431211701472
3.843994140625 0.3908850690720334
3.84423828125 -0.567174900183299
3.844482421875 -0.9391674184315904
3.8447265625 -0.6057120235907081
3.844970703125 -0.3359512923858204
3.84521484375 -0.17239298691029
3.845458984375 0.4345931606462223
3.845703125 1.06860886036902
3.845947265625 0.6218767920297181
3.84619140625 -0.7225647928321998
3.846435546875 -1.42319210187323
3.8466796875 -0.8788251022778646
3.846923828125 -0.2361317233364811
3.84716796875 -0.3470646066624115
3.847412109375 -0.4759862849805583
3.84765625 0.1092248510892621
3.847900390625 0.6829275238550311
3.84814453125 0.3348194624239765
3.848388671875 -0.4318392327670559
3.8486328125 -0.6122576559510361
3.848876953125 -0.3272100910655573
3.84912109375 -0.2740912198276821
3.849365234375 -0.2803854175146669
3.849609375 0.2318134534188076
3.849853515625 0.8386603366618602
3.85009765625 0.5977751339788473
3.850341796875 -0.2663670522295939
3.8505859375 -0.510463864360139
3.850830078125 0.264258449230623
3.85107421875 1.103408520651611
3.851318359375 1.217242191062766
3.8515625 0.9086825111888067
3.851806640625 0.6968894853755101
3.85205078125 0.5007158961431242
3.852294921875 0.1253924780252622
3.8525390625 -0.2172793614765347
3.852783203125 -0.3198161525814731
3.85302734375 -0.3133241701565925
3.853271484375 -0.260752422792435
3.853515625 0.002010108052518111
3.853759765625 0.3398494527868981
3.85400390625 0.2799022818569818
3.854248046875 -0.1530879084981643
3.8544921875 -0.2319257642509914
3.854736328125 0.3676075430670114
3.85498046875 0.880677984225788
3.855224609375 0.4970996695383252
3.85546875 -0.391668823619589
3.855712890625 -0.707777612716304
3.85595703125 -0.164152583141702
3.856201171875 0.4869868828768447
3.8564453125 0.5653033814661783
3.856689453125 0.1588897450825188
3.85693359375 -0.3084087446277702
3.857177734375 -0.6103926249727175
3.857421875 -0.6679599068176318
3.857666015625 -0.4365858160409177
3.85791015625 -0.07551734664966518
3.858154296875 0.08157386586895929
3.8583984375 -0.0704954576191279
3.858642578125 -0.259563245842123
3.85888671875 -0.2447465574917563
3.859130859375 -0.1460125715978898
3.859375 -0.1770670304166346
3.859619140625 -0.2556722409096171
3.85986328125 -0.1493551226752073
3.860107421875 0.09454269105748513
3.8603515625 0.1681417932017199
3.860595703125 -0.02192600703073459
3.86083984375 -0.1772452951169551
3.861083984375 -0.04350283663327554
3.861328125 0.2014415376712289
3.861572265625 0.2301600922360119
3.86181640625 0.08570060543172811
3.862060546875 0.09908636360631844
3.8623046875 0.3335484369521508
3.862548828125 0.4863856006209786
3.86279296875 0.4153768844729076
3.863037109375 0.3574835027229407
3.86328125 0.4288463917629448
3.863525390625 0.327324671037203
3.86376953125 -0.1171549356850793
3.864013671875 -0.4721948277890107
3.8642578125 -0.2785731302999346
3.864501953125 0.1766644337014457
3.86474609375 0.2498980095183476
3.864990234375 -0.06642038032994399
3.865234375 -0.2001498016723554
3.865478515625 0.01955877625505998
3.86572265625 0.1748555435940039
3.865966796875 0.1204834609070983
3.8662109375 0.2349002964328495
3.866455078125 0.5657233769315021
3.86669921875 0.5335507361648447
3.866943359375 -0.06484088792782304
3.8671875 -0.5044211074143151
3.867431640625 -0.2023742641490985
3.86767578125 0.298213513110499
3.867919921875 0.1713552968870581
3.8681640625 -0.378127710359346
3.868408203125 -0.5229619188143404
3.86865234375 -0.1861703909786637
3.868896484375 -0.03592169553676882
3.869140625 -0.2535121709636056
3.869384765625 -0.3030723257745702
3.86962890625 0.0006503637162120408
3.869873046875 0.1492605270755298
3.8701171875 -0.08294803387820952
3.870361328125 -0.1870182260548851
3.87060546875 0.1568166403936245
3.870849609375 0.4594980099818348
3.87109375 0.2447774537661477
3.871337890625 -0.1347408580913888
3.87158203125 -0.1092171398250036
3.871826171875 0.155866144591776
3.8720703125 0.08125443741567751
3.872314453125 -0.3491196820701264
3.87255859375 -0.5861967932072093
3.872802734375 -0.3666838209198063
3.873046875 -0.0009119671939528839
3.873291015625 0.168097767522224
3.87353515625 0.131301873982712
3.873779296875 0.01853943471066182
3.8740234375 -0.08298163659243592
3.874267578125 -0.07240052213909599
3.87451171875 0.1020939344886875
3.874755859375 0.2956072035811209
3.875 0.3253358791394875
3.875244140625 0.2607480684138511
3.87548828125 0.3101073113766566
3.875732421875 0.4481973645859756
3.8759765625 0.4196098102523921
3.876220703125 0.1082408672441419
3.87646484375 -0.331958010328357
3.876708984375 -0.6948937980361968
3.876953125 -0.8409531474171676
3.877197265625 -0.6566262162168974
3.87744140625 -0.189155291656442
3.877685546875 0.2048269204196241
3.8779296875 0.1804679561513584
3.878173828125 -0.09515494447510092
3.87841796875 -0.1179065809438187
3.878662109375 0.1932102895288482
3.87890625 0.3067798936534483
3.879150390625 -0.13117679528655
3.87939453125 -0.6772080000906938
3.879638671875 -0.6306592609562769
3.8798828125 0.008956170093048209
3.880126953125 0.541285641927314
3.88037109375 0.4802542904993378
3.880615234375 0.07867190450179978
3.880859375 -0.1537796154975972
3.881103515625 -0.1188039850739478
3.88134765625 -0.08244734432405477
3.881591796875 -0.1629150339887608
3.8818359375 -0.1805107587457598
3.882080078125 -0.01297418870800763
3.88232421875 0.1647006216115549
3.882568359375 0.1289459067048798
3.8828125 -0.05097215244165666
3.883056640625 -0.1007997421350531
3.88330078125 0.06413121112420457
3.883544921875 0.1985866217525363
3.8837890625 0.03145078299192342
3.884033203125 -0.3945649268489282
3.88427734375 -0.7577175254487964
3.884521484375 -0.7812596853496973
3.884765625 -0.4808303246123076
3.885009765625 -0.135703356812206
3.88525390625 -0.03867185943550607
3.885498046875 -0.21158223432634
3.8857421875 -0.347357142046854
3.885986328125 -0.1250519262253676
3.88623046875 0.3790884642717968
3.886474609375 0.7182312402362077
3.88671875 0.6007923601579713
3.886962890625 0.2555165252450832
3.88720703125 0.1095393874430117
3.887451171875 0.21004494072158
3.8876953125 0.2155118692815344
3.887939453125 -0.04944799689766768
3.88818359375 -0.3227970192714381
3.888427734375 -0.3197785100067305
3.888671875 -0.1804823170637105
3.888916015625 -0.2582304847692238
3.88916015625 -0.5781210418807334
3.889404296875 -0.7855567175472616
3.8896484375 -0.6361214905490119
3.889892578125 -0.2796654176866925
3.89013671875 0.02782700480414396
3.890380859375 0.2646578895835419
3.890625 0.5250746558270921
3.890869140625 0.728303223596349
3.89111328125 0.6832670111011863
3.891357421875 0.3852551582737491
3.8916015625 0.03162177931853858
3.891845703125 -0.2426062739706857
3.89208984375 -0.4359075932652897
3.892333984375 -0.4887158084445926
3.892578125 -0.2794578349828645
3.892822265625 0.09483065395152976
3.89306640625 0.2760237783343662
3.893310546875 0.07170228126852378
3.8935546875 -0.2264635376689393
3.893798828125 -0.1570077584437825
3.89404296875 0.3442034612437028
3.894287109375 0.8523492896991578
3.89453125 0.8994005301797332
3.894775390625 0.4179096171962877
3.89501953125 -0.1990228425550623
3.895263671875 -0.4189771842491871
3.8955078125 -0.07139219941038059
3.895751953125 0.3994885638949257
3.89599609375 0.362993696880747
3.896240234375 -0.1975975522094749
3.896484375 -0.5521462736677842
3.896728515625 -0.1217775251390806
3.89697265625 0.7137228224339263
3.897216796875 1.049576483937005
3.8974609375 0.5686963393005406
3.897705078125 -0.1592051100973938
3.89794921875 -0.4542299426785092
3.898193359375 -0.2249594706005761
3.8984375 0.1527842829472716
3.898681640625 0.3106818294077224
3.89892578125 0.1255819769317243
3.899169921875 -0.2568806011256684
3.8994140625 -0.5103186857567721
3.899658203125 -0.4083216706274333
3.89990234375 -0.07707725105429113
3.900146484375 0.1684231128620637
3.900390625 0.2095639855333458
3.900634765625 0.1713344614327191
3.90087890625 0.1717606973717646
3.901123046875 0.2600015640581935
3.9013671875 0.4903154846071344
3.901611328125 0.7590489789977981
3.90185546875 0.7090770361208449
3.902099609375 0.1914680666355048
3.90234375 -0.3127798128074759
3.902587890625 -0.2383496346946813
3.90283203125 0.1835367221645565
3.903076171875 0.20431930418175
3.9033203125 -0.2793993304255072
3.903564453125 -0.560558373430827
3.90380859375 -0.2751010929180445
3.904052734375 0.04404881543351469
3.904296875 -0.08523375767739222
3.904541015625 -0.3094731007193089
3.90478515625 -0.1137838184315706
3.905029296875 0.3118381621475055
3.9052734375 0.4669273751995981
3.905517578125 0.3352939570957594
3.90576171875 0.2021319116672673
3.906005859375 0.07814231924315132
3.90625 -0.1172071154796055
3.906494140625 -0.1711287490418232
3.90673828125 0.0378978101842535
3.906982421875 0.131391262905581
3.9072265625 -0.1878350983819636
3.907470703125 -0.5097199849780285
3.90771484375 -0.3247026716095182
3.907958984375 0.1118154468909794
3.908203125 0.2516504790137036
3.908447265625 0.2196446306566257
3.90869140625 0.4470834608180613
3.908935546875 0.6573723596156857
3.9091796875 0.2462732667919215
3.909423828125 -0.4735873548677887
3.90966796875 -0.5321225706462873
3.909912109375 0.1309089528968075
3.91015625 0.4880331356462097
3.910400390625 0.06400025853282494
3.91064453125 -0.3613913925687878
3.910888671875 -0.1468137640148332
3.9111328125 0.1647487341610322
3.911376953125 -0.1174444862075685
3.91162109375 -0.6163307156870692
3.911865234375 -0.557468608899466
3.912109375 -0.05282509315284568
3.912353515625 0.1577359495108353
3.91259765625 -0.1114472783104659
3.912841796875 -0.362207645102472
3.9130859375 -0.2803775049785003
3.913330078125 -0.06947297570569852
3.91357421875 0.00591271745804738
3.913818359375 -0.08630599921253555
3.9140625 -0.2429555129900791
3.914306640625 -0.2759857291671225
3.91455078125 -0.01820785072569738
3.914794921875 0.3592270305012929
3.9150390625 0.4143832635844146
3.915283203125 0.09127086212656595
3.91552734375 -0.08844929151939127
3.915771484375 0.1581779715859499
3.916015625 0.3551365936502417
3.916259765625 0.06433136535489256
3.91650390625 -0.3044838193121614
3.916748046875 -0.1658527131863122
3.9169921875 0.1891384111438684
3.917236328125 0.05633774299588454
3.91748046875 -0.4467528615652898
3.917724609375 -0.5574849826787278
3.91796875 -0.1883051736678321
3.918212890625 -0.07985853268388975
3.91845703125 -0.5103947397544133
3.918701171875 -0.8077232575711157
3.9189453125 -0.4790255906920303
3.919189453125 0.01321075006846877
3.91943359375 0.07534179572516088
3.919677734375 -0.1164685185905327
3.919921875 -0.09398983864961824
3.920166015625 0.08621391229108753
3.92041015625 0.1126461974284601
3.920654296875 0.08142645489004238
3.9208984375 0.2527998105756697
3.921142578125 0.4313368897825543
3.92138671875 0.2246442032749422
3.921630859375 -0.2286414360584094
3.921875 -0.3888488113230481
3.922119140625 -0.1393772954803515
3.92236328125 0.06334434572467625
3.922607421875 -0.06799822896203626
3.9228515625 -0.2350410793248728
3.923095703125 -0.05619823827711517
3.92333984375 0.3584541422251996
3.923583984375 0.5643576814477164
3.923828125 0.3381800388241872
3.924072265625 -0.1007939332571497
3.92431640625 -0.3564123786977174
3.924560546875 -0.2543895036801706
3.9248046875 0.003313791119121761
3.925048828125 0.07635883671030462
3.92529296875 -0.1232111515647543
3.925537109375 -0.3615529402758555
3.92578125 -0.4096930546576391
3.926025390625 -0.2560227743253274
3.92626953125 0.06285044139275307
3.926513671875 0.5511730412132978
3.9267578125 0.9827478520187457
3.927001953125 0.8779232417172406
3.92724609375 0.137471978996935
3.927490234375 -0.5495419793608787
3.927734375 -0.4432411751190782
3.927978515625 0.2180018662224883
3.92822265625 0.4941330463643659
3.928466796875 0.04789367565996234
3.9287109375 -0.4568536096274573
3.928955078125 -0.4239934604442694
3.92919921875 -0.1436690995527519
3.929443359375 -0.1592216128573005
3.9296875 -0.3595820830428666
3.929931640625 -0.2635711609334014
3.93017578125 0.1213140323195635
3.930419921875 0.318451818012669
3.9306640625 0.1230236741917923
3.930908203125 -0.1854995063208175
3.93115234375 -0.3123637855616161
3.931396484375 -0.2020207209631251
3.931640625 0.1087088826582536
3.931884765625 0.4725879816358682
3.93212890625 0.5395752864766987
3.932373046875 0.136999577533567
3.9326171875 -0.3048588121101956
3.932861328125 -0.2033261957509682
3.93310546875 0.309883631646182
3.933349609375 0.5294747786612939
3.93359375 0.243496937933697
3.933837890625 0.01972074093275858
3.93408203125 0.2128742519876036
3.934326171875 0.3531041569953268
3.9345703125 -0.04378040557074429
3.934814453125 -0.6141860100120575
3.93505859375 -0.6789966074322188
3.935302734375 -0.2619914067215705
3.935546875 0.04718572218752083
3.935791015625 0.02222764613240208
3.93603515625 -0.02619934639048044
3.936279296875 0.09844034632027218
3.9365234375 0.243464615403585
3.936767578125 0.3191645803697752
3.93701171875 0.4141727530082107
3.937255859375 0.4548288965061963
3.9375 0.2510297991442705
3.937744140625 -0.03478386592642675
3.93798828125 0.03568934417510517
3.938232421875 0.4770551716680364
3.9384765625 0.7302149283167219
3.938720703125 0.4350858513042299
3.93896484375 -0.07285522270088242
3.939208984375 -0.3090848444617727
3.939453125 -0.2867100077281599
3.939697265625 -0.276965412025078
3.93994140625 -0.2710573375984607
3.940185546875 -0.1121716310579571
3.9404296875 0.0659456814443784
3.940673828125 -0.001989297879689754
3.94091796875 -0.2165731347115174
3.941162109375 -0.2158161861392849
3.94140625 0.03511318719105981
3.941650390625 0.1620002079342303
3.94189453125 -0.03249158281688786
3.942138671875 -0.2514482106093129
3.9423828125 -0.1262693107377605
3.942626953125 0.2971059030539543
3.94287109375 0.6572269763455739
3.943115234375 0.6763625520210319
3.943359375 0.3238703173395339
3.943603515625 -0.2326649668238095
3.94384765625 -0.666993343813868
3.944091796875 -0.6432683836994297
3.9443359375 -0.150189898914873
3.944580078125 0.3827919802024439
3.94482421875 0.5018582699712292
3.945068359375 0.2270867921353195
3.9453125 -0.04561520766547948
3.945556640625 -0.09959941452252437
3.94580078125 -0.111680924886996
3.946044921875 -0.2680485561465255
3.9462890625 -0.4296516953176123
3.946533203125 -0.3613706878111423
3.94677734375 -0.1219469801358909
3.947021484375 0.02034783042379962
3.947265625 -0.0003376368160742927
3.947509765625 0.02989568462442829
3.94775390625 0.2337273377468677
3.947998046875 0.4121297834717902
3.9482421875 0.3053558495149338
3.948486328125 -0.05144390262845364
3.94873046875 -0.3704519390149201
3.948974609375 -0.4328533993390628
3.94921875 -0.2429660530164015
3.949462890625 0.08057460565369168
3.94970703125 0.4124180324919732
3.949951171875 0.6133017608724791
3.9501953125 0.5655792392498752
3.950439453125 0.3037100260380067
3.95068359375 0.03806957559168894
3.950927734375 -0.04144506569917825
3.951171875 0.03642111846852336
3.951416015625 0.08851054104895334
3.95166015625 0.0178439910163607
3.951904296875 -0.09547569421756598
3.9521484375 -0.1466480569640671
3.952392578125 -0.141601279353277
3.95263671875 -0.1250767300990601
3.952880859375 -0.07581775136247805
3.953125 0.01853125236110171
3.953369140625 0.05314775645708007
3.95361328125 -0.08348124376519989
3.953857421875 -0.312724074427952
3.9541015625 -0.4157255246814826
3.954345703125 -0.2747505508756571
3.95458984375 0.05181629606645181
3.954833984375 0.4411114885059696
3.955078125 0.7124667811075595
3.955322265625 0.5949538933291146
3.95556640625 -0.003842630657842409
3.955810546875 -0.6667489519339255
3.9560546875 -0.7632777636026888
3.956298828125 -0.2320639584054715
3.95654296875 0.2585670069059008
3.956787109375 0.1458851271376572
3.95703125 -0.3447493842665275
3.957275390625 -0.6197773035396121
3.95751953125 -0.5017451229356833
3.957763671875 -0.2367746031394811
3.9580078125 -0.0002060375502880158
3.958251953125 0.1604796609180857
3.95849609375 0.08691042066991035
3.958740234375 -0.3018989044159928
3.958984375 -0.6867112806618106
3.959228515625 -0.6718467172057586
3.95947265625 -0.3640192772125075
3.959716796875 -0.1942672037586473
3.9599609375 -0.2425812151738386
3.960205078125 -0.2073396617215629
3.96044921875 0.009664002324886529
3.960693359375 0.1811849781844132
3.9609375 0.1966276371847694
3.961181640625 0.1460103811900167
3.96142578125 -0.0006380086136232092
3.961669921875 -0.2903555970215516
3.9619140625 -0.4269124791664346
3.962158203125 -0.1032402874565749
3.96240234375 0.3436387312819381
3.962646484375 0.276873819658724
3.962890625 -0.2286641308668149
3.963134765625 -0.4490094442974401
3.96337890625 -0.148709418683632
3.963623046875 0.1493086490852076
3.9638671875 0.1656980462964387
3.964111328125 0.2418166764730298
3.96435546875 0.4582069685308112
3.964599609375 0.3321141888690776
3.96484375 -0.1872208174436586
3.965087890625 -0.3771676379442924
3.96533203125 0.05232317060297238
3.965576171875 0.3571385703482407
3.9658203125 0.04143452018658466
3.966064453125 -0.2136852134623526
3.96630859375 0.2321020473175142
3.966552734375 0.7383699554655108
3.966796875 0.4360543237622649
3.967041015625 -0.2403629488060764
3.96728515625 -0.2980136144308569
3.967529296875 0.1148788680927356
3.9677734375 0.08176879584827122
3.968017578125 -0.380972758607716
3.96826171875 -0.376211866178093
3.968505859375 0.2466074185836756
3.96875 0.6381420512961092
3.968994140625 0.3891217725576113
3.96923828125 0.03589908481382018
3.969482421875 -0.01767170064961309
3.9697265625 0.0007453265330097958
3.969970703125 -0.02159856876871807
3.97021484375 0.1375474123165674
3.970458984375 0.3396199620518386
3.970703125 0.1759287889182741
3.970947265625 -0.09022680618508154
3.97119140625 0.2607306913009599
3.971435546875 1.036270398829019
3.9716796875 1.123116025229151
3.971923828125 0.2040058918008513
3.97216796875 -0.6565526715208301
3.972412109375 -0.6344219145793135
3.97265625 -0.2412580531637871
3.972900390625 -0.1719333326708602
3.97314453125 -0.1401229103121795
3.973388671875 0.3026839092495651
3.9736328125 0.7101081765849743
3.973876953125 0.4792582108052634
3.97412109375 -0.03047980569948728
3.974365234375 -0.08008255954314013
3.974609375 0.2465034328784859
3.974853515625 0.3224252521515982
3.97509765625 0.06744551106785254
3.975341796875 -0.0976228476740315
3.9755859375 -0.09183627539998956
3.975830078125 -0.1765705084725265
3.97607421875 -0.3300385096237111
3.976318359375 -0.321425274516954
3.9765625 -0.2236865687900516
3.976806640625 -0.2299285393452805
3.97705078125 -0.1736892800476139
3.977294921875 0.1572306165891978
3.9775390625 0.4592210600988119
3.977783203125 0.3038370719394356
3.97802734375 -0.107061924336451
3.978271484375 -0.2226327207833871
3.978515625 -0.01811514044022491
3.978759765625 0.06265691910653626
3.97900390625 -0.08127867320012751
3.979248046875 -0.1196434252287414
3.9794921875 0.03543591980212942
3.979736328125 0.1140193276285756
3.97998046875 0.06127517579833316
3.980224609375 0.115482068957107
3.98046875 0.2529772181652831
3.980712890625 0.1415621336170378
3.98095703125 -0.2271327897285814
3.981201171875 -0.4010367289922744
3.9814453125 -0.1560997603169972
3.981689453125 0.1407248241839634
3.98193359375 0.08733639585705766
3.982177734375 -0.2127211902365938
3.982421875 -0.4127559869230437
3.982666015625 -0.4239593121059397
3.98291015625 -0.3824191448668405
3.983154296875 -0.3142791190359508
3.9833984375 -0.1119289055850211
3.983642578125 0.2068040872865101
3.98388671875 0.4146874586777394
3.984130859375 0.3142153153224045
3.984375 0.0112151964437779
3.984619140625 -0.1305885719874307
3.98486328125 0.1159118005243593
3.985107421875 0.5302254666990051
3.9853515625 0.6686154527489145
3.985595703125 0.3957335028860033
3.98583984375 0.008501707095835784
3.986083984375 -0.1871300028528999
3.986328125 -0.1895475155970029
3.986572265625 -0.1416092061551654
3.98681640625 -0.1256154986962893
3.987060546875 -0.2043496817955935
3.9873046875 -0.3885086876829625
3.987548828125 -0.4782503318941209
3.98779296875 -0.2609429178117679
3.988037109375 0.04521661426384442
3.98828125 -0.04177194952858589
3.988525390625 -0.5053741194179053
3.98876953125 -0.7218766033761835
3.989013671875 -0.3778365871638892
3.9892578125 0.01664257421028132
3.989501953125 -0.07683535824253113
3.98974609375 -0.4049939207995577
3.989990234375 -0.4099246911843676
3.990234375 -0.1223216886294663
3.990478515625 0.02888678313559408
3.99072265625 -0.009022245458523556
3.990966796875 0.04360056196267927
3.9912109375 0.1904526253306342
3.991455078125 0.2068334798508358
3.99169921875 0.1427777373748656
3.991943359375 0.1864910100089981
3.9921875 0.1590043092117319
3.992431640625 -0.2385654749781376
3.99267578125 -0.7569530416164305
3.992919921875 -0.8093395252249342
3.9931640625 -0.3390044946593269
3.993408203125 0.1189288799308456
3.99365234375 0.2507476109251481
3.993896484375 0.2496654210664323
3.994140625 0.2738410273600167
3.994384765625 0.2503234125495492
3.99462890625 0.2931366503589783
3.994873046875 0.6548170094303069
3.9951171875 1.09277414969063
3.995361328125 0.9428739182162077
3.99560546875 0.110562893528222
3.995849609375 -0.6004209594558978
3.99609375 -0.5107132766958772
3.996337890625 0.07673875565622847
3.99658203125 0.4185049451652002
3.996826171875 0.2886763561910917
3.9970703125 -0.01807906661920073
3.997314453125 -0.2587176505407793
3.99755859375 -0.3542204640526827
3.997802734375 -0.2050149986908412
3.998046875 0.1503317045658262
3.998291015625 0.3733235253944575
3.99853515625 0.2252385524015188
3.998779296875 -0.02750510384667771
3.9990234375 0.00165900817133043
3.999267578125 0.1767489730407942
3.99951171875 0.0358247459260695
3.999755859375 -0.4147816414387878
