domain units: Hz
measurement data type: std::complex<double>
segment length (sec): 4
sampling rate (Hz): 4096
domain bounds (Hz): [0, 2048.25)
support bounds (Hz): [20, 1024)support indexes: [80, 4096)
---------------
domainValue measuredValue
0 (0,0)
0.25 (0,0)
0.5 (0,0)
0.75 (0,0)
1 (0,0)
1.25 (0,0)
1.5 (0,0)
1.75 (0,0)
2 (0,0)
2.25 (0,0)
2.5 (0,0)
2.75 (0,0)
3 (0,0)
3.25 (0,0)
3.5 (0,0)
3.75 (0,0)
4 (0,0)
4.25 (0,0)
4.5 (0,0)
4.75 (0,0)
5 (0,0)
5.25 (0,0)
5.5 (0,0)
5.75 (0,0)
6 (0,0)
6.25 (0,0)
6.5 (0,0)
6.75 (0,0)
7 (0,0)
7.25 (0,0)
7.5 (0,0)
7.75 (0,0)
8 (0,0)
8.25 (0,0)
8.5 (0,0)
8.75 (0,0)
9 (0,0)
9.25 (0,0)
9.5 (0,0)
9.75 (0,0)
10 (0,0)
10.25 (0,0)
10.5 (0,0)
10.75 (0,0)
11 (0,0)
11.25 (0,0)
11.5 (0,0)
11.75 (0,0)
12 (0,0)
12.25 (0,0)
12.5 (0,0)
12.75 (0,0)
13 (0,0)
13.25 (0,0)
13.5 (0,0)
13.75 (0,0)
14 (0,0)
14.25 (0,0)
14.5 (0,0)
14.75 (0,0)
15 (0,0)
15.25 (0,0)
15.5 (0,0)
15.75 (0,0)
16 (0,0)
16.25 (0,0)
16.5 (0,0)
16.75 (0,0)
17 (0,0)
17.25 (0,0)
17.5 (0,0)
17.75 (0,0)
18 (0,0)
18.25 (0,0)
18.5 (0,0)
18.75 (0,0)
19 (0,0)
19.25 (0,0)
19.5 (0,0)
19.75 (0,0)
20 (1.096829831730044,1.272924693196503)
20.25 (-1.972646916841871,-0.4721658621060294)
20.5 (-0.5879935698361209,0.02357956945711766)
20.75 (-0.0341575716531687,0.6515788036691156)
21 (0.1067408354089565,-2.262233721985952)
21.25 (-1.120021534319777,-1.012128243129697)
21.5 (2.673398720973819,0.7448505762105916)
21.75 (0.7689668306494314,0.7878056986144403)
22 (-0.9213552389599571,-1.683334216454302)
22.25 (1.176280436440898,2.442107546642831)
22.5 (0.8155901235408178,1.829162892906586)
22.75 (-0.1510493262425035,1.237894922793803)
23 (-2.02144119244613,-0.4003071013958046)
23.25 (0.3316300418692353,-0.5765730250653163)
23.5 (0.03398747208340417,-2.651566270290215)
23.75 (-0.2033353588046014,-1.12783470355594)
24 (3.76929691730871,-0.8619544836899434)
24.25 (-0.05759209177312481,2.568553098743666)
24.5 (-0.2057657910109998,1.969840942321516)
24.75 (-1.16570328953429,-1.490886503832366)
25 (-1.701754158545953,-0.003171601538964291)
25.25 (1.186706770489993,-0.9514496788514269)
25.5 (1.520720925035389,0.3513246806989602)
25.75 (-0.8425512885445862,1.564967623112355)
26 (-1.733381822852518,2.957163095475629)
26.25 (0.4869567871026804,-0.1081028591711867)
26.5 (-2.060719946598497,-0.9816903339823364)
26.75 (-0.3246209576584001,-1.834864603413939)
27 (0.02416865958531629,-1.731768975033526)
27.25 (1.635610409416013,-0.6462060851812628)
27.5 (0.5509512616563079,1.362469709633935)
27.75 (-1.060571107528712,0.2441363201320537)
28 (1.578011359560883,0.5489846265654275)
28.25 (-0.7776218801079589,1.150583543677355)
28.5 (-1.773501995584618,-0.2995681960672627)
28.75 (-0.6489096820706974,-1.54721316785982)
29 (1.431731118805086,-1.552623899273229)
29.25 (1.117923255497416,1.192204626660265)
29.5 (-0.5257204160557064,-0.6734899403927783)
29.75 (-0.6768171504133389,1.893438864130581)
30 (0.04987000342910658,-0.2212779900034735)
30.25 (-1.59715913111463,-1.404014910533106)
30.5 (1.751956417862792,1.711415187903344)
30.75 (-1.915878094543852,-0.4970425137530677)
31 (0.06624532900964308,-0.7141794465234033)
31.25 (-0.3140666299455221,0.8608396671536702)
31.5 (-0.3022920495338738,-3.352436257099873)
31.75 (0.2845348090935662,-1.366971905535787)
32 (-0.3761677285691911,1.258297239430461)
32.25 (1.824015300668697,-1.324750699128901)
32.5 (-1.24924811626582,-0.0734166757787945)
32.75 (0.8360038356894393,1.097378709885783)
33 (3.155605029274819,-2.239159915837933)
33.25 (0.9547331989135008,2.662852969672143)
33.5 (-4.018196140813637,2.232097757035203)
33.75 (0.9086800153715329,0.7644558673257404)
34 (-1.087529582059085,-1.347930619176361)
34.25 (-1.388174670044001,-0.3295106116989657)
34.5 (0.4408293181526791,1.367613045484733)
34.75 (-0.5678962084611699,-0.1561737631731888)
35 (-0.2664306459734117,-2.073090953389336)
35.25 (-1.404188267253508,-0.293403990043278)
35.5 (0.231719001200152,-1.083019936880738)
35.75 (1.970361036727029,0.4108393188623862)
36 (1.572480365299758,-1.514213338254773)
36.25 (-0.4731951594616361,-1.835567854883035)
36.5 (1.769973509818212,0.9559592450077394)
36.75 (1.577969994188237,1.841718607215932)
37 (-0.7313124085857152,0.4402443889278171)
37.25 (-0.8690233107420936,-0.8682453349448821)
37.5 (-0.8084589403634319,1.913543665970667)
37.75 (1.154491364788986,1.346238240599005)
38 (-1.014288205602828,0.9260041994460138)
38.25 (-0.6413660910782948,-1.588088612521277)
38.5 (-2.944846824008014,0.573744618160218)
38.75 (0.2890408739289992,-3.282334674336977)
39 (1.40637993861018,-2.423576078892332)
39.25 (2.413086512061453,-1.134007403800199)
39.5 (-0.4551250396472563,0.9032332954116404)
39.75 (1.001070371782921,-0.9038884040324882)
40 (0.7364426506649904,2.740402549545814)
40.25 (-0.9375323681010216,0.5289852246199965)
40.5 (-0.4849937279908592,-2.123524840114142)
40.75 (0.5939780310548686,1.438959144967958)
41 (1.773707370153417,-0.8012095220258607)
41.25 (-1.261141999221007,0.5129817342095554)
41.5 (1.262626567749597,-0.7667461605185906)
41.75 (-0.07681025599611924,1.375552082738008)
42 (-1.156242014379151,-0.02473596317447463)
42.25 (-1.117026566838268,-1.453550444384117)
42.5 (-1.264149551166949,-1.636754989144324)
42.75 (0.1967359760567982,0.2203149065768364)
43 (0.2968529551347197,-0.7545682186279198)
43.25 (1.481756781871289,-2.066892837804882)
43.5 (-0.423219542627816,2.044068608793022)
43.75 (1.47585081869824,1.279865851940509)
44 (-0.004269596454889755,2.256486012317931)
44.25 (-1.600456175323332,-2.064336116268659)
44.5 (0.4309220592760298,0.3239642982928813)
44.75 (-0.1802778616876336,2.46542541127301)
45 (0.7488018400518571,-2.006939564791963)
45.25 (-0.8453672523126156,0.4736093577935642)
45.5 (0.05051959201951065,-2.399259880320451)
45.75 (0.314010516303399,1.485749270055498)
46 (1.472575783543156,1.326056694306448)
46.25 (-0.08127101876661513,-0.2144237430156855)
46.5 (-1.392740691951942,-1.038424754542306)
46.75 (0.1541079013997486,1.508010769545729)
47 (1.33626054025333,-0.9472318670959995)
47.25 (-0.7306681172857136,1.242691608510514)
47.5 (-0.5946353180469213,-2.81972533015621)
47.75 (-0.01229977960368738,1.538593506615491)
48 (-0.2417817595658878,1.129721113419382)
48.25 (-1.227295706415849,0.9232832065223932)
48.5 (0.1574354696256756,-2.807022659388211)
48.75 (-1.621371402972425,-0.9949639787926305)
49 (0.9743243833529027,-0.9618913800375279)
49.25 (3.365003550569276,1.00130160355196)
49.5 (1.246380985029966,2.220674097224844)
49.75 (-2.261402350024579,1.018310076213893)
50 (-0.8277140113887952,-1.349525551705852)
50.25 (1.708736642324012,1.362209738222472)
50.5 (0.4702693913607791,-0.8771779206641709)
50.75 (-2.58819460601497,3.450374138239637)
51 (-0.8467888402473512,-1.532592739037109)
51.25 (0.7370302898364903,-2.144506086908593)
51.5 (-0.5484514129428333,1.266324736747697)
51.75 (0.6241971803446774,1.681261108872276)
52 (-0.9789489831054693,-1.424428142731773)
52.25 (-0.378670311956453,-1.389225257614954)
52.5 (0.1131989474389695,-0.4500781452382081)
52.75 (-0.2303242763196629,2.004650189570797)
53 (-0.1477315697143015,0.5052970053008708)
53.25 (-0.565256874204019,-1.761269111252081)
53.5 (0.7045475297439695,-1.091762833719735)
53.75 (1.24201324939949,1.474459148669714)
54 (0.6455342420768315,1.215051670880529)
54.25 (1.550197686889806,-1.3631933755362)
54.5 (-2.112710615112962,1.160299194577339)
54.75 (-0.04898346424304809,2.557639720220691)
55 (-1.086424378537332,-0.7045082691052307)
55.25 (0.4504412486376074,-1.446795168095637)
55.5 (-1.007320386726091,0.8808755431582693)
55.75 (0.458535136945645,-2.198539579053309)
56 (0.03664257439163855,-1.519631748291741)
56.25 (1.981802292641953,1.221551747914383)
56.5 (1.559489884170868,0.7041081403059312)
56.75 (-1.876495097294112,-0.982376979343535)
57 (-0.6679548735695955,2.183783859445242)
57.25 (0.2571434409289308,1.069148175976075)
57.5 (-1.160514228540439,-2.385637955088491)
57.75 (-0.5467132876393409,-0.0307959335121189)
58 (2.105813698190125,-0.0649511913663048)
58.25 (1.442856562247504,-0.03192815671522612)
58.5 (-1.474586339786119,1.063418260824973)
58.75 (1.343035924920281,1.700554787421989)
59 (-2.590943604982709,-3.49227452403564)
59.25 (2.744399188351906,-0.161324805142275)
59.5 (0.4824765171772853,2.740068381301458)
59.75 (-0.4344600705573406,0.3534336469390422)
60 (-1.588902742814284,-0.8608181499352127)
60.25 (0.9252953902944953,-0.1628139894549496)
60.5 (0.437505870651892,0.02939041766919505)
60.75 (-1.272981600791165,-0.5175475271243014)
61 (0.1432467656542004,-1.275945619221408)
61.25 (1.285270749431434,1.152010828401987)
61.5 (1.142613356197217,-1.212825793374396)
61.75 (-1.453386284039313,0.9776121519557164)
62 (1.971650875908714,1.500462247308261)
62.25 (-1.858117963456857,-1.09292729059894)
62.5 (0.5953284760529254,-1.292215085453664)
62.75 (1.672281706746173,-0.7907231335092728)
63 (0.1574671204569313,1.394283390318593)
63.25 (0.6699345902929268,0.1320942942579315)
63.5 (1.541787438869032,3.058142590401652)
63.75 (-1.559588140235653,-0.530770612810091)
64 (-1.897985183496478,1.326300582049642)
64.25 (-2.369416475727707,-0.4239436675105322)
64.5 (1.141064277581106,-1.483961274839096)
64.75 (-1.247709802910469,-1.497240870358813)
65 (1.491679300539557,-0.4095429166602214)
65.25 (4.163121518308637,-0.7824587864252812)
65.5 (2.653354318858529,0.557399588357842)
65.75 (1.851483347553741,3.16224818439082)
66 (-1.609237720469494,1.435275887745868)
66.25 (-1.491877976964777,0.5812400220705056)
66.5 (0.1621186688695036,-0.8645310193158682)
66.75 (-1.580622337228303,0.7471863945664036)
67 (1.642546070100841,-0.9908993522149685)
67.25 (-1.543187988317126,-0.9946038700126931)
67.5 (1.131622542480967,-0.169203131594692)
67.75 (-0.4590361662878691,-1.268449143621071)
68 (1.417942130266092,1.113479337248091)
68.25 (0.3653831488567516,-3.151569244632545)
68.5 (-0.6115335073020211,1.627667196555802)
68.75 (1.640252652432562,-0.6687477429805234)
69 (2.119639281574789,1.726307772603982)
69.25 (-1.037392718116217,-0.3914317374132768)
69.5 (-0.3130953873862652,2.258152666493122)
69.75 (-0.05857889492122953,1.637626014781723)
70 (-3.266963162092527,-0.8138465787041579)
70.25 (-0.4084557904855869,1.577075986207354)
70.5 (0.04009586063906923,-1.797258682339419)
70.75 (-1.909291784822068,-0.3352734735308062)
71 (-0.6253723430616422,-0.4368547455691055)
71.25 (1.806387497444834,0.2223356308982197)
71.5 (-1.138323171983107,-1.233809016529827)
71.75 (1.079548485645004,-1.213183222276345)
72 (0.9762060369774805,1.700641817869871)
72.25 (1.991829261764263,-0.1048137716481372)
72.5 (-0.7442670753194478,0.9532258442839711)
72.75 (-1.268339547729121,0.6640085551363275)
73 (-2.272251338936615,1.492354563657294)
73.25 (0.6412529368690125,-1.058657913767146)
73.5 (0.7115106453066787,-1.249146040280952)
73.75 (0.03415883639535264,-0.2307000479287531)
74 (-1.232402266441208,0.7148090202698036)
74.25 (1.658585690550975,-0.6144920495991879)
74.5 (0.1892214613939059,-1.165199280880789)
74.75 (-0.04576401009258659,1.939577411228004)
75 (0.3158192990821725,1.20521703054172)
75.25 (-1.443471872585493,-1.319284115353188)
75.5 (0.9699141146665093,0.6496874931375194)
75.75 (0.2045968086373242,-1.071651794200026)
76 (0.1309322325146627,1.92246981154536)
76.25 (-0.5557718768326827,0.3870614162757155)
76.5 (-0.6567685671559915,-1.861520680476368)
76.75 (0.8327652538067681,1.870208918789466)
77 (-0.1426436622459226,0.5196867259815542)
77.25 (0.4940448681707029,-0.7074273087261241)
77.5 (-0.5883806535441809,-1.050285081342708)
77.75 (-0.7505518254610332,0.004642928538045495)
78 (1.517959124142875,1.246833896498487)
78.25 (0.4528341953208987,-0.759527859924335)
78.5 (-1.724159163107694,0.4510603527537277)
78.75 (0.0720008806820911,-1.27496160886914)
79 (-0.1200777882045633,-0.8330320207933516)
79.25 (2.240631483119934,2.338877221417329)
79.5 (-1.382058165013811,-1.259944173590189)
79.75 (0.2917125609387234,0.02470255301612556)
80 (0.6214452849725139,0.5050738698669606)
80.25 (-0.4982279491174173,0.2564789340136429)
80.5 (0.3273869561072026,-1.027137959226114)
80.75 (-0.294402030272829,0.3834464942217265)
81 (0.189804365689553,-1.296359067573275)
81.25 (0.400925751974147,0.6946845862488669)
81.5 (1.72651163076092,0.3904636038219126)
81.75 (-0.6464537105387111,0.1279350647161616)
82 (0.2665778499601438,1.083191293085392)
82.25 (-1.044755964164227,-0.5549672847745817)
82.5 (0.8634169380618849,-0.1015532416749126)
82.75 (-0.2001623994784065,1.306112521620275)
83 (-0.1214988601617504,1.072711611588792)
83.25 (-2.286970526927487,-2.696752492381177)
83.5 (1.363140702742307,1.29249064505437)
83.75 (-1.629476252582453,0.1505058364770723)
84 (0.1187447959170606,-0.2779993479953902)
84.25 (-0.005761770464848613,-1.818550112424069)
84.5 (0.3894472128826988,0.7390887574991805)
84.75 (0.4028863983744174,-0.680328064011865)
85 (1.46032046571582,0.8350599069156129)
85.25 (0.1652789727960633,0.2040675135299401)
85.5 (-0.2526516757557776,1.31769306371547)
85.75 (-1.628817564513009,0.4036570747543273)
86 (-1.423322844348202,-0.5157703702672857)
86.25 (0.01885811345552459,-1.487158694636893)
86.5 (1.122883269642822,-0.9383709740058245)
86.75 (-1.326420313596961,-0.773619263312757)
87 (1.424732840429097,-0.1933085137387436)
87.25 (0.57004744517977,1.418680848009998)
87.5 (-0.01996119707988051,-1.391034562726019)
87.75 (1.076113829862002,0.2878454989820428)
88 (0.7539687639771625,1.454848275438814)
88.25 (-3.473744337607575,1.206722619715008)
88.5 (-1.125185794284144,0.3269843272030961)
88.75 (1.050236103371397,-1.068131713449004)
89 (-2.034875405550363,0.02711264129713941)
89.25 (1.705481142865525,-0.9019291088656853)
89.5 (0.05910104213665604,1.272677976279114)
89.75 (1.494155708561486,-0.5973910978412171)
90 (-1.615280996112528,-0.06027360472775475)
90.25 (0.2110690647014473,-1.116304012101408)
90.5 (0.2209293664545079,3.430654438377961)
90.75 (0.7305619531649018,-0.04334120588309602)
91 (-4.479587788751436,-0.7125878532624054)
91.25 (-0.3568568859575809,-1.570310962448347)
91.5 (0.6610179927823034,-0.01321132635107966)
91.75 (2.094407305227293,1.249950553456681)
92 (-0.856344162347226,-1.008489806121344)
92.25 (-0.7556336261589531,-0.2957617015654987)
92.5 (0.8956003569322309,-0.1579782808254901)
92.75 (1.130526612884624,2.904921345806197)
93 (-0.9023869822876217,-0.8910191612898457)
93.25 (-0.7911773210926607,-1.521033736399475)
93.5 (1.005893562434618,0.5878211437225694)
93.75 (1.862551910349142,0.9838808465066811)
94 (-0.7168951264821332,-0.8393326017510901)
94.25 (-1.278341514352023,1.671750680924388)
94.5 (-0.1067445094600938,0.8807432709858507)
94.75 (0.6632012616869266,-2.23542910195847)
95 (-1.48394781871533,0.5103977343951026)
95.25 (0.6599812646477813,-1.551277437457911)
95.5 (4.431566670016323,1.432612511597795)
95.75 (1.314462840329875,0.2352455965158911)
96 (-1.458217777616069,1.960773005058211)
96.25 (-1.071445165508757,1.430648589404173)
96.5 (-1.873501603715411,-2.242448809109912)
96.75 (0.1077781890124132,-2.18378506517896)
97 (1.990831725988366,-0.1175630158605532)
97.25 (-1.519739265571254,1.266911273000405)
97.5 (1.136768538752371,1.368131416830255)
97.75 (-1.612483491969543,-0.2270062499451131)
98 (-3.512572321741533,-2.105150366792071)
98.25 (1.110849909434614,-1.052999611828627)
98.5 (1.403049133589313,-0.8202936159889466)
98.75 (1.335425279105409,-1.393879391770062)
99 (0.8714594215796503,1.013494050599814)
99.25 (-0.6723301518377204,1.830868609538767)
99.5 (1.034246079887011,-0.5609210962830992)
99.75 (-1.773628987252388,-0.1795874869196979)
100 (1.381875576223504,0.03456231504665555)
100.25 (1.787457405689073,0.5307407562009219)
100.5 (-1.248856512488081,1.279309390782722)
100.75 (-0.05271412298086414,0.4867197410813113)
101 (-1.637730935384738,-0.1737846122324777)
101.25 (0.1565709199723772,-1.35978938100543)
101.5 (1.172436524746929,0.3193275832747726)
101.75 (-0.622964834611028,-1.280204386972207)
102 (-0.3586546813019149,-1.042833031648537)
102.25 (4.153495796636635,1.891914814055718)
102.5 (-1.199343158230799,0.9619368391858228)
102.75 (-1.382665353721347,-2.203613512296558)
103 (1.793704016004295,1.750140064839049)
103.25 (1.345330485927467,-1.189273312477894)
103.5 (-1.723419744055074,2.161918892918671)
103.75 (0.5945912747115234,-0.7543433300532782)
104 (0.04697697311578731,-0.9841517977661889)
104.25 (-0.2524403689012611,1.382331063390606)
104.5 (0.3896915473574093,-0.3183026078549158)
104.75 (0.2446999689836725,1.230117380557963)
105 (-3.133150777328627,-2.12486561282472)
105.25 (0.6901073486655015,-0.05907815951840063)
105.5 (2.075931597825826,-0.8277464354878639)
105.75 (0.4737321033126742,0.368480532940119)
106 (-1.365875643238585,0.06064174505045259)
106.25 (1.190308784980095,-0.4636823409601807)
106.5 (-1.544706500515833,1.833272021640766)
106.75 (2.325703277922021,-2.586205176750328)
107 (-0.1496321507870225,1.258730261515195)
107.25 (-1.265259825915627,-0.8268842007951042)
107.5 (1.571076636044543,-0.04337038117508949)
107.75 (0.8432694745186633,-0.1914029980678526)
108 (-0.1874662462838054,1.476286245503321)
108.25 (0.3721794783748164,0.4766637607421351)
108.5 (-1.045640897746287,0.9814601643977651)
108.75 (-0.9653231019264633,-0.9266886923810851)
109 (1.148636407069267,0.7332013028429745)
109.25 (0.7309078213036204,1.856302781782501)
109.5 (-1.684408560967464,-0.5240792663939717)
109.75 (-0.9523457953837418,-0.8294203381745733)
110 (1.293831041670201,-1.068484457857149)
110.25 (0.8320636755064524,0.8779505233432745)
110.5 (-1.414763754238069,-0.2553461356338684)
110.75 (-0.2058955500120512,-1.160607449241821)
111 (0.9668005968461428,0.9936116909384964)
111.25 (-0.4911370790290652,-1.315692008174211)
111.5 (0.3180797184578133,-0.6718552976823563)
111.75 (1.651755935404774,1.256914645590227)
112 (1.817941889556223,-0.196269584104853)
112.25 (0.03509159104601606,1.613998038044135)
112.5 (-1.15985452524842,-0.7570177387803765)
112.75 (-0.9570224762988586,1.238267402076332)
113 (0.6189028328751585,-1.144089074656731)
113.25 (-0.7963793666108521,0.4917228730492596)
113.5 (-0.5802771417581796,-0.6559286112874247)
113.75 (1.824875484131633,-1.080502519284586)
114 (1.595363774269006,-0.9081566969856328)
114.25 (-0.2343769929444786,1.472887920492325)
114.5 (0.9858788990232946,-0.04748103617061266)
114.75 (0.5287956481741106,1.365015659592973)
115 (-1.362558167784911,-0.5749877192417298)
115.25 (0.2956931442564941,2.085239697595237)
115.5 (-1.449997553641923,0.2957421581528947)
115.75 (-1.606364144349993,-0.6446034407441297)
116 (0.2424651212223275,-1.835688504693631)
116.25 (1.2211085008774,-0.7164006324394855)
116.5 (1.786448594742381,1.426206104139011)
116.75 (1.577777049149364,-0.6175433247571859)
117 (-0.98069862723928,0.511103358489867)
117.25 (-1.020031570412317,1.468892833340394)
117.5 (0.4757730657114754,-2.366372193087975)
117.75 (-0.4969208533145182,-2.000308623650013)
118 (1.28581417893782,0.7645846516969931)
118.25 (1.773569650429404,0.3112034607164568)
118.5 (-0.1952735504749673,0.6200204258066577)
118.75 (0.347960208444304,-0.5416520511296112)
119 (-0.2769519734397132,1.271030689960105)
119.25 (0.6884357460617114,-0.3728315111921078)
119.5 (0.1781993420651802,0.8118125290319286)
119.75 (-1.156753455330918,0.3417894304399542)
120 (0.803000460965196,0.05363380997432011)
120.25 (-0.8405374461462456,1.460106965367937)
120.5 (-0.8794423166759522,0.8438109764982943)
120.75 (-1.413629377529497,-1.054829325009989)
121 (1.871527316579081,-1.241439487058509)
121.25 (1.529911235119624,-2.400281925805744)
121.5 (1.047215759034186,-0.2614520058914739)
121.75 (-0.3679898119670648,1.61317327600004)
122 (1.372555950340921,-0.7803261142224172)
122.25 (-0.7357881519796021,-1.199621302956694)
122.5 (0.03081602286828995,1.936033950334118)
122.75 (-0.2219697474199354,-1.026653964488895)
123 (0.520347680476839,0.3102285338091412)
123.25 (-2.37966147514745,-2.112847918269699)
123.5 (0.7677584932730286,0.9787769305562175)
123.75 (1.567264405670938,-1.015668646359684)
124 (-0.1933113884115744,0.9325936987240405)
124.25 (-0.9018849282607416,0.1015868170869025)
124.5 (1.005022158032134,-0.1928276116953249)
124.75 (0.5346634378518773,1.288982171038641)
125 (-1.658695554448757,-0.3932052455849703)
125.25 (0.1933311571218517,-1.839961796425868)
125.5 (2.408321589663941,0.03469844787896702)
125.75 (-0.4263441855194651,1.782234398935102)
126 (0.6000780290746009,1.236660023554966)
126.25 (0.1183413097892715,-0.2977633646754547)
126.5 (-1.933588971370907,0.9085362458926447)
126.75 (-0.4024726783776659,0.9494766014024774)
127 (-0.8684373435038731,-1.860292417538174)
127.25 (0.4617050209637615,-1.867031335863227)
127.5 (1.677870184287092,0.2270211087886868)
127.75 (0.3383129179265919,-1.394796225812763)
128 (1.466801646874776,0.5590803756514324)
128.25 (1.70523351348334,1.157875613543102)
128.5 (-0.6047869401125799,1.449531929445378)
128.75 (-1.187775897288242,0.7360668967370166)
129 (-1.230997390700919,-1.108364434906357)
129.25 (-0.8546160535086227,0.8704760410659191)
129.5 (-0.03830095761407379,-2.105240073619153)
129.75 (0.7436920738956074,-0.8616985079437769)
130 (-0.1709265344890362,0.009660119185090887)
130.25 (1.955992141247277,-3.355822805491782)
130.5 (1.905447432648762,0.3102133966577002)
130.75 (0.08051470491079231,1.908780277886624)
131 (-0.3236362365096526,2.984752780118308)
131.25 (-0.5996061066914928,1.77123234082891)
131.5 (-1.701172512200897,1.287192178027058)
131.75 (-1.496562850004002,-0.8814231177060303)
132 (0.04130263996127559,-1.034467004257225)
132.25 (-0.5829794324473866,-1.080193742916929)
132.5 (-0.2403152065935421,-0.4803097227892884)
132.75 (-1.959223398841765,2.811931563821836)
133 (-0.8804898790761622,-1.921074497015793)
133.25 (-0.6392551399106928,-2.127523151674373)
133.5 (1.823751394715983,-0.95111666016318)
133.75 (2.162150522435615,-0.9941211559870367)
134 (1.463659896260548,1.063927964173387)
134.25 (-0.7762497825037168,-0.04354737224424469)
134.5 (1.493533141611395,0.8927392078324935)
134.75 (0.5261680771503793,1.871238567175346)
135 (-1.516541501182906,1.055977058937462)
135.25 (0.3545609015758283,-0.4676574234269997)
135.5 (-1.336353261736605,1.126962141824169)
135.75 (-1.768990162307304,0.3602739983123446)
136 (0.1801922362188053,-1.680727233151757)
136.25 (1.727663391127817,-1.095964049883553)
136.5 (0.5889088817549956,1.350745034980893)
136.75 (-1.349310009459932,1.654384905992488)
137 (-1.095922320748558,0.9242388110782932)
137.25 (-0.7638906379321487,-1.577207901365996)
137.5 (-2.595479505630955,0.4743551233832983)
137.75 (-0.1533389314099551,-2.765839756489281)
138 (1.423129854868257,-1.19865615855896)
138.25 (1.352812688611025,1.291495188925142)
138.5 (0.9608094744207107,1.337735236825011)
138.75 (-1.629066287546957,0.277435838639027)
139 (0.2110511474818591,-1.387845724656073)
139.25 (1.654380229296089,-0.5240627983455062)
139.5 (0.9124626630511968,1.674190529814398)
139.75 (0.7696352833529172,3.525138075980212)
140 (1.170421055337103,1.195568297415597)
140.25 (-2.038475396549654,1.295696413958928)
140.5 (-0.7127530910365076,2.008879073257698)
140.75 (-1.748502298121915,-1.226934507742175)
141 (0.04605786109571124,-1.588978680542329)
141.25 (0.73463322180734,-0.3118103397258662)
141.5 (0.07199864583249556,2.155893620888425)
141.75 (-1.729879833582847,-0.4143828742194942)
142 (-0.8219340699547323,-1.452630865593155)
142.25 (-0.220376101409345,-2.195163632134115)
142.5 (0.4107035164403793,-1.496420013185886)
142.75 (1.812892255895937,0.9052646673142827)
143 (0.7884090423212593,0.7999095936689695)
143.25 (-0.2101700592942249,-1.338464067829786)
143.5 (-0.6884002378050331,1.839219812855456)
143.75 (0.5864929070033029,-0.255720474305731)
144 (2.253850558696338,0.05829533736633367)
144.25 (-1.676327713331648,-1.260170482513495)
144.5 (0.835860277642285,1.021823367244621)
144.75 (-0.184440832079164,1.713829600824778)
145 (-2.869166090223369,-4.039851066683493)
145.25 (1.886136559081408,0.8163895767919268)
145.5 (-1.068405550535566,0.07079968627212012)
145.75 (-0.3215952033273741,0.496532110574623)
146 (-0.116898905681086,-0.7825046898482645)
146.25 (1.958632921222346,-0.2356727202073772)
146.5 (-3.101210439304687,2.444212152498963)
146.75 (0.4367093533692519,-0.123588429777586)
147 (-0.7006999049943931,0.4797490221844141)
147.25 (-0.7827917394769245,-1.39769006732471)
147.5 (1.221130153347791,0.1497598812840485)
147.75 (-0.4076801469204561,1.103323504468652)
148 (-0.56030706745987,-1.609888245921603)
148.25 (1.264759902246369,-1.082895258832176)
148.5 (1.388713112841735,0.7836563860754773)
148.75 (4.27429848054883,2.55698725295847)
149 (0.422127496947848,1.802379864852161)
149.25 (-1.759017632781122,0.5740778599029827)
149.5 (-1.330688154636132,0.4474345470924769)
149.75 (-1.170780782234245,0.2800634365206303)
150 (-1.107467731119625,0.2572773180398913)
150.25 (1.08480167224337,-2.957669260764471)
150.5 (-1.077832436746264,1.103413388376682)
150.75 (-0.1327044652853879,-1.212139202887044)
151 (1.594552851114444,-0.4438504202964242)
151.25 (0.9737023716392201,1.7223706699335)
151.5 (-1.54628175887028,-1.082444744722779)
151.75 (-0.08475930797698458,-0.2143144380113654)
152 (1.923021538903694,2.244081886363174)
152.25 (-0.2002453238198196,-1.254855749980573)
152.5 (-0.7126134669873497,0.3734286419167745)
152.75 (-0.6525352749509655,3.048565927565314)
153 (-1.821387503653447,0.7189298318684541)
153.25 (0.4807725387487405,-2.150138187172541)
153.5 (-1.424941239757102,-1.774702106367079)
153.75 (0.8950673088417024,-0.9562387153487579)
154 (3.146306112121853,1.078807858169008)
154.25 (0.8484700133083306,1.338705154154219)
154.5 (1.067597887000218,-0.7509294155919342)
154.75 (-0.5818198041706852,1.177526704518542)
155 (-1.021915858884434,1.475449163355548)
155.25 (0.6050321771042884,-0.8409785283677411)
155.5 (0.1032133249645883,-1.656415558410654)
155.75 (-1.306930716061022,1.179833050380175)
156 (-0.7631793082596194,0.04108879383063895)
156.25 (2.236895859226312,-2.40720738257002)
156.5 (1.026018511438009,0.5360052726620643)
156.75 (-1.918097722621972,0.6176335948177998)
157 (1.532601071322799,0.1244474653690235)
157.25 (0.8036754200898752,-1.869721072399669)
157.5 (0.5077987432404472,1.129197704415516)
157.75 (-0.8737758345116663,0.7000339781484114)
158 (0.7676403110053914,-1.59429442585421)
158.25 (-0.1597925104193641,3.289820956532929)
158.5 (0.1143868326061299,-0.4810552214552441)
158.75 (1.220848177820093,1.168730250457469)
159 (-4.758646387224026,1.461275178906273)
159.25 (-1.152312143200726,-0.9144813913830157)
159.5 (1.048678002482433,-0.8126166193863003)
159.75 (-1.041801263443733,-1.580022549427099)
160 (1.471749771807569,-0.5752673705618661)
160.25 (-0.2981845445919749,1.214857231568085)
160.5 (-0.7084091042443592,-3.277502667716596)
160.75 (1.368874479922632,0.08523434715194249)
161 (-0.3094748055013102,-0.6484441493893732)
161.25 (2.363829050919456,1.600360978788132)
161.5 (1.351936257762651,2.221048420898906)
161.75 (-1.061032517101358,2.574264419456281)
162 (-0.531075513288265,1.857313520969148)
162.25 (-1.729071690213144,-0.2991161349597463)
162.5 (0.07894590849637699,0.5301391937668208)
162.75 (-0.918097944001529,0.1816796299380005)
163 (-0.5903402154611752,-3.913350776944691)
163.25 (0.8077999700837155,0.768347254309582)
163.5 (1.728815900485131,-0.1440655973804661)
163.75 (-0.6439936261105874,0.6893415036081066)
164 (-1.122357789619242,0.1759190166838881)
164.25 (0.7029825539177481,-1.544830586572416)
164.5 (-0.7979690498977235,-1.315686775778188)
164.75 (2.832750910422777,1.654213359360468)
165 (-0.4452524623081414,0.2117284018344453)
165.25 (0.3387735123312423,-1.445567085187891)
165.5 (-1.188975058300162,6.041298814554677)
165.75 (-1.84852046473387,-3.790775654469202)
166 (5.139299342253687,0.1489169871600602)
166.25 (1.647181972690177,0.7808619963418227)
166.5 (-1.341543220941745,2.63072972884072)
166.75 (0.1750755921957249,2.69759777928998)
167 (-4.326298677777166,-3.942320367425639)
167.25 (0.8688155453374226,1.564600615922866)
167.5 (-1.342945028423006,-0.3333955108206184)
167.75 (1.630324052498015,-3.921009840193316)
168 (1.435892113552401,3.481010272571485)
168.25 (-1.066626914265453,0.4361277372080231)
168.5 (0.650663932763671,-1.513084746042934)
168.75 (-0.7800394052357094,0.4100832034676782)
169 (1.398271656196014,-1.368692153548673)
169.25 (5.623023583487809,3.837754219675403)
169.5 (-1.324130471759659,2.205251247200871)
169.75 (-1.216621636791621,-0.9626535201421308)
170 (-0.6302345388345997,-1.681946473872393)
170.25 (0.7325135401408809,-0.3906759799027821)
170.5 (1.532337176526589,-0.06848128517996827)
170.75 (0.5311081854573431,0.6067677326414168)
171 (-0.5676454134264868,-1.488184395527397)
171.25 (1.073396677699147,1.421662659898704)
171.5 (0.159819215011781,-0.783789898250943)
171.75 (0.84516608954936,1.727134908492368)
172 (-4.45546413831939,0.4361645279120323)
172.25 (-3.744917188946025,-0.8455171369269281)
172.5 (2.566231191216926,-1.810290310307974)
172.75 (-1.552572523821633,0.7535887551025884)
173 (1.275066728140233,0.7993478050449888)
173.25 (-1.368408841909814,-0.4493679256674155)
173.5 (1.36934936818649,-2.286156871427836)
173.75 (0.993225768467079,4.338442454217511)
174 (-0.8358711883851572,0.5729956333800105)
174.25 (-0.8823115390900146,-1.079159522387229)
174.5 (-1.476480979913833,-0.4861483990601295)
174.75 (0.8639053887209474,0.2353137763014493)
175 (-3.670278756480523,0.2265119385235533)
175.25 (0.9796646052814286,-2.117115459880512)
175.5 (0.2678812160529976,0.12959226840288)
175.75 (3.470937143404758,-0.1115742106133336)
176 (-3.630651435296172,2.659842274592338)
176.25 (0.9830212073808784,-0.003061864513307709)
176.5 (0.9479459071651845,-0.6158956157236015)
176.75 (-1.251261770010581,1.162979642216008)
177 (-1.067938100369204,-1.088467141372259)
177.25 (0.6984029640516419,-0.7081404662094902)
177.5 (1.278383278148501,1.803196265835797)
177.75 (-2.304811556798096,-1.051198393909639)
178 (1.478396121281479,-0.4922951900937162)
178.25 (-0.5331646136990648,0.7588875098355369)
178.5 (0.6250316729457678,-3.268274478231208)
178.75 (3.081010682663214,2.055103124842496)
179 (-0.7761014939383521,-0.435495618231506)
179.25 (-0.6949488132991215,1.45091035925281)
179.5 (2.287558942070282,-1.680055128621781)
179.75 (-1.089970704841796,1.631243452693047)
180 (0.4496660412767371,1.916120564135226)
180.25 (-1.468313030997403,-1.443730732594356)
180.5 (-1.159107233057946,-1.101970230511002)
180.75 (3.03355424623091,-0.6458998830850566)
181 (2.640729944223223,-1.501821335332763)
181.25 (0.5107097093457137,1.164945399247922)
181.5 (-0.9411758426013234,-0.4324543259966063)
181.75 (1.612007444857368,2.472586164335669)
182 (-6.30622044983852,-1.865811098327519)
182.25 (1.472014196120051,-0.4905016793849888)
182.5 (0.6739608787849791,-2.157375966637984)
182.75 (0.01897083907675561,1.232794576450434)
183 (-2.267854065981126,2.586347608299745)
183.25 (1.812486471175935,-2.907799292715052)
183.5 (0.08816250104278563,1.202245497999745)
183.75 (-1.960374888750363,-0.3471916242098577)
184 (3.153785837155545,-0.4613799819934584)
184.25 (-1.364849707078244,0.2484861746922643)
184.5 (2.529433138367314,-0.6617646371191584)
184.75 (-3.298119236033188,1.91666505828366)
185 (0.5137798250182907,-1.645504067404441)
185.25 (1.890992298611456,-0.904630277643754)
185.5 (-1.069168065951828,2.250811026245752)
185.75 (-1.668311171446616,0.2069976242597902)
186 (-3.153141948945152,-0.2370374796036764)
186.25 (-1.286809119199872,-1.803185186439407)
186.5 (3.739253587020717,-1.925628548289799)
186.75 (0.9893952016398805,6.061075164938269)
187 (-3.061413770673099,-2.051293050783856)
187.25 (-0.5032184625240418,0.4581344982052348)
187.5 (1.081354967946951,-0.430492575775494)
187.75 (1.902360162111956,3.152828393254665)
188 (-1.249338358357718,2.300514206845578)
188.25 (-3.428234776848472,-2.755112351168571)
188.5 (1.472899129387518,-0.7701972554191675)
188.75 (0.5500605126360174,-1.841301195568573)
189 (3.034668011907547,-0.4894179105939535)
189.25 (1.503718460886218,0.8724670242533004)
189.5 (-2.255432894626026,0.6895511404211608)
189.75 (2.831565878282944,-0.4334731332184554)
190 (-2.910753540554016,2.704399074251558)
190.25 (-1.727336699821626,-0.2219844533302973)
190.5 (-0.2814803594084942,-5.221522665819329)
190.75 (0.06713232307793285,-2.047271546869709)
191 (1.908170263701312,-0.5706145511690618)
191.25 (1.757822601197529,1.39230635356536)
191.5 (-0.64694559544139,-0.5326323586435751)
191.75 (1.230421736541194,4.569680640551942)
192 (-1.585128787099153,-0.6505873343593063)
192.25 (-0.318323063640559,1.558068283799163)
192.5 (-1.406321412372169,-0.4231575665773085)
192.75 (-5.403620287670832,-1.937303033159576)
193 (3.049195167093486,-2.864595259705906)
193.25 (1.258754163528326,0.651522858600793)
193.5 (0.3308413444822216,0.3942471989627193)
193.75 (1.63300737946136,-0.8455217533104521)
194 (-0.7367862409240976,-1.644168181921203)
194.25 (1.71796374509111,1.204957047773318)
194.5 (-0.620935137176726,0.458896632772854)
194.75 (-0.6464454364081789,-0.3561636286841987)
195 (3.812478600346327,-1.885407591800077)
195.25 (0.4341429142502416,3.939985720995816)
195.5 (-2.376083132882127,-0.5336897813858523)
195.75 (0.7263288905181842,-1.013733621332126)
196 (0.01611968741221057,-2.646658079506883)
196.25 (1.185684739517301,0.6655928061285953)
196.5 (-0.4416114355661805,0.9065086740120982)
196.75 (0.1297326662692984,-0.7126812481499618)
197 (1.338694675575564,-0.1207160345260759)
197.25 (-3.142211874265212,4.883121481620562)
197.5 (-2.338038861510772,-0.2444037682624185)
197.75 (0.357372864617408,-1.26517278057917)
198 (0.504745926505921,-0.6033903401906757)
198.25 (1.350970784476217,0.6703925006575534)
198.5 (1.175500216228446,-0.2216256767229359)
198.75 (-1.501833153037963,1.994534949076735)
199 (-0.9133157076202914,-0.7946239870869681)
199.25 (-0.5158099043823998,-1.326056576488531)
199.5 (2.008146511787592,-1.448275856744816)
199.75 (2.700808580229007,0.4332455382662196)
200 (1.520342431392798,2.037373521569976)
200.25 (0.968643312621936,2.014816725493878)
200.5 (-0.8433580687404612,1.083246864766794)
200.75 (-2.313850633248688,-0.01826433727035361)
201 (-1.770225379969484,-1.801888101378986)
201.25 (4.23942694603288,-2.754133268261278)
201.5 (0.1266844728401191,1.59649758166297)
201.75 (-0.5517938152920124,-1.517607229328876)
202 (-1.747025328877078,-0.005686600237592979)
202.25 (1.136200559421407,-1.150664235766366)
202.5 (2.520560878435869,-3.705295938716263)
202.75 (3.275026138711049,3.504475463036397)
203 (-0.3883946462781838,-0.8946008022718905)
203.25 (1.131807192635615,1.516558531661158)
203.5 (0.7599182974949572,-1.605449761196502)
203.75 (0.2561264913400085,1.785960454148832)
204 (2.579021254329771,0.1857749009039669)
204.25 (-1.718963710675034,1.677398267630949)
204.5 (-2.018293829024919,-0.1306640095459004)
204.75 (-0.3165893517168674,-2.384777041305414)
205 (1.05497667210633,-0.8694326456656054)
205.25 (-1.716028984754755,0.5703551579482845)
205.5 (-0.4893717699665239,-2.365858896239579)
205.75 (1.195247299167519,0.8103431098154472)
206 (-3.406446662729891,-3.792723107120136)
206.25 (5.062610084193596,0.6014761622944343)
206.5 (1.771625550551478,0.06949235246966051)
206.75 (-1.319036162984991,3.736391368961307)
207 (-0.2258161537342827,-1.078525907791768)
207.25 (-1.929650616080778,-0.04909787368862178)
207.5 (1.978792792806714,-4.36808422449701)
207.75 (0.8736275421869436,0.03293027025184884)
208 (2.731075521587279,2.224511374379202)
208.25 (-3.005871765854871,3.031007748744645)
208.5 (-2.224509914057461,0.2432006373594824)
208.75 (-0.2067236281005896,-5.30190832762739)
209 (0.06733170233614619,-0.6177759984006581)
209.25 (3.284643169285796,0.7382877551403196)
209.5 (-1.501405899737858,-0.727733408322361)
209.75 (5.741054410703521,6.60975524611184)
210 (-2.414816688596926,0.6478708243706907)
210.25 (-2.391451933281755,-1.521661135524138)
210.5 (3.814094835915725,-3.101394996992831)
210.75 (-0.2052343450296303,2.132802825173935)
211 (-2.215325187274062,1.947992644915888)
211.25 (0.01957607930885115,-2.68667183582633)
211.5 (1.784998472808536,1.69226141586132)
211.75 (0.2303284179911623,-2.975520918527475)
212 (0.3172282581406336,2.564940238672962)
212.25 (0.8779886795701969,-0.2675989323231924)
212.5 (-2.842658562943366,0.04873358431601837)
212.75 (1.783737391050733,2.594225669300253)
213 (-1.84698226860821,-3.433975822408011)
213.25 (0.1895798623124733,3.420167934015017)
213.5 (-0.2145667313204041,-1.880273392847536)
213.75 (0.3413124585598265,-0.5161548535813617)
214 (3.612826098274535,-0.4798463972589653)
214.25 (1.338259212373504,1.84310423974258)
214.5 (-0.9134580597006496,3.69259224685307)
214.75 (-2.451682645696063,-2.805806013110784)
215 (-0.8276344376363247,-0.8382558579286071)
215.25 (2.36365693556129,1.306757083150512)
215.5 (-2.789106809585621,-4.368681268466902)
215.75 (1.625858226189508,0.6664873517323606)
216 (0.507527211862174,-0.1519604452405821)
216.25 (0.2667337630711922,1.760628045429643)
216.5 (-3.305912147990207,1.918554399252015)
216.75 (0.4980632110112985,-2.708715335098771)
217 (0.7098496960516265,0.05643261227986355)
217.25 (0.3695460204148573,3.482802863221999)
217.5 (-0.985927754544617,-1.016306943069002)
217.75 (-0.864727170992017,-1.435989477971725)
218 (1.423895711625243,0.8198318307557926)
218.25 (-0.9710177361604845,1.928777352282037)
218.5 (-1.151184461022373,-2.549200402122838)
218.75 (1.034334241939129,1.844992536684831)
219 (-1.11821829160283,-1.260904302582463)
219.25 (-0.3303501992118931,1.156426932830438)
219.5 (0.9183743377773389,-2.292766530787899)
219.75 (-1.317835406489403,0.580150303200838)
220 (2.112983026773748,0.1667807212175434)
220.25 (-2.629044151307579,-0.1834844516796945)
220.5 (2.851686504699706,-1.362045007705655)
220.75 (0.09216843495663644,-0.2990206129330726)
221 (1.327747030316694,1.234861913637579)
221.25 (0.2379788713868304,-0.07572216734334916)
221.5 (-3.222551168792043,1.225617175330508)
221.75 (3.412281029180047,-3.134638527474237)
222 (-0.5155831845907947,1.378800207304383)
222.25 (1.976250332543162,0.6043176699283039)
222.5 (-3.811928319654927,0.2263568855139562)
222.75 (0.7059430973028457,1.017211632160681)
223 (-1.581353014268185,-2.066224591965216)
223.25 (-0.6190337775164808,0.1725333039657989)
223.5 (1.442370658885485,-1.29395290926632)
223.75 (-1.101111091996924,1.675913956122778)
224 (2.098896132347313,-0.1244274040096613)
224.25 (-1.862191254778778,-1.181587800873327)
224.5 (2.185095010604645,1.692266246421881)
224.75 (-1.331248893817191,-3.003119835415266)
225 (1.650076735307537,2.368078433062984)
225.25 (-2.7569170022716,0.4226732396946133)
225.5 (-1.659397910087555,0.2441963656041326)
225.75 (2.170447072128613,-0.9352511861359177)
226 (-1.291209660468703,0.2767571952333428)
226.25 (-0.3030760763579886,-0.0758786856770035)
226.5 (1.219233719225968,2.239498370003003)
226.75 (-0.03140572809169915,0.1187374372204534)
227 (-2.898857846493128,-2.332894317508792)
227.25 (3.574390926901836,1.275267619468889)
227.5 (-1.96777317379188,1.044001028734932)
227.75 (0.5268769450292697,-0.8765074759195899)
228 (0.3202278752012864,0.9318243389883581)
228.25 (-1.618481044845394,-0.7716117564581946)
228.5 (1.721466942706605,0.9490790714331028)
228.75 (-1.20792253317961,0.5592921212974852)
229 (-0.4289912454560389,-2.097250460413028)
229.25 (2.207365249726708,1.029184017793166)
229.5 (-0.1690353243621875,1.580549178481921)
229.75 (-1.281978340458958,1.65185415681295)
230 (0.2079881978049211,-4.266379559639907)
230.25 (-1.141612842632516,-0.229573092029846)
230.5 (1.578344072092852,0.2687642118810104)
230.75 (0.7981764642479351,-0.6361048976793718)
231 (0.4690204246291002,-1.139044448335673)
231.25 (0.8190370623875911,2.916371221611548)
231.5 (0.09237872400502536,-0.8366693651979152)
231.75 (-1.390703625032953,1.323526894409359)
232 (0.6828623055577767,-1.713265965956979)
232.25 (1.891886226612746,0.4627926367700473)
232.5 (-0.2917864546135032,0.8405595254406244)
232.75 (0.9405317722599527,1.29612653569657)
233 (-1.639733461864576,-0.7602344653901704)
233.25 (0.4365635256610295,0.4676104715581453)
233.5 (-1.29096958274363,-0.1324258770605898)
233.75 (0.5656399868174429,-1.796240909625801)
234 (0.7435413389871305,1.048559951760423)
234.25 (-3.237247154932891,-0.9717499781090535)
234.5 (-0.1814545984358865,-5.313487656261988)
234.75 (1.610622768121055,-1.245069442218706)
235 (1.10518831576304,1.334371597695185)
235.25 (0.8822459615796976,0.4115613749348319)
235.5 (-0.8322930324348815,2.203938079933725)
235.75 (-0.8790330719408862,0.3919688481318861)
236 (1.236351920467495,-0.9591999691911266)
236.25 (-1.396667187070574,3.203342761763655)
236.5 (-2.217334886300485,0.1684047454102567)
236.75 (2.683374322340023,-3.116616107926582)
237 (-3.591049834426466,2.731298443601946)
237.25 (2.333656234247774,-1.83261124329147)
237.5 (-1.104104086832864,-0.9978847277256349)
237.75 (-1.163957327591267,1.188877009359218)
238 (1.190099413996647,-3.357167400196315)
238.25 (0.9476602929738858,4.429169316218227)
238.5 (0.5643357008390685,1.209837352445841)
238.75 (-1.161833598800237,-1.457330065651011)
239 (-0.3192304990078635,-2.382108543152015)
239.25 (3.90764023495825,3.597674351629923)
239.5 (0.2322775729957071,-0.8963510166799425)
239.75 (-0.9057871155506135,1.398227205436387)
240 (-0.8485435353219064,-0.9080568029640469)
240.25 (1.325494181198998,2.179476552224643)
240.5 (-2.075950785710253,-2.626582409499026)
240.75 (-0.8371114513448387,1.081937497267667)
241 (1.932728656979132,-0.3204448082681569)
241.25 (-1.742017736318,-0.08560722503824736)
241.5 (0.2352213070090017,-1.322070027768383)
241.75 (0.4067770113548637,1.800580341859815)
242 (-0.1404381605959223,-1.05167432603733)
242.25 (0.7548316094957456,-0.8252815381979428)
242.5 (0.1676189184862134,-1.669715474085094)
242.75 (1.935456520321337,3.155313530161416)
243 (-0.6336857228427707,0.2063053014937691)
243.25 (-1.050251013122781,0.1551880904330366)
243.5 (-0.4039588093805601,0.9052834000996623)
243.75 (-2.277805234913897,-3.077196085046217)
244 (-1.487814911701897,1.861578719900326)
244.25 (1.933249409309622,-2.423549246686131)
244.5 (-0.6258523281879815,-0.2615044674097818)
244.75 (-0.818523917981387,-0.2631943021115399)
245 (3.544886680883008,-0.7850137141133406)
245.25 (0.06641383763111106,3.494160704394966)
245.5 (-2.422059489309692,-3.815912234459997)
245.75 (1.922349524509739,2.054618350195546)
246 (-0.7989489112888409,-1.110157329975089)
246.25 (1.225608008135846,-0.3432692392393021)
246.5 (-1.310130699696032,0.2043809841784798)
246.75 (1.575383836175975,-0.2950848501237003)
247 (-0.2140969443848681,-0.1619875579421862)
247.25 (1.999533807991635,2.344930542174682)
247.5 (-0.7178131867676631,2.925031443963994)
247.75 (-2.967587879828519,-4.040383033627566)
248 (1.343572408730119,0.399339364850795)
248.25 (-0.09016995719901118,-0.2970966343406026)
248.5 (1.172621528068879,-1.600521375794813)
248.75 (1.601520643649907,2.233813287589748)
249 (-5.597300997952303,-0.2043029772465572)
249.25 (0.9705597453024905,-1.189636922412349)
249.5 (0.458101948864474,-1.268210573931616)
249.75 (0.9090722107691379,-0.610867140270551)
250 (1.451465225984588,2.752880012942112)
250.25 (-4.275082784974779,-1.301261687922812)
250.5 (-1.833119285555709,0.9604223679429127)
250.75 (1.117858359171243,-2.540349817674981)
251 (0.4734632366812336,2.342601143568531)
251.25 (0.8832133931644389,-0.2824179561443597)
251.5 (-1.259938611547122,1.58825095518394)
251.75 (-3.690342425138215,-1.660163671102471)
252 (-2.823642186822021,-2.370505569829679)
252.25 (1.506955418300407,-1.812901943795061)
252.5 (1.522095143230955,-1.591972018671743)
252.75 (1.603356280567172,3.120860523280495)
253 (-1.025443737561049,-1.214476511692116)
253.25 (1.123487943571286,-0.5753298703423663)
253.5 (0.1920341823014575,2.12876316207379)
253.75 (1.805720078377569,0.1410835758102473)
254 (-4.552703370089674,4.605993297914586)
254.25 (-0.4764472366949743,-0.3865552310467766)
254.5 (-1.606104078301782,0.6662867875656672)
254.75 (-1.053317401548351,-0.9995365512336742)
255 (-0.1460276226070524,-4.712920579295846)
255.25 (3.606453715991051,1.569727431864224)
255.5 (0.2716610940103447,3.701739818338526)
255.75 (-3.273387767856336,1.934310075757027)
256 (3.023384047936773,-1.57098852998144)
256.25 (-1.326860892528976,1.736340177518364)
256.5 (-0.4833472241812632,-1.272445572121535)
256.75 (2.105183719189021,0.5894105639483761)
257 (-1.444059460068395,1.113063649606073)
257.25 (-1.610485089208589,0.7427453947335173)
257.5 (-3.015122762620238,-0.9979051163130063)
257.75 (-0.3246422432501671,-2.325322800140075)
258 (0.295356063636165,-1.284975381040334)
258.25 (2.692359085295434,-2.216969255486102)
258.5 (-1.069053717444147,2.986096129156393)
258.75 (0.9950620501237853,-0.4523815161482447)
259 (-1.339858891529576,-1.365591505677487)
259.25 (0.6708241249313925,0.5768687317831094)
259.5 (2.500842194009289,-0.562341374607957)
259.75 (0.4335245074724816,0.2940965277623971)
260 (-1.048319394812236,1.054380825080498)
260.25 (-0.2654936739348651,1.222268126385592)
260.5 (0.2226624488272357,-2.149044991780649)
260.75 (0.3045623982666056,1.449282082571577)
261 (-0.1343046996759888,0.4893992543413855)
261.25 (0.5628916511949145,0.07440483711586639)
261.5 (-0.1912786305985417,0.7665896539936863)
261.75 (-3.454780140634759,-0.6928321675344916)
262 (2.351898364911127,-0.06941339826299188)
262.25 (-2.205301793154458,0.3693724785160521)
262.5 (0.4503905001559839,3.438893426547728)
262.75 (-1.860285706267943,-2.089826609079372)
263 (1.877072317680104,1.956552953631422)
263.25 (-0.8902616843569651,-1.902381222579405)
263.5 (1.433940068627513,1.269516761926573)
263.75 (-0.9472293055732162,0.06952895836882643)
264 (1.14549654441645,-0.7086410801246215)
264.25 (-1.418772942229484,0.6211064713015552)
264.5 (1.581028488704824,-1.572500311720971)
264.75 (3.016202457695378,2.315372404139711)
265 (0.07656167284419797,1.446026908678719)
265.25 (-0.612644798179196,-0.7763666359026025)
265.5 (-0.9129407664375522,2.389080585093716)
265.75 (-2.074578667297136,-1.230968573233453)
266 (-1.15619718371382,-1.860769895722081)
266.25 (-1.118365428143549,-2.734016846019556)
266.5 (0.4216532105467582,-1.028802496603031)
266.75 (3.828597446015721,-1.095021167421995)
267 (-0.9278040037556229,1.452509025559268)
267.25 (1.092338930849688,-1.273004688424623)
267.5 (2.342525852820554,1.195647219927818)
267.75 (-3.732594999415061,2.760402521215625)
268 (0.024441446688889,-0.2458988759997504)
268.25 (-1.217571665076948,-1.332873997948048)
268.5 (-1.547945426407521,-1.799375125659932)
268.75 (1.7596805299926,-0.5341652754571636)
269 (-0.1514149307038196,0.0219011024403511)
269.25 (2.966006922569777,0.8519464764656896)
269.5 (1.809948823704339,0.8870587909604908)
269.75 (-0.08089028671494111,2.496371360247118)
270 (-2.407173578871046,1.678322844707554)
270.25 (-2.430693013442282,-1.299428808168255)
270.5 (0.8133480476736931,-3.427919405707521)
270.75 (1.36873792786758,0.03651777677353418)
271 (1.383025403201425,-1.972767531993922)
271.25 (2.06701285123641,1.144940747570476)
271.5 (-1.532238209147186,0.6578927083944428)
271.75 (2.150087085258715,-0.6834488653947631)
272 (-5.077765897053718,5.405838067152978)
272.25 (1.444947394851777,-0.7966423226728769)
272.5 (-2.299594449954751,-0.8108517639906812)
272.75 (2.321267208834968,-1.326013999124352)
273 (0.4621506245171466,0.6323095003980933)
273.25 (-0.3397070058413351,0.5733385549751988)
273.5 (1.569325665681222,0.5201667103400525)
273.75 (-1.717208785157519,0.1371123211609088)
274 (-1.329249258673186,-0.2380618199505687)
274.25 (3.828075331117061,-0.4526081462155666)
274.5 (-1.892473492640777,0.5407638465048722)
274.75 (0.4153593104473577,-0.2140052082596176)
275 (-0.7781076598114952,0.392618548655005)
275.25 (0.08744721825147997,-4.60971608186899)
275.5 (2.006274477867945,2.451925307514511)
275.75 (-0.9730838462462477,-0.9711385375946741)
276 (-1.306767579766015,0.4540592215352434)
276.25 (0.4419799628300864,1.284779328459179)
276.5 (-3.278949205982327,-2.125586425400643)
276.75 (1.380421637672218,-1.937599059508147)
277 (0.9821702028634823,0.6189575807619163)
277.25 (-0.5632157226517993,-1.038641803670108)
277.5 (1.152099174818637,0.9520915415896223)
277.75 (0.6835700316175484,1.201561904190803)
278 (-0.3852740104808194,-0.7918114135946024)
278.25 (-0.2318626251325461,2.677976785855915)
278.5 (-5.102128424875159,-0.3716778514589723)
278.75 (6.357170432830472,-4.540565830414319)
279 (-0.06292765056387431,2.991242580043983)
279.25 (-1.634523898645349,-0.2153716427870926)
279.5 (0.1102816681543643,-0.6978534829442586)
279.75 (-1.722587171882822,1.081950366770366)
280 (1.269143272749379,-8.840268845130838)
280.25 (6.808907508073036,4.433853076771922)
280.5 (-0.831709424207095,1.206810844995471)
280.75 (-0.4072213395802053,-0.5975282204828811)
281 (1.300070432155255,0.5303338625597994)
281.25 (-1.182393252019105,-0.5400112745272382)
281.5 (-0.6318961844275393,1.606190119913112)
281.75 (1.815012814549579,-0.3151865295011127)
282 (-1.761185347385789,0.2231985860556954)
282.25 (-0.9794775893497236,0.8949676049829498)
282.5 (1.716156866064961,-1.474972662869015)
282.75 (-0.4644905836355127,-0.3704525770234776)
283 (-0.3771415058871538,1.850938781528915)
283.25 (0.5176993598645043,-5.13797905679825)
283.5 (-0.3163467721428326,1.832157877399639)
283.75 (-0.3747196343244542,-1.582800153942831)
284 (-0.1139063348563521,-0.6295275651462462)
284.25 (-2.47378143115996,0.2587796145371308)
284.5 (2.09677866378345,-1.037863820675861)
284.75 (1.714902133363442,-0.9921339812969998)
285 (-1.59634649642651,3.217522549402793)
285.25 (-1.211394297740002,0.02996647117215884)
285.5 (3.26420130655891,-2.722866827778073)
285.75 (-0.6475026532893843,2.949415710645965)
286 (-3.609658761608747,0.306884530734798)
286.25 (-0.5131632926633889,-1.96685350687902)
286.5 (0.9056767505205212,-0.8317519619624087)
286.75 (-1.18722635093626,-1.47398425340949)
287 (2.443925242735838,0.5498550024565867)
287.25 (-3.395602745776467,0.2896000549478331)
287.5 (3.932767423419996,-1.809497569820435)
287.75 (-0.1806308168049577,-2.14812538035712)
288 (3.143421318503846,1.448767350893858)
288.25 (-1.307709677747221,1.843990685974106)
288.5 (0.592161082661683,-1.453654998679302)
288.75 (-1.673003258130604,-0.59562839587651)
289 (1.161705411143146,1.188132387196188)
289.25 (0.4839699287029474,-1.663493230278206)
289.5 (-0.8727264662883717,1.616570540663656)
289.75 (-1.101826747196134,0.3698960438793483)
290 (0.4969535642014118,-1.370232331727175)
290.25 (0.5263617724416163,1.497430876870234)
290.5 (0.3234061270700337,1.022741793110514)
290.75 (-2.795664674905573,-0.5841466605529007)
291 (3.574184565533225,-0.2784394779017947)
291.25 (-2.106515845890774,-0.2894214801270715)
291.5 (-0.6085389246631288,-0.1825730844935872)
291.75 (1.487107577498587,-1.389117717296965)
292 (1.129119427073699,0.2728306693393737)
292.25 (-4.050351543373263,0.4270897313892654)
292.5 (4.442701326409856,-0.8458855218742347)
292.75 (-0.8122408934069864,1.402402311088359)
293 (0.6321929344296671,-1.303502537015504)
293.25 (-0.8591125697606775,1.264283216789298)
293.5 (-0.07200957355862522,0.5030894202157564)
293.75 (0.7116412431355524,-0.6974281531436031)
294 (-2.422770773807933,-0.7776621601268059)
294.25 (2.900591587301757,-0.4557807159022206)
294.5 (0.8003157977247491,2.050999998135735)
294.75 (-1.325682883473148,1.235071081068114)
295 (-0.1279004650803042,-0.9971267564457668)
295.25 (0.7244146855163462,1.605210169130399)
295.5 (-0.6239138179365189,0.2652307465561096)
295.75 (-1.244920901334717,0.01492820632170203)
296 (-0.8448414742571165,-1.496186745117658)
296.25 (1.937252925938724,-0.9230112963268416)
296.5 (1.916691237903563,-0.8170140260815063)
296.75 (0.9302072540647047,4.850411792537349)
297 (-4.291386484361033,4.152784412664281)
297.25 (-0.5331628653676775,-1.461291948075822)
297.5 (-0.2240400518210523,0.5532104244164883)
297.75 (-1.381701256501473,-1.895029570170888)
298 (4.097255481504604,-0.574340166634665)
298.25 (0.5262132814419874,-2.361753157015682)
298.5 (6.376726304023423,6.200493142163504)
298.75 (-0.6131695391607143,0.3244578377397067)
299 (-0.3547923203471567,1.227801900629009)
299.25 (-0.5773612905516238,-0.8452448408899542)
299.5 (-1.306374158615884,1.064962841539931)
299.75 (0.6421996904808095,-2.417069583185414)
300 (-0.9590211769398855,1.066935536768689)
300.25 (1.665183794459635,-0.8623880868108554)
300.5 (-0.8741555039571776,1.757038009136584)
300.75 (-2.044643264333835,-0.5554905151751849)
301 (0.5924071013654787,0.01267355181027752)
301.25 (1.363594338740442,0.8153342535949506)
301.5 (-3.123770583590904,-1.431969131684504)
301.75 (0.9694812778093603,-1.062352742698404)
302 (0.869058944785827,-0.5961176018142774)
302.25 (6.319043991495532,-0.6037502928115658)
302.5 (-0.2777373255831908,1.93499721194546)
302.75 (-2.010395622430767,1.573330107371354)
303 (-0.03023122963070687,0.2845730536012539)
303.25 (0.07592926189679915,-2.930300331659521)
303.5 (-1.126475773211459,0.5048676011884973)
303.75 (-0.002659773635235394,0.1263781270069143)
304 (-0.2045704782869764,-2.593131343825339)
304.25 (2.641773020991113,0.5526863073866368)
304.5 (0.9369959323591797,1.839871394907786)
304.75 (-2.122468831699444,2.239607883008444)
305 (-1.199955858524763,-2.005427988536571)
305.25 (0.9470306767200785,-3.741153354792032)
305.5 (0.7645792821186433,-2.073020933847942)
305.75 (-0.7582240544052314,1.0663863102749)
306 (3.362157885797447,-0.3282283175710451)
306.25 (-2.126357547280393,-2.24436004835521)
306.5 (2.026374309145793,-0.793520308681595)
306.75 (1.349284966804565,1.366877908803211)
307 (0.4342393127436287,2.535817029539817)
307.25 (-0.9469944666307757,1.383461930536436)
307.5 (-2.708481273406217,-0.5947173679346335)
307.75 (-0.3365882689467082,-1.335577144534742)
308 (3.488606745695354,-2.201268875986932)
308.25 (-1.300316467444386,-0.137517937177969)
308.5 (2.978917359546572,2.257599000417211)
308.75 (-9.718985224248648,1.865004428215069)
309 (-0.3063747725612964,-2.867539423647853)
309.25 (4.785874918227966,0.5863465550751374)
309.5 (0.04039648116565161,0.3448860675086247)
309.75 (-0.4658239332042297,1.658565262097418)
310 (-2.96168536553099,-1.873231151300911)
310.25 (1.43178462038784,-2.940188712356517)
310.5 (2.209894799705681,0.6103363674885797)
310.75 (-2.060124463645398,-0.3338391334601807)
311 (1.948073432197291,-0.919203548441975)
311.25 (-0.2458482978595586,2.264993327786126)
311.5 (1.074090026490511,-0.07990376024098615)
311.75 (-2.633070804933632,0.3960708399082342)
312 (1.607213317088895,-1.154240921169963)
312.25 (-3.044249182955113,-2.872847001091926)
312.5 (2.403212362661573,0.4058837666611731)
312.75 (-1.083131616456317,-0.679768052434352)
313 (0.7194040445912105,1.204860942292691)
313.25 (-0.7366818209700582,0.5697865208093505)
313.5 (-3.013562930950588,-0.03802906748807298)
313.75 (1.795954807129744,-0.8628381729760152)
314 (-0.5722458197859946,0.2759929443786858)
314.25 (-1.972629897399831,0.428151860728019)
314.5 (0.8824354438635981,-1.803197972262764)
314.75 (0.9656926002244297,0.7937662135362985)
315 (0.3075867849474873,-0.7781783974714159)
315.25 (-1.771440097395508,1.973737115012396)
315.5 (0.3341033250624499,-1.542219033902673)
315.75 (-2.124993802248616,-0.9171065012511355)
316 (1.840904976605199,0.4517970539701092)
316.25 (-0.5325564478822271,-2.602488113210482)
316.5 (-1.071494162572121,1.524011319083656)
316.75 (2.211380026143742,-1.619175305198192)
317 (-1.213837414725036,1.217435191228417)
317.25 (-0.00623017557505105,-0.1310237778375862)
317.5 (2.318043964836796,-0.231570724216851)
317.75 (-0.3263124847705416,1.846667689938146)
318 (-1.783310677636678,-0.5209365845800397)
318.25 (1.139067981879089,1.155215701987455)
318.5 (-0.929921210182005,-2.173292130243346)
318.75 (0.4437484558259517,0.6207752716971316)
319 (-0.9936154287837747,1.176974437747439)
319.25 (1.481622715716654,-0.1094237742282249)
319.5 (-3.191249534055629,-2.331042598302777)
319.75 (2.318328642246067,0.7811976689690149)
320 (1.356307495289822,-0.4077616992158833)
320.25 (-1.800512733187467,1.115064353949901)
320.5 (0.4780661761334352,0.4700157724100153)
320.75 (0.6171591822011869,-0.4479877528273782)
321 (-1.944633263176312,0.2009188198990119)
321.25 (-1.149831606756463,-1.307989892515957)
321.5 (1.883810238926026,0.3645519826398204)
321.75 (-0.73958204537837,0.4038870519093529)
322 (-0.1693488787207419,-0.7993972249721409)
322.25 (-0.3118103960961261,0.5488834217600357)
322.5 (0.840139538534739,-0.2488489811475781)
322.75 (-0.3737298204914553,1.180225105356146)
323 (0.1955720800819835,-0.3910478655417952)
323.25 (-0.3011611294889702,-0.06501313628438225)
323.5 (-2.404821926715346,-0.5350737419654704)
323.75 (3.796145559213966,0.4065210688541178)
324 (-1.938771242385121,-0.7063736105963609)
324.25 (-0.3256712689558398,-1.602107733595891)
324.5 (2.715873669727312,1.114397814359828)
324.75 (-1.068407935125547,1.140321666181903)
325 (-2.53746867511904,-0.4610042040989725)
325.25 (1.791481058070413,-2.808342704812912)
325.5 (-0.4878598922122078,3.736123298825483)
325.75 (1.62199802452871,1.009566584730933)
326 (-2.725481200350134,1.054141117201523)
326.25 (-0.8243541881817031,-1.651399509106956)
326.5 (-0.517083878742534,0.7761583667886913)
326.75 (0.8667544663458451,-2.474106277511829)
327 (-0.8602756482176912,1.140312343583958)
327.25 (1.994454565954769,0.6281943225972771)
327.5 (-4.167821191692883,-0.3479038917065214)
327.75 (0.2725390202068122,-1.051762593777965)
328 (2.863501271273333,-0.295648951324563)
328.25 (-0.3724336814493955,2.774362594201218)
328.5 (-2.340409216410891,-2.382740625979611)
328.75 (2.073891200399553,-1.507453269612866)
329 (1.536773283571674,-2.609068495513459)
329.25 (-1.081361576932203,-0.7809989187704938)
329.5 (3.259386109582508,0.24165676499573)
329.75 (-0.627573564192053,1.506774229521347)
330 (-1.615655823763216,0.6767582437119254)
330.25 (-1.76667835923057,-0.1916140529355415)
330.5 (1.279458651521734,-1.432322229654234)
330.75 (1.52708273855452,2.96173300575343)
331 (-1.538299958131343,-1.379909250683646)
331.25 (0.487535434651768,1.191396822053935)
331.5 (1.015834901844031,-0.009808282751305379)
331.75 (-1.981867420194485,-1.45182653295828)
332 (3.211191706154282,1.663611588855068)
332.25 (-3.614111824847224,0.1046968522132182)
332.5 (0.4195601132926035,1.795620018490204)
332.75 (-0.4501877450502755,-1.713283791146578)
333 (-1.574719846891083,0.6490725516600041)
333.25 (0.8740861354412754,-2.392700506768778)
333.5 (-0.7142223753161276,-1.523036726301519)
333.75 (1.658866533971877,0.2790764239245365)
334 (-0.5228481084382897,0.8919282508258323)
334.25 (-0.9355624183746351,-2.073401069109387)
334.5 (2.761047313464217,1.324774181070016)
334.75 (-2.952320459181091,1.173198138927735)
335 (1.518130988529735,-0.8922917221861346)
335.25 (-0.3359522460249978,0.4654890692252802)
335.5 (-1.846606045032696,0.2941430861817611)
335.75 (2.692655522425286,-2.238149558480052)
336 (1.277458567120396,0.9706970986806385)
336.25 (-1.430581201162924,2.230020580190473)
336.5 (0.299097290239716,-0.1189438645695214)
336.75 (-3.2756160869338,0.8247726193732606)
337 (-1.97498076295497,-4.739303533671131)
337.25 (2.401690391413446,-1.448892337488536)
337.5 (-0.3418116473265186,2.535851640428065)
337.75 (0.0196199597189738,3.494674837725546)
338 (-5.602745023966297,-3.046906040162374)
338.25 (1.926172275026844,-0.9269048279726054)
338.5 (-2.89187819281289,-0.5461920687056194)
338.75 (1.98531656374925,0.572725032493029)
339 (-0.2003111064623373,-1.233154529990973)
339.25 (0.650449443456392,1.964134408907579)
339.5 (-0.7864269326560953,-2.200080398202303)
339.75 (1.92374573414687,0.06461824358181471)
340 (3.05214393161669,3.100857542263416)
340.25 (-2.173094135291577,0.2813830073127472)
340.5 (-0.1617582512611303,-0.6339918459744001)
340.75 (1.661477458077508,-1.982084628041773)
341 (-1.837381301093551,2.79440508518419)
341.25 (1.094941625718915,-1.315984419090075)
341.5 (-1.394997711008862,-1.609509029553171)
341.75 (2.676993257800279,-0.2543119968102166)
342 (-0.2117901682315396,2.698395183168735)
342.25 (-3.603251816454611,0.6380237944902025)
342.5 (0.3297842275549301,-4.2149315151602)
342.75 (1.23706534032371,0.3421111816624581)
343 (-0.7131483397757701,1.073040661495784)
343.25 (0.1237103957936649,-0.07617560890419491)
343.5 (2.270184634401872,-0.6053611827749938)
343.75 (-2.467858587805864,-0.5022748838138953)
344 (1.862687021156918,-1.399041816844042)
344.25 (-0.05632121851194514,2.413285408980292)
344.5 (0.7557990917413824,-1.627424093094194)
344.75 (-4.06439388848499,1.707642705583988)
345 (1.187660183840606,-2.534134747589537)
345.25 (-0.1409622332001882,0.5631633006840889)
345.5 (5.225160245936096,0.0652060537397936)
345.75 (0.4724029686421535,1.532500339262854)
346 (-2.95053262021779,0.9819689805502294)
346.25 (-0.9735204109880399,-2.030026980054359)
346.5 (-0.5419178662803008,-0.07929166845427155)
346.75 (1.181655915545799,-1.065876835621982)
347 (-1.571055822161193,-0.7144621277608615)
347.25 (0.7712561266371059,2.086448690698267)
347.5 (-1.871622967313226,-5.145126013761131)
347.75 (2.646216548998331,1.337416701726969)
348 (-0.6833253003584299,0.448513303126737)
348.25 (-2.086097548382535,1.076765283498007)
348.5 (1.83464230204284,0.4065239112064669)
348.75 (-1.331985870291532,0.1443868841486113)
349 (-0.4993524668726741,-1.343407512277207)
349.25 (0.1577040877923573,1.290742513006965)
349.5 (3.092873708201858,-2.502144972862493)
349.75 (-3.691476006225467,1.904974809785201)
350 (4.483869668628016,-1.541961813639695)
350.25 (0.2134482429043857,0.7933013626601031)
350.5 (1.02599937008073,1.684690235685224)
350.75 (-1.924953168979215,-0.8582239781321663)
351 (-1.966632287772181,1.513789533334965)
351.25 (0.7258541003757941,-1.541368117226643)
351.5 (0.855858037461479,0.7628006825760004)
351.75 (-1.511133651913755,-0.5544994240036274)
352 (-0.5991533830256289,-0.1228505473205088)
352.25 (0.7622607985016546,0.7201623452373678)
352.5 (0.04617167072400265,-1.28558532331369)
352.75 (0.5400632072871472,-1.537658476203575)
353 (-0.4258406615756093,0.9115054001054861)
353.25 (0.3964757919496996,1.833030517551494)
353.5 (0.1050343970818828,-1.93745709223711)
353.75 (-1.573166388883674,0.3652285805832156)
354 (3.028219999016599,-1.946326652790136)
354.25 (-0.2209164056031798,1.179240800274052)
354.5 (3.538185438064632,0.8973592895475661)
354.75 (-3.90822584019839,1.454783040540888)
355 (0.657173562560994,-0.6780265332321119)
355.25 (-3.021506512573341,-2.613548483569032)
355.5 (2.186799478121653,-1.175991458244574)
355.75 (2.162619698382088,1.989895291484507)
356 (-0.9763975873070403,0.8929130666201958)
356.25 (-0.5808541826932773,-0.80929292770173)
356.5 (-0.3120706246566538,2.276932130777302)
356.75 (0.08229907944650185,-1.518092049814153)
357 (-1.952125973889764,-1.30528195697194)
357.25 (3.254281947757006,0.6128155656786763)
357.5 (-2.062674023658218,0.2107059675375072)
357.75 (1.146401281638656,-1.269834504350578)
358 (0.9311758659539108,-0.1873211742814261)
358.25 (0.1592172345669053,2.076730029543758)
358.5 (-1.087106489635783,-1.841167418775834)
358.75 (0.1756448290125958,1.170053647436843)
359 (-0.08837567306402776,-0.7026532635123792)
359.25 (-0.04698556093306615,-1.354506317395715)
359.5 (2.677104997377661,1.890602366339914)
359.75 (-0.3175104920709581,-0.2317663439481967)
360 (-2.222312508256923,0.5413094409007817)
360.25 (1.663852602680653,0.8904149714668321)
360.5 (-0.9122636247428072,-1.766904743986571)
360.75 (1.892532636874266,0.03113738677095786)
361 (0.8665214200613162,0.9229070288173161)
361.25 (-3.559032280285492,1.135601055754887)
361.5 (-0.3989444479659621,-0.9939649876840659)
361.75 (2.65123187407475,-0.5330904033134278)
362 (-1.44346331822373,-0.2320333916733554)
362.25 (1.307154700457927,1.384388194963194)
362.5 (0.1849123333940327,0.6128606552810701)
362.75 (-2.62144341441543,1.84699636354786)
363 (0.5247056952964324,-2.287521260645832)
363.25 (-1.147493774865915,0.4265472559200023)
363.5 (0.7631244297517583,-0.05289468352811259)
363.75 (1.916338225092325,1.11192060440188)
364 (-0.5478203093725132,-1.192659684265343)
364.25 (-1.699702903836826,0.3898663243778839)
364.5 (3.415695110764829,0.2244115274655927)
364.75 (-1.527392707164237,-1.624605602346447)
365 (1.036702515809164,2.484810130451421)
365.25 (0.1277397847609062,-0.7687173875566807)
365.5 (-3.04775847358757,0.2737943171942639)
365.75 (3.147350196366483,-0.7507714858700263)
366 (-1.09369477031768,0.4620383976768591)
366.25 (1.278009073659073,0.627636984613188)
366.5 (-0.5612014502484691,0.2396343079364266)
366.75 (-2.484412837095721,1.119461637361832)
367 (1.627713529616153,-1.003940272659412)
367.25 (-1.710652936685104,-1.584362744223782)
367.5 (1.501735549651883,1.106756959484744)
367.75 (-1.217186625488222,-2.529650950163417)
368 (-0.05545542133234949,1.845140657357793)
368.25 (2.424418679663642,-0.040305635638626)
368.5 (-2.02261763539618,-1.238084673883472)
368.75 (0.9099355764652728,1.295567810025131)
369 (-0.5773758674764706,0.3672863142603106)
369.25 (-1.225785542903755,2.766503290535904)
369.5 (0.3781134776979809,-3.688858395910619)
369.75 (-0.6841149006553346,0.5455335820484347)
370 (2.737946673466207,1.920311927551632)
370.25 (-3.579519867861823,2.596320223792015)
370.5 (1.741019070816347,-3.414101972137476)
370.75 (-1.552531542894624,0.909653483068669)
371 (0.3507233735065795,-0.4432879039566563)
371.25 (0.8079265884662957,0.6333016395875088)
371.5 (-1.134089109323457,-3.470862282987026)
371.75 (1.788850002314645,0.4725645814927302)
372 (-0.5652335384050153,-0.2638237030880825)
372.25 (0.8241628859604671,1.223229622469158)
372.5 (-0.520552117965055,0.7322591140413662)
372.75 (-0.7048234016722947,0.3152598261280151)
373 (-0.7579801486635831,-0.3603854844125628)
373.25 (-1.093136523779091,-0.4739672759909797)
373.5 (0.05863607394874769,2.032355606853522)
373.75 (2.042901710162369,-1.125941486270033)
374 (-4.07664772626563,2.815101579551576)
374.25 (-0.3906841521321804,-4.663441724264942)
374.5 (4.901042607938002,-0.7065246778978067)
374.75 (0.1107474559472212,-0.4105820812499252)
375 (-0.1216870673847671,1.986955617687171)
375.25 (-0.09787336039898969,-2.212765930060312)
375.5 (-1.423400797834427,0.8352003784023264)
375.75 (-0.6225811960121267,-1.911367523911964)
376 (5.6557416390027,-1.393368584526791)
376.25 (0.3238356633255498,2.220485877145026)
376.5 (-3.034113640703262,0.83745730280498)
376.75 (-0.6527733677418529,-1.373963733334339)
377 (3.128077896618709,-3.007334496261274)
377.25 (-0.2457370031059657,2.199439636203404)
377.5 (-0.6710309186967857,-1.629261862827999)
377.75 (-0.8020085099360936,-0.9169939581277898)
378 (2.025415238571386,0.3464128549346807)
378.25 (-1.191033442392281,3.494952080969309)
378.5 (-2.014476402948011,-0.2713508784280081)
378.75 (2.706829674170671,-0.5650860104760627)
379 (-3.280136264024715,-0.6115517676170822)
379.25 (3.445255596264476,0.1488706309769933)
379.5 (-3.463792458429058,5.497801232155257)
379.75 (-2.287104529687789,-1.492758322629254)
380 (0.6573243971675341,-3.563817172978949)
380.25 (-0.1320118197202974,-1.85182997742208)
380.5 (1.005254788703624,1.135978518893617)
380.75 (0.3975340727667367,-1.098549204241154)
381 (2.89738713424896,-0.2755766152541136)
381.25 (-2.412501024172499,0.214784945970651)
381.5 (1.21706735682734,0.702443024172935)
381.75 (1.021056689045129,-1.762626898389112)
382 (1.078945306181131,2.151410105806906)
382.25 (-0.04688576064126516,-1.166728245630974)
382.5 (-0.003632124110800466,5.279345601916216)
382.75 (-1.170678234206414,-3.034866106617076)
383 (-1.247172133192208,2.127143681455293)
383.25 (0.7741459087256664,-2.776434390303999)
383.5 (-1.026045406497897,1.309879228276815)
383.75 (-0.2993583549619837,-0.645978671708049)
384 (1.016778897523534,0.5115046709299692)
384.25 (-2.885990430996418,0.5352251403744799)
384.5 (-1.270753120436451,-1.858833371157204)
384.75 (1.403327401456388,1.16432421017108)
385 (0.09657333298109255,-1.469547597506247)
385.25 (0.4034206522841439,0.1233540442042748)
385.5 (0.5932176440650488,-0.7787018271411843)
385.75 (1.072179153131841,2.197555535346801)
386 (-0.5283619663891552,-1.060225091640058)
386.25 (1.138703165979615,0.09984413479672354)
386.5 (0.4122845177108737,3.024112693822743)
386.75 (-0.5836042857327494,-0.7209381686354396)
387 (0.865517057803276,0.7073138883970451)
387.25 (-1.895441139089825,0.5293043686616091)
387.5 (-0.4027738093065468,0.9551140120902414)
387.75 (-0.3954252947875865,-1.981625526477206)
388 (0.9916867399061361,0.9474097590981102)
388.25 (-0.4741076966353671,-0.5565370964582318)
388.5 (-0.1344794508464978,1.186075775891892)
388.75 (-0.537191004378723,0.02720575002649805)
389 (-2.122040825179501,-0.6995714152663089)
389.25 (1.556405203011999,-2.513608195666685)
389.5 (-1.979654566931018,0.9610027359907194)
389.75 (2.195632063550184,-3.105917980802274)
390 (0.9424011562516352,-0.3885185270288448)
390.25 (2.261059194329712,1.517958561418977)
390.5 (-0.3241757651020108,2.096297001490304)
390.75 (-1.946183002276797,-0.4820929796637544)
391 (1.013828692778548,-0.4445997033730063)
391.25 (-0.2603491075852853,-0.4333754857220766)
391.5 (0.3239841145790135,-0.686041029655282)
391.75 (-2.281687882100959,1.170796114897605)
392 (1.726113532989484,-0.2321649871754205)
392.25 (-1.190203000265808,-1.291359420755918)
392.5 (0.9039312980912211,0.6046592175429775)
392.75 (-0.5873214845589364,0.5591378002881734)
393 (0.9666952780146546,-0.9611265856500529)
393.25 (-0.6370357677240176,1.600978889401668)
393.5 (-0.3408409731485103,0.6971577845502404)
393.75 (-0.263554518682472,-1.774536588794328)
394 (0.6511401345531738,2.100643018663248)
394.25 (-2.226851842421533,-0.8339687247927966)
394.5 (-1.117995073847273,-1.058386373228981)
394.75 (0.7915273053518965,-0.8585640802945717)
395 (0.02985672273011307,-0.3158207483214834)
395.25 (1.769637381877685,0.9100747998810771)
395.5 (2.356418948423716,-1.241404105776916)
395.75 (-1.423389649485151,3.131608370100752)
396 (0.8347358799515597,0.5250813952859483)
396.25 (-0.617672337742899,0.5931154621965101)
396.5 (-2.190258248795332,-0.4952905702407043)
396.75 (-0.6063328794611245,1.546253068649525)
397 (1.348414395980854,-1.868280643712817)
397.25 (-1.802814053518776,0.4212293699140965)
397.5 (1.05408019956315,-1.615815663678979)
397.75 (0.9835910926776937,-1.933026996484739)
398 (1.037271613666293,1.315594097318005)
398.25 (-0.795133722817235,0.4927875502334874)
398.5 (-1.192158934911489,0.2448030715071519)
398.75 (-0.03563355612814617,-5.075500243547157)
399 (2.40036128822868,3.281847359850926)
399.25 (-0.7327264689528052,-0.8416119631171375)
399.5 (-2.366346244399558,0.0009354830185766751)
399.75 (4.748437467858913,-2.397193338168705)
400 (2.84243433763673,5.813514083099725)
400.25 (-2.610800066544484,0.4244559259823964)
400.5 (-3.291476375287993,-1.179639327421453)
400.75 (-1.344623361466145,-0.2271497647682964)
401 (1.653466677909738,-1.952191952836153)
401.25 (0.1488124186141395,-2.336415827722268)
401.5 (1.978338038891654,1.684366259871795)
401.75 (1.321479043426112,2.962489957487835)
402 (-0.4811545771756651,1.435774372363618)
402.25 (-3.296667969303889,-0.8480817651706649)
402.5 (1.30880823670254,-0.4660823593214095)
402.75 (0.4596348562101084,0.5995232212097963)
403 (-1.246142759296638,-0.5875685691052084)
403.25 (1.482296793608526,0.1489324428580117)
403.5 (0.008290044224701736,0.004955201429184367)
403.75 (0.1436120863733086,0.4812268298115238)
404 (-0.5149426947724026,1.216959197119384)
404.25 (0.239752448753062,-1.127086319699484)
404.5 (-1.871410148596997,1.224120580483196)
404.75 (-1.573482108477144,-1.951593958919679)
405 (1.742986594357627,2.196552350679294)
405.25 (-1.451151232426259,-2.767349920892565)
405.5 (-0.06121512095410683,-1.892608468834029)
405.75 (1.004885256675881,1.314795619919283)
406 (1.406002552723608,-0.7821250829903759)
406.25 (-0.1771925515371077,-0.5386419281858671)
406.5 (-0.3731072162934841,2.492433880017913)
406.75 (0.4373540959873567,-2.665898449532431)
407 (-0.1586080045613995,2.806240756589695)
407.25 (0.6759705091994246,0.02764227526590267)
407.5 (-1.747453817234131,2.242499835123219)
407.75 (-2.935788101763868,-4.288843718566368)
408 (4.80143653039367,1.748232153940387)
408.25 (-0.7625607917975817,0.85729780137772)
408.5 (1.42203961899292,-0.5943003503168703)
408.75 (-4.513113173661827,2.919862212382874)
409 (-0.5710131371320023,-1.362174376788443)
409.25 (1.447615628341485,-0.4530777271351006)
409.5 (-1.294709316978056,-0.9618631781852257)
409.75 (0.6083481669395648,0.28042359566665)
410 (2.047287737702544,-0.782491750797098)
410.25 (1.147296855758624,0.2938381356877036)
410.5 (-0.7910382106679542,-0.1215685258425013)
410.75 (0.07906355377715986,1.790872966951033)
411 (1.927011871640028,-0.4855127925685607)
411.25 (-1.189425055223678,0.784377865484519)
411.5 (0.4382002436494341,1.585231044504113)
411.75 (-2.077856476271296,-0.03622260061098825)
412 (1.190898434511189,-0.477811487199156)
412.25 (-1.199327250630992,-1.588224289662032)
412.5 (2.1868740744241,-0.7301461875279791)
412.75 (0.1207899801928472,0.8209765870104546)
413 (0.2474954050393664,-0.5936616199057198)
413.25 (1.299461689869957,1.34914768681758)
413.5 (0.3415933335519858,0.5718031796942995)
413.75 (-2.052262101246284,0.7395950013295042)
414 (-1.187309093119211,0.5181743045959264)
414.25 (0.2862267567327478,-1.764091759175564)
414.5 (0.2302646033952765,-2.078062131687944)
414.75 (0.7107872501376176,1.836728077050882)
415 (-0.958545364717322,1.199435044518086)
415.25 (-0.8600099304325147,-3.499637450638733)
415.5 (1.350500525829565,-0.4925004421204196)
415.75 (5.218314632307052,3.909714941872211)
416 (-3.677157784285566,0.8433227463659166)
416.25 (3.784037599718629,0.3199357422388069)
416.5 (-2.221906286891706,0.00432685868646146)
416.75 (1.44121631067183,-1.056678800897886)
417 (-0.8368385002775269,-0.8499988304437953)
417.25 (0.5361108887516454,1.67966471050933)
417.5 (0.7727523980112435,-2.595724729488488)
417.75 (1.252906010922625,0.8630304491120983)
418 (-2.363373720529795,1.745367464053559)
418.25 (1.619696835839164,1.067646995862978)
418.5 (-3.296767306088131,0.5681091568408525)
418.75 (-2.829742835514921,-1.131587585839429)
419 (-1.117273453012333,-1.384861725880117)
419.25 (0.9295384671667173,-2.539621990793369)
419.5 (1.97665043600223,0.4197865726496673)
419.75 (1.576522447394269,0.6461765844748628)
420 (-1.271566246981616,1.582789413525892)
420.25 (-1.019826161866577,2.054557786000371)
420.5 (0.9299345192095032,-1.743283336423516)
420.75 (-0.8528644761500991,0.880109006361424)
421 (-1.00174217469757,0.2277945490784201)
421.25 (0.3824210138220162,-2.112021267027595)
421.5 (0.603407549049903,0.2790880711489433)
421.75 (0.5796131584618601,-0.7401126164719665)
422 (5.827262414521496,2.923498210848473)
422.25 (-6.251336668434965,2.221277791589312)
422.5 (1.714409549874037,-0.9136770433079628)
422.75 (0.6705623551121127,0.002465609831441234)
423 (-2.036185428094742,2.051174695521202)
423.25 (-1.393242796062161,-3.394331805938075)
423.5 (0.9689492091360157,0.5767055106222706)
423.75 (-1.68085094333521,-1.673005274394011)
424 (-0.9824388743905142,-1.741877726906778)
424.25 (3.845372295440454,0.3780370048853407)
424.5 (-1.346768206672929,0.3916729270400938)
424.75 (1.100926845522158,-1.395667837036934)
425 (0.8857065323605692,2.075665905931322)
425.25 (-0.7481325797546166,0.2736069682158784)
425.5 (-1.002262840432032,-0.8612673202098925)
425.75 (0.1895338893387523,2.067722387237634)
426 (-1.172859644477709,-0.9083879817641768)
426.25 (-0.08941859826086107,-1.543278898945691)
426.5 (-0.9842128518436073,1.076027091917432)
426.75 (1.557719081429931,-3.307243480852231)
427 (1.898020082821075,2.688555568702864)
427.25 (0.2494242930572842,-1.834539868365679)
427.5 (-1.191976561293563,1.704803999243987)
427.75 (1.939728457057668,-0.281075210157503)
428 (-1.98881609163871,0.3370488419017883)
428.25 (-1.535898310146191,-0.3840671698701217)
428.5 (0.3654508852848374,-0.5235428075116154)
428.75 (1.996312578333866,-1.383799571917687)
429 (-1.445427249404982,-1.022850705790917)
429.25 (2.067215070833212,0.9807562832099481)
429.5 (0.05910817502205708,-1.191056508825724)
429.75 (-1.039807911842817,0.7627312097559753)
430 (3.094107511807429,1.790818506867072)
430.25 (-0.5346409054835219,1.566213718521449)
430.5 (-2.219807200614361,1.043828195851977)
430.75 (-1.046755786619993,-0.6932231385432753)
431 (0.6857932154787536,-2.838938645108269)
431.25 (0.6538639682156622,0.03376028137705108)
431.5 (3.635133644047481,1.466197260372582)
431.75 (-1.574447108934058,0.6834293790179222)
432 (-0.7230213019511997,-2.646601599740487)
432.25 (4.252136660402797,4.033159748280643)
432.5 (-1.15308473212311,-0.075338711455393)
432.75 (-0.9647038780888421,-2.795396153827009)
433 (0.9139654115443334,1.173822827195041)
433.25 (-0.2788017642042162,0.8892101168903868)
433.5 (1.823527286640797,-2.050747763328959)
433.75 (-1.209014693982355,0.7371011272227784)
434 (2.020519025972424,1.781979744979121)
434.25 (-2.645824332499618,0.547382420696038)
434.5 (0.6607640547695524,-1.110435052379091)
434.75 (-0.9221606592939098,-0.2963790502189552)
435 (0.3399477914191001,0.02141083797503187)
435.25 (-0.720693703886167,0.5516230193935879)
435.5 (0.9253582533196218,-1.594747937766166)
435.75 (-0.6507820968198016,1.574500979296279)
436 (1.309003647971204,-0.6614177007312889)
436.25 (-1.434190491464962,0.5521012879852112)
436.5 (-0.3186391002379436,1.073287439871033)
436.75 (-0.5588997593167755,-3.729896929728377)
437 (2.528444077591886,0.2216382352202631)
437.25 (-0.353112471689815,3.790811472918015)
437.5 (-1.316090251311198,-1.230234938395391)
437.75 (1.107726996979678,0.1503211188712175)
438 (-1.480072238974568,-0.1322194814117789)
438.25 (1.832082949694032,1.376844439236996)
438.5 (-0.8608618089906893,-2.963443807257522)
438.75 (0.7813314143094756,2.033480385314432)
439 (-0.3735371909167475,0.9811870258385761)
439.25 (-1.392162203554969,0.1261878719758614)
439.5 (0.1758404415538068,-1.8444035814624)
439.75 (-0.9378151247991873,1.96511264851867)
440 (1.274321060207073,-0.1132469151564933)
440.25 (-1.266510401693324,0.2034734598830216)
440.5 (1.032244645163418,-1.609095858669519)
440.75 (-0.3056324429439056,1.348461133912027)
441 (-0.6240126064103272,-0.8269953450539134)
441.25 (0.8927502866930438,-0.8334682965613676)
441.5 (1.825803971764387,-1.840540383094887)
441.75 (0.8723955811273481,1.142184442933702)
442 (0.1169807022271693,0.4847744114144774)
442.25 (-1.359935588620911,1.430944846716077)
442.5 (1.28094275486433,-0.5287419867169749)
442.75 (-0.9093281824661987,1.418581719840017)
443 (-1.5435190999417,-1.698099226553446)
443.25 (-1.545700059490211,-0.4838965938782487)
443.5 (1.46920043952241,-0.7545497648432546)
443.75 (-0.8924325491019063,0.8170141419899174)
444 (2.145066537734321,-1.235642702088963)
444.25 (-2.303377866112114,0.4791457087570449)
444.5 (1.417597384187842,1.446193389596928)
444.75 (1.663878692102845,-0.7663443951606365)
445 (-1.336067282683322,0.322536797697262)
445.25 (-0.7608531941766921,-0.4662560407589352)
445.5 (1.624102384368607,1.254142198694992)
445.75 (-1.956240702477368,-0.2895105657386428)
446 (-0.7376498932403285,0.7355415340995618)
446.25 (0.9592439440488223,-0.1318451522295317)
446.5 (-1.663802891600165,-0.5408609199462592)
446.75 (0.1739395022979952,1.326127552104847)
447 (0.7697868931526353,-2.566290620054372)
447.25 (-0.2174834189437021,0.9562935401101845)
447.5 (0.3762478960399822,-0.1011123052005049)
447.75 (0.8795533888108317,1.12685973029494)
448 (0.1521576749999441,-1.681253580780132)
448.25 (1.7317759020614,3.096376908986657)
448.5 (-1.787778492829523,0.5737344093631792)
448.75 (-0.3551252590895075,0.7717136044809784)
449 (-1.39643853506385,-2.770614411674866)
449.25 (-0.09959217941228705,-0.3927992978990134)
449.5 (0.1581949118909704,1.192392715380744)
449.75 (-0.7349362449687782,-1.910665142781385)
450 (1.117169281078439,-1.346991194523688)
450.25 (-0.1199095246712876,1.449492896929469)
450.5 (1.923737675525595,1.025741514728842)
450.75 (-0.1210290424073928,-2.062598483944363)
451 (-1.678272679901385,3.454662718268628)
451.25 (0.2371088999408932,-2.149293148831047)
451.5 (2.30340869328109,0.08885222616187954)
451.75 (-1.99115561301055,-1.193132475929692)
452 (1.802618084878017,1.447810527043097)
452.25 (-0.2283958003238175,1.159240994016211)
452.5 (-3.516569931549634,-0.3603153993492109)
452.75 (0.6096448191361004,-0.9449669694508994)
453 (0.5854742654764549,-1.313111807526393)
453.25 (0.1100776230707168,0.6840522443342754)
453.5 (-0.7844099230940887,-2.424534115571433)
453.75 (0.7305397921317671,2.095784471836077)
454 (1.711109171885989,0.0586377253608047)
454.25 (-1.749648654704757,-0.2737507716494169)
454.5 (0.9119354879958844,-1.069949781392034)
454.75 (0.4288596012437214,1.360679570546519)
455 (0.08915622377912398,0.2596581794010747)
455.25 (-2.883049042407991,-0.7594453437305613)
455.5 (0.04245301043384403,-1.497417580925951)
455.75 (-0.3486675902666355,1.854659444796757)
456 (0.9870043759548168,-2.781609855869794)
456.25 (1.896306318378219,-0.09927049950115541)
456.5 (-1.376047116942023,2.31222810632661)
456.75 (-1.849329370747515,-2.301824500254923)
457 (2.256240824112687,1.677979822412375)
457.25 (-1.329910703769598,-0.7136472730353077)
457.5 (-0.5985645393279744,-1.607607630610908)
457.75 (1.508794967118733,-0.01304538492851699)
458 (0.7838261003993797,1.096255755317278)
458.25 (2.207087792160718,0.6305715256861386)
458.5 (-1.819138892963027,0.5685264798567687)
458.75 (-0.3437976382250369,1.662316166212989)
459 (-3.933877507585572,0.8800752921748947)
459.25 (0.5571533210663545,-1.489241855681863)
459.5 (-1.350281927238823,-0.1322064457123543)
459.75 (-1.555252872766124,-0.7297897127701418)
460 (2.981330508608177,-4.709006755713613)
460.25 (1.666862896922708,1.245488734268655)
460.5 (-1.137865541587059,-0.2426132375243388)
460.75 (0.2012986452730223,0.4156055572580286)
461 (-0.2371988219618344,-0.4250728780797441)
461.25 (2.985178128846254,-0.4437409926519465)
461.5 (-1.082624928023911,-0.5400488454505402)
461.75 (1.623401138707812,0.8505600620094967)
462 (0.3181422651514749,0.3308725809115431)
462.25 (-2.122876671869573,0.6352279788267061)
462.5 (5.326925202161275,0.4762841722515572)
462.75 (-8.51486731753986,7.410387588863411)
463 (0.09043477794839831,-1.613853202153932)
463.25 (-1.217382613143135,-0.1693538379279854)
463.5 (0.8691938156975345,-0.7490858976006433)
463.75 (-0.7240157899122218,-1.346231320552562)
464 (1.405757110891446,0.8131626220658523)
464.25 (0.09534344137596945,-0.6556995446300176)
464.5 (0.4942822809075441,1.202650178922863)
464.75 (0.4413237064945988,0.1637139198212172)
465 (-3.480310931564726,3.076895928740469)
465.25 (0.7798600732887152,-2.776104790293538)
465.5 (-0.09554627697894982,-1.7959349109788)
465.75 (0.5737207751341427,2.636284181056351)
466 (-0.581070977501527,-1.285655581663592)
466.25 (1.254933734529907,-1.670047437351507)
466.5 (0.6623360115722078,3.760485119891303)
466.75 (-1.18739397134422,-3.180182566821929)
467 (1.824662561299666,1.436748755168256)
467.25 (-4.52446842657722,3.030004579876319)
467.5 (0.4828119954822448,-1.001619504631355)
467.75 (-0.8602941154426328,-1.972074213847938)
468 (1.050482701886303,1.099754763951813)
468.25 (0.8729137780514598,-1.308533268916743)
468.5 (1.349475451503051,2.523039833725476)
468.75 (-1.531188763239883,-1.85720187572138)
469 (0.5815305464884001,0.354247281012431)
469.25 (-0.2639175727179923,0.01185951742842238)
469.5 (2.662636969117563,0.6180019810058638)
469.75 (-5.243118857976407,0.4742102564243801)
470 (1.388028805472567,-0.3553125249454558)
470.25 (-0.1133046293268596,0.6574091508191635)
470.5 (0.2056574099950851,1.733887460811162)
470.75 (-0.9213171071910314,-0.2042681339348037)
471 (-0.526709707366476,-0.9523767588486364)
471.25 (-0.3773443674400525,1.290603934316007)
471.5 (0.7385298395408378,-1.355456619249301)
471.75 (-1.141170728652921,0.6060289051653074)
472 (-0.7865603202151605,2.215264617326952)
472.25 (0.9117896702890996,-0.5348752633085833)
472.5 (-1.708527709071656,-0.716171526794857)
472.75 (1.444480391576135,-0.5609845512072011)
473 (-0.951787373495882,-0.388259963021169)
473.25 (1.307304196894973,-0.138159719405533)
473.5 (-0.9612892427274197,0.03837039810395679)
473.75 (1.250252264807003,-0.8179962252890344)
474 (-0.5057574606892232,0.7592206058791584)
474.25 (0.7070690302062447,-0.3606978086739367)
474.5 (0.6251743737855058,2.583913936128321)
474.75 (-0.8580409934615061,-2.620766587611432)
475 (-0.1844263657789105,2.855655106262446)
475.25 (-1.05918614788967,-2.14708072886583)
475.5 (2.32905934840696,1.253593731649161)
475.75 (-1.840025508876723,-1.984338346325517)
476 (0.07200443187396881,0.2531309066179921)
476.25 (2.297004395332014,0.7082001799749781)
476.5 (0.7416133291287225,-1.090089627639965)
476.75 (-1.493540322409948,1.770604617798703)
477 (0.03506896758969004,1.786398174520487)
477.25 (-0.6167299327956991,-0.1402890222858255)
477.5 (-0.9245960237508726,-1.848104958078879)
477.75 (0.09048841670340443,1.6146347369214)
478 (0.4578606163171794,-0.491963130685537)
478.25 (-2.365118102583972,-0.1766938570189236)
478.5 (2.153401347196693,-2.251059138674072)
478.75 (-0.4994402510457034,1.191407771867102)
479 (1.522554602751217,-0.01386398043161295)
479.25 (-2.422556358925874,0.4820936455757443)
479.5 (1.858757905405495,-0.3502444804671878)
479.75 (-0.7956905139138882,-0.9216421687353887)
480 (0.1989404307047508,2.179254632945474)
480.25 (-0.528175916772588,-2.094264052482611)
480.5 (1.668607287377879,1.044654138605342)
480.75 (0.8663539021992022,0.5742559056533274)
481 (-1.689268781484949,-0.0882003953976921)
481.25 (1.354434362791092,-0.2384734839376933)
481.5 (-0.1309630911183372,0.6078420123712617)
481.75 (-0.7005419177610784,-1.371247998909097)
482 (0.1292395285000863,-0.8294204002886106)
482.25 (0.946761904659485,3.284899499424314)
482.5 (0.004450254743890273,-1.690217129835195)
482.75 (-1.780247871028516,-0.7378575275751624)
483 (-0.4892742533437677,1.406272794715843)
483.25 (0.8840077844188327,-1.095991683364608)
483.5 (-1.151187157612469,-0.8280475009576134)
483.75 (1.178149570333509,0.6592712578405132)
484 (0.07994148996242345,0.4828628150186436)
484.25 (-1.484530127159461,0.8818540555871001)
484.5 (0.2982545032619702,-1.947736503947727)
484.75 (0.9147095440512688,4.025241432592642)
485 (-1.65883060846659,-0.7739292752507552)
485.25 (-0.01881220203394988,-1.494412239333197)
485.5 (1.514284986926021,-1.701853757840431)
485.75 (1.625929544442615,0.5488250845634463)
486 (0.4898567325745699,0.5247542925958754)
486.25 (-1.797372748164761,-1.753859969022372)
486.5 (3.117229021766475,0.6569755785508774)
486.75 (-1.573150022793444,-0.8637066235732471)
487 (4.475718540720152,1.827230288445636)
487.25 (0.9248519906862407,-1.156079324800935)
487.5 (-0.4207814730607272,3.234270991969348)
487.75 (0.6717700216197611,0.2300715632942146)
488 (-1.882682094009678,-0.1193488668593063)
488.25 (-1.579193606123044,-0.319828744238401)
488.5 (1.661506279768437,-0.3848320594376324)
488.75 (-0.7414897094514425,-2.026622037426422)
489 (-0.03018918288398516,-0.4010827618275544)
489.25 (-1.279427927380669,-1.665543956552509)
489.5 (2.213676516291045,0.926133705260312)
489.75 (1.584655250495589,-0.7435386459049298)
490 (-0.8932972840478758,1.323708608174629)
490.25 (-1.618337507311247,0.2001458130502119)
490.5 (-0.1942697051408825,-0.0718195066785435)
490.75 (0.5427023927102731,-0.1188851880830671)
491 (-1.89330057557537,-2.169849113322044)
491.25 (-0.467960648082916,-0.7632509029321147)
491.5 (1.464356517999991,0.5754622581978669)
491.75 (1.222406909582082,-0.3259539106094069)
492 (1.028163507011954,-2.174527776580735)
492.25 (-0.3736005454367201,3.477602720883232)
492.5 (0.6671201133094835,0.6838267743990476)
492.75 (-1.183374282775268,1.162669682461454)
493 (-0.2283640874547659,-1.971902382399312)
493.25 (-0.9993124654368799,-0.5846569252788215)
493.5 (1.078635782270665,-0.5507943806588811)
493.75 (-0.5829771672371494,1.276517920049775)
494 (2.531454481433011,-1.14775881367069)
494.25 (-1.061983843283939,-0.7709736490032106)
494.5 (0.8343517693791632,2.711840119076886)
494.75 (-0.9657635386025823,0.792277146460443)
495 (1.526369140738861,-0.6999377279355981)
495.25 (-1.013347855551089,-0.978794913863694)
495.5 (0.390198739916219,0.9895068428247406)
495.75 (-0.06084997470407812,1.296172751219303)
496 (-3.142900048110655,0.6932660762461705)
496.25 (1.654645563533573,-2.163774739116362)
496.5 (-1.24604801854759,0.7740648552719369)
496.75 (1.236356441741221,1.174531295122149)
497 (-4.984269715381494,-3.981556082212383)
497.25 (5.026461030784433,1.637331478811605)
497.5 (-0.1978022803796937,-1.045122621052906)
497.75 (-1.040359634340964,0.8370065441784321)
498 (1.260404150192238,-0.5582634883776314)
498.25 (0.5258844262701583,2.375561628852231)
498.5 (-0.912317474896009,-1.00170951379877)
498.75 (-2.696699105252573,-0.9288642995064527)
499 (2.351472168113216,-0.5897590646220092)
499.25 (-0.08446277611907808,2.018688255986438)
499.5 (0.4204917438610623,-2.752073531078354)
499.75 (-1.180577296092513,1.188778446308587)
500 (0.756524584884525,-0.4402310733928398)
500.25 (-1.128046927382436,0.3351992085984254)
500.5 (2.012099404833171,0.0001221376839852709)
500.75 (-1.584731922769651,-0.3366222199237455)
501 (-1.598539368295756,-0.01214689321090135)
501.25 (1.469786840890146,-1.4573841192077)
501.5 (2.073984018107884,0.03440295315484405)
501.75 (0.5948287174161127,1.50592485906546)
502 (-5.427595668594827,0.6649434768034361)
502.25 (-0.06663726683109826,-0.71178409753924)
502.5 (-1.111732791097556,-0.8373746038106242)
502.75 (1.830744356712811,-1.552824888522282)
503 (0.443268361980336,-0.5002659140268783)
503.25 (0.3355722641624401,0.6139348194616338)
503.5 (0.101766242175031,2.066500522151012)
503.75 (1.169765992314955,-0.4534296706055668)
504 (-1.312943752951975,-1.684695701825225)
504.25 (-0.9897494548897592,1.207582277591405)
504.5 (-0.273621464822064,0.5876005794873982)
504.75 (1.97861151151313,-0.8368841279290853)
505 (-3.848633047226653,-0.4952446686377395)
505.25 (2.702220842703029,0.1287807026287161)
505.5 (-0.76029741735394,-0.1454058326475361)
505.75 (1.771784134639103,0.9979317061568128)
506 (-2.814970190787907,0.3234032751658136)
506.25 (-0.253504625330953,1.392865687343581)
506.5 (-0.8962267678728668,-2.926259062304202)
506.75 (1.308448630855451,0.08689811391659828)
507 (3.711232493084839,2.87645867417948)
507.25 (0.5411194703218766,1.506263293089789)
507.5 (-3.675231176817295,-0.4984518198412079)
507.75 (1.586166680633697,-0.2016002943079111)
508 (-0.7245248023059233,1.022998933125221)
508.25 (-2.158356098100024,0.427986648419979)
508.5 (0.7311274246737888,-1.096841990231282)
508.75 (-0.2552598039510982,-2.253530202151931)
509 (1.229431739969628,0.4775293981146864)
509.25 (2.857152305664476,-0.04225162424246441)
509.5 (-0.2766602600885844,2.573164035361396)
509.75 (-1.880592010809413,0.5584050024993467)
510 (-0.1918753264137645,-1.547070665120926)
510.25 (-1.584341496554279,-0.665960150196736)
510.5 (1.452988795636538,0.3888806611777114)
510.75 (-1.521266397910702,-0.8590340090902667)
511 (0.8499713025604746,-1.054268462279197)
511.25 (0.1232851879867444,0.6869265425907489)
511.5 (0.2013099354204013,-0.3833348512222072)
511.75 (1.04675712901212,1.174234886450371)
512 (-1.096534145539134,-0.2503275232800355)
512.25 (0.8204184025357925,-0.9829983472479639)
512.5 (0.2229093426083457,0.5727893146967626)
512.75 (0.847899951755276,1.85696874061636)
513 (0.7209089155504302,-0.6567834091970736)
513.25 (-0.54897280090166,0.8926533210501101)
513.5 (-2.215944300269456,1.530596141247637)
513.75 (0.4516040170725485,-2.48757255376237)
514 (-0.901563760693654,-2.108485735121771)
514.25 (1.600980630315314,0.9949501965764499)
514.5 (-1.457949848450643,-1.068794919810824)
514.75 (0.1121481787241969,1.190371078797579)
515 (1.629894711617212,0.5708901513594444)
515.25 (-0.4615039872614099,-2.053422798614172)
515.5 (-0.5633042342245326,1.560755894357491)
515.75 (0.5463663123156197,-2.123476248884836)
516 (0.5142784243420365,2.409720274798983)
516.25 (-0.4895436960381638,-1.648838178199306)
516.5 (-1.060374553873416,1.328578588256879)
516.75 (0.5196907381895083,-1.162578657199389)
517 (0.5574912148042459,-0.9138852810553267)
517.25 (-0.2226799612861335,1.703642074434514)
517.5 (0.4455591168192098,-0.8722261635445583)
517.75 (-0.5890652330596522,0.4007885889609357)
518 (0.8042497326947456,-0.5315499137933608)
518.25 (-1.836123318763393,1.184067449506446)
518.5 (1.902129557065149,-1.323160849833764)
518.75 (0.2288535873379648,0.5164692796212905)
519 (-1.633928831378129,0.3245603831287064)
519.25 (-0.1448807417759165,-1.368872749929739)
519.5 (2.67812936990439,-0.9370640969873963)
519.75 (0.4368542242492361,0.3117169743239898)
520 (-1.205273322078483,1.887298833429819)
520.25 (0.892826411458179,-0.009891783724292592)
520.5 (0.134286311400396,0.833075583821301)
520.75 (-1.431628728789456,-0.9305381596915692)
521 (0.5008391474854605,0.09203861111948571)
521.25 (0.557105522573054,0.9363852865449057)
521.5 (1.422452607204828,-4.090197556641797)
521.75 (0.0136661051322736,3.127455885762351)
522 (-0.707467747189546,-0.9957555135631554)
522.25 (-1.027689766984522,1.478912450009667)
522.5 (-0.06844789419727568,-1.983736586621844)
522.75 (-1.597099727941983,-2.550900837074058)
523 (2.516445318162705,1.276160332620082)
523.25 (-1.003008422997975,-1.031843333738224)
523.5 (1.3437942290094,-1.125695392845673)
523.75 (2.62376327186937,0.2655805820877553)
524 (1.686090027548079,-0.5888734943831642)
524.25 (-0.2503172781639961,1.946870628429965)
524.5 (0.05631159475447489,1.705409078557367)
524.75 (-0.6235577423192182,-1.293155800661749)
525 (-1.176707217144951,-0.8400020189015535)
525.25 (3.034452440142334,2.439932550311033)
525.5 (-1.427929365669059,0.5430812930916005)
525.75 (0.02519665928547791,1.301585062657777)
526 (-1.52409914042986,-0.3456509184922915)
526.25 (-1.266023093271738,-1.108784372141602)
526.5 (0.3166185877606064,-0.4735466221599959)
526.75 (-0.5568490206937018,-0.1395708630150377)
527 (-0.520507560366149,-2.9298783705483)
527.25 (4.515353372624481,-3.858962375817734)
527.5 (0.8688441797501529,1.698550722168802)
527.75 (-0.7747404980045378,-0.2107859613628099)
528 (0.6330016101976896,0.1662505491069525)
528.25 (-0.1330279073810977,-1.488197576989626)
528.5 (0.5208385942954491,2.195429591066484)
528.75 (1.631785245615318,-5.727694623612807)
529 (1.284791057872372,1.550961500566231)
529.25 (1.750363210453489,0.8057896181771235)
529.5 (-2.215341576412032,0.984528357870722)
529.75 (-0.712271757273591,2.206664652986714)
530 (0.09599941586874627,-1.330863488602043)
530.25 (-1.128217460777155,1.225148537729883)
530.5 (-2.936328013456394,-0.790981456735944)
530.75 (-2.88211522440225,-1.594582477937034)
531 (0.4744403869814762,-2.105226750905986)
531.25 (2.102983810821159,-3.192202192735198)
531.5 (2.661794308171459,-0.7744494894423779)
531.75 (6.308964168086116,4.983048489512283)
532 (-1.463410008474902,1.673711749678941)
532.25 (0.4013159356074161,-0.9688436965912227)
532.5 (1.413823417351529,2.559577143335825)
532.75 (-1.900994279862754,0.9877382466954856)
533 (-2.432379931958586,-0.01013060258290582)
533.25 (-0.7283856503472254,1.141502228827174)
533.5 (-0.7356010889899912,-1.676280758536766)
533.75 (-0.1773373806908517,-2.591486798190747)
534 (-0.07876716420389002,-1.939570066664919)
534.25 (2.78235547088295,-0.34858802398629)
534.5 (1.163005339175345,1.746995561554714)
534.75 (-0.963544785086589,1.380860943490475)
535 (-1.767359851647292,-2.571559381535415)
535.25 (2.207186797527828,0.876596250222939)
535.5 (-1.301217098044809,-0.2303383422059011)
535.75 (0.2760380906145704,0.4683644480619595)
536 (-0.4854321776571603,0.3253670538867404)
536.25 (0.3637950424353923,-0.6762078274137289)
536.5 (-2.293030931310678,-3.565095722180751)
536.75 (3.533384778761627,1.692766825470269)
537 (-0.8592587076532285,0.1993601025973455)
537.25 (0.8216921523152405,3.434088345134532)
537.5 (-2.46479326609517,-1.014911104647921)
537.75 (-1.241636340294355,-1.210026780704529)
538 (2.312155350942751,-0.23963739212145)
538.25 (-0.9465697024512996,-0.5268438745298236)
538.5 (1.838466675258936,1.396293449684568)
538.75 (-1.711965426891578,0.8444510200593037)
539 (-1.148295887491503,2.083071894170293)
539.25 (-1.001416963271728,-1.036253738264651)
539.5 (-2.558878306135689,-2.594968613527826)
539.75 (1.223656913283935,-0.8439967602378247)
540 (1.306186128467866,-1.573170392556637)
540.25 (4.224072159914301,-1.302823835439817)
540.5 (0.6035146967536005,2.020976125181038)
540.75 (-1.173878373801506,-0.4529645948544564)
541 (1.392500171210061,-0.2394686879139748)
541.25 (0.8384042884096597,-0.3857966419316642)
541.5 (-0.3270094039263568,1.716236640605433)
541.75 (1.994289187300578,0.744713569884196)
542 (-1.955813788065376,0.464197079651382)
542.25 (-1.065050376669769,0.7863695604986443)
542.5 (-1.268527770209137,0.5852298641461766)
542.75 (-1.060839009228425,-2.69162250398656)
543 (3.475656260463083,-0.4336843106101547)
543.25 (1.710670017042488,-0.1547433789122605)
543.5 (-0.2060468455063613,1.396668692505903)
543.75 (0.1124337299798838,-0.9230976870691446)
544 (-1.562528065728273,1.274910532784242)
544.25 (1.87193341830284,0.2505614242970873)
544.5 (-1.44825699614121,-0.03960211659454853)
544.75 (-2.129549704834429,0.4409635727359461)
545 (2.547313211543783,-1.010645405349544)
545.25 (-0.800123438925718,-2.313567540795887)
545.5 (0.9814068416152597,0.288959182215321)
545.75 (-0.3094811341916358,1.608547798597524)
546 (1.919575099424586,-0.1517410521314068)
546.25 (0.2581158875549964,-0.5298402372516902)
546.5 (0.1515990111064875,1.575490749903239)
546.75 (-0.8206298762531102,1.342187217430516)
547 (-0.5035780746276868,0.6568469485978004)
547.25 (-2.064035267274877,-0.283645230383667)
547.5 (1.770575162396862,-2.65157400035537)
547.75 (0.8533855170894313,0.09431935978360954)
548 (-1.371363326061132,2.108747804437352)
548.25 (1.484001264663381,-0.2059211648644458)
548.5 (-0.8237613527487279,-2.039360252163901)
548.75 (-1.944825924733151,0.9394388121009788)
549 (0.8881831848478495,-0.1649972139865719)
549.25 (1.903992687591813,-1.499171444695545)
549.5 (-2.241955797991611,2.356854267870024)
549.75 (-0.05282784220292717,-5.608869258956504)
550 (1.871554443261,2.456043762303027)
550.25 (0.09064528264329379,0.6860024027096358)
550.5 (0.820462519895227,-0.7001328734860552)
550.75 (0.1397826414711113,0.1113371836573041)
551 (-0.8605572046737896,2.403731978257746)
551.25 (-0.9277677599916261,-0.1304327303894122)
551.5 (-1.174312918714219,-1.783683465243275)
551.75 (1.435433270138051,0.7254281518310616)
552 (-0.9500909085330871,-1.132355686672773)
552.25 (0.03113599902534591,1.14424404077425)
552.5 (2.610320960932386,-1.410031850854405)
552.75 (-0.0083676453778786,5.10019543983591)
553 (-2.604538890236142,-1.268689038490654)
553.25 (0.3420170697399036,0.1736324067379853)
553.5 (2.259686882481396,0.3619495080644794)
553.75 (-1.881609451162916,-0.1719889621878398)
554 (0.2636868959074039,-0.6951685117040585)
554.25 (-0.5493221843536733,1.853646689547497)
554.5 (-0.3811867964604376,-1.304790836496675)
554.75 (-1.128629636036835,-0.9204478646039344)
555 (4.159333884951638,-1.412033815752464)
555.25 (-0.730626760479814,1.607184976432432)
555.5 (-1.545257328761332,-0.0637956548643424)
555.75 (1.36362821677768,-0.45041701796971)
556 (-0.4854637153671484,-1.721601946468799)
556.25 (6.838932053259082,4.211469160235938)
556.5 (-1.292373566519515,4.221360026464528)
556.75 (-1.982631458612067,-0.6796331196506766)
557 (-1.67127738843876,0.2776830248020299)
557.25 (0.1891995943589656,-0.6829515521573697)
557.5 (-2.125286292675086,1.477023598920141)
557.75 (-0.07898416477065028,-2.762694519577556)
558 (0.3709540459582166,1.39378947660397)
558.25 (1.161633299285092,-1.188777470190033)
558.5 (-0.1422654593686166,-1.133451865487476)
558.75 (4.403728185209847,7.073722283045225)
559 (-6.526737588832234,-2.456140334561913)
559.25 (2.384884522567849,-1.346688662701232)
559.5 (-0.6352255617240525,1.565166841380095)
559.75 (-1.366825015312315,2.398694728525907)
560 (-2.154001398706455,-9.647396380893454)
560.25 (4.046847165765018,3.12046883032831)
560.5 (-3.471883084193297,-0.5801745383469857)
560.75 (-0.5074791782633664,0.1546958772432816)
561 (1.516555514128331,-1.615637068283746)
561.25 (-0.6804886147280227,0.4633747246568223)
561.5 (1.354133701601087,0.4251566412615411)
561.75 (-0.8710354607979206,0.8210576451690059)
562 (1.140242777246903,-0.2167325635652914)
562.25 (-2.125796105776294,-0.8393359354113809)
562.5 (0.1562645508176281,1.64835142088958)
562.75 (0.7804097559290724,-1.184290899931618)
563 (-0.1798949968653678,1.315736345481652)
563.25 (-0.5201239640228992,-0.9458483371582131)
563.5 (-1.613843164322678,-0.7612884896791788)
563.75 (2.702477608362684,0.7238455500564885)
564 (-3.949442726577439,0.5834372195305785)
564.25 (2.805448514529239,-0.691278999997597)
564.5 (-1.416704148582126,-0.1121302773825039)
564.75 (-0.2071558006705961,1.494916612488247)
565 (0.9952351971807292,-1.156672980502471)
565.25 (-1.613274675884418,0.1554593037982693)
565.5 (1.93553536070818,-0.7224587830058256)
565.75 (-1.260256857054939,0.7880487135046411)
566 (1.151438863393461,0.7947979818294096)
566.25 (-2.495638216512996,0.543427304933945)
566.5 (0.479598127775055,-1.270834202866164)
566.75 (0.1008747840499662,-1.850439334658913)
567 (0.4399952672082698,2.973697557519453)
567.25 (0.2859816346872334,-2.433652975150343)
567.5 (0.6962386638746646,0.5467212391315228)
567.75 (0.7190316914892894,-1.531152491522278)
568 (1.417119918120291,1.335524917743246)
568.25 (0.1833722733173538,2.964703689264293)
568.5 (0.9111252208731646,0.40980066053254)
568.75 (-1.025527287632647,1.014102659724529)
569 (-1.340184170769077,0.5241740609327927)
569.25 (-0.7222895294269295,-1.375900063616267)
569.5 (0.3579376019079527,2.084312834528294)
569.75 (0.5747965005341651,-2.282578349520273)
570 (0.0595281291860163,1.226271631908681)
570.25 (-0.9877021877583574,0.09471556774457324)
570.5 (1.75132156625534,0.02352236079648351)
570.75 (0.4808731366973434,-1.387143202714986)
571 (0.7506864634386364,2.368159967691534)
571.25 (-2.118483732162933,0.1128309484374599)
571.5 (1.56142111658382,-0.3422252647389727)
571.75 (0.5383873894095353,0.1985269781212225)
572 (-1.679718873071848,-1.200457630190978)
572.25 (0.1590260632177782,0.8215723560892962)
572.5 (1.277057979045891,1.328743768228106)
572.75 (-0.9661092319366082,-0.5183590456678413)
573 (-3.797505926795292,-0.8507696459906642)
573.25 (1.353755767649748,-0.7888955146000786)
573.5 (0.5986336670568714,-2.487829874781502)
573.75 (2.671864984643085,0.576447909340373)
574 (0.1642830363352741,1.595302214425808)
574.25 (2.243796315563694,0.9953611892173723)
574.5 (0.1683125960853178,0.3192112371171833)
574.75 (0.2043465619923056,2.77689056045784)
575 (-1.941147945970921,-0.6596705794958726)
575.25 (-1.444301049292487,-0.9596240218015887)
575.5 (1.461570606768299,0.7078074512842916)
575.75 (-0.9065805232847183,-1.753630730259462)
576 (-0.9380312754828378,0.8756268499883952)
576.25 (1.126574272786777,-1.934923485773963)
576.5 (1.025513913205421,-0.7586389599101948)
576.75 (0.07054770399538061,1.693723140344165)
577 (0.7845872981088248,-1.347305811708281)
577.25 (-1.186759341244018,2.964387936052697)
577.5 (-1.06807793494948,-0.03270062669315453)
577.75 (-2.928142911557828,-2.091813395156991)
578 (2.844411987197275,-1.064602722191516)
578.25 (1.173116854269633,-0.4414046367404569)
578.5 (0.334403382846903,2.348332964585475)
578.75 (-2.025463087796742,-1.4523593757433)
579 (1.02918090741335,0.9215139458643702)
579.25 (0.3802511994917094,-1.156703698408592)
579.5 (-0.9442776537578218,-0.3313504938361077)
579.75 (0.2091002322471217,-0.9106041791303859)
580 (2.055288157026383,0.9755965455384197)
580.25 (-0.8631982129279506,-0.1919046400258868)
580.5 (-1.540741362647553,0.9226140167544792)
580.75 (0.4343737525277065,0.02778864828518032)
581 (0.6166507748776627,-2.668608227688476)
581.25 (-0.2333095111806708,1.066887938079614)
581.5 (0.02657393497494304,-1.68583944450674)
581.75 (1.526380169873267,1.907444008639628)
582 (2.406720739171871,-3.008320052423741)
582.25 (-0.8091372955403328,4.191185504936402)
582.5 (-0.650428742939842,-0.8336535216029087)
582.75 (0.09999345432026961,-0.6669647970088854)
583 (-1.968003792599464,1.271064421007961)
583.25 (1.465010925748367,-1.285928117297223)
583.5 (-2.581907188406321,0.2229182565504426)
583.75 (2.475494916771649,-3.884386246315514)
584 (-0.4974539598813114,0.6853904963396545)
584.25 (3.322083193847266,2.260780395510016)
584.5 (-4.330030117977092,0.7573012951013108)
584.75 (-2.642234744768709,0.6365100140273688)
585 (0.9879688739931988,-4.598751442708124)
585.25 (-0.1275093891572585,4.312777204667088)
585.5 (0.2169756954928201,-4.119244424978246)
585.75 (3.020767227322822,3.207257698315046)
586 (-3.385787655420908,-0.8574825240683532)
586.25 (2.043960314824455,0.07083841698587132)
586.5 (0.2833625067115283,-0.5251895899901508)
586.75 (0.7670031594015292,0.8786257916775366)
587 (-0.8848967258258298,0.3295423632062135)
587.25 (-1.088941888101685,1.483189037378721)
587.5 (-0.1549603745335285,0.7232323038276257)
587.75 (-2.130399276806332,-1.420632515944785)
588 (2.004836833719959,0.01592044920972275)
588.25 (0.1680053404014491,-1.139278377868488)
588.5 (-0.8496279181496992,1.870055263240761)
588.75 (0.05984402716064163,1.11168056149887)
589 (-0.3688817439512405,-3.125286759207206)
589.25 (0.07219423608867358,1.992061049326378)
589.5 (1.077436814118188,-0.6076180742552008)
589.75 (0.6414001337972921,0.395367699766501)
590 (-1.355562507393148,-0.712629070442644)
590.25 (1.129960687901303,-0.180415790002232)
590.5 (0.591454835282723,0.9250109186295186)
590.75 (0.8054335386640405,2.28096811275603)
591 (-1.409652110955298,1.382607613740118)
591.25 (-2.130905651508744,-2.808543054732918)
591.5 (-2.49342392825422,-0.8955729200991956)
591.75 (1.414305125824085,-0.9055394378494188)
592 (1.372728918047698,-0.2355189876409473)
592.25 (-0.8295492266697934,-0.9059693675720414)
592.5 (2.514016576586037,2.128563349215417)
592.75 (-1.042740627249681,0.5538280384845218)
593 (-0.8656136240035823,1.952421629283204)
593.25 (-0.6766190434360894,-1.883316679114407)
593.5 (-1.417730915536376,0.5978371808617626)
593.75 (1.263719571835932,-0.04038607610677322)
594 (-0.4309236732622241,-0.09056796360329446)
594.25 (-0.5522102411131384,0.8122286692972185)
594.5 (-0.9421616726890192,-1.21490190680307)
594.75 (-1.245498243851045,0.3353198097478033)
595 (1.430070483232952,-1.969345195368255)
595.25 (1.255740753421773,2.414554148969199)
595.5 (0.3833940003613749,-1.009716305056343)
595.75 (-0.49398012639238,1.500044863740117)
596 (1.198413147254483,0.9970221176370728)
596.25 (-2.218433448518628,-1.554762357176141)
596.5 (2.931025533045402,1.609909229116689)
596.75 (-3.236935610837056,1.450989492151819)
597 (-1.229613424700895,-0.9882475381598701)
597.25 (1.687649152614431,0.9820177180175854)
597.5 (-2.996820910656198,-1.812740972024218)
597.75 (0.9179509380008822,-1.375538526654235)
598 (-0.943472294626595,-0.1273153452592009)
598.25 (1.962864110517597,1.095882472638217)
598.5 (-0.385792385864185,0.1339872320855481)
598.75 (-1.273545352671747,-1.842888699555301)
599 (1.257914794190223,1.16638398939223)
599.25 (-1.085250776305675,0.6819626494936472)
599.5 (0.8736120515118028,-0.9983774237803155)
599.75 (-0.6049037249028507,0.3661665746126163)
600 (-4.547924069246696,-2.302663481058646)
600.25 (3.609232763600094,-2.961096232645818)
600.5 (0.8483785395376349,2.121316282079176)
600.75 (2.313132545035411,1.262882776807118)
601 (-2.793077265936743,-0.388509337805019)
601.25 (-0.8299797615310334,2.44221715491971)
601.5 (0.2250587413786099,-1.351969270666624)
601.75 (-0.5196835456514393,-1.439041661956306)
602 (0.955713375936977,-0.06390370396021666)
602.25 (-3.105326430058047,-1.028153932435424)
602.5 (2.753624770958773,0.06313019714985608)
602.75 (1.064250120331446,-0.175435745356225)
603 (-1.265348926956779,0.4581471685231229)
603.25 (0.3423816511551058,-0.0507437251934372)
603.5 (0.8116833117258219,-0.1796871518911416)
603.75 (0.1378758536233887,1.372391413238455)
604 (-1.368876932455595,-0.7666182477693746)
604.25 (1.193847377184159,0.09003285238640943)
604.5 (0.3107995566659958,-1.228972481079132)
604.75 (-1.01476250902041,1.371303123458497)
605 (0.3629774123021313,-1.48149175604141)
605.25 (1.535928550787318,-1.415244979854577)
605.5 (0.1809840244680108,1.748667279258665)
605.75 (-1.031050326881325,-0.5449582878140313)
606 (1.385632546798534,-0.4696176120851693)
606.25 (1.61596642042651,0.904843300775544)
606.5 (-1.434379149617465,0.6933743167051831)
606.75 (-1.813441963701794,-0.4211613975784992)
607 (1.24548002852702,0.8860751251233596)
607.25 (0.1562631176215766,-0.1949169126351449)
607.5 (-0.2014681949326472,0.08494472976758799)
607.75 (-0.9140542363200354,0.7224124796720217)
608 (-0.2778710823680911,-1.573933334779084)
608.25 (0.02275576791279391,0.06679791838178752)
608.5 (1.488650544579732,0.6017100798739491)
608.75 (-0.786933046384294,0.7040771231584018)
609 (-2.873635549965624,-0.6070557807729132)
609.25 (0.8659543642880072,-0.6369243348857706)
609.5 (0.5687995534542141,0.05343781370117322)
609.75 (-0.4726743419741317,-1.340734819320319)
610 (1.513556028362781,0.8427201973784094)
610.25 (0.3557654498124446,0.9633426078895115)
610.5 (-1.774286801923924,1.248740871826841)
610.75 (-1.146000975335102,0.8028277547940441)
611 (-0.1476478217239063,-2.110112535923891)
611.25 (2.364239637350032,-0.469113909266996)
611.5 (0.6644803569991621,2.278309782752477)
611.75 (-0.9841286806192477,2.015037727156642)
612 (-1.452042819922209,-0.6258604945030865)
612.25 (-2.198866264661158,-3.479823241803366)
612.5 (1.751299981640785,-0.4352056190453673)
612.75 (0.1754009696638012,1.092500270803016)
613 (-0.9059172563347948,-0.2628533561518035)
613.25 (2.121858697484738,-1.429205520932942)
613.5 (0.3047124621332954,0.5107354563247797)
613.75 (-1.262039700971965,2.453678434762652)
614 (0.8198507651590761,-0.1565883412588591)
614.25 (-0.8940392084966757,-1.579070130700647)
614.5 (-2.32154681292712,-0.2510831394732176)
614.75 (0.2651032291837723,-0.3792966655645391)
615 (1.752042861687198,-0.6875013624528558)
615.25 (-0.1291726506936459,-1.893667494858429)
615.5 (-0.949052562549811,-1.199070342295107)
615.75 (1.849122405284674,1.088209856016352)
616 (1.499547311342579,-1.111688541695719)
616.25 (1.514151605869877,-0.2296244462412479)
616.5 (0.9355773938185586,2.186426105596889)
616.75 (-1.504636617582845,1.324581142324022)
617 (-0.3412344688853716,-1.442629161180511)
617.25 (0.5809039074528828,0.9784707048921597)
617.5 (-1.144416481869519,-0.573412098189524)
617.75 (-0.270827633621148,-0.1572683852244315)
618 (1.597135286898752,0.5311071604168632)
618.25 (-1.639535032470304,0.5867058275845753)
618.5 (-1.088808673390074,1.490657375386355)
618.75 (-1.14022443001185,-1.370274963138915)
619 (-2.02156626243181,-2.574338411093865)
619.25 (1.575912238044403,0.4813489816828754)
619.5 (1.78445113948352,-1.229838847130411)
619.75 (-0.5942019047577888,0.8264341276487898)
620 (-1.06557903853919,-0.6208837776286797)
620.25 (1.106371942688056,1.88137644196736)
620.5 (0.04355253245950857,-2.912469570733483)
620.75 (0.09743581549591256,3.440196423416833)
621 (0.8354245102734601,-5.026065507054235)
621.25 (1.993739229296916,6.13600360256071)
621.5 (-0.6764141661049208,0.704521824172171)
621.75 (-2.469283234863731,-0.1562813999203943)
622 (5.228283927737869,-0.6158613373436239)
622.25 (-2.565135262031032,-0.01285296907505163)
622.5 (1.680844941441127,-0.8584897571153126)
622.75 (-1.107820125768195,0.8655793857468763)
623 (0.0544681299282173,1.468610423324401)
623.25 (0.3849558486262422,-2.110241739359781)
623.5 (-1.371999174981533,-0.4583362054289905)
623.75 (1.215274867502117,1.411461623405018)
624 (1.479436464396366,-0.9695636649860258)
624.25 (-0.3378929006161622,2.091519508750259)
624.5 (-1.140064838114324,1.540135894234077)
624.75 (-1.234665186887276,-0.9812739933839767)
625 (-1.184421555077997,-0.35235141166391)
625.25 (3.605206725177168,-3.302585052809503)
625.5 (-1.929088768450275,3.412918381977891)
625.75 (-0.2549647663680016,-2.660904140577705)
626 (1.312689390332673,0.5200533573747372)
626.25 (0.7731801583864554,1.525886426605348)
626.5 (-0.5398863823581709,-1.380455715341273)
626.75 (-0.9218314060108941,1.347037207772946)
627 (0.5197871936681483,-0.5012651460682271)
627.25 (1.145498459037253,-0.5632390345574279)
627.5 (-1.282064124030218,-0.9612177566519697)
627.75 (0.4356240930956382,0.9451903229188046)
628 (-0.4528227624066056,0.9097130423482462)
628.25 (0.03352815566254348,-1.393114729522391)
628.5 (1.600232106941023,-0.1249840955014311)
628.75 (-0.08977431419766489,1.696455261486872)
629 (-0.1037649109258562,2.508139752805112)
629.25 (-2.651337147369126,-1.561303263261239)
629.5 (-1.307240890381731,0.09356826966834825)
629.75 (-0.2572294204680113,-1.891001026912088)
630 (1.574218113461449,0.5393558378103129)
630.25 (2.715221722319894,-1.077590370171259)
630.5 (-0.4919820902301615,3.170668265424685)
630.75 (-1.434880405903332,-1.455311727127401)
631 (1.409792951699552,1.424295329846757)
631.25 (-2.297043831120334,-1.502902960403822)
631.5 (-0.7346282505054831,0.5235957959300306)
631.75 (0.8442752539435419,-2.567811228829496)
632 (1.460293630073423,1.243408102306205)
632.25 (-0.92483089760535,1.438531349726156)
632.5 (-2.159075224279797,0.2569304027613173)
632.75 (0.3097955921667335,-1.302410040153656)
633 (0.926036556079291,-0.791190661189316)
633.25 (1.652752257606336,-0.9061409337073707)
633.5 (-1.366599222782062,-0.2911300044183976)
633.75 (0.1022200388297003,1.457599582782554)
634 (0.7316802720656368,-1.562190620227089)
634.25 (-0.9475595503134518,1.075352308636557)
634.5 (0.9015900081245908,-2.24435007412298)
634.75 (0.8770848680107725,2.05994866182747)
635 (-0.987798965601263,-1.17714805227056)
635.25 (1.385282922771518,1.537781542034865)
635.5 (0.7668085687589333,0.4218790642587278)
635.75 (-0.7542408297722719,-0.359042728285126)
636 (-0.8203919898217029,0.9841153539633214)
636.25 (0.8815224060411172,1.772274707674287)
636.5 (-1.935568620549473,-0.6787446698964297)
636.75 (0.9387842856922521,-1.881203460458336)
637 (-1.597952807738287,1.691551902789687)
637.25 (0.1915898527332098,0.4849089273871655)
637.5 (0.2917680874061234,-2.010591118692024)
637.75 (-0.7527116598529344,-0.9182167083710958)
638 (1.625296243388525,1.134494136871341)
638.25 (1.284416424485187,1.179138188842636)
638.5 (-0.4254112924669936,1.112129345794272)
638.75 (-2.597807482163039,-1.224771365382927)
639 (0.9580665973592815,-0.3303708716108169)
639.25 (-0.8380317162482873,1.437973047317612)
639.5 (0.1869687146028247,-0.389137454279365)
639.75 (0.1041065064836924,-1.366450480363212)
640 (-2.28240822499752,-0.1495981096545597)
640.25 (0.04435562601589398,0.06838219248837285)
640.5 (-0.3474314273791669,-1.967179286631936)
640.75 (1.765812600406456,-0.7112581038315089)
641 (3.206147022737184,0.5008290103533427)
641.25 (0.06398540180690564,1.268688384235156)
641.5 (-0.8636028756975289,2.453328783662944)
641.75 (0.08358928131497342,3.013767489544711)
642 (-1.35872580808919,-1.372685384268333)
642.25 (0.03444550604268423,-0.9735535515181222)
642.5 (-1.16497824148336,0.86201116444596)
642.75 (2.152930005486571,-1.839448655725465)
643 (-0.1650241650596029,0.5484018322801349)
643.25 (1.631359600207764,-0.03461740985295906)
643.5 (-1.267070650906841,-0.01133616493592621)
643.75 (0.966317114823193,1.597304651310965)
644 (0.9652319164055578,-0.8937447878759593)
644.25 (-1.503296040492724,1.260271510935678)
644.5 (0.6139294578743733,-0.8628084377613034)
644.75 (-2.387414020152,-0.8717404197860215)
645 (-1.331627248792742,0.9249362782278013)
645.25 (0.0708687436588416,-1.473292278116613)
645.5 (0.2031732058938137,-2.856914265078359)
645.75 (2.874250329965853,1.803998014130922)
646 (1.140070241489383,2.034636692270163)
646.25 (0.4785148504994148,0.3344922985629275)
646.5 (-1.204067902293622,1.190650379883267)
646.75 (-1.117746933836864,0.0574132876689149)
647 (1.067386870780864,1.51200554166623)
647.25 (-1.86996038409402,-0.9102262813749082)
647.5 (-1.120309446844875,0.1930969954028212)
647.75 (0.5288707983742986,-1.736021898677508)
648 (0.7432125126670616,0.6967598925405403)
648.25 (-1.126323986352442,-0.200979073350517)
648.5 (1.549769510988346,-0.6427452411320376)
648.75 (-0.3825946412227429,2.886053779054707)
649 (-0.8379583552683938,2.231819555982148)
649.25 (-2.001432182282846,-4.266352166958147)
649.5 (2.090487725737208,2.200267239676852)
649.75 (-0.2381832348714977,-0.895132888795658)
650 (-1.087845461767915,-1.524371145891165)
650.25 (1.79292023237343,0.4345064519387528)
650.5 (0.5067675217549212,1.43727042624936)
650.75 (-2.266634581259044,0.5800024240209245)
651 (2.874910310349778,-3.802541401575497)
651.25 (0.6533878291139079,1.829358805968788)
651.5 (-0.01055426287954404,1.17130097484089)
651.75 (-1.925334011088272,-1.214601301994462)
652 (1.050942718917874,0.7071490827289487)
652.25 (-0.6294401637510679,-0.5738510467970713)
652.5 (-0.2670010557976124,-1.790223914060442)
652.75 (0.4939494895936506,0.6511026411420436)
653 (-0.4180566172765613,0.1963829056262973)
653.25 (1.775371518238475,-1.014553008686821)
653.5 (-1.732366564161478,0.4606715050833113)
653.75 (-0.07330208394604147,1.94301130629478)
654 (1.024951178779089,-0.5030617333996125)
654.25 (0.0970080382773873,-0.1806336454562096)
654.5 (-1.844978120394049,3.512532382289141)
654.75 (-2.58222063764603,-0.8668982211211561)
655 (0.09149565507511447,-1.773066298553529)
655.25 (1.195717944861355,-1.389740909688065)
655.5 (-0.1444469937691324,0.9451092683513126)
655.75 (-0.7331742815141121,0.3780400341228526)
656 (1.149614487855271,-0.8288671712450305)
656.25 (0.9573194638534275,0.7128844845693488)
656.5 (0.3383124211919359,-0.7945010844683855)
656.75 (-0.3127044119747879,2.518432837088651)
657 (0.03494040913430767,-0.8097191736178706)
657.25 (-2.100955456660974,0.8257866329037454)
657.5 (-2.083320840242048,-1.386078783857659)
657.75 (1.495050633352482,-2.981834765424318)
658 (0.7767104090644822,1.328995519804498)
658.25 (1.477808966097073,-1.071619408486228)
658.5 (-1.550200366699494,-0.3570209938107354)
658.75 (0.2996009514464421,1.846807802136641)
659 (-0.09371323026577334,0.6105832421165349)
659.25 (1.428100431655406,0.6153976056560312)
659.5 (-2.20164309652307,-0.1046867712959376)
659.75 (-0.5314053791634243,-0.5758235977164298)
660 (1.458191130779507,0.5374414286015832)
660.25 (-1.020948668962418,-0.2931185760770213)
660.5 (2.017326578181693,-1.163528822509975)
660.75 (-1.149034810032006,-1.073310056808867)
661 (0.7051068842148381,1.811462812813427)
661.25 (-0.267823960962459,0.7894959792688425)
661.5 (0.8672746913788096,-1.647778994160764)
661.75 (-0.6985653643599633,-0.2551759176389238)
662 (-1.743991653152303,1.660287344335377)
662.25 (3.412465790868455,-0.9611353400363617)
662.5 (0.3325976585286307,-1.750909011968499)
662.75 (0.1892587494957852,1.869709725162927)
663 (-0.1657430311764826,-0.2022051618940756)
663.25 (-0.7978177807004297,1.093904360588299)
663.5 (0.9760174105798356,-1.761353857130115)
663.75 (0.6714416536579414,0.139441777950765)
664 (-0.9736696228396834,1.252532197454744)
664.25 (0.2942460981774767,1.040504476536982)
664.5 (-1.048647764208382,0.128934590158976)
664.75 (-3.316352636572625,-2.965347110600985)
665 (1.030861434965749,-0.8585164501537708)
665.25 (1.528279779281241,-0.5025290233848877)
665.5 (0.932692166739951,-1.10766309600913)
665.75 (1.97088306127561,1.001936619876367)
666 (0.1786827459229328,1.79139816881872)
666.25 (1.3010797543733,2.314899848723962)
666.5 (-5.814996637639327,-2.290198254316149)
666.75 (1.684279698328745,-0.6079184625064268)
667 (1.512907698566281,0.7753770548045115)
667.25 (-2.030947796236735,0.5710472028589907)
667.5 (1.391632615920571,0.4254075896066917)
667.75 (-1.818973259767644,0.6257874931567118)
668 (0.2039847657914385,1.189036423951926)
668.25 (-0.2195770493179654,-2.295057729403936)
668.5 (0.9040599187536934,1.345146026411346)
668.75 (1.883353003322767,0.9037840972085887)
669 (-2.162660607839694,1.916254261166629)
669.25 (-0.5335379816077609,-1.482800486137504)
669.5 (-1.624509828160331,-0.3612120986430244)
669.75 (0.9583316096495804,-1.075051436682039)
670 (0.8740090219400091,-0.2403355576179373)
670.25 (-1.426974372382094,-0.8546903117901616)
670.5 (1.90673304483602,-0.08553975835965939)
670.75 (1.509172457021476,1.040956933187582)
671 (0.6033675561309492,-0.2646327547899109)
671.25 (-0.3594429737301589,3.673580396820226)
671.5 (-5.802379056066608,3.156485937995737)
671.75 (-1.553443532927359,-3.175112468367153)
672 (1.325488599872297,-0.8923158481455966)
672.25 (2.112881391461026,-1.764148305828754)
672.5 (2.045747673453923,2.189869559405462)
672.75 (-2.619459409262366,5.67740918966038)
673 (-5.489199033837382,-8.702732642717107)
673.25 (4.425009350594364,1.34105478932766)
673.5 (-4.523925666757446,2.153848113827266)
673.75 (2.794505543514939,0.6270505816556651)
674 (-1.358826759780615,0.8654645956678859)
674.25 (-2.350876514117412,-1.979989589445728)
674.5 (2.565018763204992,-1.163849822123318)
674.75 (-0.9294403687868007,2.503306780448067)
675 (-0.1874403369385387,-1.552083354259264)
675.25 (-0.04178198898561244,1.740845432919355)
675.5 (-2.1144629015994,-0.742905816964773)
675.75 (-1.401136667910176,-2.007938512490054)
676 (1.087360481401897,-1.673836198298638)
676.25 (0.9855624111091622,-1.599243491902453)
676.5 (1.617920970947777,4.145893463922033)
676.75 (-1.476188936463589,-0.5414854126569987)
677 (-1.776940314584674,-3.15959620554943)
677.25 (2.70448527855534,1.082007635102192)
677.5 (-1.276633385890523,3.639822582998065)
677.75 (1.76899996471742,-0.04900314568288511)
678 (-1.309976268804128,1.822461112750681)
678.25 (-4.446116070093123,-0.5036093525676795)
678.5 (0.6944291854589864,-1.839478883885632)
678.75 (4.151571320230842,0.2001414689388104)
679 (-1.845598444430424,0.9519817542384336)
679.25 (-2.030645141887201,-1.163085261289444)
679.5 (2.842183175604823,0.9650488697034354)
679.75 (-2.176866859097834,1.321121789482724)
680 (-0.4195571729284546,-3.725667655110482)
680.25 (1.110414845151871,1.922716668706264)
680.5 (-0.3515638240336149,0.2995916267636937)
680.75 (1.164092411176195,-1.049692552129532)
681 (1.398518528964922,0.8294828439161521)
681.25 (-3.501407854984546,1.617188792601782)
681.5 (-1.163534815064001,-0.7980677385883203)
681.75 (1.457407322376653,-2.175886972632324)
682 (-0.08370230497098463,-1.169784452363901)
682.25 (2.912688668435244,2.976472851111787)
682.5 (-1.357984722978819,-0.9900064520426004)
682.75 (-5.007523654007779,0.3309620677454569)
683 (0.6175653451423823,1.516311759829071)
683.25 (1.100203184880022,-0.9431026716505415)
683.5 (-0.1345232241751153,-1.28979243024067)
683.75 (-0.40000596107051,1.761888447881121)
684 (-1.417770705097431,0.8074966025462772)
684.25 (0.8448127116366423,-1.038967456695523)
684.5 (0.303467996317022,-1.628813037190795)
684.75 (-0.07400760161598968,1.574510464053377)
685 (-0.4063341718321651,2.017343164731537)
685.25 (-0.363174123216003,-2.078540935575872)
685.5 (0.2341009512903199,1.485549696251313)
685.75 (0.3204779784037115,-1.311684650616455)
686 (-2.154659912016372,-1.049532183008124)
686.25 (3.303828076275602,1.365863576573173)
686.5 (-1.724953941243943,0.2882756814364698)
686.75 (-0.9409995290373566,-3.977956693504311)
687 (2.661563713084136,2.543023047186344)
687.25 (-0.8048341976374045,0.5017084127452327)
687.5 (0.8470683753763283,-1.558746652424605)
687.75 (1.740801743102172,2.5730366339397)
688 (-2.585655290382273,0.1283718479331166)
688.25 (0.5404001030609453,-0.1045864150168569)
688.5 (0.8018245465465793,-2.403800502624737)
688.75 (0.2099765264784428,-1.360514438595398)
689 (-0.07411298860551967,1.900677280313491)
689.25 (1.616997755506878,-0.9337846929009808)
689.5 (0.01979113994023159,1.356024161415015)
689.75 (-2.291537598752274,1.521004743588082)
690 (-0.03449126947032211,1.430706092861588)
690.25 (-0.6412336774560473,-1.344879375779854)
690.5 (0.155690379552933,-2.454088043630741)
690.75 (-0.03907902784427993,0.7313751395982456)
691 (1.258344729403292,2.489218290122604)
691.25 (-0.510864475798954,-2.934270739344726)
691.5 (-0.3010920387899383,2.727979063387936)
691.75 (-0.7634304561395531,0.8515299479538401)
692 (-2.5232111591431,-0.9638020607522855)
692.25 (2.880904175123766,-2.60062739032823)
692.5 (-0.2587604203244006,-0.8822196220312941)
692.75 (2.427767898904344,-0.3796694650755986)
693 (-1.201137078286505,3.344159505549636)
693.25 (-0.04969164149386817,-0.9444656724981799)
693.5 (1.639314533282316,-1.021546960945898)
693.75 (-0.7885002784014371,1.944133607469881)
694 (0.7018631637657174,0.7084201217953607)
694.25 (-0.8005029063483446,-0.2251200073143907)
694.5 (-1.767779535871728,1.83041648330021)
694.75 (1.874781942221236,-2.888366489181067)
695 (-2.075450372683879,1.353408844255798)
695.25 (2.107577155004647,-1.066568643658386)
695.5 (-1.165278738205579,-1.290766504194936)
695.75 (-0.03910042793998547,3.160620855427387)
696 (1.385525335399005,-5.899560970823175)
696.25 (1.052481378600276,4.509393649685274)
696.5 (-0.6103261427018564,-2.241065785828287)
696.75 (0.04309293983478886,0.8773826291474536)
697 (1.617441042060649,1.874214982488914)
697.25 (-1.749828145879978,-1.24477356412174)
697.5 (-0.83352132731338,2.544963334941697)
697.75 (-0.9299574941477103,-2.732357912424803)
698 (-0.697661025509331,-1.471896815249485)
698.25 (1.848824728308488,-0.03672930364547756)
698.5 (-1.06413156132715,-0.4787380714646202)
698.75 (0.3873230203093001,-0.2046097383532707)
699 (2.116075984517811,0.9343235920308884)
699.25 (1.262115427608386,0.9445365798024283)
699.5 (-1.421261485733065,-0.183434205037381)
699.75 (-1.590169189812487,1.723300285830872)
700 (0.8128737127917719,-2.247968003040202)
700.25 (0.5925449213410284,-0.4980133038018593)
700.5 (0.2356242762366287,1.098287096912099)
700.75 (-0.87956038521446,-0.3132792192294734)
701 (1.467940707892828,-0.9552418054688493)
701.25 (0.4838488850534504,1.633520673733694)
701.5 (-0.6888520874150676,1.299755120047349)
701.75 (-1.128137469607343,-1.761185245612811)
702 (1.454713032535671,1.850191119629883)
702.25 (-0.2837409217456217,-3.901283932848747)
702.5 (-0.06503477251576156,3.424548758663073)
702.75 (-1.809072445816246,-0.1942527822871826)
703 (2.610149631482789,-3.036262652236603)
703.25 (-2.445303617510065,1.679856268518586)
703.5 (1.84602665768011,0.7005880327240666)
703.75 (-0.1910515781774469,-1.685056385699316)
704 (-0.0544562603108112,-1.829158066779791)
704.25 (1.900964318336696,2.175411487333777)
704.5 (0.2469505595149942,1.405878763251651)
704.75 (-1.746818334224766,-0.5163735017825631)
705 (0.2238157178567461,-2.563779967371958)
705.25 (1.482679986066936,0.5799762989703472)
705.5 (1.60060062008196,-0.63924277226208)
705.75 (-1.66265298175299,0.1725715346494424)
706 (0.3855629607424991,1.861073308709933)
706.25 (0.7228488753034694,-0.2203437973522901)
706.5 (-1.545371583128635,-1.393183247577544)
706.75 (0.8516976681891891,1.35908117902962)
707 (1.633039537597204,-0.1893594832152485)
707.25 (-1.855773926505895,0.1453553611263098)
707.5 (0.8612461885436183,-1.300247285762623)
707.75 (-0.5206272869357018,0.626045938367219)
708 (-0.2020935256144797,-0.5438560331473542)
708.25 (1.823222488408031,-0.8037257931036291)
708.5 (-0.2259558198478718,1.764633147935555)
708.75 (-0.5605187552365918,2.363381849851059)
709 (-1.453272583923151,-0.2004917970591933)
709.25 (0.2692149278359586,-0.3185900291964005)
709.5 (-0.5678783552183587,0.3848299862904624)
709.75 (-2.126001081664351,0.9105689146502171)
710 (-1.0086873526444,-1.738975787419851)
710.25 (-0.0778910998767038,-1.866924614202991)
710.5 (3.071759460703431,1.766002619091586)
710.75 (1.615000654332558,0.2288367354928061)
711 (-1.019712753171783,-0.04186829916966795)
711.25 (-0.8105801401152061,1.255837864047125)
711.5 (0.5337741886782444,2.680384435031845)
711.75 (0.8974786222210611,-0.1756267011798291)
712 (-1.94111235633084,-0.1948821700948202)
712.25 (-1.403979741089992,-0.3327436678648411)
712.5 (2.481318678936542,-0.8467393079160836)
712.75 (-0.2740646995779618,-0.4128761144208428)
713 (-0.09603916081160231,0.872220843908549)
713.25 (-1.083219960590679,-1.005530659222341)
713.5 (1.394626740718296,-0.1566132276198226)
713.75 (1.164265651403897,-0.7774589045491271)
714 (3.141917907468562,-0.5946122674024311)
714.25 (-1.235282202948752,0.6065677323506345)
714.5 (0.5543059236992405,2.542666648432103)
714.75 (-1.250400420125468,-2.210759097347761)
715 (0.08909081112245315,0.05731523237578283)
715.25 (-0.4190574483016717,0.2977038771353635)
715.5 (1.023388583584625,-1.544047902745303)
715.75 (2.288294709922473,6.222904677768576)
716 (0.4048112281574269,-0.8528353971569906)
716.25 (-1.562341536241409,1.449972413843996)
716.5 (-0.6621498592887888,-0.05712379448280728)
716.75 (-1.110847623941258,-6.315443659992423)
717 (8.485546590211268,1.392371846615441)
717.25 (-0.9504746530676615,2.3287708883248)
717.5 (-2.05719043867072,1.340954863142959)
717.75 (0.3714415649656113,-1.073069396841031)
718 (-0.9093208137283345,-1.571184015695038)
718.25 (0.7722802462220418,0.8971279608285356)
718.5 (0.05367149769436672,1.305869095496191)
718.75 (-1.150674495093658,-0.2962072725477901)
719 (0.8514184458570632,-1.679116841131723)
719.25 (-1.023401539694901,-0.4428542432259555)
719.5 (1.789713250817071,1.723398934015415)
719.75 (0.4220933111246014,-0.5509369824532671)
720 (-2.702831503471254,-0.004895740416041408)
720.25 (0.1432240883231595,0.4598916668488134)
720.5 (-1.268353583413788,-1.41169629108876)
720.75 (0.8326131546157346,-1.372368334370088)
721 (0.30675985418625,-1.888600978741005)
721.25 (2.431419747942126,-0.5598096080546097)
721.5 (-1.233576538741885,0.3852173739377634)
721.75 (1.694932858548713,0.8476666099235513)
722 (0.7417884693573081,1.830244656047165)
722.25 (-2.100525626220791,0.3453553558436828)
722.5 (-1.70615610958467,0.02006729942659553)
722.75 (2.544801394015552,-0.4264477004067944)
723 (-2.819506112055556,-0.4145397602691882)
723.25 (0.9252210602008831,-1.970445382169708)
723.5 (0.8543435158024556,0.3775951898368516)
723.75 (2.067052485759368,2.613679131765913)
724 (1.391862218925176,-0.5625529514196556)
724.25 (0.6425763001613098,1.682451996935018)
724.5 (-3.929078669374993,-1.385010059248268)
724.75 (1.775366132061826,0.6856710251277951)
725 (-0.5306224438845171,-2.086567013370274)
725.25 (3.081329345083504,1.092121156140376)
725.5 (0.4764182994861653,1.839170837047369)
725.75 (-2.946670771391921,-0.4103668876722546)
726 (1.55311139714707,-1.783898316152095)
726.25 (-0.6459025697997473,0.4855352776003562)
726.5 (1.773201436795327,-1.63893683414064)
726.75 (1.504359245648739,2.354091530171195)
727 (-1.782657248876012,-0.6337135518167323)
727.25 (1.446054519361174,1.044324873645183)
727.5 (0.06113263628569782,1.356524359742715)
727.75 (-1.575316742452181,0.1944720479900673)
728 (0.06448789048398472,-0.03125822712814483)
728.25 (-1.157181400842243,-0.4522493561675218)
728.5 (0.456287198381689,-1.340190028847248)
728.75 (-0.5935059049718562,2.8556442582676)
729 (-0.3719632293972774,-1.961308398037684)
729.25 (1.59220726208237,-1.623265565216432)
729.5 (0.5503400484316029,1.334531319311955)
729.75 (2.004876427943999,1.455035093618945)
730 (-0.6545412204544814,2.124469888859423)
730.25 (-1.3256122732123,2.730929452060843)
730.5 (-1.994878287412867,-0.5515442079847445)
730.75 (-1.33886974276896,-0.4903067741613838)
731 (0.5966504983213399,-1.965672458455948)
731.25 (-0.1808509934999637,0.1919243047948157)
731.5 (1.914713526538182,-1.467145203804705)
731.75 (-0.3971831865177268,1.984726137392187)
732 (1.842953812544947,-3.886381185024701)
732.25 (0.01869869097466065,2.358998141073758)
732.5 (0.6142205131738809,-0.2649276510316094)
732.75 (1.415951462568358,0.2805858364255748)
733 (-3.904342794495115,3.160220669080019)
733.25 (-0.5506243821988046,-1.706147028917506)
733.5 (0.7818224741036098,-1.152426107063584)
733.75 (-1.364855455077274,0.6616713197727829)
734 (1.134844043508393,-0.9167327290486835)
734.25 (-1.684334356186427,-0.8242996648777275)
734.5 (1.328669221075623,0.3800789640477045)
734.75 (-0.7066336269932156,0.1025171023983516)
735 (0.2612213533126774,-1.300718798703022)
735.25 (0.3620473237153133,0.6017570356854424)
735.5 (-0.5978198416648891,0.6931312737437146)
735.75 (0.7937688083571509,-2.710413201514908)
736 (2.376767086378537,0.2763721270912333)
736.25 (-2.722631329402131,8.216345676656017)
736.5 (-4.466633533097992,-4.89058920613205)
736.75 (1.086907241418433,1.047108873576264)
737 (1.302378675844498,1.134348478113341)
737.25 (-1.387935675339564,-1.196253748378246)
737.5 (0.02022097659915966,0.876956537514276)
737.75 (1.923004487208795,-0.0891142107870469)
738 (0.1776047640173918,0.6504277353002403)
738.25 (-0.3087968330386036,-1.219431508208696)
738.5 (-0.05193417438810667,1.852235868410424)
738.75 (-0.3833136272627288,-0.7085976687128493)
739 (-0.3628095353475787,-1.447111657361882)
739.25 (-1.578156474888506,-0.02185443489685317)
739.5 (1.59793396548526,0.5053959186597883)
739.75 (0.09323567191198469,-2.310614251592873)
740 (-0.3077174777361628,1.572766846767279)
740.25 (-0.9528390209367911,-1.102325095236578)
740.5 (2.383818859919345,0.8403643421237967)
740.75 (-1.062702707609781,-1.495409547578527)
741 (0.7776844289248309,0.1161574747683213)
741.25 (-0.005398308867033728,1.730281990639378)
741.5 (-0.2534498589676054,-0.03736805084444666)
741.75 (-0.9494945244435166,-2.387035182369003)
742 (2.233046274209343,0.3475490841781649)
742.25 (-1.92591052931251,4.1653073468863)
742.5 (1.066787274905088,-0.02433706948174278)
742.75 (-2.062431593393935,-1.454206840725184)
743 (0.1804242062368782,0.4930249162535981)
743.25 (-0.2866678125075515,-0.2012535106395036)
743.5 (0.5436676308258107,-1.775634150471638)
743.75 (1.329421422794718,1.208578822836899)
744 (2.492123293635986,-0.8712311372532805)
744.25 (-3.662075009708167,5.3736597166117)
744.5 (0.2729588892363178,-2.804417468566644)
744.75 (-2.08793236250222,-0.3881396260824637)
745 (1.021301494230323,1.003732228468361)
745.25 (0.00176728625263236,-2.330953919998711)
745.5 (-0.5551023564969988,-1.117709782964881)
745.75 (1.556162481144302,1.309173700784144)
746 (0.8002153975210798,1.230647983775544)
746.25 (0.2510675051999198,-0.03800086828146803)
746.5 (-0.937264701118934,-1.422276648118159)
746.75 (0.9019847105415202,1.952659245301935)
747 (1.819277020557344,0.9224063659396482)
747.25 (-1.631976622773407,0.006481468055015887)
747.5 (-1.539469177677705,1.546855635155221)
747.75 (-1.992406320953558,-0.8097814030058743)
748 (-0.08813176110794298,-2.481592933836195)
748.25 (2.203376620478638,-1.350915628352864)
748.5 (0.6971427171562872,-1.375408411389746)
748.75 (0.2868695574717999,1.242695372621745)
749 (0.1691538920843931,2.254808705141887)
749.25 (0.08241958672297978,-2.426605610211253)
749.5 (0.7839704621719763,0.04749314057323129)
749.75 (-2.230146492457505,1.626292693450468)
750 (1.460842934508202,-1.429617752043421)
750.25 (0.499481330547914,1.432135330488234)
750.5 (-0.3641086669087243,-1.142555882791116)
750.75 (-1.144943092908276,1.75626873304689)
751 (-0.9919742071688663,0.0877317982899318)
751.25 (1.131859943335751,-4.476841595676642)
751.5 (-0.3271820031529634,1.182013424453198)
751.75 (-1.471419432635918,-0.4662742173828118)
752 (1.228908890425783,-0.5468779895272988)
752.25 (1.16460486515555,-3.08901470908481)
752.5 (1.11374289174858,2.722579092223108)
752.75 (-0.03543643439750645,1.801255404994049)
753 (1.519783505213188,0.4501936451653357)
753.25 (-1.427584806990091,0.5486457312347542)
753.5 (-2.063813823325592,-0.6331432814407105)
753.75 (-0.05386383452875616,-1.314035114030162)
754 (0.4858683155112337,1.217293656754673)
754.25 (-0.1525282923281188,-2.014172408093731)
754.5 (2.069823522017472,1.23656507891471)
754.75 (-1.123336794553692,3.586671424121867)
755 (-3.039348091722303,-1.258158783317564)
755.25 (1.61123638747994,1.172636854379872)
755.5 (-1.991340302547764,-1.06645509022584)
755.75 (0.4201532810253969,-1.16077315239433)
756 (-0.562814716424439,0.8389729196878852)
756.25 (1.0867270227988,0.8365230864651506)
756.5 (-0.5242456298486625,1.149103540871209)
756.75 (-0.831183757882682,-3.508637311863405)
757 (-0.9483267279985985,1.432268907051652)
757.25 (3.534804463032305,-0.1047215545308504)
757.5 (-1.440218156944353,0.8557666299843301)
757.75 (0.4733009241268193,-1.209051491008802)
758 (1.077663685668549,0.3516733944961961)
758.25 (-4.344641399701795,3.494437057937998)
758.5 (2.542077124418524,-3.358766119874756)
758.75 (-0.1479875861523661,1.759253618929007)
759 (-0.7826760137856567,-1.935029049287969)
759.25 (-0.6050308363739791,0.7211693186823944)
759.5 (2.13720044500551,-0.07755996673884513)
759.75 (0.006879646005548615,1.10460401734207)
760 (-1.087699359325609,-1.694940232994907)
760.25 (0.60936721686102,-1.067399319676499)
760.5 (0.8381315828484212,1.744978913246165)
760.75 (-0.001508876812773405,-0.1935953325970793)
761 (0.9016772074908436,-1.895248413188269)
761.25 (-1.00977385977345,2.562534634222203)
761.5 (-0.6969619656001494,1.202850730519821)
761.75 (0.3830985505946656,-1.96096484634082)
762 (-1.350212926684575,1.469382174324573)
762.25 (-0.05804371970408217,-2.974939582600222)
762.5 (0.4920564844773428,0.7116983771111292)
762.75 (1.482058670448395,2.604028304988266)
763 (-1.524662474130189,-1.211602849908492)
763.25 (0.7357847656047312,-0.01532864632949767)
763.5 (-0.6214212403853164,0.632074012562624)
763.75 (-0.1371950094578325,0.5074500278365328)
764 (0.06122936878290885,-3.181006696022127)
764.25 (1.262269664190085,0.5657876686270493)
764.5 (0.556433651047234,1.714606980653402)
764.75 (-2.800870158220247,-1.328992405070563)
765 (-0.5767965976726457,1.161569051194863)
765.25 (1.930749953359021,-0.9725523170580092)
765.5 (-2.679530881730883,0.2850776085944646)
765.75 (0.5544169781229548,-0.9390581483107971)
766 (0.486686086875341,0.9562698412130684)
766.25 (0.5010305142368392,-1.913392530481963)
766.5 (-0.133612250365771,0.8320847293349357)
766.75 (0.2196465151578617,1.352218094440963)
767 (1.647917790905781,-0.101878782634689)
767.25 (-1.123917389044832,-0.8742126543696493)
767.5 (0.5910276216156236,0.8729928056154688)
767.75 (2.85639646665238,2.733693330565964)
768 (-1.233919942756796,0.8454302020793417)
768.25 (-1.267530907499529,-1.204257892857106)
768.5 (-1.060824793887082,0.3143140310877736)
768.75 (-1.541601147859399,-1.99204191605595)
769 (1.399319278413173,-0.3073029327277993)
769.25 (1.196790876203855,-0.4559481320345276)
769.5 (0.8660350708310424,-2.017063666987381)
769.75 (-1.251605452339194,1.909747186122972)
770 (2.038724721012671,-0.3926252492464905)
770.25 (0.05647770854862625,0.4488433929264506)
770.5 (-0.8543756000709881,1.548203667157666)
770.75 (-0.6863090770579876,-1.6951278364886)
771 (0.6569644584477526,2.771532422778208)
771.25 (0.1875415100724095,-1.777775999296065)
771.5 (-0.630907021479223,0.1253344889797355)
771.75 (-1.182981031103434,1.406856345823356)
772 (-0.5892441779892709,-1.06071456147925)
772.25 (0.4268666442833065,0.2927258189285895)
772.5 (-0.6448190655995562,-2.42391817308106)
772.75 (0.9399224591450661,1.110671695525689)
773 (-0.3462120612896353,-0.03512480663531417)
773.25 (-1.704671483792252,0.2936211701166668)
773.5 (2.501472202082279,-1.961642248346041)
773.75 (-1.46769276958365,-1.062399066675391)
774 (0.09396708881868281,1.072286809520503)
774.25 (1.750833274629033,-0.1434560576319839)
774.5 (-1.478468757238751,0.309619375974922)
774.75 (-0.7741932605840668,-1.480679208845765)
775 (2.21485749596067,1.25672835404497)
775.25 (0.7010103348594761,-1.518255854486926)
775.5 (0.4414659315339341,1.426313668466425)
775.75 (-0.6876850485774257,-0.4655607183712201)
776 (0.06711675591687537,3.994419937052581)
776.25 (0.6783924582298048,-1.370869773361133)
776.5 (-2.606932305998084,1.049744125307152)
776.75 (-1.864370891214109,-0.7438684679343275)
777 (1.907648088973921,-1.10027085707809)
777.25 (-0.3347005346609417,-1.92954895543499)
777.5 (-0.04848090088544719,0.276926460833874)
777.75 (0.9778128287190986,-0.1188683836404675)
778 (2.016646407001903,0.4523170469784859)
778.25 (-0.3150640036904572,2.61951721052938)
778.5 (-1.158999531519952,-0.188049771242544)
778.75 (0.6327558621753457,0.6309584238630518)
779 (-1.802194644125942,0.3837464329014268)
779.25 (-1.183431134591613,-1.094770518914477)
779.5 (1.820560996769246,-2.225568100537609)
779.75 (-1.316969401588899,-0.007897805388425579)
780 (1.744233798473863,0.128891790060684)
780.25 (-0.2953823078490714,0.9668879442557015)
780.5 (0.247934220601114,-1.238078681363888)
780.75 (-0.8841671454813335,0.8657773112060865)
781 (1.384018962833378,0.421887714622656)
781.25 (-1.022545259226835,-0.456266961260529)
781.5 (1.314893493900381,0.439083648031847)
781.75 (-0.1322694740831483,0.5659478896688798)
782 (-2.744537098472343,1.393942575465884)
782.25 (-1.396668998586042,0.5022644361931002)
782.5 (-1.567574709622704,-0.04363691448607714)
782.75 (0.8984799363589495,-1.624355013696747)
783 (-0.9590757385089285,1.221209075621016)
783.25 (-0.2897721642555909,-1.094956918912778)
783.5 (2.567783969299709,1.167524035839019)
783.75 (-0.821572269728835,-0.264603174293319)
784 (-1.107134626540664,1.255681629776352)
784.25 (0.04917714113009004,-1.325871590229618)
784.5 (1.056297160506681,-0.9181726098384929)
784.75 (-0.5127051191386583,1.881887485466806)
785 (1.035737679193514,0.4401399039742595)
785.25 (-2.294552120808677,-2.979143869287156)
785.5 (1.279472180102528,1.126560681042519)
785.75 (1.147262571610252,-0.3410874475467399)
786 (-1.148729650228524,0.7371621712276254)
786.25 (0.9973324239839058,-1.042367852880691)
786.5 (-0.3000577971110744,0.8498139443269631)
786.75 (-0.6248809464952255,0.6723519127555374)
787 (1.336276000590922,-0.2886156598420975)
787.25 (-0.7639096500195209,1.028574586396308)
787.5 (-1.703817034646705,1.66546897221496)
787.75 (-1.862772145628681,-2.912339525697014)
788 (1.273035885029772,-1.010518287571352)
788.25 (3.022886136612493,0.8228175421187264)
788.5 (-1.581479811576527,1.716843815448431)
788.75 (-3.174831222080336,-3.398729614732186)
789 (0.553682421221074,-1.010794815433286)
789.25 (0.9894332640569309,0.2730960825961568)
789.5 (-1.15555569026944,-3.037425209015388)
789.75 (2.670884634902754,2.056345636252962)
790 (1.564268040532649,0.9667804961687108)
790.25 (-2.089097995243206,0.4313332826198293)
790.5 (-2.050654382606627,1.699091848163817)
790.75 (0.453237360673358,-1.052863844558136)
791 (-1.787575318811844,-3.003908897619989)
791.25 (1.986917289591295,2.378238244115465)
791.5 (-0.2438205390377248,-2.281826096682627)
791.75 (0.9912105807509073,0.983694108379171)
792 (-0.6083704039003398,0.1034600124872835)
792.25 (0.6216713638670236,0.6770359956540397)
792.5 (-0.4435364808057043,-0.5455314735336643)
792.75 (1.999274519638815,-1.205813384164384)
793 (-1.371277077214136,3.175574735337314)
793.25 (1.804513861215339,-1.656550841272734)
793.5 (-3.058288623328975,-0.1153325088335981)
793.75 (1.688548339054174,-0.2202192352103867)
794 (-0.4611614918110456,-1.788472348430702)
794.25 (-0.06919076307939173,0.1894164783615312)
794.5 (0.5582654628706314,-3.987559835681831)
794.75 (1.42639547307963,2.864123961986352)
795 (1.666581591161751,-0.617131512276149)
795.25 (-1.880953402524767,1.76041883597885)
795.5 (-0.5007126355784173,1.687917862270939)
795.75 (-0.2706523787354905,-1.505980764358078)
796 (-2.915686903564122,0.5018606107456801)
796.25 (2.720503784766885,-1.589549589659305)
796.5 (-2.773739086127968,1.079920633925358)
796.75 (-0.1698642199835392,-2.098763405842172)
797 (0.6063308414522999,-1.251922835092653)
797.25 (1.802320199570151,0.573777186997542)
797.5 (-0.7967022079335643,0.1073742212836524)
797.75 (-1.773697590528353,-0.1209227555556525)
798 (1.629893965396816,0.3629532618174452)
798.25 (1.294166896064996,-0.3347110613455579)
798.5 (-1.920097622497294,-0.117105990136127)
798.75 (1.483065503530546,1.484421864878981)
799 (-1.218000933737876,-0.4787950815836614)
799.25 (0.466759535891675,-0.7594370971184118)
799.5 (-2.401956409626845,0.8792566600234528)
799.75 (1.516882835841012,-0.972121355508167)
800 (0.8860900111530035,0.2689813016244694)
800.25 (-2.130554265872217,-0.9962229534470257)
800.5 (1.280474703738084,2.023584356860022)
800.75 (1.534961396473287,-1.40853786574972)
801 (-2.21833427944756,2.077132262055863)
801.25 (-0.4826901182210684,-0.4031431813010358)
801.5 (1.337136541852558,-0.5923727141355277)
801.75 (-0.4323855657147876,-2.266460219611979)
802 (-0.8052620677091955,3.58216889568352)
802.25 (0.8551828235635708,-4.087994353841816)
802.5 (1.696096852996986,2.510397599496061)
802.75 (-0.4001948550141939,-1.556842290710476)
803 (0.08610496198943242,1.632890391036722)
803.25 (0.5207198723299438,-0.9218236698355273)
803.5 (1.013411284395109,1.941774383867069)
803.75 (-2.216174777891831,-0.2730633590066712)
804 (-2.610123344465737,-0.02986512292053022)
804.25 (0.6650514764717854,-1.619457598423862)
804.5 (1.22884488392755,0.08761410861557513)
804.75 (0.1391167754376218,0.02634367795640046)
805 (-1.206171053367223,-0.5131924344532582)
805.25 (3.29234420730251,-1.364661379375709)
805.5 (-0.1936673579902335,1.613382036273148)
805.75 (-1.018606179139823,1.018651876188529)
806 (-1.190279941879478,-1.624667842844272)
806.25 (0.9014507993768943,-0.9147874844530429)
806.5 (2.933852248504017,1.391096546790057)
806.75 (1.427211549980911,2.756851294476114)
807 (1.007012143554189,1.099074206559211)
807.25 (-2.242803892456991,0.2086105510009154)
807.5 (1.064832418233848,0.6612002973958261)
807.75 (-1.503458799020909,-0.8252139339140254)
808 (-1.011246433743338,-1.594815175324514)
808.25 (0.8491825140910553,-1.597808154903475)
808.5 (1.678007188835341,4.586352308825731)
808.75 (-2.459061543290292,-2.191565107507734)
809 (0.0143380254692798,-1.827348482678823)
809.25 (1.909216420708092,-1.492898822349933)
809.5 (1.159485282716904,0.7537186768787594)
809.75 (1.158837421374863,0.2156519101341961)
810 (2.759593516659473,2.208692043020338)
810.25 (-2.012245623890633,2.007214423129822)
810.5 (-0.1419426592960548,-0.8836337974634422)
810.75 (-0.1573943197383148,2.921633969223516)
811 (-3.909170370598127,-2.605293497599529)
811.25 (0.576850934518187,-0.2275264446667549)
811.5 (0.3624635713963311,-0.06233061653835004)
811.75 (0.3084871296124231,-3.433213811075029)
812 (0.3423443160731248,1.754497592102062)
812.25 (0.2767345269168407,1.00334039307375)
812.5 (-0.8028023361014133,-1.367176585847955)
812.75 (1.503385408615909,-3.305098809725326)
813 (0.6258857930494264,2.220816598427259)
813.25 (1.170691669184581,1.265501617648265)
813.5 (-1.579579801299921,0.5796690560772249)
813.75 (-2.409151163671144,-2.440509159665641)
814 (1.334238854406423,2.04221820771577)
814.25 (0.5229376073519812,-0.1646199888931274)
814.5 (0.1530939009637222,-1.517182611970594)
814.75 (-0.816177815546568,-0.184978133101808)
815 (-0.9800062120233981,-0.3326531243285398)
815.25 (1.877843828079837,0.6363621858144869)
815.5 (-1.608792925532194,-2.38674825137843)
815.75 (0.0503714976950491,2.377878239086067)
816 (2.098831173124781,-3.714991405863328)
816.25 (0.4631040545671873,1.810806490000759)
816.5 (-0.2886297211194758,1.449948400633601)
816.75 (-2.764116823710571,-1.012352400397251)
817 (-0.3244786570241622,-0.2106269003447319)
817.25 (-1.136596000263255,-0.08571822391142078)
817.5 (-0.5727460072707704,-0.7856394122499425)
817.75 (2.375313110886523,-3.285811893260105)
818 (0.3812325660294152,1.617133004165642)
818.25 (0.4652228522380589,0.6087395918204186)
818.5 (-0.07720429258393685,-1.183591537593806)
818.75 (1.457214586586625,2.777713762206716)
819 (-0.8913730834833425,-0.3839805549388381)
819.25 (-0.3516058893793121,0.454807561818081)
819.5 (-0.2920323736329774,1.442826724047066)
819.75 (-3.021302010377314,-1.766896676252893)
820 (2.933722149667266,-2.021475007821207)
820.25 (-0.4953177267472142,2.152098203030031)
820.5 (2.679101055518422,-1.436811348627269)
820.75 (-3.329783980133016,1.03611118963802)
821 (1.648171443881919,-1.830633641732498)
821.25 (2.73381339932567,-1.360103817405199)
821.5 (0.5933137585211644,0.7440182015498442)
821.75 (-0.7789044656944404,2.041724346017186)
822 (-1.385441060056783,-0.3021772534476056)
822.25 (0.06625269060399529,-1.573131997507873)
822.5 (-1.132368963178193,-1.184777837334321)
822.75 (3.414787134193989,1.831508413845468)
823 (-3.233217488132182,0.3888446375759089)
823.25 (0.9274881133061489,-2.764869572532094)
823.5 (0.6937194366861037,1.341898098160506)
823.75 (0.4613830363748521,0.4840845444005324)
824 (-1.653967691889501,-0.8848921603409016)
824.25 (0.6137738276829426,-2.450833363757186)
824.5 (3.273113384170334,0.7995783369852969)
824.75 (-3.104618891346949,2.306767525242193)
825 (-2.222405913177445,1.553293534553725)
825.25 (-0.1133391719653683,-1.820501195240486)
825.5 (-0.207322479213718,1.565935683299672)
825.75 (-0.4512687988464448,-3.794465684721351)
826 (-0.1268274709385002,1.039603609465526)
826.25 (1.245998982303551,1.181568787778267)
826.5 (1.916383148409295,-1.930064343314898)
826.75 (-1.754183361463392,1.712760543731744)
827 (0.1966544256395812,0.4441964999735569)
827.25 (0.2915161347771382,0.9667799492625033)
827.5 (-0.3106581595739459,-2.036013703465059)
827.75 (0.02350306531734162,1.304197509585088)
828 (0.4821698180053924,-0.5742922978758018)
828.25 (0.6675583138097291,1.676290922906558)
828.5 (-1.838267698290041,-2.465614834610693)
828.75 (3.647876431633483,0.7190770386152776)
829 (-2.714243444994125,0.8929855636731274)
829.25 (1.048996386809304,2.112799420857272)
829.5 (-0.8012384923129839,-2.192735979362581)
829.75 (-2.318197417358461,1.046247950079496)
830 (6.098868511031124,-7.132371653919211)
830.25 (1.738757481679511,5.000173979437)
830.5 (-3.045729356022455,-4.551720968566098)
830.75 (1.329660770330584,0.6891627699226839)
831 (2.087416558714337,0.813257043821385)
831.25 (-1.297891443814202,0.5093652343833647)
831.5 (-1.573877680978902,0.9962385943787226)
831.75 (2.001042492730671,-0.3560878829989162)
832 (-1.437097240986327,-1.090541283699063)
832.25 (-1.544138460683436,0.2295760056620173)
832.5 (1.980012205781997,0.09803564868712805)
832.75 (0.0537455393851148,-1.960407718683405)
833 (-0.5925336456896906,1.392116978947992)
833.25 (1.548711253361113,1.245672866768517)
833.5 (-0.03523786939948765,-1.317269422049134)
833.75 (0.8914112916028012,1.118875767414199)
834 (-1.850831617666673,0.8625614212329029)
834.25 (-0.9990086528590864,1.042083668994344)
834.5 (0.8933341129010549,-2.215340586195971)
834.75 (-0.7354530890067942,-0.9542745103779069)
835 (0.1933915742041118,0.5798962281613874)
835.25 (1.348261673975851,1.171702991365431)
835.5 (-2.824190553058102,-0.7953127836444357)
835.75 (0.7469225414588584,-1.414812875933223)
836 (-0.1433017503827651,0.919361544385331)
836.25 (0.1260912663650047,-1.479229989757025)
836.5 (1.230838952828229,3.58041418159581)
836.75 (-0.4814596714648032,-2.496148381518934)
837 (-1.762364462445972,1.230211724226432)
837.25 (1.738734167871383,0.4049121357162891)
837.5 (-3.458349939869494,-2.069034803578987)
837.75 (1.471156765042728,-0.4518988317427017)
838 (-0.6785106677733225,-0.01787810129758977)
838.25 (1.205526166477048,0.6105280977886365)
838.5 (-0.1356173416404878,-1.147813139392051)
838.75 (0.6463492296643668,1.745458017949604)
839 (-0.72211811141436,-1.117027989053008)
839.25 (-0.3871810202723361,-1.431826937623197)
839.5 (1.002927960507448,1.18992730197365)
839.75 (0.5342386909163689,2.479325341427281)
840 (-1.596162693265035,-2.619197595775924)
840.25 (-0.7018888260702487,0.5151103183791108)
840.5 (0.5455578929897124,-1.222420304611124)
840.75 (1.844994346642707,-0.6973542993534712)
841 (1.832699637933317,3.597601086087302)
841.25 (-2.776171291657296,-3.162082264250579)
841.5 (0.6478784553806617,3.13544986432868)
841.75 (-0.9318827386261653,-1.260256429634248)
842 (1.635574250565184,1.959745366457974)
842.25 (-0.9283266022950506,-2.471812557970413)
842.5 (-1.146974589464012,2.11881217083438)
842.75 (2.061732630802676,-0.3302224036821313)
843 (-1.350926126470847,-1.117798793783819)
843.25 (-0.7355153525722041,-0.5857698470134663)
843.5 (1.620861556498773,0.3274466360872888)
843.75 (0.5425118629232848,-2.058997272800623)
844 (1.362123433866353,2.524473320930841)
844.25 (-0.7328591579735618,0.4916963504788475)
844.5 (0.1147987569834436,-1.339903937062816)
844.75 (-1.794419472222196,0.3528534350791386)
845 (2.77061834119539,0.77792320689543)
845.25 (-1.619607644499046,-1.777821031667897)
845.5 (-0.2250511145109738,0.426685456147493)
845.75 (0.3353711098389225,0.9946297156241406)
846 (-0.02327057275971157,-1.493992940892757)
846.25 (1.089195058649983,0.5474592007768871)
846.5 (-0.1620454582833215,-0.3778955506792583)
846.75 (-1.377367487467801,-0.03996367835726396)
847 (1.518085543001986,0.9786657912356012)
847.25 (-1.379022529229866,-0.3210786881884424)
847.5 (-3.152582206667858,-1.037077146672491)
847.75 (0.12814012420754,-0.9437439201321213)
848 (-1.158748672605412,-3.870991869875303)
848.25 (2.238469952464713,1.0565565330999)
848.5 (-0.3152896190794338,-1.465361139988312)
848.75 (-0.3218480857599206,-0.6564278316631813)
849 (2.710848448947025,2.047938597860074)
849.25 (-0.10742386845154,-0.244445608894835)
849.5 (-0.3744654789928089,1.721614816243299)
849.75 (-1.225029590359749,0.4741492435886802)
850 (-1.123974443232387,-0.08114528677504847)
850.25 (1.316671778749898,-0.8169506730643242)
850.5 (-3.14840734329711,1.117465137078835)
850.75 (1.530063394646214,-1.196889324385486)
851 (0.1721482380116776,-0.2202074046168803)
851.25 (0.1404585333733771,1.352949104948857)
851.5 (-1.04099229823605,0.9834427109770119)
851.75 (-0.1476422783584262,0.6760973455618893)
852 (-2.368279333088731,-3.579543531232332)
852.25 (0.9146777007656589,-0.4111887925270953)
852.5 (1.927233434016896,0.213574483420039)
852.75 (-1.36055588187333,1.393544550507665)
853 (-0.633671371151168,-0.3844367172783505)
853.25 (1.880294840902386,-0.8440387994147756)
853.5 (-1.689003516334401,-1.26709281470232)
853.75 (3.534620575343959,2.104128932523034)
854 (-0.2975892337970239,-0.7419228724057947)
854.25 (2.098166585147098,1.623096228727531)
854.5 (-2.366504554607184,0.5948388059343922)
854.75 (-0.4196585378664234,2.346747287364079)
855 (-0.8268296255917529,-0.7065743502953278)
855.25 (-0.3875808180540187,-3.010751929484757)
855.5 (0.8474874733821586,1.012027278900183)
855.75 (-1.84369977572428,1.425873605215447)
856 (1.322764675319376,-2.150145117602181)
856.25 (-0.1551962209026534,-0.7972528283960824)
856.5 (1.029607570467482,2.239013059876433)
856.75 (0.2117383019200444,-1.711799735907144)
857 (-1.85685622710891,2.715856862277312)
857.25 (2.34227899960041,-4.228212193333963)
857.5 (0.9376862490005422,1.959224967070519)
857.75 (-0.9004159105349868,0.9585568362885387)
858 (-1.338319402519351,-2.542554901417294)
858.25 (2.104697119643735,2.776074076951382)
858.5 (-0.8952348656121212,-2.434474349440281)
858.75 (0.39487226076911,3.961013834157391)
859 (-2.166905762368055,-3.496730945463137)
859.25 (4.652953714111952,1.600538958502027)
859.5 (-0.5861321172738141,1.865769820209906)
859.75 (-2.38841484238792,-1.086780381214657)
860 (1.805416759542633,-1.29588109335202)
860.25 (-0.6291153825312725,2.39557547154459)
860.5 (-0.3156639926206617,-2.217067127999234)
860.75 (0.8076928076802443,-0.8550776134336795)
861 (2.917747857504493,1.420242702662497)
861.25 (-0.9447020814350079,0.4779727328214997)
861.5 (1.583569010097001,1.526595527471984)
861.75 (-0.6672541137702489,-2.369281540591194)
862 (0.02064285111989833,3.296494156204799)
862.25 (-1.426862736495067,-1.03418591071193)
862.5 (-0.03833889211794398,-0.5009224489814124)
862.75 (-1.829567920505868,-2.107393377070832)
863 (0.438439099047049,-2.078775426140549)
863.25 (3.083049174889963,2.510616585045008)
863.5 (0.5389952152507372,0.8088528212368403)
863.75 (-1.725295940607596,-1.01516914609706)
864 (-0.5875577691802872,2.206814867692515)
864.25 (0.5784930767320259,-1.636255093007903)
864.5 (-2.198854335872366,-0.8258033618880665)
864.75 (0.5499984962884312,0.864732953610334)
865 (1.257971590311804,-1.022891387513002)
865.25 (-1.414352715748174,-0.7492861581776908)
865.5 (0.3581147504639311,1.798656642319942)
865.75 (-0.7484601475161582,-0.8829516680553054)
866 (1.453948554052937,-0.03352220742690863)
866.25 (0.1233952031105897,-1.602684978367249)
866.5 (0.08674534090673694,3.386454154238768)
866.75 (0.1412814854355182,-0.9716857707471316)
867 (1.026263069380198,0.3682825885922791)
867.25 (-1.663215274978918,1.252664107688249)
867.5 (-1.982688849276593,0.03886666667962275)
867.75 (-0.8471507097942452,0.180904219495688)
868 (-0.4176273463591506,-3.571943493480065)
868.25 (1.08465646329965,1.085913223043217)
868.5 (0.3480942231342929,-1.804778646797715)
868.75 (0.8471315437569139,1.46046401445788)
869 (-0.1541966516367784,-0.2742283338534948)
869.25 (-0.5615218723920021,2.005924823097724)
869.5 (-2.395270646508232,-3.186761619778944)
869.75 (2.526174947122513,1.96613351263539)
870 (0.461725482436768,-1.39328560228046)
870.25 (0.3024643204574441,0.6799544420266995)
870.5 (0.434813825572698,1.229379240310008)
870.75 (-0.8989304958776305,-1.204857231246346)
871 (-0.2430247400888706,0.6669458232317086)
871.25 (0.6406023836823216,0.632314050952491)
871.5 (0.7070005018239831,0.9547086205068245)
871.75 (-2.200129374677898,-1.763506098696259)
872 (-0.1275740285347421,1.711204037408442)
872.25 (1.828348170359152,-1.050146147136676)
872.5 (-1.109997726972592,-1.340908552722406)
872.75 (0.9956935422455234,1.463307469746233)
873 (1.330101120602102,0.4757741556025489)
873.25 (-1.495578036135837,-0.7850346432790691)
873.5 (0.7176790070323679,1.832610457921973)
873.75 (0.1416025519199226,-1.47748609090543)
874 (0.4260148156223926,0.1716481209859303)
874.25 (-1.113827703175674,1.115815367283185)
874.5 (-0.7170216084968414,2.055873825211682)
874.75 (-0.8286106070269447,-2.2520896981101)
875 (1.158024165016104,-0.460175463562102)
875.25 (1.678413736236402,-1.623238876207517)
875.5 (-1.250273530342225,3.738589919625408)
875.75 (-0.6271660677279352,-1.494321695841726)
876 (3.199852865669275,-2.968222256797949)
876.25 (-0.9538502158201626,2.335802243380102)
876.5 (0.1795721941908316,1.953516631700867)
876.75 (-0.8804198547624121,-2.29421342024294)
877 (-1.085563495458705,-0.1132538061950442)
877.25 (1.907432951617731,0.6390923469240538)
877.5 (-1.48893055391683,0.05292968958634021)
877.75 (-1.126428159422115,-0.3036055918431808)
878 (2.451004030131327,-1.56926216894199)
878.25 (0.6130754453434408,0.08643143380450163)
878.5 (-1.823117675204116,0.2688750636021094)
878.75 (1.01752069227176,2.0989585693429)
879 (-1.915138960772304,-4.129420761379873)
879.25 (2.369242588552381,-0.2253466488769207)
879.5 (-0.05807968408691417,-0.2244177543336312)
879.75 (1.349368652484286,1.488097851613229)
880 (0.9321036373739696,-0.8920804663410468)
880.25 (0.4504739247900042,-0.4207921584693651)
880.5 (-1.071629100136269,3.029346985561976)
880.75 (0.1856977298439758,-0.9000883465862448)
881 (0.09183983042910153,-1.436579300126161)
881.25 (-0.6050689094036535,1.562185052738604)
881.5 (-0.7927389496212452,1.044013427543806)
881.75 (-0.6956802320092956,-1.098973708625634)
882 (0.5376023759056516,-1.999988755113253)
882.25 (-1.446022247086978,0.8840977963889672)
882.5 (0.5318682046908251,-1.659912764745765)
882.75 (0.8233940743298909,1.194052573272335)
883 (0.3615048558432596,-1.781269090431072)
883.25 (1.23481937332002,0.1223950972176287)
883.5 (0.2266378334641916,1.382725147383438)
883.75 (-1.435425111354742,-0.8992853738553697)
884 (2.041137313487349,1.687198877673051)
884.25 (0.5105050562083794,0.02708356268105549)
884.5 (-1.514018656355485,-0.2208347485840599)
884.75 (-0.6387919043657073,0.8269014685084344)
885 (0.2291029695525006,0.345991994410969)
885.25 (0.7225098063642003,-1.906955737766936)
885.5 (-1.456353777863806,-1.840221931068084)
885.75 (1.092627153841397,-0.4668764615810633)
886 (2.147452811341649,1.139479742147115)
886.25 (-1.203327137850576,3.752115661557059)
886.5 (-3.649599220200241,-0.63471589514296)
886.75 (0.9797960502079683,-2.344823075729383)
887 (2.603531897090837,1.893306940406115)
887.25 (-1.717026069973977,0.8528684617427674)
887.5 (-0.9698809414895716,0.622416389318829)
887.75 (0.1603190455409968,-2.52917775659685)
888 (0.2605304337681202,-0.8674906265317587)
888.25 (-0.1208443286648592,1.842469235789816)
888.5 (-0.1899149858371421,0.8022129222933634)
888.75 (0.6304094375920629,-2.030789489525002)
889 (0.08556431583302292,0.3810062001523922)
889.25 (-1.647731939217216,1.632564678718657)
889.5 (1.9340670236386,-0.9549737651663274)
889.75 (0.10654751134637,0.5873477766324625)
890 (-0.2048053348458259,-1.382027210534162)
890.25 (-1.710245037304149,0.676800424544409)
890.5 (1.031196105414415,-0.5036868195647994)
890.75 (1.457610080092241,1.151476051305153)
891 (0.4863494682473579,-0.8119863383623419)
891.25 (-1.595777368613226,0.8980977376965394)
891.5 (0.5882310660594592,-0.02315588276151603)
891.75 (-0.1724004240438031,0.3166394292009085)
892 (0.9084223808944101,0.5341008143858078)
892.25 (-1.334380071230123,-0.3646929700849048)
892.5 (-2.253534156069576,-0.2373565795809832)
892.75 (1.277855601427619,-0.4989825328392024)
893 (1.683490590688204,-2.140858581040178)
893.25 (0.521164326260373,-0.5482113089783648)
893.5 (0.4180372162230385,2.863227696630606)
893.75 (2.553020986891843,0.3769676292307532)
894 (-3.027637163503766,-0.06656992072750692)
894.25 (2.85534437258881,0.1892304640608297)
894.5 (-1.923173227156711,-0.3386669421797351)
894.75 (1.370148689771278,-0.6470572828135782)
895 (0.4408331463080179,0.7135429112795757)
895.25 (0.8340685456155568,1.907169195451972)
895.5 (-1.491409146572738,0.2375422315795955)
895.75 (-0.8180969422547626,-1.218203706001142)
896 (1.598216476606336,-0.9225029980345709)
896.25 (-1.660844467216672,-1.424008418431953)
896.5 (1.035444031917978,-0.905321595707845)
896.75 (2.307750769374584,-0.1758645235193802)
897 (-0.3863093303149698,1.378406967334554)
897.25 (-1.260273368616325,1.010400289122286)
897.5 (-0.9465350401748883,3.680982029964391)
897.75 (0.09599307551165881,0.6473103872972357)
898 (-1.141928236380305,-1.2414148177561)
898.25 (-0.8518706461453512,1.445841625148618)
898.5 (0.9176768701633669,-5.170159200410949)
898.75 (0.2463880269354343,0.4370474681920899)
899 (0.9943425869953871,-0.7105690805363071)
899.25 (-0.4755673462252027,1.055444208454304)
899.5 (1.474723533429348,-2.23017423039552)
899.75 (-0.472850394940457,2.667231594915071)
900 (-0.3287480115806934,-0.008689499717103226)
900.25 (-0.4523391819227032,-1.200646525151387)
900.5 (-0.9931608628307473,-0.1385075929852818)
900.75 (0.9012269804100778,0.7196652884467467)
901 (-2.160124373892991,-0.2631754914720073)
901.25 (0.445911896127537,-0.5778468516884214)
901.5 (4.174880462370554,-3.641304895268552)
901.75 (-1.091713721076363,5.326959932204892)
902 (-1.36399549288304,-0.9808858758698729)
902.25 (-1.507577897334973,-0.6959474087260908)
902.5 (4.139242921482473,-0.9592405209697672)
902.75 (-2.994428773769219,0.315125624218938)
903 (1.008479698612776,-1.200503198232717)
903.25 (1.13812684509455,4.30074909822001)
903.5 (-1.495935736727968,-0.9056777608728972)
903.75 (0.4841620094898052,-1.596162652370146)
904 (-1.951880924892327,-0.02352821355882885)
904.25 (-0.3686626926811616,0.8650227054963358)
904.5 (1.474434832611745,-2.153195529207859)
904.75 (0.9679960532100316,1.095149518778081)
905 (-0.8296717195243634,-1.989785831982818)
905.25 (-0.2540391307884855,3.517892098360891)
905.5 (0.244610537532154,-1.266172660382986)
905.75 (0.3850062426525739,-2.448875103345776)
906 (0.7754750507131504,1.821274968637637)
906.25 (-0.9228606360370386,2.178323324006109)
906.5 (0.7540912806227931,-1.572416380627992)
906.75 (-1.086110167014969,-1.38858994907921)
907 (0.5044160538818019,1.924326202372417)
907.25 (-0.009827854871373012,-1.37477045019463)
907.5 (-0.5450995255356545,0.1825001540291376)
907.75 (-1.665469548752501,-1.197778260174368)
908 (2.21077075145478,0.2742128856472191)
908.25 (-0.03827480871048425,0.3329903379729262)
908.5 (1.210037554690256,-1.086130750621364)
908.75 (-2.263490927736362,1.079772295883335)
909 (-0.2412543332749089,0.8082423861834584)
909.25 (1.557679171365539,-1.353823897800682)
909.5 (-0.08876863326591242,-0.4087034128965319)
909.75 (-1.404824903405644,2.028714262007944)
910 (2.523554394389592,-0.1565566960904253)
910.25 (0.7638838228489249,1.365043381430812)
910.5 (-2.243304193815747,0.4131074918961936)
910.75 (0.7807572595958874,-0.5579381641287963)
911 (-3.767986991423741,-1.02205408649204)
911.25 (2.488589174682685,0.7579340346361502)
911.5 (-1.70422697607265,-0.9465955773883626)
911.75 (-0.06055931819566297,0.3798397736504813)
912 (0.693326026375358,-1.487267375209811)
912.25 (-0.6415749534327044,-0.5124404870103679)
912.5 (1.346258865383208,-0.7011944589073864)
912.75 (1.947506465716402,-0.4951903777035377)
913 (-1.609194705624014,3.775246354449437)
913.25 (-1.166278704935675,-1.9595928763233)
913.5 (-0.8565684657226785,-0.7177945174453637)
913.75 (1.253043959841698,-1.015736126297108)
914 (1.186510090782513,1.04326711065917)
914.25 (-1.454595327464967,1.138981975496496)
914.5 (3.278813727670326,-0.3240602156628858)
914.75 (-1.617546476728623,2.681243181405653)
915 (-1.612719209025345,-1.309223204743953)
915.25 (-1.594911506093429,-1.15327277081366)
915.5 (2.32564594626837,-0.7187211247719111)
915.75 (1.228167081476353,-2.168752506905489)
916 (0.5453914818726827,0.03544184088466339)
916.25 (-2.158897386147336,-0.005950123860965058)
916.5 (1.895586417586133,0.5906889086471715)
916.75 (0.2686421625301484,-1.733447075295629)
917 (0.1986428814697193,1.159395593963675)
917.25 (-0.289612291661164,1.750339845037853)
917.5 (-0.6320737632552357,-2.095301515491331)
917.75 (1.138872486973729,-0.4164021197361976)
918 (0.3385741663574117,1.264554904270962)
918.25 (-0.7730045516601557,-1.298750346504637)
918.5 (0.658430654248496,2.400631493740296)
918.75 (0.9766541243339438,-1.334659928220965)
919 (-1.249358692209608,1.133777400264281)
919.25 (-1.262778437644256,-0.644102254340793)
919.5 (-0.8480731163727351,1.096322794674198)
919.75 (0.477670014705897,-2.074960231589431)
920 (-0.5163260883106231,1.180677278369541)
920.25 (1.786528089424081,-8.86884204006579)
920.5 (1.784341280609834,2.530282948235835)
920.75 (0.493760742705372,0.23565815696187)
921 (-0.4987611789733424,2.225441439386615)
921.25 (-1.60214037069868,-2.261382100530686)
921.5 (-1.888991838314436,0.1095126690688526)
921.75 (0.7218490880699441,2.897739175585037)
922 (-2.344236029447306,-1.980794172608541)
922.25 (0.2574971304516662,-0.7631612685830563)
922.5 (-0.7522086155606876,0.3852093600780451)
922.75 (0.8740523158602942,-0.6956019227973702)
923 (-1.654500924688325,0.4922372495937994)
923.25 (2.276899995475494,-1.619744921604835)
923.5 (-0.7394210767099202,0.8659290375295291)
923.75 (1.072530425198346,-0.4780761495959078)
924 (0.9218093288350891,1.878210792893166)
924.25 (-2.974472001312795,-2.13470683887696)
924.5 (3.716795283293068,2.134477563076348)
924.75 (-0.3923078658636687,-1.235702061554651)
925 (-2.887293719722199,1.633163799356909)
925.25 (-0.5159735007920596,0.6135431814758447)
925.5 (0.5383683236354144,-1.286309978209386)
925.75 (-0.1424078452847111,-0.2505697830865063)
926 (-0.4215552861382129,-1.811821518901838)
926.25 (1.897699955438582,1.303635898020272)
926.5 (-1.426878010057768,2.005090709561648)
926.75 (0.6451945714641838,-3.914912666709285)
927 (1.851140014522413,2.764597788929424)
927.25 (-3.486311719757027,-0.899268679878933)
927.5 (2.911221790177315,1.388310843703156)
927.75 (-0.7081965384415506,0.200044042501481)
928 (-0.4204637262915062,-1.588669141256036)
928.25 (-2.150709312892241,-0.6707108194380922)
928.5 (2.413686806894245,1.237997009651569)
928.75 (1.646069086049307,-0.3907088593454803)
929 (0.9119265888126986,1.32982208728942)
929.25 (-2.190148648433848,-0.6103964099747816)
929.5 (-0.791152657740211,0.7226100969785302)
929.75 (1.462882693362199,0.1915152693408132)
930 (-1.306716124534289,-0.4886623039039658)
930.25 (-0.01709694889092184,-1.932352848688194)
930.5 (0.2899045949679616,2.662160169757461)
930.75 (-2.340699579262611,0.2714207865376737)
931 (1.15770392958145,-1.42531909453705)
931.25 (-0.6667158985925037,0.2133954664251993)
931.5 (-0.5439950133520934,0.4642624223303359)
931.75 (2.076500485964337,-0.3096032064518735)
932 (-1.026001402660715,1.223267585220177)
932.25 (-2.523349969955076,2.447256560688527)
932.5 (-0.6895808495267173,-3.484235227245466)
932.75 (3.576597068919692,-0.8613822601985349)
933 (-0.253350867146673,1.497677493132606)
933.25 (1.928491280733689,-0.7431912508728152)
933.5 (-0.5243136336998759,2.9111003558778)
933.75 (-1.296163047215825,0.03661600936404789)
934 (-1.278969487753686,1.453943016943786)
934.25 (0.4249591541646323,-1.476704882036842)
934.5 (1.331389573053261,-0.7292203853789274)
934.75 (-1.348280757225234,1.246192487672591)
935 (-0.9179305453203465,0.09584461010683736)
935.25 (1.231027710513284,-0.4871597447230666)
935.5 (-0.6552380064780592,-1.509981186551393)
935.75 (-0.3612686081440353,-0.2500666066557328)
936 (0.1761922966003384,1.665221989645644)
936.25 (0.5517427525577572,-1.558816700059832)
936.5 (-1.493297103309089,0.1307721283755092)
936.75 (0.1384645368934311,-0.8871098041927641)
937 (1.334142372302198,-1.081425466447416)
937.25 (1.145670665503279,1.411282903582071)
937.5 (1.007550987970928,-0.4015536912640962)
937.75 (-2.272518554596943,1.460191928787602)
938 (1.125968337614583,2.275238957223558)
938.25 (-1.484717567953073,0.1857842848872256)
938.5 (-2.00190646417714,-3.287223736252875)
938.75 (2.941729412725197,0.6341962935786661)
939 (0.3269856438378816,0.7120205683461489)
939.25 (-1.072689561491294,-0.8289401263877285)
939.5 (2.802553583786312,0.2614703034941993)
939.75 (-0.6203917213043177,0.6556816642554287)
940 (-1.406153248576095,-0.1364818067423774)
940.25 (1.237141167361505,-0.7521194540641201)
940.5 (-0.02168535725240812,1.146286485209386)
940.75 (-0.5272712369390493,-0.8890990566372762)
941 (-0.4374789374775453,-1.4415110439292)
941.25 (1.29201450850781,1.849936898854675)
941.5 (-1.091750043773481,0.09923007444763615)
941.75 (-0.6760956247214771,-2.034660265420091)
942 (0.426541679188659,-1.460311972075327)
942.25 (0.6149808504423648,1.146531306736448)
942.5 (-0.2311023234302469,-1.204915542329689)
942.75 (0.7644586400583503,1.445204205656416)
943 (-0.3821641649548575,-1.058923822945026)
943.25 (-1.442566957628175,-1.141607299672271)
943.5 (1.409322300878653,0.5521168341225412)
943.75 (0.6475286445074232,1.03131318053085)
944 (-0.8900016804681553,-0.4620233601531646)
944.25 (1.475074059396005,-0.1981430683756407)
944.5 (-2.433327619505288,1.949051007643764)
944.75 (1.956632737171912,0.2256379575465697)
945 (-0.9619990026374323,-1.96712399282757)
945.25 (-1.081272981686543,1.541824326259461)
945.5 (0.2179822195401558,0.4579877822682851)
945.75 (1.274887951624273,-1.504149531983378)
946 (-2.627370366866442,1.282772142108257)
946.25 (0.6509328068459728,1.305627269162416)
946.5 (-0.9870691327407504,-1.874847151610247)
946.75 (0.9698471983862244,-0.1793274562927301)
947 (2.312064160378942,1.191340568049257)
947.25 (-5.921534937840557,-0.7729161396645231)
947.5 (1.561097500695177,-1.367478489280747)
947.75 (2.37141658454741,1.777334405694634)
948 (-4.000349739558526,-0.6981982320595467)
948.25 (1.35510284255679,-1.359535266561245)
948.5 (0.5078210035626813,1.654584285523412)
948.75 (1.317431270673947,0.5775312792564207)
949 (-2.623747462304256,-0.4255790943990057)
949.25 (0.2662061552059247,-0.6305822245687717)
949.5 (2.638751242302392,0.5797031055357976)
949.75 (-2.309185285481211,0.9778461257225579)
950 (-1.78016943078369,1.190681799020186)
950.25 (-0.02987732738971919,-0.7577214133791009)
950.5 (1.391918323566276,-2.491214397729784)
950.75 (-1.359694929186858,0.6185794521416142)
951 (1.562719826517629,0.1324903805718483)
951.25 (-0.09203477191382463,2.021863504335077)
951.5 (0.8857181376325695,-0.08812500677556608)
951.75 (-1.33759938865105,-1.173983336507637)
952 (0.2935338908022,1.571765712716492)
952.25 (2.349702962905159,-0.2787610636857397)
952.5 (-0.4887986997446617,-1.995940606708599)
952.75 (-1.091519653037848,1.943598831079192)
953 (0.873783258149771,-0.3833477390507049)
953.25 (-0.5909656852583318,2.844959201075008)
953.5 (-1.530155418297223,-3.604027780804005)
953.75 (0.0578062340201645,-0.7581015171819135)
954 (2.171112700899288,1.260878433081608)
954.25 (1.205992808104195,-1.179814899787102)
954.5 (0.5138751355631548,0.769019039080354)
954.75 (0.05188730465331168,2.329680164414967)
955 (-0.5041696173017264,-1.114684148190322)
955.25 (-1.765184065143036,-1.170811129864673)
955.5 (1.547494660518941,2.352806479232804)
955.75 (-0.512243761774912,-0.8067717310911462)
956 (-0.9881176767514572,-1.706466246071896)
956.25 (0.3677773869758669,-0.2392061434560875)
956.5 (1.820301343527991,3.574396750636804)
956.75 (-2.47105374183577,-1.109799108857533)
957 (-0.2640394717031639,-2.105330874958524)
957.25 (0.5536843937735254,1.241755025195078)
957.5 (1.213461104142042,-0.1288420938692968)
957.75 (0.7568361750378547,-0.352673830112483)
958 (0.8111333582199441,-0.3229960374870351)
958.25 (-1.037857419177172,1.663810513066776)
958.5 (0.5011409050923544,1.484497114008666)
958.75 (-1.236950365657625,-0.6450371370268756)
959 (0.3404201914522844,-3.528236019458376)
959.25 (-0.913720778311405,0.4290693734744636)
959.5 (2.302030127433495,0.2535356239933853)
959.75 (0.6709742748217244,-0.8443791645275098)
960 (-0.1536290992266127,0.5341464127945257)
960.25 (-0.1679267538043483,2.226411915072706)
960.5 (1.353496399384591,0.9155131041727128)
960.75 (-1.353814269933875,-0.7528995365234494)
961 (-1.866371744340511,0.8743917937415497)
961.25 (-0.8491307200408367,0.9004992726618363)
961.5 (1.525556357808187,-1.849611123438847)
961.75 (-1.783421907144306,-0.2181456197132248)
962 (-0.3897583118621817,0.557832920640514)
962.25 (-0.01664914503120544,-1.331503888150349)
962.5 (3.285513231647778,-1.190268398515672)
962.75 (-2.984177367554651,1.591299324936547)
963 (3.47219686209884,-0.2369296364311709)
963.25 (-1.255570177905172,1.543030505954578)
963.5 (-2.075354958785365,-0.5856343757825476)
963.75 (2.318929136203312,-4.485316019658961)
964 (-0.001046536785551438,2.111266944940541)
964.25 (0.8752661837320048,1.047767249109053)
964.5 (-0.7512622197761075,-1.300816376776871)
964.75 (-2.99992966639959,3.027376149968119)
965 (0.748988321490631,-2.665870127917257)
965.25 (0.5916621352827184,-2.037342107854875)
965.5 (-1.072865273376226,0.7801302664939985)
965.75 (1.408296794508632,-1.056377462001214)
966 (1.22214746153875,0.212198754058824)
966.25 (3.428407620354431,0.5353320846941795)
966.5 (-1.394308919007587,1.306678231013817)
966.75 (-0.807657441515695,0.8508749221086497)
967 (1.426719760060305,-0.4544187156870659)
967.25 (-0.7265599922715614,1.421722384818619)
967.5 (-1.894419567717708,-0.5477615747941426)
967.75 (-2.282736013677531,-0.7359971258542972)
968 (-0.5332002854885789,1.300462228747693)
968.25 (0.3988514746474285,-4.418841713845996)
968.5 (0.9357476354455292,-0.9317594395195585)
968.75 (1.346835988571551,1.32907700908135)
969 (0.7044264547565592,1.928725455644512)
969.25 (-0.8686435828025798,-0.1358610702581046)
969.5 (-1.300466217159333,-1.041182509354603)
969.75 (-0.5283234851547378,1.823092192716085)
970 (-0.3806113257184182,-2.673014349864701)
970.25 (1.408583668936629,-2.126037899829947)
970.5 (-1.041063422681462,0.092415236860231)
970.75 (1.804440177659603,1.151749764264738)
971 (1.874439193544164,-0.6299324252302935)
971.25 (-1.495696142811896,1.132978768129136)
971.5 (-1.758923788451472,-0.1569638580215141)
971.75 (4.344323683288162,-3.848043378316943)
972 (1.163359301677216,2.124780906901667)
972.25 (-0.3107302016330006,-0.7420012237348852)
972.5 (-1.089527764028602,0.8742257043262289)
972.75 (1.183127578828614,1.428335644297166)
973 (-0.05631876710953197,-0.8364738580828451)
973.25 (-1.861941392452054,-0.1224881568162624)
973.5 (0.5212274970912298,1.453982779084955)
973.75 (1.061897191944428,-1.291863846838606)
974 (-1.031231759462247,-0.06738532279044411)
974.25 (0.0305563990292392,-1.728111244401719)
974.5 (0.7404444446491424,2.703133851393372)
974.75 (-0.03133997957720935,0.5387879500656728)
975 (-1.571853917389646,-1.455672680686364)
975.25 (-1.723603184451434,0.4225717342334168)
975.5 (0.6473073968962689,-1.937488971489893)
975.75 (0.5993880683262589,-1.574891975107978)
976 (3.075133765716571,0.8680070936439984)
976.25 (-1.358381898499423,-0.3504458868088925)
976.5 (1.097264244169348,1.547692228886079)
976.75 (0.9137894941018403,-1.191665928551238)
977 (-0.549674528344814,1.675150823805615)
977.25 (1.485005124304831,0.08247002264262129)
977.5 (-1.606164568348586,-0.6118832914231792)
977.75 (-1.044848608193998,1.351348998671199)
978 (-0.9814969578467611,0.1588203701675258)
978.25 (2.665718029524095,-2.02866314362289)
978.5 (-1.712378383501444,0.2746264582793295)
978.75 (-1.043848368705189,2.350114577969377)
979 (0.8579734977868362,-0.662525031178401)
979.25 (0.5142373800081321,-2.286399840771169)
979.5 (-0.7943243290802178,0.559391973126969)
979.75 (0.9958151063837387,1.371493375815892)
980 (0.6182932454770033,1.128654697259254)
980.25 (-1.1315292361592,-0.9286433956898161)
980.5 (1.011704376783982,0.1901156938355212)
980.75 (-1.928383793373965,1.32492791931061)
981 (-0.2337299338193315,-0.2414325315438124)
981.25 (1.01652341807303,-1.258431279100012)
981.5 (-1.445925532737063,-0.590990226027311)
981.75 (1.342035955921656,0.67073903938382)
982 (2.435099931229075,0.6013320110714587)
982.25 (-2.468052512201055,-0.1725344301431617)
982.5 (0.3374064150593192,-0.4648564530648636)
982.75 (-0.2008053283841291,0.5466039276230849)
983 (3.073976757385436,-1.587430688779655)
983.25 (-1.263495815659339,-0.3671962581362317)
983.5 (0.7191954485136692,-0.03590550641901443)
983.75 (-0.1114620324707042,1.796263605982719)
984 (1.503927650019409,0.06475513855408196)
984.25 (-2.311173295296048,-1.946052079065193)
984.5 (0.8508619322299762,1.401915456231152)
984.75 (3.159429684422872,1.10909102509013)
985 (-4.242684514108126,0.8093388057903584)
985.25 (0.5071971280153124,-1.852252655885109)
985.5 (-1.751201782950078,-0.1700572777512422)
985.75 (3.443927158306064,1.064635721310155)
986 (-0.8269905989332005,-0.09753179091447953)
986.25 (1.002059711153721,0.07957839921859196)
986.5 (-1.314515254645185,-1.12628808319036)
986.75 (0.6555373802796644,0.7378431424170075)
987 (1.790794055939968,1.602995988745406)
987.25 (-0.2852481362584381,-1.247503762910161)
987.5 (-1.916352818585731,-0.1562366360039006)
987.75 (0.8028588898876913,2.270880438599626)
988 (-0.2343439874730781,-0.7050760520034115)
988.25 (-1.367239165750669,-1.166468258880661)
988.5 (-1.58686169868791,0.0811557825709051)
988.75 (1.76358154798276,-0.5817176267443909)
989 (-0.05980324646709407,0.09297080690391968)
989.25 (-1.177491310789288,-1.536435515596323)
989.5 (0.7317016593187731,-0.7916569813534166)
989.75 (1.821040139278516,1.072603437839461)
990 (-1.062318043986314,-1.527765804690355)
990.25 (-1.81088694556542,1.92808392305055)
990.5 (2.953570096982523,0.2763000678991058)
990.75 (-0.8066396096532872,0.3224450919060378)
991 (-2.568749887175713,0.4596217455102806)
991.25 (0.307770400561274,-1.769550747769528)
991.5 (0.9610709860082921,2.656240285175953)
991.75 (-0.1144188501744324,-2.094972365580208)
992 (-0.7421891840533955,0.1662294028743221)
992.25 (0.506702665957565,1.424944383321323)
992.5 (-1.467130842148702,0.6603412770741127)
992.75 (-0.1830639612418669,-4.689173677567413)
993 (1.36279846147351,-1.319383545389704)
993.25 (0.5638486845074572,0.1143408665933521)
993.5 (-0.1389394847811166,1.706626458754356)
993.75 (-1.92780926913738,-2.943732692576977)
994 (3.162818011658362,-1.493776284723493)
994.25 (-0.2398144625464985,3.796784104777129)
994.5 (-2.52203144422867,-3.565178179614443)
994.75 (-0.5320056670111248,0.6726206001883575)
995 (1.797063339743338,-1.325673087162123)
995.25 (1.140900483704044,-0.7789604643308001)
995.5 (0.1099815235693962,1.686699828688905)
995.75 (-0.5626732235278784,0.3481330325471552)
996 (-0.00892214968729812,0.8689109685502141)
996.25 (-0.4645979340905662,-2.05757619853037)
996.5 (-0.1602504856314091,1.376672465915032)
996.75 (-1.023047069118514,-1.432280451410558)
997 (1.374404191981156,1.48209789219196)
997.25 (-0.4258227754350175,-1.877844479221431)
997.5 (1.21631572083332,0.6193619554888826)
997.75 (-1.10373021535857,-1.07925618312002)
998 (1.749154046641463,2.771389096328844)
998.25 (-0.3879620629869078,-1.10194716330467)
998.5 (-2.673496918856546,0.7016221129469916)
998.75 (0.8488066814499814,-0.1003778939264643)
999 (-2.246866041530828,0.1249192237165588)
999.25 (1.864909227229608,-2.196993716477282)
999.5 (1.417753021672857,-0.7954178878817493)
999.75 (-0.8222320040863487,3.668913260695133)
1000 (-0.613946746865065,-0.2858369000659506)
1000.25 (-0.3730744133585426,-0.5114894438735504)
1000.5 (-1.140097980518807,1.103919289090286)
1000.75 (-1.489612732082351,-4.754910186301145)
1001 (3.083669821068481,0.8546945308769485)
1001.25 (-0.4238214549144838,0.7733441572325134)
1001.5 (1.480362793659362,-1.060248121973682)
1001.75 (-0.6682080998913703,-0.2005069851379944)
1002 (-0.7877649841396227,2.147637972510568)
1002.25 (1.511934340885212,0.1861765849792874)
1002.5 (-0.3724668659035928,-1.465125907409264)
1002.75 (0.5382290654122305,1.300157123925461)
1003 (-1.504236242555362,0.9143856806193029)
1003.25 (-1.468372699579879,0.2668192168812227)
1003.5 (1.622288560218903,-2.791815561998295)
1003.75 (1.212572509400826,-0.2414259573152591)
1004 (-1.790346190659919,0.6279454170269874)
1004.25 (0.4898478483345505,1.726444481557785)
1004.5 (2.154256272747953,1.178868286808331)
1004.75 (-1.999040057470431,-1.329982278716744)
1005 (0.5318321424029981,-0.1624700001174918)
1005.25 (-0.3143706155501782,0.6445691806380955)
1005.5 (0.641625228848846,1.48962821349052)
1005.75 (0.3032822598395018,-1.942426900947327)
1006 (-0.5324743742539813,0.8006453817561767)
1006.25 (-2.06856543132358,3.262646980961114)
1006.5 (-1.092510383483766,-1.931058696256786)
1006.75 (1.29286442127267,-1.146574644249519)
1007 (-0.6586183944253778,-1.652237729209924)
1007.25 (-0.007218416769606002,1.380036384988116)
1007.5 (1.79998667184773,0.147513800028951)
1007.75 (-0.04909163362762038,-1.782458306833274)
1008 (-0.7793794521402906,0.8166824367790484)
1008.25 (1.927181108843321,-0.6657595540072042)
1008.5 (0.1742927149096979,-0.5254627618568831)
1008.75 (3.106099088449887,5.658900634496998)
1009 (-0.6647083393954357,-0.1331106412987017)
1009.25 (-1.226787899429641,2.246201730757201)
1009.5 (-4.274006786748352,-2.46117151666105)
1009.75 (1.097219986025016,1.881041915927282)
1010 (-0.9681978559306973,-1.230422371876706)
1010.25 (-1.344855334940337,-0.07954744795730735)
1010.5 (-0.8936442818716432,-0.6506099586410646)
1010.75 (1.611942239043449,-0.5200499677825856)
1011 (-0.8815693713768015,-1.563105490893705)
1011.25 (-1.249027603072,2.094825972071218)
1011.5 (0.6870731482811591,-1.538631845196374)
1011.75 (1.09448687194842,-0.3382144933657848)
1012 (1.492831187472295,-0.5859549259251717)
1012.25 (0.4857814437437313,2.411508960776595)
1012.5 (1.515641039512168,1.193436627208436)
1012.75 (-1.459573713011189,-0.4216951989292957)
1013 (0.1004043340752305,1.494596249373643)
1013.25 (-2.45173001979766,-1.000665288597537)
1013.5 (-0.1304452771825182,-1.206868803622229)
1013.75 (1.74486009102456,0.3869009649317472)
1014 (-2.019130238624259,1.613128961346475)
1014.25 (-3.11994373290068,-0.9432885005826895)
1014.5 (3.562562823670789,-2.233458731149268)
1014.75 (0.184268321887006,2.686254136901587)
1015 (-0.4381642457316344,-1.977277485579279)
1015.25 (0.3772589469159728,-0.03670063696667994)
1015.5 (-0.2856483872975503,1.523564267793458)
1015.75 (0.4851056808293436,-1.314935264747224)
1016 (-0.6868447860598177,0.9664213574132999)
1016.25 (0.2153126649411031,-1.87122889499286)
1016.5 (0.4290562290859832,-1.144804360445316)
1016.75 (1.087929403133796,2.027519666018308)
1017 (-0.3502196696399922,-0.6123886512578441)
1017.25 (-0.6880817526632997,1.065763797666259)
1017.5 (0.2491304785464775,-0.6365327600207618)
1017.75 (-0.7959403645561961,1.511047916579082)
1018 (0.344477533186242,-1.050961083668049)
1018.25 (-1.118605131504673,0.788612882370341)
1018.5 (-3.664260126486284,0.7431822665722226)
1018.75 (-0.05527357591825832,-2.292051404693966)
1019 (0.1223720573842444,0.002149308688906892)
1019.25 (2.134046624236764,-0.7454077617378653)
1019.5 (-0.6904467176286355,-0.931959717343676)
1019.75 (2.66971073450853,0.005312813530281901)
1020 (0.3048182224729876,1.895006705218019)
1020.25 (0.1924195843353629,1.801794464089184)
1020.5 (-1.04983908432471,-0.9332930546696725)
1020.75 (-0.2712025893194207,0.4750090719016711)
1021 (1.241708483243789,0.4539653152108083)
1021.25 (-4.521600801905217,1.490161968142618)
1021.5 (0.7289668211283501,-3.745435461986087)
1021.75 (1.453772169277273,0.6105127306512173)
1022 (1.411923114854038,-0.1266004767398031)
1022.25 (-1.186983946840929,-0.3148833957937832)
1022.5 (0.9721451431436207,-0.376797848635247)
1022.75 (1.397192728327392,0.4792028154025387)
1023 (-1.357963972917001,0.5847285929202686)
1023.25 (0.8210265712101422,0.1388497610210893)
1023.5 (-1.533850031173938,0.2445325277142883)
1023.75 (0.2331290798814307,-1.752829840368403)
1024 (0,0)
1024.25 (0,0)
1024.5 (0,0)
1024.75 (0,0)
1025 (0,0)
1025.25 (0,0)
1025.5 (0,0)
1025.75 (0,0)
1026 (0,0)
1026.25 (0,0)
1026.5 (0,0)
1026.75 (0,0)
1027 (0,0)
1027.25 (0,0)
1027.5 (0,0)
1027.75 (0,0)
1028 (0,0)
1028.25 (0,0)
1028.5 (0,0)
1028.75 (0,0)
1029 (0,0)
1029.25 (0,0)
1029.5 (0,0)
1029.75 (0,0)
1030 (0,0)
1030.25 (0,0)
1030.5 (0,0)
1030.75 (0,0)
1031 (0,0)
1031.25 (0,0)
1031.5 (0,0)
1031.75 (0,0)
1032 (0,0)
1032.25 (0,0)
1032.5 (0,0)
1032.75 (0,0)
1033 (0,0)
1033.25 (0,0)
1033.5 (0,0)
1033.75 (0,0)
1034 (0,0)
1034.25 (0,0)
1034.5 (0,0)
1034.75 (0,0)
1035 (0,0)
1035.25 (0,0)
1035.5 (0,0)
1035.75 (0,0)
1036 (0,0)
1036.25 (0,0)
1036.5 (0,0)
1036.75 (0,0)
1037 (0,0)
1037.25 (0,0)
1037.5 (0,0)
1037.75 (0,0)
1038 (0,0)
1038.25 (0,0)
1038.5 (0,0)
1038.75 (0,0)
1039 (0,0)
1039.25 (0,0)
1039.5 (0,0)
1039.75 (0,0)
1040 (0,0)
1040.25 (0,0)
1040.5 (0,0)
1040.75 (0,0)
1041 (0,0)
1041.25 (0,0)
1041.5 (0,0)
1041.75 (0,0)
1042 (0,0)
1042.25 (0,0)
1042.5 (0,0)
1042.75 (0,0)
1043 (0,0)
1043.25 (0,0)
1043.5 (0,0)
1043.75 (0,0)
1044 (0,0)
1044.25 (0,0)
1044.5 (0,0)
1044.75 (0,0)
1045 (0,0)
1045.25 (0,0)
1045.5 (0,0)
1045.75 (0,0)
1046 (0,0)
1046.25 (0,0)
1046.5 (0,0)
1046.75 (0,0)
1047 (0,0)
1047.25 (0,0)
1047.5 (0,0)
1047.75 (0,0)
1048 (0,0)
1048.25 (0,0)
1048.5 (0,0)
1048.75 (0,0)
1049 (0,0)
1049.25 (0,0)
1049.5 (0,0)
1049.75 (0,0)
1050 (0,0)
1050.25 (0,0)
1050.5 (0,0)
1050.75 (0,0)
1051 (0,0)
1051.25 (0,0)
1051.5 (0,0)
1051.75 (0,0)
1052 (0,0)
1052.25 (0,0)
1052.5 (0,0)
1052.75 (0,0)
1053 (0,0)
1053.25 (0,0)
1053.5 (0,0)
1053.75 (0,0)
1054 (0,0)
1054.25 (0,0)
1054.5 (0,0)
1054.75 (0,0)
1055 (0,0)
1055.25 (0,0)
1055.5 (0,0)
1055.75 (0,0)
1056 (0,0)
1056.25 (0,0)
1056.5 (0,0)
1056.75 (0,0)
1057 (0,0)
1057.25 (0,0)
1057.5 (0,0)
1057.75 (0,0)
1058 (0,0)
1058.25 (0,0)
1058.5 (0,0)
1058.75 (0,0)
1059 (0,0)
1059.25 (0,0)
1059.5 (0,0)
1059.75 (0,0)
1060 (0,0)
1060.25 (0,0)
1060.5 (0,0)
1060.75 (0,0)
1061 (0,0)
1061.25 (0,0)
1061.5 (0,0)
1061.75 (0,0)
1062 (0,0)
1062.25 (0,0)
1062.5 (0,0)
1062.75 (0,0)
1063 (0,0)
1063.25 (0,0)
1063.5 (0,0)
1063.75 (0,0)
1064 (0,0)
1064.25 (0,0)
1064.5 (0,0)
1064.75 (0,0)
1065 (0,0)
1065.25 (0,0)
1065.5 (0,0)
1065.75 (0,0)
1066 (0,0)
1066.25 (0,0)
1066.5 (0,0)
1066.75 (0,0)
1067 (0,0)
1067.25 (0,0)
1067.5 (0,0)
1067.75 (0,0)
1068 (0,0)
1068.25 (0,0)
1068.5 (0,0)
1068.75 (0,0)
1069 (0,0)
1069.25 (0,0)
1069.5 (0,0)
1069.75 (0,0)
1070 (0,0)
1070.25 (0,0)
1070.5 (0,0)
1070.75 (0,0)
1071 (0,0)
1071.25 (0,0)
1071.5 (0,0)
1071.75 (0,0)
1072 (0,0)
1072.25 (0,0)
1072.5 (0,0)
1072.75 (0,0)
1073 (0,0)
1073.25 (0,0)
1073.5 (0,0)
1073.75 (0,0)
1074 (0,0)
1074.25 (0,0)
1074.5 (0,0)
1074.75 (0,0)
1075 (0,0)
1075.25 (0,0)
1075.5 (0,0)
1075.75 (0,0)
1076 (0,0)
1076.25 (0,0)
1076.5 (0,0)
1076.75 (0,0)
1077 (0,0)
1077.25 (0,0)
1077.5 (0,0)
1077.75 (0,0)
1078 (0,0)
1078.25 (0,0)
1078.5 (0,0)
1078.75 (0,0)
1079 (0,0)
1079.25 (0,0)
1079.5 (0,0)
1079.75 (0,0)
1080 (0,0)
1080.25 (0,0)
1080.5 (0,0)
1080.75 (0,0)
1081 (0,0)
1081.25 (0,0)
1081.5 (0,0)
1081.75 (0,0)
1082 (0,0)
1082.25 (0,0)
1082.5 (0,0)
1082.75 (0,0)
1083 (0,0)
1083.25 (0,0)
1083.5 (0,0)
1083.75 (0,0)
1084 (0,0)
1084.25 (0,0)
1084.5 (0,0)
1084.75 (0,0)
1085 (0,0)
1085.25 (0,0)
1085.5 (0,0)
1085.75 (0,0)
1086 (0,0)
1086.25 (0,0)
1086.5 (0,0)
1086.75 (0,0)
1087 (0,0)
1087.25 (0,0)
1087.5 (0,0)
1087.75 (0,0)
1088 (0,0)
1088.25 (0,0)
1088.5 (0,0)
1088.75 (0,0)
1089 (0,0)
1089.25 (0,0)
1089.5 (0,0)
1089.75 (0,0)
1090 (0,0)
1090.25 (0,0)
1090.5 (0,0)
1090.75 (0,0)
1091 (0,0)
1091.25 (0,0)
1091.5 (0,0)
1091.75 (0,0)
1092 (0,0)
1092.25 (0,0)
1092.5 (0,0)
1092.75 (0,0)
1093 (0,0)
1093.25 (0,0)
1093.5 (0,0)
1093.75 (0,0)
1094 (0,0)
1094.25 (0,0)
1094.5 (0,0)
1094.75 (0,0)
1095 (0,0)
1095.25 (0,0)
1095.5 (0,0)
1095.75 (0,0)
1096 (0,0)
1096.25 (0,0)
1096.5 (0,0)
1096.75 (0,0)
1097 (0,0)
1097.25 (0,0)
1097.5 (0,0)
1097.75 (0,0)
1098 (0,0)
1098.25 (0,0)
1098.5 (0,0)
1098.75 (0,0)
1099 (0,0)
1099.25 (0,0)
1099.5 (0,0)
1099.75 (0,0)
1100 (0,0)
1100.25 (0,0)
1100.5 (0,0)
1100.75 (0,0)
1101 (0,0)
1101.25 (0,0)
1101.5 (0,0)
1101.75 (0,0)
1102 (0,0)
1102.25 (0,0)
1102.5 (0,0)
1102.75 (0,0)
1103 (0,0)
1103.25 (0,0)
1103.5 (0,0)
1103.75 (0,0)
1104 (0,0)
1104.25 (0,0)
1104.5 (0,0)
1104.75 (0,0)
1105 (0,0)
1105.25 (0,0)
1105.5 (0,0)
1105.75 (0,0)
1106 (0,0)
1106.25 (0,0)
1106.5 (0,0)
1106.75 (0,0)
1107 (0,0)
1107.25 (0,0)
1107.5 (0,0)
1107.75 (0,0)
1108 (0,0)
1108.25 (0,0)
1108.5 (0,0)
1108.75 (0,0)
1109 (0,0)
1109.25 (0,0)
1109.5 (0,0)
1109.75 (0,0)
1110 (0,0)
1110.25 (0,0)
1110.5 (0,0)
1110.75 (0,0)
1111 (0,0)
1111.25 (0,0)
1111.5 (0,0)
1111.75 (0,0)
1112 (0,0)
1112.25 (0,0)
1112.5 (0,0)
1112.75 (0,0)
1113 (0,0)
1113.25 (0,0)
1113.5 (0,0)
1113.75 (0,0)
1114 (0,0)
1114.25 (0,0)
1114.5 (0,0)
1114.75 (0,0)
1115 (0,0)
1115.25 (0,0)
1115.5 (0,0)
1115.75 (0,0)
1116 (0,0)
1116.25 (0,0)
1116.5 (0,0)
1116.75 (0,0)
1117 (0,0)
1117.25 (0,0)
1117.5 (0,0)
1117.75 (0,0)
1118 (0,0)
1118.25 (0,0)
1118.5 (0,0)
1118.75 (0,0)
1119 (0,0)
1119.25 (0,0)
1119.5 (0,0)
1119.75 (0,0)
1120 (0,0)
1120.25 (0,0)
1120.5 (0,0)
1120.75 (0,0)
1121 (0,0)
1121.25 (0,0)
1121.5 (0,0)
1121.75 (0,0)
1122 (0,0)
1122.25 (0,0)
1122.5 (0,0)
1122.75 (0,0)
1123 (0,0)
1123.25 (0,0)
1123.5 (0,0)
1123.75 (0,0)
1124 (0,0)
1124.25 (0,0)
1124.5 (0,0)
1124.75 (0,0)
1125 (0,0)
1125.25 (0,0)
1125.5 (0,0)
1125.75 (0,0)
1126 (0,0)
1126.25 (0,0)
1126.5 (0,0)
1126.75 (0,0)
1127 (0,0)
1127.25 (0,0)
1127.5 (0,0)
1127.75 (0,0)
1128 (0,0)
1128.25 (0,0)
1128.5 (0,0)
1128.75 (0,0)
1129 (0,0)
1129.25 (0,0)
1129.5 (0,0)
1129.75 (0,0)
1130 (0,0)
1130.25 (0,0)
1130.5 (0,0)
1130.75 (0,0)
1131 (0,0)
1131.25 (0,0)
1131.5 (0,0)
1131.75 (0,0)
1132 (0,0)
1132.25 (0,0)
1132.5 (0,0)
1132.75 (0,0)
1133 (0,0)
1133.25 (0,0)
1133.5 (0,0)
1133.75 (0,0)
1134 (0,0)
1134.25 (0,0)
1134.5 (0,0)
1134.75 (0,0)
1135 (0,0)
1135.25 (0,0)
1135.5 (0,0)
1135.75 (0,0)
1136 (0,0)
1136.25 (0,0)
1136.5 (0,0)
1136.75 (0,0)
1137 (0,0)
1137.25 (0,0)
1137.5 (0,0)
1137.75 (0,0)
1138 (0,0)
1138.25 (0,0)
1138.5 (0,0)
1138.75 (0,0)
1139 (0,0)
1139.25 (0,0)
1139.5 (0,0)
1139.75 (0,0)
1140 (0,0)
1140.25 (0,0)
1140.5 (0,0)
1140.75 (0,0)
1141 (0,0)
1141.25 (0,0)
1141.5 (0,0)
1141.75 (0,0)
1142 (0,0)
1142.25 (0,0)
1142.5 (0,0)
1142.75 (0,0)
1143 (0,0)
1143.25 (0,0)
1143.5 (0,0)
1143.75 (0,0)
1144 (0,0)
1144.25 (0,0)
1144.5 (0,0)
1144.75 (0,0)
1145 (0,0)
1145.25 (0,0)
1145.5 (0,0)
1145.75 (0,0)
1146 (0,0)
1146.25 (0,0)
1146.5 (0,0)
1146.75 (0,0)
1147 (0,0)
1147.25 (0,0)
1147.5 (0,0)
1147.75 (0,0)
1148 (0,0)
1148.25 (0,0)
1148.5 (0,0)
1148.75 (0,0)
1149 (0,0)
1149.25 (0,0)
1149.5 (0,0)
1149.75 (0,0)
1150 (0,0)
1150.25 (0,0)
1150.5 (0,0)
1150.75 (0,0)
1151 (0,0)
1151.25 (0,0)
1151.5 (0,0)
1151.75 (0,0)
1152 (0,0)
1152.25 (0,0)
1152.5 (0,0)
1152.75 (0,0)
1153 (0,0)
1153.25 (0,0)
1153.5 (0,0)
1153.75 (0,0)
1154 (0,0)
1154.25 (0,0)
1154.5 (0,0)
1154.75 (0,0)
1155 (0,0)
1155.25 (0,0)
1155.5 (0,0)
1155.75 (0,0)
1156 (0,0)
1156.25 (0,0)
1156.5 (0,0)
1156.75 (0,0)
1157 (0,0)
1157.25 (0,0)
1157.5 (0,0)
1157.75 (0,0)
1158 (0,0)
1158.25 (0,0)
1158.5 (0,0)
1158.75 (0,0)
1159 (0,0)
1159.25 (0,0)
1159.5 (0,0)
1159.75 (0,0)
1160 (0,0)
1160.25 (0,0)
1160.5 (0,0)
1160.75 (0,0)
1161 (0,0)
1161.25 (0,0)
1161.5 (0,0)
1161.75 (0,0)
1162 (0,0)
1162.25 (0,0)
1162.5 (0,0)
1162.75 (0,0)
1163 (0,0)
1163.25 (0,0)
1163.5 (0,0)
1163.75 (0,0)
1164 (0,0)
1164.25 (0,0)
1164.5 (0,0)
1164.75 (0,0)
1165 (0,0)
1165.25 (0,0)
1165.5 (0,0)
1165.75 (0,0)
1166 (0,0)
1166.25 (0,0)
1166.5 (0,0)
1166.75 (0,0)
1167 (0,0)
1167.25 (0,0)
1167.5 (0,0)
1167.75 (0,0)
1168 (0,0)
1168.25 (0,0)
1168.5 (0,0)
1168.75 (0,0)
1169 (0,0)
1169.25 (0,0)
1169.5 (0,0)
1169.75 (0,0)
1170 (0,0)
1170.25 (0,0)
1170.5 (0,0)
1170.75 (0,0)
1171 (0,0)
1171.25 (0,0)
1171.5 (0,0)
1171.75 (0,0)
1172 (0,0)
1172.25 (0,0)
1172.5 (0,0)
1172.75 (0,0)
1173 (0,0)
1173.25 (0,0)
1173.5 (0,0)
1173.75 (0,0)
1174 (0,0)
1174.25 (0,0)
1174.5 (0,0)
1174.75 (0,0)
1175 (0,0)
1175.25 (0,0)
1175.5 (0,0)
1175.75 (0,0)
1176 (0,0)
1176.25 (0,0)
1176.5 (0,0)
1176.75 (0,0)
1177 (0,0)
1177.25 (0,0)
1177.5 (0,0)
1177.75 (0,0)
1178 (0,0)
1178.25 (0,0)
1178.5 (0,0)
1178.75 (0,0)
1179 (0,0)
1179.25 (0,0)
1179.5 (0,0)
1179.75 (0,0)
1180 (0,0)
1180.25 (0,0)
1180.5 (0,0)
1180.75 (0,0)
1181 (0,0)
1181.25 (0,0)
1181.5 (0,0)
1181.75 (0,0)
1182 (0,0)
1182.25 (0,0)
1182.5 (0,0)
1182.75 (0,0)
1183 (0,0)
1183.25 (0,0)
1183.5 (0,0)
1183.75 (0,0)
1184 (0,0)
1184.25 (0,0)
1184.5 (0,0)
1184.75 (0,0)
1185 (0,0)
1185.25 (0,0)
1185.5 (0,0)
1185.75 (0,0)
1186 (0,0)
1186.25 (0,0)
1186.5 (0,0)
1186.75 (0,0)
1187 (0,0)
1187.25 (0,0)
1187.5 (0,0)
1187.75 (0,0)
1188 (0,0)
1188.25 (0,0)
1188.5 (0,0)
1188.75 (0,0)
1189 (0,0)
1189.25 (0,0)
1189.5 (0,0)
1189.75 (0,0)
1190 (0,0)
1190.25 (0,0)
1190.5 (0,0)
1190.75 (0,0)
1191 (0,0)
1191.25 (0,0)
1191.5 (0,0)
1191.75 (0,0)
1192 (0,0)
1192.25 (0,0)
1192.5 (0,0)
1192.75 (0,0)
1193 (0,0)
1193.25 (0,0)
1193.5 (0,0)
1193.75 (0,0)
1194 (0,0)
1194.25 (0,0)
1194.5 (0,0)
1194.75 (0,0)
1195 (0,0)
1195.25 (0,0)
1195.5 (0,0)
1195.75 (0,0)
1196 (0,0)
1196.25 (0,0)
1196.5 (0,0)
1196.75 (0,0)
1197 (0,0)
1197.25 (0,0)
1197.5 (0,0)
1197.75 (0,0)
1198 (0,0)
1198.25 (0,0)
1198.5 (0,0)
1198.75 (0,0)
1199 (0,0)
1199.25 (0,0)
1199.5 (0,0)
1199.75 (0,0)
1200 (0,0)
1200.25 (0,0)
1200.5 (0,0)
1200.75 (0,0)
1201 (0,0)
1201.25 (0,0)
1201.5 (0,0)
1201.75 (0,0)
1202 (0,0)
1202.25 (0,0)
1202.5 (0,0)
1202.75 (0,0)
1203 (0,0)
1203.25 (0,0)
1203.5 (0,0)
1203.75 (0,0)
1204 (0,0)
1204.25 (0,0)
1204.5 (0,0)
1204.75 (0,0)
1205 (0,0)
1205.25 (0,0)
1205.5 (0,0)
1205.75 (0,0)
1206 (0,0)
1206.25 (0,0)
1206.5 (0,0)
1206.75 (0,0)
1207 (0,0)
1207.25 (0,0)
1207.5 (0,0)
1207.75 (0,0)
1208 (0,0)
1208.25 (0,0)
1208.5 (0,0)
1208.75 (0,0)
1209 (0,0)
1209.25 (0,0)
1209.5 (0,0)
1209.75 (0,0)
1210 (0,0)
1210.25 (0,0)
1210.5 (0,0)
1210.75 (0,0)
1211 (0,0)
1211.25 (0,0)
1211.5 (0,0)
1211.75 (0,0)
1212 (0,0)
1212.25 (0,0)
1212.5 (0,0)
1212.75 (0,0)
1213 (0,0)
1213.25 (0,0)
1213.5 (0,0)
1213.75 (0,0)
1214 (0,0)
1214.25 (0,0)
1214.5 (0,0)
1214.75 (0,0)
1215 (0,0)
1215.25 (0,0)
1215.5 (0,0)
1215.75 (0,0)
1216 (0,0)
1216.25 (0,0)
1216.5 (0,0)
1216.75 (0,0)
1217 (0,0)
1217.25 (0,0)
1217.5 (0,0)
1217.75 (0,0)
1218 (0,0)
1218.25 (0,0)
1218.5 (0,0)
1218.75 (0,0)
1219 (0,0)
1219.25 (0,0)
1219.5 (0,0)
1219.75 (0,0)
1220 (0,0)
1220.25 (0,0)
1220.5 (0,0)
1220.75 (0,0)
1221 (0,0)
1221.25 (0,0)
1221.5 (0,0)
1221.75 (0,0)
1222 (0,0)
1222.25 (0,0)
1222.5 (0,0)
1222.75 (0,0)
1223 (0,0)
1223.25 (0,0)
1223.5 (0,0)
1223.75 (0,0)
1224 (0,0)
1224.25 (0,0)
1224.5 (0,0)
1224.75 (0,0)
1225 (0,0)
1225.25 (0,0)
1225.5 (0,0)
1225.75 (0,0)
1226 (0,0)
1226.25 (0,0)
1226.5 (0,0)
1226.75 (0,0)
1227 (0,0)
1227.25 (0,0)
1227.5 (0,0)
1227.75 (0,0)
1228 (0,0)
1228.25 (0,0)
1228.5 (0,0)
1228.75 (0,0)
1229 (0,0)
1229.25 (0,0)
1229.5 (0,0)
1229.75 (0,0)
1230 (0,0)
1230.25 (0,0)
1230.5 (0,0)
1230.75 (0,0)
1231 (0,0)
1231.25 (0,0)
1231.5 (0,0)
1231.75 (0,0)
1232 (0,0)
1232.25 (0,0)
1232.5 (0,0)
1232.75 (0,0)
1233 (0,0)
1233.25 (0,0)
1233.5 (0,0)
1233.75 (0,0)
1234 (0,0)
1234.25 (0,0)
1234.5 (0,0)
1234.75 (0,0)
1235 (0,0)
1235.25 (0,0)
1235.5 (0,0)
1235.75 (0,0)
1236 (0,0)
1236.25 (0,0)
1236.5 (0,0)
1236.75 (0,0)
1237 (0,0)
1237.25 (0,0)
1237.5 (0,0)
1237.75 (0,0)
1238 (0,0)
1238.25 (0,0)
1238.5 (0,0)
1238.75 (0,0)
1239 (0,0)
1239.25 (0,0)
1239.5 (0,0)
1239.75 (0,0)
1240 (0,0)
1240.25 (0,0)
1240.5 (0,0)
1240.75 (0,0)
1241 (0,0)
1241.25 (0,0)
1241.5 (0,0)
1241.75 (0,0)
1242 (0,0)
1242.25 (0,0)
1242.5 (0,0)
1242.75 (0,0)
1243 (0,0)
1243.25 (0,0)
1243.5 (0,0)
1243.75 (0,0)
1244 (0,0)
1244.25 (0,0)
1244.5 (0,0)
1244.75 (0,0)
1245 (0,0)
1245.25 (0,0)
1245.5 (0,0)
1245.75 (0,0)
1246 (0,0)
1246.25 (0,0)
1246.5 (0,0)
1246.75 (0,0)
1247 (0,0)
1247.25 (0,0)
1247.5 (0,0)
1247.75 (0,0)
1248 (0,0)
1248.25 (0,0)
1248.5 (0,0)
1248.75 (0,0)
1249 (0,0)
1249.25 (0,0)
1249.5 (0,0)
1249.75 (0,0)
1250 (0,0)
1250.25 (0,0)
1250.5 (0,0)
1250.75 (0,0)
1251 (0,0)
1251.25 (0,0)
1251.5 (0,0)
1251.75 (0,0)
1252 (0,0)
1252.25 (0,0)
1252.5 (0,0)
1252.75 (0,0)
1253 (0,0)
1253.25 (0,0)
1253.5 (0,0)
1253.75 (0,0)
1254 (0,0)
1254.25 (0,0)
1254.5 (0,0)
1254.75 (0,0)
1255 (0,0)
1255.25 (0,0)
1255.5 (0,0)
1255.75 (0,0)
1256 (0,0)
1256.25 (0,0)
1256.5 (0,0)
1256.75 (0,0)
1257 (0,0)
1257.25 (0,0)
1257.5 (0,0)
1257.75 (0,0)
1258 (0,0)
1258.25 (0,0)
1258.5 (0,0)
1258.75 (0,0)
1259 (0,0)
1259.25 (0,0)
1259.5 (0,0)
1259.75 (0,0)
1260 (0,0)
1260.25 (0,0)
1260.5 (0,0)
1260.75 (0,0)
1261 (0,0)
1261.25 (0,0)
1261.5 (0,0)
1261.75 (0,0)
1262 (0,0)
1262.25 (0,0)
1262.5 (0,0)
1262.75 (0,0)
1263 (0,0)
1263.25 (0,0)
1263.5 (0,0)
1263.75 (0,0)
1264 (0,0)
1264.25 (0,0)
1264.5 (0,0)
1264.75 (0,0)
1265 (0,0)
1265.25 (0,0)
1265.5 (0,0)
1265.75 (0,0)
1266 (0,0)
1266.25 (0,0)
1266.5 (0,0)
1266.75 (0,0)
1267 (0,0)
1267.25 (0,0)
1267.5 (0,0)
1267.75 (0,0)
1268 (0,0)
1268.25 (0,0)
1268.5 (0,0)
1268.75 (0,0)
1269 (0,0)
1269.25 (0,0)
1269.5 (0,0)
1269.75 (0,0)
1270 (0,0)
1270.25 (0,0)
1270.5 (0,0)
1270.75 (0,0)
1271 (0,0)
1271.25 (0,0)
1271.5 (0,0)
1271.75 (0,0)
1272 (0,0)
1272.25 (0,0)
1272.5 (0,0)
1272.75 (0,0)
1273 (0,0)
1273.25 (0,0)
1273.5 (0,0)
1273.75 (0,0)
1274 (0,0)
1274.25 (0,0)
1274.5 (0,0)
1274.75 (0,0)
1275 (0,0)
1275.25 (0,0)
1275.5 (0,0)
1275.75 (0,0)
1276 (0,0)
1276.25 (0,0)
1276.5 (0,0)
1276.75 (0,0)
1277 (0,0)
1277.25 (0,0)
1277.5 (0,0)
1277.75 (0,0)
1278 (0,0)
1278.25 (0,0)
1278.5 (0,0)
1278.75 (0,0)
1279 (0,0)
1279.25 (0,0)
1279.5 (0,0)
1279.75 (0,0)
1280 (0,0)
1280.25 (0,0)
1280.5 (0,0)
1280.75 (0,0)
1281 (0,0)
1281.25 (0,0)
1281.5 (0,0)
1281.75 (0,0)
1282 (0,0)
1282.25 (0,0)
1282.5 (0,0)
1282.75 (0,0)
1283 (0,0)
1283.25 (0,0)
1283.5 (0,0)
1283.75 (0,0)
1284 (0,0)
1284.25 (0,0)
1284.5 (0,0)
1284.75 (0,0)
1285 (0,0)
1285.25 (0,0)
1285.5 (0,0)
1285.75 (0,0)
1286 (0,0)
1286.25 (0,0)
1286.5 (0,0)
1286.75 (0,0)
1287 (0,0)
1287.25 (0,0)
1287.5 (0,0)
1287.75 (0,0)
1288 (0,0)
1288.25 (0,0)
1288.5 (0,0)
1288.75 (0,0)
1289 (0,0)
1289.25 (0,0)
1289.5 (0,0)
1289.75 (0,0)
1290 (0,0)
1290.25 (0,0)
1290.5 (0,0)
1290.75 (0,0)
1291 (0,0)
1291.25 (0,0)
1291.5 (0,0)
1291.75 (0,0)
1292 (0,0)
1292.25 (0,0)
1292.5 (0,0)
1292.75 (0,0)
1293 (0,0)
1293.25 (0,0)
1293.5 (0,0)
1293.75 (0,0)
1294 (0,0)
1294.25 (0,0)
1294.5 (0,0)
1294.75 (0,0)
1295 (0,0)
1295.25 (0,0)
1295.5 (0,0)
1295.75 (0,0)
1296 (0,0)
1296.25 (0,0)
1296.5 (0,0)
1296.75 (0,0)
1297 (0,0)
1297.25 (0,0)
1297.5 (0,0)
1297.75 (0,0)
1298 (0,0)
1298.25 (0,0)
1298.5 (0,0)
1298.75 (0,0)
1299 (0,0)
1299.25 (0,0)
1299.5 (0,0)
1299.75 (0,0)
1300 (0,0)
1300.25 (0,0)
1300.5 (0,0)
1300.75 (0,0)
1301 (0,0)
1301.25 (0,0)
1301.5 (0,0)
1301.75 (0,0)
1302 (0,0)
1302.25 (0,0)
1302.5 (0,0)
1302.75 (0,0)
1303 (0,0)
1303.25 (0,0)
1303.5 (0,0)
1303.75 (0,0)
1304 (0,0)
1304.25 (0,0)
1304.5 (0,0)
1304.75 (0,0)
1305 (0,0)
1305.25 (0,0)
1305.5 (0,0)
1305.75 (0,0)
1306 (0,0)
1306.25 (0,0)
1306.5 (0,0)
1306.75 (0,0)
1307 (0,0)
1307.25 (0,0)
1307.5 (0,0)
1307.75 (0,0)
1308 (0,0)
1308.25 (0,0)
1308.5 (0,0)
1308.75 (0,0)
1309 (0,0)
1309.25 (0,0)
1309.5 (0,0)
1309.75 (0,0)
1310 (0,0)
1310.25 (0,0)
1310.5 (0,0)
1310.75 (0,0)
1311 (0,0)
1311.25 (0,0)
1311.5 (0,0)
1311.75 (0,0)
1312 (0,0)
1312.25 (0,0)
1312.5 (0,0)
1312.75 (0,0)
1313 (0,0)
1313.25 (0,0)
1313.5 (0,0)
1313.75 (0,0)
1314 (0,0)
1314.25 (0,0)
1314.5 (0,0)
1314.75 (0,0)
1315 (0,0)
1315.25 (0,0)
1315.5 (0,0)
1315.75 (0,0)
1316 (0,0)
1316.25 (0,0)
1316.5 (0,0)
1316.75 (0,0)
1317 (0,0)
1317.25 (0,0)
1317.5 (0,0)
1317.75 (0,0)
1318 (0,0)
1318.25 (0,0)
1318.5 (0,0)
1318.75 (0,0)
1319 (0,0)
1319.25 (0,0)
1319.5 (0,0)
1319.75 (0,0)
1320 (0,0)
1320.25 (0,0)
1320.5 (0,0)
1320.75 (0,0)
1321 (0,0)
1321.25 (0,0)
1321.5 (0,0)
1321.75 (0,0)
1322 (0,0)
1322.25 (0,0)
1322.5 (0,0)
1322.75 (0,0)
1323 (0,0)
1323.25 (0,0)
1323.5 (0,0)
1323.75 (0,0)
1324 (0,0)
1324.25 (0,0)
1324.5 (0,0)
1324.75 (0,0)
1325 (0,0)
1325.25 (0,0)
1325.5 (0,0)
1325.75 (0,0)
1326 (0,0)
1326.25 (0,0)
1326.5 (0,0)
1326.75 (0,0)
1327 (0,0)
1327.25 (0,0)
1327.5 (0,0)
1327.75 (0,0)
1328 (0,0)
1328.25 (0,0)
1328.5 (0,0)
1328.75 (0,0)
1329 (0,0)
1329.25 (0,0)
1329.5 (0,0)
1329.75 (0,0)
1330 (0,0)
1330.25 (0,0)
1330.5 (0,0)
1330.75 (0,0)
1331 (0,0)
1331.25 (0,0)
1331.5 (0,0)
1331.75 (0,0)
1332 (0,0)
1332.25 (0,0)
1332.5 (0,0)
1332.75 (0,0)
1333 (0,0)
1333.25 (0,0)
1333.5 (0,0)
1333.75 (0,0)
1334 (0,0)
1334.25 (0,0)
1334.5 (0,0)
1334.75 (0,0)
1335 (0,0)
1335.25 (0,0)
1335.5 (0,0)
1335.75 (0,0)
1336 (0,0)
1336.25 (0,0)
1336.5 (0,0)
1336.75 (0,0)
1337 (0,0)
1337.25 (0,0)
1337.5 (0,0)
1337.75 (0,0)
1338 (0,0)
1338.25 (0,0)
1338.5 (0,0)
1338.75 (0,0)
1339 (0,0)
1339.25 (0,0)
1339.5 (0,0)
1339.75 (0,0)
1340 (0,0)
1340.25 (0,0)
1340.5 (0,0)
1340.75 (0,0)
1341 (0,0)
1341.25 (0,0)
1341.5 (0,0)
1341.75 (0,0)
1342 (0,0)
1342.25 (0,0)
1342.5 (0,0)
1342.75 (0,0)
1343 (0,0)
1343.25 (0,0)
1343.5 (0,0)
1343.75 (0,0)
1344 (0,0)
1344.25 (0,0)
1344.5 (0,0)
1344.75 (0,0)
1345 (0,0)
1345.25 (0,0)
1345.5 (0,0)
1345.75 (0,0)
1346 (0,0)
1346.25 (0,0)
1346.5 (0,0)
1346.75 (0,0)
1347 (0,0)
1347.25 (0,0)
1347.5 (0,0)
1347.75 (0,0)
1348 (0,0)
1348.25 (0,0)
1348.5 (0,0)
1348.75 (0,0)
1349 (0,0)
1349.25 (0,0)
1349.5 (0,0)
1349.75 (0,0)
1350 (0,0)
1350.25 (0,0)
1350.5 (0,0)
1350.75 (0,0)
1351 (0,0)
1351.25 (0,0)
1351.5 (0,0)
1351.75 (0,0)
1352 (0,0)
1352.25 (0,0)
1352.5 (0,0)
1352.75 (0,0)
1353 (0,0)
1353.25 (0,0)
1353.5 (0,0)
1353.75 (0,0)
1354 (0,0)
1354.25 (0,0)
1354.5 (0,0)
1354.75 (0,0)
1355 (0,0)
1355.25 (0,0)
1355.5 (0,0)
1355.75 (0,0)
1356 (0,0)
1356.25 (0,0)
1356.5 (0,0)
1356.75 (0,0)
1357 (0,0)
1357.25 (0,0)
1357.5 (0,0)
1357.75 (0,0)
1358 (0,0)
1358.25 (0,0)
1358.5 (0,0)
1358.75 (0,0)
1359 (0,0)
1359.25 (0,0)
1359.5 (0,0)
1359.75 (0,0)
1360 (0,0)
1360.25 (0,0)
1360.5 (0,0)
1360.75 (0,0)
1361 (0,0)
1361.25 (0,0)
1361.5 (0,0)
1361.75 (0,0)
1362 (0,0)
1362.25 (0,0)
1362.5 (0,0)
1362.75 (0,0)
1363 (0,0)
1363.25 (0,0)
1363.5 (0,0)
1363.75 (0,0)
1364 (0,0)
1364.25 (0,0)
1364.5 (0,0)
1364.75 (0,0)
1365 (0,0)
1365.25 (0,0)
1365.5 (0,0)
1365.75 (0,0)
1366 (0,0)
1366.25 (0,0)
1366.5 (0,0)
1366.75 (0,0)
1367 (0,0)
1367.25 (0,0)
1367.5 (0,0)
1367.75 (0,0)
1368 (0,0)
1368.25 (0,0)
1368.5 (0,0)
1368.75 (0,0)
1369 (0,0)
1369.25 (0,0)
1369.5 (0,0)
1369.75 (0,0)
1370 (0,0)
1370.25 (0,0)
1370.5 (0,0)
1370.75 (0,0)
1371 (0,0)
1371.25 (0,0)
1371.5 (0,0)
1371.75 (0,0)
1372 (0,0)
1372.25 (0,0)
1372.5 (0,0)
1372.75 (0,0)
1373 (0,0)
1373.25 (0,0)
1373.5 (0,0)
1373.75 (0,0)
1374 (0,0)
1374.25 (0,0)
1374.5 (0,0)
1374.75 (0,0)
1375 (0,0)
1375.25 (0,0)
1375.5 (0,0)
1375.75 (0,0)
1376 (0,0)
1376.25 (0,0)
1376.5 (0,0)
1376.75 (0,0)
1377 (0,0)
1377.25 (0,0)
1377.5 (0,0)
1377.75 (0,0)
1378 (0,0)
1378.25 (0,0)
1378.5 (0,0)
1378.75 (0,0)
1379 (0,0)
1379.25 (0,0)
1379.5 (0,0)
1379.75 (0,0)
1380 (0,0)
1380.25 (0,0)
1380.5 (0,0)
1380.75 (0,0)
1381 (0,0)
1381.25 (0,0)
1381.5 (0,0)
1381.75 (0,0)
1382 (0,0)
1382.25 (0,0)
1382.5 (0,0)
1382.75 (0,0)
1383 (0,0)
1383.25 (0,0)
1383.5 (0,0)
1383.75 (0,0)
1384 (0,0)
1384.25 (0,0)
1384.5 (0,0)
1384.75 (0,0)
1385 (0,0)
1385.25 (0,0)
1385.5 (0,0)
1385.75 (0,0)
1386 (0,0)
1386.25 (0,0)
1386.5 (0,0)
1386.75 (0,0)
1387 (0,0)
1387.25 (0,0)
1387.5 (0,0)
1387.75 (0,0)
1388 (0,0)
1388.25 (0,0)
1388.5 (0,0)
1388.75 (0,0)
1389 (0,0)
1389.25 (0,0)
1389.5 (0,0)
1389.75 (0,0)
1390 (0,0)
1390.25 (0,0)
1390.5 (0,0)
1390.75 (0,0)
1391 (0,0)
1391.25 (0,0)
1391.5 (0,0)
1391.75 (0,0)
1392 (0,0)
1392.25 (0,0)
1392.5 (0,0)
1392.75 (0,0)
1393 (0,0)
1393.25 (0,0)
1393.5 (0,0)
1393.75 (0,0)
1394 (0,0)
1394.25 (0,0)
1394.5 (0,0)
1394.75 (0,0)
1395 (0,0)
1395.25 (0,0)
1395.5 (0,0)
1395.75 (0,0)
1396 (0,0)
1396.25 (0,0)
1396.5 (0,0)
1396.75 (0,0)
1397 (0,0)
1397.25 (0,0)
1397.5 (0,0)
1397.75 (0,0)
1398 (0,0)
1398.25 (0,0)
1398.5 (0,0)
1398.75 (0,0)
1399 (0,0)
1399.25 (0,0)
1399.5 (0,0)
1399.75 (0,0)
1400 (0,0)
1400.25 (0,0)
1400.5 (0,0)
1400.75 (0,0)
1401 (0,0)
1401.25 (0,0)
1401.5 (0,0)
1401.75 (0,0)
1402 (0,0)
1402.25 (0,0)
1402.5 (0,0)
1402.75 (0,0)
1403 (0,0)
1403.25 (0,0)
1403.5 (0,0)
1403.75 (0,0)
1404 (0,0)
1404.25 (0,0)
1404.5 (0,0)
1404.75 (0,0)
1405 (0,0)
1405.25 (0,0)
1405.5 (0,0)
1405.75 (0,0)
1406 (0,0)
1406.25 (0,0)
1406.5 (0,0)
1406.75 (0,0)
1407 (0,0)
1407.25 (0,0)
1407.5 (0,0)
1407.75 (0,0)
1408 (0,0)
1408.25 (0,0)
1408.5 (0,0)
1408.75 (0,0)
1409 (0,0)
1409.25 (0,0)
1409.5 (0,0)
1409.75 (0,0)
1410 (0,0)
1410.25 (0,0)
1410.5 (0,0)
1410.75 (0,0)
1411 (0,0)
1411.25 (0,0)
1411.5 (0,0)
1411.75 (0,0)
1412 (0,0)
1412.25 (0,0)
1412.5 (0,0)
1412.75 (0,0)
1413 (0,0)
1413.25 (0,0)
1413.5 (0,0)
1413.75 (0,0)
1414 (0,0)
1414.25 (0,0)
1414.5 (0,0)
1414.75 (0,0)
1415 (0,0)
1415.25 (0,0)
1415.5 (0,0)
1415.75 (0,0)
1416 (0,0)
1416.25 (0,0)
1416.5 (0,0)
1416.75 (0,0)
1417 (0,0)
1417.25 (0,0)
1417.5 (0,0)
1417.75 (0,0)
1418 (0,0)
1418.25 (0,0)
1418.5 (0,0)
1418.75 (0,0)
1419 (0,0)
1419.25 (0,0)
1419.5 (0,0)
1419.75 (0,0)
1420 (0,0)
1420.25 (0,0)
1420.5 (0,0)
1420.75 (0,0)
1421 (0,0)
1421.25 (0,0)
1421.5 (0,0)
1421.75 (0,0)
1422 (0,0)
1422.25 (0,0)
1422.5 (0,0)
1422.75 (0,0)
1423 (0,0)
1423.25 (0,0)
1423.5 (0,0)
1423.75 (0,0)
1424 (0,0)
1424.25 (0,0)
1424.5 (0,0)
1424.75 (0,0)
1425 (0,0)
1425.25 (0,0)
1425.5 (0,0)
1425.75 (0,0)
1426 (0,0)
1426.25 (0,0)
1426.5 (0,0)
1426.75 (0,0)
1427 (0,0)
1427.25 (0,0)
1427.5 (0,0)
1427.75 (0,0)
1428 (0,0)
1428.25 (0,0)
1428.5 (0,0)
1428.75 (0,0)
1429 (0,0)
1429.25 (0,0)
1429.5 (0,0)
1429.75 (0,0)
1430 (0,0)
1430.25 (0,0)
1430.5 (0,0)
1430.75 (0,0)
1431 (0,0)
1431.25 (0,0)
1431.5 (0,0)
1431.75 (0,0)
1432 (0,0)
1432.25 (0,0)
1432.5 (0,0)
1432.75 (0,0)
1433 (0,0)
1433.25 (0,0)
1433.5 (0,0)
1433.75 (0,0)
1434 (0,0)
1434.25 (0,0)
1434.5 (0,0)
1434.75 (0,0)
1435 (0,0)
1435.25 (0,0)
1435.5 (0,0)
1435.75 (0,0)
1436 (0,0)
1436.25 (0,0)
1436.5 (0,0)
1436.75 (0,0)
1437 (0,0)
1437.25 (0,0)
1437.5 (0,0)
1437.75 (0,0)
1438 (0,0)
1438.25 (0,0)
1438.5 (0,0)
1438.75 (0,0)
1439 (0,0)
1439.25 (0,0)
1439.5 (0,0)
1439.75 (0,0)
1440 (0,0)
1440.25 (0,0)
1440.5 (0,0)
1440.75 (0,0)
1441 (0,0)
1441.25 (0,0)
1441.5 (0,0)
1441.75 (0,0)
1442 (0,0)
1442.25 (0,0)
1442.5 (0,0)
1442.75 (0,0)
1443 (0,0)
1443.25 (0,0)
1443.5 (0,0)
1443.75 (0,0)
1444 (0,0)
1444.25 (0,0)
1444.5 (0,0)
1444.75 (0,0)
1445 (0,0)
1445.25 (0,0)
1445.5 (0,0)
1445.75 (0,0)
1446 (0,0)
1446.25 (0,0)
1446.5 (0,0)
1446.75 (0,0)
1447 (0,0)
1447.25 (0,0)
1447.5 (0,0)
1447.75 (0,0)
1448 (0,0)
1448.25 (0,0)
1448.5 (0,0)
1448.75 (0,0)
1449 (0,0)
1449.25 (0,0)
1449.5 (0,0)
1449.75 (0,0)
1450 (0,0)
1450.25 (0,0)
1450.5 (0,0)
1450.75 (0,0)
1451 (0,0)
1451.25 (0,0)
1451.5 (0,0)
1451.75 (0,0)
1452 (0,0)
1452.25 (0,0)
1452.5 (0,0)
1452.75 (0,0)
1453 (0,0)
1453.25 (0,0)
1453.5 (0,0)
1453.75 (0,0)
1454 (0,0)
1454.25 (0,0)
1454.5 (0,0)
1454.75 (0,0)
1455 (0,0)
1455.25 (0,0)
1455.5 (0,0)
1455.75 (0,0)
1456 (0,0)
1456.25 (0,0)
1456.5 (0,0)
1456.75 (0,0)
1457 (0,0)
1457.25 (0,0)
1457.5 (0,0)
1457.75 (0,0)
1458 (0,0)
1458.25 (0,0)
1458.5 (0,0)
1458.75 (0,0)
1459 (0,0)
1459.25 (0,0)
1459.5 (0,0)
1459.75 (0,0)
1460 (0,0)
1460.25 (0,0)
1460.5 (0,0)
1460.75 (0,0)
1461 (0,0)
1461.25 (0,0)
1461.5 (0,0)
1461.75 (0,0)
1462 (0,0)
1462.25 (0,0)
1462.5 (0,0)
1462.75 (0,0)
1463 (0,0)
1463.25 (0,0)
1463.5 (0,0)
1463.75 (0,0)
1464 (0,0)
1464.25 (0,0)
1464.5 (0,0)
1464.75 (0,0)
1465 (0,0)
1465.25 (0,0)
1465.5 (0,0)
1465.75 (0,0)
1466 (0,0)
1466.25 (0,0)
1466.5 (0,0)
1466.75 (0,0)
1467 (0,0)
1467.25 (0,0)
1467.5 (0,0)
1467.75 (0,0)
1468 (0,0)
1468.25 (0,0)
1468.5 (0,0)
1468.75 (0,0)
1469 (0,0)
1469.25 (0,0)
1469.5 (0,0)
1469.75 (0,0)
1470 (0,0)
1470.25 (0,0)
1470.5 (0,0)
1470.75 (0,0)
1471 (0,0)
1471.25 (0,0)
1471.5 (0,0)
1471.75 (0,0)
1472 (0,0)
1472.25 (0,0)
1472.5 (0,0)
1472.75 (0,0)
1473 (0,0)
1473.25 (0,0)
1473.5 (0,0)
1473.75 (0,0)
1474 (0,0)
1474.25 (0,0)
1474.5 (0,0)
1474.75 (0,0)
1475 (0,0)
1475.25 (0,0)
1475.5 (0,0)
1475.75 (0,0)
1476 (0,0)
1476.25 (0,0)
1476.5 (0,0)
1476.75 (0,0)
1477 (0,0)
1477.25 (0,0)
1477.5 (0,0)
1477.75 (0,0)
1478 (0,0)
1478.25 (0,0)
1478.5 (0,0)
1478.75 (0,0)
1479 (0,0)
1479.25 (0,0)
1479.5 (0,0)
1479.75 (0,0)
1480 (0,0)
1480.25 (0,0)
1480.5 (0,0)
1480.75 (0,0)
1481 (0,0)
1481.25 (0,0)
1481.5 (0,0)
1481.75 (0,0)
1482 (0,0)
1482.25 (0,0)
1482.5 (0,0)
1482.75 (0,0)
1483 (0,0)
1483.25 (0,0)
1483.5 (0,0)
1483.75 (0,0)
1484 (0,0)
1484.25 (0,0)
1484.5 (0,0)
1484.75 (0,0)
1485 (0,0)
1485.25 (0,0)
1485.5 (0,0)
1485.75 (0,0)
1486 (0,0)
1486.25 (0,0)
1486.5 (0,0)
1486.75 (0,0)
1487 (0,0)
1487.25 (0,0)
1487.5 (0,0)
1487.75 (0,0)
1488 (0,0)
1488.25 (0,0)
1488.5 (0,0)
1488.75 (0,0)
1489 (0,0)
1489.25 (0,0)
1489.5 (0,0)
1489.75 (0,0)
1490 (0,0)
1490.25 (0,0)
1490.5 (0,0)
1490.75 (0,0)
1491 (0,0)
1491.25 (0,0)
1491.5 (0,0)
1491.75 (0,0)
1492 (0,0)
1492.25 (0,0)
1492.5 (0,0)
1492.75 (0,0)
1493 (0,0)
1493.25 (0,0)
1493.5 (0,0)
1493.75 (0,0)
1494 (0,0)
1494.25 (0,0)
1494.5 (0,0)
1494.75 (0,0)
1495 (0,0)
1495.25 (0,0)
1495.5 (0,0)
1495.75 (0,0)
1496 (0,0)
1496.25 (0,0)
1496.5 (0,0)
1496.75 (0,0)
1497 (0,0)
1497.25 (0,0)
1497.5 (0,0)
1497.75 (0,0)
1498 (0,0)
1498.25 (0,0)
1498.5 (0,0)
1498.75 (0,0)
1499 (0,0)
1499.25 (0,0)
1499.5 (0,0)
1499.75 (0,0)
1500 (0,0)
1500.25 (0,0)
1500.5 (0,0)
1500.75 (0,0)
1501 (0,0)
1501.25 (0,0)
1501.5 (0,0)
1501.75 (0,0)
1502 (0,0)
1502.25 (0,0)
1502.5 (0,0)
1502.75 (0,0)
1503 (0,0)
1503.25 (0,0)
1503.5 (0,0)
1503.75 (0,0)
1504 (0,0)
1504.25 (0,0)
1504.5 (0,0)
1504.75 (0,0)
1505 (0,0)
1505.25 (0,0)
1505.5 (0,0)
1505.75 (0,0)
1506 (0,0)
1506.25 (0,0)
1506.5 (0,0)
1506.75 (0,0)
1507 (0,0)
1507.25 (0,0)
1507.5 (0,0)
1507.75 (0,0)
1508 (0,0)
1508.25 (0,0)
1508.5 (0,0)
1508.75 (0,0)
1509 (0,0)
1509.25 (0,0)
1509.5 (0,0)
1509.75 (0,0)
1510 (0,0)
1510.25 (0,0)
1510.5 (0,0)
1510.75 (0,0)
1511 (0,0)
1511.25 (0,0)
1511.5 (0,0)
1511.75 (0,0)
1512 (0,0)
1512.25 (0,0)
1512.5 (0,0)
1512.75 (0,0)
1513 (0,0)
1513.25 (0,0)
1513.5 (0,0)
1513.75 (0,0)
1514 (0,0)
1514.25 (0,0)
1514.5 (0,0)
1514.75 (0,0)
1515 (0,0)
1515.25 (0,0)
1515.5 (0,0)
1515.75 (0,0)
1516 (0,0)
1516.25 (0,0)
1516.5 (0,0)
1516.75 (0,0)
1517 (0,0)
1517.25 (0,0)
1517.5 (0,0)
1517.75 (0,0)
1518 (0,0)
1518.25 (0,0)
1518.5 (0,0)
1518.75 (0,0)
1519 (0,0)
1519.25 (0,0)
1519.5 (0,0)
1519.75 (0,0)
1520 (0,0)
1520.25 (0,0)
1520.5 (0,0)
1520.75 (0,0)
1521 (0,0)
1521.25 (0,0)
1521.5 (0,0)
1521.75 (0,0)
1522 (0,0)
1522.25 (0,0)
1522.5 (0,0)
1522.75 (0,0)
1523 (0,0)
1523.25 (0,0)
1523.5 (0,0)
1523.75 (0,0)
1524 (0,0)
1524.25 (0,0)
1524.5 (0,0)
1524.75 (0,0)
1525 (0,0)
1525.25 (0,0)
1525.5 (0,0)
1525.75 (0,0)
1526 (0,0)
1526.25 (0,0)
1526.5 (0,0)
1526.75 (0,0)
1527 (0,0)
1527.25 (0,0)
1527.5 (0,0)
1527.75 (0,0)
1528 (0,0)
1528.25 (0,0)
1528.5 (0,0)
1528.75 (0,0)
1529 (0,0)
1529.25 (0,0)
1529.5 (0,0)
1529.75 (0,0)
1530 (0,0)
1530.25 (0,0)
1530.5 (0,0)
1530.75 (0,0)
1531 (0,0)
1531.25 (0,0)
1531.5 (0,0)
1531.75 (0,0)
1532 (0,0)
1532.25 (0,0)
1532.5 (0,0)
1532.75 (0,0)
1533 (0,0)
1533.25 (0,0)
1533.5 (0,0)
1533.75 (0,0)
1534 (0,0)
1534.25 (0,0)
1534.5 (0,0)
1534.75 (0,0)
1535 (0,0)
1535.25 (0,0)
1535.5 (0,0)
1535.75 (0,0)
1536 (0,0)
1536.25 (0,0)
1536.5 (0,0)
1536.75 (0,0)
1537 (0,0)
1537.25 (0,0)
1537.5 (0,0)
1537.75 (0,0)
1538 (0,0)
1538.25 (0,0)
1538.5 (0,0)
1538.75 (0,0)
1539 (0,0)
1539.25 (0,0)
1539.5 (0,0)
1539.75 (0,0)
1540 (0,0)
1540.25 (0,0)
1540.5 (0,0)
1540.75 (0,0)
1541 (0,0)
1541.25 (0,0)
1541.5 (0,0)
1541.75 (0,0)
1542 (0,0)
1542.25 (0,0)
1542.5 (0,0)
1542.75 (0,0)
1543 (0,0)
1543.25 (0,0)
1543.5 (0,0)
1543.75 (0,0)
1544 (0,0)
1544.25 (0,0)
1544.5 (0,0)
1544.75 (0,0)
1545 (0,0)
1545.25 (0,0)
1545.5 (0,0)
1545.75 (0,0)
1546 (0,0)
1546.25 (0,0)
1546.5 (0,0)
1546.75 (0,0)
1547 (0,0)
1547.25 (0,0)
1547.5 (0,0)
1547.75 (0,0)
1548 (0,0)
1548.25 (0,0)
1548.5 (0,0)
1548.75 (0,0)
1549 (0,0)
1549.25 (0,0)
1549.5 (0,0)
1549.75 (0,0)
1550 (0,0)
1550.25 (0,0)
1550.5 (0,0)
1550.75 (0,0)
1551 (0,0)
1551.25 (0,0)
1551.5 (0,0)
1551.75 (0,0)
1552 (0,0)
1552.25 (0,0)
1552.5 (0,0)
1552.75 (0,0)
1553 (0,0)
1553.25 (0,0)
1553.5 (0,0)
1553.75 (0,0)
1554 (0,0)
1554.25 (0,0)
1554.5 (0,0)
1554.75 (0,0)
1555 (0,0)
1555.25 (0,0)
1555.5 (0,0)
1555.75 (0,0)
1556 (0,0)
1556.25 (0,0)
1556.5 (0,0)
1556.75 (0,0)
1557 (0,0)
1557.25 (0,0)
1557.5 (0,0)
1557.75 (0,0)
1558 (0,0)
1558.25 (0,0)
1558.5 (0,0)
1558.75 (0,0)
1559 (0,0)
1559.25 (0,0)
1559.5 (0,0)
1559.75 (0,0)
1560 (0,0)
1560.25 (0,0)
1560.5 (0,0)
1560.75 (0,0)
1561 (0,0)
1561.25 (0,0)
1561.5 (0,0)
1561.75 (0,0)
1562 (0,0)
1562.25 (0,0)
1562.5 (0,0)
1562.75 (0,0)
1563 (0,0)
1563.25 (0,0)
1563.5 (0,0)
1563.75 (0,0)
1564 (0,0)
1564.25 (0,0)
1564.5 (0,0)
1564.75 (0,0)
1565 (0,0)
1565.25 (0,0)
1565.5 (0,0)
1565.75 (0,0)
1566 (0,0)
1566.25 (0,0)
1566.5 (0,0)
1566.75 (0,0)
1567 (0,0)
1567.25 (0,0)
1567.5 (0,0)
1567.75 (0,0)
1568 (0,0)
1568.25 (0,0)
1568.5 (0,0)
1568.75 (0,0)
1569 (0,0)
1569.25 (0,0)
1569.5 (0,0)
1569.75 (0,0)
1570 (0,0)
1570.25 (0,0)
1570.5 (0,0)
1570.75 (0,0)
1571 (0,0)
1571.25 (0,0)
1571.5 (0,0)
1571.75 (0,0)
1572 (0,0)
1572.25 (0,0)
1572.5 (0,0)
1572.75 (0,0)
1573 (0,0)
1573.25 (0,0)
1573.5 (0,0)
1573.75 (0,0)
1574 (0,0)
1574.25 (0,0)
1574.5 (0,0)
1574.75 (0,0)
1575 (0,0)
1575.25 (0,0)
1575.5 (0,0)
1575.75 (0,0)
1576 (0,0)
1576.25 (0,0)
1576.5 (0,0)
1576.75 (0,0)
1577 (0,0)
1577.25 (0,0)
1577.5 (0,0)
1577.75 (0,0)
1578 (0,0)
1578.25 (0,0)
1578.5 (0,0)
1578.75 (0,0)
1579 (0,0)
1579.25 (0,0)
1579.5 (0,0)
1579.75 (0,0)
1580 (0,0)
1580.25 (0,0)
1580.5 (0,0)
1580.75 (0,0)
1581 (0,0)
1581.25 (0,0)
1581.5 (0,0)
1581.75 (0,0)
1582 (0,0)
1582.25 (0,0)
1582.5 (0,0)
1582.75 (0,0)
1583 (0,0)
1583.25 (0,0)
1583.5 (0,0)
1583.75 (0,0)
1584 (0,0)
1584.25 (0,0)
1584.5 (0,0)
1584.75 (0,0)
1585 (0,0)
1585.25 (0,0)
1585.5 (0,0)
1585.75 (0,0)
1586 (0,0)
1586.25 (0,0)
1586.5 (0,0)
1586.75 (0,0)
1587 (0,0)
1587.25 (0,0)
1587.5 (0,0)
1587.75 (0,0)
1588 (0,0)
1588.25 (0,0)
1588.5 (0,0)
1588.75 (0,0)
1589 (0,0)
1589.25 (0,0)
1589.5 (0,0)
1589.75 (0,0)
1590 (0,0)
1590.25 (0,0)
1590.5 (0,0)
1590.75 (0,0)
1591 (0,0)
1591.25 (0,0)
1591.5 (0,0)
1591.75 (0,0)
1592 (0,0)
1592.25 (0,0)
1592.5 (0,0)
1592.75 (0,0)
1593 (0,0)
1593.25 (0,0)
1593.5 (0,0)
1593.75 (0,0)
1594 (0,0)
1594.25 (0,0)
1594.5 (0,0)
1594.75 (0,0)
1595 (0,0)
1595.25 (0,0)
1595.5 (0,0)
1595.75 (0,0)
1596 (0,0)
1596.25 (0,0)
1596.5 (0,0)
1596.75 (0,0)
1597 (0,0)
1597.25 (0,0)
1597.5 (0,0)
1597.75 (0,0)
1598 (0,0)
1598.25 (0,0)
1598.5 (0,0)
1598.75 (0,0)
1599 (0,0)
1599.25 (0,0)
1599.5 (0,0)
1599.75 (0,0)
1600 (0,0)
1600.25 (0,0)
1600.5 (0,0)
1600.75 (0,0)
1601 (0,0)
1601.25 (0,0)
1601.5 (0,0)
1601.75 (0,0)
1602 (0,0)
1602.25 (0,0)
1602.5 (0,0)
1602.75 (0,0)
1603 (0,0)
1603.25 (0,0)
1603.5 (0,0)
1603.75 (0,0)
1604 (0,0)
1604.25 (0,0)
1604.5 (0,0)
1604.75 (0,0)
1605 (0,0)
1605.25 (0,0)
1605.5 (0,0)
1605.75 (0,0)
1606 (0,0)
1606.25 (0,0)
1606.5 (0,0)
1606.75 (0,0)
1607 (0,0)
1607.25 (0,0)
1607.5 (0,0)
1607.75 (0,0)
1608 (0,0)
1608.25 (0,0)
1608.5 (0,0)
1608.75 (0,0)
1609 (0,0)
1609.25 (0,0)
1609.5 (0,0)
1609.75 (0,0)
1610 (0,0)
1610.25 (0,0)
1610.5 (0,0)
1610.75 (0,0)
1611 (0,0)
1611.25 (0,0)
1611.5 (0,0)
1611.75 (0,0)
1612 (0,0)
1612.25 (0,0)
1612.5 (0,0)
1612.75 (0,0)
1613 (0,0)
1613.25 (0,0)
1613.5 (0,0)
1613.75 (0,0)
1614 (0,0)
1614.25 (0,0)
1614.5 (0,0)
1614.75 (0,0)
1615 (0,0)
1615.25 (0,0)
1615.5 (0,0)
1615.75 (0,0)
1616 (0,0)
1616.25 (0,0)
1616.5 (0,0)
1616.75 (0,0)
1617 (0,0)
1617.25 (0,0)
1617.5 (0,0)
1617.75 (0,0)
1618 (0,0)
1618.25 (0,0)
1618.5 (0,0)
1618.75 (0,0)
1619 (0,0)
1619.25 (0,0)
1619.5 (0,0)
1619.75 (0,0)
1620 (0,0)
1620.25 (0,0)
1620.5 (0,0)
1620.75 (0,0)
1621 (0,0)
1621.25 (0,0)
1621.5 (0,0)
1621.75 (0,0)
1622 (0,0)
1622.25 (0,0)
1622.5 (0,0)
1622.75 (0,0)
1623 (0,0)
1623.25 (0,0)
1623.5 (0,0)
1623.75 (0,0)
1624 (0,0)
1624.25 (0,0)
1624.5 (0,0)
1624.75 (0,0)
1625 (0,0)
1625.25 (0,0)
1625.5 (0,0)
1625.75 (0,0)
1626 (0,0)
1626.25 (0,0)
1626.5 (0,0)
1626.75 (0,0)
1627 (0,0)
1627.25 (0,0)
1627.5 (0,0)
1627.75 (0,0)
1628 (0,0)
1628.25 (0,0)
1628.5 (0,0)
1628.75 (0,0)
1629 (0,0)
1629.25 (0,0)
1629.5 (0,0)
1629.75 (0,0)
1630 (0,0)
1630.25 (0,0)
1630.5 (0,0)
1630.75 (0,0)
1631 (0,0)
1631.25 (0,0)
1631.5 (0,0)
1631.75 (0,0)
1632 (0,0)
1632.25 (0,0)
1632.5 (0,0)
1632.75 (0,0)
1633 (0,0)
1633.25 (0,0)
1633.5 (0,0)
1633.75 (0,0)
1634 (0,0)
1634.25 (0,0)
1634.5 (0,0)
1634.75 (0,0)
1635 (0,0)
1635.25 (0,0)
1635.5 (0,0)
1635.75 (0,0)
1636 (0,0)
1636.25 (0,0)
1636.5 (0,0)
1636.75 (0,0)
1637 (0,0)
1637.25 (0,0)
1637.5 (0,0)
1637.75 (0,0)
1638 (0,0)
1638.25 (0,0)
1638.5 (0,0)
1638.75 (0,0)
1639 (0,0)
1639.25 (0,0)
1639.5 (0,0)
1639.75 (0,0)
1640 (0,0)
1640.25 (0,0)
1640.5 (0,0)
1640.75 (0,0)
1641 (0,0)
1641.25 (0,0)
1641.5 (0,0)
1641.75 (0,0)
1642 (0,0)
1642.25 (0,0)
1642.5 (0,0)
1642.75 (0,0)
1643 (0,0)
1643.25 (0,0)
1643.5 (0,0)
1643.75 (0,0)
1644 (0,0)
1644.25 (0,0)
1644.5 (0,0)
1644.75 (0,0)
1645 (0,0)
1645.25 (0,0)
1645.5 (0,0)
1645.75 (0,0)
1646 (0,0)
1646.25 (0,0)
1646.5 (0,0)
1646.75 (0,0)
1647 (0,0)
1647.25 (0,0)
1647.5 (0,0)
1647.75 (0,0)
1648 (0,0)
1648.25 (0,0)
1648.5 (0,0)
1648.75 (0,0)
1649 (0,0)
1649.25 (0,0)
1649.5 (0,0)
1649.75 (0,0)
1650 (0,0)
1650.25 (0,0)
1650.5 (0,0)
1650.75 (0,0)
1651 (0,0)
1651.25 (0,0)
1651.5 (0,0)
1651.75 (0,0)
1652 (0,0)
1652.25 (0,0)
1652.5 (0,0)
1652.75 (0,0)
1653 (0,0)
1653.25 (0,0)
1653.5 (0,0)
1653.75 (0,0)
1654 (0,0)
1654.25 (0,0)
1654.5 (0,0)
1654.75 (0,0)
1655 (0,0)
1655.25 (0,0)
1655.5 (0,0)
1655.75 (0,0)
1656 (0,0)
1656.25 (0,0)
1656.5 (0,0)
1656.75 (0,0)
1657 (0,0)
1657.25 (0,0)
1657.5 (0,0)
1657.75 (0,0)
1658 (0,0)
1658.25 (0,0)
1658.5 (0,0)
1658.75 (0,0)
1659 (0,0)
1659.25 (0,0)
1659.5 (0,0)
1659.75 (0,0)
1660 (0,0)
1660.25 (0,0)
1660.5 (0,0)
1660.75 (0,0)
1661 (0,0)
1661.25 (0,0)
1661.5 (0,0)
1661.75 (0,0)
1662 (0,0)
1662.25 (0,0)
1662.5 (0,0)
1662.75 (0,0)
1663 (0,0)
1663.25 (0,0)
1663.5 (0,0)
1663.75 (0,0)
1664 (0,0)
1664.25 (0,0)
1664.5 (0,0)
1664.75 (0,0)
1665 (0,0)
1665.25 (0,0)
1665.5 (0,0)
1665.75 (0,0)
1666 (0,0)
1666.25 (0,0)
1666.5 (0,0)
1666.75 (0,0)
1667 (0,0)
1667.25 (0,0)
1667.5 (0,0)
1667.75 (0,0)
1668 (0,0)
1668.25 (0,0)
1668.5 (0,0)
1668.75 (0,0)
1669 (0,0)
1669.25 (0,0)
1669.5 (0,0)
1669.75 (0,0)
1670 (0,0)
1670.25 (0,0)
1670.5 (0,0)
1670.75 (0,0)
1671 (0,0)
1671.25 (0,0)
1671.5 (0,0)
1671.75 (0,0)
1672 (0,0)
1672.25 (0,0)
1672.5 (0,0)
1672.75 (0,0)
1673 (0,0)
1673.25 (0,0)
1673.5 (0,0)
1673.75 (0,0)
1674 (0,0)
1674.25 (0,0)
1674.5 (0,0)
1674.75 (0,0)
1675 (0,0)
1675.25 (0,0)
1675.5 (0,0)
1675.75 (0,0)
1676 (0,0)
1676.25 (0,0)
1676.5 (0,0)
1676.75 (0,0)
1677 (0,0)
1677.25 (0,0)
1677.5 (0,0)
1677.75 (0,0)
1678 (0,0)
1678.25 (0,0)
1678.5 (0,0)
1678.75 (0,0)
1679 (0,0)
1679.25 (0,0)
1679.5 (0,0)
1679.75 (0,0)
1680 (0,0)
1680.25 (0,0)
1680.5 (0,0)
1680.75 (0,0)
1681 (0,0)
1681.25 (0,0)
1681.5 (0,0)
1681.75 (0,0)
1682 (0,0)
1682.25 (0,0)
1682.5 (0,0)
1682.75 (0,0)
1683 (0,0)
1683.25 (0,0)
1683.5 (0,0)
1683.75 (0,0)
1684 (0,0)
1684.25 (0,0)
1684.5 (0,0)
1684.75 (0,0)
1685 (0,0)
1685.25 (0,0)
1685.5 (0,0)
1685.75 (0,0)
1686 (0,0)
1686.25 (0,0)
1686.5 (0,0)
1686.75 (0,0)
1687 (0,0)
1687.25 (0,0)
1687.5 (0,0)
1687.75 (0,0)
1688 (0,0)
1688.25 (0,0)
1688.5 (0,0)
1688.75 (0,0)
1689 (0,0)
1689.25 (0,0)
1689.5 (0,0)
1689.75 (0,0)
1690 (0,0)
1690.25 (0,0)
1690.5 (0,0)
1690.75 (0,0)
1691 (0,0)
1691.25 (0,0)
1691.5 (0,0)
1691.75 (0,0)
1692 (0,0)
1692.25 (0,0)
1692.5 (0,0)
1692.75 (0,0)
1693 (0,0)
1693.25 (0,0)
1693.5 (0,0)
1693.75 (0,0)
1694 (0,0)
1694.25 (0,0)
1694.5 (0,0)
1694.75 (0,0)
1695 (0,0)
1695.25 (0,0)
1695.5 (0,0)
1695.75 (0,0)
1696 (0,0)
1696.25 (0,0)
1696.5 (0,0)
1696.75 (0,0)
1697 (0,0)
1697.25 (0,0)
1697.5 (0,0)
1697.75 (0,0)
1698 (0,0)
1698.25 (0,0)
1698.5 (0,0)
1698.75 (0,0)
1699 (0,0)
1699.25 (0,0)
1699.5 (0,0)
1699.75 (0,0)
1700 (0,0)
1700.25 (0,0)
1700.5 (0,0)
1700.75 (0,0)
1701 (0,0)
1701.25 (0,0)
1701.5 (0,0)
1701.75 (0,0)
1702 (0,0)
1702.25 (0,0)
1702.5 (0,0)
1702.75 (0,0)
1703 (0,0)
1703.25 (0,0)
1703.5 (0,0)
1703.75 (0,0)
1704 (0,0)
1704.25 (0,0)
1704.5 (0,0)
1704.75 (0,0)
1705 (0,0)
1705.25 (0,0)
1705.5 (0,0)
1705.75 (0,0)
1706 (0,0)
1706.25 (0,0)
1706.5 (0,0)
1706.75 (0,0)
1707 (0,0)
1707.25 (0,0)
1707.5 (0,0)
1707.75 (0,0)
1708 (0,0)
1708.25 (0,0)
1708.5 (0,0)
1708.75 (0,0)
1709 (0,0)
1709.25 (0,0)
1709.5 (0,0)
1709.75 (0,0)
1710 (0,0)
1710.25 (0,0)
1710.5 (0,0)
1710.75 (0,0)
1711 (0,0)
1711.25 (0,0)
1711.5 (0,0)
1711.75 (0,0)
1712 (0,0)
1712.25 (0,0)
1712.5 (0,0)
1712.75 (0,0)
1713 (0,0)
1713.25 (0,0)
1713.5 (0,0)
1713.75 (0,0)
1714 (0,0)
1714.25 (0,0)
1714.5 (0,0)
1714.75 (0,0)
1715 (0,0)
1715.25 (0,0)
1715.5 (0,0)
1715.75 (0,0)
1716 (0,0)
1716.25 (0,0)
1716.5 (0,0)
1716.75 (0,0)
1717 (0,0)
1717.25 (0,0)
1717.5 (0,0)
1717.75 (0,0)
1718 (0,0)
1718.25 (0,0)
1718.5 (0,0)
1718.75 (0,0)
1719 (0,0)
1719.25 (0,0)
1719.5 (0,0)
1719.75 (0,0)
1720 (0,0)
1720.25 (0,0)
1720.5 (0,0)
1720.75 (0,0)
1721 (0,0)
1721.25 (0,0)
1721.5 (0,0)
1721.75 (0,0)
1722 (0,0)
1722.25 (0,0)
1722.5 (0,0)
1722.75 (0,0)
1723 (0,0)
1723.25 (0,0)
1723.5 (0,0)
1723.75 (0,0)
1724 (0,0)
1724.25 (0,0)
1724.5 (0,0)
1724.75 (0,0)
1725 (0,0)
1725.25 (0,0)
1725.5 (0,0)
1725.75 (0,0)
1726 (0,0)
1726.25 (0,0)
1726.5 (0,0)
1726.75 (0,0)
1727 (0,0)
1727.25 (0,0)
1727.5 (0,0)
1727.75 (0,0)
1728 (0,0)
1728.25 (0,0)
1728.5 (0,0)
1728.75 (0,0)
1729 (0,0)
1729.25 (0,0)
1729.5 (0,0)
1729.75 (0,0)
1730 (0,0)
1730.25 (0,0)
1730.5 (0,0)
1730.75 (0,0)
1731 (0,0)
1731.25 (0,0)
1731.5 (0,0)
1731.75 (0,0)
1732 (0,0)
1732.25 (0,0)
1732.5 (0,0)
1732.75 (0,0)
1733 (0,0)
1733.25 (0,0)
1733.5 (0,0)
1733.75 (0,0)
1734 (0,0)
1734.25 (0,0)
1734.5 (0,0)
1734.75 (0,0)
1735 (0,0)
1735.25 (0,0)
1735.5 (0,0)
1735.75 (0,0)
1736 (0,0)
1736.25 (0,0)
1736.5 (0,0)
1736.75 (0,0)
1737 (0,0)
1737.25 (0,0)
1737.5 (0,0)
1737.75 (0,0)
1738 (0,0)
1738.25 (0,0)
1738.5 (0,0)
1738.75 (0,0)
1739 (0,0)
1739.25 (0,0)
1739.5 (0,0)
1739.75 (0,0)
1740 (0,0)
1740.25 (0,0)
1740.5 (0,0)
1740.75 (0,0)
1741 (0,0)
1741.25 (0,0)
1741.5 (0,0)
1741.75 (0,0)
1742 (0,0)
1742.25 (0,0)
1742.5 (0,0)
1742.75 (0,0)
1743 (0,0)
1743.25 (0,0)
1743.5 (0,0)
1743.75 (0,0)
1744 (0,0)
1744.25 (0,0)
1744.5 (0,0)
1744.75 (0,0)
1745 (0,0)
1745.25 (0,0)
1745.5 (0,0)
1745.75 (0,0)
1746 (0,0)
1746.25 (0,0)
1746.5 (0,0)
1746.75 (0,0)
1747 (0,0)
1747.25 (0,0)
1747.5 (0,0)
1747.75 (0,0)
1748 (0,0)
1748.25 (0,0)
1748.5 (0,0)
1748.75 (0,0)
1749 (0,0)
1749.25 (0,0)
1749.5 (0,0)
1749.75 (0,0)
1750 (0,0)
1750.25 (0,0)
1750.5 (0,0)
1750.75 (0,0)
1751 (0,0)
1751.25 (0,0)
1751.5 (0,0)
1751.75 (0,0)
1752 (0,0)
1752.25 (0,0)
1752.5 (0,0)
1752.75 (0,0)
1753 (0,0)
1753.25 (0,0)
1753.5 (0,0)
1753.75 (0,0)
1754 (0,0)
1754.25 (0,0)
1754.5 (0,0)
1754.75 (0,0)
1755 (0,0)
1755.25 (0,0)
1755.5 (0,0)
1755.75 (0,0)
1756 (0,0)
1756.25 (0,0)
1756.5 (0,0)
1756.75 (0,0)
1757 (0,0)
1757.25 (0,0)
1757.5 (0,0)
1757.75 (0,0)
1758 (0,0)
1758.25 (0,0)
1758.5 (0,0)
1758.75 (0,0)
1759 (0,0)
1759.25 (0,0)
1759.5 (0,0)
1759.75 (0,0)
1760 (0,0)
1760.25 (0,0)
1760.5 (0,0)
1760.75 (0,0)
1761 (0,0)
1761.25 (0,0)
1761.5 (0,0)
1761.75 (0,0)
1762 (0,0)
1762.25 (0,0)
1762.5 (0,0)
1762.75 (0,0)
1763 (0,0)
1763.25 (0,0)
1763.5 (0,0)
1763.75 (0,0)
1764 (0,0)
1764.25 (0,0)
1764.5 (0,0)
1764.75 (0,0)
1765 (0,0)
1765.25 (0,0)
1765.5 (0,0)
1765.75 (0,0)
1766 (0,0)
1766.25 (0,0)
1766.5 (0,0)
1766.75 (0,0)
1767 (0,0)
1767.25 (0,0)
1767.5 (0,0)
1767.75 (0,0)
1768 (0,0)
1768.25 (0,0)
1768.5 (0,0)
1768.75 (0,0)
1769 (0,0)
1769.25 (0,0)
1769.5 (0,0)
1769.75 (0,0)
1770 (0,0)
1770.25 (0,0)
1770.5 (0,0)
1770.75 (0,0)
1771 (0,0)
1771.25 (0,0)
1771.5 (0,0)
1771.75 (0,0)
1772 (0,0)
1772.25 (0,0)
1772.5 (0,0)
1772.75 (0,0)
1773 (0,0)
1773.25 (0,0)
1773.5 (0,0)
1773.75 (0,0)
1774 (0,0)
1774.25 (0,0)
1774.5 (0,0)
1774.75 (0,0)
1775 (0,0)
1775.25 (0,0)
1775.5 (0,0)
1775.75 (0,0)
1776 (0,0)
1776.25 (0,0)
1776.5 (0,0)
1776.75 (0,0)
1777 (0,0)
1777.25 (0,0)
1777.5 (0,0)
1777.75 (0,0)
1778 (0,0)
1778.25 (0,0)
1778.5 (0,0)
1778.75 (0,0)
1779 (0,0)
1779.25 (0,0)
1779.5 (0,0)
1779.75 (0,0)
1780 (0,0)
1780.25 (0,0)
1780.5 (0,0)
1780.75 (0,0)
1781 (0,0)
1781.25 (0,0)
1781.5 (0,0)
1781.75 (0,0)
1782 (0,0)
1782.25 (0,0)
1782.5 (0,0)
1782.75 (0,0)
1783 (0,0)
1783.25 (0,0)
1783.5 (0,0)
1783.75 (0,0)
1784 (0,0)
1784.25 (0,0)
1784.5 (0,0)
1784.75 (0,0)
1785 (0,0)
1785.25 (0,0)
1785.5 (0,0)
1785.75 (0,0)
1786 (0,0)
1786.25 (0,0)
1786.5 (0,0)
1786.75 (0,0)
1787 (0,0)
1787.25 (0,0)
1787.5 (0,0)
1787.75 (0,0)
1788 (0,0)
1788.25 (0,0)
1788.5 (0,0)
1788.75 (0,0)
1789 (0,0)
1789.25 (0,0)
1789.5 (0,0)
1789.75 (0,0)
1790 (0,0)
1790.25 (0,0)
1790.5 (0,0)
1790.75 (0,0)
1791 (0,0)
1791.25 (0,0)
1791.5 (0,0)
1791.75 (0,0)
1792 (0,0)
1792.25 (0,0)
1792.5 (0,0)
1792.75 (0,0)
1793 (0,0)
1793.25 (0,0)
1793.5 (0,0)
1793.75 (0,0)
1794 (0,0)
1794.25 (0,0)
1794.5 (0,0)
1794.75 (0,0)
1795 (0,0)
1795.25 (0,0)
1795.5 (0,0)
1795.75 (0,0)
1796 (0,0)
1796.25 (0,0)
1796.5 (0,0)
1796.75 (0,0)
1797 (0,0)
1797.25 (0,0)
1797.5 (0,0)
1797.75 (0,0)
1798 (0,0)
1798.25 (0,0)
1798.5 (0,0)
1798.75 (0,0)
1799 (0,0)
1799.25 (0,0)
1799.5 (0,0)
1799.75 (0,0)
1800 (0,0)
1800.25 (0,0)
1800.5 (0,0)
1800.75 (0,0)
1801 (0,0)
1801.25 (0,0)
1801.5 (0,0)
1801.75 (0,0)
1802 (0,0)
1802.25 (0,0)
1802.5 (0,0)
1802.75 (0,0)
1803 (0,0)
1803.25 (0,0)
1803.5 (0,0)
1803.75 (0,0)
1804 (0,0)
1804.25 (0,0)
1804.5 (0,0)
1804.75 (0,0)
1805 (0,0)
1805.25 (0,0)
1805.5 (0,0)
1805.75 (0,0)
1806 (0,0)
1806.25 (0,0)
1806.5 (0,0)
1806.75 (0,0)
1807 (0,0)
1807.25 (0,0)
1807.5 (0,0)
1807.75 (0,0)
1808 (0,0)
1808.25 (0,0)
1808.5 (0,0)
1808.75 (0,0)
1809 (0,0)
1809.25 (0,0)
1809.5 (0,0)
1809.75 (0,0)
1810 (0,0)
1810.25 (0,0)
1810.5 (0,0)
1810.75 (0,0)
1811 (0,0)
1811.25 (0,0)
1811.5 (0,0)
1811.75 (0,0)
1812 (0,0)
1812.25 (0,0)
1812.5 (0,0)
1812.75 (0,0)
1813 (0,0)
1813.25 (0,0)
1813.5 (0,0)
1813.75 (0,0)
1814 (0,0)
1814.25 (0,0)
1814.5 (0,0)
1814.75 (0,0)
1815 (0,0)
1815.25 (0,0)
1815.5 (0,0)
1815.75 (0,0)
1816 (0,0)
1816.25 (0,0)
1816.5 (0,0)
1816.75 (0,0)
1817 (0,0)
1817.25 (0,0)
1817.5 (0,0)
1817.75 (0,0)
1818 (0,0)
1818.25 (0,0)
1818.5 (0,0)
1818.75 (0,0)
1819 (0,0)
1819.25 (0,0)
1819.5 (0,0)
1819.75 (0,0)
1820 (0,0)
1820.25 (0,0)
1820.5 (0,0)
1820.75 (0,0)
1821 (0,0)
1821.25 (0,0)
1821.5 (0,0)
1821.75 (0,0)
1822 (0,0)
1822.25 (0,0)
1822.5 (0,0)
1822.75 (0,0)
1823 (0,0)
1823.25 (0,0)
1823.5 (0,0)
1823.75 (0,0)
1824 (0,0)
1824.25 (0,0)
1824.5 (0,0)
1824.75 (0,0)
1825 (0,0)
1825.25 (0,0)
1825.5 (0,0)
1825.75 (0,0)
1826 (0,0)
1826.25 (0,0)
1826.5 (0,0)
1826.75 (0,0)
1827 (0,0)
1827.25 (0,0)
1827.5 (0,0)
1827.75 (0,0)
1828 (0,0)
1828.25 (0,0)
1828.5 (0,0)
1828.75 (0,0)
1829 (0,0)
1829.25 (0,0)
1829.5 (0,0)
1829.75 (0,0)
1830 (0,0)
1830.25 (0,0)
1830.5 (0,0)
1830.75 (0,0)
1831 (0,0)
1831.25 (0,0)
1831.5 (0,0)
1831.75 (0,0)
1832 (0,0)
1832.25 (0,0)
1832.5 (0,0)
1832.75 (0,0)
1833 (0,0)
1833.25 (0,0)
1833.5 (0,0)
1833.75 (0,0)
1834 (0,0)
1834.25 (0,0)
1834.5 (0,0)
1834.75 (0,0)
1835 (0,0)
1835.25 (0,0)
1835.5 (0,0)
1835.75 (0,0)
1836 (0,0)
1836.25 (0,0)
1836.5 (0,0)
1836.75 (0,0)
1837 (0,0)
1837.25 (0,0)
1837.5 (0,0)
1837.75 (0,0)
1838 (0,0)
1838.25 (0,0)
1838.5 (0,0)
1838.75 (0,0)
1839 (0,0)
1839.25 (0,0)
1839.5 (0,0)
1839.75 (0,0)
1840 (0,0)
1840.25 (0,0)
1840.5 (0,0)
1840.75 (0,0)
1841 (0,0)
1841.25 (0,0)
1841.5 (0,0)
1841.75 (0,0)
1842 (0,0)
1842.25 (0,0)
1842.5 (0,0)
1842.75 (0,0)
1843 (0,0)
1843.25 (0,0)
1843.5 (0,0)
1843.75 (0,0)
1844 (0,0)
1844.25 (0,0)
1844.5 (0,0)
1844.75 (0,0)
1845 (0,0)
1845.25 (0,0)
1845.5 (0,0)
1845.75 (0,0)
1846 (0,0)
1846.25 (0,0)
1846.5 (0,0)
1846.75 (0,0)
1847 (0,0)
1847.25 (0,0)
1847.5 (0,0)
1847.75 (0,0)
1848 (0,0)
1848.25 (0,0)
1848.5 (0,0)
1848.75 (0,0)
1849 (0,0)
1849.25 (0,0)
1849.5 (0,0)
1849.75 (0,0)
1850 (0,0)
1850.25 (0,0)
1850.5 (0,0)
1850.75 (0,0)
1851 (0,0)
1851.25 (0,0)
1851.5 (0,0)
1851.75 (0,0)
1852 (0,0)
1852.25 (0,0)
1852.5 (0,0)
1852.75 (0,0)
1853 (0,0)
1853.25 (0,0)
1853.5 (0,0)
1853.75 (0,0)
1854 (0,0)
1854.25 (0,0)
1854.5 (0,0)
1854.75 (0,0)
1855 (0,0)
1855.25 (0,0)
1855.5 (0,0)
1855.75 (0,0)
1856 (0,0)
1856.25 (0,0)
1856.5 (0,0)
1856.75 (0,0)
1857 (0,0)
1857.25 (0,0)
1857.5 (0,0)
1857.75 (0,0)
1858 (0,0)
1858.25 (0,0)
1858.5 (0,0)
1858.75 (0,0)
1859 (0,0)
1859.25 (0,0)
1859.5 (0,0)
1859.75 (0,0)
1860 (0,0)
1860.25 (0,0)
1860.5 (0,0)
1860.75 (0,0)
1861 (0,0)
1861.25 (0,0)
1861.5 (0,0)
1861.75 (0,0)
1862 (0,0)
1862.25 (0,0)
1862.5 (0,0)
1862.75 (0,0)
1863 (0,0)
1863.25 (0,0)
1863.5 (0,0)
1863.75 (0,0)
1864 (0,0)
1864.25 (0,0)
1864.5 (0,0)
1864.75 (0,0)
1865 (0,0)
1865.25 (0,0)
1865.5 (0,0)
1865.75 (0,0)
1866 (0,0)
1866.25 (0,0)
1866.5 (0,0)
1866.75 (0,0)
1867 (0,0)
1867.25 (0,0)
1867.5 (0,0)
1867.75 (0,0)
1868 (0,0)
1868.25 (0,0)
1868.5 (0,0)
1868.75 (0,0)
1869 (0,0)
1869.25 (0,0)
1869.5 (0,0)
1869.75 (0,0)
1870 (0,0)
1870.25 (0,0)
1870.5 (0,0)
1870.75 (0,0)
1871 (0,0)
1871.25 (0,0)
1871.5 (0,0)
1871.75 (0,0)
1872 (0,0)
1872.25 (0,0)
1872.5 (0,0)
1872.75 (0,0)
1873 (0,0)
1873.25 (0,0)
1873.5 (0,0)
1873.75 (0,0)
1874 (0,0)
1874.25 (0,0)
1874.5 (0,0)
1874.75 (0,0)
1875 (0,0)
1875.25 (0,0)
1875.5 (0,0)
1875.75 (0,0)
1876 (0,0)
1876.25 (0,0)
1876.5 (0,0)
1876.75 (0,0)
1877 (0,0)
1877.25 (0,0)
1877.5 (0,0)
1877.75 (0,0)
1878 (0,0)
1878.25 (0,0)
1878.5 (0,0)
1878.75 (0,0)
1879 (0,0)
1879.25 (0,0)
1879.5 (0,0)
1879.75 (0,0)
1880 (0,0)
1880.25 (0,0)
1880.5 (0,0)
1880.75 (0,0)
1881 (0,0)
1881.25 (0,0)
1881.5 (0,0)
1881.75 (0,0)
1882 (0,0)
1882.25 (0,0)
1882.5 (0,0)
1882.75 (0,0)
1883 (0,0)
1883.25 (0,0)
1883.5 (0,0)
1883.75 (0,0)
1884 (0,0)
1884.25 (0,0)
1884.5 (0,0)
1884.75 (0,0)
1885 (0,0)
1885.25 (0,0)
1885.5 (0,0)
1885.75 (0,0)
1886 (0,0)
1886.25 (0,0)
1886.5 (0,0)
1886.75 (0,0)
1887 (0,0)
1887.25 (0,0)
1887.5 (0,0)
1887.75 (0,0)
1888 (0,0)
1888.25 (0,0)
1888.5 (0,0)
1888.75 (0,0)
1889 (0,0)
1889.25 (0,0)
1889.5 (0,0)
1889.75 (0,0)
1890 (0,0)
1890.25 (0,0)
1890.5 (0,0)
1890.75 (0,0)
1891 (0,0)
1891.25 (0,0)
1891.5 (0,0)
1891.75 (0,0)
1892 (0,0)
1892.25 (0,0)
1892.5 (0,0)
1892.75 (0,0)
1893 (0,0)
1893.25 (0,0)
1893.5 (0,0)
1893.75 (0,0)
1894 (0,0)
1894.25 (0,0)
1894.5 (0,0)
1894.75 (0,0)
1895 (0,0)
1895.25 (0,0)
1895.5 (0,0)
1895.75 (0,0)
1896 (0,0)
1896.25 (0,0)
1896.5 (0,0)
1896.75 (0,0)
1897 (0,0)
1897.25 (0,0)
1897.5 (0,0)
1897.75 (0,0)
1898 (0,0)
1898.25 (0,0)
1898.5 (0,0)
1898.75 (0,0)
1899 (0,0)
1899.25 (0,0)
1899.5 (0,0)
1899.75 (0,0)
1900 (0,0)
1900.25 (0,0)
1900.5 (0,0)
1900.75 (0,0)
1901 (0,0)
1901.25 (0,0)
1901.5 (0,0)
1901.75 (0,0)
1902 (0,0)
1902.25 (0,0)
1902.5 (0,0)
1902.75 (0,0)
1903 (0,0)
1903.25 (0,0)
1903.5 (0,0)
1903.75 (0,0)
1904 (0,0)
1904.25 (0,0)
1904.5 (0,0)
1904.75 (0,0)
1905 (0,0)
1905.25 (0,0)
1905.5 (0,0)
1905.75 (0,0)
1906 (0,0)
1906.25 (0,0)
1906.5 (0,0)
1906.75 (0,0)
1907 (0,0)
1907.25 (0,0)
1907.5 (0,0)
1907.75 (0,0)
1908 (0,0)
1908.25 (0,0)
1908.5 (0,0)
1908.75 (0,0)
1909 (0,0)
1909.25 (0,0)
1909.5 (0,0)
1909.75 (0,0)
1910 (0,0)
1910.25 (0,0)
1910.5 (0,0)
1910.75 (0,0)
1911 (0,0)
1911.25 (0,0)
1911.5 (0,0)
1911.75 (0,0)
1912 (0,0)
1912.25 (0,0)
1912.5 (0,0)
1912.75 (0,0)
1913 (0,0)
1913.25 (0,0)
1913.5 (0,0)
1913.75 (0,0)
1914 (0,0)
1914.25 (0,0)
1914.5 (0,0)
1914.75 (0,0)
1915 (0,0)
1915.25 (0,0)
1915.5 (0,0)
1915.75 (0,0)
1916 (0,0)
1916.25 (0,0)
1916.5 (0,0)
1916.75 (0,0)
1917 (0,0)
1917.25 (0,0)
1917.5 (0,0)
1917.75 (0,0)
1918 (0,0)
1918.25 (0,0)
1918.5 (0,0)
1918.75 (0,0)
1919 (0,0)
1919.25 (0,0)
1919.5 (0,0)
1919.75 (0,0)
1920 (0,0)
1920.25 (0,0)
1920.5 (0,0)
1920.75 (0,0)
1921 (0,0)
1921.25 (0,0)
1921.5 (0,0)
1921.75 (0,0)
1922 (0,0)
1922.25 (0,0)
1922.5 (0,0)
1922.75 (0,0)
1923 (0,0)
1923.25 (0,0)
1923.5 (0,0)
1923.75 (0,0)
1924 (0,0)
1924.25 (0,0)
1924.5 (0,0)
1924.75 (0,0)
1925 (0,0)
1925.25 (0,0)
1925.5 (0,0)
1925.75 (0,0)
1926 (0,0)
1926.25 (0,0)
1926.5 (0,0)
1926.75 (0,0)
1927 (0,0)
1927.25 (0,0)
1927.5 (0,0)
1927.75 (0,0)
1928 (0,0)
1928.25 (0,0)
1928.5 (0,0)
1928.75 (0,0)
1929 (0,0)
1929.25 (0,0)
1929.5 (0,0)
1929.75 (0,0)
1930 (0,0)
1930.25 (0,0)
1930.5 (0,0)
1930.75 (0,0)
1931 (0,0)
1931.25 (0,0)
1931.5 (0,0)
1931.75 (0,0)
1932 (0,0)
1932.25 (0,0)
1932.5 (0,0)
1932.75 (0,0)
1933 (0,0)
1933.25 (0,0)
1933.5 (0,0)
1933.75 (0,0)
1934 (0,0)
1934.25 (0,0)
1934.5 (0,0)
1934.75 (0,0)
1935 (0,0)
1935.25 (0,0)
1935.5 (0,0)
1935.75 (0,0)
1936 (0,0)
1936.25 (0,0)
1936.5 (0,0)
1936.75 (0,0)
1937 (0,0)
1937.25 (0,0)
1937.5 (0,0)
1937.75 (0,0)
1938 (0,0)
1938.25 (0,0)
1938.5 (0,0)
1938.75 (0,0)
1939 (0,0)
1939.25 (0,0)
1939.5 (0,0)
1939.75 (0,0)
1940 (0,0)
1940.25 (0,0)
1940.5 (0,0)
1940.75 (0,0)
1941 (0,0)
1941.25 (0,0)
1941.5 (0,0)
1941.75 (0,0)
1942 (0,0)
1942.25 (0,0)
1942.5 (0,0)
1942.75 (0,0)
1943 (0,0)
1943.25 (0,0)
1943.5 (0,0)
1943.75 (0,0)
1944 (0,0)
1944.25 (0,0)
1944.5 (0,0)
1944.75 (0,0)
1945 (0,0)
1945.25 (0,0)
1945.5 (0,0)
1945.75 (0,0)
1946 (0,0)
1946.25 (0,0)
1946.5 (0,0)
1946.75 (0,0)
1947 (0,0)
1947.25 (0,0)
1947.5 (0,0)
1947.75 (0,0)
1948 (0,0)
1948.25 (0,0)
1948.5 (0,0)
1948.75 (0,0)
1949 (0,0)
1949.25 (0,0)
1949.5 (0,0)
1949.75 (0,0)
1950 (0,0)
1950.25 (0,0)
1950.5 (0,0)
1950.75 (0,0)
1951 (0,0)
1951.25 (0,0)
1951.5 (0,0)
1951.75 (0,0)
1952 (0,0)
1952.25 (0,0)
1952.5 (0,0)
1952.75 (0,0)
1953 (0,0)
1953.25 (0,0)
1953.5 (0,0)
1953.75 (0,0)
1954 (0,0)
1954.25 (0,0)
1954.5 (0,0)
1954.75 (0,0)
1955 (0,0)
1955.25 (0,0)
1955.5 (0,0)
1955.75 (0,0)
1956 (0,0)
1956.25 (0,0)
1956.5 (0,0)
1956.75 (0,0)
1957 (0,0)
1957.25 (0,0)
1957.5 (0,0)
1957.75 (0,0)
1958 (0,0)
1958.25 (0,0)
1958.5 (0,0)
1958.75 (0,0)
1959 (0,0)
1959.25 (0,0)
1959.5 (0,0)
1959.75 (0,0)
1960 (0,0)
1960.25 (0,0)
1960.5 (0,0)
1960.75 (0,0)
1961 (0,0)
1961.25 (0,0)
1961.5 (0,0)
1961.75 (0,0)
1962 (0,0)
1962.25 (0,0)
1962.5 (0,0)
1962.75 (0,0)
1963 (0,0)
1963.25 (0,0)
1963.5 (0,0)
1963.75 (0,0)
1964 (0,0)
1964.25 (0,0)
1964.5 (0,0)
1964.75 (0,0)
1965 (0,0)
1965.25 (0,0)
1965.5 (0,0)
1965.75 (0,0)
1966 (0,0)
1966.25 (0,0)
1966.5 (0,0)
1966.75 (0,0)
1967 (0,0)
1967.25 (0,0)
1967.5 (0,0)
1967.75 (0,0)
1968 (0,0)
1968.25 (0,0)
1968.5 (0,0)
1968.75 (0,0)
1969 (0,0)
1969.25 (0,0)
1969.5 (0,0)
1969.75 (0,0)
1970 (0,0)
1970.25 (0,0)
1970.5 (0,0)
1970.75 (0,0)
1971 (0,0)
1971.25 (0,0)
1971.5 (0,0)
1971.75 (0,0)
1972 (0,0)
1972.25 (0,0)
1972.5 (0,0)
1972.75 (0,0)
1973 (0,0)
1973.25 (0,0)
1973.5 (0,0)
1973.75 (0,0)
1974 (0,0)
1974.25 (0,0)
1974.5 (0,0)
1974.75 (0,0)
1975 (0,0)
1975.25 (0,0)
1975.5 (0,0)
1975.75 (0,0)
1976 (0,0)
1976.25 (0,0)
1976.5 (0,0)
1976.75 (0,0)
1977 (0,0)
1977.25 (0,0)
1977.5 (0,0)
1977.75 (0,0)
1978 (0,0)
1978.25 (0,0)
1978.5 (0,0)
1978.75 (0,0)
1979 (0,0)
1979.25 (0,0)
1979.5 (0,0)
1979.75 (0,0)
1980 (0,0)
1980.25 (0,0)
1980.5 (0,0)
1980.75 (0,0)
1981 (0,0)
1981.25 (0,0)
1981.5 (0,0)
1981.75 (0,0)
1982 (0,0)
1982.25 (0,0)
1982.5 (0,0)
1982.75 (0,0)
1983 (0,0)
1983.25 (0,0)
1983.5 (0,0)
1983.75 (0,0)
1984 (0,0)
1984.25 (0,0)
1984.5 (0,0)
1984.75 (0,0)
1985 (0,0)
1985.25 (0,0)
1985.5 (0,0)
1985.75 (0,0)
1986 (0,0)
1986.25 (0,0)
1986.5 (0,0)
1986.75 (0,0)
1987 (0,0)
1987.25 (0,0)
1987.5 (0,0)
1987.75 (0,0)
1988 (0,0)
1988.25 (0,0)
1988.5 (0,0)
1988.75 (0,0)
1989 (0,0)
1989.25 (0,0)
1989.5 (0,0)
1989.75 (0,0)
1990 (0,0)
1990.25 (0,0)
1990.5 (0,0)
1990.75 (0,0)
1991 (0,0)
1991.25 (0,0)
1991.5 (0,0)
1991.75 (0,0)
1992 (0,0)
1992.25 (0,0)
1992.5 (0,0)
1992.75 (0,0)
1993 (0,0)
1993.25 (0,0)
1993.5 (0,0)
1993.75 (0,0)
1994 (0,0)
1994.25 (0,0)
1994.5 (0,0)
1994.75 (0,0)
1995 (0,0)
1995.25 (0,0)
1995.5 (0,0)
1995.75 (0,0)
1996 (0,0)
1996.25 (0,0)
1996.5 (0,0)
1996.75 (0,0)
1997 (0,0)
1997.25 (0,0)
1997.5 (0,0)
1997.75 (0,0)
1998 (0,0)
1998.25 (0,0)
1998.5 (0,0)
1998.75 (0,0)
1999 (0,0)
1999.25 (0,0)
1999.5 (0,0)
1999.75 (0,0)
2000 (0,0)
2000.25 (0,0)
2000.5 (0,0)
2000.75 (0,0)
2001 (0,0)
2001.25 (0,0)
2001.5 (0,0)
2001.75 (0,0)
2002 (0,0)
2002.25 (0,0)
2002.5 (0,0)
2002.75 (0,0)
2003 (0,0)
2003.25 (0,0)
2003.5 (0,0)
2003.75 (0,0)
2004 (0,0)
2004.25 (0,0)
2004.5 (0,0)
2004.75 (0,0)
2005 (0,0)
2005.25 (0,0)
2005.5 (0,0)
2005.75 (0,0)
2006 (0,0)
2006.25 (0,0)
2006.5 (0,0)
2006.75 (0,0)
2007 (0,0)
2007.25 (0,0)
2007.5 (0,0)
2007.75 (0,0)
2008 (0,0)
2008.25 (0,0)
2008.5 (0,0)
2008.75 (0,0)
2009 (0,0)
2009.25 (0,0)
2009.5 (0,0)
2009.75 (0,0)
2010 (0,0)
2010.25 (0,0)
2010.5 (0,0)
2010.75 (0,0)
2011 (0,0)
2011.25 (0,0)
2011.5 (0,0)
2011.75 (0,0)
2012 (0,0)
2012.25 (0,0)
2012.5 (0,0)
2012.75 (0,0)
2013 (0,0)
2013.25 (0,0)
2013.5 (0,0)
2013.75 (0,0)
2014 (0,0)
2014.25 (0,0)
2014.5 (0,0)
2014.75 (0,0)
2015 (0,0)
2015.25 (0,0)
2015.5 (0,0)
2015.75 (0,0)
2016 (0,0)
2016.25 (0,0)
2016.5 (0,0)
2016.75 (0,0)
2017 (0,0)
2017.25 (0,0)
2017.5 (0,0)
2017.75 (0,0)
2018 (0,0)
2018.25 (0,0)
2018.5 (0,0)
2018.75 (0,0)
2019 (0,0)
2019.25 (0,0)
2019.5 (0,0)
2019.75 (0,0)
2020 (0,0)
2020.25 (0,0)
2020.5 (0,0)
2020.75 (0,0)
2021 (0,0)
2021.25 (0,0)
2021.5 (0,0)
2021.75 (0,0)
2022 (0,0)
2022.25 (0,0)
2022.5 (0,0)
2022.75 (0,0)
2023 (0,0)
2023.25 (0,0)
2023.5 (0,0)
2023.75 (0,0)
2024 (0,0)
2024.25 (0,0)
2024.5 (0,0)
2024.75 (0,0)
2025 (0,0)
2025.25 (0,0)
2025.5 (0,0)
2025.75 (0,0)
2026 (0,0)
2026.25 (0,0)
2026.5 (0,0)
2026.75 (0,0)
2027 (0,0)
2027.25 (0,0)
2027.5 (0,0)
2027.75 (0,0)
2028 (0,0)
2028.25 (0,0)
2028.5 (0,0)
2028.75 (0,0)
2029 (0,0)
2029.25 (0,0)
2029.5 (0,0)
2029.75 (0,0)
2030 (0,0)
2030.25 (0,0)
2030.5 (0,0)
2030.75 (0,0)
2031 (0,0)
2031.25 (0,0)
2031.5 (0,0)
2031.75 (0,0)
2032 (0,0)
2032.25 (0,0)
2032.5 (0,0)
2032.75 (0,0)
2033 (0,0)
2033.25 (0,0)
2033.5 (0,0)
2033.75 (0,0)
2034 (0,0)
2034.25 (0,0)
2034.5 (0,0)
2034.75 (0,0)
2035 (0,0)
2035.25 (0,0)
2035.5 (0,0)
2035.75 (0,0)
2036 (0,0)
2036.25 (0,0)
2036.5 (0,0)
2036.75 (0,0)
2037 (0,0)
2037.25 (0,0)
2037.5 (0,0)
2037.75 (0,0)
2038 (0,0)
2038.25 (0,0)
2038.5 (0,0)
2038.75 (0,0)
2039 (0,0)
2039.25 (0,0)
2039.5 (0,0)
2039.75 (0,0)
2040 (0,0)
2040.25 (0,0)
2040.5 (0,0)
2040.75 (0,0)
2041 (0,0)
2041.25 (0,0)
2041.5 (0,0)
2041.75 (0,0)
2042 (0,0)
2042.25 (0,0)
2042.5 (0,0)
2042.75 (0,0)
2043 (0,0)
2043.25 (0,0)
2043.5 (0,0)
2043.75 (0,0)
2044 (0,0)
2044.25 (0,0)
2044.5 (0,0)
2044.75 (0,0)
2045 (0,0)
2045.25 (0,0)
2045.5 (0,0)
2045.75 (0,0)
2046 (0,0)
2046.25 (0,0)
2046.5 (0,0)
2046.75 (0,0)
2047 (0,0)
2047.25 (0,0)
2047.5 (0,0)
2047.75 (0,0)
2048 (0,0)
