domain units: Hz
measurement data type: std::complex<double>
segment length (sec): 4
sampling rate (Hz): 4096
domain bounds (Hz): [0, 2048.25)
support bounds (Hz): [20, 1024)support indexes: [80, 4096)
---------------
domainValue measuredValue
0 (0,0)
0.25 (0,0)
0.5 (0,0)
0.75 (0,0)
1 (0,0)
1.25 (0,0)
1.5 (0,0)
1.75 (0,0)
2 (0,0)
2.25 (0,0)
2.5 (0,0)
2.75 (0,0)
3 (0,0)
3.25 (0,0)
3.5 (0,0)
3.75 (0,0)
4 (0,0)
4.25 (0,0)
4.5 (0,0)
4.75 (0,0)
5 (0,0)
5.25 (0,0)
5.5 (0,0)
5.75 (0,0)
6 (0,0)
6.25 (0,0)
6.5 (0,0)
6.75 (0,0)
7 (0,0)
7.25 (0,0)
7.5 (0,0)
7.75 (0,0)
8 (0,0)
8.25 (0,0)
8.5 (0,0)
8.75 (0,0)
9 (0,0)
9.25 (0,0)
9.5 (0,0)
9.75 (0,0)
10 (0,0)
10.25 (0,0)
10.5 (0,0)
10.75 (0,0)
11 (0,0)
11.25 (0,0)
11.5 (0,0)
11.75 (0,0)
12 (0,0)
12.25 (0,0)
12.5 (0,0)
12.75 (0,0)
13 (0,0)
13.25 (0,0)
13.5 (0,0)
13.75 (0,0)
14 (0,0)
14.25 (0,0)
14.5 (0,0)
14.75 (0,0)
15 (0,0)
15.25 (0,0)
15.5 (0,0)
15.75 (0,0)
16 (0,0)
16.25 (0,0)
16.5 (0,0)
16.75 (0,0)
17 (0,0)
17.25 (0,0)
17.5 (0,0)
17.75 (0,0)
18 (0,0)
18.25 (0,0)
18.5 (0,0)
18.75 (0,0)
19 (0,0)
19.25 (0,0)
19.5 (0,0)
19.75 (0,0)
20 (1.099068811841687,1.279505943307197)
20.25 (-1.976084823297207,-0.477510952487754)
20.5 (-0.5830002200419759,0.02881530985228798)
20.75 (-0.0328965692380299,0.6502262194665626)
21 (0.1005028000651478,-2.260707694931892)
21.25 (-1.112080502264572,-1.015847236085141)
21.5 (2.667640226431617,0.7488592922117553)
21.75 (0.7705909532594496,0.7879829201549883)
22 (-0.9225741255535904,-1.689138478569)
22.25 (1.179786132808595,2.452933854185171)
22.5 (0.8085181341247917,1.814324365998846)
22.75 (-0.1507072366125819,1.240934013709521)
23 (-2.018523570805836,-0.4011218229804727)
23.25 (0.3173062240806194,-0.5736311976344998)
23.5 (0.04564491187558271,-2.654890142443966)
23.75 (-0.2106274338221085,-1.127026912924695)
24 (3.771749848300868,-0.8575364043497539)
24.25 (-0.05872349439705145,2.558836759490456)
24.5 (-0.2048993169093171,1.977615861497799)
24.75 (-1.165971357491457,-1.49915546081926)
25 (-1.703071045663818,-0.001528243007457263)
25.25 (1.189568299050926,-0.9516588499580354)
25.5 (1.513435544662845,0.3509414702455455)
25.75 (-0.8268871431053505,1.566137815097298)
26 (-1.739469156635631,2.954807506502708)
26.25 (0.4880162243883701,-0.09917334145716779)
26.5 (-2.059474654887123,-0.9875418734885186)
26.75 (-0.3276546435961747,-1.81932923327569)
27 (0.02548873494293505,-1.737130677385329)
27.25 (1.633991791803633,-0.6456232534060131)
27.5 (0.5554512572051683,1.364142914397686)
27.75 (-1.070054776069937,0.2410548817224109)
28 (1.58733951149622,0.5511235883444305)
28.25 (-0.7803615260430603,1.147932085141429)
28.5 (-1.77794665319306,-0.2911064222999977)
28.75 (-0.6431730735822809,-1.559605928583644)
29 (1.429259472056914,-1.543569342118771)
29.25 (1.118678172273672,1.190392242222565)
29.5 (-0.5303620211386111,-0.6765060326410571)
29.75 (-0.6707660095327936,1.897122331234028)
30 (0.03411423972026958,-0.2267961122675096)
30.25 (-1.592407226774692,-1.402754113840011)
30.5 (1.753950405040057,1.708449748534884)
30.75 (-1.920485675568834,-0.4909699708011642)
31 (0.07146139369132233,-0.725786844207022)
31.25 (-0.316545606245774,0.870145573294818)
31.5 (-0.296758575174836,-3.350045161912001)
31.75 (0.2774142279294599,-1.373379778539719)
32 (-0.3679728843920232,1.262929120606243)
32.25 (1.817442171969179,-1.32697909226217)
32.5 (-1.248866731816429,-0.07130558108507508)
32.75 (0.8444155896676329,1.088943402075982)
33 (3.146328380262108,-2.225803400969033)
33.25 (0.9584698606899795,2.654662960222292)
33.5 (-4.021495627138721,2.234762709206374)
33.75 (0.9140368590702834,0.7696970943264881)
34 (-1.094798701086617,-1.353977589905128)
34.25 (-1.379091889610066,-0.3239402408232613)
34.5 (0.4366143463148137,1.363534210727614)
34.75 (-0.5713563696765726,-0.1515756420768627)
35 (-0.2599696390635778,-2.07980715431496)
35.25 (-1.415269093633249,-0.2798885858048239)
35.5 (0.2367083885107451,-1.087808931916685)
35.75 (1.963973762734484,0.4087499189149194)
36 (1.581369622290836,-1.504931894948225)
36.25 (-0.4814276487966723,-1.844661636200363)
36.5 (1.775309348255754,0.9627633124587656)
36.75 (1.577564581173678,1.837955864988858)
37 (-0.7352963178765195,0.4442805708998745)
37.25 (-0.8575075618131072,-0.8757268251903658)
37.5 (-0.8230215389178431,1.922180702550167)
37.75 (1.162468405143836,1.343250169417741)
38 (-1.017291200312547,0.9240157108728062)
38.25 (-0.637072156911613,-1.578032158254097)
38.5 (-2.949782545697877,0.5617055370762828)
38.75 (0.2963820171110788,-3.266490553086113)
39 (1.407298477401226,-2.435200677589566)
39.25 (2.403378033080603,-1.131911932162716)
39.5 (-0.4418489706706011,0.9000907414314471)
39.75 (0.9829264845663195,-0.8958931136002415)
40 (0.7424702521432409,2.737609887499492)
40.25 (-0.9374916508972049,0.5253146932500008)
40.5 (-0.4844281508782494,-2.115287468685042)
40.75 (0.5894171395951684,1.426361098414545)
41 (1.781323558924996,-0.790706002429171)
41.25 (-1.255741507454418,0.5147457629225342)
41.5 (1.238765577819031,-0.7691584620908838)
41.75 (-0.0552595550515925,1.370004306546883)
42 (-1.173300044470624,-0.01195576504422594)
42.25 (-1.121843539171694,-1.450318641914353)
42.5 (-1.248852797935475,-1.691120038386756)
42.75 (0.2031799316732713,0.2663334201106414)
43 (0.2847903637345956,-0.773017345516557)
43.25 (1.483335377712669,-2.067666701801854)
43.5 (-0.4117135840415007,2.049638948380959)
43.75 (1.452586665347541,1.280191158110127)
44 (0.01265909937156481,2.247845338652424)
44.25 (-1.601056238991722,-2.061711800331456)
44.5 (0.4266472135800669,0.3298438637474985)
44.75 (-0.1778585264805592,2.445541089277401)
45 (0.754319314287205,-1.991047992296697)
45.25 (-0.8489468356888914,0.4712171051499773)
45.5 (0.04508550942948547,-2.404887494857242)
45.75 (0.3293258766101757,1.48991405580443)
46 (1.458911715222457,1.328361964100178)
46.25 (-0.07672427287915522,-0.2179388920981487)
46.5 (-1.390572420823651,-1.039957768649117)
46.75 (0.1502846605332346,1.51655211463621)
47 (1.336614626336663,-0.9568880922773761)
47.25 (-0.7279101648949594,1.251000714616083)
47.5 (-0.5926116043984689,-2.817079663096982)
47.75 (-0.02395786484136892,1.530734635499652)
48 (-0.2169347178981948,1.137334134247077)
48.25 (-1.239384312802793,0.9226775558986402)
48.5 (0.1602982027342921,-2.806375085127958)
48.75 (-1.617008332976871,-0.9991459721017421)
49 (0.9695571818898766,-0.9557113022183951)
49.25 (3.370759638558605,0.9894083463478016)
49.5 (1.243725348977279,2.231175216116638)
49.75 (-2.260617485337238,1.021255028064112)
50 (-0.8302119785865846,-1.355519156863085)
50.25 (1.713126887085702,1.367273783965313)
50.5 (0.4632362249290493,-0.8803952751170614)
50.75 (-2.586684104659773,3.448561644198079)
51 (-0.83923677844352,-1.530709274720919)
51.25 (0.7267604975366313,-2.140915909069842)
51.5 (-0.5412593583289185,1.256670156942903)
51.75 (0.6266522103941055,1.685627251094534)
52 (-0.9846987482494469,-1.418770941700387)
52.25 (-0.3788286929319064,-1.419926727074609)
52.5 (0.1312638437397427,-0.4289070177876618)
52.75 (-0.2445926380930575,2.008596695650235)
53 (-0.1525986574320651,0.4934747682688589)
53.25 (-0.5555421400236122,-1.758493497421207)
53.5 (0.6913875189996102,-1.084990884352435)
53.75 (1.241698833291578,1.464166497275764)
54 (0.6596768033521248,1.213505677575341)
54.25 (1.540368549156048,-1.346087141464464)
54.5 (-2.118096938048665,1.138334505128083)
54.75 (-0.03684832280484309,2.56049983815701)
55 (-1.087661083866299,-0.6938196030304654)
55.25 (0.43803883101382,-1.4579454409327)
55.5 (-0.9800627454115886,0.8807472691333749)
55.75 (0.4463760443233461,-2.178029860203023)
56 (0.02399749006551525,-1.523627605219463)
56.25 (1.998067975294398,1.209046501904473)
56.5 (1.555640242495336,0.7205747090302929)
56.75 (-1.885776308893587,-0.994037032168133)
57 (-0.6644042578579367,2.176882543301989)
57.25 (0.2688005658265881,1.090515602640284)
57.5 (-1.174575090265747,-2.392611039709191)
57.75 (-0.5316951792895535,-0.03454724921388773)
58 (2.112604750646106,-0.06005594521671656)
58.25 (1.427402320534273,-0.02582008318299045)
58.5 (-1.465506575660373,1.052318696710608)
58.75 (1.339670340220132,1.716059739550305)
59 (-2.592624255019544,-3.490302917015009)
59.25 (2.737540543674796,-0.1829396878908522)
59.5 (0.4961041690328343,2.757387090218021)
59.75 (-0.4524003637017308,0.340002118585251)
60 (-1.587575042685491,-0.8586744142614607)
60.25 (0.9356201475545157,-0.1667330574650857)
60.5 (0.3972730729052544,0.04913713964981386)
60.75 (-1.246627947912535,-0.5342473126182824)
61 (0.1350097527406166,-1.271919612220481)
61.25 (1.290594553047998,1.157182898398107)
61.5 (1.138666997594109,-1.227882106526849)
61.75 (-1.449107573122662,0.9933375966222699)
62 (1.966041072911688,1.48399764154506)
62.25 (-1.857792342763531,-1.086728177696312)
62.5 (0.6148174946773058,-1.293650563095703)
62.75 (1.65102258908194,-0.7903913040942352)
63 (0.1886686241871758,1.387902514902056)
63.25 (0.6561576172730018,0.1372282917208424)
63.5 (1.541393778822135,3.064354328792904)
63.75 (-1.556669176790854,-0.5452432621973862)
64 (-1.895498640207726,1.357979090809212)
64.25 (-2.379414168902966,-0.4484665792394382)
64.5 (1.140350855749122,-1.483560010553241)
64.75 (-1.23339543414407,-1.49140737876843)
65 (1.464077797235101,-0.4106515400980744)
65.25 (4.252762944305283,-0.8134183549265959)
65.5 (2.649190686225242,0.561884759931414)
65.75 (1.832687655196417,3.192800274397689)
66 (-1.604609385782973,1.405018618445174)
66.25 (-1.481184633699676,0.6238633850769579)
66.5 (0.1542745052240343,-0.8733804104799874)
66.75 (-1.59101321054762,0.738635280377046)
67 (1.690897064175573,-0.978373848560707)
67.25 (-1.564523815749186,-0.9914708163325356)
67.5 (1.143902970901383,-0.1770730805541124)
67.75 (-0.4508341817591944,-1.276808063739759)
68 (1.408964668056324,1.13888703997396)
68.25 (0.36391168033937,-3.186860143543842)
68.5 (-0.6037592956244032,1.645866444507383)
68.75 (1.644823862129081,-0.6648987983188336)
69 (2.098008508215166,1.717166575119085)
69.25 (-1.007779454319112,-0.3896342235669934)
69.5 (-0.3343138056554286,2.26323241260938)
69.75 (-0.05635428417455369,1.642633323242332)
70 (-3.252263660681362,-0.8474646547964023)
70.25 (-0.4136906160028233,1.610460132071903)
70.5 (0.03870365854146238,-1.818440593672535)
70.75 (-1.911596401779527,-0.3288206367474139)
71 (-0.6082179081462338,-0.4310689701536513)
71.25 (1.788697547270512,0.218098920616387)
71.5 (-1.125071842773156,-1.232423530014064)
71.75 (1.067661830289139,-1.216966590621225)
72 (0.9758940526444932,1.711914624481751)
72.25 (1.999255556987481,-0.1303346892959457)
72.5 (-0.7535744795427076,0.9862883796486998)
72.75 (-1.251597276069366,0.6229648660919422)
73 (-2.291187848958222,1.502684094187452)
73.25 (0.6639367792797088,-1.052603039629098)
73.5 (0.6704016562860974,-1.268755957151416)
73.75 (0.07103359868550398,-0.2106435546185382)
74 (-1.246147455967411,0.7033629493072182)
74.25 (1.657895191144827,-0.6029450134452072)
74.5 (0.2099196064627889,-1.194364252550237)
74.75 (-0.06437580855589464,1.965588584304868)
75 (0.336195597924188,1.172723060841654)
75.25 (-1.451553931000972,-1.314737955972582)
75.5 (0.9833546141210184,0.6633432597013049)
75.75 (0.1791118371602115,-1.095353135402668)
76 (0.1598702706392095,1.9400910303223)
76.25 (-0.5685816921987217,0.3801270069876782)
76.5 (-0.667388186019666,-1.854395422947135)
76.75 (0.874788997020104,1.835395562120984)
77 (-0.1831081430249569,0.5802522104829507)
77.25 (0.5069454064333722,-0.7487205913415188)
77.5 (-0.5937886885335792,-1.064105407421232)
77.75 (-0.7238301285604261,0.04698332899843259)
78 (1.471032368008385,1.210561577373597)
78.25 (0.5061585373274777,-0.7439355089320844)
78.5 (-1.720597760903263,0.4514515002016531)
78.75 (0.01588158187906969,-1.248646027437669)
79 (-0.05719760499152341,-0.9018707646475427)
79.25 (2.221447004233195,2.393796231900912)
79.5 (-1.383892348857618,-1.264360932390205)
79.75 (0.2790541423684319,-0.01299094169314336)
80 (0.6935140514833175,0.5833965803764292)
80.25 (-0.6045179057743434,0.2090300783110331)
80.5 (0.3512200422008315,-1.029002443241195)
80.75 (-0.2596820883636481,0.3752376653460256)
81 (0.1495531850616009,-1.265181658790583)
81.25 (0.4355179324686291,0.6344363534941545)
81.5 (1.723151321549694,0.415482871009103)
81.75 (-0.6408063719660679,0.1545973982357928)
82 (0.2413418834190011,1.045069548159448)
82.25 (-1.004581666937669,-0.5254297510694564)
82.5 (0.842217256277616,-0.1088751254760607)
82.75 (-0.2064548565018497,1.310028011528961)
83 (-0.08171933048620166,1.048938961187459)
83.25 (-2.328233882463341,-2.652967895000542)
83.5 (1.379772481496984,1.264439578090711)
83.75 (-1.637426588785536,0.1543978352484559)
84 (0.1343924878667516,-0.2538653604527747)
84.25 (-0.02506369406342248,-1.842118443255927)
84.5 (0.4155108539643769,0.7632241010998075)
84.75 (0.3888593600696277,-0.6966593107197752)
85 (1.452738576705934,0.8450736899453944)
85.25 (0.1936257543191747,0.1867428975614863)
85.5 (-0.2772994250893808,1.334385622539985)
85.75 (-1.607365077976355,0.3868825859301946)
86 (-1.438093045749161,-0.509817134471264)
86.25 (0.02746036523905432,-1.466048564476501)
86.5 (1.110129734325008,-0.9747556025671755)
86.75 (-1.310473658263411,-0.747702588471104)
87 (1.413520137864164,-0.2037439781334862)
87.25 (0.565946241712434,1.418411550147044)
87.5 (0.01115463657030343,-1.391884053789972)
87.75 (1.031300981004506,0.3073101568847788)
88 (0.7700815949910672,1.435610264835459)
88.25 (-3.467207984292032,1.223327032103766)
88.5 (-1.138773069493912,0.3632879644217231)
88.75 (1.041206472684376,-1.103629728380179)
89 (-2.005301505269917,0.05454185395656353)
89.25 (1.679421962863742,-0.8977969304921546)
89.5 (0.04375755419673372,1.255655727449179)
89.75 (1.568842649913978,-0.602678545179987)
90 (-1.674610009636039,-0.006890238566867297)
90.25 (0.2110815843723415,-1.168607024720726)
90.5 (0.2535291779239943,3.424365221549958)
90.75 (0.7223320331578418,0.01930497754152948)
91 (-4.536677603763538,-0.7920562249159636)
91.25 (-0.3232457237852114,-1.565496210820479)
91.5 (0.6489547152010221,0.023649263404034)
91.75 (2.056628110450943,1.235257289416271)
92 (-0.8161686489256955,-1.030305147339793)
92.25 (-0.7731456394219047,-0.2346681468592822)
92.5 (0.8605475182065183,-0.1888397704879446)
92.75 (1.159829795473233,2.868303383931886)
93 (-0.8863141020128124,-0.8477689453291027)
93.25 (-0.8232342885408216,-1.535122338425066)
93.5 (1.035258915491399,0.5707134252628162)
93.75 (1.873619807914425,1.005235103003044)
94 (-0.7615722248651391,-0.8309634149449368)
94.25 (-1.24531441971441,1.618328107012261)
94.5 (-0.09141051590937498,0.9404940903367124)
94.75 (0.6264952449748623,-2.239411347280524)
95 (-1.482559714653744,0.483364621664224)
95.25 (0.6915498870549556,-1.524625860227647)
95.5 (4.345660355960312,1.432098724943098)
95.75 (1.339623228598549,0.2101817473954023)
96 (-1.448205323478863,1.967523378978787)
96.25 (-1.097897600960091,1.452993176934984)
96.5 (-1.86288415318835,-2.281671386199219)
96.75 (0.1150520591130382,-2.152372196075087)
97 (1.984651876687,-0.1231888499617834)
97.25 (-1.52450606612592,1.256548687974548)
97.5 (1.150090164299656,1.376185047518685)
97.75 (-1.634841603033907,-0.2306862617996001)
98 (-3.476518830861997,-2.112971569387853)
98.25 (1.104815405180271,-1.046582402132991)
98.5 (1.37413026434808,-0.7997410847895492)
98.75 (1.34873397226975,-1.420435640602782)
99 (0.8705787645289362,1.049739259022255)
99.25 (-0.6836336142872482,1.810879734804902)
99.5 (1.03960367835199,-0.5714135584275087)
99.75 (-1.742559960474946,-0.1512203772027489)
100 (1.246095416830999,0.007868644823032034)
100.25 (1.92550940068854,0.4778564859268971)
100.5 (-1.251349817498907,1.312957240979713)
100.75 (-0.1139033775799207,0.5233326813870556)
101 (-1.615202813288088,-0.2356967083706831)
101.25 (0.1704078563877036,-1.299762244672036)
101.5 (1.129824862681648,0.2953685118373064)
101.75 (-0.6419865462862342,-1.365364767222409)
102 (-0.2881295061969991,-1.005428156731759)
102.25 (4.003935604994552,1.906115244004603)
102.5 (-1.139993035761776,0.9031351821592414)
102.75 (-1.349727915281625,-2.196572128544751)
103 (1.747366363327881,1.817155399573149)
103.25 (1.347663935109371,-1.304052781852999)
103.5 (-1.687000712872472,2.218325742118758)
103.75 (0.5774383290907967,-0.7420394323008304)
104 (-0.00950342554762631,-1.031809601618508)
104.25 (-0.1644496036495046,1.39272791912121)
104.5 (0.3058441603588183,-0.2821323491981283)
104.75 (0.2484450660719895,1.215620475939153)
105 (-3.100595180152335,-2.157877577205326)
105.25 (0.6707086889824111,0.03426720116140441)
105.5 (2.047365792721229,-0.936557831547369)
105.75 (0.5081232194530532,0.4028229964148272)
106 (-1.343306365944766,0.08353886445525927)
106.25 (1.119420100309565,-0.484071278385748)
106.5 (-1.392901754169765,1.817397666400788)
106.75 (2.243228483873132,-2.54885363326707)
107 (-0.1541230692388518,1.270340354762044)
107.25 (-1.24877455752301,-0.8788646682657938)
107.5 (1.568369291336116,0.02981507376611526)
107.75 (0.8306082906584726,-0.2717840790341052)
108 (-0.1960612202728655,1.494004569353918)
108.25 (0.4774416047190653,0.4996786088829782)
108.5 (-1.132145240686662,0.9678279262430266)
108.75 (-0.877714781050688,-0.9215750359003824)
109 (1.045515386232918,0.7106390628645903)
109.25 (0.744169962220286,1.922120042244304)
109.5 (-1.673756555755036,-0.5680564515805375)
109.75 (-0.977104941618248,-0.728173044421251)
110 (1.306534456545784,-1.121301613977449)
110.25 (0.813040985090704,0.9024415577261844)
110.5 (-1.378704265475147,-0.2454549065715319)
110.75 (-0.2783726196262811,-1.192095399636496)
111 (1.018713066307206,1.010095063897166)
111.25 (-0.5231160082092844,-1.324918412416003)
111.5 (0.315419377635542,-0.643732917143282)
111.75 (1.702087348113333,1.177939345653322)
112 (1.75417875056814,-0.04263102732385451)
112.25 (0.0457881959977525,1.554714139461993)
112.5 (-1.171478190571033,-0.7436017246088831)
112.75 (-0.919598195698893,1.272199591355955)
113 (0.5601258867810052,-1.176117016272201)
113.25 (-0.7186325272363568,0.5071951035329393)
113.5 (-0.617524378309117,-0.6555919391818895)
113.75 (1.749733595647862,-1.020234144985109)
114 (1.77225354910195,-1.163595062986344)
114.25 (-0.2901441670474267,1.680349920678361)
114.5 (0.9798936598465146,-0.1358684721956747)
114.75 (0.5078901341265054,1.332062959854)
115 (-1.279145642453698,-0.5055314484411167)
115.25 (0.05722201935001783,2.001300187033753)
115.5 (-1.227137272098027,0.2946064218985515)
115.75 (-1.593257043086627,-0.6555822671920739)
116 (0.1655629671009799,-1.751579795872216)
116.25 (1.349116322223916,-1.026130892935221)
116.5 (1.775289508745879,1.659190524111383)
116.75 (1.580016836565325,-0.6358276432840225)
117 (-1.068680268668041,0.4221951834024071)
117.25 (-0.9182688503241518,1.519826998620757)
117.5 (0.322538528373997,-2.387890094123503)
117.75 (-0.4615147899171453,-2.000571300080129)
118 (1.340413323073158,0.7115340107164145)
118.25 (1.690660385630463,0.4467470861319935)
118.5 (-0.1608806416945067,0.4960107301893005)
118.75 (0.3387692498868046,-0.4821020225706431)
119 (-0.2440512947479157,1.293975269412763)
119.25 (0.5866330157815955,-0.4449324990052549)
119.5 (0.2970622745349729,0.8651124447287548)
119.75 (-1.245756229917885,0.3094236798966753)
120 (0.8111158753376273,0.09124541806470514)
120.25 (-0.7917406600503132,1.378889928377609)
120.5 (-0.9365463260073629,0.9482962790823255)
120.75 (-1.390644425609612,-1.102723868442496)
121 (1.808135555903117,-1.173604319294831)
121.25 (1.654772037486404,-2.362386132092993)
121.5 (0.8902290146248899,-0.3638944024272132)
121.75 (-0.2625494095406296,1.680638944703006)
122 (1.285471046458581,-0.8407642305056248)
122.25 (-0.7244603146236459,-1.160795029944695)
122.5 (0.06275720187733462,1.896140347579214)
122.75 (-0.2721253193031457,-0.9701922658408132)
123 (0.5736280674928879,0.2359375959461152)
123.25 (-2.422076014454829,-2.063410711416241)
123.5 (0.8069592750924963,1.021189776762439)
123.75 (1.521455279406706,-1.076746776003494)
124 (-0.11223794155108,1.003665349399114)
124.25 (-0.9954322465208554,0.04783385007013593)
124.5 (0.9928086294712996,-0.1711631680236923)
124.75 (0.6313000038255662,1.234078740846876)
125 (-1.815924435534073,-0.2334788668373477)
125.25 (0.311964840137305,-2.086626767360837)
125.5 (2.400304997012499,0.08168257841973993)
125.75 (-0.3953774542284159,1.874269581565655)
126 (0.3629790070375694,0.948498417749879)
126.25 (0.3071846033492353,-0.1965315399686859)
126.5 (-1.983127426982202,0.9070889016332991)
126.75 (-0.4748387310525383,0.9580252278010916)
127 (-0.7873374761611299,-1.914784807539098)
127.25 (0.3360467625367086,-1.663048558133354)
127.5 (1.684746324413944,0.1218622181020064)
127.75 (0.3480434074073042,-1.438414101444761)
128 (1.534754578938441,0.6887600847860353)
128.25 (1.551544094015916,1.042856505384492)
128.5 (-0.5196934778853182,1.465952500764797)
128.75 (-1.185164355495927,0.7459794686753783)
129 (-1.330435967469856,-1.06125614577541)
129.25 (-0.7632087142502428,0.7568769759746162)
129.5 (-0.06105446237561822,-2.007943930964315)
129.75 (0.7230106060984124,-0.903151364141734)
130 (-0.1967356847605591,-0.09223308018657127)
130.25 (2.110669946135856,-3.192487133203339)
130.5 (1.85037662377494,0.2878101496375385)
130.75 (0.1272485929152276,1.904881712895597)
131 (-0.2797463798037801,2.978561233034192)
131.25 (-0.7894071948945488,1.907431857375274)
131.5 (-1.657899529479462,1.222668618631521)
131.75 (-1.511542315171341,-0.8343181314499776)
132 (0.05542971645279983,-1.029958198514347)
132.25 (-0.653092125719302,-1.178938765704849)
132.5 (-0.1599588736103414,-0.4082400973272418)
132.75 (-2.063704222514949,2.7482937729408)
133 (-0.8588767580645664,-1.902763523705934)
133.25 (-0.6270810022816672,-2.149982024235519)
133.5 (1.785271702396166,-0.9010963413342786)
133.75 (2.196653221286728,-1.056357032392521)
134 (1.451287401952582,1.099746240520448)
134.25 (-0.7635769842337305,-0.06918463299621221)
134.5 (1.474639079514535,0.8729964078641033)
134.75 (0.5667693196693819,1.905108370545333)
135 (-1.566242631582707,1.035600140998949)
135.25 (0.3975103021368021,-0.4707528881654464)
135.5 (-1.31126306545115,1.133757317726953)
135.75 (-1.821200559253723,0.3833419868794974)
136 (0.2285653377926844,-1.73730458714352)
136.25 (1.711482217443001,-1.018025566968791)
136.5 (0.569939833204246,1.354608809286924)
136.75 (-1.364920218988261,1.559656250576829)
137 (-0.9586253101822212,1.10013534335301)
137.25 (-0.8971866276824414,-1.642652913890231)
137.5 (-2.557881836592882,0.4719422367205084)
137.75 (-0.1085308186932121,-2.77751546616666)
138 (1.36858810444377,-1.148332091797328)
138.25 (1.394440592481072,1.182910395457653)
138.5 (0.9780534689161857,1.459091868962235)
138.75 (-1.640370304867574,0.2796203026328151)
139 (0.1721409219413955,-1.434733336213113)
139.25 (1.736825725494723,-0.4972948609976955)
139.5 (0.7980757337431332,1.707891306999699)
139.75 (0.7819848528074202,3.385339463302296)
140 (1.275877353002574,1.16378054114389)
140.25 (-2.126201454037153,1.443031116777397)
140.5 (-0.7223800142454928,1.897952809651031)
140.75 (-1.705472906728428,-1.206058365624893)
141 (0.05344103654108774,-1.50014364760515)
141.25 (0.5643474367342362,-0.4653012191645437)
141.5 (0.3073732276281321,2.204121003798623)
141.75 (-1.806292571780901,-0.3840234141870881)
142 (-0.9311901836437617,-1.426618952644779)
142.25 (-0.11430427159454,-2.32108426719352)
142.5 (0.3466014752277746,-1.271145393162571)
142.75 (1.801489395161143,0.7770748873808768)
143 (0.7966338640885511,0.8425349834837118)
143.25 (-0.15016658943943,-1.308554051206645)
143.5 (-0.8290973863871882,1.811292637701897)
143.75 (0.7534911848088415,-0.2768933135119125)
144 (2.180136677311879,0.09216098202209334)
144.25 (-1.709364255490054,-1.224950590189874)
144.5 (0.8724325975123105,0.9545977306894325)
144.75 (-0.20607629867709,1.792442379273672)
145 (-2.84734490794365,-4.147240316092905)
145.25 (1.829605927611964,0.8281837917858932)
145.5 (-0.8550780353997602,0.1746052871299658)
145.75 (-0.7325308847982835,0.3312384288446967)
146 (0.05861705043960719,-0.7306498623556933)
146.25 (1.898874491099166,-0.2696611647591241)
146.5 (-3.125647850427521,2.551799514983858)
146.75 (0.5079031485774916,-0.2954357840962291)
147 (-0.7401657405604238,0.6454560048244469)
147.25 (-0.7804473505059173,-1.467269140541644)
147.5 (1.218931776810658,0.1788038169852926)
147.75 (-0.3648447290487059,1.119119406829517)
148 (-0.670346878257795,-1.637969482591434)
148.25 (1.406967684267039,-1.099582457022569)
148.5 (1.272628082787981,0.9145057121651399)
148.75 (4.097143976640766,2.55291985024354)
149 (0.5899344673518404,1.675557093704867)
149.25 (-1.848881812910528,0.7290936085206506)
149.5 (-1.275370293524328,0.2675588689369379)
149.75 (-1.28847898835765,0.1334261070247078)
150 (-0.9368882268933868,0.424129933095295)
150.25 (0.8046563522856504,-3.108073385132468)
150.5 (-0.9379719501737026,1.145660311863084)
150.75 (-0.1473166978661795,-1.252192803903404)
151 (1.52897022473849,-0.3213840563078465)
151.25 (1.037880487738208,1.508415341793226)
151.5 (-1.551145650368343,-0.8768350209007667)
151.75 (-0.09725875527495734,-0.3406730395527234)
152 (1.84890249987597,2.248653690286722)
152.25 (-0.02392857723781136,-1.247622599633626)
152.5 (-0.9886263719749501,0.4670350455320369)
152.75 (-0.521734885281667,2.868016731936951)
153 (-1.761065982530857,0.7620330246394427)
153.25 (0.3635248074425015,-2.079481310629886)
153.5 (-1.337237326897063,-1.930378300067258)
153.75 (0.8793049021412813,-0.8800996337684754)
154 (3.2011787981926,1.183682313888303)
154.25 (0.6059848645936708,1.049295514118988)
154.5 (1.323766423391845,-0.5674744611565289)
154.75 (-0.7807948421469918,1.069906193309585)
155 (-0.988668657083749,1.534360967578919)
155.25 (0.6607957869860934,-0.9793863667045607)
155.5 (-0.001418104968762114,-1.405075520598042)
155.75 (-1.23611472101377,0.94689222322968)
156 (-0.8416185645033148,0.2528504694899233)
156.25 (2.384776731967636,-2.514740687684493)
156.5 (0.8005175112225372,0.5780116119137718)
156.75 (-1.702648269912533,0.5677194740440404)
157 (1.325285893798319,0.2248249564488265)
157.25 (0.8689560808183252,-1.960631272775236)
157.5 (0.5834064051473621,1.089221185451889)
157.75 (-0.9533772701000245,0.7909643197319725)
158 (0.824967984372427,-1.670871192293966)
158.25 (-0.2525491391376686,3.271571285059129)
158.5 (0.26969932741541,-0.3077048563951877)
158.75 (1.036593896147799,0.9921278872420146)
159 (-4.458657059337471,1.684177978493023)
159.25 (-1.279087830979578,-1.013132229781603)
159.5 (1.056059097477001,-0.6814487933936856)
159.75 (-0.9459482977089873,-1.715422572961223)
160 (1.340113942041734,-0.3818684011259104)
160.25 (-0.1992962089043085,1.027722084254808)
160.5 (-0.839952734701588,-3.043661450797997)
160.75 (1.432333892214453,0.06705081761178121)
161 (-0.478182713084371,-0.6939581135416567)
161.25 (2.677248542528679,1.642671545002681)
161.5 (1.096849705870634,2.285622400200531)
161.75 (-1.1123309453131,2.404748185421067)
162 (-0.3383624570531355,1.830163285099756)
162.25 (-1.890856375786118,-0.2087200515583819)
162.5 (0.2356173257485143,0.43817059818209)
162.75 (-0.9884508664073005,0.1290782121219748)
163 (-0.363357966209237,-3.650550895494463)
163.25 (0.5365638829360707,0.5631155997136369)
163.5 (2.155024849861501,0.03374692963074725)
163.75 (-0.7685802678474797,0.6396149790599892)
164 (-1.210098456923628,0.3044998060371328)
164.25 (0.8686336270464657,-1.842490663683348)
164.5 (-0.8795765068110157,-0.8749095384768277)
164.75 (2.780176083274356,1.386923079293732)
165 (-0.443166418412289,0.2089319449734948)
165.25 (0.5671868661971315,-1.2968718232697)
165.5 (-1.68945772761985,6.006337559886061)
165.75 (-1.662746902732834,-3.933480696563226)
166 (5.258022218499435,0.4281816517056881)
166.25 (1.28343455608953,0.7164402222455558)
166.5 (-1.033867904261286,2.561328878771879)
166.75 (-0.1259631708326794,2.699654031850566)
167 (-3.994579702541599,-3.655077957052686)
167.25 (0.5020616319413053,1.2097031582323)
167.5 (-1.079920450477455,-0.1373591347639564)
167.75 (1.265060967518497,-4.159616482414312)
168 (1.720306985760798,3.772999326524471)
168.25 (-1.132583030622596,0.2358195947782752)
168.5 (0.6856041911915187,-1.275730439728702)
168.75 (-0.8312915639149231,0.09311101113820523)
169 (1.429302043172111,-1.16839134135776)
169.25 (5.649848489167311,3.533896776995354)
169.5 (-1.370345758688548,2.263005333778244)
169.75 (-1.141659086790257,-1.016792531725925)
170 (-0.7766470758401135,-1.522589744573045)
170.25 (0.8036308757224432,-0.7296079901509487)
170.5 (1.925252514549975,0.8597590783022406)
170.75 (0.1850072971194896,0.3055558586445246)
171 (-0.3497257001859156,-1.380303094015275)
171.25 (0.8863777569122067,1.304659796254603)
171.5 (0.3506009391025554,-0.4369711830087992)
171.75 (0.6242670817543716,1.16185400179342)
172 (-3.614696503038735,1.913870718581215)
172.25 (-4.809227336171042,-2.09988230343421)
172.5 (2.89982699419651,-1.448249848922817)
172.75 (-1.64563188682269,0.4086365677038604)
173 (1.203067809089658,1.277095959680239)
173.25 (-1.337156422005721,-1.009775077043385)
173.5 (1.426759203539888,-1.926343857345148)
173.75 (0.954147483271736,4.06961785940241)
174 (-0.9842900153223868,0.6951640082382181)
174.25 (-0.4295106398153674,-1.456279065601436)
174.5 (-1.80941662724871,0.2214225290712623)
174.75 (0.7667125811773883,-0.8840420276412883)
175 (-3.071748077541503,1.230263831228679)
175.25 (0.85510199931664,-2.338772035291071)
175.5 (0.1777708574016656,0.7218532021351188)
175.75 (3.54435584976904,-0.81861145429116)
176 (-3.475188854871975,3.726054266362589)
176.25 (0.676288815946133,-0.7948202125004652)
176.5 (1.256589960755388,-0.001165541491925339)
176.75 (-1.371487494647731,0.797879179041716)
177 (-1.063281734170541,-0.6406893437594005)
177.25 (0.7555848171874331,-1.038881260371064)
177.5 (1.187690958419249,2.16769726866745)
177.75 (-2.211359046003114,-1.349460849082365)
178 (1.321905609353855,-0.1190466536054915)
178.25 (-0.3728767244731326,0.5219404014193425)
178.5 (0.2295550445067183,-2.978581775562326)
178.75 (3.801792021414487,1.717311926314002)
179 (-1.265280849079695,-0.1492120440335541)
179.25 (-0.3290742913136689,1.097366566916281)
179.5 (2.101867441941707,-1.394908787148538)
179.75 (-0.9605587793162997,1.442720129208994)
180 (0.1686566329166722,2.221078497507438)
180.25 (-1.258814792485442,-1.777891260486321)
180.5 (-1.368934503399609,-0.1186180998082539)
180.75 (2.845919678700248,-1.875510080664911)
181 (2.993764157485774,-0.6143647838166502)
181.25 (0.5576336056297403,1.008719350532096)
181.5 (-1.192588152232489,-0.2326432237173704)
181.75 (2.048384659572768,1.921826582608435)
182 (-6.761866604458123,-0.4674596947880949)
182.25 (1.451801047775877,-1.004494629858352)
182.5 (0.494748587838733,-2.41475805768109)
182.75 (0.5951442232871983,1.669255940343199)
183 (-3.010035772219897,2.343525876266187)
183.25 (2.23579178425469,-2.861622285123843)
183.5 (-0.06719846231414368,1.139518124683712)
183.75 (-1.861266007029851,-0.2084960598978892)
184 (2.900003869910571,-0.7547283264966023)
184.25 (-0.9319335935793676,0.4842652712181075)
184.5 (2.455589451897146,-0.6312913944468801)
184.75 (-3.425357819449443,1.883096664874001)
185 (0.7320271180397919,-1.661835581346565)
185.25 (1.774608901514622,-0.9408142951263733)
185.5 (-0.9147868707051452,2.425664253715144)
185.75 (-2.293182409164999,-0.3024221270167825)
186 (-2.636535060401394,-0.04433313737222577)
186.25 (-1.427702417340035,-1.812806795822379)
186.5 (3.872002778945586,-1.930321021735014)
186.75 (0.694183327932524,6.116084605331445)
187 (-2.56895089164436,-2.371862178758792)
187.25 (-0.8796251782624868,1.092852418114566)
187.5 (1.121927398639431,-0.7380915952658766)
187.75 (1.885556811047946,3.711021721400228)
188 (-1.02416310146189,2.243414355754756)
188.25 (-4.064351417768631,-2.597540209244957)
188.5 (2.270060496813812,-1.263313075217157)
188.75 (-0.1399779104733627,-1.071320248820449)
189 (3.415548487768015,-0.6628195158201893)
189.25 (1.224164091639689,0.5878087681514015)
189.5 (-1.803538399429687,0.9964232125804791)
189.75 (2.003046956037259,-0.7084708090826252)
190 (-1.592015697777748,2.970430773355892)
190.25 (-2.172910447362138,-0.5197951079819875)
190.5 (1.13275433151002,-3.482272014255602)
190.75 (-1.579758531487179,-3.402725983547494)
191 (2.871417811003969,-0.2285533160028808)
191.25 (1.062803027377621,1.367296227788244)
191.5 (-0.3126827087397733,-0.464275821150375)
191.75 (0.6873216065777696,4.04759954053935)
192 (-0.8958043408321575,-0.1952897631715757)
192.25 (-1.199782635719392,1.357876664045517)
192.5 (-0.1332218378650107,-0.5131266876405129)
192.75 (-5.982801474279436,-1.985920406756644)
193 (3.411678138392153,-2.407817873679031)
193.25 (0.4402378436056301,-0.486651262392131)
193.5 (1.893686698189259,2.085137245873848)
193.75 (-0.3374176051928992,-3.09984644385109)
194 (0.02886751264012253,-0.214065840710199)
194.25 (1.286588964534746,0.2141533484132869)
194.5 (0.3794461162685101,2.230728278639177)
194.75 (-1.77905972935561,-2.000501007558473)
195 (4.867766939125241,0.2522116690689178)
195.25 (0.2074349878966413,2.921501090894648)
195.5 (-2.150562280041454,0.2301376579278721)
195.75 (-0.1479171906670102,-2.474782101707824)
196 (0.9204934934998414,-1.750712557600538)
196.25 (0.7513555002998311,0.1543252047019228)
196.5 (-0.4454527774891637,1.706174483734825)
196.75 (0.1138045668484509,-1.659687178453224)
197 (1.535634058040975,0.4381537912598161)
197.25 (-3.861518203118455,3.842280478369067)
197.5 (-2.449170086709574,0.1443803403124646)
197.75 (0.6529803035955851,-1.728041004370294)
198 (0.1975859338665841,1.398365793913886)
198.25 (0.6795718309371354,-1.429269663491334)
198.5 (1.676447398003357,0.4469704165242066)
198.75 (-1.62409208028728,1.565124772168323)
199 (-1.365958282523494,0.1897993233666771)
199.25 (-0.2011672726776283,-2.471061988745462)
199.5 (2.065475697967464,0.6851615309774243)
199.75 (1.972624355383436,-2.23581557816563)
200 (1.792679978175714,3.838651928897449)
200.25 (1.266068478671034,1.628445752606702)
200.5 (-1.263203890809385,1.557015836843428)
200.75 (-2.144178999445801,-0.3779621871258173)
201 (-1.745154736508749,-1.728429311346072)
201.25 (4.378767964800283,-2.062888115915742)
201.5 (-0.2979776488806603,1.183745723528001)
201.75 (-0.3211948584174964,-1.79093449755881)
202 (-1.422379624008415,0.444495096456142)
202.25 (0.1699529168021866,-1.703070666357423)
202.5 (3.172066955565957,-3.304481757876501)
202.75 (3.956245240272295,1.910834440499389)
203 (-0.955700967102576,0.1209695322869503)
203.25 (1.59802371128821,0.4354938770722511)
203.5 (0.3551823882540677,-0.7387147372963981)
203.75 (0.6288446335068467,1.363500872784719)
204 (0.7212781173837841,1.523514525321403)
204.25 (-1.326752118530297,1.368221670946085)
204.5 (-2.032616165291026,-0.1180240161137127)
204.75 (-0.9891175179998574,-1.092257109433795)
205 (1.438775623736082,-2.246305873097004)
205.25 (-1.913370180501972,1.008710506317967)
205.5 (1.128007543651346,-1.435439961963705)
205.75 (-0.159500263437402,0.08338155127835054)
206 (-1.152087405549422,-3.105869810223906)
206.25 (3.529631237522292,0.1881703917870671)
206.5 (0.8000524441171614,1.686218995374939)
206.75 (0.5670029248584858,1.408623063548289)
207 (-1.668141305189877,0.9113406331997483)
207.25 (-0.6592312748681826,-0.8103243186756776)
207.5 (-0.8529480131151158,-5.15344842912971)
207.75 (2.434364987823417,0.5682097159443416)
208 (1.395283638832645,1.968309544027585)
208.25 (-3.298443619084849,3.248102694067435)
208.5 (-1.127336744023769,-0.2623843481539538)
208.75 (-2.303018870332855,-4.071951836793009)
209 (1.575219432063203,-0.8733986073467196)
209.25 (2.341606593511112,-0.1586282820800644)
209.5 (-0.1545902225906083,0.8139018995574687)
209.75 (2.203143472403975,3.40188358052846)
210 (-1.82449393298189,1.19945918247022)
210.25 (-2.08549793227527,-2.02734849005101)
210.5 (2.596444022731923,-2.33965502289022)
210.75 (1.127585843927827,1.361601476038901)
211 (-3.518824897601807,1.736365082043409)
211.25 (0.4236362672680968,-1.808406684041157)
211.5 (1.326185765881932,0.3336005041222941)
211.75 (0.7654528844810249,-0.2507999223466216)
212 (0.6669367410044515,1.578761109972073)
212.25 (0.06116004132220289,0.3490902749462978)
212.5 (-2.012531948848041,0.1286212293515975)
212.75 (1.204723403722607,1.442117939440184)
213 (-1.053117942302626,-1.591540119030438)
213.25 (-1.365173575441916,1.085149711806815)
213.5 (0.7838212617626977,-0.9201619140912106)
213.75 (-0.3049875705280005,-1.217297071975208)
214 (2.79593484735733,0.3365902008871937)
214.25 (2.209784681085905,0.3144522371648805)
214.5 (-0.6575340016244651,4.49213742479389)
214.75 (-3.519501177331966,-3.110278696224664)
215 (0.1443034455349687,-1.108053170173284)
215.25 (1.156748101479053,1.813438490910779)
215.5 (-1.115913367714547,-4.618278509084337)
215.75 (0.4839730116354446,0.7269904063344504)
216 (1.415899962934412,-0.4257056574738556)
216.25 (-0.0681352653046205,2.361612465165838)
216.5 (-4.882463819165622,2.69438709167306)
216.75 (0.9765045024159432,-3.811159683302333)
217 (0.9229684149747511,0.6334665156427661)
217.25 (-0.8054381913590396,3.218159514521499)
217.5 (0.1004063172081264,-1.738709617122976)
217.75 (-1.352544877086027,-0.7671221852839134)
218 (1.807538708370031,0.8124398125716947)
218.25 (-2.30220433234474,1.148381073279274)
218.5 (0.8094637904561441,-1.566513266983084)
218.75 (-0.6405533400614433,0.9463002553993439)
219 (0.2111722603773861,0.1831609172792919)
219.25 (-1.604702220744081,-1.647171658162328)
219.5 (2.301833892236508,0.9860770055323106)
219.75 (-1.805635522978813,-0.4698133804965313)
220 (1.870977140107824,0.2274439699273128)
220.25 (-1.830951175981936,0.05412813494452913)
220.5 (0.8572728470410226,-1.760938552682637)
220.75 (4.202990960923882,0.2487002636980697)
221 (-0.05101761811017166,1.114191269393492)
221.25 (0.8347296456544535,-0.4755375281639979)
221.5 (-2.761732156789865,2.591981982585962)
221.75 (1.792497149233541,-5.214824980982925)
222 (0.795595649270348,2.61344644440145)
222.25 (0.5372292051413133,-0.8165893284004582)
222.5 (-2.864456015416826,2.264443463146695)
222.75 (0.6247553034973811,-0.600172569371569)
223 (-1.6324851027367,0.7826451321386348)
223.25 (-0.7947683045393396,-2.416760096278156)
223.5 (1.839170907384322,0.5828870890330995)
223.75 (-2.132819004480498,-0.6045573149690049)
224 (3.484062258726788,0.9848929897712654)
224.25 (-2.739773064749779,-0.9977953319282655)
224.5 (2.864400960887101,0.7156126057500442)
224.75 (-1.496466892741172,-0.8348299634253564)
225 (1.010471615324623,1.082720129276576)
225.25 (-2.165317387572611,-0.2553716273962718)
225.5 (-0.220232942716155,1.64030376120935)
225.75 (-0.08428701157715118,-1.437479277486118)
226 (1.711036134363317,-0.8076759383196364)
226.25 (-1.647961057899457,2.617250067344057)
226.5 (-0.2663523549861628,0.1918733462043308)
226.75 (1.904611385993156,0.1680290293250428)
227 (-5.00669415887704,-1.017280826612857)
227.25 (4.913841177572229,-0.7979087376148887)
227.5 (-2.228053310193071,2.814886102051616)
227.75 (0.4079493387440746,-0.6315818269836569)
228 (0.1165380339770575,-0.0182807545103707)
228.25 (-0.6337747728917783,0.8009904400813775)
228.5 (-0.1593706882485602,-0.5282885791895036)
228.75 (0.7760233950944311,1.173986540099256)
229 (-1.86888244656149,-2.020821162858685)
229.25 (3.53248499147514,1.266203267097785)
229.5 (-1.072591764522319,0.8631249560513028)
229.75 (-0.461190468422384,1.618773478202948)
230 (-1.195760325308258,-3.129632083777254)
230.25 (-0.5448501420169508,-1.604406711367238)
230.5 (1.279010936080307,1.828321866929242)
230.75 (1.453682787921984,-1.147764351457029)
231 (-0.7870398364537553,-0.5157902520512162)
231.25 (2.681094272886007,0.7150632464690679)
231.5 (-0.204709206638361,1.733143944068382)
231.75 (-2.323013155811319,-0.1121775192201969)
232 (1.786632411939875,-1.372154201913881)
232.25 (-0.2029490753704317,0.8595152821963639)
232.5 (0.4171821559845453,0.9827248683658307)
232.75 (0.1297844759385142,0.7149754041990564)
233 (0.01213060148528014,-0.1855047622076516)
233.25 (-1.647782750244596,0.6219774923083087)
233.5 (1.390476621681336,-1.625820084322114)
233.75 (-1.548825447898863,1.161732199011336)
234 (1.070624665437109,-0.8319074770395881)
234.25 (-3.106339193337701,-0.4373940963579859)
234.5 (2.889164736562873,-2.583561382383033)
234.75 (-0.1101690385998844,-1.527376421482728)
235 (3.812507460498318,-0.05380567818926631)
235.25 (-0.2059932144687114,2.841521536467426)
235.5 (-2.431985759167821,-3.77180897879877)
235.75 (1.68531569933388,2.200118983482255)
236 (-1.618392506296006,-0.5578327045467005)
236.25 (0.6800094790650769,-0.09028573683997121)
236.5 (-1.043883971129993,3.007840334923381)
236.75 (-0.0757758330600169,-3.87762141821683)
237 (-1.9061890300678,1.556040288701565)
237.25 (2.715854298599004,-0.4630757105110859)
237.5 (-3.348308122604038,-0.1027783414310067)
237.75 (-0.4480804516266297,-0.7334133760432716)
238 (1.464359708016455,-1.273202155157377)
238.25 (-0.5746498084916674,0.6455610284740254)
238.5 (1.225871188505831,3.444613869324688)
238.75 (-1.353286504408807,-3.800229766140479)
239 (0.1454982122827121,0.4136333321206843)
239.25 (2.867512672116643,1.013529738656014)
239.5 (0.6618343027568903,0.4969920801189435)
239.75 (0.181635011247431,0.8792425423221559)
240 (-3.571268327051242,1.056981224584348)
240.25 (2.454197041082309,0.1941732463249869)
240.5 (-2.185130097119315,-0.05403397471020495)
240.75 (-1.456524758117339,-0.3497293202366325)
241 (2.929819899114833,0.6768073246049168)
241.25 (-2.893576996886287,-0.6957638587023597)
241.5 (1.460118244132572,-1.014709253003565)
241.75 (-0.5459693083250213,1.671396204660965)
242 (0.1896859651022694,-0.6913320040970266)
242.25 (0.4876383565119863,-2.52873763190806)
242.5 (0.7807688478971663,-0.1780900372082366)
242.75 (0.66077357422533,1.967458856271722)
243 (0.9825403674177792,0.4813916653310664)
243.25 (-1.801058911567837,0.7843209806837581)
243.5 (-0.6653812649339902,-0.2185733914403949)
243.75 (-0.6167683712725441,-1.722771998632404)
244 (-2.524531927751305,1.032019495101849)
244.25 (2.798256308018194,-1.22167067461721)
244.5 (-1.684874299201308,-1.333033273521719)
244.75 (1.299017954178354,0.6286723670786498)
245 (1.378729870422743,-0.4511732403627686)
245.25 (0.3777457315812898,2.796454475426644)
245.5 (-1.719283286306877,-3.776718666866135)
245.75 (1.201782545508453,2.984618653212952)
246 (-1.067728050625282,-3.142102308641799)
246.25 (2.424150892495049,0.3256249897989741)
246.5 (-2.214062022700258,0.6423530362380453)
246.75 (1.919508411405381,-1.108402656861979)
247 (0.008524979869804022,1.26324107268225)
247.25 (0.4500532926259791,0.653829856381731)
247.5 (0.1353447351171587,2.940306605016342)
247.75 (-3.913348858610914,-2.850039754530505)
248 (1.163910221146112,-3.070080797727583)
248.25 (1.337681405882888,1.652245879160288)
248.5 (-1.640875234417172,-2.771759458869157)
248.75 (3.262337409382676,1.78457296743364)
249 (-4.414854910196585,0.4381230731416181)
249.25 (-0.7065864132727324,-0.1504870547581647)
249.5 (2.218161105432223,-4.571732640615431)
249.75 (0.8816588837950082,0.8696449273443621)
250 (1.048109174035471,1.992875331378103)
250.25 (-4.172279380763937,-2.18028147371718)
250.5 (-1.307197097078572,1.412097059161155)
250.75 (0.3190098804076171,-2.882448508676005)
251 (1.470767647260334,2.625481946559459)
251.25 (0.1447704421366829,-0.5128219567754734)
251.5 (-0.671941666919865,1.773487809875248)
251.75 (-5.472773563627548,-1.944379643316632)
252 (-1.836968552282772,-2.4535682667062)
252.25 (1.198801673881003,-1.722574555962735)
252.5 (2.137876059381722,-1.798904907144544)
252.75 (1.076918446827755,3.391580093761584)
253 (-0.5317901909497432,-1.686734672781794)
253.25 (0.7320929147607781,0.06632447337459393)
253.5 (0.6150677839230825,1.140912930564399)
253.75 (1.495058761186162,0.8380918402359311)
254 (-3.878215413920911,3.447011649746335)
254.25 (-0.6653208617306643,-0.2524887721366209)
254.5 (-1.385305774793306,1.092046944476989)
254.75 (-1.819830099539787,-2.332358720578639)
255 (0.9896574166278315,-3.575137995466865)
255.25 (2.315273741684889,0.8743718593579018)
255.5 (2.066488636623215,4.405706406184426)
255.75 (-2.554643028790622,0.468903726259582)
256 (2.291626124780311,0.1050868804385647)
256.25 (-1.323136962524432,0.5552289492909929)
256.5 (0.09295194810665655,-0.2795877835034903)
256.75 (1.176807710293102,0.2740590733648794)
257 (-0.9390769917661862,0.6175935543251048)
257.25 (-0.7028682448352822,2.978556074470711)
257.5 (-4.64272434703958,-1.575902909201356)
257.75 (0.9988983071993108,-2.890914106228924)
258 (-0.1599208103623243,0.04986436618082752)
258.25 (2.433970533137407,-2.633161269639582)
258.5 (-0.7690881433073162,3.117118517970873)
258.75 (0.7587386653533428,-0.5385696018550624)
259 (-1.407293736415426,-1.228794007878721)
259.25 (1.18415232190101,0.04209059288936566)
259.5 (1.638772827421061,0.3634437673250334)
259.75 (1.410070654587867,-1.004376548490803)
260 (-1.70439293260418,2.277147180426167)
260.25 (0.3266666021727171,-0.5546032638584434)
260.5 (0.0634051985088049,-1.108224141238973)
260.75 (0.3100248287406442,0.4439467730117297)
261 (-0.1844043029779385,0.8170634634319638)
261.25 (1.406672903466694,0.916091836407298)
261.5 (-2.363251106824154,-0.8414032525336467)
261.75 (0.7246059660421729,0.8818189274308961)
262 (0.3297803613161592,-0.1161006032921214)
262.25 (-1.16225115711542,-0.08575841158109365)
262.5 (1.398808040267196,3.136447036950647)
262.75 (-2.69043727894182,-0.8809929534420727)
263 (2.158255332493372,-0.2753982923874654)
263.25 (-0.6348805082192834,-1.267996035979942)
263.5 (1.01565005742123,0.9863850021097017)
263.75 (-0.501535041177506,0.001697060064407656)
264 (0.951143128754558,-0.3855712864427179)
264.25 (-1.472774862417221,0.3810749161925292)
264.5 (1.766175558679159,-1.370310595372808)
264.75 (2.760637431338214,2.22073041978044)
265 (0.1624316607060301,1.343639638155267)
265.25 (-0.6793929713011232,-0.2823217749799415)
265.5 (-1.042621564728006,1.86214436011581)
265.75 (-1.608183309465037,-0.551240994350467)
266 (-2.27595760313662,-2.687812052041791)
266.25 (-0.9283921218958753,-2.581512972330334)
266.5 (0.8296153352046109,-1.192995753633321)
266.75 (2.30583480133809,0.1112281030955705)
267 (-0.04781929094559213,0.01704122273746244)
267.25 (0.8618137612145419,-0.006029557092661449)
267.5 (2.116059217897817,0.1773562794122896)
267.75 (-3.248332063048421,3.296937656435545)
268 (-0.07492691267036233,-0.05677025685461039)
268.25 (-1.982673685005547,-2.024899969320112)
268.5 (-0.6625562034367531,-1.59961539954157)
268.75 (1.244912457195475,-0.3843979429385116)
269 (0.2009196754091129,-0.5153095037722111)
269.25 (3.321268901045561,1.222695866809018)
269.5 (0.9990434683075465,1.180040249787427)
269.75 (0.1504013971152169,2.084020545974687)
270 (-2.312152218796743,2.139846998823342)
270.25 (-2.75265796382795,-1.489582804852865)
270.5 (1.363703104663381,-3.508089422180228)
270.75 (0.8226387569178321,0.3424797846433247)
271 (3.53660084335399,-3.785456163523071)
271.25 (1.579051863308828,1.703243004251682)
271.5 (-1.190754680174541,0.103151201787242)
271.75 (1.962610488313054,-0.356573584761312)
272 (-4.717052737325836,5.986466991101763)
272.25 (0.7981563481504735,-1.715958172247557)
272.5 (-1.550672360308365,-0.2093576617386159)
272.75 (1.101777799354301,-1.795337723152139)
273 (1.012648963710678,0.6925204153711807)
273.25 (-0.135032685937019,0.3501880813000421)
273.5 (0.4836305491740839,1.792339034775726)
273.75 (-0.9771470845579255,-1.663967987893352)
274 (-1.429023547882574,1.483607656147191)
274.25 (3.386693087760901,-2.139902269765366)
274.5 (-1.594078340421667,1.112036668986009)
274.75 (0.465131556496042,-0.4022897964284863)
275 (-1.153388119824434,0.4849107261638153)
275.25 (0.9639615750821446,-5.025162633902638)
275.5 (1.628453175526843,2.826716734880453)
275.75 (-0.7976649488032289,-1.480877699284647)
276 (-1.114888978232078,1.148626638679762)
276.25 (0.09726135091169535,0.96400203165507)
276.5 (-2.45310096976569,-1.804236787632995)
276.75 (0.8838560770531557,-1.976873929849701)
277 (1.166413884413183,0.5688846328561127)
277.25 (-0.04142653426628357,-1.15702245723308)
277.5 (0.3380988592202042,1.445962763047555)
277.75 (1.714835858813367,0.08385371767139158)
278 (-1.177200170600251,0.8744482369130987)
278.25 (-0.01324639957177192,0.452102758837678)
278.5 (-4.764985082342107,0.5025545111311557)
278.75 (6.205781339446953,-4.323187333207607)
279 (-0.3606968430246268,2.577537038176826)
279.25 (-1.00703968791246,0.07931906057207715)
279.5 (-0.8667418114038993,-0.6165154847723286)
279.75 (-1.387962235409856,0.6729057705701068)
280 (2.071210747562848,-8.470909119055698)
280.25 (4.674503791560818,5.596095969433862)
280.5 (-0.1294650393169754,0.117396067630876)
280.75 (-0.6748638983951357,0.7779701023473407)
281 (1.254115721217387,-0.06234585119281115)
281.25 (-1.158870019310248,-0.2679778442112272)
281.5 (-0.5550589756122409,1.536538427314541)
281.75 (1.802816598838976,-0.3909392456443342)
282 (-1.783465671916615,0.4192930849052744)
282.25 (-1.006598200784625,0.7347212833353466)
282.5 (1.754027290625256,-1.558123552643357)
282.75 (-0.2809093317641794,0.1814429765047143)
283 (-0.7372452597612368,1.367981947331994)
283.25 (2.235446694656921,-3.735259270829081)
283.5 (-1.078771018746698,1.395319613393231)
283.75 (0.4165985320384694,-1.107867107783745)
284 (-0.1576420046169695,-1.142866539841238)
284.25 (-3.125421784412491,1.048194872259983)
284.5 (2.779020082467831,-1.942091181309007)
284.75 (0.8862602325460197,0.7798281329646237)
285 (-1.294933758748298,1.41748337246926)
285.25 (-1.090707125379481,1.11139597700842)
285.5 (3.367512098068151,-2.818553295122959)
285.75 (-1.318050412904465,2.628239543255015)
286 (-1.674380671160833,0.4624735320679857)
286.25 (-1.981522298280016,-1.372860313086543)
286.5 (1.413093935442923,-1.683250425508371)
286.75 (-0.7688010190460138,-1.106065445507902)
287 (1.995829736400605,0.7793425549169198)
287.25 (-2.910267775513344,-0.2164605797447623)
287.5 (3.129768861399445,-1.436867455927261)
287.75 (0.9516495787752934,-2.375733468795868)
288 (2.689723746355619,1.720438081183906)
288.25 (-1.378331287263626,1.766207427502943)
288.5 (1.033569849639792,-1.78376417205151)
288.75 (-1.892821403535458,-0.05488238823452896)
289 (1.089173838440894,0.6475976739283367)
289.25 (0.7305446335874204,-1.50323733193698)
289.5 (-0.965190297729415,2.020978677591692)
289.75 (-1.677507161164249,-0.8668119534796374)
290 (1.073020440002414,-0.768658018612472)
290.25 (-1.072517868779685,0.4956659650628748)
290.5 (1.014299451859149,1.249323941650075)
290.75 (-2.592333109459799,-0.5650632880736662)
291 (1.866455399351203,0.152746918581648)
291.25 (-0.6519614620735191,-1.278200844001838)
291.5 (-1.743091063790287,1.496300295323551)
291.75 (1.710732606578797,-2.577719238063224)
292 (1.233124804476496,0.6262750663389488)
292.25 (-3.71485866349262,0.9429898160058324)
292.5 (3.474404555925747,-1.346828526475968)
292.75 (-0.1029182611354348,1.350459246408941)
293 (0.2313478947021823,-0.8600405196082115)
293.25 (-0.9736022752143801,1.025445833132702)
293.5 (0.1105512887172992,0.6814578523658649)
293.75 (0.5829103249218948,-1.210417662934894)
294 (-2.107375236902449,-0.03129041143127491)
294.25 (2.162446360299353,-1.288068298612232)
294.5 (2.447684931862521,3.027412940803384)
294.75 (-1.554340604451132,0.9973720652044008)
295 (-0.6077744468348257,-0.5959276037221004)
295.25 (1.731025233263202,0.2985333959469249)
295.5 (-1.428111605302699,2.299837371963793)
295.75 (-1.110342168698362,-0.8509680095428103)
296 (-0.92467913784123,-0.9562760832336882)
296.25 (2.198580893974117,-0.9956427404714385)
296.5 (1.270644366226736,-1.149275778542238)
296.75 (2.327550605297435,5.582516738817317)
297 (-6.512620097154009,3.50699900412053)
297.25 (-0.03147720432613087,-1.531280091489981)
297.5 (-0.2538553652621007,0.7133357615822499)
297.75 (-1.855633788187683,-1.954127362360734)
298 (5.853462867838531,-1.521958359018057)
298.25 (0.1060076861462508,-1.762040011707427)
298.5 (6.588688613624944,5.307947833458873)
298.75 (-0.6971168378104282,0.2875947655875005)
299 (-0.1469455863697662,1.372161024345661)
299.25 (-1.188309517072229,-0.9736734977426857)
299.5 (-1.119768487705088,1.034174403953727)
299.75 (0.6076985787581153,-2.471807673636603)
300 (-0.8604929943384135,1.212368971927854)
300.25 (1.388138325165559,-0.8557941918852626)
300.5 (-0.3854592933218202,1.099099658245565)
300.75 (-1.997550268413137,0.8108434408311394)
301 (-0.1526835372544516,-1.066322856332307)
301.25 (2.024936187603223,1.063478626034554)
301.5 (-2.881217510549659,-1.287413598478647)
301.75 (-0.07277792765306262,-0.8689712698050127)
302 (1.59227236887324,-1.116007460168093)
302.25 (4.687665188646188,1.922441374752394)
302.5 (-0.06468389314015227,1.209757902876179)
302.75 (-2.168164260074446,2.047469831731078)
303 (0.2409882141010636,0.3558599143432057)
303.25 (-0.9412781308135798,-3.386788089051619)
303.5 (-0.6125145744906624,0.6347898688103655)
303.75 (-0.4732898756232332,0.174028336178342)
304 (0.07875923360883734,-2.862765404156767)
304.25 (2.666225510826315,0.8713030655723715)
304.5 (0.6654814004467119,1.507238853675808)
304.75 (-1.900204351766193,2.401824227964156)
305 (-1.394152768256157,-2.189620144427023)
305.25 (2.008879704076975,-1.850882257596939)
305.5 (0.5366015510304556,-2.638198374196695)
305.75 (-0.6546754721416965,1.684934974933278)
306 (3.685849110873786,-1.222460275210589)
306.25 (-2.866944203812043,-0.9096148109830009)
306.5 (2.426051586565563,-2.00442628992417)
306.75 (1.388011669461477,2.182358581352601)
307 (0.08631902265471689,2.167478353839396)
307.25 (-0.7692664726056982,0.859875071979606)
307.5 (-2.445725189808092,-0.1473140304899691)
307.75 (-1.516189035877531,-1.951236044195453)
308 (4.053204675360514,-2.31780416367335)
308.25 (-1.201953837163091,0.1343884310832385)
308.5 (2.375493325914505,2.28286776860715)
308.75 (-7.691426485889872,0.4725412156013027)
309 (-0.9036514836192332,-1.949011915646638)
309.25 (5.202127757693352,-0.3361260811667249)
309.5 (-0.4447521518828351,0.5683535367092561)
309.75 (-0.1902880121928188,1.664074085365482)
310 (-3.653551191053768,-1.846497437574943)
310.25 (2.409097659456934,-2.972459701611785)
310.5 (1.46787745514464,0.5568507406523888)
310.75 (-1.604181338380285,-0.3400561103821091)
311 (1.54467164343011,-0.7867572181165389)
311.25 (0.2652813992739567,1.830037830380087)
311.5 (0.9153193198506526,0.1983694307622962)
311.75 (-2.556360231012868,0.06486568070170597)
312 (1.6294104253087,-0.7573113178349989)
312.25 (-3.134836981367795,-3.683313545236413)
312.5 (2.178944645856256,0.4681644212006396)
312.75 (-0.1877757034985342,-0.9945888700943299)
313 (0.2438238256139445,1.628277190615852)
313.25 (-0.2899307697206776,-0.5085618439055358)
313.5 (-2.881624739349563,1.281531666167064)
313.75 (1.521953593442238,-1.133330992152991)
314 (-0.8144745391560929,-0.1404588441649448)
314.25 (-0.7019548070815664,0.8939278803700479)
314.5 (-1.106298281441091,-1.330485019761283)
314.75 (1.338838178623486,0.2738471619403777)
315 (0.520743021435899,-0.1040390337367349)
315.25 (-2.23716849207207,1.775819013831771)
315.5 (0.8967935768054143,-1.613696205652001)
315.75 (-2.386528957727812,-0.9530837169361223)
316 (2.059588855226616,0.7636492869540975)
316.25 (-1.005088700152945,-3.089389707117006)
316.5 (-0.7234368911786817,1.753837860885942)
316.75 (2.033070444424136,-1.819074015084578)
317 (-1.198499397262653,1.928837506410701)
317.25 (-0.1316280552125978,-1.076580595072097)
317.5 (2.75543899351628,0.6221439149330448)
317.75 (-0.691327982469183,1.549043559492125)
318 (-1.572092281551587,-0.5133197552679094)
318.25 (1.132568047899832,1.354354426645077)
318.5 (-1.099445499712506,-2.521631219541383)
318.75 (0.7514765781196204,0.9376911850170377)
319 (-1.175395997497008,1.14248311087361)
319.25 (1.023441616219326,-0.2559891325019833)
319.5 (-2.048443684670912,-2.60534637831577)
319.75 (0.9297632992440218,1.948968384862988)
320 (1.713440724754335,-1.1311441651398)
320.25 (-1.944205947132162,1.631716597831461)
320.5 (0.9993361552969786,0.5730740778813085)
320.75 (-0.4253779761648026,-0.6657578112913457)
321 (-0.03364793142954393,0.02177875849012148)
321.25 (-2.064530178386948,-1.013547711552085)
321.5 (2.235255105076639,0.3136841355363055)
321.75 (-1.146123112182479,0.2942601098112592)
322 (0.483599812829324,-0.733751199540666)
322.25 (-0.7485945793852132,0.7920105184068127)
322.5 (0.8828700565773192,-0.6307053221825846)
322.75 (-0.2031609820845451,1.493189352656695)
323 (0.05270913194977026,-0.575883006636039)
323.25 (-0.2795385556435947,0.07599300695267594)
323.5 (-2.141280268006011,-1.010862370384746)
323.75 (3.371238341071956,1.255963875598629)
324 (-1.625732642200661,-2.029348658890385)
324.25 (-0.3042750821363604,-0.2963532405995741)
324.5 (2.629659675722714,0.5769636003718717)
324.75 (-1.086588582001325,1.288152924263519)
325 (-2.309817994661508,-0.5701826563997072)
325.25 (1.568030343523015,-2.796874413579418)
325.5 (0.05286706695280106,3.599451544859613)
325.75 (1.400696365573707,1.365655721204039)
326 (-3.110864724596393,0.4011329280789288)
326.25 (0.2927768063255583,-1.389134526014168)
326.5 (-1.058851290347929,0.9904601949181794)
326.75 (1.084202655728529,-2.73257452593431)
327 (-0.8875968144892749,0.9785137264328515)
327.25 (2.246261679928573,1.088702406157561)
327.5 (-5.320610301402039,-1.131551053826646)
327.75 (0.8863108967927212,-0.9558698286583341)
328 (2.58149857171653,-0.388187921349569)
328.25 (-0.4631312694227956,3.175435413178701)
328.5 (-2.530549081681671,-3.082785315419044)
328.75 (3.72147061569146,-0.467574119579965)
329 (0.6703084528980369,-2.011079587305079)
329.25 (-1.216927617717983,-1.393933251286159)
329.5 (3.500068702037823,0.398932434954031)
329.75 (-0.6770534095857753,1.540621267836254)
330 (-2.098658829762051,0.7036288514167782)
330.25 (-0.573400537361879,-0.8122340670806802)
330.5 (0.2946524090088666,-0.4327822554147408)
330.75 (2.3857288448364,1.589630878187445)
331 (-1.795260186703777,-1.026494016532708)
331.25 (0.9092150131221406,1.123785672180455)
331.5 (0.07078281834073251,-0.05579536369926547)
331.75 (-0.8012558406497174,-1.599972083762705)
332 (2.09992911047348,1.961045272399036)
332.25 (-2.776552045167734,0.2222020554245024)
332.5 (-0.1198931372465068,1.52581855501559)
332.75 (0.06562161686601171,-1.758327469840376)
333 (-1.599188897461405,0.9233935129724056)
333.25 (0.3228796837731624,-2.712935107976127)
333.5 (0.1360920196170839,-1.614384472415962)
333.75 (1.704648806841141,0.1504133474299847)
334 (-0.6956125304851632,1.777243588384844)
334.25 (-1.125882828699624,-2.802509083593193)
334.5 (3.154049075927634,1.87985358381255)
334.75 (-3.03648723944757,0.428561259136052)
335 (0.6164671457840604,0.2405179720892929)
335.25 (0.07884273704949664,-0.9066611561371365)
335.5 (-1.591622578406778,1.121746569005589)
335.75 (2.283879667372669,-2.367992971388248)
336 (1.257501555197092,0.71789882823104)
336.25 (-1.023218056389876,2.333657501045048)
336.5 (-0.1044059142650232,0.4047098858286282)
336.75 (-3.842209167592353,-0.2038287287363764)
337 (0.8613347437811202,-3.937705935133641)
337.25 (1.097860616091384,-1.033509420440867)
337.5 (0.7534117266003142,1.372336132313124)
337.75 (-0.003512739704566622,3.492436134592735)
338 (-5.08266495755387,-1.249732156468219)
338.25 (1.050601772229138,-1.758368809484505)
338.5 (-1.45765579774719,-0.2965055984036924)
338.75 (1.481142439677175,0.9011954483584609)
339 (-0.3410222263188032,-1.247367246598407)
339.25 (0.7531912287005726,1.499415090941222)
339.5 (-0.3872205037302822,-1.799205435523733)
339.75 (0.9842574573707087,0.384712357398189)
340 (3.23696070800577,2.289515606334311)
340.25 (-1.957955995975817,0.5838926607460105)
340.5 (-0.2768425103531598,-0.5590480387228)
340.75 (0.7354027471484754,-1.974091156219474)
341 (-0.9188517378517767,2.19507428883624)
341.25 (0.3877820455814347,-0.2275662709042112)
341.5 (-1.087416050643958,-2.226909470976035)
341.75 (1.992135803094631,0.08894043012653761)
342 (0.6149161627849108,2.476472492832356)
342.25 (-4.944411582879044,1.27962965552224)
342.5 (0.9510096496499524,-4.631461082835911)
342.75 (0.9292570431240719,0.4130187454140791)
343 (-0.3527109996460221,1.183019267390395)
343.25 (-0.3528322260091366,-0.06739662965506515)
343.5 (2.896641670342125,-1.290795035585022)
343.75 (-2.292638262767238,0.1460218359544837)
344 (1.338973124871988,-1.690901379797359)
344.25 (0.2557547501590853,2.361012082025189)
344.5 (0.8251122833582898,-1.625077715497108)
344.75 (-4.401608929817865,2.536994493493343)
345 (0.9809712969947968,-3.420813491217352)
345.25 (0.5464333373691339,1.162129061067878)
345.5 (4.090228777913445,0.07323916168998049)
345.75 (0.2834525068102741,1.515344063660785)
346 (-2.456621168081093,0.2007349227962826)
346.25 (-0.2088567856355501,1.00405402530613)
346.5 (-1.641799586532085,-0.5912608149033051)
346.75 (1.863573834814883,-1.529730428425162)
347 (-1.232134797996104,0.1764688679306572)
347.25 (0.27474123990302,2.524093171729186)
347.5 (-2.699574576699492,-6.917712268935295)
347.75 (3.891150746957725,1.73092122856804)
348 (-1.633162312543036,0.8147726283322199)
348.25 (-1.200163033104581,-0.200543092009926)
348.5 (1.779829063485155,0.6073694357901201)
348.75 (-1.031012528069923,0.5978914635814531)
349 (-1.142344656432555,-1.649750299355653)
349.25 (1.512185177493512,1.119144160103778)
349.5 (2.454525712593116,-1.926945283918898)
349.75 (-3.618652493375453,1.511127263513282)
350 (4.291664456385191,-1.862291895257441)
350.25 (1.058893546376623,1.039285286941487)
350.5 (0.4442847258778885,1.981153028234672)
350.75 (-1.559608117065729,-1.772551361263931)
351 (-1.838774504364208,1.991562911976325)
351.25 (0.7363008634605225,-1.596062090869551)
351.5 (0.3409547468570081,0.8934638844730076)
351.75 (-0.7640626239842528,-1.314907755785153)
352 (-0.8272056517689222,0.9298876368950287)
352.25 (0.6050081775191039,0.1317410815876799)
352.5 (-0.1829993888626466,-1.200439797451089)
352.75 (1.440413897272699,-1.946016174220066)
353 (-0.9062892665750882,1.82979913218205)
353.25 (0.1157633645114526,1.133246759996724)
353.5 (0.5698129556455118,-1.93294228566441)
353.75 (-1.625105820385366,0.8338519972852443)
354 (2.425565932503891,-1.90832066705408)
354.25 (-0.2164552258520717,0.6074464788483585)
354.5 (4.893411343484694,1.966158191406866)
354.75 (-5.375064191760091,1.482474049210572)
355 (1.500064285621975,-1.255174755259259)
355.25 (-3.311725190956599,-2.20408412778848)
355.5 (2.432494656800134,-0.5932925600552804)
355.75 (1.034469597331916,0.9992966711783081)
356 (0.7540213674920577,1.248878161197371)
356.25 (-1.487912121134132,-0.5128568682224854)
356.5 (-0.04828086850317944,2.046148715285353)
356.75 (-0.003952105958073565,-1.973549345839744)
357 (-1.418099013691386,-0.6135028071340439)
357.25 (1.956727065963131,0.2152729992877246)
357.5 (-0.9964373694459957,-0.2475351841200154)
357.75 (1.026003775008319,-0.7411463322199148)
358 (0.62553266532568,0.01460924568152263)
358.25 (-0.03686234442392546,1.627111132184862)
358.5 (-0.3384002248173167,-1.651799686400892)
358.75 (-0.6818370106184767,1.765181802256817)
359 (-0.01855890297504202,-1.332086897841298)
359.25 (0.3709746036036805,-1.043199739371135)
359.5 (2.840248424237894,2.250938617496263)
359.75 (-1.165501619251267,-0.2113814728563012)
360 (-1.668943682625865,-0.1174461094666663)
360.25 (1.853027280933219,1.655182029592958)
360.5 (-1.262641753515885,-1.784461230417512)
360.75 (1.927163534121971,-0.3364359104006235)
361 (1.001530373878862,0.882629912922589)
361.25 (-3.353758682221395,1.71296567167514)
361.5 (-1.097722699368509,-1.277347955136927)
361.75 (3.416532638404457,-0.7359022833925881)
362 (-1.693740896957376,0.016444122271039)
362.25 (1.387190539750615,1.478568263808771)
362.5 (-0.7083105087995627,-0.5636020550803946)
362.75 (-1.629943447354062,2.252170771447795)
363 (-0.05184222898113053,-2.161913984306037)
363.25 (-0.8055587587168255,-0.05900916883243038)
363.5 (0.9899931961634556,-0.2023412302766201)
363.75 (2.095900988859787,1.72465355704054)
364 (-1.154270784119418,-1.459580022723273)
364.25 (-1.092675540662949,0.05887793068725226)
364.5 (3.29159071419682,1.141644223935592)
364.75 (-2.169339075936295,-2.16559465561269)
365 (1.161560164106338,2.130297232657556)
365.25 (0.7555846597989875,-0.5873928191160727)
365.5 (-4.147368788444617,0.874333526243532)
365.75 (3.68426966675711,-1.959012232044171)
366 (-0.7579429775572909,1.683869053519771)
366.25 (1.218516755686966,0.88510952030969)
366.5 (-1.578183169251368,-0.4673322049246161)
366.75 (-1.495139117040177,1.107743520076063)
367 (1.110409312995133,-0.5920290599256343)
367.25 (-1.998994736998008,-1.812582227529429)
367.5 (1.948952444203935,0.2769673209433478)
367.75 (-1.098023136879907,-1.586663258400778)
368 (-0.375974154875793,1.409792900338186)
368.25 (2.398520560370804,-0.02905276187462533)
368.5 (-1.562145510078418,-1.310899935579558)
368.75 (0.4326337062259256,1.635318975061387)
369 (-0.2118695103673328,-0.2840308723665542)
369.25 (-1.359564317168179,3.170638589343652)
369.5 (0.6355785206958624,-3.627513700696394)
369.75 (-1.130799575062686,0.5711803190856005)
370 (3.431448058005619,1.33937579105158)
370.25 (-3.638752640562304,3.363654953633214)
370.5 (1.5663491805828,-3.59599060815882)
370.75 (-1.6243465020196,0.9295697198736874)
371 (0.6799852708650999,-0.7878222246907766)
371.25 (0.6366748449207913,1.647414208087778)
371.5 (-1.608474650170038,-4.647531345103328)
371.75 (2.066929679767123,0.7085529914849277)
372 (-0.4593600982217285,-0.3379738113973649)
372.25 (0.4747899317582137,1.476698236720569)
372.5 (-0.1362404826567362,-0.2201914466634721)
372.75 (-0.3963168782662304,1.231086457813309)
373 (-1.661290729407336,-0.4934782300214619)
373.25 (-0.9852002215588107,-1.0594674936198)
373.5 (0.8469076428555862,2.54437301225824)
373.75 (1.875873790894876,-0.8822188200440111)
374 (-4.61452021092076,2.446433518017662)
374.25 (1.060058582025291,-4.958703196431138)
374.5 (3.336457744499311,0.8995510421778443)
374.75 (0.4122649537005786,-1.482583398670905)
375 (-0.2029012790921037,1.909674346596973)
375.25 (0.7019159596998733,-1.671472469395198)
375.5 (-2.365121954625057,0.76719546033731)
375.75 (0.01988081374788864,-2.288007448661898)
376 (5.467886611762695,-0.6513848659670476)
376.25 (0.151994360583026,2.177756879461897)
376.5 (-3.072735097678346,0.4930854836249138)
376.75 (-0.1089520409062516,-1.408128683517816)
377 (2.638628493475351,-1.96786675372829)
377.25 (-0.3661347830518606,1.641999481688037)
377.5 (-0.2005473469830109,-0.9581042829839111)
377.75 (-1.091814097885879,-1.397319034339949)
378 (1.962327422032292,0.847344492594019)
378.25 (-0.887458813178605,1.382976745132164)
378.5 (-1.92466087608929,0.8484961811053459)
378.75 (2.384019128275389,-1.841242555310312)
379 (-3.224562224107492,0.2789201225471998)
379.25 (3.706786787838078,-0.679846967882583)
379.5 (-3.736311314866449,7.241807981376493)
379.75 (-2.522426821855238,-2.239073500339192)
380 (1.646200747238701,-2.849211065483829)
380.25 (-0.3986397735993636,-1.876713875237339)
380.5 (1.180140793693677,1.285738469944721)
380.75 (-0.2859082255487975,-1.624558076868369)
381 (4.122715245335876,0.02713564956285806)
381.25 (-3.285271763157234,0.3757188205132038)
381.5 (1.876634155299675,0.3406936640072892)
381.75 (0.7454645337536262,-1.72785011928778)
382 (1.531070459337829,2.429181819267461)
382.25 (-0.5722695032397181,-1.273457279106338)
382.5 (0.8539210252862149,4.930798258832573)
382.75 (-1.620267888637808,-2.235602684408005)
383 (-1.310911997807862,1.478587673188993)
383.25 (0.800021458741066,-2.457258133347536)
383.5 (-0.612963404363894,1.023045546202229)
383.75 (-0.7856082752127255,-0.074922370224763)
384 (1.269323624601691,-0.2189271580142535)
384.25 (-2.924981734824315,2.212022900493295)
384.5 (-1.289468626354726,-2.507039397111099)
384.75 (1.036700746104585,1.791514210030708)
385 (0.5385984692019674,-1.956555167900103)
385.25 (-0.01947716892880797,0.8467159430022153)
385.5 (0.8136440888953801,-1.714894873243951)
385.75 (1.06689986642794,2.916451716962241)
386 (-0.420159020382157,-1.437912267225829)
386.25 (0.4373796038818388,0.8091271904888667)
386.5 (1.021381703019925,1.950413728517031)
386.75 (-0.5934223474752299,0.03873669250804884)
387 (0.5186914356466304,0.08096101247979379)
387.25 (-1.293186634840172,1.034327073954827)
387.5 (-0.6674936053414682,0.7030640288020203)
387.75 (-0.2907141492732929,-1.733915653690046)
388 (0.8633459848497661,0.6455570835634405)
388.25 (-0.01683300867385229,0.1211153914695056)
388.5 (-0.4959314302117953,0.8223148446034105)
388.75 (-0.1433898076683613,0.3610990108130003)
389 (-2.468182296581192,-1.02422653595726)
389.25 (1.913581789489975,-2.174327840936808)
389.5 (-2.207001718830748,0.8385760231156233)
389.75 (2.401850903620356,-3.121933065136172)
390 (0.7252659077513707,-0.257934042343053)
390.25 (2.489185932608231,1.303287820831076)
390.5 (-0.5324086378679181,2.377804629211501)
390.75 (-1.802155576797174,-0.7841238994103227)
391 (0.8486554613837735,0.09050439913019542)
391.25 (-0.06087078543176105,-1.031874795677427)
391.5 (0.01115467823570597,-0.1682329990121665)
391.75 (-1.617609835326614,0.2292038281189542)
392 (1.419854970224192,0.4132577271188149)
392.25 (-1.055127401736716,-2.061798002426321)
392.5 (0.9313710744691553,1.063376688633039)
392.75 (-0.612794700452762,0.1809775477609729)
393 (0.888903290798169,-0.5688006453225675)
393.25 (-0.4592819705398207,0.8461827068240231)
393.5 (-0.3643041501943621,1.316549147110189)
393.75 (-0.3926310404080547,-2.40926144644392)
394 (0.8770174812624715,2.715122009741579)
394.25 (-2.442312314765539,-1.722708701500505)
394.5 (-1.175235119439604,-0.3955560410361755)
394.75 (0.8584663345321523,-1.362987626124433)
395 (0.07591352813856674,0.7034946861524539)
395.25 (1.402320317200697,-0.3565253397750486)
395.5 (2.676177414729852,-0.5711317460113442)
395.75 (-1.543800099603226,2.69006094895429)
396 (0.7335079886262359,1.32068161558912)
396.25 (-0.5913032383114212,-0.5385388577088427)
396.5 (-1.850368077566491,0.4722211800009969)
396.75 (-1.26388173050277,0.8734752151736607)
397 (1.939081302363337,-1.623608156279218)
397.25 (-1.965668779946235,0.3725758163773921)
397.5 (1.145917739746852,-1.41250899717148)
397.75 (0.6992657208070547,-2.536291629125056)
398 (1.330663709564206,1.574417617660119)
398.25 (-1.489034133674584,0.3300609454766428)
398.5 (-0.8408648938841533,0.1456613336861571)
398.75 (-0.3611354384928307,-4.814980347213)
399 (2.496312321397725,3.294707776130701)
399.25 (-0.9075143190906537,-0.9522645780125407)
399.5 (-1.884368451237608,0.08147604888164063)
399.75 (3.669315851563455,-2.077488698550487)
400 (3.769638206988331,5.027188225677691)
400.25 (-2.839298133444771,0.7421674222864751)
400.5 (-3.02956336783973,-1.207826548907975)
400.75 (-1.564275616972095,-0.296977497883768)
401 (1.930563678846188,-1.959068544788167)
401.25 (-0.1223485057392458,-2.183392892536313)
401.5 (2.041803518666982,1.543875005570858)
401.75 (1.422349763307467,3.173236776491686)
402 (-0.5354663097895045,1.42774175484337)
402.25 (-3.313828729027951,-0.8282179103255733)
402.5 (1.336949285785958,-0.5598574634535696)
402.75 (0.4832525433199858,0.8080461798030447)
403 (-1.319239956576981,-0.7492783938417519)
403.25 (1.586780401087611,0.2976575890639436)
403.5 (-0.1761334297256774,-0.2668943938978307)
403.75 (0.2149312285332969,0.6808176320862441)
404 (-0.528770434619404,1.113446912195214)
404.25 (0.2582587097221249,-0.9995885981836137)
404.5 (-1.97869122513909,0.9237305132343006)
404.75 (-1.319021169903493,-1.657652655134244)
405 (1.415252156708428,2.066848853205788)
405.25 (-1.168390588285313,-2.778438875965192)
405.5 (-0.2446013901524325,-1.861097049092531)
405.75 (1.134492681208132,1.339278078627891)
406 (1.087470127361296,-0.9249811999129903)
406.25 (0.2340539229086013,-0.4052226382479912)
406.5 (-0.7755033539238375,2.4490425795193)
406.75 (0.823669770133305,-2.684305049203497)
407 (-0.533486593673726,2.761905684440069)
407.25 (0.9881931208377956,0.289040533315832)
407.5 (-2.318599812156547,1.721020287163835)
407.75 (-2.3650203658487,-4.011913616033331)
408 (4.266605575603372,1.730560685883187)
408.25 (-0.5767629845285113,0.7698622690510781)
408.5 (1.352678676388631,-0.5581688699993849)
408.75 (-4.355912527360112,3.051049023560363)
409 (-0.9814239669719208,-1.460998192716323)
409.25 (1.842591773474206,-0.558648243422972)
409.5 (-1.495399780070592,-0.8031345737542629)
409.75 (0.8402733533901656,-0.003975546056247729)
410 (1.820653251938748,-0.6756765191479214)
410.25 (1.542892692208911,0.3548656380223905)
410.5 (-1.316968779768225,-0.1504775262317891)
410.75 (0.7323166079589,1.66901283912894)
411 (1.394292556507219,-0.2824017041433912)
411.25 (-0.9402936799611263,0.7801874175777149)
411.5 (0.1217573211860121,1.245426866844657)
411.75 (-1.871557781953859,0.1420424018860035)
412 (0.8631009660922118,-0.5849496485877909)
412.25 (-1.039040129994061,-1.646336271570885)
412.5 (2.202933650310161,-0.6261117787721097)
412.75 (0.0324537681508562,0.8007102074764998)
413 (0.3166826379291888,-0.6642736273294056)
413.25 (1.406957339504465,1.289414708896483)
413.5 (0.130316607858444,0.8718493739023254)
413.75 (-1.974393866772469,0.4970759252906145)
414 (-1.232990072408547,0.7526871324617997)
414.25 (0.3929722346765048,-1.899733448423472)
414.5 (0.09745113234502058,-2.053929620944436)
414.75 (0.8999740466062499,1.82319986733742)
415 (-1.103847272823572,1.201449541481269)
415.25 (-0.7697379978948415,-3.457460691805227)
415.5 (1.338497331813634,-0.5643423973530218)
415.75 (5.129453682329615,4.17741702260385)
416 (-3.556321873931379,0.6668638945505864)
416.25 (3.502989393818436,0.6020991177553617)
416.5 (-2.084442814644766,-0.09455685571587566)
416.75 (1.282678712392735,-1.00852883954636)
417 (-0.499715168400735,-0.8069633484802227)
417.25 (0.2676069978974718,1.613432052675243)
417.5 (1.14708775376573,-2.553548397675375)
417.75 (1.090577755315402,0.8848187308322703)
418 (-2.300911308739392,1.720222777330657)
418.25 (1.641062181042614,1.029714198826201)
418.5 (-3.269950920261994,0.6386298083324259)
418.75 (-3.094665181968414,-1.006634450684416)
419 (-0.9952651918226256,-1.655717014524856)
419.25 (0.9157542694078183,-2.145457147925976)
419.5 (1.911973160928689,0.0006830841088614986)
419.75 (1.512151864732282,0.9550442201952533)
420 (-0.6445349644022802,1.060476244801267)
420.25 (-1.635297465406327,2.574500610751108)
420.5 (1.278138854426351,-2.175939942608594)
420.75 (-0.9923205199456548,1.11895904479446)
421 (-0.7396513300407748,-0.01828907106777112)
421.25 (0.1463687432661653,-2.111978523347052)
421.5 (1.030240152510457,0.2528811234454412)
421.75 (0.1844406256994427,-0.5527143076990993)
422 (6.060670271354792,2.534981975151365)
422.25 (-6.173959495321256,2.441694614530364)
422.5 (1.632927707287017,-0.927586666831747)
422.75 (0.5633281986837728,0.04205457536719105)
423 (-1.876635862568483,1.81854783039837)
423.25 (-1.522400270398205,-2.630360508327387)
423.5 (0.8834162696015216,0.01724433391208037)
423.75 (-1.561984866590869,-1.204482700737475)
424 (-0.8931978764271019,-2.016577738565292)
424.25 (3.60734812834271,0.6212442355763031)
424.5 (-1.15972358708823,0.1681419824001439)
424.75 (0.9144564057171876,-1.069282288457976)
425 (0.9769933422988129,1.895019553960306)
425.25 (-0.9132644685979048,0.3536041915322019)
425.5 (-0.7758969539552762,-0.8418544793577928)
425.75 (0.01317727804940337,2.08248027123309)
426 (-1.08820677268922,-0.963014860932051)
426.25 (-0.05614483546453955,-1.465024951437536)
426.5 (-1.12048074709475,1.056203834170319)
426.75 (1.723234169165056,-3.302430280175291)
427 (1.700526110042121,2.542732670930743)
427.25 (0.391721868246025,-1.554305161765125)
427.5 (-1.269945389698818,1.479685274244795)
427.75 (1.97050248735383,-0.09651442608145637)
428 (-1.968353219391126,0.1033540950466898)
428.25 (-1.640717639255582,-0.08348401360443675)
428.5 (0.5608542622108514,-0.7372820242984457)
428.75 (1.772891396703737,-1.364227268490631)
429 (-1.287768810854072,-0.9854625889692362)
429.25 (1.936934334699203,0.94353601188252)
429.5 (0.2504630392259444,-1.087414043954212)
429.75 (-1.070894606794077,0.5987069540632729)
430 (3.069917494967036,2.089602894441697)
430.25 (-0.5514398197363414,1.255130045966737)
430.5 (-2.183791633457473,1.190324009304622)
430.75 (-1.049605920877645,-0.7483425430131559)
431 (0.5883365401102456,-2.801025942893644)
431.25 (1.016827201929447,-0.1882092083630512)
431.5 (3.510768069906263,1.724444890601572)
431.75 (-1.629722830025147,0.5672241906095579)
432 (-0.5507797049027739,-2.617367910942829)
432.25 (4.031843074457037,4.150573603521703)
432.5 (-1.135582354167109,-0.04705268342796241)
432.75 (-1.01886562715678,-3.143815212799059)
433 (1.161870312484159,1.617242189304832)
433.25 (-0.6271388582453595,0.5743069670506192)
433.5 (2.161811391134997,-1.838116758311311)
433.75 (-1.281880940212111,0.5744223322249228)
434 (1.934769278800892,2.192613218511276)
434.25 (-2.625239887467583,0.05806346574767687)
434.5 (0.760212558250564,-0.7603552982704412)
434.75 (-1.170372170636972,-0.6551920982926078)
435 (0.3979613361793327,0.144062931578311)
435.25 (-0.6003680766743973,0.45560471576067)
435.5 (0.8571800551523521,-1.437366274762544)
435.75 (-0.7318185780824266,1.32201452625048)
436 (1.540683342723306,-0.5118842517183739)
436.25 (-1.787720498000796,0.5201436142555802)
436.5 (-0.2114979337083933,1.086142526221846)
436.75 (-0.6508516762266175,-3.895572108484166)
437 (2.664980118657187,0.4880272801625436)
437.25 (-0.6532424522826035,3.416593139344382)
437.5 (-1.114629260052368,-1.044486082064216)
437.75 (1.040799907385684,0.06548055452962116)
438 (-1.472322854203591,-0.03376057183319692)
438.25 (1.849443389923885,1.190500596802092)
438.5 (-0.8573735986946165,-2.760988831504123)
438.75 (0.7630749518431911,1.90950941500945)
439 (-0.3720693492582341,1.046300587062553)
439.25 (-1.363292508614165,0.09077423456666714)
439.5 (0.1668107425558563,-1.830153047580031)
439.75 (-0.9702161238820477,1.957345105951287)
440 (1.32162483505954,-0.1192208681731255)
440.25 (-1.307752882361017,0.2006484398023727)
440.5 (1.103686360707812,-1.576611561147611)
440.75 (-0.4000991013036423,1.297047589337736)
441 (-0.518693731458039,-0.7758665561656318)
441.25 (0.7815659211720362,-0.9345131289153398)
441.5 (1.765926688459797,-1.643628371234227)
441.75 (0.9593756331931633,0.9341945383370178)
442 (0.03615367650163196,0.8168763862574242)
442.25 (-1.318025614922163,1.289501846484441)
442.5 (1.181664849547384,-0.566971474414266)
442.75 (-0.7165575391656319,1.492593408588797)
443 (-1.893934094461542,-1.731860201848797)
443.25 (-1.285410849105585,-0.5263258689277728)
443.5 (1.455640354210398,-0.775647726908124)
443.75 (-0.910538043271382,0.929419330750754)
444 (2.092906759779948,-1.452181161460877)
444.25 (-2.149205740609964,0.6166092297520749)
444.5 (1.233069787817398,1.520836569427549)
444.75 (1.630421447771775,-0.9066219679191794)
445 (-1.183529223761266,0.3853328792792404)
445.25 (-0.7608524274335815,-0.3925079266788116)
445.5 (1.429669922475543,1.21742330409774)
445.75 (-1.262832819348243,-0.5367190018749298)
446 (-1.099061025026327,1.041505563989782)
446.25 (1.08481637167242,-0.2471510712313372)
446.5 (-1.750207721822994,-0.5852472292192316)
446.75 (0.322607756477664,1.427652108564022)
447 (0.5629188321617976,-2.642969087251549)
447.25 (-0.03304607408540287,0.9745827015638511)
447.5 (0.2159174419281998,-0.12605243089627)
447.75 (0.8894910253949322,1.254410933428462)
448 (0.1218181464085033,-1.885030740269353)
448.25 (1.873608275985829,3.297889086119633)
448.5 (-1.883758681950105,0.5617200605276994)
448.75 (-0.2753342579964569,0.6134920722620025)
449 (-1.357698471548847,-2.624856724131555)
449.25 (-0.09565033677166498,-0.4307518880652728)
449.5 (0.06677031445848397,1.208736714282233)
449.75 (-0.5637137170259137,-1.970484573196372)
450 (0.9231791058784047,-1.240693085975253)
450.25 (0.05559909099372088,1.361315151508798)
450.5 (1.749691714201185,1.029200609037772)
450.75 (0.05804804948118126,-1.995421207840752)
451 (-1.901862904452345,3.348836203599258)
451.25 (0.4535624946994152,-2.02415591030522)
451.5 (2.141940084974959,-0.09259460949829734)
451.75 (-1.918315143279586,-0.9471456998302135)
452 (1.800550830480395,1.320598390363731)
452.25 (-0.257596827772137,1.213475424860011)
452.5 (-3.42004939118114,-0.3758452108289553)
452.75 (0.497245776493032,-0.9607841600660848)
453 (0.6470868369976451,-1.272612479716468)
453.25 (0.116587876983551,0.6229078130536873)
453.5 (-0.8367815945601578,-2.234477966274948)
453.75 (0.7671569420722745,1.91111940781016)
454 (1.680210925934033,0.1363244052781981)
454.25 (-1.698702756455122,-0.2698949308630087)
454.5 (0.8203445615187489,-1.092615470438343)
454.75 (0.5120239818684019,1.369174963181491)
455 (-0.03963857166071702,0.2408960025493198)
455.25 (-2.922822180421162,-0.6072829621952309)
455.5 (0.1021546131865167,-1.672073103428152)
455.75 (-0.3734944496033985,2.032032046156041)
456 (1.002785190058029,-2.942943000007047)
456.25 (1.812183977692736,-0.08936330604577879)
456.5 (-1.188361842866919,2.343674418946506)
456.75 (-2.234827292405944,-2.283536553357583)
457 (2.478073973426525,1.613450209166544)
457.25 (-1.367953873599348,-0.7250117709919223)
457.5 (-0.6235215509253654,-1.412211652566968)
457.75 (1.45636723355051,-0.3465376127775192)
458 (0.9772727553882059,1.364344435937922)
458.25 (2.163218146322234,0.6871287708209671)
458.5 (-2.011375978836101,0.3507086667994693)
458.75 (-0.0878394849435367,1.778707914447058)
459 (-4.184777229420093,0.810347620982267)
459.25 (0.4307828710664175,-1.324419935091834)
459.5 (-0.9798975845835072,-0.6419162998589055)
459.75 (-1.63939376198573,-0.5388710861542224)
460 (3.112835348067845,-5.088404303627906)
460.25 (1.590936359891362,1.29573009673239)
460.5 (-0.9306378231991133,-0.2237431380563643)
460.75 (-0.4080513300927158,0.3850515041822819)
461 (0.08721525705915964,-0.4487768199152736)
461.25 (2.728189404694161,-0.4777517013080339)
461.5 (-1.056541257825713,-0.4211156982262622)
461.75 (1.615060995852453,0.7012382032774241)
462 (0.3545684459979848,0.5902910565501442)
462.25 (-2.090127092802262,0.5815502643727337)
462.5 (5.153582184777741,0.3879026755544738)
462.75 (-8.178005289338007,7.592888876788433)
463 (0.005305054512773673,-1.686206016277897)
463.25 (-1.19406395297324,-0.05976276130331213)
463.5 (0.8993660176620094,-0.9217327918969603)
463.75 (-0.8040009710848005,-1.114214090712787)
464 (1.502111321217352,0.6818732729628452)
464.25 (-0.1231874682423744,-0.5409784037924072)
464.5 (0.7860032164472273,1.137853569044352)
464.75 (0.163941185090482,0.1652444894688061)
465 (-3.307022074808571,3.182555413547987)
465.25 (0.6860553227193826,-2.962300171338589)
465.5 (-0.03193247244959845,-1.605493661081806)
465.75 (0.5495129908191242,2.496945415535499)
466 (-0.6259020883659256,-1.226368419529165)
466.25 (1.374067874202598,-1.71720202944453)
466.5 (0.5212795149685985,3.818845971596577)
466.75 (-1.044541504407411,-3.24475888459313)
467 (1.768815672121311,1.409457071979653)
467.25 (-4.471975702976104,3.188394293855547)
467.5 (0.4301243484661688,-1.113468807070142)
467.75 (-0.8106408863377451,-1.908264815212086)
468 (1.080163513505171,1.099307843810418)
468.25 (0.7274632711361045,-1.330921167670682)
468.5 (1.525630010375014,2.506411939917066)
468.75 (-1.626143366547625,-1.839657849849055)
469 (0.5813768669630709,0.4199494466644934)
469.25 (-0.2385431550334363,-0.1759800167159375)
469.5 (2.676818802736277,0.8662084957782096)
469.75 (-5.290309888721884,0.1463649040830663)
470 (1.331025594746238,-0.2782670270065806)
470.25 (0.1497636117989273,0.5917539707208042)
470.5 (-0.1603810613432024,1.865533410695933)
470.75 (-0.704391179113113,-0.3312522799056977)
471 (-0.6067234851229256,-0.9192130474732011)
471.25 (-0.3511041338161144,1.349976384523129)
471.5 (0.6933150310502127,-1.448923801856451)
471.75 (-1.04599395573508,0.7071976327828884)
472 (-0.8458499376912018,2.215312138978541)
472.25 (0.7948311155785444,-0.6004425929898811)
472.5 (-1.620495839955562,-0.7000439659558122)
472.75 (1.371264375927446,-0.5696044065653163)
473 (-0.930096081410273,-0.2692564470451937)
473.25 (1.354105824230749,-0.3388562998264983)
473.5 (-0.9961736586933388,0.2628240334414904)
473.75 (1.273413200040334,-0.9457214935435861)
474 (-0.5817343827482748,0.85259683919088)
474.25 (0.8332482228473431,-0.4029049118805745)
474.5 (0.4309906581513721,2.624694570423317)
474.75 (-0.7043452535615528,-2.641566852441606)
475 (-0.2945968062837339,2.828346797324941)
475.25 (-0.9578653429838082,-2.036166976351132)
475.5 (2.234059957017422,1.081300702097342)
475.75 (-1.804761068444608,-1.876219463717037)
476 (0.1045133182913792,0.1494934664582749)
476.25 (2.228903178678016,0.760507844558594)
476.5 (0.8402220790064621,-1.132490503967247)
476.75 (-1.608225834036962,1.734954447981797)
477 (0.05590367486767187,1.838242369083142)
477.25 (-0.63860301820254,-0.2366545531092913)
477.5 (-0.9258603286362658,-1.770265350800869)
477.75 (0.1649201833582511,1.556855619187669)
478 (0.1784817504721336,-0.4115123316587536)
478.25 (-2.2055924274733,-0.2202339818072996)
478.5 (2.046144570687103,-2.236473516086166)
478.75 (-0.4298979983770684,1.238190710275554)
479 (1.429879883547184,-0.1660172909493287)
479.25 (-2.273860089622876,0.7169892528454125)
479.5 (1.752206695733658,-0.5077684928937813)
479.75 (-0.7819852027639983,-0.7648617240499721)
480 (0.3873765286229331,1.965961143180978)
480.25 (-0.8928269132006185,-1.666140510502965)
480.5 (1.798384196327577,0.7929527298366963)
480.75 (0.8602956459953799,0.6018957954855393)
481 (-1.68431198929958,-0.06332977685747143)
481.25 (1.325692487038072,-0.2874217554931561)
481.5 (-0.08120420923569369,0.6409135113417821)
481.75 (-0.6362216554834117,-1.316114275837964)
482 (-0.06115397291075039,-0.8824666098718335)
482.25 (1.182595371053247,3.292704445311637)
482.5 (-0.1971415686490714,-1.710604355672082)
482.75 (-1.674853962138674,-0.5586511457956761)
483 (-0.5345109403206432,1.205972569913128)
483.25 (0.9643163635938405,-0.8336100386748552)
483.5 (-1.218825149373815,-1.025358056156622)
483.75 (1.169886021088546,0.7838872596361776)
484 (0.2361404358714326,0.3116664153920523)
484.25 (-1.640594387701075,1.024315568287949)
484.5 (0.3888724720009275,-2.048607672034796)
484.75 (0.8298507012494661,4.116195932561769)
485 (-1.629427785435044,-0.7603467156626977)
485.25 (-0.06259045450741613,-1.547611033361794)
485.5 (1.599368106084974,-1.627832967093611)
485.75 (1.643162431479175,0.5693455442499497)
486 (0.3467541989181143,0.453649351545271)
486.25 (-1.588300731713457,-1.675627877024489)
486.5 (2.979821413521629,0.57396666807387)
486.75 (-1.495361148802981,-0.7041212643280212)
487 (4.425716454966861,1.443311260230407)
487.25 (0.9346307616150754,-0.8700928098190122)
487.5 (-0.4016383974458515,3.075136913987434)
487.75 (0.5830229807650349,0.3993126453008042)
488 (-1.791528442760848,-0.2041324743477404)
488.25 (-1.773635576979844,-0.1877010381961164)
488.5 (1.896786987418003,-0.4928812813744293)
488.75 (-0.9700795506239778,-2.02224226189518)
489 (0.1916176059442904,-0.314356245911654)
489.25 (-1.41548710147064,-1.73385493338077)
489.5 (2.26163402774773,0.9555404701101283)
489.75 (1.604361853759311,-0.7740691416509712)
490 (-0.930024881484782,1.349198275005623)
490.25 (-1.568269178163401,0.1702524157443381)
490.5 (-0.2025616099000468,-0.2033423287985098)
490.75 (0.5513773011206656,0.1047646726229937)
491 (-1.939285717027875,-2.45199588672629)
491.25 (-0.46542900686005,-0.5534350660405613)
491.5 (1.631205135498565,0.4185180184764036)
491.75 (0.9153031962163125,-0.1632866666240468)
492 (1.35313861130174,-2.374293395796393)
492.25 (-0.6548190911319021,3.64429915811214)
492.5 (0.9571477260466623,0.6965379955961275)
492.75 (-1.357753666958866,1.049393666467427)
493 (-0.01035855574077271,-1.837494580345604)
493.25 (-1.448917990147533,-0.7928729365232479)
493.5 (1.212630311520533,-0.4424501265072197)
493.75 (-0.5274468543215028,1.097122507527357)
494 (2.474739278074173,-0.9677228120211018)
494.25 (-1.073197758051233,-0.9107052871457029)
494.5 (0.8943672279728218,2.684431602497989)
494.75 (-0.9818527840790984,0.949078955587881)
495 (1.513429839310711,-0.929346308047741)
495.25 (-1.081338618806371,-0.829798172495869)
495.5 (0.6710601506537431,0.8628105279456452)
495.75 (-0.3169681915761611,1.371247664814479)
496 (-2.744859072177281,0.5975158746569167)
496.25 (1.485694781677807,-2.15268284709705)
496.5 (-1.096686415626264,0.8171420835358044)
496.75 (1.118610982848444,1.091049984403502)
497 (-4.726544432500515,-3.70905208635751)
497.25 (4.801096719276738,1.333247982502758)
497.5 (-0.08032723112842863,-0.8203461587708885)
497.75 (-1.062171836276459,0.6572738357433694)
498 (1.198232232731994,-0.3906241513695102)
498.25 (0.5768770086844895,2.286795077832128)
498.5 (-0.939780736492132,-0.9409149138166445)
498.75 (-2.705996492249535,-0.9264400570641222)
499 (2.384685694036789,-0.6941325802555702)
499.25 (-0.1154629921530431,2.107668027012461)
499.5 (0.5019918111045626,-2.788793012910334)
499.75 (-1.369031404534824,1.176986172758148)
500 (0.9829629079013662,-0.4236317496676237)
500.25 (-1.31007079779455,0.3103470613160791)
500.5 (2.13416430161933,0.07554591295649429)
500.75 (-1.711282304434084,-0.5188467857266982)
501 (-1.45221208072996,0.2335691674705288)
501.25 (1.355424967704915,-1.674428273484924)
501.5 (2.08328589577189,0.2044621283489818)
501.75 (0.65148424245445,1.380518952147988)
502 (-5.58752969638706,1.0166949632593)
502.25 (0.004100849809490558,-0.9289966815351619)
502.5 (-1.17089126139985,-0.801082520696881)
502.75 (1.948514696830167,-1.504406436827166)
503 (0.2417255577467231,-0.5090369759427488)
503.25 (0.370285296835847,0.5380461518498799)
503.5 (0.2548494133932387,2.091342360586666)
503.75 (0.9788074788949087,-0.3690506469718519)
504 (-1.160001813338428,-1.8003140546791)
504.25 (-1.016645030322492,1.099724145442265)
504.5 (-0.176018288129813,0.8154994273222591)
504.75 (1.821808628027603,-1.027559456764806)
505 (-3.735634759381877,-0.3702647856293052)
505.25 (2.746865176709949,0.02007162760521796)
505.5 (-0.907599699857753,0.08150167360109702)
505.75 (1.894570265032433,0.6711656636045724)
506 (-2.888225180063723,0.6089577299162375)
506.25 (-0.1418087158184811,1.356501073240158)
506.5 (-1.125161940595321,-2.936219222489977)
506.75 (1.516444078853659,0.03984199108841039)
507 (3.069444759818561,3.275358910221722)
507.25 (0.5316635233506346,1.548382407541968)
507.5 (-3.68636018902001,-0.7136599174277817)
507.75 (1.626241455072509,-0.1627095927061819)
508 (-0.7025085520012212,1.109737247564492)
508.25 (-2.259423685384588,0.3326764097109128)
508.5 (0.8686488901103986,-0.9968344469060956)
508.75 (-0.2470674566767002,-2.332320604702731)
509 (1.10993692455902,0.8485819619063979)
509.25 (2.888153998948272,-0.2728230505598878)
509.5 (-0.305007133022198,2.718212653801909)
509.75 (-1.751428916569912,0.4943652878136245)
510 (-0.4815169230371707,-1.446556120643147)
510.25 (-1.27414433136528,-0.8584301411293525)
510.5 (1.334807066119683,0.4720455585879341)
510.75 (-1.393627975584363,-0.7387813201715621)
511 (0.687527579398135,-1.201493328326992)
511.25 (0.3644739125715606,0.7603582381630304)
511.5 (0.1206255242195202,-0.3344288220024287)
511.75 (0.9646498709902817,1.180661879348601)
512 (-1.048455030141031,-0.3141132265934298)
512.25 (0.8528715216092532,-0.9365929909518609)
512.5 (0.1181371240480734,0.7131434719698381)
512.75 (0.8198802811443208,1.615367256471172)
513 (0.8521279661050498,-0.466817644825015)
513.25 (-0.4855809882703202,0.8819418390222137)
513.5 (-2.43518223129534,1.588450430795326)
513.75 (0.723634181512269,-2.700390047667858)
514 (-1.228268392785348,-1.630825730991138)
514.25 (1.667345562446656,1.033977968456398)
514.5 (-1.663153624986726,-1.237680435097616)
514.75 (0.7460404377142015,1.377538041029789)
515 (1.290681190161264,0.6284828517618256)
515.25 (-0.5331338134515486,-1.980889842485916)
515.5 (-0.419625674407019,1.123743754901397)
515.75 (0.6490047782003737,-1.798555144704516)
516 (0.4108032439649266,2.381834978688099)
516.25 (-0.4993640290176971,-1.746180718142639)
516.5 (-0.8785383013404696,1.400771885259986)
516.75 (0.4003297101949292,-1.056995051354495)
517 (0.3773730010378977,-1.003605329853195)
517.25 (0.07391852623097341,1.525646609040577)
517.5 (0.3419852061015473,-0.6103681665657593)
517.75 (-0.6165375365934986,0.3236804839341377)
518 (0.6810224894748987,-0.7236232448797164)
518.25 (-1.44500267076479,1.376170482473336)
518.5 (1.506842483493379,-1.309911288550009)
518.75 (0.3136080666367871,0.4873178648771242)
519 (-1.580185874928987,0.1692433729757471)
519.25 (-0.09040990799957749,-0.9391561103028079)
519.5 (2.459616801442358,-1.211674693895318)
519.75 (0.5252036844548419,0.3091577423370157)
520 (-0.9496530109635234,1.912361192791462)
520.25 (0.5798617426696058,0.2223072606691454)
520.5 (0.1321158467678697,0.6310160767000741)
520.75 (-1.288593653638482,-0.959577507767063)
521 (0.4619615594876917,0.4486555132825082)
521.25 (0.3269140428062748,0.7644804172928021)
521.5 (1.472071995563331,-4.380555732019732)
521.75 (0.2757105638731278,3.273276297199442)
522 (-0.9575981670946631,-0.93621701369397)
522.25 (-0.9138285338515353,1.265352110337191)
522.5 (0.1785069399590518,-2.32125836016183)
522.75 (-1.487600723222453,-1.845134254875926)
523 (2.046909736239302,0.8258467381238287)
523.25 (-0.8344384092782484,-1.052486227135144)
523.5 (1.783464036714887,-1.076966664267244)
523.75 (2.082771543785022,0.7431878451078886)
524 (1.738162092651099,-1.283916966910729)
524.25 (-0.03325076176597268,2.0291949783371)
524.5 (0.08414663296631875,1.941323791866451)
524.75 (-1.033191340875128,-1.457500677548316)
525 (-0.8770751260749798,-1.112265086967363)
525.25 (3.341960068644961,2.782458558995532)
525.5 (-1.740327801992309,0.6900090483289932)
525.75 (0.03050621950916158,0.8940957897625178)
526 (-1.310656026431084,-0.3738925227639396)
526.25 (-1.258634124556466,-0.6653972582532039)
526.5 (-0.2885976558925752,-0.9102139486492504)
526.75 (-0.1634039670165629,-0.3123443454372739)
527 (-0.2345380805866428,-2.764702209437976)
527.25 (3.404705196062022,-2.91067639958762)
527.5 (0.8775168891215417,1.223555669291645)
527.75 (-0.3663399258547618,0.01226473084290031)
528 (0.6938564060586557,0.820109356720697)
528.25 (-0.617276609396585,-1.634256016315319)
528.5 (1.1364687439818,1.734445121114387)
528.75 (2.005058812813799,-4.766964608577435)
529 (0.9623164305941908,1.746067084449067)
529.25 (1.643637019645478,0.1897971816474268)
529.5 (-1.63776697130037,1.110982310429331)
529.75 (-0.8120380718480171,2.568646373947923)
530 (-0.182197221655857,-1.50070613050271)
530.25 (-0.7577780492177522,0.9889543595256655)
530.5 (-2.180522911201972,0.3763006950896364)
530.75 (-3.618172523849766,-1.113161538882476)
531 (0.4706030384791434,-2.794701294192071)
531.25 (3.167909965305915,-2.531643636684886)
531.5 (2.598849183007029,-0.34042187835578)
531.75 (4.038573363822237,4.361682241446847)
532 (-0.5142838638254916,0.9990049301680056)
532.25 (0.4343367370231803,-0.5622165985839062)
532.5 (1.164675260316451,2.725936645726615)
532.75 (-2.243811485578864,-0.02750837380429819)
533 (-1.797341831808828,0.1876349737431307)
533.25 (-1.063286278833777,1.617300293601531)
533.5 (-1.098583685982985,-1.843342582931044)
533.75 (1.270139648884137,-4.000815951112457)
534 (0.1548233606717232,-1.335920011933673)
534.25 (2.199618573929016,-0.1275001043960666)
534.5 (1.103152732223075,0.9777181090951786)
534.75 (-0.5045099395610007,1.606000076526066)
535 (-2.007385808006986,-2.159893163790146)
535.25 (1.688694814325821,0.6782904121593295)
535.5 (-0.8267074902189686,-0.5601737409737702)
535.75 (0.224259513846283,1.240111465308973)
536 (-1.039334086295083,0.3895266445635733)
536.25 (0.17811692721738,-1.328272821314141)
536.5 (-1.570922276739696,-3.236721691490537)
536.75 (3.216733489899188,1.855990915847854)
537 (-0.9719514601677657,0.06685116942273943)
537.25 (1.466601779853193,2.872190550871761)
537.5 (-2.414457782402773,-0.4039488500893428)
537.75 (-1.70623866834135,-1.396610477045337)
538 (2.393162433865595,-0.5248997946743402)
538.25 (-0.3071180319990943,-0.1235426213628379)
538.5 (1.434408271776854,1.633140549057218)
538.75 (-1.930474670532211,0.4016761697236613)
539 (-0.5806265972770891,1.897474468809188)
539.25 (-1.204884050366656,-0.1887075788170164)
539.5 (-2.975058878254935,-2.899085214857324)
539.75 (1.393461825185446,-1.35264583762962)
540 (2.364819139374938,-0.7046500571160039)
540.25 (2.207055840956008,-0.8385984767705246)
540.5 (0.6733808819069499,1.42645625972572)
540.75 (-0.6648082939339448,-0.5991794069412445)
541 (1.221166861151204,0.8479536019417557)
541.25 (-0.06163388890047319,-1.258864806105448)
541.5 (0.2743118923047463,1.314132015186953)
541.75 (2.749350721223659,1.547416987163301)
542 (-3.035785480657093,0.843922372774166)
542.25 (-0.9028441395503117,-0.7394757045934723)
542.5 (-0.2607033929151862,0.7651023475523151)
542.75 (-1.343428813134583,-1.900275690065096)
543 (2.446063741912081,-1.396659794677881)
543.25 (2.540228906830968,-0.7736206271724818)
543.5 (0.08768104590880731,1.823754137821183)
543.75 (-0.7863833943016304,-0.7483983601494605)
544 (-1.357599177684526,0.3629411787588728)
544.25 (2.329584428531633,0.3087130939299849)
544.5 (-1.595504414263788,0.5251269672395348)
544.75 (-2.594998066033869,-0.01511592338007292)
545 (3.115592516845695,-1.275023058390362)
545.25 (-0.3938483288873402,-1.769676645685121)
545.5 (0.02405842212197019,0.6829491175500545)
545.75 (-0.1558318508673226,0.2738335822548149)
546 (2.738387838304596,0.1369446579287646)
546.25 (0.01006552214391992,0.4040379877001754)
546.5 (-0.7371321679033899,0.9791386004278623)
546.75 (-0.04753974990096554,0.8133904629188915)
547 (-0.1599825264225197,1.254259316684625)
547.25 (-2.555346313253869,-0.1022303168081917)
547.5 (1.786347873849691,-3.281535060313483)
547.75 (1.269247763505297,0.17540165270744)
548 (-1.507301565742547,2.696597640392683)
548.25 (0.8828340614127345,-0.6268868021881814)
548.5 (0.04931225554983704,-2.591510624183773)
548.75 (-1.57251277328537,1.457643225927649)
549 (0.009807875081330675,0.3194226652421254)
549.25 (1.889761150199057,-3.158319027855348)
549.5 (-0.905888093965768,2.832654664205068)
549.75 (-0.244854582697697,-4.508826055276237)
550 (0.8096846522530504,1.983873004908146)
550.25 (0.8790670057393953,0.0781403175166223)
550.5 (1.119514654422714,-0.06707517587180817)
550.75 (-0.5439928385131433,0.4943988374567608)
551 (-0.9969959505026745,1.561143886932164)
551.25 (0.3327911084425649,0.1604099900372921)
551.5 (-1.345156546196269,-1.179619505467424)
551.75 (0.7668094343719667,0.3922703412098322)
552 (-0.4840290895672099,-1.506774974012049)
552.25 (0.3554081554070256,1.740849692415041)
552.5 (1.908716176095469,-1.003332404031986)
552.75 (-0.1745228428269273,3.288626433228587)
553 (-1.907272174032819,-0.9703457587787148)
553.25 (0.1411064224884104,0.7928355682864964)
553.5 (1.304424336101277,0.009002005138862181)
553.75 (-0.8658095528350107,-0.9133033144726729)
554 (0.3268374414791997,-0.2001595694756041)
554.25 (-0.8527640061606054,1.985691654268525)
554.5 (-0.4665030851305368,-1.723653533919283)
554.75 (-0.317476938974286,-0.5504201787540381)
555 (3.740076040819327,-1.016173290177407)
555.25 (-1.049024274697287,1.400419939401244)
555.5 (-1.197332335484718,-0.3016245399891972)
555.75 (1.370975513950244,-0.1725786978019689)
556 (-0.6981826899649248,-1.731003993766341)
556.25 (6.910209347290442,3.365716582316896)
556.5 (-0.7684566636146096,4.646814863382235)
556.75 (-2.47404948500586,-0.4669783735043315)
557 (-1.986792467467923,-0.03902497076587273)
557.25 (0.879640908750035,-0.9564740184398415)
557.5 (-2.367886343713467,2.107018201626961)
557.75 (-0.2557163354823372,-2.934361881411768)
558 (0.4611527345253941,0.8751008344124634)
558.25 (1.611630607252825,-0.7581635556733549)
558.5 (-0.5270884183403606,-1.11113876410154)
558.75 (4.483428247752768,6.583262055859723)
559 (-5.710194531151167,-2.652871131937096)
559.25 (2.156856578297988,-0.7265998875758231)
559.5 (-0.9468155533464827,1.124661776805026)
559.75 (-0.9693683892485426,2.079798432605601)
560 (-1.309179141627469,-8.466687253159289)
560.25 (3.145574871148264,3.183189149832251)
560.5 (-3.34596722200107,-1.083831311644615)
560.75 (-0.04099564553315738,0.2000507044298397)
561 (1.311072802796551,-1.242707562625133)
561.25 (-1.087069713996135,-0.2198623526196649)
561.5 (1.583773782811204,0.2760188114145755)
561.75 (-0.6964343517411958,1.089076029492136)
562 (0.7272873112442534,-0.2109567498189514)
562.25 (-1.878675480718079,-1.349673613217373)
562.5 (0.586873993242323,1.716295901988467)
562.75 (0.563205784211296,-0.6359703190557915)
563 (-0.4923351217295204,0.869715784020293)
563.25 (0.1471356408636428,-1.174923129776442)
563.5 (-1.349357815065512,-0.3526751867420837)
563.75 (2.124456368987198,0.8359080935574413)
564 (-3.708282568125323,-0.19839325220233)
564.25 (3.328152635322888,-0.5090161681998232)
564.5 (-1.574834784042645,0.2758828124135273)
564.75 (-0.6217387393106443,1.024966872273838)
565 (1.294835861070651,-1.294120004341295)
565.25 (-1.477074928497822,0.3836932195365373)
565.5 (1.555758406763728,-0.6470265947159574)
565.75 (-1.101652750537478,0.2573828610796282)
566 (1.465667269748275,0.8848716344781853)
566.25 (-2.622189243022993,1.02144698934966)
566.5 (0.1912868753619531,-1.557952716170891)
566.75 (0.7303861611434804,-2.076876571010543)
567 (0.7562323672282332,3.430591939995751)
567.25 (-0.3568591348709887,-2.171666787639591)
567.5 (0.8032900479805188,0.0005425440208069548)
567.75 (1.143666177633709,-1.31473924095373)
568 (1.325029538270183,1.790039777030659)
568.25 (-0.5699132504171238,2.438340767429607)
568.5 (1.561409141222231,0.1007909590059431)
568.75 (-0.9037616196038408,1.234384325155349)
569 (-1.659959120182741,0.6857325451897759)
569.25 (-0.700459225033191,-1.691178468556584)
569.5 (0.7785360046172585,2.245998825958353)
569.75 (0.5531870535744442,-2.059239991230172)
570 (-0.2609937652091071,1.033214348981516)
570.25 (-0.6307736627834777,-0.06372485422175338)
570.5 (1.875162638484663,0.2299853202386486)
570.75 (0.04333823123174745,-1.055465295349246)
571 (0.7721370398279086,1.716952324892943)
571.25 (-1.969119790573999,0.2280852618315724)
571.5 (1.568084884607166,-0.1948676831762768)
571.75 (0.1663549101323928,0.08177355378309369)
572 (-1.342210416642372,-1.378395800676253)
572.25 (0.171249304684468,1.020116936136162)
572.5 (1.148008066104925,1.463025117576718)
572.75 (-1.014785725648517,-0.8521342910958062)
573 (-3.582002416611845,-0.6944727869960213)
573.25 (1.316467826502027,-0.7104876355234756)
573.5 (0.3575953524344465,-2.571989810279344)
573.75 (3.002871317424988,0.4313982304749978)
574 (0.07566740433450302,1.851947093721521)
574.25 (2.030212175762713,1.197115901855849)
574.5 (0.1419967911957606,-0.1388962998736691)
574.75 (0.3726335105816232,3.003173387776835)
575 (-2.027853981685122,-0.6730791856592908)
575.25 (-1.607037327577415,-0.9775864761563678)
575.5 (1.691464396865308,0.6024189671881798)
575.75 (-1.110056542301271,-1.469862998745272)
576 (-0.9513477265556864,0.8655912498793766)
576.25 (1.086001449393688,-2.167477043080867)
576.5 (1.293926253907368,-0.4436849080079728)
576.75 (-0.05807661882365824,1.655466059977553)
577 (0.7582961000209903,-1.373588928654536)
577.25 (-0.9740054295582786,2.881530648414829)
577.5 (-1.380462087243862,0.4117829888986546)
577.75 (-2.947974400519621,-2.214830862478559)
578 (2.853551117079265,-1.218675269550593)
578.25 (1.540116553525436,0.03197585394865036)
578.5 (0.1583389753396354,2.297431862754224)
578.75 (-2.031289534735853,-1.498613142815877)
579 (1.589861120713491,0.7123255762107871)
579.25 (0.1767553545495986,-0.8548415486978966)
579.5 (-0.9678175331752196,-0.7139610001901733)
579.75 (0.2269905060616747,-1.038138763010704)
580 (2.263235781994593,1.201223771626191)
580.25 (-1.370038230858759,-0.320269630777043)
580.5 (-1.411445754212152,0.8662284678927962)
580.75 (0.6532761695094397,-0.1250548908197478)
581 (0.4254277463467722,-2.14533733979157)
581.25 (-0.2739978037093883,0.9053165680075861)
581.5 (0.04352216012032947,-1.716213697476561)
581.75 (1.856414469288395,2.11031844752725)
582 (1.347780796243013,-2.943797851847773)
582.25 (-0.6584744319908159,4.024461652996498)
582.5 (-0.5023927782924195,-0.9235817331406155)
582.75 (0.01484907611530344,-0.3553772092589234)
583 (-2.052409620287308,0.9932961756767617)
583.25 (1.494596047755917,-1.273942520977344)
583.5 (-2.254660277628976,0.3436573759237422)
583.75 (2.030275013149931,-3.824292921976043)
584 (-0.2988329411408768,0.575076333105912)
584.25 (3.334625151685993,2.147271475674144)
584.5 (-4.241807032119024,1.261869268596602)
584.75 (-2.917558664240947,0.2291778604688864)
585 (1.061556186923875,-4.534474999987322)
585.25 (0.130755174288168,4.297594261217721)
585.5 (-0.1356057226567335,-3.95141123763898)
585.75 (3.299211251821377,2.921572362069887)
586 (-3.447317244462311,-0.8758109944661715)
586.25 (2.145551971283512,0.3181939933191658)
586.5 (0.04065711777862747,-0.8525331875816879)
586.75 (0.810287554476474,0.955907312632431)
587 (-0.7614213162502675,0.2228094142366879)
587.25 (-1.473179749425011,1.831337545753334)
587.5 (-0.002293216672227493,0.5504935569490084)
587.75 (-2.209148467092704,-1.438133292680602)
588 (2.132442687064141,0.1660303337233341)
588.25 (-0.007155003319479066,-1.302332825284331)
588.5 (-0.7257333902105312,1.977922020183987)
588.75 (0.05941774944409129,1.031671237944497)
589 (-0.4482452488489654,-3.035387704520579)
589.25 (0.1986773946203914,1.859752545604546)
589.5 (0.8993721630620077,-0.4533376499788432)
589.75 (0.8284475881720622,0.3681871284435003)
590 (-1.501794525385161,-0.7823730528462899)
590.25 (1.222012605695599,-0.1150915781587663)
590.5 (0.4887885687520712,0.7698341161526244)
590.75 (0.7571951650422275,2.444359586383317)
591 (-1.342665249582251,1.24477608325702)
591.25 (-2.211448641184132,-2.594362070168198)
591.5 (-2.448161171417394,-0.9331764935682445)
591.75 (1.353788800526143,-0.9566115427807168)
592 (1.525818120576269,-0.1413111651732895)
592.25 (-0.9536880821971677,-0.9536724312739879)
592.5 (2.541981713418866,2.175941620309058)
592.75 (-0.9552777665306132,0.3916634103189663)
593 (-0.9608757460679755,2.180380685474689)
593.25 (-0.6051258217967729,-2.013022712435434)
593.5 (-1.569134221873923,0.6099765234330339)
593.75 (1.454392674041993,-0.03325364980966632)
594 (-0.7318916031243751,-0.05028639179418314)
594.25 (-0.528208092112266,0.8465679506714269)
594.5 (-0.9173681637576184,-1.354216896963322)
594.75 (-1.211190253022614,0.6515587263353408)
595 (1.3947972636779,-2.056047635392836)
595.25 (1.19503113563961,2.420561480961951)
595.5 (0.5762674650730206,-0.9965827508504117)
595.75 (-0.8156225879437822,1.544820963799473)
596 (1.260614962964108,1.015176926274432)
596.25 (-2.286170931631141,-1.721983481458612)
596.5 (3.000260744783728,1.739448776468124)
596.75 (-3.2754402203999,1.381089591611301)
597 (-1.305858182429652,-0.9627568798800518)
597.25 (1.911867877484398,0.8738555136157514)
597.5 (-3.213026155102853,-1.608184000916619)
597.75 (0.9563681310800803,-1.412103938423825)
598 (-0.9846725270396555,-0.2198170152773417)
598.25 (2.040533655123946,1.210436301625778)
598.5 (-0.4580818592099269,0.04734614315387876)
598.75 (-1.281762490824595,-1.75663559191256)
599 (1.31074412064239,1.073720198859339)
599.25 (-1.117835475795583,0.7543925726057887)
599.5 (0.9108041436000633,-1.000847828580649)
599.75 (-0.7248081568885235,0.2769660119185176)
600 (-4.046472364893177,-2.104237084405675)
600.25 (3.391358488799228,-2.983190883573935)
600.5 (0.8338468532329424,2.162192159880711)
600.75 (2.387811291878591,1.160168439883605)
601 (-2.846792707338229,-0.2781506058629133)
601.25 (-0.736840873215449,2.323287506112073)
601.5 (0.09932490765610789,-1.330829241036986)
601.75 (-0.3174974476372906,-1.444283221644471)
602 (0.8641400164374304,-0.08947185656568128)
602.25 (-3.082178038676576,-0.8907818746673255)
602.5 (2.725256181163934,-0.1318998807259139)
602.75 (1.129110327230293,0.004611749629120299)
603 (-1.280337474950205,0.3867100647017216)
603.25 (0.2130315384570692,-0.04555033124689804)
603.5 (0.9790069321055354,-0.1894942667157563)
603.75 (0.03371558566829082,1.377706460102443)
604 (-1.289438811186154,-0.7397379236072509)
604.25 (1.080773707012491,-0.008670210310505813)
604.5 (0.3488254757003579,-1.147556749718426)
604.75 (-0.9725975319013535,1.32324951985118)
605 (0.2629452121540821,-1.393485164959087)
605.25 (1.686126100347088,-1.599001910050001)
605.5 (0.1232433429559061,1.824620112962615)
605.75 (-0.9704935723536664,-0.5025404536058005)
606 (1.199640660643816,-0.7196408092444438)
606.25 (1.751569933022381,1.095892231786319)
606.5 (-1.509888346012386,0.4848044396580624)
606.75 (-1.810955848603407,-0.06291528516551038)
607 (1.331778935375213,0.5239786044489336)
607.25 (-0.1889498888109075,-0.0907375331067987)
607.5 (0.4399882019737821,0.2115647406417698)
607.75 (-1.162330941241095,0.7063372338727568)
608 (-0.1219646408978128,-1.591826235195886)
608.25 (-0.01735645981744816,0.03189756017202224)
608.5 (1.447192787112182,0.6921198717414833)
608.75 (-0.7109263519482316,0.5157055609803405)
609 (-2.952560187032253,-0.4501750085071367)
609.25 (0.963685161984467,-0.7444558661428309)
609.5 (0.500833086783779,0.099037428966293)
609.75 (-0.4483659342333984,-1.332550551629244)
610 (1.492054248299612,0.7758432789821472)
610.25 (0.4560073278225081,1.205222591561306)
610.5 (-1.961302159615245,0.9644423761286187)
610.75 (-1.092797721441158,0.8915337054068284)
611 (-0.09011089364098875,-2.134940434230332)
611.25 (2.239231951210761,-0.440048876382319)
611.5 (0.8172737665445873,2.247680008701692)
611.75 (-1.081273009865741,2.01495509038019)
612 (-1.340796297692808,-0.5957580374851356)
612.25 (-2.267755446337347,-3.552094351247044)
612.5 (1.682635685315901,-0.2967796555482988)
612.75 (0.281492484593805,0.9127908815872715)
613 (-0.9511414032407088,-0.1350720939605137)
613.25 (2.134778503861314,-1.520966923275817)
613.5 (0.2799583328052058,0.4984024835976625)
613.75 (-1.20632666002135,2.529820949450612)
614 (0.7145676386059763,-0.2779957009866521)
614.25 (-0.7569523902847513,-1.409163779687696)
614.5 (-2.380916749100393,-0.3495568494954614)
614.75 (0.2946326687071637,-0.2954682948873186)
615 (1.803116379176203,-0.7074717236851276)
615.25 (-0.3207701510284642,-1.909350164771937)
615.5 (-0.6414240369897111,-1.221803705178661)
615.75 (1.683460666019885,1.135407216902152)
616 (1.602836878143825,-1.131848494125737)
616.25 (1.535973731073954,-0.339020028048988)
616.5 (0.9048964271161349,2.332026426816645)
616.75 (-1.486405492753305,1.206391304268027)
617 (-0.3621443563646084,-1.349932678025811)
617.25 (0.6047119993267417,0.9365884797733043)
617.5 (-1.185688186453568,-0.5902506657510322)
617.75 (-0.1433614455921844,0.0214642477712926)
618 (1.318032202848548,0.2076952625124383)
618.25 (-1.361256612167915,0.7945935124436728)
618.5 (-1.408304073165427,1.360319159301624)
618.75 (-1.186413242241843,-1.378448778690911)
619 (-1.839765426679316,-2.586113393466576)
619.25 (1.40974593921947,0.5190815848270187)
619.5 (2.053790195506624,-1.315435055206013)
619.75 (-0.7559031096290312,0.879765752351968)
620 (-0.9628253193591833,-0.6249298337177338)
620.25 (1.137250570883539,1.792217788946247)
620.5 (-0.01756461442741721,-2.759796125020298)
620.75 (0.1477903228223704,3.201280446235014)
621 (0.8197976102670933,-4.547391416542567)
621.25 (2.071234375549598,6.0125202125322)
621.5 (-0.9946062460608025,0.4204085877568577)
621.75 (-2.244250710298728,0.00775550937943527)
622 (4.685174984132171,-0.9138293041439993)
622.25 (-2.360879650154405,0.07506232212368753)
622.5 (1.630292798834752,-0.8815989227830197)
622.75 (-1.245786709276867,0.8683105859788066)
623 (0.4414447120545518,1.410943475353208)
623.25 (0.02306212907193874,-1.970493250934495)
623.5 (-0.9699635345565566,-0.7537249037443634)
623.75 (1.108432884773489,1.570253600123787)
624 (1.425681631285225,-0.936559827316949)
624.25 (-0.1687351312278597,1.719067408796707)
624.5 (-1.207846061938642,1.864737641827926)
624.75 (-1.208491419528469,-1.401721137807672)
625 (-1.186815624879914,-0.1654362778471873)
625.25 (3.676550478517237,-3.364367527475418)
625.5 (-2.217067412849244,3.172437963169374)
625.75 (0.01993361047617931,-2.462397453273784)
626 (1.088588656500513,0.414241271696684)
626.25 (0.8634896907042184,1.54880619845953)
626.5 (-0.5192543464196803,-1.387833860725889)
626.75 (-1.042573899995676,1.389900921477715)
627 (0.7665947531931335,-0.6525295805339673)
627.25 (0.8337943993051121,-0.2591512901943595)
627.5 (-1.126093975805198,-1.23284344482782)
627.75 (0.4676936352560766,1.02431506181302)
628 (-0.5519810622205037,1.038619072053008)
628.25 (0.1057891917342792,-1.6531165624721)
628.5 (1.608046690599551,0.2760149104452679)
628.75 (-0.3118359348376886,1.007933601708133)
629 (-0.03996161281970653,2.584623912304597)
629.25 (-2.641690214678701,-1.499755873991035)
629.5 (-1.464461765756833,-0.07042680473558798)
629.75 (-0.159976937879614,-1.829139791091914)
630 (1.3013969531622,0.4231258413444509)
630.25 (2.785798266077235,-1.048011211839389)
630.5 (-0.4622118081120307,3.134421024138767)
630.75 (-1.575358336289801,-1.36090885964858)
631 (1.601474324317385,1.240581776862765)
631.25 (-2.535855002559023,-1.098845768700286)
631.5 (-0.731740355415916,0.3042762572590844)
631.75 (0.9510276902001767,-2.687721107558097)
632 (1.434068756133786,1.409458000334868)
632.25 (-0.9863006157421496,1.076246668379551)
632.5 (-2.06099058504404,0.4446090832060622)
632.75 (0.192581553267012,-1.396421228457748)
633 (1.138024479291065,-0.8907290891587628)
633.25 (1.771755871872274,-0.5936115349257166)
633.5 (-1.760391276258877,-0.6322864117564596)
633.75 (0.4207323495665126,1.586314981445736)
634 (0.5348486117591036,-1.578148741424717)
634.25 (-0.8679057427977033,1.051058011955968)
634.5 (0.951394470510153,-2.24669884055067)
634.75 (0.7785947406736341,2.11243004719783)
635 (-0.8700627327022413,-1.285369570518938)
635.25 (1.263021847493348,1.708097826701081)
635.5 (0.8178389303546132,0.3823260150922126)
635.75 (-0.7725281823313478,-0.6505348769259564)
636 (-0.7055532717987525,1.396460033734686)
636.25 (0.76063264704842,1.580148665498106)
636.5 (-1.803156335510753,-0.5873646427026135)
636.75 (0.8176658621549879,-1.845143304493191)
637 (-1.650968655936653,1.511971864610475)
637.25 (0.4505574565470833,0.6827928119578379)
637.5 (0.03496724235958108,-2.080225957593446)
637.75 (-0.3476493939745906,-0.9574641728025641)
638 (1.442832496000229,1.250372559416186)
638.25 (1.248652634624145,0.8549387137489807)
638.5 (-0.04924162318616917,1.147310335748659)
638.75 (-3.19459000960831,-0.951992002823835)
639 (1.187745018061092,-0.5483983271276377)
639.25 (-0.9838064114934395,1.673371356161881)
639.5 (0.2472940139098756,-0.4818209561484561)
639.75 (0.02459499964100026,-1.667203451467814)
640 (-2.077363217686231,0.2859948670130102)
640.25 (-0.3994068364047792,-0.4379444211615228)
640.5 (-0.2211262249144336,-1.914654953523004)
640.75 (1.815605084647515,-0.6070541553932641)
641 (2.850965911244763,0.3326735064322708)
641.25 (0.863383873375276,1.335861821494252)
641.5 (-1.48914860710569,2.63171365917425)
641.75 (0.4997800644245174,2.625659295613035)
642 (-1.345508564061209,-1.161913027886885)
642.25 (-0.2271520893209552,-1.039859530072273)
642.5 (-0.8663449428912544,0.724819914831638)
642.75 (1.771703322882363,-1.398498857353486)
643 (0.1030791501726983,-0.2227045559962931)
643.25 (1.692223745197655,0.4718412831149563)
643.5 (-1.400250614210424,-0.0664255495981783)
643.75 (1.050192693531332,1.398837141183037)
644 (1.011958400017744,-0.5302377851561518)
644.25 (-1.59334717505201,1.062783071296812)
644.5 (0.7483505541518876,-0.6282864288064002)
644.75 (-2.26248379383521,-0.9120894706235582)
645 (-1.77342325151662,0.9856190309347536)
645.25 (0.4141044834670862,-1.61550921820502)
645.5 (0.05443641267129182,-2.704428123861017)
645.75 (2.868656442275037,1.583542821167262)
646 (1.401854124484308,2.075700558250043)
646.25 (-0.03721371678331632,0.6808200312495907)
646.5 (-0.8540547774295899,0.5814303919989896)
646.75 (-1.193247115667871,0.8155881805973763)
647 (0.7887208418789546,0.8731289579282179)
647.25 (-1.47896138582474,-0.7710475906509392)
647.5 (-1.529664296067373,0.5851040511537805)
647.75 (0.5697447220095557,-2.22610878107142)
648 (0.8910307052505785,1.070534409885573)
648.25 (-1.352428910474198,-0.4426782545950935)
648.5 (1.772224658462747,-0.5406549834481468)
648.75 (-0.5036706054044494,2.986736981037386)
649 (-1.118095121066814,2.14667619568797)
649.25 (-1.706115833641382,-4.297315409878109)
649.5 (1.943171210010135,2.268333183097477)
649.75 (-0.2938291124125461,-0.8619863695268238)
650 (-0.8727926253097763,-1.83695303468034)
650.25 (1.675781423335254,0.8576440230055095)
650.5 (0.4399148550874883,0.8088528289988305)
650.75 (-1.942820691695745,1.048811824651489)
651 (2.066774561292388,-3.931573268725002)
651.25 (0.929137725573653,1.483728936191253)
651.5 (0.005652917521762209,1.47903134364684)
651.75 (-2.117545966926242,-1.527915988028651)
652 (1.397199104697812,0.9320126775968689)
652.25 (-1.019410938760591,-0.5996089116949744)
652.5 (-0.006954892752031277,-2.019653098710619)
652.75 (0.5959302934417642,1.008976221480571)
653 (-0.7635850355665716,-0.01420843161141831)
653.25 (2.085826649940554,-0.977912877239599)
653.5 (-2.424614086852031,0.5662642934415866)
653.75 (0.06562746457866035,1.93145822371874)
654 (0.9898654869247715,-0.6462403545830854)
654.25 (0.1400897207194834,0.1078003592398842)
654.5 (-2.037277664697635,3.150507036244465)
654.75 (-2.397836922096357,-0.8159345762401057)
655 (-0.008843111223086262,-1.484299362542523)
655.25 (1.08499277864338,-1.659619672968641)
655.5 (0.225325563152765,1.274631426922971)
655.75 (-1.214055944652983,0.2299572893952191)
656 (1.520355652636352,-0.9087386635606853)
656.25 (0.4392835190883892,1.438687939299654)
656.5 (0.119119104897567,-1.402598707901844)
656.75 (0.07114531486485856,2.711788624715932)
657 (-0.4690114238364879,-0.781846374816988)
657.25 (-1.022985430482348,0.2513842125197353)
657.5 (-2.425315789806866,-0.917486236108102)
657.75 (1.482377099845257,-3.393975654960133)
658 (0.9213168102888186,1.360493443125427)
658.25 (1.255553000667261,-0.8800930015237498)
658.5 (-1.270343917811679,-0.885270079804689)
658.75 (0.0729814761781523,2.176645680707867)
659 (0.1209608635426231,0.6550230172614824)
659.25 (1.251242071820753,0.562868905872409)
659.5 (-1.902294151938891,-0.1014920332188167)
659.75 (-1.154456976466217,-0.2775232526865851)
660 (1.956785343164628,-0.7037771654389646)
660.25 (-0.5903516748172645,0.3252294269419549)
660.5 (1.242795731501254,-1.325602569238056)
660.75 (-0.335426981453299,-1.350919368613006)
661 (0.152518633502357,2.38391863235131)
661.25 (-0.09352356933113394,0.1028676347707807)
661.5 (1.136649373755066,-1.069786179186263)
661.75 (-1.253808408202064,-0.3934088676406995)
662 (-1.166612569218737,1.317306367857771)
662.25 (2.719441373413718,0.3340158031335431)
662.5 (0.3753619869857749,-2.304410655828476)
662.75 (0.318931761494265,2.32444116028095)
663 (-0.2859370676401752,-0.3771029215664393)
663.25 (-0.8222150213235374,1.07868368025668)
663.5 (1.085648610644369,-1.737550777509425)
663.75 (0.6255035918505041,0.172229069067919)
664 (-1.08273568816763,1.223144571102128)
664.25 (0.7968172551412609,0.8958952291815104)
664.5 (-1.375590808402586,0.3948714316807244)
664.75 (-2.936251112754368,-3.72028489993307)
665 (1.050524318346539,-0.4693776905485139)
665.25 (0.8754514763007254,-1.18483518276565)
665.5 (1.611266419629253,-1.151420442872911)
665.75 (1.261707669217781,1.726955332413249)
666 (0.5787500133315888,0.04460151720437808)
666.25 (1.522204000076741,3.175049795924851)
666.5 (-6.563778942183247,-3.08882261205489)
666.75 (2.187306795091681,-0.5261332742688478)
667 (1.164929300331782,1.110880067003217)
667.25 (-2.058357736526129,-0.2871693469256383)
667.5 (1.878701626489017,1.241076528250324)
667.75 (-2.46868743382726,-0.0003063576189017856)
668 (1.022970744991633,2.186205091977506)
668.25 (-0.2125236128446222,-3.072400446253345)
668.5 (0.8224368457286219,1.982647968219944)
668.75 (1.58312881374295,-0.4416067814617413)
669 (-1.801300325392273,2.154208029648622)
669.25 (-1.78267166336655,-0.819443455472857)
669.5 (-1.460177396957811,-0.8003823137702974)
669.75 (1.070253604969006,-0.3039448705846274)
670 (0.148531987173323,-1.300426961503314)
670.25 (-0.9720187815212233,-0.6263477092237482)
670.5 (1.488697843349959,-0.004256176728864402)
670.75 (2.082910764508653,0.06742033104044169)
671 (1.103204982783571,1.707688165426577)
671.25 (-1.253621648963963,2.844974904445934)
671.5 (-4.179397668070216,3.637528535923408)
671.75 (-2.016356922317855,-3.10838887438048)
672 (1.489898438886996,-1.017355997564513)
672.25 (2.107857040419059,-1.562775111306062)
672.5 (1.934016852245799,2.151254592904925)
672.75 (-2.364928593633701,5.637388695683707)
673 (-5.783104934345914,-8.780322785618591)
673.25 (4.61950196491513,1.622649260615306)
673.5 (-5.056979434206291,1.507795808828016)
673.75 (3.968934929575929,1.384689110140831)
674 (-2.094836915456678,0.7751022022897429)
674.25 (-1.66958646398347,-2.378858498778767)
674.5 (2.445008979706182,-0.5585145046652433)
674.75 (-1.260056440069854,1.983043239907974)
675 (0.440725457721438,-1.26876129550243)
675.25 (-1.09489405040572,1.821694613542824)
675.5 (-1.135743855065842,-1.397701994606901)
675.75 (-1.752638023269449,-1.080817980836264)
676 (0.7240597018136202,-2.473390686300796)
676.25 (1.28873337402992,-1.488202649648309)
676.5 (1.07282240432038,4.283893188483588)
676.75 (-0.8994656978688922,-1.013660996361425)
677 (-2.086354139441676,-2.663066764351286)
677.25 (2.796190940809808,0.8670588989861862)
677.5 (-1.478181978727603,3.736971416373886)
677.75 (1.888072075844254,-0.04936494160069627)
678 (-1.396032117532946,1.920553364476463)
678.25 (-4.587387093538731,-0.7936394231884119)
678.5 (1.197850937352853,-1.570379696139029)
678.75 (3.308708100714282,0.1710762588356347)
679 (-1.074359862040703,0.6170955247062193)
679.25 (-2.373454777101742,-0.7120555615371523)
679.5 (2.836514325014807,0.4673775923276584)
679.75 (-1.683537077780538,1.779361249765106)
680 (-1.191857679169697,-3.729924055497793)
680.25 (2.093402168159115,1.289723854158236)
680.5 (-0.8317926399275327,1.157639566036035)
680.75 (1.185821207759867,-1.973697581138469)
681 (1.652522063983891,1.225126180626013)
681.25 (-4.014868761141003,1.540766742107801)
681.5 (-0.8086854569597423,-1.129580283555339)
681.75 (1.305914982826914,-1.614801949618023)
682 (-0.07686581239702922,-1.499235295442473)
682.25 (2.852695460189609,3.254209869054793)
682.5 (-1.161448489841107,-1.215604298195308)
682.75 (-6.259978486759502,1.705667473968345)
683 (0.8342344372405693,1.017137130167665)
683.25 (1.213999901299309,-0.493135501486941)
683.5 (-0.6504583121809469,-1.47739777018287)
683.75 (0.1392051245623225,1.510196385184335)
684 (-1.974907402720398,1.635104957405767)
684.25 (0.9551542125523118,-1.891371306042458)
684.5 (0.6408597098378007,-0.7226178608868843)
684.75 (-0.7750682300210028,1.082494283479046)
685 (0.1180541999297547,1.915565252006172)
685.25 (-0.5946763526163552,-1.699609356531889)
685.5 (0.1856240330982154,0.8461168951778472)
685.75 (0.9957192662286138,-0.1999464178578333)
686 (-2.612731341050397,-1.376203706334967)
686.25 (3.736228693662802,1.456980521632516)
686.5 (-1.924598998494242,0.3721600734492358)
686.75 (-0.9980514880060851,-4.070123520318807)
687 (2.810049411471862,2.580569323543849)
687.25 (-0.8218837578440514,0.4542430000326333)
687.5 (0.806768403008684,-1.414178629154725)
687.75 (1.76341230815737,2.17483699970999)
688 (-2.471687732064491,0.5224562140334189)
688.25 (-0.08989821338075081,-0.8267826548322261)
688.5 (1.565049323958914,-2.199013380326598)
688.75 (-0.4279038406189812,-0.9884603860957865)
689 (0.07632129020521564,1.292530662345291)
689.25 (1.839612806342173,-0.3874950832356822)
689.5 (-0.8857415894459254,0.6466816275446435)
689.75 (-1.030329154910328,1.724505765711721)
690 (-0.687998545138684,1.72409976833938)
690.25 (-0.4369944371341567,-1.832205464816494)
690.5 (0.4655762223751415,-1.783991590342368)
690.75 (-0.6135410960393819,0.4272376323749806)
691 (1.788356680000129,2.506345837616924)
691.25 (-0.933228732916964,-2.817408049232993)
691.5 (-0.0001132616343849247,2.643454625977295)
691.75 (-0.8729851797476353,0.7731413941514578)
692 (-2.373332881820805,-0.8286079518400784)
692.25 (2.585415891942358,-2.625879718129606)
692.5 (-0.05660653773221922,-1.222361618550533)
692.75 (2.583039512234496,0.2570640961801958)
693 (-1.913422821546781,2.581239808851291)
693.25 (0.682390152131408,-0.6649529523759181)
693.5 (0.5920258751318814,-0.8836035603707585)
693.75 (-0.0841839065338839,1.271805588268993)
694 (0.7121303804456625,1.762779123064754)
694.25 (-1.546121186383147,-0.9416722479200721)
694.5 (-0.6242035548564986,2.017392097071973)
694.75 (0.9003272070082052,-2.563283145318163)
695 (-1.588230594990603,0.8698581210407448)
695.25 (1.937509934774688,-0.3743004427570802)
695.5 (-1.584630946157739,-1.850232751502121)
695.75 (0.8305690276307666,3.013740838151497)
696 (0.8080229315571581,-5.343607614806118)
696.25 (1.314097955645521,4.119370969826587)
696.5 (-0.8347241611542688,-2.085562588396392)
696.75 (0.4780901536875434,0.8861162419022746)
697 (1.242374842578228,1.87542964052557)
697.25 (-1.40027144492718,-1.355508672412454)
697.5 (-1.119556841311251,2.87838926046378)
697.75 (-1.057996252236259,-3.207183024669404)
698 (-0.09272428179185199,-1.246469918995921)
698.25 (1.253513492012645,0.1075124509025847)
698.5 (-0.2331453878874314,-1.172486895018493)
698.75 (-0.2690395349790193,1.24446221888936)
699 (1.980041867180532,-0.1845292748398115)
699.25 (1.941925507522509,1.461311952999061)
699.5 (-2.089957744215048,0.03253125802266147)
699.75 (-1.217000422945457,1.139187283964925)
700 (0.7352865479078278,-1.499901379180724)
700.25 (0.4487245378416768,-1.033011162162582)
700.5 (0.3924634005628012,1.337412558431885)
700.75 (-0.945844069648536,-0.3726140038519587)
701 (1.35933421200505,-0.9903712967105625)
701.25 (0.664264612914291,1.637835142973617)
701.5 (-0.7347548678007174,1.323464903266441)
701.75 (-1.220940972404747,-1.733943573043061)
702 (1.789974923007167,1.567893832544087)
702.25 (-0.7629887485310962,-3.038945982239817)
702.5 (0.03041548737994779,2.467936598969956)
702.75 (-1.478442362765675,0.5358518165963665)
703 (2.081228884874397,-3.254991562449696)
703.25 (-1.970089797150081,1.413628483288094)
703.5 (1.560541175825152,1.497886385080589)
703.75 (-0.3927028053255971,-2.706537442519936)
704 (0.6585806722652999,-0.9515223391485162)
704.25 (1.069755277291327,1.877286287703189)
704.5 (0.5781031033040682,1.265509180024927)
704.75 (-1.809428960917212,-0.2371001690351695)
705 (-0.2142984359546096,-3.322166919136613)
705.25 (2.151157004751795,1.002968040153799)
705.5 (1.281126439624849,-0.7223775857641576)
705.75 (-1.564222092235659,0.2222991767332921)
706 (0.4314910571636734,1.744604066854964)
706.25 (0.6894175378078421,-0.04736446685607602)
706.5 (-1.585431183414228,-1.500820576253744)
706.75 (0.99720967659448,1.380140732784298)
707 (1.471508252020588,0.01223707960237529)
707.25 (-1.825904470157964,-0.2335248709150399)
707.5 (1.087918551886378,-0.7395469484591322)
707.75 (-1.075239608770016,0.1458718022771241)
708 (0.3444289263151088,-0.4855376716920632)
708.25 (1.653249489871654,-0.6353071855257919)
708.5 (-0.2700574377084857,1.398684935891884)
708.75 (0.06066120034410005,3.046903226758714)
709 (-2.028607288890445,-0.4304415256066673)
709.25 (1.114706326334055,-0.3428626311067321)
709.5 (-1.378586819684879,0.85164813059575)
709.75 (-2.163500603998969,0.6947470450621416)
710 (-0.7098473517163343,-1.749458511187489)
710.25 (-0.2583316436590926,-1.771946619276577)
710.5 (3.331475110278128,1.563994281159521)
710.75 (1.449210248747371,0.2542644011340844)
711 (-0.743213695799732,0.3132228559166024)
711.25 (-1.408796116490682,0.5215108573675783)
711.5 (1.062102560077443,3.077280493309833)
711.75 (0.4915293741678429,-0.2797269295743531)
712 (-1.805970392417192,-0.2872979925706388)
712.25 (-1.274226805624502,-0.08559830094703547)
712.5 (1.982965353388392,-1.067100537856813)
712.75 (0.5965971302904184,-0.4066056885632756)
713 (-0.6504996360994644,1.08199210510721)
713.25 (-0.8102270142665883,-1.280725919598146)
713.5 (1.377831437076009,0.2289442448560197)
713.75 (0.603186575870426,-0.8938758430999442)
714 (3.833406506267523,-1.045677178692586)
714.25 (-1.595869598457258,1.145279752641577)
714.5 (0.6727383308408484,2.163651870761036)
714.75 (-1.282559382542547,-1.948289780073684)
715 (0.1476748793872795,0.01596590719761335)
715.25 (-0.6159165447175862,0.1522833996983104)
715.5 (1.237230417379214,-1.434701604622796)
715.75 (1.756038265317991,6.137639826797198)
716 (0.4560893057044104,-0.9238495088678843)
716.25 (-1.401370259615164,1.468956498324715)
716.5 (-1.190018481063375,0.1126987893716563)
716.75 (-0.2731898366015827,-6.999425762594834)
717 (7.781930253051565,2.848503050891846)
717.25 (-1.03599716903887,1.87126551536735)
717.5 (-1.55510179822128,1.545078176595136)
717.75 (-0.118268256397966,-0.7905601346084371)
718 (-0.7388363007909172,-1.91601069160489)
718.25 (0.7803755275668433,1.303551633834723)
718.5 (-0.3753098118998265,0.5890391916724367)
718.75 (-0.8718355988802517,-0.2211563313042013)
719 (0.7420786940733136,-1.552415340751907)
719.25 (-1.045839799152265,-0.6884483511747533)
719.5 (1.883664057014136,1.863923270675461)
719.75 (0.1867773245646681,-0.7004815466619149)
720 (-2.705176838367986,-0.02409782706096837)
720.25 (0.420057317963205,0.484032471694888)
720.5 (-1.819439973739907,-1.242705456120836)
720.75 (1.308143648087272,-1.821438349872672)
721 (0.337621263052422,-1.649496259529473)
721.25 (2.228143692389042,-0.5453959082096315)
721.5 (-1.043610095476614,0.2204739877701146)
721.75 (1.579525959780855,1.088176364104151)
722 (0.7737346122816563,1.306625130484002)
722.25 (-2.000132407198356,0.5586718269574954)
722.5 (-1.854619146730444,0.01290945589602508)
722.75 (2.67753578727541,-0.8204817505980652)
723 (-2.721780899171859,0.02019739364177952)
723.25 (0.7449094535956623,-2.256157121020739)
723.5 (1.256024285681804,0.738175745118317)
723.75 (1.443703702758135,2.276929027388356)
724 (1.311988408726275,-0.5722293621334293)
724.25 (0.9404683945909404,1.683022277989131)
724.5 (-4.503689190899258,-1.281787061413365)
724.75 (2.167498099815056,0.5660612717641945)
725 (-0.7392617581132691,-2.073738141796134)
725.25 (3.128776264202897,1.440600759724411)
725.5 (0.4845762864327512,1.539383983813476)
725.75 (-2.899965694120715,0.020916397536232)
726 (1.391772837712694,-2.277233837416525)
726.25 (-0.5119474398531735,0.6724514671275356)
726.5 (1.765412370969212,-1.528626998685087)
726.75 (1.158188766424057,1.945166550245938)
727 (-1.251694090815246,-0.2778617233785236)
727.25 (0.6874270020920545,0.7728876999803362)
727.5 (0.8766809613306027,1.430002816771381)
727.75 (-1.77261602435932,0.2459912905566053)
728 (-0.1016223410651217,-0.05797181139053348)
728.25 (-0.8772568871354683,-0.5522388617929831)
728.5 (0.1804873010792084,-1.158690509331133)
728.75 (-0.1984193004142874,2.476828846234504)
729 (-0.5006486206216729,-1.823311753076106)
729.25 (1.652299853839815,-1.595144983686949)
729.5 (0.4375900098078854,1.030829581967749)
729.75 (2.116669808530503,1.684132153412544)
730 (-0.9671493934583295,1.714211897955538)
730.25 (-1.197885398810103,2.826658967812179)
730.5 (-1.96442910287401,-0.522560122209199)
730.75 (-1.675849483438935,-0.6141421127788961)
731 (0.8176497347225699,-1.951208092717658)
731.25 (-0.5019365368670081,0.274860946971375)
731.5 (2.090072598172763,-1.615614417223482)
731.75 (-0.3769733342916038,2.085882233580173)
732 (1.606677075127057,-3.886035649334215)
732.25 (0.2005806370029869,2.243385851131158)
732.5 (0.443646166868871,-0.02104521423802177)
732.75 (1.462188819248652,0.04259232289158449)
733 (-3.831100991945048,3.277162158448603)
733.25 (-0.6806487961190913,-1.610749456164339)
733.5 (0.8133162951269467,-1.308266144877857)
733.75 (-1.330726408078576,0.8235305721854075)
734 (1.055940711807841,-1.029612873477813)
734.25 (-1.649592090726136,-0.8534170506719397)
734.5 (1.411129737004989,0.4807040216898822)
734.75 (-0.9146118393618786,-0.01463298143721056)
735 (0.4392827607323671,-1.268848378480597)
735.25 (0.2534459836930589,0.6392589437265275)
735.5 (-0.6487125133990159,0.6451413853932174)
735.75 (1.070951168475425,-2.722507165895658)
736 (2.12400971115466,0.3768959947464807)
736.25 (-2.1113027086288,7.746166985584352)
736.5 (-4.768456764045307,-4.467326503978657)
736.75 (1.065764880842136,0.9857531927190416)
737 (1.379360204495629,1.010474757240637)
737.25 (-1.430559884876277,-1.040128712927822)
737.5 (0.04683943105442684,0.5189617926767649)
737.75 (1.937899228357021,0.267174624848011)
738 (0.1951676379307235,0.5280209992520741)
738.25 (-0.380735680862006,-1.233176410574481)
738.5 (0.0792556850113991,1.917302519161946)
738.75 (-0.6184790351643861,-0.8162497067697765)
739 (0.07103122170633276,-1.252942641863403)
739.25 (-1.751130414573772,-0.1698975177244963)
739.5 (1.543855613854321,0.7123168923290777)
739.75 (0.3047291880312673,-2.584787653511923)
740 (-0.5304745424957431,1.849801978753743)
740.25 (-0.7747449703592807,-1.337667712188652)
740.5 (2.252566487533273,0.9852351341967798)
740.75 (-0.977801103787469,-1.485973872415552)
741 (0.7009579105755059,-0.007622382607159355)
741.25 (0.09001864240699305,1.915890002313739)
741.5 (-0.4382404446376919,-0.3678461410691686)
741.75 (-0.8326453438510768,-2.179173440877508)
742 (2.198755015441321,0.208600147427218)
742.25 (-2.061324913096178,4.273474000103215)
742.5 (1.293963139350824,-0.07333602681032234)
742.75 (-2.322949215083597,-1.41180729124752)
743 (0.4738204241941019,0.4486520345679071)
743.25 (-0.6497795298968211,-0.203429960575789)
743.5 (0.6853311035269855,-1.647207208642934)
743.75 (1.257775581369114,0.624134512864147)
744 (2.483908056928315,-0.4607251924809928)
744.25 (-3.653976220986304,4.868749784045736)
744.5 (0.2587172299938622,-2.508474549223059)
744.75 (-1.991822158115236,-0.5381734072107244)
745 (0.8703916942193191,0.968783563327243)
745.25 (0.2506954290561882,-2.22985404794432)
745.5 (-0.8732617177223114,-1.216689674667108)
745.75 (1.777579273170953,1.343928585448888)
746 (0.6496599802384486,1.231650229918225)
746.25 (0.2416753861295137,-0.03115716294614908)
746.5 (-0.8805707793459434,-1.453859288177574)
746.75 (0.8107216059340731,2.037911493622104)
747 (1.862781891774638,0.8436230126742646)
747.25 (-1.633530051233168,0.06004687744112686)
747.5 (-1.613423967672025,1.490091648574726)
747.75 (-1.942308432920395,-0.8388746678041179)
748 (-0.1161644363841763,-2.383343572240705)
748.25 (2.164315476133028,-1.392804331232612)
748.5 (0.779450245181603,-1.42366094348472)
748.75 (0.2074563807019713,1.40527379847767)
749 (0.1904353051852772,2.115033993350521)
749.25 (0.08309735162280787,-2.283688354525166)
749.5 (0.8076214892305563,-0.01720851857491428)
749.75 (-2.346586684407015,1.569605102329554)
750 (1.612709417641688,-1.338356290024074)
750.25 (0.3629685992861801,1.360451490151544)
750.5 (-0.1194279310515867,-1.021391525506599)
750.75 (-1.266943505745223,1.66807352394972)
751 (-0.9754352412152127,0.1935241651317367)
751.25 (1.331335014643899,-4.808520476234368)
751.5 (-0.5518003783063022,1.442843652452708)
751.75 (-1.238248897008266,-0.704163456105072)
752 (0.8039162806273356,-0.2148882840189448)
752.25 (1.386141831849234,-3.149491107489102)
752.5 (0.7919257433284954,2.588442644356126)
752.75 (0.4179390838786676,2.251957278217428)
753 (1.209472770486213,0.01811609255295289)
753.25 (-1.237199780461517,0.9153476882939066)
753.5 (-2.178305494894095,-1.22307310257302)
753.75 (-0.1482496033751732,-1.065257570610407)
754 (0.641613481106343,1.083110394670045)
754.25 (-0.3475035667075766,-1.914787979871007)
754.5 (2.384032912148021,1.129288763368099)
754.75 (-1.635370088935137,3.654670383948322)
755 (-2.459848617657145,-1.082953827766752)
755.25 (1.034011376030912,0.4451061108513316)
755.5 (-1.750156704374872,-0.2900991689728517)
755.75 (0.3645465845320917,-1.589318210912112)
756 (-0.5705004782022481,1.396627244686918)
756.25 (1.18987194918983,0.4801504994297431)
756.5 (-0.6995904822437262,1.310051041466418)
756.75 (-0.5461662533182579,-3.567703189382225)
757 (-1.340420812220159,1.41119005269976)
757.25 (3.918513971449715,-0.03084628663967961)
757.5 (-1.62699030077924,0.7839586358373396)
757.75 (0.5569663961508059,-1.125340726953342)
758 (1.061852494455606,0.2300161434953135)
758.25 (-4.41537915616691,3.785181503021434)
758.5 (2.67370344749479,-3.702157424685711)
758.75 (-0.2189526521746268,1.908918023761777)
759 (-0.7414416771767141,-1.987620432333162)
759.25 (-0.6780571994039538,0.7265020438777946)
759.5 (2.207768365634825,-0.03000066716781721)
759.75 (-0.06357985562434075,1.046849663397219)
760 (-1.015833959686969,-1.645461907816414)
760.25 (0.5368652700752758,-1.099004419203996)
760.5 (0.8477856876498066,1.741908435719673)
760.75 (0.01997039343780873,-0.181315269320692)
761 (0.8548733689428896,-1.900377200899306)
761.25 (-0.9777203673780371,2.546970007822495)
761.5 (-0.6901234581875355,1.22217202664262)
761.75 (0.3403386455360543,-1.982324180405111)
762 (-1.169874398814198,1.507673914541053)
762.25 (-0.2563142795814311,-3.005947335389574)
762.5 (0.5622059240329028,0.7524382662674319)
762.75 (1.486277317825035,2.538004337130785)
763 (-1.549899651310013,-1.155188846802893)
763.25 (0.7905904069784282,-0.1155080176656267)
763.5 (-0.8432365831878613,0.9644459996314856)
763.75 (-0.01134589815783234,0.3993455553171961)
764 (-0.07233765012591789,-3.173202594474441)
764.25 (1.355868298091227,0.6172297504223755)
764.5 (0.4738136731965722,1.639116290358358)
764.75 (-2.668855097448498,-1.166485455658744)
765 (-0.711220836387793,0.8899442229354141)
765.25 (1.931197258412076,-0.8074453301850454)
765.5 (-2.590345401751957,0.1510567325934041)
765.75 (0.4528802311505635,-0.8674276459299183)
766 (0.656817478068169,0.8842183689340025)
766.25 (0.2812826528986444,-1.872757226813156)
766.5 (0.100362110910566,0.874164999612622)
766.75 (0.001661629456080635,1.164430796950747)
767 (1.775088979275592,0.1883058160224585)
767.25 (-1.166773033339329,-1.18484944527398)
767.5 (0.5419155574231256,1.400078778311336)
767.75 (3.037485625968862,2.314753368531663)
768 (-1.363677265254945,0.9514066136741552)
768.25 (-0.987002463025034,-1.261344106187343)
768.5 (-2.092285926039789,0.1831916620512395)
768.75 (-1.091554756479185,-1.817950292530144)
769 (0.9586784066773403,-0.6414012687439623)
769.25 (1.38539833862691,-0.1155260006978828)
769.5 (0.8631725039465081,-2.281534097844669)
769.75 (-1.344297052610822,2.148443501448785)
770 (2.175711886442848,-0.5781293021631528)
770.25 (-0.2477102331209865,0.6940658008214781)
770.5 (-0.6001875578208105,1.461573683128839)
770.75 (-0.9320620572852863,-1.728566741769193)
771 (0.8995447179670804,2.923155033131687)
771.25 (-0.07049859954495026,-2.076396569369167)
771.5 (-0.4389695113243481,0.5085101858354681)
771.75 (-1.232350411619077,1.113945380690323)
772 (-0.6634477193281494,-0.7626852220456501)
772.25 (0.687244478598653,-0.02495270542214219)
772.5 (-0.8891627895674766,-2.274837178930536)
772.75 (1.146842757829398,1.046599723545458)
773 (-0.929873135686674,-0.006011577711437548)
773.25 (-1.342410984879839,0.4032872590055585)
773.5 (2.076730434515139,-2.345334735875987)
773.75 (-1.230338973537461,-0.5719512508204581)
774 (-0.01349187351905667,0.5164990481576566)
774.25 (1.746984129897251,0.1655022063884206)
774.5 (-1.418349842686175,0.08213120690671574)
774.75 (-0.8667450483445076,-1.354441347066166)
775 (2.400155011534626,1.155096193511975)
775.25 (0.5997070594672708,-1.497717847862319)
775.5 (0.5199133933484535,1.422686158649511)
775.75 (-0.8188974803428615,-0.4717953706182978)
776 (0.2175377075988644,4.021547069094988)
776.25 (0.6055132917376485,-1.40664693877809)
776.5 (-2.560705096297379,1.09789767002451)
776.75 (-1.910040774329377,-0.8063970430298769)
777 (1.95423209497433,-1.042709776141209)
777.25 (-0.4712308756293508,-2.07348622016914)
777.5 (0.05973198835353258,0.3923957390713988)
777.75 (0.9044131590507348,-0.2311325565735498)
778 (2.04729332775259,0.5792910526344152)
778.25 (-0.2926828265482481,2.401389777933561)
778.5 (-1.20885559248542,-0.0461856361158069)
778.75 (0.7236836444613383,0.4743022449147126)
779 (-1.937052058136652,0.530744109760056)
779.25 (-0.8724770181832824,-1.277901317626436)
779.5 (1.5152341011087,-2.172497757428014)
779.75 (-0.9850701240035886,0.04835565040854486)
780 (1.437185153824784,-0.01876678056737814)
780.25 (-0.09699933126718915,1.134908019536715)
780.5 (0.08895596671174534,-1.47591297993667)
780.75 (-0.7611816618638579,1.32648520464091)
781 (1.421599635599891,0.002511833665681073)
781.25 (-1.132587985305426,-0.2038584383253781)
781.5 (1.517920072986068,0.1958110133108939)
781.75 (-0.5536687791355605,0.8527507985444162)
782 (-1.556739673175974,1.036002398773283)
782.25 (-2.424910978344545,0.4565695304696346)
782.5 (-1.018423805131986,0.1766377428251675)
782.75 (0.5797695285739204,-1.886603397931664)
783 (-0.4234131453606177,2.006621577851257)
783.25 (-0.400662122058851,-1.442281611333771)
783.5 (2.563390342478071,1.714999556630628)
783.75 (-0.6107932387203093,-0.8532240402145551)
784 (-1.538536619342818,1.803999481425786)
784.25 (0.5496892893295044,-1.675679728512599)
784.5 (0.6633598244745984,-0.7841427323991399)
784.75 (-0.1130338339522882,1.868489700516688)
785 (0.4410419481974041,0.2644961555439488)
785.25 (-1.869846397259487,-2.679471552979105)
785.5 (1.055247390799254,0.8324573817639233)
785.75 (1.333527673927365,0.1348375673347955)
786 (-1.177360546437597,0.4510339398254081)
786.25 (0.9458890437223463,-0.779100217304867)
786.5 (-0.09067379418416981,0.4730213937643086)
786.75 (-0.9009667696916355,0.9322930874303563)
787 (1.53910193739638,-0.3940038782947564)
787.25 (-1.038920746993493,1.093301355814223)
787.5 (-1.323628217849788,1.67117157002697)
787.75 (-2.299314877622578,-3.039008793978009)
788 (1.578770324626968,-0.8164948759701803)
788.25 (2.59673741920764,0.3591363788218018)
788.5 (-1.428378541106119,1.978495840568485)
788.75 (-3.413691032113186,-4.043620004400949)
789 (0.6267083038562653,-0.6270176711861531)
789.25 (0.9892498827995583,0.03553583046060586)
789.5 (-1.19474615479385,-2.851475522986127)
789.75 (2.750617540017679,1.870749673555936)
790 (1.476191355612845,1.103901470111498)
790.25 (-1.948583334372654,0.2704956091501544)
790.5 (-2.25806547803674,1.870135572366512)
790.75 (0.6844950677260778,-1.174077502991658)
791 (-2.127630894585547,-2.923463536630196)
791.25 (2.428163132688288,2.392184699326161)
791.5 (-0.4823743631568012,-2.350853970490871)
791.75 (1.155177491682847,1.077677447783252)
792 (-0.8978958177296947,-0.1770758212267715)
792.25 (0.9051738788120056,1.167771115347703)
792.5 (-0.5452025523620946,-0.9958227718799929)
792.75 (1.966442068893004,-0.8028842929674723)
793 (-1.273584225210939,2.923455642099761)
793.25 (1.580113596090682,-1.360700967913364)
793.5 (-2.820067419021529,-0.2903992364312398)
793.75 (1.163571486006084,-0.04301254751531866)
794 (0.5148605562175705,-1.793140135237395)
794.25 (-1.032639481959671,-0.1193144347697802)
794.5 (0.9627427588100217,-3.704075344870056)
794.75 (1.199569490707997,2.57315552232519)
795 (1.854757703314831,-0.1068310525802247)
795.25 (-1.897746666884132,1.163362247030294)
795.5 (-0.6309925646487079,2.106740924354199)
795.75 (0.03723014324164032,-1.936370225404682)
796 (-3.29220477093458,0.7829089850740997)
796.25 (3.193651009398745,-1.75160374498207)
796.5 (-3.463005596847056,1.082314782151703)
796.75 (0.3802433714872516,-1.906570259361726)
797 (0.1311685354441,-1.630810903774657)
797.25 (1.988073599212552,0.8614467096839367)
797.5 (-0.9612323361640142,-0.5254729170165904)
797.75 (-1.807511777303486,0.3222095106572999)
798 (1.770445676042389,0.05358871234666176)
798.25 (1.117545818281514,-0.1580367341011419)
798.5 (-1.730752622294566,-0.205435982820809)
798.75 (1.329503886380279,1.499632072096225)
799 (-1.084305732665515,-0.4452256946597666)
799.25 (0.2777674088249876,-0.8935567924908121)
799.5 (-2.219669822175343,1.170888548010046)
799.75 (1.475629051443547,-1.219331575907622)
800 (0.8346993229877504,0.5072516271886132)
800.25 (-1.986935886857016,-1.209055723499007)
800.5 (1.088441519191509,2.144170439471107)
800.75 (1.674684335311019,-1.423232795275179)
801 (-2.350506391653764,2.028874029579625)
801.25 (-0.3976810719643607,-0.3200033496873981)
801.5 (1.26489948579451,-0.7724205704637384)
801.75 (-0.4415250589223896,-2.116740471343344)
802 (-0.7116169730473491,3.421517903301096)
802.25 (0.6681866425665605,-3.959902184510496)
802.5 (1.904998104747926,2.466755844998771)
802.75 (-0.5026119805662509,-1.574123609495712)
803 (0.1774002993819333,1.689377418317867)
803.25 (0.4540909921355297,-1.016789483613568)
803.5 (1.043656876596039,2.076171503409198)
803.75 (-2.192266425076629,-0.455161200598049)
804 (-2.719095431178914,0.1916142458808423)
804.25 (0.8053062621904967,-1.758377291325568)
804.5 (1.036264232670095,0.1743675450911212)
804.75 (0.3363533102800433,0.01460107184027865)
805 (-1.258376816066617,-0.5277809583104018)
805.25 (3.356726694232909,-1.324491493051565)
805.5 (-0.2196562987563435,1.585971583436356)
805.75 (-0.983074765639532,1.08100776405618)
806 (-1.196493417114117,-1.642027553800618)
806.25 (0.9081405993656124,-0.9109126723706636)
806.5 (2.899321933632771,1.403187071515133)
806.75 (1.566047414388556,2.729357691737245)
807 (0.9484783210534097,1.097024167234563)
807.25 (-2.191635088970258,0.2237620138117208)
807.5 (1.004942667814752,0.6230291716437063)
807.75 (-1.444122442288155,-0.7541405962136859)
808 (-1.127635307741895,-1.891872720864662)
808.25 (0.8574635307606854,-1.447930192396177)
808.5 (1.773733489012761,4.214857679198856)
808.75 (-2.671035341749803,-1.849844768587922)
809 (0.5085803818834973,-2.250050386705257)
809.25 (1.511989300748031,-1.328765618801034)
809.5 (1.58343762211214,0.7222957969878704)
809.75 (0.4977984628840937,0.05443186870390658)
810 (3.295505226673667,2.53489614125367)
810.25 (-2.289717191078718,1.68929541023742)
810.5 (0.009430655202702039,-0.533260851133781)
810.75 (-0.2148108915887296,2.318409868683813)
811 (-4.044141857649055,-1.993540198832048)
811.25 (0.7883614008114278,-0.5925976669277084)
811.5 (-0.008407739535260882,0.2770020480968905)
811.75 (0.8259328230226586,-3.674464400492694)
812 (-0.0147815250474588,1.800949551124313)
812.25 (0.8827185270790845,1.112634003266174)
812.5 (-1.222115854483259,-1.587597841933287)
812.75 (2.18317899374611,-2.624797293550247)
813 (0.3469544561925493,1.692160475874936)
813.25 (1.265197658112543,1.768390446122072)
813.5 (-1.493187081432307,-0.1689219038844979)
813.75 (-2.686742515747699,-1.809773040789558)
814 (1.933968822970505,1.345717831296395)
814.25 (-0.3831658692737225,0.4130821444419167)
814.5 (1.062676145277022,-1.776371263766173)
814.75 (-1.605944050502583,-0.1942738221640534)
815 (-0.4257437767687939,-0.1610585473749997)
815.25 (1.56828470115385,0.4310878679732598)
815.5 (-1.226085740337324,-1.937165591883616)
815.75 (-0.1812881306097487,1.873556555780583)
816 (2.202569170214729,-3.07186185598976)
816.25 (0.4950122603155971,1.516058283501164)
816.5 (-0.4429298261681784,1.845839729757736)
816.75 (-2.397833147220609,-1.51585404130443)
817 (-0.8062409435460725,0.189459043073706)
817.25 (-0.5171845908699617,-0.3868115581313364)
817.5 (-0.9028031131510164,-0.7123939910990011)
817.75 (2.946634729622386,-3.279759905576049)
818 (0.03293836334142976,1.534014594172963)
818.25 (1.084492987304719,0.9091561962017793)
818.5 (-0.3018530011714115,-1.35905681032217)
818.75 (1.727701776260065,3.099083522761624)
819 (-1.046279237106713,-0.6737905216336523)
819.25 (-0.1862090170608053,1.034240298780866)
819.5 (-0.3339980832052801,0.7427543373745825)
819.75 (-3.122127827337045,-1.155302445776923)
820 (3.16166825293108,-2.57360833062133)
820.25 (-0.8184282605090607,2.599504339695678)
820.5 (3.346898843238133,-2.004062651646559)
820.75 (-3.792071213930806,1.262363019029823)
821 (2.314799577119024,-1.96523342262924)
821.25 (1.91801462253589,-1.410533733337372)
821.5 (1.02316748427337,0.8895559337837852)
821.75 (-1.101313461699147,1.823573649150153)
822 (-1.04993825598318,0.093514709442648)
822.25 (-0.1327316591115943,-2.011298469628895)
822.5 (-1.023008303480831,-0.4406663354115234)
822.75 (3.517668323443785,1.082242020447463)
823 (-3.551799986169224,1.102022051090196)
823.25 (1.482025749233166,-3.416241376621122)
823.5 (-0.007695943575309853,1.799753443361729)
823.75 (1.685104072580752,0.1201827311554308)
824 (-2.487565690302137,-0.8861248533078637)
824.25 (1.795329259171056,-2.095276639936029)
824.5 (2.839350913246418,0.5134628839278415)
824.75 (-2.56997506024409,2.946029612123474)
825 (-2.718456419791086,0.3945670844724015)
825.25 (-0.04392348438770206,-1.202265756616358)
825.5 (-0.1350602657012126,1.170432001482858)
825.75 (-0.7078576591896762,-3.292230247377359)
826 (0.3454181885585005,0.5456156634953044)
826.25 (0.617044243147172,1.53996493865732)
826.5 (2.473774449820908,-2.059611952310298)
826.75 (-2.346056568517401,1.67700211416619)
827 (0.9457036532050588,0.7152105036299501)
827.25 (-0.1982339746297824,0.608762054621108)
827.5 (0.000171670286014575,-1.634180913554965)
827.75 (-0.2729792267063919,0.5619423956712338)
828 (0.5754683111016425,0.3130875414598637)
828.25 (0.7413652793747467,1.236169896064199)
828.5 (-2.115187407960765,-1.863135911061769)
828.75 (4.217001055803365,0.02613006528591539)
829 (-3.155377135605121,1.218371156988368)
829.25 (1.372117621238757,1.976926908394141)
829.5 (-1.038842313261481,-2.151307071436652)
829.75 (-1.991376122018455,1.058652654704538)
830 (5.395160409637098,-7.297731391971812)
830.25 (2.112077583452148,5.160162252385494)
830.5 (-3.351376632387867,-4.74441197289999)
830.75 (1.48854453389107,0.825670592033514)
831 (1.954839879480508,0.6606831617935743)
831.25 (-1.188940545924753,0.6820500851242047)
831.5 (-1.658663609985744,0.7940842968194135)
831.75 (2.060246647420615,-0.0848150942107906)
832 (-1.441254805457364,-1.368858880789459)
832.25 (-1.581476138521363,0.4115228904277097)
832.5 (2.060288993865303,-0.0744259117864061)
832.75 (-0.0809541960718811,-1.794617240134135)
833 (-0.4163943093179409,1.263335939455208)
833.25 (1.178703579597771,1.387441670907177)
833.5 (0.4142066466523183,-1.359400642073046)
833.75 (0.3746059111665963,1.021888087414426)
834 (-1.492836591873096,1.044666732121089)
834.25 (-1.260605229247599,0.7930575760464931)
834.5 (1.084845527769957,-1.877541001278232)
834.75 (-0.8353131756801692,-1.404807873854901)
835 (0.1451299657176844,1.159996239847605)
835.25 (1.520615887276788,0.7502406552480333)
835.5 (-3.408258478232208,-0.09880178839192238)
835.75 (1.099090336010329,-1.63511436765812)
836 (-0.6045358459058148,1.032603388435203)
836.25 (0.4713599883470038,-1.450711731834393)
836.5 (1.02535208527318,3.490548865453572)
836.75 (-0.3641617860054409,-2.386570778206428)
837 (-1.824045877147532,1.108200220272896)
837.25 (1.750683381220488,0.523181253230285)
837.5 (-3.403572426321963,-2.253208689888762)
837.75 (1.390124095991574,-0.3581480000209934)
838 (-0.5222048987403192,-0.08075527975038269)
838.25 (1.04943503496568,0.5845640203031007)
838.5 (-0.09464523239667777,-1.106944194929996)
838.75 (0.6382065508925562,1.68884196007694)
839 (-0.7712490530986862,-1.017065751491901)
839.25 (-0.2965918400755762,-1.492206856233403)
839.5 (0.8749165698603149,1.206255289364588)
839.75 (0.750386805297065,2.543221175438799)
840 (-1.800790466493244,-2.781483005798071)
840.25 (-0.537813523664491,0.7902652036803768)
840.5 (0.4689729845547767,-1.622790474924182)
840.75 (1.777610038596732,-0.2500199046469762)
841 (1.99809862630124,3.279957387100298)
841.25 (-3.045943101623937,-2.902366422575387)
841.5 (1.112947735431746,2.912583053074229)
841.75 (-1.570661209940333,-1.176067560613932)
842 (2.016990829030507,2.029814344151331)
842.25 (-1.159876157266889,-2.595757216711817)
842.5 (-0.965097984861393,2.305493129039086)
842.75 (1.899149340710725,-0.6518558121393179)
843 (-1.295759473499782,-0.7886444424244855)
843.25 (-0.6690686565242469,-1.079782731494519)
843.5 (1.346458898246233,0.923954042305125)
843.75 (0.9043631086265344,-2.466571332010232)
844 (0.9175978028596689,2.798635991470032)
844.25 (-0.2100838994375716,0.3506928389948069)
844.5 (-0.417905722124154,-1.352010629907903)
844.75 (-1.479580049813146,0.4521887021474797)
845 (2.447640201761724,0.564094524564735)
845.25 (-1.312733840705458,-1.421598179684334)
845.5 (-0.5342971435491732,-0.2283649612610618)
845.75 (0.4432067894468477,1.599682559975305)
846 (0.03563020984043831,-2.206522199971586)
846.25 (0.9531183305555463,0.9385519941203835)
846.5 (0.2291836461536852,-0.9750702818067003)
846.75 (-1.649242763833653,0.2151363254376474)
847 (1.791762438835361,0.8202917426297055)
847.25 (-2.06963197225976,-0.1045478456729002)
847.5 (-2.074873078801942,-1.135036047154348)
847.75 (-1.478011568759984,-1.131080424252728)
848 (0.552300640981356,-3.307384403895417)
848.25 (1.651140261738448,0.7218991071635249)
848.5 (0.2312205786718612,-0.9880530986692462)
848.75 (-0.5316782660933257,-0.932472189231153)
849 (2.949789253601381,2.553068695536965)
849.25 (-0.2250498146396141,-0.7536811574171186)
849.5 (-0.3719909444438251,2.250564786374908)
849.75 (-0.9567004103927834,-0.6966081935023857)
850 (-1.375199996877654,0.422484054600514)
850.25 (1.841202604985066,-1.43078463410585)
850.5 (-3.799314674328384,1.575191705536868)
850.75 (2.019463505763586,-1.379061883069358)
851 (-0.7736527377432819,-0.1302589563709811)
851.25 (1.122330175906583,1.522507426064691)
851.5 (-1.775731994557388,0.6370862247690717)
851.75 (0.2810670003427425,1.046972363934163)
852 (-2.868214253920131,-4.338998232489593)
852.25 (1.127869918566128,0.267347874122171)
852.5 (1.905446147424613,-0.6657675742344661)
852.75 (-1.698955659167523,2.68419329735404)
853 (-0.05748042125464282,-1.348182621202777)
853.25 (1.051606378627611,-0.07430349962576659)
853.5 (-1.103039326840606,-1.560597221324486)
853.75 (2.625473357317609,2.269259840978747)
854 (0.5829801688327944,-0.6488800209490531)
854.25 (0.9819751264321157,1.163972539550827)
854.5 (-1.567964631909805,1.234021734823507)
854.75 (-1.017052969497177,1.494548440916227)
855 (-0.5447105236445385,0.1235512270479783)
855.25 (-0.4304559646887141,-3.970358429880213)
855.5 (0.6539522026733786,1.812615468123061)
855.75 (-1.297736925105504,0.467079870213971)
856 (0.6401666547871853,-1.482407480927587)
856.25 (0.6434167637551226,-1.231056169499023)
856.5 (0.09837006441998564,2.450328511317168)
856.75 (0.9774151277639404,-1.674567597497321)
857 (-2.537097973685202,2.492605406975648)
857.25 (3.047748331563136,-3.764033120650206)
857.5 (0.4892536159680322,1.456313977010847)
857.75 (-0.7124504950751169,1.326502297724636)
858 (-1.509016944081074,-3.29988587314562)
858.25 (2.088357575260705,3.485074521469037)
858.5 (-0.7770140267981406,-2.876378144454668)
858.75 (0.07872183970411092,4.549372580247428)
859 (-1.674846883024889,-4.060025788057049)
859.25 (3.651561030596135,2.337260648975933)
859.5 (0.3238510983550468,1.457858419507788)
859.75 (-2.999194994352326,-0.9547506066603967)
860 (2.826779973518308,-1.303016716902417)
860.25 (-1.64710182126729,2.19093611043335)
860.5 (0.1342371589821767,-2.023993291271518)
860.75 (0.3102386780549988,-1.207215413090684)
861 (3.441977595041768,1.995530636674847)
861.25 (-1.270136557193154,-0.09445154262641203)
861.5 (1.823209740157987,2.335160752165798)
861.75 (-0.7173708910434482,-3.324661602356795)
862 (-0.09060833462025771,3.87485274514823)
862.25 (-1.194114540699458,-1.530086489709017)
862.5 (-0.9079430288993217,0.5453458563048359)
862.75 (-0.6862317348501011,-2.919253786272557)
863 (-0.1074562424272621,-1.877726489962569)
863.25 (3.863618465294077,2.444784306175626)
863.5 (-0.03462882601260645,0.6995647367723773)
863.75 (-1.061611727816022,-0.6831176545689455)
864 (-0.8849886842778126,1.933944998634421)
864.25 (0.8101713548055394,-1.256275090396795)
864.5 (-2.363365149092183,-1.4331843737492)
864.75 (0.5382481122622043,1.442349760235497)
865 (1.431614979067766,-1.571087960483878)
865.25 (-1.981028470657444,0.08886319671924954)
865.5 (0.9058594422078325,1.348947925368007)
865.75 (-1.13544287322494,-0.7203972525158893)
866 (1.941905155602374,-0.08605660169071003)
866.25 (-0.3726373168584901,-1.694819872149818)
866.5 (0.580619189534572,3.640327204818442)
866.75 (-0.2282949991723304,-1.327219954761546)
867 (1.268591116523478,0.7977068234212316)
867.25 (-1.774186366965587,0.7639778557271041)
867.5 (-2.036309944762769,0.8468498825405752)
867.75 (-0.5784248546087681,-0.5452358299930192)
868 (-0.734247453252628,-3.147229588259247)
868.25 (1.489423467910236,0.7801566505321467)
868.5 (0.09647196266750996,-1.707773401589485)
868.75 (1.007571287709561,1.445118332996036)
869 (-0.4265603187801021,-0.320246088617466)
869.25 (-0.3731617554615747,2.088688341942194)
869.5 (-2.546261630952602,-3.297363779232595)
869.75 (2.684484800380741,2.127521069362433)
870 (0.384129365765329,-1.479418406481961)
870.25 (0.3738762466955136,0.7323815153875346)
870.5 (0.3609612339612592,1.209634395299879)
870.75 (-0.7995743496702645,-1.192824137360317)
871 (-0.4171393785266934,0.6320580105782533)
871.25 (0.8571613690046095,0.7177911116343616)
871.5 (0.5642386775147912,0.8567255300503224)
871.75 (-2.08546694653812,-1.632487883806413)
872 (-0.2985144550284284,1.36118326169514)
872.25 (1.870650999006926,-0.8189034235523367)
872.5 (-1.071934741434052,-1.727882317153347)
872.75 (0.8526856416844126,1.820605834512474)
873 (1.543997509238593,0.2034569946121163)
873.25 (-1.720761736668282,-0.6248293573117994)
873.5 (1.011468160075008,1.731679482595954)
873.75 (-0.226505248107729,-1.461579433512256)
874 (0.8630557661702696,0.2806205350766954)
874.25 (-1.694256778840583,0.7747348460513762)
874.5 (-0.4570094433780872,2.332934907021227)
874.75 (-0.9658944490789588,-2.522785806444785)
875 (1.243442593024692,-0.009012744271686737)
875.25 (1.730968439410465,-2.190232166063377)
875.5 (-1.411587208157109,4.156323234598105)
875.75 (-0.3965365892154132,-1.803923549455797)
876 (2.91838319179656,-2.747783907617507)
876.25 (-0.7327766998080849,2.240940333139725)
876.5 (-0.1233064467313367,2.000961378220843)
876.75 (-0.5866236047204186,-2.269815607827993)
877 (-1.408512802066359,-0.2152906269960482)
877.25 (2.062859223664316,0.7260374119788555)
877.5 (-1.588048810205499,-0.02893088968257528)
877.75 (-0.9147541640722701,-0.06593413379183595)
878 (2.28559773461085,-1.809742686216876)
878.25 (0.7340697479737426,0.308625559675766)
878.5 (-1.910166228464952,0.06394953561639541)
878.75 (1.083484316401102,2.316640647721233)
879 (-1.963626439402245,-4.423380041339366)
879.25 (2.371366726541972,0.2308698085242113)
879.5 (0.02842616279226903,-0.6975098548870572)
879.75 (1.203608617309819,1.843732606942685)
880 (1.125898538834995,-1.166304763641369)
880.25 (0.2405673685492886,-0.238467702787236)
880.5 (-0.8404795180693294,2.913725165131674)
880.75 (-0.04623419437441179,-0.8521320952030008)
881 (0.4559813087514009,-1.413727551124078)
881.25 (-0.9913034737419026,1.427964142469625)
881.5 (-0.228602059351795,1.438589549288221)
881.75 (-1.317985030907627,-1.86644829655078)
882 (0.8282700967900004,-1.311796411385916)
882.25 (-1.524877472194771,0.2070880130893831)
882.5 (0.3898543341182259,-0.8289614173137)
882.75 (1.407877153061483,0.001331599710384924)
883 (-0.1739056328318406,-1.198250025866728)
883.25 (1.791802520351309,-0.2116242172044395)
883.5 (-0.4317757349077728,1.552370186532105)
883.75 (-0.7489341461909498,-0.8746426120256501)
884 (1.30001916458341,1.438526322581789)
884.25 (1.174372028538606,0.4922112701527271)
884.5 (-1.857418227818812,-0.6517163544908234)
884.75 (-0.3348672344471592,1.572548092797686)
885 (0.1239890997479328,-0.6774412083160829)
885.25 (0.4880093893608912,-0.6248878502513644)
885.5 (-1.073086878734762,-2.609101603677643)
885.75 (0.4855510520673288,0.195490257575845)
886 (2.615708373327875,0.8511438396861351)
886.25 (-2.559264187970951,4.138811201544561)
886.5 (-2.810560163167576,-0.640628470570311)
886.75 (0.3409543897375281,-2.514648168018378)
887 (3.170917645761371,2.219827190373354)
887.25 (-1.994348314670522,0.5788477008112641)
887.5 (-0.5601858470780212,1.305836792290169)
887.75 (0.006278339268102483,-3.035638372482344)
888 (0.2924082780567659,-0.3159087840205458)
888.25 (-0.01223768959355512,1.217415461252807)
888.5 (-0.2918311126158934,1.047498560335982)
888.75 (0.7825314052955024,-2.24949230599772)
889 (-0.1209088012932344,0.5757289925452018)
889.25 (-1.272644430872321,1.400167201555505)
889.5 (1.478161914051224,-0.7851311577429562)
889.75 (0.5641354206723446,0.5138564599891255)
890 (-0.6777958269776349,-1.401021145441083)
890.25 (-1.202088042100846,0.8033023888568721)
890.5 (0.716771108124408,-0.6571918877884946)
890.75 (1.812795894820256,1.433953667903487)
891 (0.1021074587439586,-1.29378360415979)
891.25 (-1.439729711275036,1.229958807096087)
891.5 (0.4932915023672331,-0.4957077326757193)
891.75 (-0.2156300814111451,1.180715923950197)
892 (1.118213532910825,-0.1333660782927284)
892.25 (-1.631840379273817,0.1048984871454027)
892.5 (-1.770339602916087,-0.6795725955813583)
892.75 (0.5471042603843775,-0.1260429232419423)
893 (2.345341413427751,-2.274310297987096)
893.25 (-1.035093539264064,-0.6684777319264279)
893.5 (1.180143103043876,3.146550400074916)
893.75 (1.485527185898094,-0.4129327348381974)
894 (-2.633458614993863,0.4512071534185148)
894.25 (2.551994651047344,-0.6022734176552865)
894.5 (-1.870785116190856,0.3151871378178188)
894.75 (1.522414708770456,-1.371518120653928)
895 (-0.1937090811843283,1.888705719177318)
895.25 (1.291989294215462,1.447626791031147)
895.5 (-1.782467623743845,0.3959005344648651)
895.75 (-0.3865938449031955,-1.309852979301843)
896 (0.8437347690999047,-0.9826783061487059)
896.25 (-1.098439353848505,-1.207114980619138)
896.5 (0.6400282003563614,-1.209614502374922)
896.75 (2.493688375509747,0.08018994484494871)
897 (-0.5026471804372885,1.05223136174579)
897.25 (-1.18889301894117,2.219882637932118)
897.5 (-0.6658520897744357,2.439597309179772)
897.75 (-0.1512065550239459,1.099084022887921)
898 (-0.9246442623343263,-1.463206399654937)
898.25 (-1.305998714429321,1.709565605664867)
898.5 (1.847634081835928,-5.420450924554157)
898.75 (-0.212423079461158,0.4406556700961533)
899 (1.209656570465206,-0.6586561551119301)
899.25 (-0.6350023966078442,0.9750072460053677)
899.5 (1.668199349040535,-2.073701074389001)
899.75 (-0.5985155371329277,2.518228031610953)
900 (-0.1736232318679352,0.2512967221168824)
900.25 (-0.5552272392666174,-1.440533357421711)
900.5 (-0.8709444158112687,0.258622856845849)
900.75 (0.847193748836172,0.4602604075930503)
901 (-2.136295737863019,-0.04078015230588608)
901.25 (0.4492936088966829,-0.8247210340730354)
901.5 (4.133137465525711,-3.388566663730892)
901.75 (-1.015500460730677,5.113610150382519)
902 (-1.455651025167094,-0.8306696453824127)
902.25 (-1.174703800220615,-1.037172431787632)
902.5 (3.827052314296628,-0.7649506218550995)
902.75 (-2.646568596332969,0.2062906318213842)
903 (0.6451778557561406,-1.18591388570118)
903.25 (1.584772661380864,4.405561907472484)
903.5 (-1.834511523296331,-1.093779488689371)
903.75 (0.8458765075456492,-1.232189969806797)
904 (-2.143274297852944,-0.376378138593716)
904.25 (-0.2465914908616031,1.441826815802839)
904.5 (1.500475128310134,-2.468098524062914)
904.75 (0.8439689351686367,1.409560232273901)
905 (-0.484278269150396,-2.425059598917434)
905.25 (-0.5784159106269656,3.741471100235779)
905.5 (0.6047968114774771,-1.37983327131904)
905.75 (-0.05717045987154312,-2.445862366742859)
906 (1.1399694865719,1.9311986805726)
906.25 (-1.287405814732645,1.932488604648451)
906.5 (1.381455843814101,-0.7911259706030707)
906.75 (-1.182106878161439,-1.632269688307016)
907 (0.5218166362206191,2.159595350820636)
907.25 (0.06422097550004904,-1.694517583215731)
907.5 (-0.6760449534283421,0.4066892530765722)
907.75 (-1.517431800806883,-1.333453546373597)
908 (2.040263421912861,0.3550995075584408)
908.25 (0.1318052598723874,0.3078744457031634)
908.5 (1.089780223040641,-1.10366891903206)
908.75 (-2.181263166886269,1.117052527815749)
909 (-0.2854159991076379,0.7727155198376701)
909.25 (1.568589981199414,-1.342834019924708)
909.5 (-0.09823375403088824,-0.3960822454259747)
909.75 (-1.388612974515724,1.988491170444199)
910 (2.469829404173986,-0.07826686451665314)
910.25 (0.85528653503797,1.288483735647914)
910.5 (-2.335574683202329,0.4530761679073895)
910.75 (0.9233436161299717,-0.5741487652795336)
911 (-4.025016327247295,-1.070427875940343)
911.25 (2.625208467603387,0.8303433380987565)
911.5 (-1.819033689692606,-1.062460359202628)
911.75 (0.102130050279466,0.6943358496282251)
912 (0.6036133143511625,-1.99917732265808)
912.25 (-0.6856535974492249,-0.1770657626962679)
912.5 (1.471625225696176,-0.9710124133909578)
912.75 (1.776654175751,-0.3077748395392756)
913 (-1.351430563215976,3.62508262015896)
913.25 (-1.548209402797602,-1.87271891026707)
913.5 (-0.4872863294836809,-0.6882513204296044)
913.75 (1.044644644935299,-1.09966342920701)
914 (1.413865030334526,1.229118439912429)
914.25 (-1.618048204283931,0.8915423311241319)
914.5 (3.4458700946555,0.250623082582146)
914.75 (-1.611448431731324,2.321784411218584)
915 (-1.703842820359391,-1.030149659544522)
915.25 (-1.377093898143761,-1.463068226403067)
915.5 (1.919151963359563,-0.4015902509339754)
915.75 (1.96676202168828,-2.454495547232399)
916 (0.08325897215709101,0.07168364586452416)
916.25 (-1.740805259497557,0.08297154291492029)
916.5 (1.652331507507641,0.4597989418468597)
916.75 (0.4409174870447857,-1.565360184415021)
917 (0.06982910614510038,0.9365128841964111)
917.25 (-0.2325428298778165,1.966875585615457)
917.5 (-0.6322750749108023,-2.394979912963243)
917.75 (1.066215682493776,-0.1250316035835913)
918 (0.4215785572324299,1.102759344054095)
918.25 (-0.860646422706861,-1.191241565817486)
918.5 (0.7824988478006828,2.295837912802029)
918.75 (0.8385165001795669,-1.251039742430233)
919 (-1.115423643746097,1.074592049430159)
919.25 (-1.50681206175774,-0.5660181417897647)
919.5 (-0.6722541125222629,1.058895036338425)
919.75 (0.3425201505040099,-2.061676682349262)
920 (-0.3454698397648503,1.187290881465911)
920.25 (1.270068913783901,-8.976032116782852)
920.5 (1.987235226830294,2.61559431715907)
920.75 (0.1872068127618479,0.01938174552770227)
921 (-0.2621603214789924,2.494280912215582)
921.25 (-1.936295532593094,-2.914740443346028)
921.5 (-1.675467928047529,1.097946573198827)
921.75 (0.7534432344096046,2.332854759936011)
922 (-2.549615903756604,-1.383649328532121)
922.25 (0.4693558226964384,-1.06498970888314)
922.5 (-1.049498888178323,0.6225608427446676)
922.75 (1.195416615621073,-0.8259289576340135)
923 (-2.162818432531632,0.5401616197414171)
923.25 (2.838725046631497,-1.506123298530962)
923.5 (-1.27190891345592,0.5785134355286178)
923.75 (1.693809956567317,0.1512826397869113)
924 (0.4437939429835268,0.9618382065514299)
924.25 (-2.841645139547191,-1.411776743578804)
924.5 (3.789453853776113,1.522358366917781)
924.75 (-0.6793187884912432,-0.5905109513190059)
925 (-2.394031915910135,1.070026146749838)
925.25 (-1.052649684486239,0.942918738919746)
925.5 (1.053220987502107,-1.417463523594496)
925.75 (-0.6766078132917708,-0.2780718488289437)
926 (-0.1022573521394134,-1.694555205040555)
926.25 (1.652643208868708,1.116586021951453)
926.5 (-1.192989821781621,2.332950435150509)
926.75 (0.456201855071749,-4.482311761851173)
927 (1.871646422641219,3.590540718047354)
927.25 (-3.353253483874225,-1.37996582315392)
927.5 (2.699000676691826,1.724918793943873)
927.75 (-0.4473660956737911,-0.02820539638341354)
928 (-0.9060947423371898,-1.363880255988119)
928.25 (-1.73181746327993,-0.7355019475977854)
928.5 (1.933634820462701,1.180356727938383)
928.75 (2.044269078881334,-0.2303720519210828)
929 (0.6661186589322688,1.149587893253212)
929.25 (-2.057188622889804,-0.4548178363680029)
929.5 (-0.879000120861041,0.5630772134154295)
929.75 (1.501289245750108,0.3007553392980487)
930 (-1.3465212714174,-0.6629658838094579)
930.25 (0.005247345733383485,-1.801165173591596)
930.5 (0.2732989466202272,2.553566015564538)
930.75 (-2.328390885955252,0.3680221113449048)
931 (1.154608406617917,-1.483546276410745)
931.25 (-0.6748695460706696,0.316877351915586)
931.5 (-0.4997278942253899,0.2969771759237423)
931.75 (2.009731669637242,-0.1794479091979611)
932 (-0.8652038002061955,1.037731789452432)
932.25 (-2.843313310873945,2.665717699587248)
932.5 (-0.4367457184122114,-3.570495964166814)
932.75 (3.069356309169418,-0.8364168068319807)
933 (0.003991753149275403,1.559972678030605)
933.25 (1.635985627447144,-0.9144451857685629)
933.5 (-0.008841867906802641,3.470444246265159)
933.75 (-1.549229911525682,-0.4946649100827245)
934 (-1.22846023667146,1.808445598483306)
934.25 (0.4926843263312088,-1.886003756468932)
934.5 (1.186147107193337,-0.4444596804327207)
934.75 (-1.155081455563761,1.051386112256512)
935 (-1.195042789275312,0.2394755641543185)
935.25 (1.577306602968032,-0.544895787515156)
935.5 (-1.018970628804232,-1.564700748778443)
935.75 (-0.06063920057774829,-0.09910226182188445)
936 (0.001616707938073778,1.491494331339788)
936.25 (0.6512687748539223,-1.362233432584993)
936.5 (-1.544585920957686,-0.2137133313555547)
936.75 (0.04166360403771116,-0.3392935037666219)
937 (1.457446614602015,-1.307316811993901)
937.25 (0.9703385106868518,1.572670633302541)
937.5 (1.348991931283774,-0.551612192346327)
937.75 (-2.669234402968397,1.492293923905226)
938 (1.340787731504477,2.33165611237778)
938.25 (-1.603303720398212,0.1046850432263775)
938.5 (-1.879058288839665,-3.115431605934208)
938.75 (2.86766225236085,0.3566659118322704)
939 (0.3078865691830821,0.8802218684716825)
939.25 (-1.031309234410056,-0.903381535840733)
939.5 (2.705479636799676,0.333446916895061)
939.75 (-0.5334746092968663,0.6413057093046411)
940 (-1.462011432828526,-0.1590482706709272)
940.25 (1.26135086433539,-0.7123459448781774)
940.5 (-0.01288508979809142,1.088397125820484)
940.75 (-0.6207900433803311,-0.8005221754921097)
941 (-0.3116801080206633,-1.465274389200957)
941.25 (1.17823230270633,1.814111513425154)
941.5 (-0.99996439826641,0.1835218971280022)
941.75 (-0.800585055431639,-2.310159595410664)
942 (0.4354413007748055,-1.25332001973066)
942.25 (0.6620291389153967,1.006346978571555)
942.5 (-0.3547146681382809,-1.0522175986043)
942.75 (0.9394271030039345,1.340165868315356)
943 (-0.8266168972154452,-0.9705981734794591)
943.25 (-1.113729378357355,-1.093742192084098)
943.5 (1.203453765575908,0.4442953177841245)
943.75 (0.8520802518389943,1.249781984765653)
944 (-1.018476596365083,-0.7510895646644119)
944.25 (1.498395628342366,0.07537171129127948)
944.5 (-2.374846485439207,1.717452697005247)
944.75 (1.814185635140527,0.4434027311802727)
945 (-0.7845263892951589,-2.104800295156655)
945.25 (-1.31760562064586,1.62224493387075)
945.5 (0.4625809542340744,0.4589915789641315)
945.75 (1.068594081083466,-1.576376127844576)
946 (-2.375671090314751,1.482314923709764)
946.25 (0.4473243887847084,0.9849435097037013)
946.5 (-0.9380457069078418,-1.664788576187508)
946.75 (1.004922623982114,-0.4988056770643432)
947 (2.212204405769786,1.397585987794743)
947.25 (-5.716303193757033,-0.9736793902311437)
947.5 (1.425543204165979,-1.306367662070673)
947.75 (2.5665118796465,1.764595571384872)
948 (-4.217477941261635,-0.7662875199769962)
948.25 (1.449054487418926,-1.28215478410764)
948.5 (0.4479491063410587,1.537239759935871)
948.75 (1.319549449919236,0.6770664052506622)
949 (-2.583196496536294,-0.5004295347391032)
949.25 (0.2114431580164564,-0.6039528940578757)
949.5 (2.68810782555136,0.5937640013050256)
949.75 (-2.359872931890474,0.8962806624710459)
950 (-1.786557599169284,1.272661899651473)
950.25 (0.03959012805200361,-0.8583048046932814)
950.5 (1.259886889127481,-2.417296427781815)
950.75 (-1.179792452273609,0.6010856084528787)
951 (1.359532737982994,0.07176556292679573)
951.25 (0.1383517766156442,2.201062926949176)
951.5 (0.7744174549777499,-0.2695716437488486)
951.75 (-1.312890448295997,-1.051114028482183)
952 (0.318041648260293,1.407122397672036)
952.25 (2.183393804862665,0.03310298635601084)
952.5 (-0.2893213266158198,-2.178741771890313)
952.75 (-1.367973365898069,2.062131927809305)
953 (1.172384243671985,-0.4043145951205181)
953.25 (-1.052570389599488,2.720452021951935)
953.5 (-1.186699974083364,-3.371099715223433)
953.75 (-0.1855569531619055,-1.082785319084601)
954 (2.327704204863423,1.746086737277304)
954.25 (1.214851391335573,-1.66125726930433)
954.5 (0.344111082059831,1.236016536192895)
954.75 (0.222125030177162,2.118632981996464)
955 (-0.7908458051243074,-0.9341660916819079)
955.25 (-1.515468043156557,-1.229764351616832)
955.5 (1.290718082738365,2.32743438718986)
955.75 (-0.3002992200409939,-0.7097901304907944)
956 (-1.181638170472217,-1.890490532970905)
956.25 (0.5068535042574668,0.02870934193634236)
956.5 (1.777150254451122,3.281508083112526)
956.75 (-2.52268101151649,-0.8373778099043349)
957 (-0.1875473060307667,-2.238256172165058)
957.25 (0.396326373106288,1.377573622671448)
957.5 (1.436583142534572,-0.2162404000497108)
957.75 (0.5202419227236157,-0.3451511386783951)
958 (0.9655853911665131,-0.2729186721484011)
958.25 (-1.1508130482375,1.575420319955413)
958.5 (0.5997283460365224,1.645625545896412)
958.75 (-1.253674956515593,-0.7365612399795589)
959 (0.3033716353732329,-3.349159088410478)
959.25 (-0.8238340624877333,0.3019823050814255)
959.5 (2.237281005647402,0.2886168111826638)
959.75 (0.7422224458841062,-0.8408487914922218)
960 (-0.1967837085134392,0.4941070738979219)
960.25 (-0.1691889431854575,2.278633358548581)
960.5 (1.391729335943554,0.8791977069531628)
960.75 (-1.434321189435877,-0.7411244174874583)
961 (-1.789726869198311,0.9024836928761117)
961.25 (-0.913130992741124,0.836629383682032)
961.5 (1.563045052617338,-1.757941282151392)
961.75 (-1.784554439469272,-0.3271048673710196)
962 (-0.4670992931006287,0.7666566485658782)
962.25 (0.09086188657307678,-1.456212614358848)
962.5 (3.1248986845889,-1.100806584551409)
962.75 (-2.734993985470481,1.550825404897509)
963 (3.160510823108942,-0.2947315787688088)
963.25 (-1.034926256984128,1.671057511453114)
963.5 (-2.449081916164655,-1.025726222789924)
963.75 (2.470075507497425,-4.088562462375082)
964 (-0.006152308751552846,1.903243346119754)
964.25 (0.758167270926563,1.407633563239649)
964.5 (-0.5629705223334436,-1.546635647397572)
964.75 (-3.32164090260643,3.237207208918302)
965 (1.092914979974368,-2.7494487930853)
965.25 (0.1641469957759294,-2.080972003718688)
965.5 (-0.7876344550585153,0.9152955751320765)
965.75 (1.225812710501711,-1.238463745024616)
966 (1.518791780235667,0.8365359300884354)
966.25 (3.376838320977444,0.01733713056636577)
966.5 (-1.482108768865909,1.655222077763467)
966.75 (-0.624671287695134,0.5803685432064023)
967 (1.288034518136566,-0.35420717286322)
967.25 (-0.5681368332905183,1.377429612600474)
967.5 (-2.476041562850778,-0.5965933246114385)
967.75 (-1.953556562819379,-0.5793924194540158)
968 (-0.6534015030285855,1.174447467582646)
968.25 (0.4872160296842836,-4.204644081630572)
968.5 (0.9329284509367513,-1.132203398048417)
968.75 (1.278943996290876,1.503521374735118)
969 (0.7779793469247114,1.852254520238235)
969.25 (-0.9779110244391881,-0.08983131591321104)
969.5 (-1.208420272779598,-1.039281119743817)
969.75 (-0.604625406054631,1.78577774719465)
970 (-0.304460957798685,-2.576113199513478)
970.25 (1.384982149416011,-2.241828273234125)
970.5 (-1.071187913217468,0.1987437225140805)
970.75 (1.870122986942103,1.082647172287662)
971 (1.736380942811059,-0.5831063061488557)
971.25 (-1.401133163282253,1.1472462276475)
971.5 (-1.838156122071781,-0.2128698600654031)
971.75 (4.453392880366805,-3.651269706043202)
972 (1.148102910427535,1.909611699880501)
972.25 (-0.3887001487630947,-0.5289129767918939)
972.5 (-0.9307973048315449,0.7073098721202385)
972.75 (1.057200053547045,1.48324972852521)
973 (0.08443792519372129,-0.8393318667979003)
973.25 (-2.000017904956733,-0.1750584022458057)
973.5 (0.6729084923000529,1.593149515827673)
973.75 (0.9581083397697939,-1.504475893667972)
974 (-1.012362434523244,0.1587380400308399)
974.25 (0.1220994096343531,-2.040524299971745)
974.5 (0.5673116209108537,2.93019850698735)
974.75 (0.2237181732105035,0.3809176489891957)
975 (-1.808963779121469,-1.410099552174484)
975.25 (-1.334463296122149,0.491054269844052)
975.5 (0.3937608899872121,-2.088947262229981)
975.75 (0.8224948460922337,-1.291785560223541)
976 (2.99089910536441,0.5971097874931104)
976.25 (-1.370808769500886,-0.1623487707638223)
976.5 (1.223098927850104,1.277138642807626)
976.75 (0.8062864404814153,-1.088731027095181)
977 (-0.4237578762313811,1.623530999334812)
977.25 (1.247149820285812,0.08509543147590637)
977.5 (-1.362360745777989,-0.5170712848888384)
977.75 (-1.215604480660728,1.189942753459166)
978 (-0.913849364570882,0.3094092149186372)
978.25 (2.661134076245501,-2.208866422199372)
978.5 (-1.792121531477254,0.4759353969624371)
978.75 (-0.8995120297803922,2.20588944120795)
979 (0.6294398773067569,-0.573782070735251)
979.25 (0.6934255427440456,-2.277458374237775)
979.5 (-0.9789191537748553,0.4644649723635344)
979.75 (1.132458536615017,1.545034464057188)
980 (0.5846672988536173,0.988835729466627)
980.25 (-1.149254870370118,-0.8390831583056894)
980.5 (1.090172445918551,0.08145786709197358)
980.75 (-2.183072680589714,1.470170819895917)
981 (0.06772045480724788,-0.2702978861089742)
981.25 (0.8003796118806425,-1.330585802040168)
981.5 (-1.310898693960417,-0.4691237870938137)
981.75 (1.234431866467858,0.436318815630285)
982 (2.442700163039973,0.8571135752821915)
982.25 (-2.397958189973124,-0.355622855836991)
982.5 (0.1909394069455681,-0.3095522878273941)
982.75 (0.1664722667021968,0.378821806315686)
983 (2.636958787973891,-1.567241187420845)
983.25 (-1.000625601668203,-0.2763040525080079)
983.5 (0.5490494001472885,-0.1819091285797872)
983.75 (-0.0009732823302192297,2.004591195351515)
984 (1.478035791123346,-0.1583671728182994)
984.25 (-2.358456858684789,-1.764772536748258)
984.5 (0.9800477495081041,1.222777354980415)
984.75 (2.951781582563419,1.244258639524313)
985 (-3.976426472386764,0.7530461526219259)
985.25 (0.3054586355915979,-1.884893641621489)
985.5 (-1.384923046460002,0.04435932286306574)
985.75 (3.211115155966743,0.7714853409386547)
986 (-0.7549100310063791,0.1355047505225048)
986.25 (1.025280140356782,-0.238744363435577)
986.5 (-1.421843811597117,-0.9027480156422029)
986.75 (0.9238615685981058,0.4899241641286337)
987 (1.60039951072512,1.675894905205358)
987.25 (-0.07577758511699483,-1.243726926552456)
987.5 (-2.115712214609494,-0.2418731142132467)
987.75 (0.9200200768806573,2.391027492958803)
988 (-0.3108107274441203,-0.8990765714217693)
988.25 (-1.372765332093109,-0.9655565925463172)
988.5 (-1.484109209987826,-0.1391276757932582)
988.75 (1.563914534348416,-0.4068890249343275)
989 (0.1681199235654601,0.02300770736481609)
989.25 (-1.337747241922111,-1.55726875384045)
989.5 (0.8874032328829374,-0.6937559396891368)
989.75 (1.765085338893585,0.9860315868811064)
990 (-1.046074523748092,-1.409148701000437)
990.25 (-1.735698864229405,1.686528729671343)
990.5 (2.860862496659365,0.3782608584810637)
990.75 (-0.6443425450201087,0.2538018222453389)
991 (-2.922308745404611,0.4497336157289731)
991.25 (0.5091875289079127,-1.672125690445582)
991.5 (0.8680578466153885,2.546631251091462)
991.75 (-0.0568587716435237,-1.904247089057969)
992 (-0.7097948196266801,-0.1227254663089626)
992.25 (0.4408865754950477,1.542346819982154)
992.5 (-1.389932143955854,0.599743831440794)
992.75 (-0.5110472429684048,-4.596432718174758)
993 (1.615992074663638,-1.291293864185689)
993.25 (0.3254631626592132,-0.01379289837141639)
993.5 (-0.06871761731307421,1.790381900478131)
993.75 (-2.005058219741951,-3.176649045279545)
994 (3.13410103936841,-0.9749783680217066)
994.25 (-0.02870358054526072,3.335602408648517)
994.5 (-2.79004268385507,-3.305975425626183)
994.75 (-0.2780776160451495,0.5662452231886766)
995 (1.637195593423058,-1.321638219536311)
995.25 (1.33612986360708,-0.7085702853155096)
995.5 (0.0143494436876597,1.603259810988899)
995.75 (-0.4625552645673844,0.5396854244352942)
996 (-0.03303497361644819,0.6489386403144123)
996.25 (-0.532679669627402,-1.805917512227945)
996.5 (-0.0592018359828024,1.240623393341063)
996.75 (-1.209549852488896,-1.316439758615317)
997 (1.712162529465431,1.421392150182037)
997.25 (-0.6930835307556549,-1.932646985211779)
997.5 (1.356143194094305,0.7119214609865012)
997.75 (-1.176000806455621,-1.184693149920418)
998 (1.778448319611541,2.907004515618757)
998.25 (-0.3629330882285691,-1.240572233223379)
998.5 (-2.788204723932318,0.879236021561832)
998.75 (0.9782832724204943,-0.1887582790901013)
999 (-2.434872465250263,0.162415293295384)
999.25 (2.074413100848101,-2.152580732437061)
999.5 (1.245347625859415,-0.9180239393846177)
999.75 (-0.692688672667495,3.884959405964677)
1000 (-0.6445853469928767,-0.5299400627896734)
1000.25 (-0.5031528202925435,-0.07967398907741489)
1000.5 (-1.026305883598105,0.9719333736193606)
1000.75 (-1.679507222679747,-4.665579704332595)
1001 (3.323215476056362,0.8498348740853348)
1001.25 (-0.5246408959975928,0.7309341439087709)
1001.5 (1.555344353530844,-0.9806926262909732)
1001.75 (-0.7240092327567992,-0.3576295518487215)
1002 (-0.7991903235658099,2.309129052670952)
1002.25 (1.586578139291633,0.04264397263892815)
1002.5 (-0.4601612515266334,-1.393423654924542)
1002.75 (0.6347689132046007,1.272117863027006)
1003 (-1.72351359442933,0.888597349544227)
1003.25 (-1.339122305103507,0.3397912749873609)
1003.5 (1.469762156035288,-2.987316371263363)
1003.75 (1.295310556550652,0.05683034837694823)
1004 (-1.750948398575626,0.2991798854427458)
1004.25 (0.2290192073893383,2.195653146219207)
1004.5 (2.352426916830282,1.019647042457575)
1004.75 (-2.17357427168603,-1.277623303928088)
1005 (0.7587747118903134,-0.1412987635690724)
1005.25 (-0.6873747211364077,0.4518776166639067)
1005.5 (0.7663994714778192,1.634634338309194)
1005.75 (0.24312356408503,-2.119632795847793)
1006 (-0.5450062409474845,1.023888899012999)
1006.25 (-1.947574175006089,3.005470738205084)
1006.5 (-1.23820581588016,-1.796176422185483)
1006.75 (1.446877639493952,-1.204894585999346)
1007 (-0.984845751609663,-1.660006564087247)
1007.25 (0.2519400532890057,1.492879589207151)
1007.5 (1.59357222079704,-0.06447827571065737)
1007.75 (0.08396052577021494,-1.45190627609465)
1008 (-0.7753927612203396,0.3277581296882839)
1008.25 (1.830983982362435,-0.4385361747675288)
1008.5 (0.3717359677552466,-0.7194053528068792)
1008.75 (2.75894701563565,5.797983320044834)
1009 (-0.4233111286292045,-0.1292880541516248)
1009.25 (-1.484112152954505,2.133092673432606)
1009.5 (-4.004088918355962,-2.175510182321242)
1009.75 (1.031222698454343,1.703747250482814)
1010 (-0.9743789209612463,-1.094020293656395)
1010.25 (-1.174469637907314,-0.4344289151091033)
1010.5 (-1.073017374986853,-0.4931607378432987)
1010.75 (1.82756437319801,-0.5908913005835974)
1011 (-1.126259022013987,-1.58406763818884)
1011.25 (-1.000631347271191,2.226691070334589)
1011.5 (0.617095857123645,-1.625037302143957)
1011.75 (1.192689279448582,0.004017555203234041)
1012 (1.516784984776019,-0.7830261228453553)
1012.25 (0.3455392527601543,2.656258227779169)
1012.5 (1.655407533243403,1.086703206089832)
1012.75 (-1.635568535234367,-0.3758104616754047)
1013 (0.2694008689311308,1.518578272807043)
1013.25 (-2.727196460555304,-1.164244014371261)
1013.5 (0.05389795811752397,-0.9598325534898511)
1013.75 (1.708920858604409,0.2450782972003258)
1014 (-2.057232521040737,1.876171801310977)
1014.25 (-3.002167012013466,-1.141946439383547)
1014.5 (3.28865229386534,-2.027409684337711)
1014.75 (0.544569235211658,2.592450347917674)
1015 (-0.6874276152738413,-2.011194866495328)
1015.25 (0.593391041663046,0.08849139630293194)
1015.5 (-0.402175720454806,1.372180012532174)
1015.75 (0.534728906086065,-1.132887058890095)
1016 (-0.6612711160318909,0.7613476677484985)
1016.25 (0.07790512264531911,-1.628243567709772)
1016.5 (0.5620983115299742,-1.249126751801177)
1016.75 (0.9525693769013606,2.065446314027064)
1017 (-0.03415622987164132,-0.5744767474187984)
1017.25 (-0.9594671792505097,0.9129653822789509)
1017.5 (0.373140044905126,-0.4779556778243617)
1017.75 (-0.8242422578503691,1.408143098507826)
1018 (0.3271478074825712,-0.9161716500657042)
1018.25 (-1.011126638562155,0.6030986900035483)
1018.5 (-3.899532573777124,0.9211198074286039)
1018.75 (0.06088184211765228,-2.321522004830378)
1019 (-0.2017209008156274,-0.04728512787615514)
1019.25 (2.288309423531044,-0.6504291712468382)
1019.5 (-0.7639856835020784,-1.035435025635472)
1019.75 (2.69932918416955,0.1400195274448444)
1020 (0.3528776965083175,1.638509020315009)
1020.25 (0.1401690786602868,1.880356023910362)
1020.5 (-0.9675893468707495,-0.9874551121049082)
1020.75 (-0.4793177040770881,0.5131130272094639)
1021 (1.431635724664688,0.4963766336001004)
1021.25 (-4.751145680386571,1.326330086841918)
1021.5 (0.8652968208036032,-3.523803593257142)
1021.75 (1.389220854381092,0.1914186443503241)
1022 (1.312501495989479,0.2711765182513008)
1022.25 (-0.9586729591361053,-0.6204147258925333)
1022.5 (0.685472245782059,-0.2076041659785409)
1022.75 (1.536385856037605,0.4598356133955373)
1023 (-1.482664950376719,0.5521203988068155)
1023.25 (0.9519421144375126,0.2381481683293288)
1023.5 (-1.617076906019392,0.1023352208094016)
1023.75 (0.2665955853626352,-1.511699552063867)
1024 (0,0)
1024.25 (0,0)
1024.5 (0,0)
1024.75 (0,0)
1025 (0,0)
1025.25 (0,0)
1025.5 (0,0)
1025.75 (0,0)
1026 (0,0)
1026.25 (0,0)
1026.5 (0,0)
1026.75 (0,0)
1027 (0,0)
1027.25 (0,0)
1027.5 (0,0)
1027.75 (0,0)
1028 (0,0)
1028.25 (0,0)
1028.5 (0,0)
1028.75 (0,0)
1029 (0,0)
1029.25 (0,0)
1029.5 (0,0)
1029.75 (0,0)
1030 (0,0)
1030.25 (0,0)
1030.5 (0,0)
1030.75 (0,0)
1031 (0,0)
1031.25 (0,0)
1031.5 (0,0)
1031.75 (0,0)
1032 (0,0)
1032.25 (0,0)
1032.5 (0,0)
1032.75 (0,0)
1033 (0,0)
1033.25 (0,0)
1033.5 (0,0)
1033.75 (0,0)
1034 (0,0)
1034.25 (0,0)
1034.5 (0,0)
1034.75 (0,0)
1035 (0,0)
1035.25 (0,0)
1035.5 (0,0)
1035.75 (0,0)
1036 (0,0)
1036.25 (0,0)
1036.5 (0,0)
1036.75 (0,0)
1037 (0,0)
1037.25 (0,0)
1037.5 (0,0)
1037.75 (0,0)
1038 (0,0)
1038.25 (0,0)
1038.5 (0,0)
1038.75 (0,0)
1039 (0,0)
1039.25 (0,0)
1039.5 (0,0)
1039.75 (0,0)
1040 (0,0)
1040.25 (0,0)
1040.5 (0,0)
1040.75 (0,0)
1041 (0,0)
1041.25 (0,0)
1041.5 (0,0)
1041.75 (0,0)
1042 (0,0)
1042.25 (0,0)
1042.5 (0,0)
1042.75 (0,0)
1043 (0,0)
1043.25 (0,0)
1043.5 (0,0)
1043.75 (0,0)
1044 (0,0)
1044.25 (0,0)
1044.5 (0,0)
1044.75 (0,0)
1045 (0,0)
1045.25 (0,0)
1045.5 (0,0)
1045.75 (0,0)
1046 (0,0)
1046.25 (0,0)
1046.5 (0,0)
1046.75 (0,0)
1047 (0,0)
1047.25 (0,0)
1047.5 (0,0)
1047.75 (0,0)
1048 (0,0)
1048.25 (0,0)
1048.5 (0,0)
1048.75 (0,0)
1049 (0,0)
1049.25 (0,0)
1049.5 (0,0)
1049.75 (0,0)
1050 (0,0)
1050.25 (0,0)
1050.5 (0,0)
1050.75 (0,0)
1051 (0,0)
1051.25 (0,0)
1051.5 (0,0)
1051.75 (0,0)
1052 (0,0)
1052.25 (0,0)
1052.5 (0,0)
1052.75 (0,0)
1053 (0,0)
1053.25 (0,0)
1053.5 (0,0)
1053.75 (0,0)
1054 (0,0)
1054.25 (0,0)
1054.5 (0,0)
1054.75 (0,0)
1055 (0,0)
1055.25 (0,0)
1055.5 (0,0)
1055.75 (0,0)
1056 (0,0)
1056.25 (0,0)
1056.5 (0,0)
1056.75 (0,0)
1057 (0,0)
1057.25 (0,0)
1057.5 (0,0)
1057.75 (0,0)
1058 (0,0)
1058.25 (0,0)
1058.5 (0,0)
1058.75 (0,0)
1059 (0,0)
1059.25 (0,0)
1059.5 (0,0)
1059.75 (0,0)
1060 (0,0)
1060.25 (0,0)
1060.5 (0,0)
1060.75 (0,0)
1061 (0,0)
1061.25 (0,0)
1061.5 (0,0)
1061.75 (0,0)
1062 (0,0)
1062.25 (0,0)
1062.5 (0,0)
1062.75 (0,0)
1063 (0,0)
1063.25 (0,0)
1063.5 (0,0)
1063.75 (0,0)
1064 (0,0)
1064.25 (0,0)
1064.5 (0,0)
1064.75 (0,0)
1065 (0,0)
1065.25 (0,0)
1065.5 (0,0)
1065.75 (0,0)
1066 (0,0)
1066.25 (0,0)
1066.5 (0,0)
1066.75 (0,0)
1067 (0,0)
1067.25 (0,0)
1067.5 (0,0)
1067.75 (0,0)
1068 (0,0)
1068.25 (0,0)
1068.5 (0,0)
1068.75 (0,0)
1069 (0,0)
1069.25 (0,0)
1069.5 (0,0)
1069.75 (0,0)
1070 (0,0)
1070.25 (0,0)
1070.5 (0,0)
1070.75 (0,0)
1071 (0,0)
1071.25 (0,0)
1071.5 (0,0)
1071.75 (0,0)
1072 (0,0)
1072.25 (0,0)
1072.5 (0,0)
1072.75 (0,0)
1073 (0,0)
1073.25 (0,0)
1073.5 (0,0)
1073.75 (0,0)
1074 (0,0)
1074.25 (0,0)
1074.5 (0,0)
1074.75 (0,0)
1075 (0,0)
1075.25 (0,0)
1075.5 (0,0)
1075.75 (0,0)
1076 (0,0)
1076.25 (0,0)
1076.5 (0,0)
1076.75 (0,0)
1077 (0,0)
1077.25 (0,0)
1077.5 (0,0)
1077.75 (0,0)
1078 (0,0)
1078.25 (0,0)
1078.5 (0,0)
1078.75 (0,0)
1079 (0,0)
1079.25 (0,0)
1079.5 (0,0)
1079.75 (0,0)
1080 (0,0)
1080.25 (0,0)
1080.5 (0,0)
1080.75 (0,0)
1081 (0,0)
1081.25 (0,0)
1081.5 (0,0)
1081.75 (0,0)
1082 (0,0)
1082.25 (0,0)
1082.5 (0,0)
1082.75 (0,0)
1083 (0,0)
1083.25 (0,0)
1083.5 (0,0)
1083.75 (0,0)
1084 (0,0)
1084.25 (0,0)
1084.5 (0,0)
1084.75 (0,0)
1085 (0,0)
1085.25 (0,0)
1085.5 (0,0)
1085.75 (0,0)
1086 (0,0)
1086.25 (0,0)
1086.5 (0,0)
1086.75 (0,0)
1087 (0,0)
1087.25 (0,0)
1087.5 (0,0)
1087.75 (0,0)
1088 (0,0)
1088.25 (0,0)
1088.5 (0,0)
1088.75 (0,0)
1089 (0,0)
1089.25 (0,0)
1089.5 (0,0)
1089.75 (0,0)
1090 (0,0)
1090.25 (0,0)
1090.5 (0,0)
1090.75 (0,0)
1091 (0,0)
1091.25 (0,0)
1091.5 (0,0)
1091.75 (0,0)
1092 (0,0)
1092.25 (0,0)
1092.5 (0,0)
1092.75 (0,0)
1093 (0,0)
1093.25 (0,0)
1093.5 (0,0)
1093.75 (0,0)
1094 (0,0)
1094.25 (0,0)
1094.5 (0,0)
1094.75 (0,0)
1095 (0,0)
1095.25 (0,0)
1095.5 (0,0)
1095.75 (0,0)
1096 (0,0)
1096.25 (0,0)
1096.5 (0,0)
1096.75 (0,0)
1097 (0,0)
1097.25 (0,0)
1097.5 (0,0)
1097.75 (0,0)
1098 (0,0)
1098.25 (0,0)
1098.5 (0,0)
1098.75 (0,0)
1099 (0,0)
1099.25 (0,0)
1099.5 (0,0)
1099.75 (0,0)
1100 (0,0)
1100.25 (0,0)
1100.5 (0,0)
1100.75 (0,0)
1101 (0,0)
1101.25 (0,0)
1101.5 (0,0)
1101.75 (0,0)
1102 (0,0)
1102.25 (0,0)
1102.5 (0,0)
1102.75 (0,0)
1103 (0,0)
1103.25 (0,0)
1103.5 (0,0)
1103.75 (0,0)
1104 (0,0)
1104.25 (0,0)
1104.5 (0,0)
1104.75 (0,0)
1105 (0,0)
1105.25 (0,0)
1105.5 (0,0)
1105.75 (0,0)
1106 (0,0)
1106.25 (0,0)
1106.5 (0,0)
1106.75 (0,0)
1107 (0,0)
1107.25 (0,0)
1107.5 (0,0)
1107.75 (0,0)
1108 (0,0)
1108.25 (0,0)
1108.5 (0,0)
1108.75 (0,0)
1109 (0,0)
1109.25 (0,0)
1109.5 (0,0)
1109.75 (0,0)
1110 (0,0)
1110.25 (0,0)
1110.5 (0,0)
1110.75 (0,0)
1111 (0,0)
1111.25 (0,0)
1111.5 (0,0)
1111.75 (0,0)
1112 (0,0)
1112.25 (0,0)
1112.5 (0,0)
1112.75 (0,0)
1113 (0,0)
1113.25 (0,0)
1113.5 (0,0)
1113.75 (0,0)
1114 (0,0)
1114.25 (0,0)
1114.5 (0,0)
1114.75 (0,0)
1115 (0,0)
1115.25 (0,0)
1115.5 (0,0)
1115.75 (0,0)
1116 (0,0)
1116.25 (0,0)
1116.5 (0,0)
1116.75 (0,0)
1117 (0,0)
1117.25 (0,0)
1117.5 (0,0)
1117.75 (0,0)
1118 (0,0)
1118.25 (0,0)
1118.5 (0,0)
1118.75 (0,0)
1119 (0,0)
1119.25 (0,0)
1119.5 (0,0)
1119.75 (0,0)
1120 (0,0)
1120.25 (0,0)
1120.5 (0,0)
1120.75 (0,0)
1121 (0,0)
1121.25 (0,0)
1121.5 (0,0)
1121.75 (0,0)
1122 (0,0)
1122.25 (0,0)
1122.5 (0,0)
1122.75 (0,0)
1123 (0,0)
1123.25 (0,0)
1123.5 (0,0)
1123.75 (0,0)
1124 (0,0)
1124.25 (0,0)
1124.5 (0,0)
1124.75 (0,0)
1125 (0,0)
1125.25 (0,0)
1125.5 (0,0)
1125.75 (0,0)
1126 (0,0)
1126.25 (0,0)
1126.5 (0,0)
1126.75 (0,0)
1127 (0,0)
1127.25 (0,0)
1127.5 (0,0)
1127.75 (0,0)
1128 (0,0)
1128.25 (0,0)
1128.5 (0,0)
1128.75 (0,0)
1129 (0,0)
1129.25 (0,0)
1129.5 (0,0)
1129.75 (0,0)
1130 (0,0)
1130.25 (0,0)
1130.5 (0,0)
1130.75 (0,0)
1131 (0,0)
1131.25 (0,0)
1131.5 (0,0)
1131.75 (0,0)
1132 (0,0)
1132.25 (0,0)
1132.5 (0,0)
1132.75 (0,0)
1133 (0,0)
1133.25 (0,0)
1133.5 (0,0)
1133.75 (0,0)
1134 (0,0)
1134.25 (0,0)
1134.5 (0,0)
1134.75 (0,0)
1135 (0,0)
1135.25 (0,0)
1135.5 (0,0)
1135.75 (0,0)
1136 (0,0)
1136.25 (0,0)
1136.5 (0,0)
1136.75 (0,0)
1137 (0,0)
1137.25 (0,0)
1137.5 (0,0)
1137.75 (0,0)
1138 (0,0)
1138.25 (0,0)
1138.5 (0,0)
1138.75 (0,0)
1139 (0,0)
1139.25 (0,0)
1139.5 (0,0)
1139.75 (0,0)
1140 (0,0)
1140.25 (0,0)
1140.5 (0,0)
1140.75 (0,0)
1141 (0,0)
1141.25 (0,0)
1141.5 (0,0)
1141.75 (0,0)
1142 (0,0)
1142.25 (0,0)
1142.5 (0,0)
1142.75 (0,0)
1143 (0,0)
1143.25 (0,0)
1143.5 (0,0)
1143.75 (0,0)
1144 (0,0)
1144.25 (0,0)
1144.5 (0,0)
1144.75 (0,0)
1145 (0,0)
1145.25 (0,0)
1145.5 (0,0)
1145.75 (0,0)
1146 (0,0)
1146.25 (0,0)
1146.5 (0,0)
1146.75 (0,0)
1147 (0,0)
1147.25 (0,0)
1147.5 (0,0)
1147.75 (0,0)
1148 (0,0)
1148.25 (0,0)
1148.5 (0,0)
1148.75 (0,0)
1149 (0,0)
1149.25 (0,0)
1149.5 (0,0)
1149.75 (0,0)
1150 (0,0)
1150.25 (0,0)
1150.5 (0,0)
1150.75 (0,0)
1151 (0,0)
1151.25 (0,0)
1151.5 (0,0)
1151.75 (0,0)
1152 (0,0)
1152.25 (0,0)
1152.5 (0,0)
1152.75 (0,0)
1153 (0,0)
1153.25 (0,0)
1153.5 (0,0)
1153.75 (0,0)
1154 (0,0)
1154.25 (0,0)
1154.5 (0,0)
1154.75 (0,0)
1155 (0,0)
1155.25 (0,0)
1155.5 (0,0)
1155.75 (0,0)
1156 (0,0)
1156.25 (0,0)
1156.5 (0,0)
1156.75 (0,0)
1157 (0,0)
1157.25 (0,0)
1157.5 (0,0)
1157.75 (0,0)
1158 (0,0)
1158.25 (0,0)
1158.5 (0,0)
1158.75 (0,0)
1159 (0,0)
1159.25 (0,0)
1159.5 (0,0)
1159.75 (0,0)
1160 (0,0)
1160.25 (0,0)
1160.5 (0,0)
1160.75 (0,0)
1161 (0,0)
1161.25 (0,0)
1161.5 (0,0)
1161.75 (0,0)
1162 (0,0)
1162.25 (0,0)
1162.5 (0,0)
1162.75 (0,0)
1163 (0,0)
1163.25 (0,0)
1163.5 (0,0)
1163.75 (0,0)
1164 (0,0)
1164.25 (0,0)
1164.5 (0,0)
1164.75 (0,0)
1165 (0,0)
1165.25 (0,0)
1165.5 (0,0)
1165.75 (0,0)
1166 (0,0)
1166.25 (0,0)
1166.5 (0,0)
1166.75 (0,0)
1167 (0,0)
1167.25 (0,0)
1167.5 (0,0)
1167.75 (0,0)
1168 (0,0)
1168.25 (0,0)
1168.5 (0,0)
1168.75 (0,0)
1169 (0,0)
1169.25 (0,0)
1169.5 (0,0)
1169.75 (0,0)
1170 (0,0)
1170.25 (0,0)
1170.5 (0,0)
1170.75 (0,0)
1171 (0,0)
1171.25 (0,0)
1171.5 (0,0)
1171.75 (0,0)
1172 (0,0)
1172.25 (0,0)
1172.5 (0,0)
1172.75 (0,0)
1173 (0,0)
1173.25 (0,0)
1173.5 (0,0)
1173.75 (0,0)
1174 (0,0)
1174.25 (0,0)
1174.5 (0,0)
1174.75 (0,0)
1175 (0,0)
1175.25 (0,0)
1175.5 (0,0)
1175.75 (0,0)
1176 (0,0)
1176.25 (0,0)
1176.5 (0,0)
1176.75 (0,0)
1177 (0,0)
1177.25 (0,0)
1177.5 (0,0)
1177.75 (0,0)
1178 (0,0)
1178.25 (0,0)
1178.5 (0,0)
1178.75 (0,0)
1179 (0,0)
1179.25 (0,0)
1179.5 (0,0)
1179.75 (0,0)
1180 (0,0)
1180.25 (0,0)
1180.5 (0,0)
1180.75 (0,0)
1181 (0,0)
1181.25 (0,0)
1181.5 (0,0)
1181.75 (0,0)
1182 (0,0)
1182.25 (0,0)
1182.5 (0,0)
1182.75 (0,0)
1183 (0,0)
1183.25 (0,0)
1183.5 (0,0)
1183.75 (0,0)
1184 (0,0)
1184.25 (0,0)
1184.5 (0,0)
1184.75 (0,0)
1185 (0,0)
1185.25 (0,0)
1185.5 (0,0)
1185.75 (0,0)
1186 (0,0)
1186.25 (0,0)
1186.5 (0,0)
1186.75 (0,0)
1187 (0,0)
1187.25 (0,0)
1187.5 (0,0)
1187.75 (0,0)
1188 (0,0)
1188.25 (0,0)
1188.5 (0,0)
1188.75 (0,0)
1189 (0,0)
1189.25 (0,0)
1189.5 (0,0)
1189.75 (0,0)
1190 (0,0)
1190.25 (0,0)
1190.5 (0,0)
1190.75 (0,0)
1191 (0,0)
1191.25 (0,0)
1191.5 (0,0)
1191.75 (0,0)
1192 (0,0)
1192.25 (0,0)
1192.5 (0,0)
1192.75 (0,0)
1193 (0,0)
1193.25 (0,0)
1193.5 (0,0)
1193.75 (0,0)
1194 (0,0)
1194.25 (0,0)
1194.5 (0,0)
1194.75 (0,0)
1195 (0,0)
1195.25 (0,0)
1195.5 (0,0)
1195.75 (0,0)
1196 (0,0)
1196.25 (0,0)
1196.5 (0,0)
1196.75 (0,0)
1197 (0,0)
1197.25 (0,0)
1197.5 (0,0)
1197.75 (0,0)
1198 (0,0)
1198.25 (0,0)
1198.5 (0,0)
1198.75 (0,0)
1199 (0,0)
1199.25 (0,0)
1199.5 (0,0)
1199.75 (0,0)
1200 (0,0)
1200.25 (0,0)
1200.5 (0,0)
1200.75 (0,0)
1201 (0,0)
1201.25 (0,0)
1201.5 (0,0)
1201.75 (0,0)
1202 (0,0)
1202.25 (0,0)
1202.5 (0,0)
1202.75 (0,0)
1203 (0,0)
1203.25 (0,0)
1203.5 (0,0)
1203.75 (0,0)
1204 (0,0)
1204.25 (0,0)
1204.5 (0,0)
1204.75 (0,0)
1205 (0,0)
1205.25 (0,0)
1205.5 (0,0)
1205.75 (0,0)
1206 (0,0)
1206.25 (0,0)
1206.5 (0,0)
1206.75 (0,0)
1207 (0,0)
1207.25 (0,0)
1207.5 (0,0)
1207.75 (0,0)
1208 (0,0)
1208.25 (0,0)
1208.5 (0,0)
1208.75 (0,0)
1209 (0,0)
1209.25 (0,0)
1209.5 (0,0)
1209.75 (0,0)
1210 (0,0)
1210.25 (0,0)
1210.5 (0,0)
1210.75 (0,0)
1211 (0,0)
1211.25 (0,0)
1211.5 (0,0)
1211.75 (0,0)
1212 (0,0)
1212.25 (0,0)
1212.5 (0,0)
1212.75 (0,0)
1213 (0,0)
1213.25 (0,0)
1213.5 (0,0)
1213.75 (0,0)
1214 (0,0)
1214.25 (0,0)
1214.5 (0,0)
1214.75 (0,0)
1215 (0,0)
1215.25 (0,0)
1215.5 (0,0)
1215.75 (0,0)
1216 (0,0)
1216.25 (0,0)
1216.5 (0,0)
1216.75 (0,0)
1217 (0,0)
1217.25 (0,0)
1217.5 (0,0)
1217.75 (0,0)
1218 (0,0)
1218.25 (0,0)
1218.5 (0,0)
1218.75 (0,0)
1219 (0,0)
1219.25 (0,0)
1219.5 (0,0)
1219.75 (0,0)
1220 (0,0)
1220.25 (0,0)
1220.5 (0,0)
1220.75 (0,0)
1221 (0,0)
1221.25 (0,0)
1221.5 (0,0)
1221.75 (0,0)
1222 (0,0)
1222.25 (0,0)
1222.5 (0,0)
1222.75 (0,0)
1223 (0,0)
1223.25 (0,0)
1223.5 (0,0)
1223.75 (0,0)
1224 (0,0)
1224.25 (0,0)
1224.5 (0,0)
1224.75 (0,0)
1225 (0,0)
1225.25 (0,0)
1225.5 (0,0)
1225.75 (0,0)
1226 (0,0)
1226.25 (0,0)
1226.5 (0,0)
1226.75 (0,0)
1227 (0,0)
1227.25 (0,0)
1227.5 (0,0)
1227.75 (0,0)
1228 (0,0)
1228.25 (0,0)
1228.5 (0,0)
1228.75 (0,0)
1229 (0,0)
1229.25 (0,0)
1229.5 (0,0)
1229.75 (0,0)
1230 (0,0)
1230.25 (0,0)
1230.5 (0,0)
1230.75 (0,0)
1231 (0,0)
1231.25 (0,0)
1231.5 (0,0)
1231.75 (0,0)
1232 (0,0)
1232.25 (0,0)
1232.5 (0,0)
1232.75 (0,0)
1233 (0,0)
1233.25 (0,0)
1233.5 (0,0)
1233.75 (0,0)
1234 (0,0)
1234.25 (0,0)
1234.5 (0,0)
1234.75 (0,0)
1235 (0,0)
1235.25 (0,0)
1235.5 (0,0)
1235.75 (0,0)
1236 (0,0)
1236.25 (0,0)
1236.5 (0,0)
1236.75 (0,0)
1237 (0,0)
1237.25 (0,0)
1237.5 (0,0)
1237.75 (0,0)
1238 (0,0)
1238.25 (0,0)
1238.5 (0,0)
1238.75 (0,0)
1239 (0,0)
1239.25 (0,0)
1239.5 (0,0)
1239.75 (0,0)
1240 (0,0)
1240.25 (0,0)
1240.5 (0,0)
1240.75 (0,0)
1241 (0,0)
1241.25 (0,0)
1241.5 (0,0)
1241.75 (0,0)
1242 (0,0)
1242.25 (0,0)
1242.5 (0,0)
1242.75 (0,0)
1243 (0,0)
1243.25 (0,0)
1243.5 (0,0)
1243.75 (0,0)
1244 (0,0)
1244.25 (0,0)
1244.5 (0,0)
1244.75 (0,0)
1245 (0,0)
1245.25 (0,0)
1245.5 (0,0)
1245.75 (0,0)
1246 (0,0)
1246.25 (0,0)
1246.5 (0,0)
1246.75 (0,0)
1247 (0,0)
1247.25 (0,0)
1247.5 (0,0)
1247.75 (0,0)
1248 (0,0)
1248.25 (0,0)
1248.5 (0,0)
1248.75 (0,0)
1249 (0,0)
1249.25 (0,0)
1249.5 (0,0)
1249.75 (0,0)
1250 (0,0)
1250.25 (0,0)
1250.5 (0,0)
1250.75 (0,0)
1251 (0,0)
1251.25 (0,0)
1251.5 (0,0)
1251.75 (0,0)
1252 (0,0)
1252.25 (0,0)
1252.5 (0,0)
1252.75 (0,0)
1253 (0,0)
1253.25 (0,0)
1253.5 (0,0)
1253.75 (0,0)
1254 (0,0)
1254.25 (0,0)
1254.5 (0,0)
1254.75 (0,0)
1255 (0,0)
1255.25 (0,0)
1255.5 (0,0)
1255.75 (0,0)
1256 (0,0)
1256.25 (0,0)
1256.5 (0,0)
1256.75 (0,0)
1257 (0,0)
1257.25 (0,0)
1257.5 (0,0)
1257.75 (0,0)
1258 (0,0)
1258.25 (0,0)
1258.5 (0,0)
1258.75 (0,0)
1259 (0,0)
1259.25 (0,0)
1259.5 (0,0)
1259.75 (0,0)
1260 (0,0)
1260.25 (0,0)
1260.5 (0,0)
1260.75 (0,0)
1261 (0,0)
1261.25 (0,0)
1261.5 (0,0)
1261.75 (0,0)
1262 (0,0)
1262.25 (0,0)
1262.5 (0,0)
1262.75 (0,0)
1263 (0,0)
1263.25 (0,0)
1263.5 (0,0)
1263.75 (0,0)
1264 (0,0)
1264.25 (0,0)
1264.5 (0,0)
1264.75 (0,0)
1265 (0,0)
1265.25 (0,0)
1265.5 (0,0)
1265.75 (0,0)
1266 (0,0)
1266.25 (0,0)
1266.5 (0,0)
1266.75 (0,0)
1267 (0,0)
1267.25 (0,0)
1267.5 (0,0)
1267.75 (0,0)
1268 (0,0)
1268.25 (0,0)
1268.5 (0,0)
1268.75 (0,0)
1269 (0,0)
1269.25 (0,0)
1269.5 (0,0)
1269.75 (0,0)
1270 (0,0)
1270.25 (0,0)
1270.5 (0,0)
1270.75 (0,0)
1271 (0,0)
1271.25 (0,0)
1271.5 (0,0)
1271.75 (0,0)
1272 (0,0)
1272.25 (0,0)
1272.5 (0,0)
1272.75 (0,0)
1273 (0,0)
1273.25 (0,0)
1273.5 (0,0)
1273.75 (0,0)
1274 (0,0)
1274.25 (0,0)
1274.5 (0,0)
1274.75 (0,0)
1275 (0,0)
1275.25 (0,0)
1275.5 (0,0)
1275.75 (0,0)
1276 (0,0)
1276.25 (0,0)
1276.5 (0,0)
1276.75 (0,0)
1277 (0,0)
1277.25 (0,0)
1277.5 (0,0)
1277.75 (0,0)
1278 (0,0)
1278.25 (0,0)
1278.5 (0,0)
1278.75 (0,0)
1279 (0,0)
1279.25 (0,0)
1279.5 (0,0)
1279.75 (0,0)
1280 (0,0)
1280.25 (0,0)
1280.5 (0,0)
1280.75 (0,0)
1281 (0,0)
1281.25 (0,0)
1281.5 (0,0)
1281.75 (0,0)
1282 (0,0)
1282.25 (0,0)
1282.5 (0,0)
1282.75 (0,0)
1283 (0,0)
1283.25 (0,0)
1283.5 (0,0)
1283.75 (0,0)
1284 (0,0)
1284.25 (0,0)
1284.5 (0,0)
1284.75 (0,0)
1285 (0,0)
1285.25 (0,0)
1285.5 (0,0)
1285.75 (0,0)
1286 (0,0)
1286.25 (0,0)
1286.5 (0,0)
1286.75 (0,0)
1287 (0,0)
1287.25 (0,0)
1287.5 (0,0)
1287.75 (0,0)
1288 (0,0)
1288.25 (0,0)
1288.5 (0,0)
1288.75 (0,0)
1289 (0,0)
1289.25 (0,0)
1289.5 (0,0)
1289.75 (0,0)
1290 (0,0)
1290.25 (0,0)
1290.5 (0,0)
1290.75 (0,0)
1291 (0,0)
1291.25 (0,0)
1291.5 (0,0)
1291.75 (0,0)
1292 (0,0)
1292.25 (0,0)
1292.5 (0,0)
1292.75 (0,0)
1293 (0,0)
1293.25 (0,0)
1293.5 (0,0)
1293.75 (0,0)
1294 (0,0)
1294.25 (0,0)
1294.5 (0,0)
1294.75 (0,0)
1295 (0,0)
1295.25 (0,0)
1295.5 (0,0)
1295.75 (0,0)
1296 (0,0)
1296.25 (0,0)
1296.5 (0,0)
1296.75 (0,0)
1297 (0,0)
1297.25 (0,0)
1297.5 (0,0)
1297.75 (0,0)
1298 (0,0)
1298.25 (0,0)
1298.5 (0,0)
1298.75 (0,0)
1299 (0,0)
1299.25 (0,0)
1299.5 (0,0)
1299.75 (0,0)
1300 (0,0)
1300.25 (0,0)
1300.5 (0,0)
1300.75 (0,0)
1301 (0,0)
1301.25 (0,0)
1301.5 (0,0)
1301.75 (0,0)
1302 (0,0)
1302.25 (0,0)
1302.5 (0,0)
1302.75 (0,0)
1303 (0,0)
1303.25 (0,0)
1303.5 (0,0)
1303.75 (0,0)
1304 (0,0)
1304.25 (0,0)
1304.5 (0,0)
1304.75 (0,0)
1305 (0,0)
1305.25 (0,0)
1305.5 (0,0)
1305.75 (0,0)
1306 (0,0)
1306.25 (0,0)
1306.5 (0,0)
1306.75 (0,0)
1307 (0,0)
1307.25 (0,0)
1307.5 (0,0)
1307.75 (0,0)
1308 (0,0)
1308.25 (0,0)
1308.5 (0,0)
1308.75 (0,0)
1309 (0,0)
1309.25 (0,0)
1309.5 (0,0)
1309.75 (0,0)
1310 (0,0)
1310.25 (0,0)
1310.5 (0,0)
1310.75 (0,0)
1311 (0,0)
1311.25 (0,0)
1311.5 (0,0)
1311.75 (0,0)
1312 (0,0)
1312.25 (0,0)
1312.5 (0,0)
1312.75 (0,0)
1313 (0,0)
1313.25 (0,0)
1313.5 (0,0)
1313.75 (0,0)
1314 (0,0)
1314.25 (0,0)
1314.5 (0,0)
1314.75 (0,0)
1315 (0,0)
1315.25 (0,0)
1315.5 (0,0)
1315.75 (0,0)
1316 (0,0)
1316.25 (0,0)
1316.5 (0,0)
1316.75 (0,0)
1317 (0,0)
1317.25 (0,0)
1317.5 (0,0)
1317.75 (0,0)
1318 (0,0)
1318.25 (0,0)
1318.5 (0,0)
1318.75 (0,0)
1319 (0,0)
1319.25 (0,0)
1319.5 (0,0)
1319.75 (0,0)
1320 (0,0)
1320.25 (0,0)
1320.5 (0,0)
1320.75 (0,0)
1321 (0,0)
1321.25 (0,0)
1321.5 (0,0)
1321.75 (0,0)
1322 (0,0)
1322.25 (0,0)
1322.5 (0,0)
1322.75 (0,0)
1323 (0,0)
1323.25 (0,0)
1323.5 (0,0)
1323.75 (0,0)
1324 (0,0)
1324.25 (0,0)
1324.5 (0,0)
1324.75 (0,0)
1325 (0,0)
1325.25 (0,0)
1325.5 (0,0)
1325.75 (0,0)
1326 (0,0)
1326.25 (0,0)
1326.5 (0,0)
1326.75 (0,0)
1327 (0,0)
1327.25 (0,0)
1327.5 (0,0)
1327.75 (0,0)
1328 (0,0)
1328.25 (0,0)
1328.5 (0,0)
1328.75 (0,0)
1329 (0,0)
1329.25 (0,0)
1329.5 (0,0)
1329.75 (0,0)
1330 (0,0)
1330.25 (0,0)
1330.5 (0,0)
1330.75 (0,0)
1331 (0,0)
1331.25 (0,0)
1331.5 (0,0)
1331.75 (0,0)
1332 (0,0)
1332.25 (0,0)
1332.5 (0,0)
1332.75 (0,0)
1333 (0,0)
1333.25 (0,0)
1333.5 (0,0)
1333.75 (0,0)
1334 (0,0)
1334.25 (0,0)
1334.5 (0,0)
1334.75 (0,0)
1335 (0,0)
1335.25 (0,0)
1335.5 (0,0)
1335.75 (0,0)
1336 (0,0)
1336.25 (0,0)
1336.5 (0,0)
1336.75 (0,0)
1337 (0,0)
1337.25 (0,0)
1337.5 (0,0)
1337.75 (0,0)
1338 (0,0)
1338.25 (0,0)
1338.5 (0,0)
1338.75 (0,0)
1339 (0,0)
1339.25 (0,0)
1339.5 (0,0)
1339.75 (0,0)
1340 (0,0)
1340.25 (0,0)
1340.5 (0,0)
1340.75 (0,0)
1341 (0,0)
1341.25 (0,0)
1341.5 (0,0)
1341.75 (0,0)
1342 (0,0)
1342.25 (0,0)
1342.5 (0,0)
1342.75 (0,0)
1343 (0,0)
1343.25 (0,0)
1343.5 (0,0)
1343.75 (0,0)
1344 (0,0)
1344.25 (0,0)
1344.5 (0,0)
1344.75 (0,0)
1345 (0,0)
1345.25 (0,0)
1345.5 (0,0)
1345.75 (0,0)
1346 (0,0)
1346.25 (0,0)
1346.5 (0,0)
1346.75 (0,0)
1347 (0,0)
1347.25 (0,0)
1347.5 (0,0)
1347.75 (0,0)
1348 (0,0)
1348.25 (0,0)
1348.5 (0,0)
1348.75 (0,0)
1349 (0,0)
1349.25 (0,0)
1349.5 (0,0)
1349.75 (0,0)
1350 (0,0)
1350.25 (0,0)
1350.5 (0,0)
1350.75 (0,0)
1351 (0,0)
1351.25 (0,0)
1351.5 (0,0)
1351.75 (0,0)
1352 (0,0)
1352.25 (0,0)
1352.5 (0,0)
1352.75 (0,0)
1353 (0,0)
1353.25 (0,0)
1353.5 (0,0)
1353.75 (0,0)
1354 (0,0)
1354.25 (0,0)
1354.5 (0,0)
1354.75 (0,0)
1355 (0,0)
1355.25 (0,0)
1355.5 (0,0)
1355.75 (0,0)
1356 (0,0)
1356.25 (0,0)
1356.5 (0,0)
1356.75 (0,0)
1357 (0,0)
1357.25 (0,0)
1357.5 (0,0)
1357.75 (0,0)
1358 (0,0)
1358.25 (0,0)
1358.5 (0,0)
1358.75 (0,0)
1359 (0,0)
1359.25 (0,0)
1359.5 (0,0)
1359.75 (0,0)
1360 (0,0)
1360.25 (0,0)
1360.5 (0,0)
1360.75 (0,0)
1361 (0,0)
1361.25 (0,0)
1361.5 (0,0)
1361.75 (0,0)
1362 (0,0)
1362.25 (0,0)
1362.5 (0,0)
1362.75 (0,0)
1363 (0,0)
1363.25 (0,0)
1363.5 (0,0)
1363.75 (0,0)
1364 (0,0)
1364.25 (0,0)
1364.5 (0,0)
1364.75 (0,0)
1365 (0,0)
1365.25 (0,0)
1365.5 (0,0)
1365.75 (0,0)
1366 (0,0)
1366.25 (0,0)
1366.5 (0,0)
1366.75 (0,0)
1367 (0,0)
1367.25 (0,0)
1367.5 (0,0)
1367.75 (0,0)
1368 (0,0)
1368.25 (0,0)
1368.5 (0,0)
1368.75 (0,0)
1369 (0,0)
1369.25 (0,0)
1369.5 (0,0)
1369.75 (0,0)
1370 (0,0)
1370.25 (0,0)
1370.5 (0,0)
1370.75 (0,0)
1371 (0,0)
1371.25 (0,0)
1371.5 (0,0)
1371.75 (0,0)
1372 (0,0)
1372.25 (0,0)
1372.5 (0,0)
1372.75 (0,0)
1373 (0,0)
1373.25 (0,0)
1373.5 (0,0)
1373.75 (0,0)
1374 (0,0)
1374.25 (0,0)
1374.5 (0,0)
1374.75 (0,0)
1375 (0,0)
1375.25 (0,0)
1375.5 (0,0)
1375.75 (0,0)
1376 (0,0)
1376.25 (0,0)
1376.5 (0,0)
1376.75 (0,0)
1377 (0,0)
1377.25 (0,0)
1377.5 (0,0)
1377.75 (0,0)
1378 (0,0)
1378.25 (0,0)
1378.5 (0,0)
1378.75 (0,0)
1379 (0,0)
1379.25 (0,0)
1379.5 (0,0)
1379.75 (0,0)
1380 (0,0)
1380.25 (0,0)
1380.5 (0,0)
1380.75 (0,0)
1381 (0,0)
1381.25 (0,0)
1381.5 (0,0)
1381.75 (0,0)
1382 (0,0)
1382.25 (0,0)
1382.5 (0,0)
1382.75 (0,0)
1383 (0,0)
1383.25 (0,0)
1383.5 (0,0)
1383.75 (0,0)
1384 (0,0)
1384.25 (0,0)
1384.5 (0,0)
1384.75 (0,0)
1385 (0,0)
1385.25 (0,0)
1385.5 (0,0)
1385.75 (0,0)
1386 (0,0)
1386.25 (0,0)
1386.5 (0,0)
1386.75 (0,0)
1387 (0,0)
1387.25 (0,0)
1387.5 (0,0)
1387.75 (0,0)
1388 (0,0)
1388.25 (0,0)
1388.5 (0,0)
1388.75 (0,0)
1389 (0,0)
1389.25 (0,0)
1389.5 (0,0)
1389.75 (0,0)
1390 (0,0)
1390.25 (0,0)
1390.5 (0,0)
1390.75 (0,0)
1391 (0,0)
1391.25 (0,0)
1391.5 (0,0)
1391.75 (0,0)
1392 (0,0)
1392.25 (0,0)
1392.5 (0,0)
1392.75 (0,0)
1393 (0,0)
1393.25 (0,0)
1393.5 (0,0)
1393.75 (0,0)
1394 (0,0)
1394.25 (0,0)
1394.5 (0,0)
1394.75 (0,0)
1395 (0,0)
1395.25 (0,0)
1395.5 (0,0)
1395.75 (0,0)
1396 (0,0)
1396.25 (0,0)
1396.5 (0,0)
1396.75 (0,0)
1397 (0,0)
1397.25 (0,0)
1397.5 (0,0)
1397.75 (0,0)
1398 (0,0)
1398.25 (0,0)
1398.5 (0,0)
1398.75 (0,0)
1399 (0,0)
1399.25 (0,0)
1399.5 (0,0)
1399.75 (0,0)
1400 (0,0)
1400.25 (0,0)
1400.5 (0,0)
1400.75 (0,0)
1401 (0,0)
1401.25 (0,0)
1401.5 (0,0)
1401.75 (0,0)
1402 (0,0)
1402.25 (0,0)
1402.5 (0,0)
1402.75 (0,0)
1403 (0,0)
1403.25 (0,0)
1403.5 (0,0)
1403.75 (0,0)
1404 (0,0)
1404.25 (0,0)
1404.5 (0,0)
1404.75 (0,0)
1405 (0,0)
1405.25 (0,0)
1405.5 (0,0)
1405.75 (0,0)
1406 (0,0)
1406.25 (0,0)
1406.5 (0,0)
1406.75 (0,0)
1407 (0,0)
1407.25 (0,0)
1407.5 (0,0)
1407.75 (0,0)
1408 (0,0)
1408.25 (0,0)
1408.5 (0,0)
1408.75 (0,0)
1409 (0,0)
1409.25 (0,0)
1409.5 (0,0)
1409.75 (0,0)
1410 (0,0)
1410.25 (0,0)
1410.5 (0,0)
1410.75 (0,0)
1411 (0,0)
1411.25 (0,0)
1411.5 (0,0)
1411.75 (0,0)
1412 (0,0)
1412.25 (0,0)
1412.5 (0,0)
1412.75 (0,0)
1413 (0,0)
1413.25 (0,0)
1413.5 (0,0)
1413.75 (0,0)
1414 (0,0)
1414.25 (0,0)
1414.5 (0,0)
1414.75 (0,0)
1415 (0,0)
1415.25 (0,0)
1415.5 (0,0)
1415.75 (0,0)
1416 (0,0)
1416.25 (0,0)
1416.5 (0,0)
1416.75 (0,0)
1417 (0,0)
1417.25 (0,0)
1417.5 (0,0)
1417.75 (0,0)
1418 (0,0)
1418.25 (0,0)
1418.5 (0,0)
1418.75 (0,0)
1419 (0,0)
1419.25 (0,0)
1419.5 (0,0)
1419.75 (0,0)
1420 (0,0)
1420.25 (0,0)
1420.5 (0,0)
1420.75 (0,0)
1421 (0,0)
1421.25 (0,0)
1421.5 (0,0)
1421.75 (0,0)
1422 (0,0)
1422.25 (0,0)
1422.5 (0,0)
1422.75 (0,0)
1423 (0,0)
1423.25 (0,0)
1423.5 (0,0)
1423.75 (0,0)
1424 (0,0)
1424.25 (0,0)
1424.5 (0,0)
1424.75 (0,0)
1425 (0,0)
1425.25 (0,0)
1425.5 (0,0)
1425.75 (0,0)
1426 (0,0)
1426.25 (0,0)
1426.5 (0,0)
1426.75 (0,0)
1427 (0,0)
1427.25 (0,0)
1427.5 (0,0)
1427.75 (0,0)
1428 (0,0)
1428.25 (0,0)
1428.5 (0,0)
1428.75 (0,0)
1429 (0,0)
1429.25 (0,0)
1429.5 (0,0)
1429.75 (0,0)
1430 (0,0)
1430.25 (0,0)
1430.5 (0,0)
1430.75 (0,0)
1431 (0,0)
1431.25 (0,0)
1431.5 (0,0)
1431.75 (0,0)
1432 (0,0)
1432.25 (0,0)
1432.5 (0,0)
1432.75 (0,0)
1433 (0,0)
1433.25 (0,0)
1433.5 (0,0)
1433.75 (0,0)
1434 (0,0)
1434.25 (0,0)
1434.5 (0,0)
1434.75 (0,0)
1435 (0,0)
1435.25 (0,0)
1435.5 (0,0)
1435.75 (0,0)
1436 (0,0)
1436.25 (0,0)
1436.5 (0,0)
1436.75 (0,0)
1437 (0,0)
1437.25 (0,0)
1437.5 (0,0)
1437.75 (0,0)
1438 (0,0)
1438.25 (0,0)
1438.5 (0,0)
1438.75 (0,0)
1439 (0,0)
1439.25 (0,0)
1439.5 (0,0)
1439.75 (0,0)
1440 (0,0)
1440.25 (0,0)
1440.5 (0,0)
1440.75 (0,0)
1441 (0,0)
1441.25 (0,0)
1441.5 (0,0)
1441.75 (0,0)
1442 (0,0)
1442.25 (0,0)
1442.5 (0,0)
1442.75 (0,0)
1443 (0,0)
1443.25 (0,0)
1443.5 (0,0)
1443.75 (0,0)
1444 (0,0)
1444.25 (0,0)
1444.5 (0,0)
1444.75 (0,0)
1445 (0,0)
1445.25 (0,0)
1445.5 (0,0)
1445.75 (0,0)
1446 (0,0)
1446.25 (0,0)
1446.5 (0,0)
1446.75 (0,0)
1447 (0,0)
1447.25 (0,0)
1447.5 (0,0)
1447.75 (0,0)
1448 (0,0)
1448.25 (0,0)
1448.5 (0,0)
1448.75 (0,0)
1449 (0,0)
1449.25 (0,0)
1449.5 (0,0)
1449.75 (0,0)
1450 (0,0)
1450.25 (0,0)
1450.5 (0,0)
1450.75 (0,0)
1451 (0,0)
1451.25 (0,0)
1451.5 (0,0)
1451.75 (0,0)
1452 (0,0)
1452.25 (0,0)
1452.5 (0,0)
1452.75 (0,0)
1453 (0,0)
1453.25 (0,0)
1453.5 (0,0)
1453.75 (0,0)
1454 (0,0)
1454.25 (0,0)
1454.5 (0,0)
1454.75 (0,0)
1455 (0,0)
1455.25 (0,0)
1455.5 (0,0)
1455.75 (0,0)
1456 (0,0)
1456.25 (0,0)
1456.5 (0,0)
1456.75 (0,0)
1457 (0,0)
1457.25 (0,0)
1457.5 (0,0)
1457.75 (0,0)
1458 (0,0)
1458.25 (0,0)
1458.5 (0,0)
1458.75 (0,0)
1459 (0,0)
1459.25 (0,0)
1459.5 (0,0)
1459.75 (0,0)
1460 (0,0)
1460.25 (0,0)
1460.5 (0,0)
1460.75 (0,0)
1461 (0,0)
1461.25 (0,0)
1461.5 (0,0)
1461.75 (0,0)
1462 (0,0)
1462.25 (0,0)
1462.5 (0,0)
1462.75 (0,0)
1463 (0,0)
1463.25 (0,0)
1463.5 (0,0)
1463.75 (0,0)
1464 (0,0)
1464.25 (0,0)
1464.5 (0,0)
1464.75 (0,0)
1465 (0,0)
1465.25 (0,0)
1465.5 (0,0)
1465.75 (0,0)
1466 (0,0)
1466.25 (0,0)
1466.5 (0,0)
1466.75 (0,0)
1467 (0,0)
1467.25 (0,0)
1467.5 (0,0)
1467.75 (0,0)
1468 (0,0)
1468.25 (0,0)
1468.5 (0,0)
1468.75 (0,0)
1469 (0,0)
1469.25 (0,0)
1469.5 (0,0)
1469.75 (0,0)
1470 (0,0)
1470.25 (0,0)
1470.5 (0,0)
1470.75 (0,0)
1471 (0,0)
1471.25 (0,0)
1471.5 (0,0)
1471.75 (0,0)
1472 (0,0)
1472.25 (0,0)
1472.5 (0,0)
1472.75 (0,0)
1473 (0,0)
1473.25 (0,0)
1473.5 (0,0)
1473.75 (0,0)
1474 (0,0)
1474.25 (0,0)
1474.5 (0,0)
1474.75 (0,0)
1475 (0,0)
1475.25 (0,0)
1475.5 (0,0)
1475.75 (0,0)
1476 (0,0)
1476.25 (0,0)
1476.5 (0,0)
1476.75 (0,0)
1477 (0,0)
1477.25 (0,0)
1477.5 (0,0)
1477.75 (0,0)
1478 (0,0)
1478.25 (0,0)
1478.5 (0,0)
1478.75 (0,0)
1479 (0,0)
1479.25 (0,0)
1479.5 (0,0)
1479.75 (0,0)
1480 (0,0)
1480.25 (0,0)
1480.5 (0,0)
1480.75 (0,0)
1481 (0,0)
1481.25 (0,0)
1481.5 (0,0)
1481.75 (0,0)
1482 (0,0)
1482.25 (0,0)
1482.5 (0,0)
1482.75 (0,0)
1483 (0,0)
1483.25 (0,0)
1483.5 (0,0)
1483.75 (0,0)
1484 (0,0)
1484.25 (0,0)
1484.5 (0,0)
1484.75 (0,0)
1485 (0,0)
1485.25 (0,0)
1485.5 (0,0)
1485.75 (0,0)
1486 (0,0)
1486.25 (0,0)
1486.5 (0,0)
1486.75 (0,0)
1487 (0,0)
1487.25 (0,0)
1487.5 (0,0)
1487.75 (0,0)
1488 (0,0)
1488.25 (0,0)
1488.5 (0,0)
1488.75 (0,0)
1489 (0,0)
1489.25 (0,0)
1489.5 (0,0)
1489.75 (0,0)
1490 (0,0)
1490.25 (0,0)
1490.5 (0,0)
1490.75 (0,0)
1491 (0,0)
1491.25 (0,0)
1491.5 (0,0)
1491.75 (0,0)
1492 (0,0)
1492.25 (0,0)
1492.5 (0,0)
1492.75 (0,0)
1493 (0,0)
1493.25 (0,0)
1493.5 (0,0)
1493.75 (0,0)
1494 (0,0)
1494.25 (0,0)
1494.5 (0,0)
1494.75 (0,0)
1495 (0,0)
1495.25 (0,0)
1495.5 (0,0)
1495.75 (0,0)
1496 (0,0)
1496.25 (0,0)
1496.5 (0,0)
1496.75 (0,0)
1497 (0,0)
1497.25 (0,0)
1497.5 (0,0)
1497.75 (0,0)
1498 (0,0)
1498.25 (0,0)
1498.5 (0,0)
1498.75 (0,0)
1499 (0,0)
1499.25 (0,0)
1499.5 (0,0)
1499.75 (0,0)
1500 (0,0)
1500.25 (0,0)
1500.5 (0,0)
1500.75 (0,0)
1501 (0,0)
1501.25 (0,0)
1501.5 (0,0)
1501.75 (0,0)
1502 (0,0)
1502.25 (0,0)
1502.5 (0,0)
1502.75 (0,0)
1503 (0,0)
1503.25 (0,0)
1503.5 (0,0)
1503.75 (0,0)
1504 (0,0)
1504.25 (0,0)
1504.5 (0,0)
1504.75 (0,0)
1505 (0,0)
1505.25 (0,0)
1505.5 (0,0)
1505.75 (0,0)
1506 (0,0)
1506.25 (0,0)
1506.5 (0,0)
1506.75 (0,0)
1507 (0,0)
1507.25 (0,0)
1507.5 (0,0)
1507.75 (0,0)
1508 (0,0)
1508.25 (0,0)
1508.5 (0,0)
1508.75 (0,0)
1509 (0,0)
1509.25 (0,0)
1509.5 (0,0)
1509.75 (0,0)
1510 (0,0)
1510.25 (0,0)
1510.5 (0,0)
1510.75 (0,0)
1511 (0,0)
1511.25 (0,0)
1511.5 (0,0)
1511.75 (0,0)
1512 (0,0)
1512.25 (0,0)
1512.5 (0,0)
1512.75 (0,0)
1513 (0,0)
1513.25 (0,0)
1513.5 (0,0)
1513.75 (0,0)
1514 (0,0)
1514.25 (0,0)
1514.5 (0,0)
1514.75 (0,0)
1515 (0,0)
1515.25 (0,0)
1515.5 (0,0)
1515.75 (0,0)
1516 (0,0)
1516.25 (0,0)
1516.5 (0,0)
1516.75 (0,0)
1517 (0,0)
1517.25 (0,0)
1517.5 (0,0)
1517.75 (0,0)
1518 (0,0)
1518.25 (0,0)
1518.5 (0,0)
1518.75 (0,0)
1519 (0,0)
1519.25 (0,0)
1519.5 (0,0)
1519.75 (0,0)
1520 (0,0)
1520.25 (0,0)
1520.5 (0,0)
1520.75 (0,0)
1521 (0,0)
1521.25 (0,0)
1521.5 (0,0)
1521.75 (0,0)
1522 (0,0)
1522.25 (0,0)
1522.5 (0,0)
1522.75 (0,0)
1523 (0,0)
1523.25 (0,0)
1523.5 (0,0)
1523.75 (0,0)
1524 (0,0)
1524.25 (0,0)
1524.5 (0,0)
1524.75 (0,0)
1525 (0,0)
1525.25 (0,0)
1525.5 (0,0)
1525.75 (0,0)
1526 (0,0)
1526.25 (0,0)
1526.5 (0,0)
1526.75 (0,0)
1527 (0,0)
1527.25 (0,0)
1527.5 (0,0)
1527.75 (0,0)
1528 (0,0)
1528.25 (0,0)
1528.5 (0,0)
1528.75 (0,0)
1529 (0,0)
1529.25 (0,0)
1529.5 (0,0)
1529.75 (0,0)
1530 (0,0)
1530.25 (0,0)
1530.5 (0,0)
1530.75 (0,0)
1531 (0,0)
1531.25 (0,0)
1531.5 (0,0)
1531.75 (0,0)
1532 (0,0)
1532.25 (0,0)
1532.5 (0,0)
1532.75 (0,0)
1533 (0,0)
1533.25 (0,0)
1533.5 (0,0)
1533.75 (0,0)
1534 (0,0)
1534.25 (0,0)
1534.5 (0,0)
1534.75 (0,0)
1535 (0,0)
1535.25 (0,0)
1535.5 (0,0)
1535.75 (0,0)
1536 (0,0)
1536.25 (0,0)
1536.5 (0,0)
1536.75 (0,0)
1537 (0,0)
1537.25 (0,0)
1537.5 (0,0)
1537.75 (0,0)
1538 (0,0)
1538.25 (0,0)
1538.5 (0,0)
1538.75 (0,0)
1539 (0,0)
1539.25 (0,0)
1539.5 (0,0)
1539.75 (0,0)
1540 (0,0)
1540.25 (0,0)
1540.5 (0,0)
1540.75 (0,0)
1541 (0,0)
1541.25 (0,0)
1541.5 (0,0)
1541.75 (0,0)
1542 (0,0)
1542.25 (0,0)
1542.5 (0,0)
1542.75 (0,0)
1543 (0,0)
1543.25 (0,0)
1543.5 (0,0)
1543.75 (0,0)
1544 (0,0)
1544.25 (0,0)
1544.5 (0,0)
1544.75 (0,0)
1545 (0,0)
1545.25 (0,0)
1545.5 (0,0)
1545.75 (0,0)
1546 (0,0)
1546.25 (0,0)
1546.5 (0,0)
1546.75 (0,0)
1547 (0,0)
1547.25 (0,0)
1547.5 (0,0)
1547.75 (0,0)
1548 (0,0)
1548.25 (0,0)
1548.5 (0,0)
1548.75 (0,0)
1549 (0,0)
1549.25 (0,0)
1549.5 (0,0)
1549.75 (0,0)
1550 (0,0)
1550.25 (0,0)
1550.5 (0,0)
1550.75 (0,0)
1551 (0,0)
1551.25 (0,0)
1551.5 (0,0)
1551.75 (0,0)
1552 (0,0)
1552.25 (0,0)
1552.5 (0,0)
1552.75 (0,0)
1553 (0,0)
1553.25 (0,0)
1553.5 (0,0)
1553.75 (0,0)
1554 (0,0)
1554.25 (0,0)
1554.5 (0,0)
1554.75 (0,0)
1555 (0,0)
1555.25 (0,0)
1555.5 (0,0)
1555.75 (0,0)
1556 (0,0)
1556.25 (0,0)
1556.5 (0,0)
1556.75 (0,0)
1557 (0,0)
1557.25 (0,0)
1557.5 (0,0)
1557.75 (0,0)
1558 (0,0)
1558.25 (0,0)
1558.5 (0,0)
1558.75 (0,0)
1559 (0,0)
1559.25 (0,0)
1559.5 (0,0)
1559.75 (0,0)
1560 (0,0)
1560.25 (0,0)
1560.5 (0,0)
1560.75 (0,0)
1561 (0,0)
1561.25 (0,0)
1561.5 (0,0)
1561.75 (0,0)
1562 (0,0)
1562.25 (0,0)
1562.5 (0,0)
1562.75 (0,0)
1563 (0,0)
1563.25 (0,0)
1563.5 (0,0)
1563.75 (0,0)
1564 (0,0)
1564.25 (0,0)
1564.5 (0,0)
1564.75 (0,0)
1565 (0,0)
1565.25 (0,0)
1565.5 (0,0)
1565.75 (0,0)
1566 (0,0)
1566.25 (0,0)
1566.5 (0,0)
1566.75 (0,0)
1567 (0,0)
1567.25 (0,0)
1567.5 (0,0)
1567.75 (0,0)
1568 (0,0)
1568.25 (0,0)
1568.5 (0,0)
1568.75 (0,0)
1569 (0,0)
1569.25 (0,0)
1569.5 (0,0)
1569.75 (0,0)
1570 (0,0)
1570.25 (0,0)
1570.5 (0,0)
1570.75 (0,0)
1571 (0,0)
1571.25 (0,0)
1571.5 (0,0)
1571.75 (0,0)
1572 (0,0)
1572.25 (0,0)
1572.5 (0,0)
1572.75 (0,0)
1573 (0,0)
1573.25 (0,0)
1573.5 (0,0)
1573.75 (0,0)
1574 (0,0)
1574.25 (0,0)
1574.5 (0,0)
1574.75 (0,0)
1575 (0,0)
1575.25 (0,0)
1575.5 (0,0)
1575.75 (0,0)
1576 (0,0)
1576.25 (0,0)
1576.5 (0,0)
1576.75 (0,0)
1577 (0,0)
1577.25 (0,0)
1577.5 (0,0)
1577.75 (0,0)
1578 (0,0)
1578.25 (0,0)
1578.5 (0,0)
1578.75 (0,0)
1579 (0,0)
1579.25 (0,0)
1579.5 (0,0)
1579.75 (0,0)
1580 (0,0)
1580.25 (0,0)
1580.5 (0,0)
1580.75 (0,0)
1581 (0,0)
1581.25 (0,0)
1581.5 (0,0)
1581.75 (0,0)
1582 (0,0)
1582.25 (0,0)
1582.5 (0,0)
1582.75 (0,0)
1583 (0,0)
1583.25 (0,0)
1583.5 (0,0)
1583.75 (0,0)
1584 (0,0)
1584.25 (0,0)
1584.5 (0,0)
1584.75 (0,0)
1585 (0,0)
1585.25 (0,0)
1585.5 (0,0)
1585.75 (0,0)
1586 (0,0)
1586.25 (0,0)
1586.5 (0,0)
1586.75 (0,0)
1587 (0,0)
1587.25 (0,0)
1587.5 (0,0)
1587.75 (0,0)
1588 (0,0)
1588.25 (0,0)
1588.5 (0,0)
1588.75 (0,0)
1589 (0,0)
1589.25 (0,0)
1589.5 (0,0)
1589.75 (0,0)
1590 (0,0)
1590.25 (0,0)
1590.5 (0,0)
1590.75 (0,0)
1591 (0,0)
1591.25 (0,0)
1591.5 (0,0)
1591.75 (0,0)
1592 (0,0)
1592.25 (0,0)
1592.5 (0,0)
1592.75 (0,0)
1593 (0,0)
1593.25 (0,0)
1593.5 (0,0)
1593.75 (0,0)
1594 (0,0)
1594.25 (0,0)
1594.5 (0,0)
1594.75 (0,0)
1595 (0,0)
1595.25 (0,0)
1595.5 (0,0)
1595.75 (0,0)
1596 (0,0)
1596.25 (0,0)
1596.5 (0,0)
1596.75 (0,0)
1597 (0,0)
1597.25 (0,0)
1597.5 (0,0)
1597.75 (0,0)
1598 (0,0)
1598.25 (0,0)
1598.5 (0,0)
1598.75 (0,0)
1599 (0,0)
1599.25 (0,0)
1599.5 (0,0)
1599.75 (0,0)
1600 (0,0)
1600.25 (0,0)
1600.5 (0,0)
1600.75 (0,0)
1601 (0,0)
1601.25 (0,0)
1601.5 (0,0)
1601.75 (0,0)
1602 (0,0)
1602.25 (0,0)
1602.5 (0,0)
1602.75 (0,0)
1603 (0,0)
1603.25 (0,0)
1603.5 (0,0)
1603.75 (0,0)
1604 (0,0)
1604.25 (0,0)
1604.5 (0,0)
1604.75 (0,0)
1605 (0,0)
1605.25 (0,0)
1605.5 (0,0)
1605.75 (0,0)
1606 (0,0)
1606.25 (0,0)
1606.5 (0,0)
1606.75 (0,0)
1607 (0,0)
1607.25 (0,0)
1607.5 (0,0)
1607.75 (0,0)
1608 (0,0)
1608.25 (0,0)
1608.5 (0,0)
1608.75 (0,0)
1609 (0,0)
1609.25 (0,0)
1609.5 (0,0)
1609.75 (0,0)
1610 (0,0)
1610.25 (0,0)
1610.5 (0,0)
1610.75 (0,0)
1611 (0,0)
1611.25 (0,0)
1611.5 (0,0)
1611.75 (0,0)
1612 (0,0)
1612.25 (0,0)
1612.5 (0,0)
1612.75 (0,0)
1613 (0,0)
1613.25 (0,0)
1613.5 (0,0)
1613.75 (0,0)
1614 (0,0)
1614.25 (0,0)
1614.5 (0,0)
1614.75 (0,0)
1615 (0,0)
1615.25 (0,0)
1615.5 (0,0)
1615.75 (0,0)
1616 (0,0)
1616.25 (0,0)
1616.5 (0,0)
1616.75 (0,0)
1617 (0,0)
1617.25 (0,0)
1617.5 (0,0)
1617.75 (0,0)
1618 (0,0)
1618.25 (0,0)
1618.5 (0,0)
1618.75 (0,0)
1619 (0,0)
1619.25 (0,0)
1619.5 (0,0)
1619.75 (0,0)
1620 (0,0)
1620.25 (0,0)
1620.5 (0,0)
1620.75 (0,0)
1621 (0,0)
1621.25 (0,0)
1621.5 (0,0)
1621.75 (0,0)
1622 (0,0)
1622.25 (0,0)
1622.5 (0,0)
1622.75 (0,0)
1623 (0,0)
1623.25 (0,0)
1623.5 (0,0)
1623.75 (0,0)
1624 (0,0)
1624.25 (0,0)
1624.5 (0,0)
1624.75 (0,0)
1625 (0,0)
1625.25 (0,0)
1625.5 (0,0)
1625.75 (0,0)
1626 (0,0)
1626.25 (0,0)
1626.5 (0,0)
1626.75 (0,0)
1627 (0,0)
1627.25 (0,0)
1627.5 (0,0)
1627.75 (0,0)
1628 (0,0)
1628.25 (0,0)
1628.5 (0,0)
1628.75 (0,0)
1629 (0,0)
1629.25 (0,0)
1629.5 (0,0)
1629.75 (0,0)
1630 (0,0)
1630.25 (0,0)
1630.5 (0,0)
1630.75 (0,0)
1631 (0,0)
1631.25 (0,0)
1631.5 (0,0)
1631.75 (0,0)
1632 (0,0)
1632.25 (0,0)
1632.5 (0,0)
1632.75 (0,0)
1633 (0,0)
1633.25 (0,0)
1633.5 (0,0)
1633.75 (0,0)
1634 (0,0)
1634.25 (0,0)
1634.5 (0,0)
1634.75 (0,0)
1635 (0,0)
1635.25 (0,0)
1635.5 (0,0)
1635.75 (0,0)
1636 (0,0)
1636.25 (0,0)
1636.5 (0,0)
1636.75 (0,0)
1637 (0,0)
1637.25 (0,0)
1637.5 (0,0)
1637.75 (0,0)
1638 (0,0)
1638.25 (0,0)
1638.5 (0,0)
1638.75 (0,0)
1639 (0,0)
1639.25 (0,0)
1639.5 (0,0)
1639.75 (0,0)
1640 (0,0)
1640.25 (0,0)
1640.5 (0,0)
1640.75 (0,0)
1641 (0,0)
1641.25 (0,0)
1641.5 (0,0)
1641.75 (0,0)
1642 (0,0)
1642.25 (0,0)
1642.5 (0,0)
1642.75 (0,0)
1643 (0,0)
1643.25 (0,0)
1643.5 (0,0)
1643.75 (0,0)
1644 (0,0)
1644.25 (0,0)
1644.5 (0,0)
1644.75 (0,0)
1645 (0,0)
1645.25 (0,0)
1645.5 (0,0)
1645.75 (0,0)
1646 (0,0)
1646.25 (0,0)
1646.5 (0,0)
1646.75 (0,0)
1647 (0,0)
1647.25 (0,0)
1647.5 (0,0)
1647.75 (0,0)
1648 (0,0)
1648.25 (0,0)
1648.5 (0,0)
1648.75 (0,0)
1649 (0,0)
1649.25 (0,0)
1649.5 (0,0)
1649.75 (0,0)
1650 (0,0)
1650.25 (0,0)
1650.5 (0,0)
1650.75 (0,0)
1651 (0,0)
1651.25 (0,0)
1651.5 (0,0)
1651.75 (0,0)
1652 (0,0)
1652.25 (0,0)
1652.5 (0,0)
1652.75 (0,0)
1653 (0,0)
1653.25 (0,0)
1653.5 (0,0)
1653.75 (0,0)
1654 (0,0)
1654.25 (0,0)
1654.5 (0,0)
1654.75 (0,0)
1655 (0,0)
1655.25 (0,0)
1655.5 (0,0)
1655.75 (0,0)
1656 (0,0)
1656.25 (0,0)
1656.5 (0,0)
1656.75 (0,0)
1657 (0,0)
1657.25 (0,0)
1657.5 (0,0)
1657.75 (0,0)
1658 (0,0)
1658.25 (0,0)
1658.5 (0,0)
1658.75 (0,0)
1659 (0,0)
1659.25 (0,0)
1659.5 (0,0)
1659.75 (0,0)
1660 (0,0)
1660.25 (0,0)
1660.5 (0,0)
1660.75 (0,0)
1661 (0,0)
1661.25 (0,0)
1661.5 (0,0)
1661.75 (0,0)
1662 (0,0)
1662.25 (0,0)
1662.5 (0,0)
1662.75 (0,0)
1663 (0,0)
1663.25 (0,0)
1663.5 (0,0)
1663.75 (0,0)
1664 (0,0)
1664.25 (0,0)
1664.5 (0,0)
1664.75 (0,0)
1665 (0,0)
1665.25 (0,0)
1665.5 (0,0)
1665.75 (0,0)
1666 (0,0)
1666.25 (0,0)
1666.5 (0,0)
1666.75 (0,0)
1667 (0,0)
1667.25 (0,0)
1667.5 (0,0)
1667.75 (0,0)
1668 (0,0)
1668.25 (0,0)
1668.5 (0,0)
1668.75 (0,0)
1669 (0,0)
1669.25 (0,0)
1669.5 (0,0)
1669.75 (0,0)
1670 (0,0)
1670.25 (0,0)
1670.5 (0,0)
1670.75 (0,0)
1671 (0,0)
1671.25 (0,0)
1671.5 (0,0)
1671.75 (0,0)
1672 (0,0)
1672.25 (0,0)
1672.5 (0,0)
1672.75 (0,0)
1673 (0,0)
1673.25 (0,0)
1673.5 (0,0)
1673.75 (0,0)
1674 (0,0)
1674.25 (0,0)
1674.5 (0,0)
1674.75 (0,0)
1675 (0,0)
1675.25 (0,0)
1675.5 (0,0)
1675.75 (0,0)
1676 (0,0)
1676.25 (0,0)
1676.5 (0,0)
1676.75 (0,0)
1677 (0,0)
1677.25 (0,0)
1677.5 (0,0)
1677.75 (0,0)
1678 (0,0)
1678.25 (0,0)
1678.5 (0,0)
1678.75 (0,0)
1679 (0,0)
1679.25 (0,0)
1679.5 (0,0)
1679.75 (0,0)
1680 (0,0)
1680.25 (0,0)
1680.5 (0,0)
1680.75 (0,0)
1681 (0,0)
1681.25 (0,0)
1681.5 (0,0)
1681.75 (0,0)
1682 (0,0)
1682.25 (0,0)
1682.5 (0,0)
1682.75 (0,0)
1683 (0,0)
1683.25 (0,0)
1683.5 (0,0)
1683.75 (0,0)
1684 (0,0)
1684.25 (0,0)
1684.5 (0,0)
1684.75 (0,0)
1685 (0,0)
1685.25 (0,0)
1685.5 (0,0)
1685.75 (0,0)
1686 (0,0)
1686.25 (0,0)
1686.5 (0,0)
1686.75 (0,0)
1687 (0,0)
1687.25 (0,0)
1687.5 (0,0)
1687.75 (0,0)
1688 (0,0)
1688.25 (0,0)
1688.5 (0,0)
1688.75 (0,0)
1689 (0,0)
1689.25 (0,0)
1689.5 (0,0)
1689.75 (0,0)
1690 (0,0)
1690.25 (0,0)
1690.5 (0,0)
1690.75 (0,0)
1691 (0,0)
1691.25 (0,0)
1691.5 (0,0)
1691.75 (0,0)
1692 (0,0)
1692.25 (0,0)
1692.5 (0,0)
1692.75 (0,0)
1693 (0,0)
1693.25 (0,0)
1693.5 (0,0)
1693.75 (0,0)
1694 (0,0)
1694.25 (0,0)
1694.5 (0,0)
1694.75 (0,0)
1695 (0,0)
1695.25 (0,0)
1695.5 (0,0)
1695.75 (0,0)
1696 (0,0)
1696.25 (0,0)
1696.5 (0,0)
1696.75 (0,0)
1697 (0,0)
1697.25 (0,0)
1697.5 (0,0)
1697.75 (0,0)
1698 (0,0)
1698.25 (0,0)
1698.5 (0,0)
1698.75 (0,0)
1699 (0,0)
1699.25 (0,0)
1699.5 (0,0)
1699.75 (0,0)
1700 (0,0)
1700.25 (0,0)
1700.5 (0,0)
1700.75 (0,0)
1701 (0,0)
1701.25 (0,0)
1701.5 (0,0)
1701.75 (0,0)
1702 (0,0)
1702.25 (0,0)
1702.5 (0,0)
1702.75 (0,0)
1703 (0,0)
1703.25 (0,0)
1703.5 (0,0)
1703.75 (0,0)
1704 (0,0)
1704.25 (0,0)
1704.5 (0,0)
1704.75 (0,0)
1705 (0,0)
1705.25 (0,0)
1705.5 (0,0)
1705.75 (0,0)
1706 (0,0)
1706.25 (0,0)
1706.5 (0,0)
1706.75 (0,0)
1707 (0,0)
1707.25 (0,0)
1707.5 (0,0)
1707.75 (0,0)
1708 (0,0)
1708.25 (0,0)
1708.5 (0,0)
1708.75 (0,0)
1709 (0,0)
1709.25 (0,0)
1709.5 (0,0)
1709.75 (0,0)
1710 (0,0)
1710.25 (0,0)
1710.5 (0,0)
1710.75 (0,0)
1711 (0,0)
1711.25 (0,0)
1711.5 (0,0)
1711.75 (0,0)
1712 (0,0)
1712.25 (0,0)
1712.5 (0,0)
1712.75 (0,0)
1713 (0,0)
1713.25 (0,0)
1713.5 (0,0)
1713.75 (0,0)
1714 (0,0)
1714.25 (0,0)
1714.5 (0,0)
1714.75 (0,0)
1715 (0,0)
1715.25 (0,0)
1715.5 (0,0)
1715.75 (0,0)
1716 (0,0)
1716.25 (0,0)
1716.5 (0,0)
1716.75 (0,0)
1717 (0,0)
1717.25 (0,0)
1717.5 (0,0)
1717.75 (0,0)
1718 (0,0)
1718.25 (0,0)
1718.5 (0,0)
1718.75 (0,0)
1719 (0,0)
1719.25 (0,0)
1719.5 (0,0)
1719.75 (0,0)
1720 (0,0)
1720.25 (0,0)
1720.5 (0,0)
1720.75 (0,0)
1721 (0,0)
1721.25 (0,0)
1721.5 (0,0)
1721.75 (0,0)
1722 (0,0)
1722.25 (0,0)
1722.5 (0,0)
1722.75 (0,0)
1723 (0,0)
1723.25 (0,0)
1723.5 (0,0)
1723.75 (0,0)
1724 (0,0)
1724.25 (0,0)
1724.5 (0,0)
1724.75 (0,0)
1725 (0,0)
1725.25 (0,0)
1725.5 (0,0)
1725.75 (0,0)
1726 (0,0)
1726.25 (0,0)
1726.5 (0,0)
1726.75 (0,0)
1727 (0,0)
1727.25 (0,0)
1727.5 (0,0)
1727.75 (0,0)
1728 (0,0)
1728.25 (0,0)
1728.5 (0,0)
1728.75 (0,0)
1729 (0,0)
1729.25 (0,0)
1729.5 (0,0)
1729.75 (0,0)
1730 (0,0)
1730.25 (0,0)
1730.5 (0,0)
1730.75 (0,0)
1731 (0,0)
1731.25 (0,0)
1731.5 (0,0)
1731.75 (0,0)
1732 (0,0)
1732.25 (0,0)
1732.5 (0,0)
1732.75 (0,0)
1733 (0,0)
1733.25 (0,0)
1733.5 (0,0)
1733.75 (0,0)
1734 (0,0)
1734.25 (0,0)
1734.5 (0,0)
1734.75 (0,0)
1735 (0,0)
1735.25 (0,0)
1735.5 (0,0)
1735.75 (0,0)
1736 (0,0)
1736.25 (0,0)
1736.5 (0,0)
1736.75 (0,0)
1737 (0,0)
1737.25 (0,0)
1737.5 (0,0)
1737.75 (0,0)
1738 (0,0)
1738.25 (0,0)
1738.5 (0,0)
1738.75 (0,0)
1739 (0,0)
1739.25 (0,0)
1739.5 (0,0)
1739.75 (0,0)
1740 (0,0)
1740.25 (0,0)
1740.5 (0,0)
1740.75 (0,0)
1741 (0,0)
1741.25 (0,0)
1741.5 (0,0)
1741.75 (0,0)
1742 (0,0)
1742.25 (0,0)
1742.5 (0,0)
1742.75 (0,0)
1743 (0,0)
1743.25 (0,0)
1743.5 (0,0)
1743.75 (0,0)
1744 (0,0)
1744.25 (0,0)
1744.5 (0,0)
1744.75 (0,0)
1745 (0,0)
1745.25 (0,0)
1745.5 (0,0)
1745.75 (0,0)
1746 (0,0)
1746.25 (0,0)
1746.5 (0,0)
1746.75 (0,0)
1747 (0,0)
1747.25 (0,0)
1747.5 (0,0)
1747.75 (0,0)
1748 (0,0)
1748.25 (0,0)
1748.5 (0,0)
1748.75 (0,0)
1749 (0,0)
1749.25 (0,0)
1749.5 (0,0)
1749.75 (0,0)
1750 (0,0)
1750.25 (0,0)
1750.5 (0,0)
1750.75 (0,0)
1751 (0,0)
1751.25 (0,0)
1751.5 (0,0)
1751.75 (0,0)
1752 (0,0)
1752.25 (0,0)
1752.5 (0,0)
1752.75 (0,0)
1753 (0,0)
1753.25 (0,0)
1753.5 (0,0)
1753.75 (0,0)
1754 (0,0)
1754.25 (0,0)
1754.5 (0,0)
1754.75 (0,0)
1755 (0,0)
1755.25 (0,0)
1755.5 (0,0)
1755.75 (0,0)
1756 (0,0)
1756.25 (0,0)
1756.5 (0,0)
1756.75 (0,0)
1757 (0,0)
1757.25 (0,0)
1757.5 (0,0)
1757.75 (0,0)
1758 (0,0)
1758.25 (0,0)
1758.5 (0,0)
1758.75 (0,0)
1759 (0,0)
1759.25 (0,0)
1759.5 (0,0)
1759.75 (0,0)
1760 (0,0)
1760.25 (0,0)
1760.5 (0,0)
1760.75 (0,0)
1761 (0,0)
1761.25 (0,0)
1761.5 (0,0)
1761.75 (0,0)
1762 (0,0)
1762.25 (0,0)
1762.5 (0,0)
1762.75 (0,0)
1763 (0,0)
1763.25 (0,0)
1763.5 (0,0)
1763.75 (0,0)
1764 (0,0)
1764.25 (0,0)
1764.5 (0,0)
1764.75 (0,0)
1765 (0,0)
1765.25 (0,0)
1765.5 (0,0)
1765.75 (0,0)
1766 (0,0)
1766.25 (0,0)
1766.5 (0,0)
1766.75 (0,0)
1767 (0,0)
1767.25 (0,0)
1767.5 (0,0)
1767.75 (0,0)
1768 (0,0)
1768.25 (0,0)
1768.5 (0,0)
1768.75 (0,0)
1769 (0,0)
1769.25 (0,0)
1769.5 (0,0)
1769.75 (0,0)
1770 (0,0)
1770.25 (0,0)
1770.5 (0,0)
1770.75 (0,0)
1771 (0,0)
1771.25 (0,0)
1771.5 (0,0)
1771.75 (0,0)
1772 (0,0)
1772.25 (0,0)
1772.5 (0,0)
1772.75 (0,0)
1773 (0,0)
1773.25 (0,0)
1773.5 (0,0)
1773.75 (0,0)
1774 (0,0)
1774.25 (0,0)
1774.5 (0,0)
1774.75 (0,0)
1775 (0,0)
1775.25 (0,0)
1775.5 (0,0)
1775.75 (0,0)
1776 (0,0)
1776.25 (0,0)
1776.5 (0,0)
1776.75 (0,0)
1777 (0,0)
1777.25 (0,0)
1777.5 (0,0)
1777.75 (0,0)
1778 (0,0)
1778.25 (0,0)
1778.5 (0,0)
1778.75 (0,0)
1779 (0,0)
1779.25 (0,0)
1779.5 (0,0)
1779.75 (0,0)
1780 (0,0)
1780.25 (0,0)
1780.5 (0,0)
1780.75 (0,0)
1781 (0,0)
1781.25 (0,0)
1781.5 (0,0)
1781.75 (0,0)
1782 (0,0)
1782.25 (0,0)
1782.5 (0,0)
1782.75 (0,0)
1783 (0,0)
1783.25 (0,0)
1783.5 (0,0)
1783.75 (0,0)
1784 (0,0)
1784.25 (0,0)
1784.5 (0,0)
1784.75 (0,0)
1785 (0,0)
1785.25 (0,0)
1785.5 (0,0)
1785.75 (0,0)
1786 (0,0)
1786.25 (0,0)
1786.5 (0,0)
1786.75 (0,0)
1787 (0,0)
1787.25 (0,0)
1787.5 (0,0)
1787.75 (0,0)
1788 (0,0)
1788.25 (0,0)
1788.5 (0,0)
1788.75 (0,0)
1789 (0,0)
1789.25 (0,0)
1789.5 (0,0)
1789.75 (0,0)
1790 (0,0)
1790.25 (0,0)
1790.5 (0,0)
1790.75 (0,0)
1791 (0,0)
1791.25 (0,0)
1791.5 (0,0)
1791.75 (0,0)
1792 (0,0)
1792.25 (0,0)
1792.5 (0,0)
1792.75 (0,0)
1793 (0,0)
1793.25 (0,0)
1793.5 (0,0)
1793.75 (0,0)
1794 (0,0)
1794.25 (0,0)
1794.5 (0,0)
1794.75 (0,0)
1795 (0,0)
1795.25 (0,0)
1795.5 (0,0)
1795.75 (0,0)
1796 (0,0)
1796.25 (0,0)
1796.5 (0,0)
1796.75 (0,0)
1797 (0,0)
1797.25 (0,0)
1797.5 (0,0)
1797.75 (0,0)
1798 (0,0)
1798.25 (0,0)
1798.5 (0,0)
1798.75 (0,0)
1799 (0,0)
1799.25 (0,0)
1799.5 (0,0)
1799.75 (0,0)
1800 (0,0)
1800.25 (0,0)
1800.5 (0,0)
1800.75 (0,0)
1801 (0,0)
1801.25 (0,0)
1801.5 (0,0)
1801.75 (0,0)
1802 (0,0)
1802.25 (0,0)
1802.5 (0,0)
1802.75 (0,0)
1803 (0,0)
1803.25 (0,0)
1803.5 (0,0)
1803.75 (0,0)
1804 (0,0)
1804.25 (0,0)
1804.5 (0,0)
1804.75 (0,0)
1805 (0,0)
1805.25 (0,0)
1805.5 (0,0)
1805.75 (0,0)
1806 (0,0)
1806.25 (0,0)
1806.5 (0,0)
1806.75 (0,0)
1807 (0,0)
1807.25 (0,0)
1807.5 (0,0)
1807.75 (0,0)
1808 (0,0)
1808.25 (0,0)
1808.5 (0,0)
1808.75 (0,0)
1809 (0,0)
1809.25 (0,0)
1809.5 (0,0)
1809.75 (0,0)
1810 (0,0)
1810.25 (0,0)
1810.5 (0,0)
1810.75 (0,0)
1811 (0,0)
1811.25 (0,0)
1811.5 (0,0)
1811.75 (0,0)
1812 (0,0)
1812.25 (0,0)
1812.5 (0,0)
1812.75 (0,0)
1813 (0,0)
1813.25 (0,0)
1813.5 (0,0)
1813.75 (0,0)
1814 (0,0)
1814.25 (0,0)
1814.5 (0,0)
1814.75 (0,0)
1815 (0,0)
1815.25 (0,0)
1815.5 (0,0)
1815.75 (0,0)
1816 (0,0)
1816.25 (0,0)
1816.5 (0,0)
1816.75 (0,0)
1817 (0,0)
1817.25 (0,0)
1817.5 (0,0)
1817.75 (0,0)
1818 (0,0)
1818.25 (0,0)
1818.5 (0,0)
1818.75 (0,0)
1819 (0,0)
1819.25 (0,0)
1819.5 (0,0)
1819.75 (0,0)
1820 (0,0)
1820.25 (0,0)
1820.5 (0,0)
1820.75 (0,0)
1821 (0,0)
1821.25 (0,0)
1821.5 (0,0)
1821.75 (0,0)
1822 (0,0)
1822.25 (0,0)
1822.5 (0,0)
1822.75 (0,0)
1823 (0,0)
1823.25 (0,0)
1823.5 (0,0)
1823.75 (0,0)
1824 (0,0)
1824.25 (0,0)
1824.5 (0,0)
1824.75 (0,0)
1825 (0,0)
1825.25 (0,0)
1825.5 (0,0)
1825.75 (0,0)
1826 (0,0)
1826.25 (0,0)
1826.5 (0,0)
1826.75 (0,0)
1827 (0,0)
1827.25 (0,0)
1827.5 (0,0)
1827.75 (0,0)
1828 (0,0)
1828.25 (0,0)
1828.5 (0,0)
1828.75 (0,0)
1829 (0,0)
1829.25 (0,0)
1829.5 (0,0)
1829.75 (0,0)
1830 (0,0)
1830.25 (0,0)
1830.5 (0,0)
1830.75 (0,0)
1831 (0,0)
1831.25 (0,0)
1831.5 (0,0)
1831.75 (0,0)
1832 (0,0)
1832.25 (0,0)
1832.5 (0,0)
1832.75 (0,0)
1833 (0,0)
1833.25 (0,0)
1833.5 (0,0)
1833.75 (0,0)
1834 (0,0)
1834.25 (0,0)
1834.5 (0,0)
1834.75 (0,0)
1835 (0,0)
1835.25 (0,0)
1835.5 (0,0)
1835.75 (0,0)
1836 (0,0)
1836.25 (0,0)
1836.5 (0,0)
1836.75 (0,0)
1837 (0,0)
1837.25 (0,0)
1837.5 (0,0)
1837.75 (0,0)
1838 (0,0)
1838.25 (0,0)
1838.5 (0,0)
1838.75 (0,0)
1839 (0,0)
1839.25 (0,0)
1839.5 (0,0)
1839.75 (0,0)
1840 (0,0)
1840.25 (0,0)
1840.5 (0,0)
1840.75 (0,0)
1841 (0,0)
1841.25 (0,0)
1841.5 (0,0)
1841.75 (0,0)
1842 (0,0)
1842.25 (0,0)
1842.5 (0,0)
1842.75 (0,0)
1843 (0,0)
1843.25 (0,0)
1843.5 (0,0)
1843.75 (0,0)
1844 (0,0)
1844.25 (0,0)
1844.5 (0,0)
1844.75 (0,0)
1845 (0,0)
1845.25 (0,0)
1845.5 (0,0)
1845.75 (0,0)
1846 (0,0)
1846.25 (0,0)
1846.5 (0,0)
1846.75 (0,0)
1847 (0,0)
1847.25 (0,0)
1847.5 (0,0)
1847.75 (0,0)
1848 (0,0)
1848.25 (0,0)
1848.5 (0,0)
1848.75 (0,0)
1849 (0,0)
1849.25 (0,0)
1849.5 (0,0)
1849.75 (0,0)
1850 (0,0)
1850.25 (0,0)
1850.5 (0,0)
1850.75 (0,0)
1851 (0,0)
1851.25 (0,0)
1851.5 (0,0)
1851.75 (0,0)
1852 (0,0)
1852.25 (0,0)
1852.5 (0,0)
1852.75 (0,0)
1853 (0,0)
1853.25 (0,0)
1853.5 (0,0)
1853.75 (0,0)
1854 (0,0)
1854.25 (0,0)
1854.5 (0,0)
1854.75 (0,0)
1855 (0,0)
1855.25 (0,0)
1855.5 (0,0)
1855.75 (0,0)
1856 (0,0)
1856.25 (0,0)
1856.5 (0,0)
1856.75 (0,0)
1857 (0,0)
1857.25 (0,0)
1857.5 (0,0)
1857.75 (0,0)
1858 (0,0)
1858.25 (0,0)
1858.5 (0,0)
1858.75 (0,0)
1859 (0,0)
1859.25 (0,0)
1859.5 (0,0)
1859.75 (0,0)
1860 (0,0)
1860.25 (0,0)
1860.5 (0,0)
1860.75 (0,0)
1861 (0,0)
1861.25 (0,0)
1861.5 (0,0)
1861.75 (0,0)
1862 (0,0)
1862.25 (0,0)
1862.5 (0,0)
1862.75 (0,0)
1863 (0,0)
1863.25 (0,0)
1863.5 (0,0)
1863.75 (0,0)
1864 (0,0)
1864.25 (0,0)
1864.5 (0,0)
1864.75 (0,0)
1865 (0,0)
1865.25 (0,0)
1865.5 (0,0)
1865.75 (0,0)
1866 (0,0)
1866.25 (0,0)
1866.5 (0,0)
1866.75 (0,0)
1867 (0,0)
1867.25 (0,0)
1867.5 (0,0)
1867.75 (0,0)
1868 (0,0)
1868.25 (0,0)
1868.5 (0,0)
1868.75 (0,0)
1869 (0,0)
1869.25 (0,0)
1869.5 (0,0)
1869.75 (0,0)
1870 (0,0)
1870.25 (0,0)
1870.5 (0,0)
1870.75 (0,0)
1871 (0,0)
1871.25 (0,0)
1871.5 (0,0)
1871.75 (0,0)
1872 (0,0)
1872.25 (0,0)
1872.5 (0,0)
1872.75 (0,0)
1873 (0,0)
1873.25 (0,0)
1873.5 (0,0)
1873.75 (0,0)
1874 (0,0)
1874.25 (0,0)
1874.5 (0,0)
1874.75 (0,0)
1875 (0,0)
1875.25 (0,0)
1875.5 (0,0)
1875.75 (0,0)
1876 (0,0)
1876.25 (0,0)
1876.5 (0,0)
1876.75 (0,0)
1877 (0,0)
1877.25 (0,0)
1877.5 (0,0)
1877.75 (0,0)
1878 (0,0)
1878.25 (0,0)
1878.5 (0,0)
1878.75 (0,0)
1879 (0,0)
1879.25 (0,0)
1879.5 (0,0)
1879.75 (0,0)
1880 (0,0)
1880.25 (0,0)
1880.5 (0,0)
1880.75 (0,0)
1881 (0,0)
1881.25 (0,0)
1881.5 (0,0)
1881.75 (0,0)
1882 (0,0)
1882.25 (0,0)
1882.5 (0,0)
1882.75 (0,0)
1883 (0,0)
1883.25 (0,0)
1883.5 (0,0)
1883.75 (0,0)
1884 (0,0)
1884.25 (0,0)
1884.5 (0,0)
1884.75 (0,0)
1885 (0,0)
1885.25 (0,0)
1885.5 (0,0)
1885.75 (0,0)
1886 (0,0)
1886.25 (0,0)
1886.5 (0,0)
1886.75 (0,0)
1887 (0,0)
1887.25 (0,0)
1887.5 (0,0)
1887.75 (0,0)
1888 (0,0)
1888.25 (0,0)
1888.5 (0,0)
1888.75 (0,0)
1889 (0,0)
1889.25 (0,0)
1889.5 (0,0)
1889.75 (0,0)
1890 (0,0)
1890.25 (0,0)
1890.5 (0,0)
1890.75 (0,0)
1891 (0,0)
1891.25 (0,0)
1891.5 (0,0)
1891.75 (0,0)
1892 (0,0)
1892.25 (0,0)
1892.5 (0,0)
1892.75 (0,0)
1893 (0,0)
1893.25 (0,0)
1893.5 (0,0)
1893.75 (0,0)
1894 (0,0)
1894.25 (0,0)
1894.5 (0,0)
1894.75 (0,0)
1895 (0,0)
1895.25 (0,0)
1895.5 (0,0)
1895.75 (0,0)
1896 (0,0)
1896.25 (0,0)
1896.5 (0,0)
1896.75 (0,0)
1897 (0,0)
1897.25 (0,0)
1897.5 (0,0)
1897.75 (0,0)
1898 (0,0)
1898.25 (0,0)
1898.5 (0,0)
1898.75 (0,0)
1899 (0,0)
1899.25 (0,0)
1899.5 (0,0)
1899.75 (0,0)
1900 (0,0)
1900.25 (0,0)
1900.5 (0,0)
1900.75 (0,0)
1901 (0,0)
1901.25 (0,0)
1901.5 (0,0)
1901.75 (0,0)
1902 (0,0)
1902.25 (0,0)
1902.5 (0,0)
1902.75 (0,0)
1903 (0,0)
1903.25 (0,0)
1903.5 (0,0)
1903.75 (0,0)
1904 (0,0)
1904.25 (0,0)
1904.5 (0,0)
1904.75 (0,0)
1905 (0,0)
1905.25 (0,0)
1905.5 (0,0)
1905.75 (0,0)
1906 (0,0)
1906.25 (0,0)
1906.5 (0,0)
1906.75 (0,0)
1907 (0,0)
1907.25 (0,0)
1907.5 (0,0)
1907.75 (0,0)
1908 (0,0)
1908.25 (0,0)
1908.5 (0,0)
1908.75 (0,0)
1909 (0,0)
1909.25 (0,0)
1909.5 (0,0)
1909.75 (0,0)
1910 (0,0)
1910.25 (0,0)
1910.5 (0,0)
1910.75 (0,0)
1911 (0,0)
1911.25 (0,0)
1911.5 (0,0)
1911.75 (0,0)
1912 (0,0)
1912.25 (0,0)
1912.5 (0,0)
1912.75 (0,0)
1913 (0,0)
1913.25 (0,0)
1913.5 (0,0)
1913.75 (0,0)
1914 (0,0)
1914.25 (0,0)
1914.5 (0,0)
1914.75 (0,0)
1915 (0,0)
1915.25 (0,0)
1915.5 (0,0)
1915.75 (0,0)
1916 (0,0)
1916.25 (0,0)
1916.5 (0,0)
1916.75 (0,0)
1917 (0,0)
1917.25 (0,0)
1917.5 (0,0)
1917.75 (0,0)
1918 (0,0)
1918.25 (0,0)
1918.5 (0,0)
1918.75 (0,0)
1919 (0,0)
1919.25 (0,0)
1919.5 (0,0)
1919.75 (0,0)
1920 (0,0)
1920.25 (0,0)
1920.5 (0,0)
1920.75 (0,0)
1921 (0,0)
1921.25 (0,0)
1921.5 (0,0)
1921.75 (0,0)
1922 (0,0)
1922.25 (0,0)
1922.5 (0,0)
1922.75 (0,0)
1923 (0,0)
1923.25 (0,0)
1923.5 (0,0)
1923.75 (0,0)
1924 (0,0)
1924.25 (0,0)
1924.5 (0,0)
1924.75 (0,0)
1925 (0,0)
1925.25 (0,0)
1925.5 (0,0)
1925.75 (0,0)
1926 (0,0)
1926.25 (0,0)
1926.5 (0,0)
1926.75 (0,0)
1927 (0,0)
1927.25 (0,0)
1927.5 (0,0)
1927.75 (0,0)
1928 (0,0)
1928.25 (0,0)
1928.5 (0,0)
1928.75 (0,0)
1929 (0,0)
1929.25 (0,0)
1929.5 (0,0)
1929.75 (0,0)
1930 (0,0)
1930.25 (0,0)
1930.5 (0,0)
1930.75 (0,0)
1931 (0,0)
1931.25 (0,0)
1931.5 (0,0)
1931.75 (0,0)
1932 (0,0)
1932.25 (0,0)
1932.5 (0,0)
1932.75 (0,0)
1933 (0,0)
1933.25 (0,0)
1933.5 (0,0)
1933.75 (0,0)
1934 (0,0)
1934.25 (0,0)
1934.5 (0,0)
1934.75 (0,0)
1935 (0,0)
1935.25 (0,0)
1935.5 (0,0)
1935.75 (0,0)
1936 (0,0)
1936.25 (0,0)
1936.5 (0,0)
1936.75 (0,0)
1937 (0,0)
1937.25 (0,0)
1937.5 (0,0)
1937.75 (0,0)
1938 (0,0)
1938.25 (0,0)
1938.5 (0,0)
1938.75 (0,0)
1939 (0,0)
1939.25 (0,0)
1939.5 (0,0)
1939.75 (0,0)
1940 (0,0)
1940.25 (0,0)
1940.5 (0,0)
1940.75 (0,0)
1941 (0,0)
1941.25 (0,0)
1941.5 (0,0)
1941.75 (0,0)
1942 (0,0)
1942.25 (0,0)
1942.5 (0,0)
1942.75 (0,0)
1943 (0,0)
1943.25 (0,0)
1943.5 (0,0)
1943.75 (0,0)
1944 (0,0)
1944.25 (0,0)
1944.5 (0,0)
1944.75 (0,0)
1945 (0,0)
1945.25 (0,0)
1945.5 (0,0)
1945.75 (0,0)
1946 (0,0)
1946.25 (0,0)
1946.5 (0,0)
1946.75 (0,0)
1947 (0,0)
1947.25 (0,0)
1947.5 (0,0)
1947.75 (0,0)
1948 (0,0)
1948.25 (0,0)
1948.5 (0,0)
1948.75 (0,0)
1949 (0,0)
1949.25 (0,0)
1949.5 (0,0)
1949.75 (0,0)
1950 (0,0)
1950.25 (0,0)
1950.5 (0,0)
1950.75 (0,0)
1951 (0,0)
1951.25 (0,0)
1951.5 (0,0)
1951.75 (0,0)
1952 (0,0)
1952.25 (0,0)
1952.5 (0,0)
1952.75 (0,0)
1953 (0,0)
1953.25 (0,0)
1953.5 (0,0)
1953.75 (0,0)
1954 (0,0)
1954.25 (0,0)
1954.5 (0,0)
1954.75 (0,0)
1955 (0,0)
1955.25 (0,0)
1955.5 (0,0)
1955.75 (0,0)
1956 (0,0)
1956.25 (0,0)
1956.5 (0,0)
1956.75 (0,0)
1957 (0,0)
1957.25 (0,0)
1957.5 (0,0)
1957.75 (0,0)
1958 (0,0)
1958.25 (0,0)
1958.5 (0,0)
1958.75 (0,0)
1959 (0,0)
1959.25 (0,0)
1959.5 (0,0)
1959.75 (0,0)
1960 (0,0)
1960.25 (0,0)
1960.5 (0,0)
1960.75 (0,0)
1961 (0,0)
1961.25 (0,0)
1961.5 (0,0)
1961.75 (0,0)
1962 (0,0)
1962.25 (0,0)
1962.5 (0,0)
1962.75 (0,0)
1963 (0,0)
1963.25 (0,0)
1963.5 (0,0)
1963.75 (0,0)
1964 (0,0)
1964.25 (0,0)
1964.5 (0,0)
1964.75 (0,0)
1965 (0,0)
1965.25 (0,0)
1965.5 (0,0)
1965.75 (0,0)
1966 (0,0)
1966.25 (0,0)
1966.5 (0,0)
1966.75 (0,0)
1967 (0,0)
1967.25 (0,0)
1967.5 (0,0)
1967.75 (0,0)
1968 (0,0)
1968.25 (0,0)
1968.5 (0,0)
1968.75 (0,0)
1969 (0,0)
1969.25 (0,0)
1969.5 (0,0)
1969.75 (0,0)
1970 (0,0)
1970.25 (0,0)
1970.5 (0,0)
1970.75 (0,0)
1971 (0,0)
1971.25 (0,0)
1971.5 (0,0)
1971.75 (0,0)
1972 (0,0)
1972.25 (0,0)
1972.5 (0,0)
1972.75 (0,0)
1973 (0,0)
1973.25 (0,0)
1973.5 (0,0)
1973.75 (0,0)
1974 (0,0)
1974.25 (0,0)
1974.5 (0,0)
1974.75 (0,0)
1975 (0,0)
1975.25 (0,0)
1975.5 (0,0)
1975.75 (0,0)
1976 (0,0)
1976.25 (0,0)
1976.5 (0,0)
1976.75 (0,0)
1977 (0,0)
1977.25 (0,0)
1977.5 (0,0)
1977.75 (0,0)
1978 (0,0)
1978.25 (0,0)
1978.5 (0,0)
1978.75 (0,0)
1979 (0,0)
1979.25 (0,0)
1979.5 (0,0)
1979.75 (0,0)
1980 (0,0)
1980.25 (0,0)
1980.5 (0,0)
1980.75 (0,0)
1981 (0,0)
1981.25 (0,0)
1981.5 (0,0)
1981.75 (0,0)
1982 (0,0)
1982.25 (0,0)
1982.5 (0,0)
1982.75 (0,0)
1983 (0,0)
1983.25 (0,0)
1983.5 (0,0)
1983.75 (0,0)
1984 (0,0)
1984.25 (0,0)
1984.5 (0,0)
1984.75 (0,0)
1985 (0,0)
1985.25 (0,0)
1985.5 (0,0)
1985.75 (0,0)
1986 (0,0)
1986.25 (0,0)
1986.5 (0,0)
1986.75 (0,0)
1987 (0,0)
1987.25 (0,0)
1987.5 (0,0)
1987.75 (0,0)
1988 (0,0)
1988.25 (0,0)
1988.5 (0,0)
1988.75 (0,0)
1989 (0,0)
1989.25 (0,0)
1989.5 (0,0)
1989.75 (0,0)
1990 (0,0)
1990.25 (0,0)
1990.5 (0,0)
1990.75 (0,0)
1991 (0,0)
1991.25 (0,0)
1991.5 (0,0)
1991.75 (0,0)
1992 (0,0)
1992.25 (0,0)
1992.5 (0,0)
1992.75 (0,0)
1993 (0,0)
1993.25 (0,0)
1993.5 (0,0)
1993.75 (0,0)
1994 (0,0)
1994.25 (0,0)
1994.5 (0,0)
1994.75 (0,0)
1995 (0,0)
1995.25 (0,0)
1995.5 (0,0)
1995.75 (0,0)
1996 (0,0)
1996.25 (0,0)
1996.5 (0,0)
1996.75 (0,0)
1997 (0,0)
1997.25 (0,0)
1997.5 (0,0)
1997.75 (0,0)
1998 (0,0)
1998.25 (0,0)
1998.5 (0,0)
1998.75 (0,0)
1999 (0,0)
1999.25 (0,0)
1999.5 (0,0)
1999.75 (0,0)
2000 (0,0)
2000.25 (0,0)
2000.5 (0,0)
2000.75 (0,0)
2001 (0,0)
2001.25 (0,0)
2001.5 (0,0)
2001.75 (0,0)
2002 (0,0)
2002.25 (0,0)
2002.5 (0,0)
2002.75 (0,0)
2003 (0,0)
2003.25 (0,0)
2003.5 (0,0)
2003.75 (0,0)
2004 (0,0)
2004.25 (0,0)
2004.5 (0,0)
2004.75 (0,0)
2005 (0,0)
2005.25 (0,0)
2005.5 (0,0)
2005.75 (0,0)
2006 (0,0)
2006.25 (0,0)
2006.5 (0,0)
2006.75 (0,0)
2007 (0,0)
2007.25 (0,0)
2007.5 (0,0)
2007.75 (0,0)
2008 (0,0)
2008.25 (0,0)
2008.5 (0,0)
2008.75 (0,0)
2009 (0,0)
2009.25 (0,0)
2009.5 (0,0)
2009.75 (0,0)
2010 (0,0)
2010.25 (0,0)
2010.5 (0,0)
2010.75 (0,0)
2011 (0,0)
2011.25 (0,0)
2011.5 (0,0)
2011.75 (0,0)
2012 (0,0)
2012.25 (0,0)
2012.5 (0,0)
2012.75 (0,0)
2013 (0,0)
2013.25 (0,0)
2013.5 (0,0)
2013.75 (0,0)
2014 (0,0)
2014.25 (0,0)
2014.5 (0,0)
2014.75 (0,0)
2015 (0,0)
2015.25 (0,0)
2015.5 (0,0)
2015.75 (0,0)
2016 (0,0)
2016.25 (0,0)
2016.5 (0,0)
2016.75 (0,0)
2017 (0,0)
2017.25 (0,0)
2017.5 (0,0)
2017.75 (0,0)
2018 (0,0)
2018.25 (0,0)
2018.5 (0,0)
2018.75 (0,0)
2019 (0,0)
2019.25 (0,0)
2019.5 (0,0)
2019.75 (0,0)
2020 (0,0)
2020.25 (0,0)
2020.5 (0,0)
2020.75 (0,0)
2021 (0,0)
2021.25 (0,0)
2021.5 (0,0)
2021.75 (0,0)
2022 (0,0)
2022.25 (0,0)
2022.5 (0,0)
2022.75 (0,0)
2023 (0,0)
2023.25 (0,0)
2023.5 (0,0)
2023.75 (0,0)
2024 (0,0)
2024.25 (0,0)
2024.5 (0,0)
2024.75 (0,0)
2025 (0,0)
2025.25 (0,0)
2025.5 (0,0)
2025.75 (0,0)
2026 (0,0)
2026.25 (0,0)
2026.5 (0,0)
2026.75 (0,0)
2027 (0,0)
2027.25 (0,0)
2027.5 (0,0)
2027.75 (0,0)
2028 (0,0)
2028.25 (0,0)
2028.5 (0,0)
2028.75 (0,0)
2029 (0,0)
2029.25 (0,0)
2029.5 (0,0)
2029.75 (0,0)
2030 (0,0)
2030.25 (0,0)
2030.5 (0,0)
2030.75 (0,0)
2031 (0,0)
2031.25 (0,0)
2031.5 (0,0)
2031.75 (0,0)
2032 (0,0)
2032.25 (0,0)
2032.5 (0,0)
2032.75 (0,0)
2033 (0,0)
2033.25 (0,0)
2033.5 (0,0)
2033.75 (0,0)
2034 (0,0)
2034.25 (0,0)
2034.5 (0,0)
2034.75 (0,0)
2035 (0,0)
2035.25 (0,0)
2035.5 (0,0)
2035.75 (0,0)
2036 (0,0)
2036.25 (0,0)
2036.5 (0,0)
2036.75 (0,0)
2037 (0,0)
2037.25 (0,0)
2037.5 (0,0)
2037.75 (0,0)
2038 (0,0)
2038.25 (0,0)
2038.5 (0,0)
2038.75 (0,0)
2039 (0,0)
2039.25 (0,0)
2039.5 (0,0)
2039.75 (0,0)
2040 (0,0)
2040.25 (0,0)
2040.5 (0,0)
2040.75 (0,0)
2041 (0,0)
2041.25 (0,0)
2041.5 (0,0)
2041.75 (0,0)
2042 (0,0)
2042.25 (0,0)
2042.5 (0,0)
2042.75 (0,0)
2043 (0,0)
2043.25 (0,0)
2043.5 (0,0)
2043.75 (0,0)
2044 (0,0)
2044.25 (0,0)
2044.5 (0,0)
2044.75 (0,0)
2045 (0,0)
2045.25 (0,0)
2045.5 (0,0)
2045.75 (0,0)
2046 (0,0)
2046.25 (0,0)
2046.5 (0,0)
2046.75 (0,0)
2047 (0,0)
2047.25 (0,0)
2047.5 (0,0)
2047.75 (0,0)
2048 (0,0)
