domain units: Hz
measurement data type: std::complex<double>
segment length (sec): 4
sampling rate (Hz): 2048
domain bounds (Hz): [0, 1024.25)
support bounds (Hz): [22, 1024)support indexes: [88, 4096)
---------------
domainValue measuredValue
0 (0,0)
0.25 (0,0)
0.5 (0,0)
0.75 (0,0)
1 (0,0)
1.25 (0,0)
1.5 (0,0)
1.75 (0,0)
2 (0,0)
2.25 (0,0)
2.5 (0,0)
2.75 (0,0)
3 (0,0)
3.25 (0,0)
3.5 (0,0)
3.75 (0,0)
4 (0,0)
4.25 (0,0)
4.5 (0,0)
4.75 (0,0)
5 (0,0)
5.25 (0,0)
5.5 (0,0)
5.75 (0,0)
6 (0,0)
6.25 (0,0)
6.5 (0,0)
6.75 (0,0)
7 (0,0)
7.25 (0,0)
7.5 (0,0)
7.75 (0,0)
8 (0,0)
8.25 (0,0)
8.5 (0,0)
8.75 (0,0)
9 (0,0)
9.25 (0,0)
9.5 (0,0)
9.75 (0,0)
10 (0,0)
10.25 (0,0)
10.5 (0,0)
10.75 (0,0)
11 (0,0)
11.25 (0,0)
11.5 (0,0)
11.75 (0,0)
12 (0,0)
12.25 (0,0)
12.5 (0,0)
12.75 (0,0)
13 (0,0)
13.25 (0,0)
13.5 (0,0)
13.75 (0,0)
14 (0,0)
14.25 (0,0)
14.5 (0,0)
14.75 (0,0)
15 (0,0)
15.25 (0,0)
15.5 (0,0)
15.75 (0,0)
16 (0,0)
16.25 (0,0)
16.5 (0,0)
16.75 (0,0)
17 (0,0)
17.25 (0,0)
17.5 (0,0)
17.75 (0,0)
18 (0,0)
18.25 (0,0)
18.5 (0,0)
18.75 (0,0)
19 (0,0)
19.25 (0,0)
19.5 (0,0)
19.75 (0,0)
20 (0,0)
20.25 (0,0)
20.5 (0,0)
20.75 (0,0)
21 (0,0)
21.25 (0,0)
21.5 (0,0)
21.75 (0,0)
22 (-9.19366102614895e-24,-8.801629145285163e-25)
22.25 (3.743536332646476e-24,-1.270299404139285e-24)
22.5 (7.534818533731117e-24,1.098113041140264e-23)
22.75 (-1.157943852249193e-23,-1.977687251418707e-23)
23 (6.947546835611174e-24,1.657354626202898e-23)
23.25 (-4.943324705049502e-24,-8.566432667405098e-25)
23.5 (1.364699690536456e-23,-1.541353507575766e-23)
23.75 (-2.615548580018383e-23,1.994080976627482e-23)
24 (2.811328528948397e-23,-1.239753370160242e-23)
24.25 (-1.482130739130733e-23,3.317753852976823e-24)
24.5 (-3.051183796105667e-24,-1.869552192346418e-24)
24.75 (1.119022245216603e-23,6.719518113962066e-24)
25 (-6.086034379713276e-24,-9.112805188783033e-24)
25.25 (-3.828120344153937e-24,2.91579109779759e-24)
25.5 (9.118618906789528e-24,9.997072529984689e-24)
25.75 (-8.084263407033607e-24,-2.311624540692582e-23)
26 (4.739005535760399e-24,3.120191400791579e-23)
26.25 (-1.908952416943708e-24,-3.205930992491596e-23)
26.5 (-7.146389204546351e-25,2.526350153317083e-23)
26.75 (3.027652123689177e-24,-1.249327435597923e-23)
27 (-2.726998889934158e-24,-1.092518693674754e-24)
27.25 (-1.5859528167222e-24,9.299781502898872e-24)
27.5 (7.596146969199026e-24,-1.077338983842995e-23)
27.75 (-1.151309381874486e-23,1.050421390448443e-23)
28 (1.224071158865973e-23,-1.293059763107008e-23)
28.25 (-1.160660909510307e-23,1.476373266467651e-23)
28.5 (1.108007246617348e-23,-8.366326665049023e-24)
28.75 (-1.040872868847557e-23,-6.971271536043052e-24)
29 (9.564454364122207e-24,2.077111251218154e-23)
29.25 (-9.495609303142945e-24,-2.158193092832544e-23)
29.5 (9.547314870648525e-24,1.012443512530843e-23)
29.75 (-6.221173470335735e-24,1.181937335655338e-24)
30 (-2.700837786426177e-24,-2.15762378776067e-24)
30.25 (1.314025745505638e-23,-4.781503557464755e-24)
30.5 (-1.670650425571853e-23,1.00230824045306e-23)
30.75 (9.325172883057174e-24,-1.004194811003385e-23)
31 (3.213210727855508e-24,1.123610630498972e-23)
31.25 (-1.000455578930436e-23,-1.959650630078299e-23)
31.5 (5.64239838837913e-24,2.990445699592072e-23)
31.75 (4.383379921333325e-24,-2.939623590626389e-23)
32 (-9.028074682206451e-24,1.307207000392235e-23)
32.25 (2.482923910922001e-24,7.642853802081132e-24)
32.5 (9.994542009364859e-24,-1.490705285941589e-23)
32.75 (-1.691958804670855e-23,3.195211398310628e-24)
33 (1.168127667480996e-23,1.472971537577196e-23)
33.25 (1.086457309253811e-24,-2.188875055339643e-23)
33.5 (-1.075859619608928e-23,1.473186914818928e-23)
33.75 (1.217537259507786e-23,-4.075163069554621e-24)
34 (-1.032088353756439e-23,2.005011484668135e-25)
34.25 (1.263359716250303e-23,-1.807024552057994e-24)
34.5 (-1.841116657592594e-23,1.146397491343669e-24)
34.75 (1.889430366032416e-23,4.284900526294134e-24)
35 (-8.553860253686542e-24,-9.582047791337895e-24)
35.25 (-6.234864904829885e-24,1.033002160957549e-23)
35.5 (1.230641015918736e-23,-7.648660532633915e-24)
35.75 (-3.347144541608196e-24,4.285793358704785e-24)
36 (-1.31963215119157e-23,8.414811975990631e-26)
36.25 (2.335933369530134e-23,-6.398307653040798e-24)
36.5 (-1.996967549266038e-23,1.126476764090516e-23)
36.75 (8.299562839025909e-24,-8.76294719355936e-24)
37 (7.280244299599738e-25,-2.122714388437728e-24)
37.25 (-1.745554592380403e-24,1.464794681278869e-23)
37.5 (-1.118177997589277e-24,-2.056075760847068e-23)
37.75 (8.072638521705849e-25,1.793090007976051e-23)
38 (3.775122280946864e-24,-1.13234137913532e-23)
38.25 (-6.948466337967619e-24,5.161432646344287e-24)
38.5 (4.092281898808936e-24,9.028505848623018e-25)
38.75 (1.918314111571201e-24,-9.377715990137168e-24)
39 (-4.022738206856964e-24,1.922265467121545e-23)
39.25 (-1.316835854907524e-25,-2.467322966958224e-23)
39.5 (5.269384707534729e-24,2.0459951103062e-23)
39.75 (-5.39381127578629e-24,-7.609260679058594e-24)
40 (1.473937012283358e-24,-6.698555398154785e-24)
40.25 (1.67607071493804e-25,1.498839742145606e-23)
40.5 (3.313781321294029e-24,-1.47785858574096e-23)
40.75 (-6.627806385491083e-24,8.673429015248686e-24)
41 (1.974630449748791e-24,-1.127776196144064e-24)
41.25 (1.154378607303866e-23,-3.772398877920406e-24)
41.5 (-2.55472736951168e-23,3.047422172536531e-24)
41.75 (2.968444314175156e-23,3.466931895382868e-24)
42 (-2.095657467064048e-23,-1.121197845283589e-23)
42.25 (5.975960000529446e-24,1.310080242337837e-23)
42.5 (5.30259071172498e-24,-6.140130322124018e-24)
42.75 (-7.777667878537229e-24,-4.557879812304623e-24)
43 (3.807441756781114e-24,1.04649718425069e-23)
43.25 (1.062063012767324e-24,-8.694856598255208e-24)
43.5 (-3.818974308038848e-24,4.673124126961001e-24)
43.75 (5.256045613459572e-24,-5.016819238272675e-24)
44 (-6.663144524600164e-24,9.550703225082625e-24)
44.25 (6.991602815417051e-24,-1.239132699868412e-23)
44.5 (-4.183704363119306e-24,1.018889171608499e-23)
44.75 (-1.410740219349143e-24,-6.508809103117463e-24)
45 (6.334568081660368e-24,6.795687296232236e-24)
45.25 (-7.243699684485694e-24,-1.091192700325333e-23)
45.5 (4.218187733135627e-24,1.327328397886489e-23)
45.75 (-3.108378208719526e-25,-1.029160707511241e-23)
46 (-1.792695072887804e-24,5.021253486908708e-24)
46.25 (1.852764249186968e-24,-2.774620542117023e-24)
46.5 (-8.685325429630206e-25,3.891576321975613e-24)
46.75 (-1.038896887040693e-24,-3.841379424096803e-24)
47 (4.423643890485763e-24,5.398708674253145e-25)
47.25 (-8.384139078295204e-24,1.765906784324157e-24)
47.5 (9.946831917306956e-24,1.723482249792754e-24)
47.75 (-6.643370759866686e-24,-8.573518521715536e-24)
48 (-3.518227400397916e-25,1.073095641901579e-23)
48.25 (6.28816424687382e-24,-4.436059776367168e-24)
48.5 (-6.376286924726164e-24,-4.439812767558345e-24)
48.75 (-5.239802678051063e-25,6.891838859140832e-24)
49 (1.102318363622693e-23,-8.978113855207847e-25)
49.25 (-1.924791559458646e-23,-7.302315563418457e-24)
49.5 (2.024156716789406e-23,1.120270308988455e-23)
49.75 (-1.30188899740272e-23,-1.052426966084029e-23)
50 (1.423782071726309e-24,9.1818169131062e-24)
50.25 (8.486408666315141e-24,-9.24232034198759e-24)
50.5 (-1.295075342547932e-23,8.911259252290313e-24)
50.75 (1.268301733849179e-23,-5.747934666288695e-24)
51 (-1.053194253073129e-23,8.676646798703791e-26)
51.25 (7.843809320746265e-24,5.058823219617741e-24)
51.5 (-4.27815339183799e-24,-6.732637123875439e-24)
51.75 (6.965369332617072e-25,4.584332692762602e-24)
52 (-1.114955972485029e-26,-1.244940064183794e-24)
52.25 (3.775230965397369e-24,1.075223407418923e-25)
52.5 (-9.019188128975259e-24,-2.123698575746836e-24)
52.75 (1.044449251650827e-23,4.759084834322106e-24)
53 (-6.101982117338956e-24,-4.592574224586769e-24)
53.25 (-3.427593147784815e-25,8.243188506485566e-25)
53.5 (3.635717298464261e-24,4.408177741353948e-24)
53.75 (-2.371854078853483e-24,-8.909870153572524e-24)
54 (-4.202520209718802e-25,1.233299989243581e-23)
54.25 (1.504542228048939e-24,-1.47783009123193e-23)
54.5 (-8.895353120296282e-25,1.492502110647751e-23)
54.75 (7.432152177170841e-25,-1.12006057127805e-23)
55 (-2.018028769294432e-24,4.66630482920322e-24)
55.25 (3.376331159718409e-24,7.052540495475031e-25)
55.5 (-3.313054659322009e-24,-1.343841856463916e-24)
55.75 (2.070893253362109e-24,-2.774553394878545e-24)
56 (-7.076319276705605e-25,8.47338294178617e-24)
56.25 (-9.42835559173584e-25,-1.219188645627283e-23)
56.5 (4.02245815505583e-24,1.221807697844216e-23)
56.75 (-8.192150082116723e-24,-9.170182543196401e-24)
57 (1.061944929042061e-23,5.384250083534255e-24)
57.25 (-8.40714609742231e-24,-3.478987842240101e-24)
57.5 (1.749161743715112e-24,4.224013194845746e-24)
57.75 (5.984852661603683e-24,-5.370834288881132e-24)
58 (-1.106088494898778e-23,3.433513429535193e-24)
58.25 (1.165275969867763e-23,2.572435025453863e-24)
58.5 (-7.825531333487193e-24,-9.372557548205715e-24)
58.75 (8.14890359431212e-25,1.204310291255222e-23)
59 (6.944535087441325e-24,-8.606676518348155e-24)
59.25 (-1.216543974121106e-23,1.946043112645048e-24)
59.5 (1.266813820914806e-23,2.874684232630002e-24)
59.75 (-9.337834799872429e-24,-3.278455522886464e-24)
60 (5.381467568035248e-24,1.416439057193121e-24)
60.25 (-3.228937764393793e-24,-1.700427563388068e-24)
60.5 (2.578466634075411e-24,5.671441312368701e-24)
60.75 (-1.768352771812306e-24,-9.417888484907898e-24)
61 (4.113278890271502e-25,7.145152670280812e-24)
61.25 (3.025917333824972e-25,1.968805786435918e-24)
61.5 (5.73460836876523e-26,-1.13807154088638e-23)
61.75 (3.18070937052685e-25,1.312158422909734e-23)
62 (-3.474613575449747e-24,-6.084240217254827e-24)
62.25 (8.347811650972349e-24,-2.997235563654066e-24)
62.5 (-1.068760947486974e-23,7.087146440001759e-24)
62.75 (7.253252295642389e-24,-5.743087534603163e-24)
63 (2.860248614252344e-25,3.596336380847453e-24)
63.25 (-6.486262959711521e-24,-3.769327829520724e-24)
63.5 (7.17048231860817e-24,5.150205650132283e-24)
63.75 (-2.790927880897702e-24,-5.666169695346213e-24)
64 (-2.921858923381317e-24,5.394717983380659e-24)
64.25 (6.440926874182613e-24,-5.219193113215982e-24)
64.5 (-6.271080972425923e-24,4.446072805322659e-24)
64.75 (2.827421302082227e-24,-1.991833303350384e-24)
65 (1.910129789254404e-24,-7.46746841954967e-25)
65.25 (-4.989385038369562e-24,5.645657746050966e-25)
65.5 (4.397917560579547e-24,3.329411917711882e-24)
65.75 (-1.067641154872231e-24,-7.273633265317005e-24)
66 (-1.77834537360615e-24,6.571303991394775e-24)
66.25 (1.806193878956039e-24,-4.606422140545267e-25)
66.5 (3.66387745068027e-25,-7.201254280980278e-24)
66.75 (-2.512579469770801e-24,1.194027091412983e-23)
67 (3.393492383220525e-24,-1.250961467694955e-23)
67.25 (-3.371301039778727e-24,1.08226102676805e-23)
67.5 (3.124760664493734e-24,-9.090983351081758e-24)
67.75 (-2.891165866992786e-24,7.711431000346345e-24)
68 (2.992314917213123e-24,-5.606381118023853e-24)
68.25 (-4.138008375555383e-24,1.884312811837993e-24)
68.5 (6.655582183058068e-24,3.039535288185755e-24)
68.75 (-9.71156963557347e-24,-7.549408994260619e-24)
69 (1.162193050547073e-23,9.716422242665672e-24)
69.25 (-1.093435325723296e-23,-8.307145064209334e-24)
69.5 (7.407376927129958e-24,3.445827379758536e-24)
69.75 (-2.404303153163992e-24,3.378015621419093e-24)
70 (-1.649168719372698e-24,-9.929893302756581e-24)
70.25 (2.840914895659386e-24,1.399799627001563e-23)
70.5 (-1.310636997719867e-24,-1.391640493547267e-23)
70.75 (-9.660757351897117e-25,9.099339888129949e-24)
71 (2.217314462457868e-24,-8.538675918124853e-25)
71.25 (-2.489605729723178e-24,-7.374513177579704e-24)
71.5 (2.9821139632833e-24,1.162642166721674e-23)
71.75 (-4.173501538925603e-24,-1.034379010237109e-23)
72 (5.25930164867284e-24,5.680991085589435e-24)
72.25 (-5.379918993327302e-24,-1.336469929546629e-24)
72.5 (4.661791142069213e-24,-9.055813443435021e-25)
72.75 (-3.713810742751059e-24,1.9125327710519e-24)
73 (2.675445135412473e-24,-2.709946745161863e-24)
73.25 (-1.369255354865184e-24,2.612022843650762e-24)
73.5 (8.572643843134159e-26,-7.349038436928585e-25)
73.75 (5.65500558658391e-25,-1.62011967014458e-24)
74 (-6.642906927573949e-25,1.927674337787951e-24)
74.25 (1.099108782535467e-24,-8.97110805171884e-26)
74.5 (-2.249866888962649e-24,-5.243891897634251e-25)
74.75 (3.085630762525804e-24,-2.869661674093714e-24)
75 (-2.232064432390373e-24,8.019036126457013e-24)
75.25 (-2.977104702165782e-25,-9.085008068225638e-24)
75.5 (3.095933185564795e-24,3.269893505190876e-24)
75.75 (-4.928167801618358e-24,5.122145865718322e-24)
76 (5.47116023075756e-24,-8.569265427074265e-24)
76.25 (-4.476021095624848e-24,4.180347927496319e-24)
76.5 (1.472984196599548e-24,3.371375126473658e-24)
76.75 (2.788369879825039e-24,-7.048946262182115e-24)
77 (-5.507288688092159e-24,4.689823327178509e-24)
77.25 (4.015762365065281e-24,-3.482099116779534e-25)
77.5 (1.065970109098573e-24,-9.139931086212653e-25)
77.75 (-6.044578585199498e-24,-1.71048229110804e-24)
78 (7.985456020661053e-24,4.884258500780093e-24)
78.25 (-7.432076681165555e-24,-5.274706425319996e-24)
78.5 (6.796457058498636e-24,2.609075101681204e-24)
78.75 (-7.055955539869536e-24,8.713236472194833e-25)
79 (7.120983095220086e-24,-2.725390774629189e-24)
79.25 (-5.927951053771528e-24,1.808704252724717e-24)
79.5 (3.860310467773482e-24,1.454141741117396e-24)
79.75 (-2.015388815206565e-24,-5.248803830376987e-24)
80 (1.032193869309632e-24,7.063099857610514e-24)
80.25 (-8.377828574490857e-25,-5.343903269655758e-24)
80.5 (7.372244243917319e-25,1.205092061147462e-24)
80.75 (3.784073940792803e-25,1.846093075587251e-24)
81 (-2.887223989187546e-24,-7.916543854405802e-25)
81.25 (5.101360424081803e-24,-3.761766844068587e-24)
81.5 (-4.278866229313344e-24,7.659958681895874e-24)
81.75 (1.782383926824933e-26,-7.179571088335315e-24)
82 (4.189541607656374e-24,3.189387655680089e-24)
82.25 (-4.25453222222222e-24,-6.866002932953469e-25)
82.5 (1.694880026537977e-25,3.419785371247146e-24)
82.75 (3.968511655577033e-24,-9.220060487127633e-24)
83 (-4.726153347762425e-24,1.174348496810252e-23)
83.25 (2.687633716190341e-24,-7.259998933306667e-24)
83.5 (-4.990947145162756e-25,-1.189613251792835e-24)
83.75 (-8.5690417337641e-25,7.235497054462509e-24)
84 (2.279078805606298e-24,-8.076319396807726e-24)
84.25 (-3.817136048054729e-24,6.549668321378669e-24)
84.5 (3.759229588303065e-24,-6.388419381753227e-24)
84.75 (-1.005958165775372e-24,7.243196844840496e-24)
85 (-2.898074050778574e-24,-5.754791766298103e-24)
85.25 (4.998758776089698e-24,6.552443294100631e-25)
85.5 (-3.661869103771807e-24,5.100440938944343e-24)
85.75 (-4.525866621445491e-25,-7.66976727590467e-24)
86 (5.408213061524571e-24,6.442875079083909e-24)
86.25 (-9.069215823642943e-24,-3.914976881005429e-24)
86.5 (9.651866632893452e-24,2.217292217028652e-24)
86.75 (-6.606089605679575e-24,-9.921850362152465e-25)
87 (1.477024135848465e-24,-1.286334126664261e-24)
87.25 (2.858479110985549e-24,4.887187893931295e-24)
87.5 (-4.516548008818016e-24,-8.28041807657416e-24)
87.75 (4.018897749797123e-24,9.670733707358985e-24)
88 (-3.14825450717237e-24,-8.656170166915922e-24)
88.25 (2.834040975874415e-24,6.464129826014871e-24)
88.5 (-2.682314953214426e-24,-4.796068329709359e-24)
88.75 (2.228155224193236e-24,4.421099280178182e-24)
89 (-1.737517630103263e-24,-4.773348738929239e-24)
89.25 (1.540896179462211e-24,4.872037366112523e-24)
89.5 (-1.34287957360507e-24,-4.480163637644359e-24)
89.75 (8.886263111293812e-25,4.097581584103452e-24)
90 (-9.847912982754953e-25,-3.885067196744203e-24)
90.25 (2.908243407761428e-24,3.145749366667055e-24)
90.5 (-6.374782830772322e-24,-1.27697126713173e-24)
90.75 (8.653573074666927e-24,-1.053553522194171e-24)
91 (-6.624729966287519e-24,2.250897594696485e-24)
91.25 (1.449039200306763e-25,-1.397942285472303e-24)
91.5 (6.941331792475666e-24,-8.036431749058385e-25)
91.75 (-9.746599429556011e-24,2.721981589193149e-24)
92 (6.667640777238658e-24,-3.070683832701698e-24)
92.25 (-8.046984291962034e-25,1.490875261357816e-24)
92.5 (-2.98570089248965e-24,1.49501489689561e-24)
92.75 (2.409945201956549e-24,-4.560430779818846e-24)
93 (8.185561026179877e-25,5.910426465132318e-24)
93.25 (-3.423348360077219e-24,-4.378853723120972e-24)
93.5 (3.911814725653017e-24,6.551810092726364e-25)
93.75 (-3.41487055318679e-24,2.792957055132645e-24)
94 (3.742950894875414e-24,-3.478150045107297e-24)
94.25 (-5.190620518113594e-24,9.265801045746872e-25)
94.5 (6.283660156536427e-24,2.805004324360612e-24)
94.75 (-5.314182560349556e-24,-4.621218881586184e-24)
95 (1.997281240264283e-24,2.804710925027993e-24)
95.25 (2.086724688272139e-24,1.459013126782573e-24)
95.5 (-4.496807298567468e-24,-4.839664061051639e-24)
95.75 (3.713398568365292e-24,4.659065438980799e-24)
96 (-4.450219925371813e-25,-1.423145548328226e-24)
96.25 (-2.749213518355291e-24,-1.568065747571813e-24)
96.5 (3.501833192595424e-24,1.52883020346033e-24)
96.75 (-1.604521629063043e-24,9.644530464176365e-25)
97 (-1.056476474581988e-24,-2.833846733494298e-24)
97.25 (2.517626608800245e-24,2.108024184146725e-24)
97.5 (-2.482441573020625e-24,5.198460065139008e-26)
97.75 (2.000909270946073e-24,-1.242949700882935e-24)
98 (-1.852476319013975e-24,9.136382940586131e-25)
98.25 (1.805695636010976e-24,-5.3617973372801e-25)
98.5 (-1.430543717350474e-24,9.356491944603659e-25)
98.75 (9.61943277193999e-25,-8.62503877725549e-25)
99 (-9.041345568189653e-25,-1.012963650483166e-24)
99.25 (1.143341925189565e-24,3.635957011993612e-24)
99.5 (-1.077387188588647e-24,-4.450115517244527e-24)
99.75 (5.808666928232005e-25,2.620412283639383e-24)
100 (-2.12590125107472e-25,-6.913943493336786e-26)
100.25 (2.59599892491126e-25,-1.134999659152976e-24)
100.5 (-1.912329595332271e-25,1.246820919070551e-24)
100.75 (-4.005085220066918e-25,-1.70758662042384e-24)
101 (7.557342134962263e-25,2.357687219596124e-24)
101.25 (2.705170710473713e-25,-1.382238015933718e-24)
101.5 (-2.299025715120402e-24,-1.809729885417453e-24)
101.75 (3.180996399533006e-24,5.066496975996815e-24)
102 (-1.319000666658394e-24,-5.737754815646559e-24)
102.25 (-2.140712027741622e-24,3.699770687252844e-24)
102.5 (4.16875972935581e-24,-1.214300670511095e-24)
102.75 (-2.963564955055592e-24,2.065752904748036e-25)
103 (-2.690739259912382e-25,-7.129054294851449e-25)
103.25 (2.721144798814647e-24,1.877838881753611e-24)
103.5 (-2.703406975959413e-24,-3.223855333686468e-24)
103.75 (7.975330282173283e-25,4.383386278094557e-24)
104 (1.184941086677075e-24,-4.526814881706567e-24)
104.25 (-1.909381677848989e-24,3.129700390705739e-24)
104.5 (1.430308113806808e-24,-1.096255762278634e-24)
104.75 (-9.345750776242891e-25,1.685728447974649e-25)
105 (1.57769770863718e-24,-9.559981479161009e-25)
105.25 (-3.181815488005554e-24,2.157662405340505e-24)
105.5 (4.107196987561967e-24,-2.157976448360875e-24)
105.75 (-2.904156788453353e-24,1.041303356872304e-24)
106 (2.016076288193315e-25,-4.839556288104996e-25)
106.25 (1.62867122268548e-24,1.623812620127273e-24)
106.5 (-1.081893824311002e-24,-3.4560370330415e-24)
106.75 (-7.046964581772697e-25,3.701788154499309e-24)
107 (1.450453930062316e-24,-1.307865995555731e-24)
107.25 (-6.96915630222948e-25,-2.13653111570251e-24)
107.5 (2.893700830778183e-25,3.752036750428992e-24)
107.75 (-1.682770171627754e-24,-2.231905373563599e-24)
108 (3.757917076022241e-24,-8.214437332682338e-25)
108.25 (-4.16055108727174e-24,2.586748341842042e-24)
108.5 (2.314900763632478e-24,-1.864853549934892e-24)
108.75 (-5.38152055153015e-26,-8.602982363765996e-26)
109 (-7.62523608500886e-25,1.385564234352719e-24)
109.25 (2.682865824640465e-25,-1.531483140747166e-24)
109.5 (1.420284998006055e-25,1.256394888891431e-24)
109.75 (3.142887064917318e-25,-1.005938390826771e-24)
110 (-1.458439831532935e-24,4.071170845352357e-25)
110.25 (3.090256818378058e-24,7.811017026774322e-25)
110.5 (-5.115984591764796e-24,-2.036474317219655e-24)
110.75 (6.677149238885579e-24,2.855365742934611e-24)
111 (-6.260600232567881e-24,-3.619008344091953e-24)
111.25 (3.392605095258991e-24,4.933762561921533e-24)
111.5 (2.711728994707059e-25,-6.209929611391016e-24)
111.75 (-2.266651627101178e-24,5.70090132330325e-24)
112 (1.623830900053718e-24,-2.448264789753174e-24)
112.25 (6.026225042826469e-25,-2.095132746668369e-24)
112.5 (-2.869809095467116e-24,4.910005255787569e-24)
112.75 (4.499029227168938e-24,-4.061117721880651e-24)
113 (-5.424363750070885e-24,4.418288876629371e-25)
113.25 (5.411410190723563e-24,3.059921843979628e-24)
113.5 (-4.212222966954863e-24,-3.968364952172221e-24)
113.75 (2.277464618770369e-24,1.897877022961461e-24)
114 (-6.691951741978492e-25,1.681196016642326e-24)
114.25 (5.914736398589473e-26,-4.858515394255248e-24)
114.5 (-9.456378359638597e-26,6.438410632201768e-24)
114.75 (-5.090902845099764e-26,-6.165158956249387e-24)
115 (6.520471191734329e-25,4.38789249782368e-24)
115.25 (-1.170282284569674e-24,-1.767568307104433e-24)
115.5 (1.005902953641329e-24,-8.346320143113878e-25)
115.75 (-3.20366622476171e-25,2.544965435513862e-24)
116 (-7.83911869332581e-26,-2.906996467247692e-24)
116.25 (-3.038426558516427e-25,2.312137920163314e-24)
116.5 (9.891814112477484e-25,-1.892263370549423e-24)
116.75 (-1.055341613331849e-24,2.58211647987158e-24)
117 (2.913273638231517e-25,-3.95373731030014e-24)
117.25 (4.611318447542204e-25,4.176587223757321e-24)
117.5 (-2.636137362085515e-25,-1.749317638978584e-24)
117.75 (-8.411290293017005e-25,-2.453769460409997e-24)
118 (1.905862475858481e-24,5.363139555209595e-24)
118.25 (-2.016497306002331e-24,-4.601077827233326e-24)
118.5 (8.588504156300008e-25,1.135539650935438e-24)
118.75 (1.401052620557876e-24,1.556769252452827e-24)
119 (-4.186315085320991e-24,-1.14192089358299e-24)
119.25 (6.358812849384403e-24,-1.293821245105981e-24)
119.5 (-6.678337009273532e-24,2.896907098483913e-24)
119.75 (5.018856658025858e-24,-2.355414559919269e-24)
120 (-2.90999946460503e-24,8.654718926810889e-25)
120.25 (2.241501358054787e-24,-1.441860958224345e-25)
120.5 (-3.271827001883609e-24,4.823384077567936e-25)
120.75 (4.279599211176449e-24,-1.029117836669819e-24)
121 (-3.393709289940912e-24,1.187050842328188e-24)
121.25 (5.872992765201717e-25,-1.033317536758109e-24)
121.5 (2.268455808887336e-24,7.082588667807885e-25)
121.75 (-3.174445696183503e-24,-1.15093007736745e-25)
122 (1.754209422299933e-24,-7.193001831083588e-25)
122.25 (5.17461610912656e-25,1.459417449378088e-24)
122.5 (-1.62243988716907e-24,-1.769232525130444e-24)
122.75 (6.829342091108266e-25,1.514629945365399e-24)
123 (1.374832422467092e-24,-6.281586831940766e-25)
123.25 (-2.748656401174315e-24,-8.551401826569951e-25)
123.5 (2.396901240630278e-24,2.484386170209474e-24)
123.75 (-7.66015566742493e-25,-3.45336937196298e-24)
124 (-9.910725776047135e-25,3.216617456355004e-24)
124.25 (2.200133771234512e-24,-1.847444082034622e-24)
124.5 (-2.909856835164745e-24,-3.178644415365175e-25)
124.75 (3.287819776494363e-24,2.946911631624436e-24)
125 (-3.255320119646976e-24,-5.230608489938097e-24)
125.25 (2.737197010595343e-24,5.616920357960684e-24)
125.5 (-1.877717196125901e-24,-3.016453940981539e-24)
125.75 (8.500442673849988e-25,-1.432104828334259e-24)
126 (2.636365500811722e-25,4.563949500020084e-24)
126.25 (-1.214987368625797e-24,-3.97135467694077e-24)
126.5 (1.484710273200684e-24,5.252461685661717e-25)
126.75 (-7.546902345865419e-25,2.459234410547318e-24)
127 (-6.183843666392778e-25,-2.712371183330987e-24)
127.25 (1.887628016399883e-24,1.238374216309788e-24)
127.5 (-2.641160119908075e-24,-8.231907661179283e-25)
127.75 (2.985800929270975e-24,2.698832082751797e-24)
128 (-3.03158632655197e-24,-5.194546209411756e-24)
128.25 (2.548698233172483e-24,5.678897785779058e-24)
128.5 (-1.332918602810424e-24,-3.376950893783864e-24)
128.75 (-2.912038982305973e-25,-1.690489344516352e-27)
129 (1.584962257780666e-24,2.167121820681208e-24)
129.25 (-1.990092168175089e-24,-2.354527520278472e-24)
129.5 (1.494536530457168e-24,1.509869454609237e-24)
129.75 (-4.966301147686034e-25,-8.333915502638601e-25)
130 (-5.00871883248409e-25,6.125495597511915e-25)
130.25 (1.07150499518563e-24,-5.031570109285922e-25)
130.5 (-9.71499882801267e-25,4.688959073334171e-25)
130.75 (2.575535565383537e-25,-9.23204537127984e-25)
131 (6.881779253588052e-25,1.920639441513872e-24)
131.25 (-1.333198205108091e-24,-2.682254212352902e-24)
131.5 (1.297434946099561e-24,2.341090413434436e-24)
131.75 (-6.015066854367621e-25,-1.056707597217023e-24)
132 (-3.147145308629378e-25,-4.092973495817464e-26)
132.25 (8.875140581628258e-25,1.723234095227948e-25)
132.5 (-8.788495639359187e-25,1.584325694445222e-25)
132.75 (5.691265102219996e-25,9.884548832508563e-26)
133 (-4.438960706637063e-25,-1.007895989580639e-24)
133.25 (6.961675389061999e-25,1.331944051080063e-24)
133.5 (-1.126600146573315e-24,1.791324612582331e-26)
133.75 (1.512715380334305e-24,-2.481681001710393e-24)
134 (-1.894118792069474e-24,4.164605351025268e-24)
134.25 (2.397774757211423e-24,-3.702172029930168e-24)
134.5 (-2.93350394114414e-24,1.633485597395135e-24)
134.75 (3.228296841156863e-24,1.43896875650565e-25)
135 (-3.070381141699376e-24,-1.799666874089191e-25)
135.25 (2.349104104388621e-24,-1.276463551794155e-24)
135.5 (-9.893335011505069e-25,2.649435031288472e-24)
135.75 (-7.996837951440964e-25,-2.529216885803791e-24)
136 (2.189369514313055e-24,9.014293000195045e-25)
136.25 (-2.1381267698355e-24,9.271401512652371e-25)
136.5 (5.596290150558262e-25,-1.586710958859658e-24)
136.75 (1.125877016444593e-24,9.072777744530205e-25)
137 (-1.176566195456689e-24,1.858123774398642e-26)
137.25 (-5.659107365489007e-25,2.421643188227882e-27)
137.5 (2.331253506755665e-24,-1.11610891785236e-24)
137.75 (-2.264166441681329e-24,2.443055596010496e-24)
138 (3.960005902029511e-25,-3.06534473389618e-24)
138.25 (1.514246156419025e-24,2.786060753191603e-24)
138.5 (-1.924482765114725e-24,-1.989206544615485e-24)
138.75 (8.950166980803233e-25,1.077125683694041e-24)
139 (3.988317262271487e-25,-2.118864798708651e-25)
139.25 (-9.919131087617609e-25,-5.918916779211452e-25)
139.5 (7.090427628081544e-25,1.365113196637604e-24)
139.75 (1.370086803922519e-25,-2.101955442114977e-24)
140 (-1.055760505796694e-24,2.565789128221495e-24)
140.25 (1.423005835123346e-24,-2.256567602372661e-24)
140.5 (-7.398120576828159e-25,9.20335554591291e-25)
140.75 (-8.311129630693269e-25,7.780299087986192e-25)
141 (2.324345285942569e-24,-1.410862980762913e-24)
141.25 (-2.601435998510626e-24,3.050469807267686e-26)
141.5 (1.21964922030649e-24,2.662714654990602e-24)
141.75 (1.192196353898196e-24,-4.614125004595294e-24)
142 (-3.232728549400699e-24,4.090352958674117e-24)
142.25 (3.526919578915172e-24,-1.162879392713428e-24)
142.5 (-1.762236930850657e-24,-2.395366956848863e-24)
142.75 (-7.22172438183799e-25,4.622164723741108e-24)
143 (1.724834671183742e-24,-4.84044498299165e-24)
143.25 (-1.732773954004052e-25,3.836769611331779e-24)
143.5 (-2.601742929306862e-24,-2.787886424794712e-24)
143.75 (4.039075544634728e-24,2.129836678083469e-24)
144 (-2.992642269393739e-24,-1.491439314006596e-24)
144.25 (8.653213921221231e-25,5.730803997538857e-25)
144.5 (1.116418697397167e-25,2.405506995756934e-25)
144.75 (6.591825382222344e-25,-3.575054304494479e-25)
145 (-1.818808534839107e-24,-1.214593787559956e-25)
145.25 (1.910390374120504e-24,4.047953147743735e-25)
145.5 (-9.204252700832818e-25,-4.239541459405455e-26)
145.75 (-1.01450700064538e-25,-3.995751159339118e-25)
146 (3.694104303259394e-25,5.617222309073235e-26)
146.25 (5.610969968920323e-26,9.933912183340947e-25)
146.5 (-6.696112018895076e-25,-1.657611349000585e-24)
146.75 (1.040044469133456e-24,1.135327274685689e-24)
147 (-9.845820741820708e-25,5.467382879928155e-26)
147.25 (5.631747891074066e-25,-6.117500956939065e-25)
147.5 (1.486350060912584e-26,-1.684526675228812e-25)
147.75 (-5.816837827456715e-25,1.827853032893197e-24)
148 (1.037652099859641e-24,-3.39483141463868e-24)
148.25 (-1.093684426220944e-24,4.187983027368611e-24)
148.5 (2.701260405937446e-25,-3.973438022376448e-24)
148.75 (1.420389352773605e-24,2.846629845902184e-24)
149 (-2.8921547512592e-24,-1.328136495565618e-24)
149.25 (2.709264545477765e-24,2.810806258210718e-25)
149.5 (-6.950971927020046e-25,-1.871425479475058e-25)
149.75 (-1.594442283105162e-24,4.60233274021161e-25)
150 (2.456476519708303e-24,6.060863972652953e-26)
150.25 (-1.883244481679572e-24,-1.682019422931508e-24)
150.5 (1.339671477016203e-24,3.215996946184005e-24)
150.75 (-1.81977955785526e-24,-3.127880862948196e-24)
151 (2.75640760767973e-24,1.241671300074767e-24)
151.25 (-3.059158618500128e-24,9.958366951161017e-25)
151.5 (2.63597752515328e-24,-1.942030501961675e-24)
151.75 (-2.310440468234117e-24,1.196750887383175e-24)
152 (2.476658744026825e-24,3.577420298497485e-25)
152.25 (-2.521574598771051e-24,-1.571159739393774e-24)
152.5 (1.747731287034949e-24,1.884884714891741e-24)
152.75 (-3.75550322365043e-25,-1.486774362997791e-24)
153 (-7.341012106179695e-25,1.002945738148285e-24)
153.25 (1.087439691531449e-24,-1.005280378252744e-24)
153.5 (-8.73891060701962e-25,1.504957484447238e-24)
153.75 (3.876877871632749e-25,-1.820224966911106e-24)
154 (3.670131437125e-25,1.133094339191455e-24)
154.25 (-1.312197804324324e-24,6.708934882870602e-25)
154.5 (1.91635667488405e-24,-2.755905958173342e-24)
154.75 (-1.594958659868495e-24,3.968316343105126e-24)
155 (4.48253197405908e-25,-3.68933789145431e-24)
155.25 (7.060925018577394e-25,2.167954640156701e-24)
155.5 (-1.106696298472846e-24,-2.8867663672815e-25)
155.75 (6.63183685343774e-25,-8.848047757839092e-25)
156 (2.247708405316407e-25,6.531530857109628e-25)
156.25 (-1.171386520461341e-24,7.827907076957648e-25)
156.5 (1.938857124555509e-24,-2.244173253458131e-24)
156.75 (-2.315503680739881e-24,2.347190368505399e-24)
157 (2.231749190420613e-24,-6.661648951232345e-25)
157.25 (-1.967436821421916e-24,-1.826983313149238e-24)
157.5 (1.880791144604955e-24,3.563326643473859e-24)
157.75 (-1.825312563135525e-24,-3.643162376186366e-24)
158 (1.195866319376173e-24,2.357699844136677e-24)
158.25 (1.5480778767128e-25,-6.535725491961416e-25)
158.5 (-1.313747189842014e-24,-7.065132893536194e-25)
158.75 (1.117312580072142e-24,1.49073724390707e-24)
159 (4.006938652799758e-25,-1.80629409646571e-24)
159.25 (-1.815090524905184e-24,1.799972444306259e-24)
159.5 (1.812510179976291e-24,-1.507075794625035e-24)
159.75 (-5.975949664306198e-25,8.380364360670065e-25)
160 (-5.260212482709233e-25,2.727074876186484e-25)
160.25 (7.721562913330053e-25,-1.555294010665185e-24)
160.5 (-6.036348072639666e-25,2.281946761011954e-24)
160.75 (8.250272933219133e-25,-1.780754801793697e-24)
161 (-1.417605054666437e-24,3.045603805969048e-25)
161.25 (1.587931745324639e-24,8.335581808944201e-25)
161.5 (-7.642261676983197e-25,-4.419815936040196e-25)
161.75 (-7.557796274236372e-25,-1.118253963468469e-24)
162 (2.074608101585653e-24,2.024307204896101e-24)
162.25 (-2.40706008116155e-24,-8.154347555140713e-25)
162.5 (1.657564736375882e-24,-1.987262630703293e-24)
162.75 (-5.964261757983895e-25,4.340853536615383e-24)
163 (4.034859070305828e-25,-4.711785363498222e-24)
163.25 (-1.62960638759354e-24,3.394152747046845e-24)
163.5 (3.450061251212473e-24,-1.816721590924474e-24)
163.75 (-4.250123233833548e-24,9.082382396322765e-25)
164 (3.223573579705397e-24,-4.262925764101028e-25)
164.25 (-1.270115049959087e-24,-2.581887763142142e-25)
164.5 (1.216599021967856e-25,1.120269688503842e-24)
164.75 (-6.855675979065347e-25,-1.460255232929345e-24)
165 (2.369506846480046e-24,8.524591466510278e-25)
165.25 (-3.792970112669262e-24,1.192990217144376e-25)
165.5 (3.868379001739087e-24,-2.99568252968145e-25)
165.75 (-2.406429796826474e-24,-7.953649539587774e-25)
166 (1.884962456407367e-25,2.324100624375338e-24)
166.25 (1.495021394114099e-24,-2.910447751482554e-24)
166.5 (-1.867018917927155e-24,2.048803912844392e-24)
166.75 (1.47186574287817e-24,-5.035569264331368e-25)
167 (-1.591382919347994e-24,-6.57791629019761e-25)
167.25 (2.560982536387918e-24,1.031043642559469e-24)
167.5 (-3.076300348172172e-24,-6.921582128078754e-25)
167.75 (1.748403400006813e-24,-4.456860606885618e-25)
168 (8.187871713992536e-25,2.396416223344329e-24)
168.25 (-2.235377347444417e-24,-4.262649972203183e-24)
168.5 (9.032205779719018e-25,4.427849477334481e-24)
168.75 (2.055614419710143e-24,-2.165860473940874e-24)
169 (-3.872468185838712e-24,-1.170781197346955e-24)
169.25 (2.979295775836111e-24,3.076801035764431e-24)
169.5 (-4.632089105350376e-25,-2.097790579891454e-24)
169.75 (-1.223658816408369e-24,-1.019062878471537e-24)
170 (6.626954976234147e-25,4.161657588053046e-24)
170.25 (1.450164160635107e-24,-5.470428402377234e-24)
170.5 (-3.277570952637963e-24,4.29805015960475e-24)
170.75 (3.619972746773281e-24,-1.289777911432528e-24)
171 (-2.773212548591945e-24,-2.038109261087799e-24)
171.25 (1.855220023590658e-24,4.120080506854696e-24)
171.5 (-1.531462198049759e-24,-4.333476408127181e-24)
171.75 (1.549985722847785e-24,3.35963392812863e-24)
172 (-1.411081884066404e-24,-2.418812628640024e-24)
172.25 (1.102351065061179e-24,2.137079987783435e-24)
172.5 (-9.019229127377938e-25,-2.27452244203623e-24)
172.75 (6.850050582476911e-25,2.409113134303433e-24)
173 (9.034638467542814e-26,-2.490906016924737e-24)
173.25 (-1.584731930524042e-24,2.600315014443146e-24)
173.5 (3.098593797677248e-24,-2.516302311579414e-24)
173.75 (-3.640384815107382e-24,1.907020382555567e-24)
174 (2.834792810637397e-24,-9.024722887871085e-25)
174.25 (-1.11856974969496e-24,1.601773234433507e-25)
174.5 (-7.546618141994541e-25,-2.271356839494237e-25)
174.75 (2.136390933658071e-24,9.697768962107565e-25)
175 (-2.580847916429967e-24,-1.730326431581841e-24)
175.25 (1.979358938516403e-24,1.928950336941046e-24)
175.5 (-7.626661792971828e-25,-1.383410210217642e-24)
175.75 (-2.836570964640408e-25,1.492475446266085e-25)
176 (6.330964964658776e-25,1.660661198442225e-24)
176.25 (-3.962815699491701e-25,-3.728238732975212e-24)
176.5 (1.999726210233863e-26,5.340486713925491e-24)
176.75 (2.551636338969009e-25,-5.658920742016156e-24)
177 (-5.227602962294601e-25,4.38869584829551e-24)
177.25 (9.338116875989073e-25,-2.16659328937952e-24)
177.5 (-1.477304467327222e-24,1.655435581632486e-25)
177.75 (1.987896847334241e-24,7.496357819042928e-25)
178 (-2.224302435936245e-24,-5.053037834844374e-25)
178.25 (1.993439798446281e-24,-3.970623494925934e-25)
178.5 (-1.369758825820035e-24,1.355482125182574e-24)
178.75 (7.555772009003822e-25,-1.878178470338028e-24)
179 (-5.025877714663441e-25,1.600872315852488e-24)
179.25 (4.437443593385836e-25,-4.713395287706517e-25)
179.5 (-4.963489812549039e-26,-1.001265598844803e-24)
179.75 (-8.21454322669788e-25,1.952911038978521e-24)
180 (1.571393966103293e-24,-1.883326340325726e-24)
180.25 (-1.53007419767429e-24,1.12890798907418e-24)
180.5 (8.477782422582325e-25,-4.457744157390141e-25)
180.75 (-3.538040918842871e-25,1.738972667515399e-25)
181 (4.544003085053566e-25,-6.816458881280145e-26)
181.25 (-5.299524100241774e-25,-1.704752431379101e-26)
181.5 (-2.538844740022942e-25,-3.234153195197445e-25)
181.75 (1.684509721228942e-24,1.429219879735835e-24)
182 (-2.479705134012668e-24,-2.687856851573241e-24)
182.25 (1.709828563433803e-24,2.869162607748995e-24)
182.5 (2.926129758342103e-27,-1.638683462634851e-24)
182.75 (-1.039656289066603e-24,3.393201020857666e-25)
183 (5.509845408986263e-25,-6.903477033849544e-25)
183.25 (6.129026305914759e-25,2.690971634825247e-24)
183.5 (-9.10956772083455e-25,-4.324623974464936e-24)
183.75 (-1.314241646456905e-25,3.668914592255275e-24)
184 (1.462176463700249e-24,-1.073212078095844e-24)
184.25 (-1.775064570187751e-24,-1.096695045196891e-24)
184.5 (9.073554463262733e-25,8.288954207038454e-25)
184.75 (2.141178997354286e-25,1.65016320990521e-24)
185 (-7.626728105034995e-25,-4.257554702547878e-24)
185.25 (7.818245827649445e-25,4.970122378137853e-24)
185.5 (-8.01863061494282e-25,-3.35370821564925e-24)
185.75 (1.068824826432082e-24,6.622828132094816e-25)
186 (-1.354343233732349e-24,1.224279379337822e-24)
186.25 (1.330767780857255e-24,-1.213869087301022e-24)
186.5 (-9.09395722791282e-25,-1.214385212572246e-25)
186.75 (2.98765993264768e-25,9.732924239960158e-25)
187 (8.371689085928047e-26,4.136287687987522e-26)
187.25 (1.476683652518076e-25,-2.398851446407612e-24)
187.5 (-9.32610849695018e-25,4.015185294277152e-24)
187.75 (1.592981833229714e-24,-3.311633325329118e-24)
188 (-1.37536208010315e-24,8.87122291411851e-25)
188.25 (3.268949054024405e-25,1.029196664545777e-24)
188.5 (5.710491248094859e-25,-7.343932550691314e-25)
188.75 (-3.829919208879681e-25,-1.493587822222589e-24)
189 (-7.31384988297687e-25,3.969793274875959e-24)
189.25 (1.659320141354711e-24,-5.26618522704028e-24)
189.5 (-1.527107533022026e-24,5.181431297422656e-24)
189.75 (5.598061588240542e-25,-4.393285054647512e-24)
190 (2.969386248891807e-25,3.578186407794111e-24)
190.25 (-4.138746793176643e-25,-2.939936391195715e-24)
190.5 (-2.248651549197383e-26,2.324498465345298e-24)
190.75 (4.246275450554888e-25,-1.53053964959063e-24)
191 (-4.584817061850126e-25,4.748279666422769e-25)
191.25 (2.041597073430611e-25,8.05611514040108e-25)
191.5 (1.472599676081304e-25,-2.144227586258537e-24)
191.75 (-5.091170942699128e-25,3.165088340402039e-24)
192 (7.648644412286776e-25,-3.340733309750373e-24)
192.25 (-6.320220505278456e-25,2.405055122648689e-24)
192.5 (-6.315332996654569e-26,-8.40777082915726e-25)
192.75 (9.218082627964238e-25,-2.664264107751478e-25)
193 (-1.03751826576137e-24,1.999705969852525e-25)
193.25 (-1.674101554819814e-25,5.406025297178198e-25)
193.5 (2.143967561626142e-24,-6.698564046259289e-25)
193.75 (-3.507476796801332e-24,-4.372502723875121e-25)
194 (3.315201878498131e-24,1.933358087220715e-24)
194.25 (-1.968304118807052e-24,-2.357608355510098e-24)
194.5 (7.003297605024105e-25,1.192553580651821e-24)
194.75 (-2.737209335369575e-25,6.572307158218347e-25)
195 (4.160286892342742e-25,-1.838465466017992e-24)
195.25 (-5.036234492986874e-25,1.709059384840894e-24)
195.5 (4.219619477461876e-25,-5.81042392103654e-25)
195.75 (-4.835645740609283e-25,-7.504187892625031e-25)
196 (7.035099445492155e-25,1.490311944687852e-24)
196.25 (-5.827002489778108e-25,-1.18600219198079e-24)
196.5 (-2.655131051407854e-25,2.148335243905427e-26)
196.75 (1.513484017985571e-24,1.244895186051092e-24)
197 (-2.329189301134576e-24,-1.932307925952058e-24)
197.25 (2.093210960052807e-24,2.067235549164089e-24)
197.5 (-8.080800427201946e-25,-2.149571961508904e-24)
197.75 (-1.025550993721301e-24,2.321810764661253e-24)
198 (2.680449282427322e-24,-2.139301631043606e-24)
198.25 (-3.421311590408261e-24,1.325603786705485e-24)
198.5 (2.847170139903094e-24,-3.817903557763965e-25)
198.75 (-1.29331911838603e-24,1.810730715627972e-26)
199 (-2.220749564836763e-25,-1.080118055999823e-25)
199.25 (7.385026659301868e-25,-2.892589283529283e-25)
199.5 (-1.614359149943478e-25,1.688683422639179e-24)
199.75 (-7.17979187622478e-25,-3.306210892301597e-24)
200 (1.016783447602831e-24,3.744426218470955e-24)
200.25 (-5.049466041893175e-25,-2.436045252184817e-24)
200.5 (-4.038930995260989e-25,1.593717742629399e-25)
200.75 (1.198240234962788e-24,1.781413831803576e-24)
201 (-1.638946479958681e-24,-2.569136208020122e-24)
201.25 (1.673401958944271e-24,2.095870976119757e-24)
201.5 (-1.259061167251676e-24,-6.772027294257589e-25)
201.75 (4.674480664997163e-25,-1.046531542945155e-24)
202 (3.042005972792818e-25,2.131650471189179e-24)
202.25 (-4.710672507467034e-25,-1.850156475074355e-24)
202.5 (-2.055441622789778e-25,4.903421035000376e-25)
202.75 (1.246669919836181e-24,6.184255330965514e-25)
203 (-1.773115055242891e-24,-2.801245311765974e-25)
203.25 (1.295540051743811e-24,-1.307806792662889e-24)
203.5 (-1.703526104998084e-25,2.676096118403993e-24)
203.75 (-7.595782706769224e-25,-2.533680185747994e-24)
204 (9.371381670067949e-25,9.364829579495572e-25)
204.25 (-4.957772781946562e-25,1.028597208204365e-24)
204.5 (1.95851908588201e-26,-2.425156748373891e-24)
204.75 (-2.588681223170711e-26,3.026735969106461e-24)
205 (5.985165602108925e-25,-2.856718260793096e-24)
205.25 (-1.307597610901772e-24,1.723182774352027e-24)
205.5 (1.451010341052387e-24,4.228690249051509e-25)
205.75 (-6.104279629859855e-25,-2.848909898540393e-24)
206 (-8.441913423663474e-25,4.212490452098699e-24)
206.25 (1.924870782525679e-24,-3.618751480189153e-24)
206.5 (-1.919737580630858e-24,1.482431653160003e-24)
206.75 (1.101184609446929e-24,7.179809958020137e-25)
207 (-3.872084663794159e-25,-1.568966438229799e-24)
207.25 (3.57568925913648e-25,7.674543139463361e-25)
207.5 (-8.362046006931464e-25,6.959684896077302e-25)
207.75 (1.403530220439523e-24,-1.35401454378886e-24)
208 (-1.918359409230298e-24,5.413949795148478e-25)
208.25 (2.327191315989184e-24,9.142866631035229e-25)
208.5 (-2.334477330779913e-24,-1.423759831247714e-24)
208.75 (1.749101983015038e-24,3.20500543282496e-25)
209 (-1.04921167321806e-24,1.263193427601226e-24)
209.25 (1.037642859798443e-24,-1.531617647463411e-24)
209.5 (-1.732994866390699e-24,7.043118915414113e-26)
209.75 (2.042151804120711e-24,1.626189184192955e-24)
210 (-9.478558114145575e-25,-1.896799106263246e-24)
210.25 (-1.17485618355948e-24,8.367490333256823e-25)
210.5 (2.855435751626668e-24,-2.749972865898526e-26)
210.75 (-3.099863397149999e-24,4.850510951122088e-25)
211 (2.252729269872542e-24,-1.486578691101182e-24)
211.25 (-1.227485072778596e-24,1.670659935774817e-24)
211.5 (3.702800000675567e-25,-8.04595171011946e-25)
211.75 (5.261737484465894e-25,-9.241161687141166e-26)
212 (-1.372998017373836e-24,2.259147708823039e-25)
212.25 (1.574411409960132e-24,1.876772728710756e-27)
212.5 (-8.562001112259918e-25,2.815978260668171e-25)
212.75 (-8.467250327093139e-26,-1.162267346232993e-24)
213 (1.720309269506766e-25,1.859095885936437e-24)
213.25 (8.166333871446806e-25,-1.769132313231929e-24)
213.5 (-1.888295116329084e-24,1.138719071781428e-24)
213.75 (1.864216032236288e-24,-5.705253229621653e-25)
214 (-6.937367850632779e-25,2.019709950415573e-25)
214.25 (-4.086291882390498e-25,3.165465428012571e-25)
214.5 (1.993752684235568e-25,-1.129339229698937e-24)
214.75 (1.261829626760092e-24,1.782477101495978e-24)
215 (-2.595400808774943e-24,-1.654194849395401e-24)
215.25 (2.46276317385236e-24,6.646171399185659e-25)
215.5 (-9.16855723133628e-25,5.499811773606663e-25)
215.75 (-6.602062217636224e-25,-1.153270158463541e-24)
216 (9.519208472166575e-25,8.065824116928232e-25)
216.25 (4.028837141937254e-26,2.328889367726501e-26)
216.5 (-1.143350188803567e-24,-3.83147434410854e-25)
216.75 (1.274322397913688e-24,-3.826620104663588e-25)
217 (-4.360234498846351e-25,1.936018109653282e-24)
217.25 (-4.611551182032287e-25,-3.043171368926166e-24)
217.5 (5.484348543212551e-25,2.639172270240907e-24)
217.75 (3.050334716011333e-25,-9.75581326014765e-25)
218 (-1.537521911799901e-24,-4.440070735364044e-25)
218.25 (2.367846527468022e-24,3.401053190395118e-25)
218.5 (-2.221001308460412e-24,9.164959555933415e-25)
218.75 (9.917859653087859e-25,-1.588479054349761e-24)
219 (7.944014724809401e-25,4.185075236607585e-25)
219.25 (-2.086024848471629e-24,1.942031426797225e-24)
219.5 (1.913751164405164e-24,-3.526808457937122e-24)
219.75 (-2.46881410982552e-25,3.041825140092644e-24)
220 (-1.734899530264853e-24,-1.112092520822592e-24)
220.25 (2.50373299467287e-24,-4.541754494483106e-25)
220.5 (-1.543905587209533e-24,4.872318904825881e-25)
220.75 (-1.957565257762741e-25,5.274562769335337e-25)
221 (1.328387874177969e-24,-1.118770108052647e-24)
221.25 (-1.40625127147301e-24,3.522248191863515e-25)
221.5 (1.070736019413233e-24,1.3137296872573e-24)
221.75 (-9.377781702658775e-25,-2.549518178066586e-24)
222 (7.854777974290905e-25,2.413779729397934e-24)
222.25 (-9.748681137523547e-26,-1.112564120880076e-24)
222.5 (-9.403544616454243e-25,-3.339328681727955e-25)
222.75 (1.527829375760761e-24,9.865100213065206e-25)
223 (-1.337421039230221e-24,-5.407172275815131e-25)
223.25 (9.857750187371019e-25,-7.16705065179163e-25)
223.5 (-1.12207221668585e-24,2.148668833843373e-24)
223.75 (1.411140325785152e-24,-2.984732321405194e-24)
224 (-9.371200434882597e-25,2.732481609358284e-24)
224.25 (-4.315886367270065e-25,-1.706571485591072e-24)
224.5 (1.595960884928828e-24,9.753108420567665e-25)
224.75 (-1.413532518165536e-24,-1.395551149107639e-24)
225 (7.136317839558416e-26,2.65536112105962e-24)
225.25 (1.070015565081926e-24,-3.531209965057585e-24)
225.5 (-9.785052849161492e-25,3.135936390837177e-24)
225.75 (3.200294233014614e-26,-1.668629743117422e-24)
226 (5.049599677304817e-25,-5.83006766350197e-26)
226.25 (6.683755437850077e-26,1.392391678637586e-24)
226.5 (-1.135680765575389e-24,-1.942698758443191e-24)
226.75 (1.509488949062668e-24,1.437403140433154e-24)
227 (-7.657631034087282e-25,-9.014274556516699e-26)
227.25 (-2.827494728481297e-25,-1.106781977616584e-24)
227.5 (5.034531326181037e-25,1.20130379472539e-24)
227.75 (3.266917509365738e-25,-5.223620573192123e-25)
228 (-1.373055378654592e-24,4.115410976642399e-25)
228.25 (1.746062321623302e-24,-1.349131024666994e-24)
228.5 (-1.378828737858249e-24,2.014273153600123e-24)
228.75 (8.298212367398536e-25,-9.700940927508455e-25)
229 (-5.152304755828113e-25,-1.084526784035909e-24)
229.25 (4.333345781766183e-25,1.805438241486322e-24)
229.5 (-5.039049993914736e-25,-1.762340750182324e-25)
229.75 (7.857204619949441e-25,-1.929160250962726e-24)
230 (-1.267258914632014e-24,1.884305816619832e-24)
230.25 (1.715584150634411e-24,4.556433732074292e-25)
230.5 (-1.879293825230673e-24,-2.55127549815543e-24)
230.75 (1.659653839372966e-24,2.228350900833409e-24)
231 (-9.823233190843523e-25,-1.3609728394296e-25)
231.25 (-2.383763036918592e-25,-1.247996003054935e-24)
231.5 (1.767207753560043e-24,5.562202906604959e-25)
231.75 (-2.872680996015171e-24,1.166352658847103e-24)
232 (2.838418962244671e-24,-1.985748163887645e-24)
232.25 (-1.674283365375448e-24,1.252973658948034e-24)
232.5 (1.262331989872579e-25,7.158222218732803e-26)
232.75 (9.715327595102944e-25,-8.939421872571043e-25)
233 (-1.156706367702529e-24,1.183222581290669e-24)
233.25 (3.48783424767406e-25,-1.529568787627429e-24)
233.5 (1.063234062337933e-24,1.946848387244528e-24)
233.75 (-2.039219549387669e-24,-1.704549593619007e-24)
234 (1.423213665279065e-24,4.745457222985592e-25)
234.25 (7.613277477788554e-25,8.375305567700787e-25)
234.5 (-2.79364559163558e-24,-9.451565903376345e-25)
234.75 (2.701488416085213e-24,-1.73036711001095e-25)
235 (-3.826946268588127e-25,1.014206324929593e-24)
235.25 (-2.143112423320388e-24,-2.540857819461452e-25)
235.5 (2.82460713089109e-24,-1.585036961013074e-24)
235.75 (-1.608634106400753e-24,2.608137416075266e-24)
236 (1.408904685568638e-25,-1.646802413491719e-24)
236.25 (2.349242420831113e-25,-5.101456636734483e-25)
236.5 (2.891116188825735e-25,2.080580659661974e-24)
236.75 (-6.779344476005451e-25,-2.120090406447148e-24)
237 (4.443016856683575e-25,1.139031225914964e-24)
237.25 (-2.345082783595228e-26,-1.718285787283e-25)
237.5 (-3.171999414539144e-26,-3.167300301921424e-25)
237.75 (-1.833248202982018e-25,5.593782895966421e-25)
238 (1.401752299770825e-25,-8.836601774343412e-25)
238.25 (2.903608344020026e-25,1.236271227298496e-24)
238.5 (-5.106965930558406e-25,-1.240915831589075e-24)
238.75 (-1.169550733434728e-25,6.109996887383548e-25)
239 (1.355253306121374e-24,4.65181026164764e-25)
239.25 (-2.162591907143744e-24,-1.342225310129429e-24)
239.5 (1.823904313540746e-24,1.471388630571091e-24)
239.75 (-7.880022762239019e-25,-1.024385199421385e-24)
240 (9.986277825761491e-26,7.752360054373338e-25)
240.25 (-1.322139204148145e-25,-1.142062394773825e-24)
240.5 (2.950029934256401e-25,1.495041627907642e-24)
240.75 (-5.132143330978188e-26,-8.061948203112332e-25)
241 (-2.875642615354027e-25,-9.448644376216198e-25)
241.25 (1.609453534741957e-25,2.420661026642556e-24)
241.5 (2.022550087413071e-25,-2.303563350265642e-24)
241.75 (-1.151653568626793e-27,8.043626139774892e-25)
242 (-8.294876007521288e-25,6.056930536846015e-25)
242.25 (1.16991142367256e-24,-8.9519459426078e-25)
242.5 (-3.600572981992159e-26,4.492803054968916e-25)
242.75 (-1.94137505512422e-24,-2.613614323327829e-25)
243 (2.910942492383432e-24,6.550305093187399e-25)
243.25 (-1.735936954375945e-24,-1.176068675950166e-24)
243.5 (-8.16355013606992e-25,1.395121659851138e-24)
243.75 (2.902696191296927e-24,-1.257332902366754e-24)
244 (-3.276940016799568e-24,7.521279250392934e-25)
244.25 (1.985957893953304e-24,1.336275020115387e-25)
244.5 (1.400565154681547e-25,-9.886381296097766e-25)
244.75 (-2.117893559579561e-24,1.095402760605793e-24)
245 (3.041331702168857e-24,-3.711047701071754e-25)
245.25 (-2.428969491368978e-24,-2.382144634693577e-25)
245.5 (8.445861245300286e-25,-1.532310978168633e-25)
245.75 (1.435497828565492e-25,1.13601893009327e-24)
246 (7.215845305954516e-25,-1.488915032496916e-24)
246.25 (-2.953386113918292e-24,8.199510943063139e-25)
246.5 (4.616683894682585e-24,3.483484425405805e-27)
246.75 (-4.325423389665821e-24,-2.438535655304054e-25)
247 (2.668076054913079e-24,3.370152940578626e-25)
247.25 (-1.310201323847524e-24,-9.640212266719763e-25)
247.5 (9.278407087312632e-25,1.640629912324473e-24)
247.75 (-6.219210321962757e-25,-1.172339122890827e-24)
248 (-5.304401015387894e-25,-5.028968311651295e-25)
248.25 (1.973574802556803e-24,1.796551182304408e-24)
248.5 (-2.26215907545285e-24,-1.214546345644213e-24)
248.75 (9.246253218910932e-25,-8.640208646682755e-25)
249 (8.569888015820903e-25,2.609872685010559e-24)
249.25 (-1.548027735484711e-24,-2.677318573587536e-24)
249.5 (8.372115246813413e-25,1.307357042003047e-24)
249.75 (2.862421670130671e-25,2.8751465869864e-25)
250 (-7.083758214926938e-25,-1.128741758395704e-24)
250.25 (1.634265222606824e-25,1.056956242242237e-24)
250.5 (7.193119953289788e-25,-5.869888848374035e-25)
250.75 (-9.59866284811451e-25,4.183352309393222e-25)
251 (-5.309753474396103e-26,-8.718888914992817e-25)
251.25 (1.911706602063123e-24,1.608973407904058e-24)
251.5 (-3.172678285013177e-24,-1.981292826699603e-24)
251.75 (2.466813834644772e-24,1.71825963004121e-24)
252 (2.2944405592848e-27,-1.142216814995144e-24)
252.25 (-2.290246236944358e-24,6.781630079717804e-25)
252.5 (2.484209866145694e-24,-3.833091452981151e-25)
252.75 (-6.892273725396518e-25,1.166200060336458e-25)
253 (-1.062159391433667e-24,2.708044364187752e-26)
253.25 (9.991441710123342e-25,2.546621064854174e-25)
253.5 (5.443995899432753e-25,-9.981532494777028e-25)
253.75 (-1.692226682398212e-24,1.71467332631442e-24)
254 (1.26063570621651e-24,-1.710539227261366e-24)
254.25 (-6.876671891152358e-26,7.031363118683386e-25)
254.5 (-1.137017018376239e-25,7.837565691037282e-25)
254.75 (-1.293704710315129e-24,-1.631671271191503e-24)
255 (2.908107197107838e-24,1.00065220191031e-24)
255.25 (-2.862168901606335e-24,7.265117545578924e-25)
255.5 (9.163865015680725e-25,-1.989087293256579e-24)
255.75 (1.136257769542091e-24,1.432340911634731e-24)
256 (-1.285906190530769e-24,6.182018078398628e-25)
256.25 (-5.577768151152554e-25,-2.323705906712563e-24)
256.5 (2.400751037932798e-24,2.166879562161268e-24)
256.75 (-2.194519394886189e-24,-4.736395118732293e-25)
257 (-3.613831974992094e-26,-1.057316377996413e-24)
257.25 (2.173241720548483e-24,1.185492166942112e-24)
257.5 (-2.120237326479829e-24,-2.470207085392801e-25)
257.75 (-9.187194710864916e-26,-4.947874745707128e-25)
258 (2.319861909178522e-24,3.473623940743784e-25)
258.25 (-2.417958255243711e-24,7.977769522840622e-26)
258.5 (3.222705142265612e-25,4.108759743410382e-25)
258.75 (1.972659641920749e-24,-2.15231955524024e-24)
259 (-2.475049352447948e-24,3.865876382210469e-24)
259.25 (1.133509839667144e-24,-3.603382611334601e-24)
259.5 (3.255576628880575e-25,7.723993077804389e-25)
259.75 (-3.454939683249954e-25,2.811946771570153e-24)
260 (-9.100368775006193e-25,-4.328762840293564e-24)
260.25 (1.965584116402085e-24,2.679199816803627e-24)
260.5 (-1.713629294960592e-24,3.710686171672741e-25)
260.75 (4.662202811180209e-25,-2.001707041461122e-24)
261 (5.259808059681975e-25,1.132389565004722e-24)
261.25 (-3.097750657276618e-25,8.244448238427644e-25)
261.5 (-1.007130057275214e-24,-1.780121916532208e-24)
261.75 (2.409107473858804e-24,1.054592754941857e-24)
262 (-2.728934578625407e-24,3.805373364478597e-25)
262.25 (1.499945158496124e-24,-1.191261007709751e-24)
262.5 (6.213052247571438e-25,8.150521398565693e-25)
262.75 (-2.279494606489861e-24,4.084307398440526e-25)
263 (2.500916287578299e-24,-1.687640006847735e-24)
263.25 (-1.484048130849774e-24,2.252526097923419e-24)
263.5 (2.976115044110735e-25,-1.74293735629209e-24)
263.75 (1.712594507109332e-25,4.310773391408649e-25)
264 (1.179927717911006e-25,9.503569794382333e-25)
264.25 (-6.441925497391731e-25,-1.708279683182004e-24)
264.5 (9.913456569176192e-25,1.574946856474425e-24)
264.75 (-1.107493196026297e-24,-7.2409239574447e-25)
265 (1.105088028904305e-24,-3.969922216275568e-25)
265.25 (-1.052270732465152e-24,1.236763076458678e-24)
265.5 (9.328197285850253e-25,-1.386748596675941e-24)
265.75 (-6.359371415579658e-25,8.5813517859625e-25)
266 (6.323253476022599e-27,-5.050601305962775e-26)
266.25 (8.977858264744978e-25,-6.467049437559193e-25)
266.5 (-1.58910807729726e-24,1.108522373757005e-24)
266.75 (1.477880858260255e-24,-1.251711386833311e-24)
267 (-6.031143252188708e-25,8.36283590643412e-25)
267.25 (-1.745550888498472e-25,1.367870163725271e-25)
267.5 (4.391347149226577e-26,-9.440502730428001e-25)
267.75 (7.328891890423455e-25,6.284727953213066e-25)
268 (-1.041857481598009e-24,7.465615598957301e-25)
268.25 (3.119833222710567e-25,-1.75149253242591e-24)
268.5 (6.561884774986313e-25,1.044136689682476e-24)
268.75 (-6.363878314135414e-25,9.221586817181445e-25)
269 (-3.977390283748871e-25,-2.203879843100609e-24)
269.25 (1.112906943794433e-24,1.565967962576968e-24)
269.5 (-4.771384017468078e-25,7.879015366652382e-26)
269.75 (-8.244882285650836e-25,-8.233987489309992e-25)
270 (1.11111778549943e-24,7.687535298417588e-26)
270.25 (2.148081325380879e-25,8.667535276814815e-25)
270.5 (-1.789791243638159e-24,-6.362980940944906e-25)
270.75 (1.776672071724689e-24,-4.108312834108519e-25)
271 (-2.84320806193098e-26,6.719171520052517e-25)
271.25 (-1.609068381419052e-24,5.929442244783915e-25)
271.5 (1.278164018670145e-24,-2.195407475322107e-24)
271.75 (7.962359825756611e-25,2.321897936536603e-24)
272 (-2.447122582069088e-24,-6.545102480628057e-25)
272.25 (1.882472896067006e-24,-1.173627625783105e-24)
272.5 (2.987699391317379e-25,1.316506052152413e-24)
272.75 (-1.679845852491974e-24,2.884800481728185e-25)
273 (7.059554296156047e-25,-1.846718515834827e-24)
273.25 (1.474900302372534e-24,1.626200427157968e-24)
273.5 (-2.212055540396771e-24,1.919236452098266e-25)
273.75 (3.628664561445695e-25,-1.717307624619203e-24)
274 (2.352760120640275e-24,1.398855272751227e-24)
274.25 (-3.290279524897909e-24,3.012806654701024e-25)
274.5 (1.833645777742744e-24,-1.45526130840259e-24)
274.75 (1.182111654457667e-25,8.299946512860695e-25)
275 (-5.430624835770533e-25,7.881968492590261e-25)
275.25 (-4.970844194149737e-25,-1.587333037733031e-24)
275.5 (1.399649425821566e-24,7.961516551984782e-25)
275.75 (-1.255861857779106e-24,6.318786131101112e-25)
276 (7.696122310272204e-25,-1.362657343611105e-24)
276.25 (-9.164518610687346e-25,1.199251087350081e-24)
276.5 (1.431000842674139e-24,-9.327259202569187e-25)
276.75 (-1.194742676199108e-24,1.030327507035692e-24)
277 (-1.343505245771101e-25,-1.076050577708763e-24)
277.25 (1.517990495875058e-24,5.750917935144014e-25)
277.5 (-1.731816502358458e-24,2.12778086979937e-25)
277.75 (7.714456223184898e-25,-5.879860647068737e-25)
278 (2.442679845557417e-25,2.937089226502177e-25)
278.25 (-3.913673221597888e-25,2.813511185008146e-25)
278.5 (-1.832391085820754e-25,-6.606270993773201e-25)
278.75 (6.945739654409492e-25,6.852472314859393e-25)
279 (-6.899681650122191e-25,-4.041530355077087e-25)
279.25 (3.850837494928472e-25,-4.756603549373245e-26)
279.5 (-2.007079566119125e-25,3.525374192033213e-25)
279.75 (2.49174588910377e-25,-1.463625676197119e-25)
280 (-3.466218649458988e-25,-5.026665590440683e-25)
280.25 (3.786908486105715e-25,9.762084719302394e-25)
280.5 (-4.955188434896635e-25,-7.596173917959985e-25)
280.75 (8.970732268239438e-25,8.821744933297999e-26)
281 (-1.454867454534399e-24,3.534325615117936e-25)
281.25 (1.638209803184193e-24,-3.035739203183082e-25)
281.5 (-9.672233949622507e-25,1.451536217210557e-25)
281.75 (-3.711566636715586e-25,-2.172117298450026e-25)
282 (1.467707841796637e-24,2.907096361900918e-25)
282.25 (-1.460426789267252e-24,1.715831690773377e-26)
282.5 (4.11588228246083e-25,-5.522668951282567e-25)
282.75 (7.244218159293679e-25,7.130727643829203e-25)
283 (-1.072250858591783e-24,-2.089244912397636e-25)
283.25 (6.23935311084306e-25,-5.659182598581517e-25)
283.5 (3.219702518421452e-26,1.003940991593307e-24)
283.75 (-5.291225865173749e-25,-9.219491639746067e-25)
284 (9.412105982426965e-25,5.960417826147586e-25)
284.25 (-1.260712399538866e-24,-3.170878828738308e-25)
284.5 (1.116913593735728e-24,1.178233993053357e-25)
284.75 (-3.00060630911364e-25,8.493494094827241e-26)
285 (-6.778534785765809e-25,-2.692770210637666e-25)
285.25 (9.506367108078538e-25,3.268523767427826e-25)
285.5 (-2.656256082397396e-25,-2.284785199552017e-25)
285.75 (-6.847974890268202e-25,7.104895301463221e-26)
286 (1.004645122916042e-24,4.877422007609389e-26)
286.25 (-4.812110204883153e-25,-1.524789810971902e-25)
286.5 (-3.752353539623345e-25,3.299956219728816e-25)
286.75 (9.708241902573611e-25,-5.702288640908109e-25)
287 (-1.080244623295356e-24,6.694946719506577e-25)
287.25 (7.793808373878309e-25,-3.592621218912026e-25)
287.5 (-2.627240089827096e-25,-4.20877135466626e-25)
287.75 (-1.59393087675355e-25,1.354937127367749e-24)
288 (1.23650023585027e-25,-1.886722491958638e-24)
288.25 (4.532267738988758e-25,1.601932664903893e-24)
288.5 (-1.110468678393672e-24,-5.649775065029204e-25)
288.75 (1.125362777438094e-24,-6.65553808997281e-25)
289 (-2.066762641102485e-25,1.371254359902268e-24)
289.25 (-1.120423055135656e-24,-1.129344559750076e-24)
289.5 (1.912919326489759e-24,9.144349458587797e-26)
289.75 (-1.636082771632687e-24,1.082754305490979e-24)
290 (6.05666247562723e-25,-1.602660073744338e-24)
290.25 (3.464682454790513e-25,1.035714325004618e-24)
290.5 (-5.898172653086189e-25,3.728857947730228e-25)
290.75 (1.126147540063651e-25,-1.788238932156621e-24)
291 (6.191321727606172e-25,2.30410209274904e-24)
291.25 (-1.074835384037207e-24,-1.58579174237484e-24)
291.5 (9.81612071898338e-25,1.426864887671336e-25)
291.75 (-4.51024496849584e-25,1.05405864347384e-24)
292 (-8.888301163046784e-26,-1.348819279536941e-24)
292.25 (2.130880908564725e-25,9.052369343584577e-25)
292.5 (5.646469593533649e-26,-4.573609250146149e-25)
292.75 (-1.581444040959183e-25,5.326684434043799e-25)
293 (-4.399723815127999e-25,-9.18585817899956e-25)
293.25 (1.504200493816325e-24,9.247950176164264e-25)
293.5 (-2.065821512866702e-24,-1.684353663263981e-25)
293.75 (1.379923526685216e-24,-9.594072702832344e-25)
294 (2.099211520232892e-25,1.650019821169515e-24)
294.25 (-1.535803679636281e-24,-1.462408782218751e-24)
294.5 (1.73422388253494e-24,6.942167619440258e-25)
294.75 (-9.955018278313023e-25,1.641729093196538e-27)
295 (2.214343856340556e-25,-2.523316219190319e-25)
295.25 (-1.209595218265911e-25,1.618171630564619e-25)
295.5 (6.921190757768229e-25,1.703626027335418e-27)
295.75 (-1.398805818682224e-24,-1.082785517707681e-25)
296 (1.664682716470086e-24,1.055829437292483e-25)
296.25 (-1.246697493205629e-24,1.494103025465065e-25)
296.5 (3.383357067405914e-25,-7.551421317033075e-25)
296.75 (5.536635363630838e-25,1.44452786409498e-24)
297 (-8.631660011392927e-25,-1.628417162095068e-24)
297.25 (2.559122161422458e-25,9.639120264058885e-25)
297.5 (1.113294489483949e-24,1.723110937529283e-25)
297.75 (-2.508933259618074e-24,-9.761434078426016e-25)
298 (2.92780410756872e-24,1.026290168006529e-24)
298.25 (-1.851253114238492e-24,-6.396272445883819e-25)
298.5 (-1.321411030957101e-25,3.326444117845975e-25)
298.75 (1.639855426909015e-24,-1.246914449884052e-25)
299 (-1.709850586680479e-24,-3.74582700120952e-25)
299.25 (7.148152639551194e-25,1.252463327304108e-24)
299.5 (1.016511242815152e-25,-1.995283900192251e-24)
299.75 (1.153907057888851e-26,2.046267866371694e-24)
300 (-6.155011224354096e-25,-1.445428879586147e-24)
300.25 (7.755784762240211e-25,6.994270088325765e-25)
300.5 (-1.859101963904841e-25,-1.46858132312949e-25)
300.75 (-6.112443449451441e-25,-2.749608715497107e-25)
301 (9.915568695358427e-25,6.576463309847832e-25)
301.25 (-9.422832904935506e-25,-8.248906163730494e-25)
301.5 (9.163717666612804e-25,5.613299575186454e-25)
301.75 (-1.168001715779615e-24,3.226333836913808e-26)
302 (1.401864828148326e-24,-5.890269710835924e-25)
302.25 (-1.108299404791289e-24,8.118908819755746e-25)
302.5 (1.956648533519422e-25,-6.455752433935272e-25)
302.75 (7.715482758329806e-25,2.180109722473777e-25)
303 (-1.034617066065764e-24,2.123182461855724e-25)
303.25 (3.84273779111407e-25,-3.178552804141791e-25)
303.5 (5.877861503228832e-25,-2.573591251939514e-26)
303.75 (-1.038372281748246e-24,4.377075284047246e-25)
304 (6.701657651603636e-25,-2.237272896555393e-25)
304.25 (5.883084658151487e-26,-8.816476339889035e-25)
304.5 (-4.950763098962776e-25,2.187332556518059e-24)
304.75 (4.647883732240756e-25,-2.500369004551095e-24)
305 (-3.414898885998298e-25,1.284489675526808e-24)
305.25 (4.972658298934637e-25,6.719748016815314e-25)
305.5 (-8.009448880798311e-25,-1.894739553322763e-24)
305.75 (7.538455283213225e-25,1.606751222483045e-24)
306 (-1.300519869655338e-25,-4.23515239399433e-25)
306.25 (-6.302820675197957e-25,-3.818375505595286e-25)
306.5 (8.189058925194687e-25,2.149450203387062e-25)
306.75 (-2.722683552874817e-25,3.908985327344062e-25)
307 (-3.726551017998788e-25,-6.204789355197198e-25)
307.25 (3.722023376050559e-25,3.822389024500552e-25)
307.5 (2.613766532318047e-25,-2.539501586117628e-25)
307.75 (-7.773713024782354e-25,5.849735648173569e-25)
308 (5.606942043945042e-25,-1.007163989826587e-24)
308.25 (2.064033043983527e-25,9.336468095996912e-25)
308.5 (-8.251371618126412e-25,-2.942048364183494e-25)
308.75 (8.384130840225365e-25,-4.209363377246672e-25)
309 (-3.565781839051119e-25,7.245138357750708e-25)
309.25 (-2.369492281302104e-25,-5.459704007763429e-25)
309.5 (6.59748100069885e-25,1.519850836117523e-25)
309.75 (-8.050525867005858e-25,1.319666714723313e-25)
310 (6.76221420960081e-25,-1.029992072851133e-25)
310.25 (-3.968281469529628e-25,-2.224205792156519e-25)
310.5 (1.914474265017682e-25,5.809265076039237e-25)
310.75 (-2.003230792246827e-25,-6.1971850207191e-25)
311 (3.100990058441751e-25,1.918385972652958e-25)
311.25 (-2.818684072670761e-25,4.990235107515314e-25)
311.5 (9.576849542048297e-26,-1.058735004309253e-24)
311.75 (-7.990455677919373e-26,1.181635230884527e-24)
312 (5.702953144583667e-25,-8.100549586722317e-25)
312.25 (-1.420873706187601e-24,1.482899277915928e-25)
312.5 (1.97365359480253e-24,4.246747297459841e-25)
312.75 (-1.662139617764437e-24,-5.761380843884398e-25)
313 (6.461245757908458e-25,3.012887299737406e-25)
313.25 (2.957092300053927e-25,2.077014816567133e-26)
313.5 (-5.803981844590915e-25,3.919064870846212e-26)
313.75 (4.008959293182803e-25,-5.21064536481589e-25)
314 (-3.468711243302961e-25,1.000853745417377e-24)
314.25 (5.559399879510913e-25,-9.776893860248959e-25)
314.5 (-5.381633264260241e-25,3.356976203280271e-25)
314.75 (-6.035820509832039e-26,5.474510307029036e-25)
315 (7.936266164594099e-25,-1.107170302246957e-24)
315.25 (-8.220217739709689e-25,1.022477112942763e-24)
315.5 (-6.323766732731026e-26,-4.109512379519116e-25)
315.75 (1.114636794646102e-24,-3.502761972019207e-25)
316 (-1.437916465594759e-24,9.678092354284976e-25)
316.25 (9.263064942089011e-25,-1.36809200193939e-24)
316.5 (-2.112216097146988e-25,1.518699003579197e-24)
316.75 (-1.760825438514058e-25,-1.262715561893107e-24)
317 (3.086203469152268e-25,5.009073326951933e-25)
317.25 (-4.954328877659946e-25,4.75599692292643e-25)
317.5 (6.856157162989236e-25,-1.055621058721396e-24)
317.75 (-4.929522326360192e-25,8.960582484707009e-25)
318 (-2.268563533717329e-25,-3.789909643326671e-25)
318.25 (1.050559331737339e-24,2.701712911310796e-25)
318.5 (-1.35901382635082e-24,-8.377761291799868e-25)
318.75 (9.633993351386661e-25,1.461359979586331e-24)
319 (-2.657087442615915e-25,-1.305659500039934e-24)
319.25 (-1.828397088395925e-25,3.558643340145757e-25)
319.5 (2.027101411033123e-25,4.486167957173763e-25)
319.75 (-5.947974086866021e-26,-2.620611062105961e-25)
320 (9.64372539764167e-26,-6.244037591086873e-25)
320.25 (-3.626164928814279e-25,1.052775009190656e-24)
320.5 (6.058576559024666e-25,-3.532182771371871e-25)
320.75 (-5.90475729221706e-25,-8.219347268458587e-25)
321 (3.735707309149579e-25,1.218269690420822e-24)
321.25 (-2.35313179256033e-25,-3.89503735232419e-25)
321.5 (3.424458847769564e-25,-8.892644104286444e-25)
321.75 (-5.347331038615787e-25,1.59421674343707e-24)
322 (5.016654877833244e-25,-1.511970650309791e-24)
322.25 (-1.672795447194923e-25,1.173260505124399e-24)
322.5 (-1.6096682791811e-25,-1.007786081026711e-24)
322.75 (7.482983406380957e-26,9.147910961471127e-25)
323 (5.018096751653561e-25,-6.29650586312976e-25)
323.25 (-1.175349641237865e-24,1.732574281377176e-25)
323.5 (1.386124966133947e-24,2.20395697405894e-25)
323.75 (-8.821623957336661e-25,-4.356907652856889e-25)
324 (-5.348933706753634e-26,5.407286962316231e-25)
324.25 (8.293417060898865e-25,-5.935519249129923e-25)
324.5 (-1.047828595466301e-24,5.535128025516225e-25)
324.75 (8.329272248014155e-25,-3.897696759511899e-25)
325 (-6.473950822827235e-25,1.6061285326554e-25)
325.25 (7.594821561676523e-25,4.933724200413538e-26)
325.5 (-9.313138880867806e-25,-2.149373757706103e-25)
325.75 (7.065431272492872e-25,3.900565679659411e-25)
326 (5.101698217384673e-27,-6.845643944234281e-25)
326.25 (-7.332543969161604e-25,1.17687460519113e-24)
326.5 (9.048175946421827e-25,-1.738944597824926e-24)
326.75 (-4.521569092947006e-25,1.963094407356552e-24)
327 (-1.16949962224403e-25,-1.443842966281721e-24)
327.25 (2.600352017718599e-25,2.631473605991777e-25)
327.5 (5.715142664798594e-26,8.882844659399195e-25)
327.75 (-3.917443841951069e-25,-1.242774494684856e-24)
328 (3.456372937101453e-25,6.552394190664481e-25)
328.25 (1.737278656469447e-26,2.864044532948165e-25)
328.5 (-2.825523892430983e-25,-8.472849830953749e-25)
328.75 (1.464175884023916e-25,7.673698026947798e-25)
329 (2.882684265267434e-25,-3.118187533996722e-25)
329.25 (-6.548979461175882e-25,-1.445098202299779e-25)
329.5 (6.829653334171529e-25,4.531500129198067e-25)
329.75 (-3.883078520333744e-25,-6.598499538000747e-25)
330 (-2.339049461538786e-26,7.884457388900072e-25)
330.25 (3.47593199247603e-25,-7.457788407203968e-25)
330.5 (-4.728854655957036e-25,4.326989690080307e-25)
330.75 (3.770297957788536e-25,7.621041409997631e-26)
331 (-1.153780166374633e-25,-4.781910456017202e-25)
331.25 (-1.892828265305915e-25,4.174327264235368e-25)
331.5 (3.994328187931747e-25,2.045915750091182e-25)
331.75 (-4.436902484040305e-25,-1.060161744022676e-24)
332 (3.539074934474731e-25,1.58055846624354e-24)
332.25 (-2.176711167735541e-25,-1.378680205368632e-24)
332.5 (8.32609536206362e-26,5.434986392972381e-25)
332.75 (8.80378051102e-26,4.301427226298638e-25)
333 (-3.407733160635502e-25,-9.806756593716838e-25)
333.25 (5.669400178954069e-25,8.330205293449223e-25)
333.5 (-4.857789136780882e-25,-1.744271931972393e-25)
333.75 (-9.408547760364484e-26,-4.521501228945943e-25)
334 (9.53188154452965e-25,5.344166553072734e-25)
334.25 (-1.519316538663276e-24,-1.141335339136973e-26)
334.5 (1.370627731398448e-24,-6.711492421940022e-25)
334.75 (-6.49857632129447e-25,9.742029774644084e-25)
335 (-1.159912513466521e-25,-7.246680245314563e-25)
335.25 (5.612217046289033e-25,1.4960749683014e-25)
335.5 (-7.1034684548821e-25,4.300495205498016e-25)
335.75 (6.986122212237551e-25,-7.868666477196397e-25)
336 (-5.036197547023413e-25,7.343157388386342e-25)
336.25 (8.646379504806194e-26,-1.602879499511669e-25)
336.5 (3.692722913253913e-25,-7.457642987366463e-25)
336.75 (-5.842313368042088e-25,1.466887704935272e-24)
337 (5.178916616145092e-25,-1.570119765816233e-24)
337.25 (-3.958360478966149e-25,1.11061846298608e-24)
337.5 (3.966642089488491e-25,-4.955907780561181e-25)
337.75 (-4.784499665545492e-25,2.17273917988062e-26)
338 (5.470549941273138e-25,2.686206537374957e-25)
338.25 (-6.140120732368128e-25,-3.46919043403065e-25)
338.5 (6.906593861440188e-25,1.319116747070155e-25)
338.75 (-6.845576508907098e-25,2.399640407844867e-25)
339 (5.550740405099562e-25,-3.795014028845047e-25)
339.25 (-4.588218863782315e-25,1.327569024059999e-25)
339.5 (5.418893181398115e-25,9.480923509194167e-26)
339.75 (-6.375131367440589e-25,1.50422859261166e-25)
340 (4.050947308277832e-25,-6.108572356541398e-25)
340.25 (1.754060275357639e-25,5.05945758880303e-25)
340.5 (-6.570843362044125e-25,3.690516977170152e-25)
340.75 (6.257926375667805e-25,-1.123430135230598e-24)
341 (-2.273302015012341e-25,7.409948280576489e-25)
341.25 (6.357727860870643e-27,5.872028739529288e-25)
341.5 (-2.355879335241315e-25,-1.554455656989671e-24)
341.75 (5.754710484567748e-25,1.251872885405342e-24)
342 (-4.747125595346633e-25,-2.151594297383592e-25)
342.25 (-1.81561444721323e-25,-3.011429216789739e-25)
342.5 (9.149830970020071e-25,-1.44429415032988e-25)
342.75 (-1.123537043291553e-24,7.534142927694437e-25)
343 (6.489120348265389e-25,-5.601093329421391e-25)
343.25 (1.143599833047231e-25,-4.517403781555117e-25)
343.5 (-6.054461985765105e-25,1.478704417707298e-24)
343.75 (5.527225266004237e-25,-1.86662931634491e-24)
344 (-9.570767207852425e-26,1.623587177285859e-24)
344.25 (-4.285186184400557e-25,-1.050623266143099e-24)
344.5 (7.373992537818456e-25,2.546590731845085e-25)
344.75 (-6.951662556068143e-25,7.559484675296506e-25)
345 (3.218235540697729e-25,-1.676556024190787e-24)
345.25 (1.679448847672521e-25,1.929673436193268e-24)
345.5 (-3.94186119738079e-25,-1.204500056508918e-24)
345.75 (6.071385293988026e-26,-1.236603921702291e-25)
346 (7.143529511729837e-25,1.225969125007995e-24)
346.25 (-1.371986369547265e-24,-1.492371835967522e-24)
346.5 (1.344485996793824e-24,9.630144330163201e-25)
346.75 (-5.760903678952883e-25,-1.35962411107874e-25)
347 (-4.152548803246473e-25,-5.528028913672507e-25)
347.25 (1.026911476939901e-24,9.824596765279266e-25)
347.5 (-1.101506798904217e-24,-1.143588927511662e-24)
347.75 (9.46544190365059e-25,9.00969253900192e-25)
348 (-8.822928423317391e-25,-1.633625393846695e-25)
348.25 (8.859635036648595e-25,-7.583045215391961e-25)
348.5 (-7.286363353250703e-25,1.241821624009117e-24)
348.75 (3.558685625802871e-25,-9.809956006537383e-25)
349 (1.616627109686691e-26,3.824070957480105e-25)
349.25 (-1.804422277476315e-25,-1.148172563452264e-25)
349.5 (1.685721702901589e-25,3.223259448664961e-25)
349.75 (-1.312366269173019e-25,-5.391091085076616e-25)
350 (1.04497822239722e-25,3.979947836370674e-25)
350.25 (-1.419931493043834e-26,-1.106720881522198e-25)
350.5 (-1.55881241549148e-25,7.08927371074168e-26)
350.75 (3.410459315968067e-25,-2.494160325817087e-25)
351 (-5.064441514461732e-25,3.079663753590426e-25)
351.25 (6.181457429824513e-25,-1.83372206001548e-25)
351.5 (-5.063440939253205e-25,1.53896779800356e-25)
351.75 (-1.974041103019549e-26,-2.755870694031835e-25)
352 (7.957134687756607e-25,1.544464235695834e-25)
352.25 (-1.221131399618676e-24,4.719863659275466e-25)
352.5 (7.972016246144447e-25,-1.199186660423732e-24)
352.75 (2.692038996925714e-25,1.358931004113957e-24)
353 (-1.177823832516666e-24,-8.60081106184795e-25)
353.25 (1.28021605696876e-24,2.702583906824566e-25)
353.5 (-5.982561955421201e-25,-3.389632203255831e-26)
353.75 (-3.594220438350305e-25,-4.228109734463992e-26)
354 (1.059787795419978e-24,3.562138202405711e-25)
354.25 (-1.151362109730198e-24,-8.422709705509606e-25)
354.5 (5.069220145330784e-25,1.038493293512486e-24)
354.75 (6.013477933482376e-25,-7.244785335551006e-25)
355 (-1.425414630235384e-24,1.989602770318385e-25)
355.25 (1.212648059521888e-24,1.154025993578831e-25)
355.5 (2.282965418099459e-26,-1.265649837226817e-25)
355.75 (-1.33236677802672e-24,4.747704805485415e-26)
356 (1.659024768785515e-24,-8.404555768776844e-26)
356.25 (-8.568993176556917e-25,2.73199012690002e-25)
356.5 (-2.157523567984691e-25,-5.203193956819387e-25)
356.75 (6.179750590992875e-25,6.548665407827918e-25)
357 (-2.290694321336163e-25,-5.113636343816312e-25)
357.25 (-2.85627294123752e-25,1.120064814227617e-25)
357.5 (2.62588693477678e-25,2.351167195055799e-25)
357.75 (3.363168737232251e-25,-1.738698851369365e-25)
358 (-1.019472955434509e-24,-2.914111400005449e-25)
358.25 (1.295217504641486e-24,7.137816906899528e-25)
358.5 (-1.034584790965711e-24,-6.226350667571996e-25)
358.75 (4.461947567462377e-25,8.548980906147084e-27)
359 (1.274772301794787e-25,6.527422106452169e-25)
359.25 (-3.882587517903107e-25,-8.378518722566051e-25)
359.5 (2.393863099875804e-25,4.141077096414255e-25)
359.75 (9.723993223597232e-26,2.920265137898714e-25)
360 (-1.914947978390558e-25,-7.70394324137473e-25)
360.25 (-1.984006853446185e-25,6.865232227485354e-25)
360.5 (8.03547420695375e-25,-9.671755795182533e-26)
360.75 (-1.04489094584064e-24,-5.861282052437852e-25)
361 (6.399849202388671e-25,8.572799288215922e-25)
361.25 (7.229158496560405e-26,-4.643198326153568e-25)
361.5 (-5.055198527605952e-25,-3.981367862378617e-25)
361.75 (4.416646155183866e-25,1.198376017926923e-24)
362 (-1.325729158571662e-25,-1.433657388003597e-24)
362.25 (-1.397121168710346e-25,1.002599597629135e-24)
362.5 (3.444656322418971e-25,-2.81312499446657e-25)
362.75 (-4.768046286577132e-25,-2.044322698757358e-25)
363 (3.497610069777198e-25,2.465207251511997e-25)
363.25 (9.61223750374251e-26,-9.307329060017958e-26)
363.5 (-4.28358471208757e-25,9.182009298375186e-26)
363.75 (9.033294732604522e-26,-2.561274410803374e-25)
364 (7.753349686142407e-25,3.064063064594232e-25)
364.25 (-1.2600166665837e-24,-1.285681229765927e-25)
364.5 (7.471229971896858e-25,-1.433615469876911e-26)
364.75 (2.059454153313374e-25,-1.280691866763997e-25)
365 (-4.694678862270048e-25,3.4788390869875e-25)
365.25 (-2.226669492772989e-25,-2.097031688238466e-25)
365.5 (9.041546633513172e-25,-2.562890329950028e-25)
365.75 (-6.205460397466395e-25,4.057311534435549e-25)
366 (-3.527654488511569e-25,2.458060043350985e-25)
366.25 (9.174286031350737e-25,-1.275650287507073e-24)
366.5 (-5.672106247098784e-25,1.713960738224522e-24)
366.75 (-9.559298498857012e-26,-1.169027475236559e-24)
367 (3.028816101883595e-25,2.889466286338807e-25)
367.25 (-1.102287084780629e-25,5.640375496149833e-26)
367.5 (1.346283806521878e-25,1.874461791612447e-25)
367.75 (-5.708123909038604e-25,-3.267798775303729e-25)
368 (9.113635379609798e-25,-8.04857489443104e-26)
368.25 (-6.774530825253308e-25,6.581034555326872e-25)
368.5 (8.213591292598628e-26,-7.656670069894966e-25)
368.75 (2.445398572982689e-25,3.477891012468183e-25)
369 (-3.520789710668048e-26,3.478501678482069e-26)
369.25 (-3.371416136345673e-25,6.47815605417272e-26)
369.5 (3.41068567249764e-25,-4.748798179619514e-25)
369.75 (1.337307439851304e-25,6.761358426774812e-25)
370 (-7.318640686695326e-25,-4.003760045508062e-25)
370.25 (1.03474553512645e-24,-1.324056888017119e-25)
370.5 (-9.007273052339792e-25,4.699794460060194e-25)
370.75 (4.777312772727964e-25,-3.327770710850679e-25)
371 (-2.930296941902467e-26,-1.590641633712041e-25)
371.25 (-2.20649203426902e-25,5.699592646746629e-25)
371.5 (1.868934606076925e-25,-5.139382460264749e-25)
371.75 (2.895760433750111e-26,3.398460231718269e-26)
372 (-2.133435427353819e-25,4.107848112358561e-25)
372.25 (2.382439373576341e-25,-4.253042790241449e-25)
372.5 (-1.803686571104642e-25,1.203307287464916e-25)
372.75 (1.862373938281358e-25,2.677829020084636e-26)
373 (-2.348700102736318e-25,2.62638070352309e-25)
373.25 (1.36012033747242e-25,-7.716301202052051e-25)
373.5 (1.8657932438973e-25,1.081040028588917e-24)
373.75 (-4.904732352835587e-25,-1.018517398411513e-24)
374 (4.044570023633511e-25,7.297863336079426e-25)
374.25 (1.511929852114904e-25,-4.244695918530476e-25)
374.5 (-7.785023672868723e-25,2.006902993645762e-25)
374.75 (8.813778986058133e-25,-6.962775326513548e-26)
375 (-1.813204737121477e-25,-1.34554432113912e-26)
375.25 (-9.763524834052997e-25,1.658448701663234e-25)
375.5 (1.809714523636964e-24,-4.857312709228081e-25)
375.75 (-1.683284143060861e-24,8.724930348159449e-25)
376 (6.374589011535158e-25,-1.02902852911191e-24)
376.25 (6.08942953373866e-25,7.336241185088574e-25)
376.5 (-1.222027522521872e-24,-8.430935496533189e-26)
376.75 (8.885031278169634e-25,-5.634040065052286e-25)
377 (1.731760040060891e-26,8.611110052481536e-25)
377.25 (-7.908324133838799e-25,-6.667577491268563e-25)
377.5 (9.086234123536565e-25,1.074121173085757e-25)
377.75 (-3.5114878712351e-25,4.537643607023205e-25)
378 (-3.97499624760343e-25,-6.149270783985989e-25)
378.25 (7.079292796778065e-25,2.863378104439701e-25)
378.5 (-3.652587754812861e-25,1.49851379806337e-25)
378.75 (-1.758012377041539e-25,-1.897217238573079e-25)
379 (2.631502225311034e-25,-2.35103887110947e-25)
379.25 (1.542280422629229e-25,6.926254986003028e-25)
379.5 (-4.09889498681968e-25,-8.075053449709092e-25)
379.75 (-2.111202927002469e-26,7.01689440811716e-25)
380 (7.474067746433078e-25,-7.053607739458454e-25)
380.25 (-8.890090582692983e-25,7.749870270021667e-25)
380.5 (2.424822250894923e-25,-5.218361591171185e-25)
380.75 (3.923364155219104e-25,-1.246930589929099e-25)
381 (-2.431253504018857e-25,5.960661506454186e-25)
381.25 (-4.067631308216081e-25,-3.000308924206499e-25)
381.5 (6.077799961897633e-25,-5.546538769741358e-25)
381.75 (-4.517927615409432e-26,1.058408652289457e-24)
382 (-5.079972798703002e-25,-6.092984352584169e-25)
382.25 (2.03754496238048e-25,-3.862237009228254e-25)
382.5 (7.424163819930469e-25,9.809707452454073e-25)
382.75 (-1.273415684333421e-24,-7.395930334359403e-25)
383 (7.788230886472128e-25,1.219255322112472e-25)
383.25 (1.724663125367086e-25,1.666108091113921e-25)
383.5 (-5.308999459802351e-25,1.867639877090526e-26)
383.75 (1.709287281792446e-26,-2.368785673283812e-25)
384 (5.609963762916468e-25,1.097072353924919e-25)
384.25 (-2.724139426054829e-25,2.267396119552047e-25)
384.5 (-8.067303001602767e-25,-3.568690345146424e-25)
384.75 (1.580856289028884e-24,1.148194769602342e-25)
385 (-1.090361437712797e-24,2.440494007202391e-25)
385.25 (-3.927434000175803e-25,-3.444350013536639e-25)
385.5 (1.529653260795249e-24,4.979924178070918e-26)
385.75 (-1.223566199878653e-24,4.638528190100595e-25)
386 (-2.75578957644718e-25,-8.699283340602229e-25)
386.25 (1.629131212027993e-24,8.906185904501984e-25)
386.5 (-1.743188949263829e-24,-4.571637598250286e-25)
386.75 (7.575286202926962e-25,-2.031640189494454e-25)
387 (2.921804979396306e-25,6.690093960250147e-25)
387.25 (-6.33984894927648e-25,-6.40330476474112e-25)
387.5 (4.166832038073011e-25,2.10047841631227e-25)
387.75 (-2.69055438001235e-25,2.211829565038828e-25)
388 (4.67379583356536e-25,-3.325232216573783e-25)
388.25 (-7.210364050885605e-25,1.591736791491e-25)
388.5 (6.702148522982518e-25,1.7928321095993e-26)
388.75 (-3.322342094390092e-25,1.149207500791458e-26)
389 (-3.053169187096483e-26,-2.199986264903493e-25)
389.25 (3.007193799052182e-25,4.161694138025163e-25)
389.5 (-5.673956293393721e-25,-3.897910430592547e-25)
389.75 (8.410631428497254e-25,2.190296590823753e-26)
390 (-9.098782043351604e-25,6.022475037575675e-25)
390.25 (5.750464584914663e-25,-1.126637991741411e-24)
390.5 (6.671939478796457e-26,1.094742873418181e-24)
390.75 (-6.852205374527953e-25,-3.654288075295683e-25)
391 (1.027907904083872e-24,-6.085432864622805e-25)
391.25 (-1.073377333014182e-24,1.057721691273478e-24)
391.5 (8.903861076434508e-25,-6.01907576533338e-25)
391.75 (-4.846745032055432e-25,-3.103956713827957e-25)
392 (-1.125451566078652e-25,7.77037505899394e-25)
392.25 (6.686773113276851e-25,-3.415124333611828e-25)
392.5 (-8.290835154422858e-25,-5.139126487771512e-25)
392.75 (4.680966210424903e-25,8.593207860853064e-25)
393 (9.599747733671853e-26,-3.074651705713887e-25)
393.25 (-3.561553682044335e-25,-5.808894527972794e-25)
393.5 (1.247806576365798e-25,9.353913753648873e-25)
393.75 (2.78024272906508e-25,-5.179814954074779e-25)
394 (-3.953919038875138e-25,-1.213704548069981e-25)
394.25 (1.466700649531604e-25,3.932833202998307e-25)
394.5 (1.008508216439152e-25,-3.304978414007411e-25)
394.75 (4.58061023150049e-26,3.437820956104879e-25)
395 (-5.863617880270308e-25,-4.945685295068725e-25)
395.25 (1.131415040181184e-24,3.59120537079582e-25)
395.5 (-1.250328394903835e-24,2.855108909908019e-25)
395.75 (8.110765783539488e-25,-9.308259745841068e-25)
396 (-8.415613754480703e-26,8.135831056147484e-25)
396.25 (-4.292600362748135e-25,1.119171855331596e-25)
396.5 (3.707572712825188e-25,-9.804923481861693e-25)
396.75 (1.564904130498502e-25,9.401396538041226e-25)
397 (-6.759623677308286e-25,-9.015587759292866e-26)
397.25 (8.272362317271938e-25,-7.053779615341197e-25)
397.5 (-7.000693752620576e-25,8.43087433988503e-25)
397.75 (5.629406967312724e-25,-5.462585769580574e-25)
398 (-3.793741918031331e-25,3.539813534271904e-25)
398.25 (-1.026557949113716e-25,-3.239407418589114e-25)
398.5 (7.401932744384892e-25,2.39034016791125e-26)
398.75 (-8.611416367583199e-25,7.36126458338683e-25)
399 (7.131850437289421e-26,-1.465941016935222e-24)
399.25 (1.006732069065687e-24,1.473761273586611e-24)
399.5 (-1.265423543156264e-24,-6.787786558748291e-25)
399.75 (4.42128295661392e-25,-2.530617373356582e-25)
400 (4.907032495778154e-25,6.153247232445113e-25)
400.25 (-4.988128631703628e-25,-3.638488222207787e-25)
400.5 (-2.560558278492709e-25,2.644733050792603e-26)
400.75 (7.000154671946297e-25,-1.071632281773852e-26)
401 (-2.438892564065836e-25,1.733465668878464e-25)
401.25 (-5.463016208991528e-25,-1.134254605106686e-25)
401.5 (7.500858061312779e-25,-2.494271331356699e-25)
401.75 (-1.80265594774523e-25,5.414629122895266e-25)
402 (-5.69269831424116e-25,-3.756808224781849e-25)
402.25 (9.061496406181703e-25,-1.881335819661624e-25)
402.5 (-7.358773092312179e-25,6.854004219955448e-25)
402.75 (2.852095555082408e-25,-7.063127168858342e-25)
403 (1.855099005066154e-25,2.793784484109167e-25)
403.25 (-4.055197026345881e-25,1.539012022132577e-25)
403.5 (1.509761928545096e-25,-1.042021775704459e-25)
403.75 (4.675071125379741e-25,-5.523843449598859e-25)
404 (-9.221187398385902e-25,1.407430029189487e-24)
404.25 (7.526659852016389e-25,-1.77374893093196e-24)
404.5 (-1.333447343495422e-25,1.252673927415064e-24)
404.75 (-2.724926002075994e-25,-1.554422952194288e-25)
405 (9.121984075019091e-26,-6.916766780124154e-25)
405.25 (3.258541123020622e-25,6.732676965783195e-25)
405.5 (-3.868973365457188e-25,5.1895348150193e-26)
405.75 (2.234048023810965e-26,-7.345020268621771e-25)
406 (2.72468141139723e-25,7.578279536785349e-25)
406.25 (-1.18739246112063e-25,-1.412382583581098e-25)
406.5 (-2.873816758758792e-25,-6.083226222843668e-25)
406.75 (4.999635698535504e-25,9.984447345662305e-25)
407 (-3.883193812758743e-25,-8.701075271817351e-25)
407.25 (1.608401108077264e-25,3.801885996847146e-25)
407.5 (5.411865718663173e-26,1.504244726013863e-25)
407.75 (-3.478698267517908e-25,-3.933471517712419e-25)
408 (7.036397379382237e-25,2.105599739254357e-25)
408.25 (-8.156700366343123e-25,1.875675287622919e-25)
408.5 (4.596145368766186e-25,-3.696560325630539e-25)
408.75 (9.128451809922988e-26,1.142603475339653e-25)
409 (-2.88201989961481e-25,2.832485052179967e-25)
409.25 (-4.394615401929102e-26,-2.580255126256231e-25)
409.5 (4.973307989851869e-25,-4.040099762084778e-25)
409.75 (-5.998316731540764e-25,1.263751494747503e-24)
410 (3.594880305032122e-25,-1.628355599599249e-24)
410.25 (-1.503759684964523e-25,1.223094145139494e-24)
410.5 (1.95976787796949e-25,-3.974710158991424e-25)
410.75 (-3.79358081608482e-25,-2.908791115940915e-25)
411 (5.199966605904181e-25,5.675740249248881e-25)
411.25 (-5.948497355017407e-25,-5.1089405437395e-25)
411.5 (6.125658351615007e-25,3.127760678452871e-25)
411.75 (-4.805189549406292e-25,-1.223917552945464e-25)
412 (1.752141760630924e-25,4.030732509594509e-26)
412.25 (7.682788175873836e-26,-6.390374040842132e-26)
412.5 (-2.247302240034248e-26,1.456202364040426e-26)
412.75 (-2.223333658762368e-25,2.942523429083624e-25)
413 (2.396980013325026e-25,-7.165122890788199e-25)
413.25 (1.158131817357018e-25,7.675408666409513e-25)
413.5 (-4.017607355332141e-25,-1.664752133889263e-25)
413.75 (8.003066266241295e-26,-6.714297904395427e-25)
414 (7.19655272538869e-25,9.384668541480587e-25)
414.25 (-1.180136738459684e-24,-3.361908919643368e-25)
414.5 (6.666651542579829e-25,-4.935715681503925e-25)
414.75 (5.05125587136033e-25,6.249073224560195e-25)
415 (-1.322618005941421e-24,1.084309532024579e-25)
415.25 (1.081111021363669e-24,-9.023185510072022e-25)
415.5 (-4.459107597542849e-26,8.657437992371205e-25)
415.75 (-8.734015774508413e-25,8.412815947075902e-27)
416 (9.762651168701943e-25,-8.576962260032698e-25)
416.25 (-3.190384840637931e-25,8.755731256746931e-25)
416.5 (-4.874715251923194e-25,-9.71757006883266e-26)
416.75 (8.841058891991238e-25,-7.494613423516247e-25)
417 (-7.943541625476867e-25,1.039504957227346e-24)
417.25 (5.548992447861346e-25,-7.739347599999585e-25)
417.5 (-4.976630449840087e-25,3.660303586702988e-25)
417.75 (6.344278170545048e-25,-1.200933309592631e-25)
418 (-7.517453867184922e-25,5.606869359383418e-26)
418.25 (7.447991762039508e-25,-1.207822491291914e-25)
418.5 (-7.36624185880602e-25,3.043987767670435e-25)
418.75 (8.356145421633162e-25,-4.770354281288389e-25)
419 (-9.08737980361059e-25,3.496910782748487e-25)
419.25 (7.403651681185433e-25,1.611504531483051e-25)
419.5 (-3.679649226397525e-25,-6.221084293759182e-25)
419.75 (7.883184698374901e-26,4.379810531488152e-25)
420 (-2.873381949445375e-26,3.927839795172975e-25)
420.25 (3.404293125045921e-26,-1.113748661644808e-24)
420.5 (1.266925803187022e-25,1.001657398042567e-24)
420.75 (-3.293577282418596e-25,-2.025689045961539e-25)
421 (2.379331562291862e-25,-4.404351554721012e-25)
421.25 (1.857620783629785e-25,3.488872156822835e-25)
421.5 (-5.314452552084363e-25,2.318521779808061e-25)
421.75 (4.228525140530579e-25,-6.563672433098528e-25)
422 (-5.535644933304858e-27,6.123026853195081e-25)
422.25 (-2.377413310839338e-25,-2.925122499916738e-25)
422.5 (1.158497234716695e-25,3.197342438340281e-26)
422.75 (3.655101570663815e-26,-7.241207141900335e-27)
423 (1.682714833298987e-25,2.204529019444218e-25)
423.25 (-6.193319785212451e-25,-5.33086341871293e-25)
423.5 (8.000997410117532e-25,6.791173346457842e-25)
423.75 (-4.124440232860676e-25,-4.423206532355446e-25)
424 (-2.389410540829328e-25,-8.061341767927765e-26)
424.25 (5.478117997408907e-25,5.117557599874656e-25)
424.5 (-2.182654364305539e-25,-5.662854812873333e-25)
424.75 (-4.880794382155769e-25,2.975587081720568e-25)
425 (1.059513297411851e-24,7.611977956023652e-26)
425.25 (-1.186448114681152e-24,-4.160130434160047e-25)
425.5 (9.031850338024493e-25,6.045008988563458e-25)
425.75 (-3.961878156507573e-25,-4.409526052551211e-25)
426 (-2.034828148676042e-25,-1.034308207680513e-25)
426.25 (8.127154050994384e-25,5.820808865543818e-25)
426.5 (-1.266987883046227e-24,-3.975258965002562e-25)
426.75 (1.324070184751339e-24,-4.117733541861342e-25)
427 (-8.848530337324586e-25,9.960731281709273e-25)
427.25 (2.058234324403789e-25,-6.085598719954378e-25)
427.5 (2.089937751264782e-25,-4.255881915723923e-25)
427.75 (-4.340075888645377e-26,9.877178945872598e-25)
428 (-4.854166057541224e-25,-4.480531552839885e-25)
428.25 (8.049080580580607e-25,-6.19838835281312e-25)
428.5 (-5.760138250640626e-25,1.152724321550707e-24)
428.75 (4.706710671386953e-26,-8.045281955242376e-25)
429 (2.64570871457854e-25,1.937850781603198e-25)
429.25 (-1.868727158582509e-25,-4.250219433231465e-26)
429.5 (3.119354582574644e-26,3.711108679275387e-25)
429.75 (-1.016714591488129e-25,-6.550845761758911e-25)
430 (2.784691019852472e-25,5.767816104863958e-25)
430.25 (-2.618087389076802e-25,-3.767793690880564e-25)
430.5 (9.325698991980833e-26,4.347111169677418e-25)
430.75 (-1.427858067954011e-25,-6.820035601246101e-25)
431 (5.409707447924685e-25,6.24626041745021e-25)
431.25 (-9.078284407229642e-25,7.793709674449362e-27)
431.5 (8.416642970359741e-25,-7.784262550903937e-25)
431.75 (-4.924460993299264e-25,9.089828852304955e-25)
432 (3.573384867321438e-25,-1.7819056772562e-25)
432.25 (-5.520323907027161e-25,-7.158312830757557e-25)
432.5 (6.143872567884889e-25,8.717426321276961e-25)
432.75 (-1.644871257375933e-25,-2.01788817724801e-25)
433 (-4.957974006314457e-25,-4.920903659777834e-25)
433.25 (7.061065718888263e-25,5.011687570701536e-25)
433.5 (-2.693189934549716e-25,-1.798810856708736e-26)
433.75 (-3.381795189428776e-25,-2.435468243427367e-25)
434 (6.15736157650507e-25,6.292057448865429e-26)
434.25 (-6.333242924377133e-25,2.218937624571359e-26)
434.5 (7.941208187826936e-25,4.526186908404189e-25)
434.75 (-1.155561500486385e-24,-1.111221588451303e-24)
435 (1.270260997282863e-24,1.123178454737973e-24)
435.25 (-7.679499573728161e-25,-2.821007020609306e-25)
435.5 (-9.692897416634948e-26,-6.305969482061946e-25)
435.75 (6.604495539206224e-25,7.021126860285495e-25)
436 (-5.819521263576982e-25,7.361842305861435e-26)
436.25 (2.063271309938917e-25,-8.241760015186764e-25)
436.5 (-1.294712928294604e-25,8.187888921062041e-25)
436.75 (5.025695752228833e-25,-2.45956516473946e-25)
437 (-8.963793340285602e-25,-1.178507303684826e-25)
437.25 (8.411089052812237e-25,-1.264978115285701e-25)
437.5 (-3.58520136054221e-25,5.631869758247596e-25)
437.75 (-1.170386266658201e-25,-5.190369022482343e-25)
438 (2.418969433241297e-25,-9.371883586926894e-26)
438.25 (-4.979892981780159e-26,6.517297029523925e-25)
438.5 (-2.203210063423444e-25,-5.386722852857561e-25)
438.75 (3.975169070269719e-25,-1.536458614844536e-25)
439 (-4.11563717092042e-25,7.514904593931132e-25)
439.25 (2.104535943175083e-25,-7.608679462765594e-25)
439.5 (1.79015335570683e-25,3.40983185693542e-25)
439.75 (-5.408008103960338e-25,1.52462753931399e-26)
440 (5.863374286468102e-25,-9.260075379484691e-26)
440.25 (-2.454901040748145e-25,6.358773178118936e-26)
440.5 (-2.364817354363921e-25,-6.311025518105082e-26)
440.75 (5.348317364957867e-25,-7.024683115226864e-26)
441 (-5.140880927148962e-25,4.855326394024694e-25)
441.25 (2.399624501062115e-25,-9.228680631680911e-25)
441.5 (1.581787922701154e-25,8.879599855421337e-25)
441.75 (-5.258573213023888e-25,-2.583720453182495e-25)
442 (6.594123947859959e-25,-4.688594102418243e-25)
442.25 (-4.251510786567034e-25,6.576506636319851e-25)
442.5 (-3.988851121417648e-26,-1.86811449544542e-25)
442.75 (3.62209246811051e-25,-4.74617150622134e-25)
443 (-2.706561801225326e-25,7.943964573312971e-25)
443.25 (-1.366910774719149e-25,-6.641711166199892e-25)
443.5 (5.363713133393147e-25,3.632919156161227e-25)
443.75 (-7.42296589642684e-25,-1.537772208266646e-25)
444 (8.087842166275826e-25,-6.511071052013424e-27)
444.25 (-7.805442212756466e-25,3.522383236074649e-25)
444.5 (5.219678827743603e-25,-9.356551474400043e-25)
444.75 (4.693855676604719e-26,1.391192108457239e-24)
445 (-6.182462247687264e-25,-1.172158696517934e-24)
445.25 (6.457411351499192e-25,1.457933880730972e-25)
445.5 (2.862755769259083e-26,1.06368342161233e-24)
445.75 (-8.152304873811782e-25,-1.508557886901697e-24)
446 (8.704341291384836e-25,8.31881610078716e-25)
446.25 (-1.352870184774919e-26,3.195732974833386e-25)
446.5 (-9.916196506302381e-25,-9.324397505827651e-25)
446.75 (1.190906697205068e-24,6.559355943283715e-25)
447 (-4.12065299873615e-25,-6.824034060010442e-26)
447.25 (-6.214781609568569e-25,-6.902451958501265e-26)
447.5 (1.078696991598946e-24,-3.611741425905167e-25)
447.75 (-7.615765827508581e-25,8.26803978488496e-25)
448 (9.361840664751096e-26,-8.034950542559653e-25)
448.25 (3.731948436935422e-25,2.682968658475189e-25)
448.5 (-3.112842228006056e-25,3.694831011415679e-25)
448.75 (-2.887931276875265e-25,-6.21871949777216e-25)
449 (1.068784711240155e-24,2.255465804043547e-25)
449.25 (-1.400272170310442e-24,6.618391724068393e-25)
449.5 (8.825528439154228e-25,-1.455507552558702e-24)
449.75 (1.089465537352792e-25,1.522734735301831e-24)
450 (-6.25928169100555e-25,-7.796936085929755e-25)
450.25 (1.52732550425209e-25,-1.414630140706573e-25)
450.5 (7.215061209991904e-25,4.950383399561575e-25)
450.75 (-9.218263873416418e-25,-1.847648920965294e-25)
451 (1.430899501861945e-25,-2.192524294698447e-25)
451.25 (8.295619298826172e-25,2.110830064637154e-25)
451.5 (-1.139207281996973e-24,1.029010643269816e-25)
451.75 (8.673180176775739e-25,-2.540597484768495e-25)
452 (-7.524147854377708e-25,1.293634056882899e-26)
452.25 (1.103479308293352e-24,4.236365356462524e-25)
452.5 (-1.408692452060046e-24,-7.210018036605104e-25)
452.75 (1.084384571880866e-24,6.773023539177277e-25)
453 (-2.693749461950389e-25,-2.697919699542794e-25)
453.25 (-3.58400901691222e-25,-3.237668599269696e-25)
453.5 (3.779675541686024e-25,7.181478773745808e-25)
453.75 (2.715440834358442e-26,-5.808244481196074e-25)
454 (-4.509598613730474e-25,4.135364745510697e-26)
454.25 (7.043502663608544e-25,3.366211754123499e-25)
454.5 (-7.920510992431267e-25,-1.906043278998449e-25)
454.75 (6.917716705063047e-25,-1.467601001444643e-25)
455 (-3.823481218492315e-25,3.819323564834796e-26)
455.25 (2.618064100968956e-26,5.955577940029239e-25)
455.5 (9.147617670009743e-26,-1.084005408437165e-24)
455.75 (1.287179081654863e-25,7.972229643250328e-25)
456 (-4.606267654389974e-25,8.556588165631158e-26)
456.25 (5.8830103726792e-25,-8.04782166848425e-25)
456.5 (-4.155376472358224e-25,8.998385417002837e-25)
456.75 (9.229520332649702e-26,-6.044088268219084e-25)
457 (1.838218707963743e-25,3.671840397341718e-25)
457.25 (-2.981182598314548e-25,-2.518782391062141e-25)
457.5 (2.113336499563539e-25,-1.317716232130631e-26)
457.75 (2.961631424378622e-26,5.250671483839023e-25)
458 (-2.478054215198132e-25,-9.773049753921685e-25)
458.25 (2.373055705565866e-25,9.807620125583658e-25)
458.5 (-6.120842909579391e-27,-4.926053435671376e-25)
458.75 (-1.534909975944081e-25,-1.3815938420387e-25)
459 (-3.98501432224688e-26,4.974123151829071e-25)
459.25 (4.927147825847934e-25,-4.364394679735727e-25)
459.5 (-7.669241019755092e-25,1.282311456028616e-25)
459.75 (5.176820470881845e-25,1.39215733034815e-25)
460 (1.366633454134772e-25,-2.240754392701544e-25)
460.25 (-7.010568316374256e-25,2.163726014693365e-25)
460.5 (7.350073551465823e-25,-2.741808380666384e-25)
460.75 (-2.220167921896932e-25,3.906706385171274e-25)
461 (-4.079609412509597e-25,-3.753609273588269e-25)
461.25 (6.107727094970424e-25,9.912106126268254e-26)
461.5 (-1.910861049297115e-25,2.898845946353475e-25)
461.75 (-4.776931128058997e-25,-4.720121223518735e-25)
462 (7.536003832306837e-25,2.863045658010904e-25)
462.25 (-3.538073352334598e-25,9.918863709230215e-26)
462.5 (-3.267817604247741e-25,-3.662140347648176e-25)
462.75 (6.164453572570372e-25,3.51431761044088e-25)
463 (-2.865369258277146e-25,-1.510375857076151e-25)
463.25 (-2.364838052777126e-25,-2.708282308463356e-26)
463.5 (4.08880569335375e-25,5.929057868550522e-26)
463.75 (-1.858393887833492e-25,2.807533861493737e-26)
464 (-2.432967108930352e-26,-1.313159232122665e-25)
464.25 (-5.28161357276991e-26,1.854147020762004e-25)
464.5 (2.12536574250157e-25,-2.153723140694481e-25)
464.75 (-8.365827794048612e-26,2.667825737639312e-25)
465 (-3.469040819102162e-25,-2.932322564759266e-25)
465.25 (6.826080570359526e-25,1.758819364078599e-25)
465.5 (-5.911788383587202e-25,9.182615493940147e-26)
465.75 (2.036152597953277e-25,-3.000050136548884e-25)
466 (4.17598480246669e-26,2.27086730536402e-25)
466.25 (9.288664766957031e-26,4.002451946539959e-26)
466.5 (-3.854980878290333e-25,-1.287982538828193e-25)
466.75 (4.260986909122814e-25,-1.799910127389058e-25)
467 (-9.438324551843153e-26,6.277421779996348e-25)
467.25 (-2.893162093509261e-25,-7.372470077552344e-25)
467.5 (2.957533575680613e-25,3.737936742554911e-25)
467.75 (1.564901027645207e-25,1.076497467209076e-25)
468 (-6.97260092762843e-25,-3.149209444875113e-25)
468.25 (8.64181576242839e-25,2.600347580045975e-25)
468.5 (-5.570470930426429e-25,-2.197086240246131e-25)
468.75 (1.106832056387737e-25,2.661180465200955e-25)
469 (9.293209059029678e-26,-1.652703640178459e-25)
469.25 (-3.861456050750317e-26,-2.119371136195113e-25)
469.5 (3.848712837899399e-26,5.849162850619707e-25)
469.75 (-2.966316019511462e-25,-5.644135213888318e-25)
470 (6.352962293085495e-25,1.941111842668898e-25)
470.25 (-7.374951248058643e-25,3.465678071147502e-26)
470.5 (5.705436469704434e-25,2.114439490257786e-25)
470.75 (-4.040068784035363e-25,-6.593215743457135e-25)
471 (4.062843539357684e-25,7.618884988006454e-25)
471.25 (-4.108009103612017e-25,-3.974039993269727e-25)
471.5 (1.968338946729795e-25,3.51666686315054e-27)
471.75 (1.338035129830649e-25,2.820834275233699e-26)
472 (-2.579929976283426e-25,1.478055741979962e-25)
472.25 (8.034804623294931e-26,-1.264881056738828e-25)
472.5 (1.234125425119695e-25,-1.028081459537913e-25)
472.75 (-7.789814380720709e-26,1.084326957846057e-25)
473 (-1.471173250998836e-25,3.492971027627403e-25)
473.25 (2.983016633483155e-25,-9.039702179186535e-25)
473.5 (-3.254885111957055e-25,9.849698223270267e-25)
473.75 (4.051950762987104e-25,-4.938585605143537e-25)
474 (-5.963461811454824e-25,-1.254079404201091e-25)
474.25 (6.861788062234733e-25,4.355872346456099e-25)
474.5 (-4.820361211012238e-25,-4.149481880355616e-25)
474.75 (1.20337577899248e-25,2.979626796722315e-25)
475 (7.104901488263047e-26,-2.122262213434895e-25)
475.25 (2.383577044628598e-26,9.973542449354345e-26)
475.5 (-1.876979567140855e-25,1.018812943332215e-25)
475.75 (1.682776398296165e-25,-3.32489897569039e-25)
476 (2.560002668641031e-26,4.490497395875966e-25)
476.25 (-1.933749209555371e-25,-3.351693785711687e-25)
476.5 (2.218373976374784e-25,1.312272373481469e-26)
476.75 (-1.823711121016846e-25,3.02283334586526e-25)
477 (1.593096192168647e-25,-3.346979090106876e-25)
477.25 (-8.999072246167722e-26,3.240459982737123e-26)
477.5 (-1.480673980837024e-25,3.182721091930751e-25)
477.75 (5.160831650798819e-25,-3.848815497107198e-25)
478 (-7.647729612222602e-25,1.844538404900772e-25)
478.25 (6.675619056027954e-25,-5.902569487870752e-26)
478.5 (-2.897782327647798e-25,2.304603384192453e-25)
478.75 (-4.632787687364357e-26,-5.151886322566175e-25)
479 (1.09055519982867e-25,5.65997646778496e-25)
479.25 (-1.68763641973883e-26,-2.937023995143155e-25)
479.5 (6.1669796464337e-26,-7.364217249303724e-26)
479.75 (-2.892668969747883e-25,2.902155076608736e-25)
480 (3.958494689457672e-25,-3.020198059072665e-25)
480.25 (-1.265091320900487e-25,1.609381742789147e-25)
480.5 (-3.333353025261687e-25,1.0597098227234e-25)
480.75 (5.373722257989942e-25,-4.42596845138031e-25)
481 (-3.41592997315727e-25,6.684693373725988e-25)
481.25 (1.049815850340896e-25,-5.820953632974246e-25)
481.5 (-2.313652923406225e-25,1.927793434934796e-25)
481.75 (6.411747068681805e-25,2.207851735147168e-25)
482 (-8.637698340685248e-25,-3.449861464447582e-25)
482.25 (6.151347611864155e-25,1.293954004848709e-25)
482.5 (-1.090487739658331e-25,1.675797556859968e-25)
482.75 (-2.476504867039915e-25,-2.384982278209838e-25)
483 (3.142642507354883e-25,2.373320604991954e-26)
483.25 (-2.488344024331394e-25,2.636416338416454e-25)
483.5 (1.730378804167902e-25,-3.957527595376397e-25)
483.75 (7.809247977418421e-27,3.596845089809723e-25)
484 (-3.981384543344242e-25,-2.962066392317009e-25)
484.25 (8.49818778138803e-25,2.730341130060746e-25)
484.5 (-1.037482500191132e-24,-2.350617925830425e-25)
484.75 (7.967326565968947e-25,1.875517708698608e-25)
485 (-3.030113390597096e-25,-2.779912002046631e-25)
485.25 (-1.221675399565981e-25,5.730435701861346e-25)
485.5 (3.252051080201517e-25,-8.452331779304619e-25)
485.75 (-3.825448107913559e-25,7.775515178593438e-25)
486 (3.955479739070721e-25,-4.008114540885467e-25)
486.25 (-3.422699663027397e-25,1.331525885623717e-25)
486.5 (1.79188262905714e-25,-2.590584250350067e-25)
486.75 (6.08163055670141e-27,5.074981439755598e-25)
487 (-6.095472675843394e-26,-3.5580104350916e-25)
487.25 (-3.065237986782128e-26,-2.728078765640105e-25)
487.5 (1.253498017499962e-25,8.331985672140847e-25)
487.75 (-1.266902568818475e-25,-7.726416622936937e-25)
488 (1.167406208366717e-25,1.793237878764861e-25)
488.25 (-2.214422471495421e-25,3.19547164344478e-25)
488.5 (4.239407824957947e-25,-2.399200395613144e-25)
488.75 (-5.983627191964963e-25,-3.0977155838396e-25)
489 (6.752190830009928e-25,8.245384365693291e-25)
489.25 (-6.701929172764118e-25,-8.991752619735955e-25)
489.5 (5.799498693722041e-25,5.100820046600809e-25)
489.75 (-3.747774857598788e-25,5.105483947882569e-26)
490 (1.073822048912721e-25,-4.277862340070764e-25)
490.25 (9.415098959729031e-26,4.576497516286317e-25)
490.5 (-1.928628720576276e-25,-2.850550059210459e-25)
490.75 (2.955511470165349e-25,2.02707252450258e-25)
491 (-4.630769959613985e-25,-3.244837295503469e-25)
491.25 (5.643156031851773e-25,4.483943812826818e-25)
491.5 (-4.319566631038383e-25,-3.09683022622297e-25)
491.75 (1.008304969253352e-25,-7.051049628815763e-26)
492 (2.384524511234701e-25,3.941500541626829e-25)
492.25 (-4.832705602350806e-25,-4.421438531052348e-25)
492.5 (6.57147988480818e-25,3.011848516038217e-25)
492.75 (-7.054785919645403e-25,-1.814116141465635e-25)
493 (4.597438259242946e-25,1.149925077336714e-25)
493.25 (7.445117703481422e-26,4.307432086701715e-26)
493.5 (-5.424298320623574e-25,-3.485257614442351e-25)
493.75 (5.558720517000135e-25,6.34768064623364e-25)
494 (-1.630767315371368e-25,-6.932776570297241e-25)
494.25 (-1.621845272388232e-25,5.098500188110647e-25)
494.5 (4.122477279142795e-26,-2.515520385936788e-25)
494.75 (4.1511973903996e-25,5.00615935663423e-26)
495 (-7.733723807780404e-25,1.269629245218691e-25)
495.25 (7.23641993100109e-25,-3.702123959419995e-25)
495.5 (-2.893817850286872e-25,6.447392098858797e-25)
495.75 (-2.889129366780023e-25,-7.692523596232483e-25)
496 (7.299040103021884e-25,5.977650070398863e-25)
496.25 (-8.131086324870503e-25,-2.002663669298699e-25)
496.5 (4.846423180250569e-25,-1.709657383993185e-25)
496.75 (5.577803307730788e-26,3.042420540935911e-25)
497 (-4.5830770917554e-25,-1.961560536535596e-25)
497.25 (5.091788988574922e-25,-1.145376224782201e-26)
497.5 (-3.088065443201551e-25,2.158435770856589e-25)
497.75 (1.370152250282103e-25,-4.133569768813775e-25)
498 (-1.75924113490954e-25,5.87713255716377e-25)
498.25 (3.920095408637727e-25,-6.342971120050951e-25)
498.5 (-6.154824052099698e-25,4.679744289254218e-25)
498.75 (6.394850407302626e-25,-1.690646575757633e-25)
499 (-2.872749059137432e-25,-6.355806986943696e-26)
499.25 (-4.516205482553308e-25,1.164163874409832e-25)
499.5 (1.278755506128929e-24,-5.543751222772913e-26)
499.75 (-1.706472839729442e-24,-2.117270297042408e-27)
500 (1.481358791119354e-24,3.532709372944943e-26)
500.25 (-8.806961769604767e-25,-8.184820509912224e-26)
500.5 (4.553476178572895e-25,1.149927182480399e-25)
500.75 (-4.349648096773242e-25,-6.710345249470539e-26)
501 (4.94388398866152e-25,-2.520305069051001e-26)
501.25 (-1.902008989751186e-25,1.490348683411634e-26)
501.5 (-4.537599103672495e-25,1.49580857679258e-25)
501.75 (9.322366806129138e-25,-2.910777118203145e-25)
502 (-8.324212572192477e-25,1.870101624093457e-25)
502.25 (3.036780757047585e-25,1.271442690166997e-25)
502.5 (1.119497013109883e-25,-3.46655028460263e-25)
502.75 (-5.395403117571802e-26,2.335555936167372e-25)
503 (-3.334535095864729e-25,1.067594094818133e-25)
503.25 (6.268239850564811e-25,-3.450335936781882e-25)
503.5 (-5.756586253391488e-25,2.786993569875041e-25)
503.75 (2.906157717796561e-25,7.354733792751834e-27)
504 (-4.665314949459657e-26,-3.011467976869868e-25)
504.25 (-8.706898535072396e-27,4.835876693234456e-25)
504.5 (-6.828770885792406e-26,-5.552746385588541e-25)
504.75 (1.628587645604283e-25,5.266920357732104e-25)
505 (-2.428847081555048e-25,-3.75890095622842e-25)
505.25 (3.470059993027485e-25,1.15298001784952e-25)
505.5 (-4.903092169285277e-25,1.690891815546601e-25)
505.75 (6.216542020341106e-25,-3.840829362840475e-25)
506 (-6.495688260490791e-25,5.042968099406596e-25)
506.25 (4.849563965898379e-25,-5.408857428836635e-25)
506.5 (-1.064631491840358e-25,4.580609325891166e-25)
506.75 (-3.505008287015465e-25,-1.969450757896155e-25)
507 (6.076529355164853e-25,-1.770550333311721e-25)
507.25 (-4.688914331214047e-25,4.140568866929532e-25)
507.5 (7.117386710372827e-26,-2.807057766718145e-25)
507.75 (1.943984484690423e-25,-1.452129625660303e-25)
508 (-9.891211932564361e-26,4.715216740957344e-25)
508.25 (-1.595730784866283e-25,-3.802228474760232e-25)
508.5 (2.164534796074624e-25,-7.890086751063122e-28)
508.75 (-6.931128709448573e-27,2.055482957708995e-25)
509 (-1.902892287249682e-25,7.137304517776398e-26)
509.25 (1.753866068514839e-25,-6.497227490756495e-25)
509.5 (-8.945098402669106e-26,1.055826876144222e-24)
509.75 (1.373425227183074e-25,-9.685647687536919e-25)
510 (-2.132792564550624e-25,4.469017339560898e-25)
510.25 (3.034926020780953e-26,1.829444677854133e-25)
510.5 (4.078237086817714e-25,-5.684776762198575e-25)
510.75 (-6.99656648882191e-25,5.300868387924876e-25)
511 (5.068386504828909e-25,-1.775530769469075e-25)
511.25 (2.353653828544502e-26,-1.457505793708845e-25)
511.5 (-4.23593019126451e-25,1.552509173472953e-25)
511.75 (4.004335410171709e-25,7.582225461848151e-26)
512 (-3.845381395167503e-26,-1.917523695532726e-25)
512.25 (-4.120647380637061e-25,-1.240583068323329e-26)
512.5 (7.516330528367234e-25,3.255260921016626e-25)
512.75 (-8.270524293919691e-25,-3.912647729661213e-25)
513 (5.256489057108935e-25,1.726966157233953e-25)
513.25 (7.585607669563649e-26,1.00696121035242e-26)
513.5 (-6.543615609741289e-25,9.249916264598406e-26)
513.75 (8.960315051010408e-25,-3.580889635356114e-25)
514 (-7.974697359731164e-25,4.986900498110817e-25)
514.25 (5.946690959822596e-25,-4.383279082693515e-25)
514.5 (-4.126866855694489e-25,3.378661310465732e-25)
514.75 (1.526900833620718e-25,-2.975603970739949e-25)
515 (2.184219653309945e-25,2.139537307508431e-25)
515.25 (-4.459253640128499e-25,1.419725214870221e-26)
515.5 (2.427600929608836e-25,-2.70956892157974e-25)
515.75 (2.858180614955008e-25,3.365771184973723e-25)
516 (-6.754217094073814e-25,-1.734683336872685e-25)
516.25 (6.215609512432737e-25,-1.648289401157657e-26)
516.5 (-3.213262589410474e-25,3.647319847966961e-26)
516.75 (1.836822763146235e-25,8.818098949439099e-26)
517 (-2.911724952694887e-25,-1.778040051348261e-25)
517.25 (3.14642348405991e-25,1.165343401182515e-25)
517.5 (2.718776223150124e-26,6.440096081377024e-26)
517.75 (-5.67587851230389e-25,-2.810604338007564e-25)
518 (8.474269899389598e-25,4.764742016573922e-25)
518.25 (-6.201994798428479e-25,-5.848946962359038e-25)
518.5 (1.113619688908766e-25,5.017467827545946e-25)
518.75 (2.327239708068651e-25,-1.74082849450558e-25)
519 (-1.965222415047514e-25,-2.839347403335461e-25)
519.25 (-3.279952341988882e-26,6.250834080328044e-25)
519.5 (1.158995391283525e-25,-6.511695564856327e-25)
519.75 (6.088878996951904e-26,3.620522637045273e-25)
520 (-2.807434864816495e-25,6.081970240063586e-26)
520.25 (2.618337808235807e-25,-3.923879879564049e-25)
520.5 (7.683233173791015e-27,5.02382885525231e-25)
520.75 (-2.432451826929802e-25,-4.20115216392494e-25)
521 (1.819472639440103e-25,3.007383176099401e-25)
521.25 (1.134491173613422e-25,-2.997104469800447e-25)
521.5 (-3.14659522286957e-25,4.36911722308659e-25)
521.75 (1.873598182158014e-25,-5.844064119178587e-25)
522 (1.580777591082251e-25,6.086674332530499e-25)
522.25 (-4.040454205372345e-25,-5.109758987428037e-25)
522.5 (3.812882578332588e-25,3.952454547612673e-25)
522.75 (-2.242694325615455e-25,-3.123285314231813e-25)
523 (1.507842609369908e-25,1.995753533603385e-25)
523.25 (-1.475519091605185e-25,-5.777009528253328e-27)
523.5 (-2.858767898078244e-26,-1.708481897009831e-25)
523.75 (5.094537290336873e-25,1.370286714642946e-25)
524 (-1.06301349266043e-24,1.88894557400419e-25)
524.25 (1.287972251329433e-24,-6.526862008067862e-25)
524.5 (-1.051130508800965e-24,9.578982040091601e-25)
524.75 (6.211915572400779e-25,-8.755483421877297e-25)
525 (-3.261518740985028e-25,3.878841453676916e-25)
525.25 (1.886633311614939e-25,3.035433823013793e-25)
525.5 (-1.385525746590584e-26,-8.716260475956418e-25)
525.75 (-2.299780729868505e-25,1.02460169337637e-24)
526 (2.989502434127653e-25,-6.891221750040351e-25)
526.25 (5.981503891273166e-27,9.219265876068491e-26)
526.5 (-5.346130689466284e-25,3.796230959674853e-25)
526.75 (9.086362646352586e-25,-4.737504343865654e-25)
527 (-8.915546363866341e-25,2.53271281068687e-25)
527.25 (5.548912863086169e-25,1.30390975730462e-26)
527.5 (-1.319847421799351e-25,-1.203402051386353e-25)
527.75 (-1.799543612485512e-25,6.839119351193503e-26)
528 (2.945665388773054e-25,2.16109275123648e-26)
528.25 (-2.527988288729809e-25,-4.493375512103859e-26)
528.5 (2.140203579216526e-25,-4.628433806950634e-26)
528.75 (-3.299005806330582e-25,2.473244980769028e-25)
529 (5.505730509769321e-25,-4.648504615926295e-25)
529.25 (-6.227061190129925e-25,5.247231161486902e-25)
529.5 (3.709892382626908e-25,-3.260845228666247e-25)
529.75 (5.044934836201892e-26,-5.342754226611869e-28)
530 (-2.818928192085714e-25,1.858976708155695e-25)
530.25 (1.425255870883451e-25,-1.189145302587222e-25)
530.5 (1.755787939949389e-25,-2.881199203205558e-26)
530.75 (-3.147419923877175e-25,4.124204326001426e-26)
531 (1.001930610058166e-25,6.063951319163726e-26)
531.25 (3.324122853124208e-25,-9.620727931068855e-26)
531.5 (-6.912144380362126e-25,3.805845740830333e-26)
531.75 (7.607756226028708e-25,-6.398201910535601e-26)
532 (-5.287575571742554e-25,2.35220241095836e-25)
532.25 (1.675428162417752e-25,-2.982465234373457e-25)
532.5 (8.768724280735263e-26,-7.415870472785544e-27)
532.75 (-9.618727234737146e-26,5.098167121996337e-25)
533 (-9.316502831020255e-26,-7.034803726370586e-25)
533.25 (2.929633658951642e-25,3.630955511611071e-25)
533.5 (-3.528761328713915e-25,1.170915099085175e-25)
533.75 (3.059203857391647e-25,-1.642869274751813e-25)
534 (-3.197571615028168e-25,-2.677152204875327e-25)
534.25 (4.690403847757078e-25,6.268930238688619e-25)
534.5 (-5.7998826058561e-25,-4.218470868343319e-25)
534.75 (3.880653379406764e-25,-2.121508870309482e-25)
535 (1.091132369280328e-25,7.023216340034287e-25)
535.25 (-5.456888688475809e-25,-6.793300778695274e-25)
535.5 (5.531023358185904e-25,2.862005582318873e-25)
535.75 (-2.058688033260996e-25,1.008717042980301e-25)
536 (-4.461835011508767e-26,-2.826035866167004e-25)
536.25 (-7.624299194709874e-26,3.181526096079857e-25)
536.5 (3.300155731876024e-25,-3.360407692324672e-25)
536.75 (-3.077233481445443e-25,3.86415659735899e-25)
537 (-4.237109484288697e-27,-4.367592687546241e-25)
537.25 (2.106247560114233e-25,4.112916933202776e-25)
537.5 (-6.016318681170649e-26,-2.426810403983811e-25)
537.75 (-2.052941493349522e-25,-3.170333354847885e-26)
538 (1.768203052802938e-25,2.245161306752067e-25)
538.25 (1.822094772545401e-25,-1.427660988726976e-25)
538.5 (-4.965283065034526e-25,-1.833164451029621e-25)
538.75 (4.39090277070947e-25,4.858677287900248e-25)
539 (-7.102657229898463e-26,-5.279532631136958e-25)
539.25 (-2.961339482604658e-25,3.366942751817575e-25)
539.5 (4.391653720529962e-25,-1.158359564420013e-25)
539.75 (-3.598214124423407e-25,-1.222090261973217e-26)
540 (1.900830257128903e-25,8.054715313870481e-26)
540.25 (-6.415282998329904e-26,-1.272629288665518e-25)
540.5 (3.478376225410721e-26,1.099813283739681e-25)
540.75 (-1.991932925221526e-26,-1.845342284438911e-26)
541 (-1.406991356829223e-25,-4.370479046944461e-26)
541.25 (4.723695482785347e-25,1.76628976956521e-27)
541.5 (-7.147496188391843e-25,2.013528907016236e-26)
541.75 (5.200676664565683e-25,1.901310775584625e-25)
542 (1.213182662946914e-25,-6.27719420887745e-25)
542.25 (-7.497400753514502e-25,9.896711782348659e-25)
542.5 (8.619466418749497e-25,-9.80384845762397e-25)
542.75 (-4.484158126632431e-25,6.447987551743704e-25)
543 (-1.94552947142999e-26,-3.059987011062765e-25)
543.25 (1.553030911975019e-25,1.815956398908241e-25)
543.5 (-6.415588748955379e-26,-1.578760029081761e-25)
543.75 (8.383082636707724e-26,-7.399175733410393e-27)
544 (-2.482310005279358e-25,3.212779881392414e-25)
544.25 (2.304742067748621e-25,-4.898296338027469e-25)
544.5 (1.519593410486976e-25,2.398314604491369e-25)
544.75 (-5.86129129914328e-25,3.447834092064966e-25)
545 (5.879043860650582e-25,-8.571223172075282e-25)
545.25 (-9.676514012741559e-26,9.324645727743212e-25)
545.5 (-4.382549475278952e-25,-5.499912392488347e-25)
545.75 (5.80238929227347e-25,-1.580456449509038e-26)
546 (-3.551753658976802e-25,4.761811267217763e-25)
546.25 (1.155936260028695e-25,-7.136656617977389e-25)
546.5 (-9.29237922280643e-26,7.396294342032686e-25)
546.75 (2.245467063900935e-25,-5.881462252498349e-25)
547 (-3.551719622546087e-25,3.190363887771599e-25)
547.25 (4.270423905422698e-25,-6.943661023189478e-26)
547.5 (-4.311248776140712e-25,-5.191061437661768e-27)
547.75 (3.164255340332026e-25,-1.214560992452867e-25)
548 (-6.683268307341708e-26,3.039199788177494e-25)
548.25 (-1.904804537995324e-25,-3.674496939608979e-25)
548.5 (2.812480809661494e-25,2.726578806312656e-25)
548.75 (-2.042840443218105e-25,-1.131830300242984e-25)
549 (1.574645112943225e-25,-2.381932314437946e-26)
549.25 (-2.811108185674681e-25,1.476888219407747e-25)
549.5 (4.310870422888434e-25,-3.108767527813326e-25)
549.75 (-3.053051088080632e-25,5.019415080196478e-25)
550 (-1.847562460689348e-25,-6.190972477689519e-25)
550.25 (7.453071752934819e-25,5.542616240980587e-25)
550.5 (-9.757201042798832e-25,-3.048452712885138e-25)
550.75 (7.907852751251395e-25,6.972597140564952e-28)
551 (-4.831445620692448e-25,1.980189326256213e-25)
551.25 (3.450611271372394e-25,-2.428548674923147e-25)
551.5 (-3.306323331252505e-25,2.171077919058805e-25)
551.75 (1.962647362478754e-25,-1.956024712273242e-25)
552 (8.544448127539763e-26,1.269523803298927e-25)
552.25 (-2.36180476154844e-25,7.443127966789239e-26)
552.5 (6.428152434374217e-26,-3.318597805941793e-25)
552.75 (2.097111224680584e-25,4.126097716592511e-25)
553 (-2.002071144310911e-25,-2.024958201577332e-25)
553.25 (-1.148859446035853e-25,-9.163055516575239e-26)
553.5 (3.179939541786047e-25,1.219670190945594e-25)
553.75 (-7.684290871755644e-26,2.180706998524035e-25)
554 (-4.110062829845783e-25,-6.746672681913213e-25)
554.25 (6.449292091227717e-25,9.086664389353071e-25)
554.5 (-4.171477764986461e-25,-8.083374635860683e-25)
554.75 (1.572345398491952e-26,5.036092101216234e-25)
555 (1.629951786002589e-25,-1.747321580827968e-25)
555.25 (-3.774171677682622e-26,-6.005684458221868e-26)
555.5 (-1.919230923878268e-25,1.329471661518255e-25)
555.75 (3.653212723818043e-25,-4.602114122950199e-26)
556 (-4.952982483996488e-25,-7.206754355425919e-26)
556.25 (6.22060002049456e-25,3.702615443708454e-26)
556.5 (-6.901174869812061e-25,1.898120580415135e-25)
556.75 (6.37183077708307e-25,-4.203684424149254e-25)
557 (-5.280495983189593e-25,4.280208635881003e-25)
557.25 (5.099357196535705e-25,-1.961333778285065e-25)
557.5 (-6.324715825186481e-25,-7.87348403605051e-26)
557.75 (7.614647456959682e-25,2.196772190416469e-25)
558 (-7.017831890038594e-25,-2.392930740224382e-25)
558.25 (4.056445324030635e-25,2.597510197724416e-25)
558.5 (-4.596902166661052e-26,-3.233855041072268e-25)
558.75 (-1.358320302512382e-25,3.433413398865301e-25)
559 (6.561956820115304e-26,-2.379986470604334e-25)
559.25 (9.342085921099878e-26,6.272132702977525e-26)
559.5 (-1.234577496555425e-25,3.344936110161397e-26)
559.75 (-1.321496653499289e-26,2.078997131262568e-26)
560 (1.574390542137812e-25,-1.308736473035676e-25)
560.25 (-1.617709995986066e-25,1.531646418018222e-25)
560.5 (6.081931480263778e-26,-7.985217357003369e-26)
560.75 (-1.196457527391397e-26,4.629464965275928e-26)
561 (1.127686895488221e-25,-1.347460017643452e-25)
561.25 (-3.167428141335375e-25,2.379300449402262e-25)
561.5 (4.985488544620369e-25,-1.886690402210373e-25)
561.75 (-5.571640457606386e-25,-7.932766668126472e-27)
562 (4.791830868026457e-25,1.654442768153615e-25)
562.25 (-3.566915916669533e-25,-1.456308749464955e-25)
562.5 (3.307366922107818e-25,1.758269719665179e-27)
562.75 (-4.519796183579723e-25,1.403046547275922e-25)
563 (5.929534342936238e-25,-2.315824089515707e-25)
563.25 (-5.682620033870612e-25,2.377208179107141e-25)
563.5 (3.606794421834266e-25,-3.203560854836726e-26)
563.75 (-1.457096093959757e-25,-4.585593345902553e-25)
564 (4.304416829279775e-26,9.9537876599014e-25)
564.25 (6.125070854159182e-26,-1.120353377238848e-24)
564.5 (-3.272434190011146e-25,6.4414636503466e-25)
564.75 (6.470444263865203e-25,6.058303670912679e-26)
565 (-6.926061168856597e-25,-4.147385612573524e-25)
565.25 (3.36262786811258e-25,2.558539520749632e-25)
565.5 (1.153469348223594e-25,3.908005452049525e-26)
565.75 (-2.408435005722226e-25,-6.190073587507094e-26)
566 (-9.859672007381017e-28,-1.557816878670219e-25)
566.25 (2.400660475674381e-25,2.692666833057834e-25)
566.5 (-1.634537672128068e-25,-1.020398730546845e-25)
566.75 (-1.198676506302031e-25,-1.552586927133622e-25)
567 (2.453667395908575e-25,2.193059378513865e-25)
567.25 (-2.774930572621525e-26,-6.257495848665819e-26)
567.5 (-3.637601594468078e-25,-7.237180699436904e-26)
567.75 (6.109137013167768e-25,-4.070306679291266e-26)
568 (-5.254860304316323e-25,3.604071581179135e-25)
568.25 (1.477207060481094e-25,-6.086278886544273e-25)
568.5 (3.127113820238014e-25,5.406969739675404e-25)
568.75 (-5.962490941218448e-25,-1.891228718465464e-25)
569 (5.454268190157302e-25,-1.694421055310512e-25)
569.25 (-2.158347232042992e-25,2.982875991672685e-25)
569.5 (-1.864403250328966e-25,-2.203337139032723e-25)
569.75 (5.071127617982453e-25,1.222001921983728e-25)
570 (-7.379284922922973e-25,-8.935612986788059e-26)
570.25 (8.813738149271191e-25,3.299364237862927e-26)
570.5 (-8.197776222997828e-25,1.209735822147995e-25)
570.75 (4.506988559970631e-25,-2.910821320363925e-25)
571 (6.549690124371516e-26,3.575410168550832e-25)
571.25 (-3.483129958352838e-25,-3.318520179886045e-25)
571.5 (1.75933948154166e-25,3.05747934417982e-25)
571.75 (2.470347483876884e-25,-2.845342933013422e-25)
572 (-4.86070083262027e-25,2.001908357659816e-25)
572.25 (3.149347880440837e-25,-8.043842074587958e-26)
572.5 (1.002468884459299e-25,5.827976063641638e-26)
572.75 (-4.16373367346746e-25,-1.552319729058795e-25)
573 (4.303755486295525e-25,1.770742485208851e-25)
573.25 (-1.975842690249132e-25,5.676256673110819e-26)
573.5 (-6.356293100465375e-26,-4.316558445687238e-25)
573.75 (1.449816188459058e-25,6.071573664360999e-25)
574 (5.749345264998205e-27,-3.81578514543239e-25)
574.25 (-2.546815282736451e-25,-8.390006826669095e-26)
574.5 (4.13715788851368e-25,4.182206163785827e-25)
574.75 (-4.209416302217723e-25,-3.679166909199242e-25)
575 (3.528565246185592e-25,-1.81609376288323e-26)
575.25 (-2.51380117205761e-25,4.497423883180119e-25)
575.5 (3.001822178761422e-26,-6.145109800572171e-25)
575.75 (3.629609862031505e-25,4.110463912771524e-25)
576 (-7.420049044107954e-25,-2.580697226430918e-26)
576.25 (7.82887643043535e-25,-2.445526922204853e-25)
576.5 (-3.756789563444134e-25,2.787271267246956e-25)
576.75 (-1.926314931580163e-25,-2.120924374279019e-25)
577 (4.786428224499622e-25,2.205013501635766e-25)
577.25 (-2.957132120156891e-25,-2.934792940933747e-25)
577.5 (-1.390683408500561e-25,2.873966662900014e-25)
577.75 (4.467650412927423e-25,-1.479183406445607e-25)
578 (-4.43053086670318e-25,-2.868741057713358e-26)
578.25 (2.696626313353193e-25,1.486597859666736e-25)
578.5 (-2.08185924007937e-25,-2.182386474171718e-25)
578.75 (3.744506441026099e-25,2.475354795868597e-25)
579 (-5.975745332276986e-25,-1.686777043472941e-25)
579.25 (6.12751562402911e-25,-4.585228121583897e-26)
579.5 (-3.612069893993106e-25,2.425838973875034e-25)
579.75 (4.579267754362335e-26,-2.058621550024645e-25)
580 (1.320096843389034e-25,-5.359206513740901e-26)
580.25 (-2.185001614978094e-25,2.361948381308758e-25)
580.5 (4.081482636371531e-25,-6.339669588428908e-26)
580.75 (-7.299446314553961e-25,-3.901974739096129e-25)
581 (9.544807543771186e-25,7.534878912100666e-25)
581.25 (-8.63106212437555e-25,-7.430436034982921e-25)
581.5 (5.237661034789585e-25,4.224283163609919e-25)
581.75 (-2.066317683606442e-25,-6.605155579927318e-26)
582 (5.427701238342152e-26,-1.498253469252853e-25)
582.25 (6.897720075656591e-26,2.413468958220713e-25)
582.5 (-3.754781499166982e-25,-2.539531594737786e-25)
582.75 (8.639497907767441e-25,1.586821317870013e-25)
583 (-1.274253757411238e-24,7.278209379549257e-27)
583.25 (1.315259875728142e-24,-8.896546986871713e-27)
583.5 (-9.250396593039168e-25,-3.792799720683072e-25)
583.75 (3.344578768817046e-25,9.90252843542729e-25)
584 (1.078109436236051e-25,-1.271658832109532e-24)
584.25 (-2.078882416263871e-25,8.62098436125975e-25)
584.5 (6.962133280170155e-26,-1.063686904520911e-25)
584.75 (3.457047571917705e-26,-2.252298678974723e-25)
585 (4.731470038110501e-26,-1.912559539752553e-25)
585.25 (-2.049945657866333e-25,8.180295343824163e-25)
585.5 (2.356217416786622e-25,-8.777122521816012e-25)
585.75 (-1.136488556027899e-25,2.903880522576244e-25)
586 (1.292396020576366e-26,2.416441266333157e-25)
586.25 (-5.71728262916834e-26,-1.059122027157302e-25)
586.5 (1.46884970694061e-25,-4.917571638341683e-25)
586.75 (-1.062570663789919e-25,8.181906648321907e-25)
587 (-5.890489064934977e-26,-4.88847540764737e-25)
587.25 (1.621805008093078e-25,-1.624133142293863e-25)
587.5 (-9.713162560107336e-26,5.603471604782522e-25)
587.75 (-1.307210931919583e-26,-5.157300375109852e-25)
588 (-1.303992681157523e-26,2.944970166578667e-25)
588.25 (1.665235321790506e-25,-2.238864239069567e-25)
588.5 (-2.593910400363875e-25,3.855504401031479e-25)
588.75 (1.589781682354305e-25,-6.319469405762946e-25)
589 (7.534807964403503e-26,7.408507109675062e-25)
589.25 (-2.919353373617885e-25,-5.410939246266492e-25)
589.5 (3.990011161198073e-25,3.072048202816995e-26)
589.75 (-3.875442874265733e-25,5.453770271053933e-25)
590 (2.831110445814204e-25,-8.175814659855446e-25)
590.25 (-1.460211057620073e-25,6.056419700868969e-25)
590.5 (7.534428446797673e-26,-1.140329814202629e-25)
590.75 (-1.241260882535867e-25,-2.530270401740373e-25)
591 (2.09433853668704e-25,2.868822293212867e-25)
591.25 (-1.804386636156156e-25,-1.408063853324744e-25)
591.5 (3.61632813635186e-28,9.300509500501621e-26)
591.75 (1.964398948599426e-25,-2.096795342029944e-25)
592 (-2.630160286280902e-25,3.098777393917692e-25)
592.25 (2.038761393035223e-25,-2.436649959249815e-25)
592.5 (-1.271513113404229e-25,1.074319326557129e-25)
592.75 (7.372972298311076e-26,-1.121441004890862e-25)
593 (1.670208888573724e-26,2.779555581312597e-25)
593.25 (-1.562701210354732e-25,-3.751437583793781e-25)
593.5 (2.120573301727256e-25,2.264997434699929e-25)
593.75 (-3.669561908349489e-26,1.130602754131892e-26)
594 (-3.198124703474518e-25,1.830866200414337e-27)
594.25 (5.982736883835726e-25,-3.394504016656394e-25)
594.5 (-5.644051040899852e-25,6.278218307034532e-25)
594.75 (2.374720829013906e-25,-4.193772355822584e-25)
595 (1.288270243500604e-25,-2.863115889545999e-25)
595.25 (-2.755947332242227e-25,9.904817563501697e-25)
595.5 (1.367312625653955e-25,-1.174187557204496e-24)
595.75 (1.581545985436221e-25,7.650641682284237e-25)
596 (-4.248471668539391e-25,-1.311225007842881e-25)
596.25 (5.581462382384475e-25,-2.851084828953122e-25)
596.5 (-5.721571383183696e-25,2.743582361331784e-25)
596.75 (5.553945213272574e-25,8.535451532917365e-26)
597 (-5.801843309224396e-25,-5.283679233237393e-25)
597.25 (6.193273619128649e-25,7.498067771366193e-25)
597.5 (-5.48925223122456e-25,-5.894001898803066e-25)
597.75 (2.75902010847226e-25,1.611808789938519e-25)
598 (1.122298827421702e-25,2.34365023524215e-25)
598.25 (-3.621212340822107e-25,-3.867799632642666e-25)
598.5 (2.753492321587829e-25,3.486092475582915e-25)
598.75 (8.099370737693607e-26,-3.001581656159478e-25)
599 (-4.2298008603247e-25,2.914321331253383e-25)
599.25 (5.17179675322996e-25,-2.082920138145544e-25)
599.5 (-3.618834082075163e-25,-4.847594824298103e-27)
599.75 (9.782526087996479e-26,1.945672655496281e-25)
600 (1.832590916649565e-25,-1.494727006237848e-25)
600.25 (-4.639668515827219e-25,-1.379671970469908e-25)
600.5 (6.751915020848585e-25,4.458904532191625e-25)
600.75 (-6.726138995312999e-25,-5.672729673654044e-25)
601 (4.037489693418264e-25,5.10693842656643e-25)
601.25 (-3.233151308384372e-26,-4.233730239770798e-25)
601.5 (-1.942274422030656e-25,3.758397514651203e-25)
601.75 (1.959616720837109e-25,-3.06832385039041e-25)
602 (-1.150623029414636e-25,1.772271140019587e-25)
602.25 (1.161036095286473e-25,-8.086407674075117e-26)
602.5 (-1.971445302348976e-25,1.244343716642276e-25)
602.75 (2.288818928124815e-25,-2.345031747258379e-25)
603 (-1.282476565223712e-25,1.94442401673437e-25)
603.25 (-6.12712949389814e-26,8.062922229338475e-26)
603.5 (2.420723522808061e-25,-3.868950793514284e-25)
603.75 (-3.614044529693254e-25,4.506226529423503e-25)
604 (4.280186365203634e-25,-2.769674734830837e-25)
604.25 (-4.623366348171607e-25,1.47576439503999e-25)
604.5 (4.5740672718804e-25,-2.229723344336751e-25)
604.75 (-4.013376275683596e-25,2.866296174123656e-25)
605 (3.396274378656977e-25,-4.254703557821724e-26)
605.25 (-3.802471606617247e-25,-3.933987546590661e-25)
605.5 (5.699888936879747e-25,5.329522414683201e-25)
605.75 (-7.52202152637223e-25,-1.438388477246062e-25)
606 (6.411101152651354e-25,-3.469090524030426e-25)
606.25 (-1.376440106288538e-25,3.010343269873214e-25)
606.5 (-4.623420839818488e-25,3.27910707392917e-25)
606.75 (6.996589321026789e-25,-8.846327123047643e-25)
607 (-4.278727323332472e-25,7.875334371792383e-25)
607.25 (-3.041361906801838e-26,-2.148702377141548e-25)
607.5 (2.482461148488354e-25,-1.647903657759404e-25)
607.75 (-1.255840644698438e-25,3.428591206401176e-26)
608 (-1.141261051099743e-25,2.469296141168709e-25)
608.25 (2.575856291239578e-25,-1.779662133623158e-25)
608.5 (-2.841058197345134e-25,-2.620439942570456e-25)
608.75 (2.47383102813972e-25,6.824319124353319e-25)
609 (-1.543216426864573e-25,-8.268382603159897e-25)
609.25 (2.950666872455145e-26,8.170766292566518e-25)
609.5 (3.110029004456537e-26,-8.48115270138299e-25)
609.75 (1.03066288311098e-26,8.565114884194752e-25)
610 (-2.038337048864752e-26,-6.393617865514943e-25)
610.25 (-1.52351184779127e-25,2.16547041852931e-25)
610.5 (4.203289906813394e-25,9.907247818665303e-26)
610.75 (-4.842112378984762e-25,-3.618573607127409e-26)
611 (1.760280743691166e-25,-3.239519373369075e-25)
611.25 (3.012438458287078e-25,6.409276290740537e-25)
611.5 (-5.543576532340074e-25,-6.78187039099313e-25)
611.75 (3.982272183200685e-25,5.00677596503278e-25)
612 (-2.045304621964473e-26,-3.228146821311007e-25)
612.25 (-2.400349597559725e-25,2.504463724191163e-25)
612.5 (2.242483156829016e-25,-2.277616272825958e-25)
612.75 (-5.434087969217668e-26,1.831480735045094e-25)
613 (-4.4659173631613e-26,-1.269246054985649e-25)
613.25 (-1.97809513987813e-26,8.774784007203277e-26)
613.5 (1.380461016364073e-25,-3.848764576001015e-26)
613.75 (-1.230188692756824e-25,-4.544418688482516e-26)
614 (-1.073179657774546e-25,9.641082269738776e-26)
614.25 (4.445982964182599e-25,-1.087865077038319e-26)
614.5 (-6.706777546591473e-25,-1.995412990920195e-25)
614.75 (6.525648285012143e-25,3.881079324454705e-25)
615 (-4.887892795396529e-25,-4.331222251182215e-25)
615.25 (4.307831205829372e-25,3.550660770528307e-25)
615.5 (-5.952887822882954e-25,-2.30452278176605e-25)
615.75 (7.68210180989213e-25,5.821359061316462e-26)
616 (-5.991774595053699e-25,1.923855741463325e-25)
616.25 (4.398330916805165e-26,-4.265092161717019e-25)
616.5 (4.864224407312483e-25,4.445096721545644e-25)
616.75 (-5.43921436743359e-25,-1.787550702202109e-25)
617 (1.731734516568139e-25,-1.700243321823263e-25)
617.25 (1.252922785871277e-25,3.275493900391452e-25)
617.5 (1.277014955134677e-26,-2.522151037087429e-25)
617.75 (-4.100384944216545e-25,1.549348648387013e-25)
618 (6.216240225441479e-25,-2.054473939536594e-25)
618.25 (-4.780403706849706e-25,3.170184087414358e-25)
618.5 (1.89548653309776e-25,-2.910330145978903e-25)
618.75 (1.536345914055025e-26,1.144039088404781e-25)
619 (-1.224299877454591e-25,8.684711816643668e-28)
619.25 (1.523797045293503e-25,1.02165587251483e-25)
619.5 (2.591909703236193e-26,-2.944722652485609e-25)
619.75 (-5.017372078534837e-25,2.953393794019215e-25)
620 (1.022488739484156e-24,-2.255097351108497e-26)
620.25 (-1.116173250937781e-24,-2.754282260592434e-25)
620.5 (5.906349926937616e-25,2.853928297313998e-25)
620.75 (2.052529271879188e-25,7.956167849448024e-27)
621 (-7.076116006067004e-25,-2.894378307685597e-25)
621.25 (6.667520611724241e-25,2.561146910465744e-25)
621.5 (-2.84861938281996e-25,5.378701721644694e-26)
621.75 (-9.97702980439294e-26,-3.124434387255923e-25)
622 (3.294722770234739e-25,2.613162202100313e-25)
622.25 (-4.22222544129866e-25,2.796208876961941e-26)
622.5 (3.998259288492885e-25,-2.515072341537279e-25)
622.75 (-2.476644329756744e-25,1.819262960750198e-25)
623 (8.697838085352822e-27,1.437977729215077e-25)
623.25 (2.075393188893894e-25,-4.926434132424149e-25)
623.5 (-3.473225718703858e-25,6.25729616268083e-25)
623.75 (4.61085567173901e-25,-4.387558015789382e-25)
624 (-5.695401539856921e-25,1.111981563360488e-26)
624.25 (5.502266823675607e-25,4.199204463914659e-25)
624.5 (-2.679584992306527e-25,-5.804351758129716e-25)
624.75 (-1.829090864976304e-25,3.568310612460755e-25)
625 (4.756432303023729e-25,8.280442378791426e-26)
625.25 (-3.570872299056101e-25,-4.020560739732136e-25)
625.5 (-8.952304146811827e-26,3.842665899816206e-25)
625.75 (5.4204556347229e-25,-1.228947725448794e-25)
626 (-7.605526034133965e-25,-8.142335426210401e-26)
626.25 (7.435198537502615e-25,1.149322020653641e-26)
626.5 (-5.954923048662609e-25,2.753749761669166e-25)
626.75 (3.585396417374543e-25,-5.190305687189712e-25)
627 (-4.239173672901206e-26,4.951044784691006e-25)
627.25 (-2.369092764363285e-25,-2.016480689313633e-25)
627.5 (2.593681954329469e-25,-1.461163939360305e-25)
627.75 (9.753497447086198e-26,2.932230379183854e-25)
628 (-6.676865255429449e-25,-1.545648202614654e-25)
628.25 (1.052747010417838e-24,-1.109852905884186e-25)
628.5 (-9.340681250675878e-25,2.380677530016705e-25)
628.75 (3.811124331991285e-25,-1.016512614564934e-25)
629 (1.576817085398108e-25,-1.518162150997587e-25)
629.25 (-2.361112753761152e-25,2.334649280109565e-25)
629.5 (-1.669014719806628e-25,-1.456866334314759e-27)
629.75 (6.17072483480822e-25,-3.644727988446179e-25)
630 (-6.500761093556584e-25,4.933537764695183e-25)
630.25 (2.234784467877091e-25,-1.63084901376243e-25)
630.5 (2.743804013803063e-25,-4.628412965850602e-25)
630.75 (-4.4299593147376e-25,9.445965544126248e-25)
631 (2.49041511189796e-25,-9.449155428049501e-25)
631.25 (9.351669791036267e-27,5.27049876520134e-25)
631.5 (-5.076335797440265e-26,-7.959858938505926e-26)
631.75 (-1.282553646481032e-25,-5.945344365689214e-26)
632 (3.148873541199929e-25,-9.71315197046087e-26)
632.25 (-3.353219795369637e-25,2.493859351177798e-25)
632.5 (2.113653302716141e-25,-1.381363250225715e-25)
632.75 (-8.320590056024844e-26,-2.148264005873034e-25)
633 (2.95814575242058e-26,5.666494692926775e-25)
633.25 (-8.511710203902366e-27,-6.978737733679082e-25)
633.5 (-2.810200702388354e-26,5.852301653672476e-25)
633.75 (2.383740253190529e-26,-3.806057598463594e-25)
634 (1.102688536984627e-25,2.635295500180336e-25)
634.25 (-3.187964955499771e-25,-2.984088002628442e-25)
634.5 (3.837868468459827e-25,3.913388001104774e-25)
634.75 (-1.579180714271124e-25,-3.764611255345656e-25)
635 (-2.088918563717387e-25,1.701141058118109e-25)
635.25 (3.672298706691576e-25,1.479929537259174e-25)
635.5 (-1.392899446266062e-25,-4.164196850431676e-25)
635.75 (-2.525786906043901e-25,5.466553048967978e-25)
636 (3.970132581351477e-25,-5.667390140597951e-25)
636.25 (-1.397196248988824e-25,5.1610855008112e-25)
636.5 (-2.3580543745353e-25,-3.633724495948237e-25)
636.75 (3.135341157557504e-25,8.622343149624515e-26)
637 (-6.639456655270442e-27,2.002202949062163e-25)
637.25 (-3.41647384906699e-25,-2.906186063125139e-25)
637.5 (3.343458789402103e-25,1.110114824550774e-25)
637.75 (4.749566426861671e-26,1.561154668654599e-25)
638 (-4.358262745750129e-25,-2.353198599508951e-25)
638.25 (4.798381134187296e-25,4.473998638001569e-26)
638.5 (-1.956517026053079e-25,2.271482303512957e-25)
638.75 (-1.070151312201273e-25,-3.331182398900486e-25)
639 (1.831946905506287e-25,2.013978980213401e-25)
639.25 (-6.540500505320686e-26,6.219575498134267e-26)
639.5 (-6.556217552816109e-26,-3.371274970025659e-25)
639.75 (1.297310894679508e-25,5.693443009747467e-25)
640 (-2.031905200265519e-25,-7.055463132983302e-25)
640.25 (3.510658813243754e-25,6.545777000021575e-25)
640.5 (-4.81527660967682e-25,-3.875778334975427e-25)
640.75 (4.180300988262912e-25,3.68806694166855e-26)
641 (-1.178677210761359e-25,1.861857211624491e-25)
641.25 (-2.160124217827755e-25,-1.856988481594891e-25)
641.5 (2.888719112091482e-25,4.832331360859694e-26)
641.75 (-1.050973254440799e-26,9.057137322018959e-26)
642 (-3.770372667662651e-25,-1.916374668069683e-25)
642.25 (5.139683696265628e-25,2.88528936843682e-25)
642.5 (-2.836472035644965e-25,-3.683520228714834e-25)
642.75 (-7.184979392613504e-26,3.47955319136649e-25)
643 (2.216354423309291e-25,-1.827297277598675e-25)
643.25 (-9.817539885612799e-26,-4.240753927085427e-26)
643.5 (-6.777748980523805e-26,1.653416624487237e-25)
643.75 (4.528153278975466e-26,-1.008653270363545e-25)
644 (1.368460516216799e-25,-4.976394357424584e-26)
644.25 (-2.569889464186891e-25,5.371824701562425e-26)
644.5 (1.720106700941281e-25,2.346544281134967e-25)
644.75 (4.111106081755994e-26,-6.618724030714194e-25)
645 (-2.046744855403286e-25,8.256669069321878e-25)
645.25 (2.437554432274617e-25,-4.473056681825711e-25)
645.5 (-2.421491976521941e-25,-2.681463667149264e-25)
645.75 (3.123336555195025e-25,7.346780331738866e-25)
646 (-4.335102044304945e-25,-5.449776273104284e-25)
646.25 (4.364764100823514e-25,-9.747131238353443e-26)
646.5 (-1.760695772343666e-25,5.876382667956954e-25)
646.75 (-2.64676020511791e-25,-5.476549088551198e-25)
647 (5.781065116616752e-25,1.532228434337313e-25)
647.25 (-5.090177271971249e-25,1.704271642637143e-25)
647.5 (1.474791029519464e-25,-2.370689579803867e-25)
647.75 (1.186520621834533e-25,1.79223001079503e-25)
648 (-5.883455703349631e-27,-1.349952788463235e-25)
648.25 (-3.389951661793459e-25,4.768916752656669e-26)
648.5 (4.917814262943791e-25,1.694686165323145e-25)
648.75 (-2.332564707648082e-25,-4.042878241728501e-25)
649 (-2.063499941862137e-25,4.169199521576447e-25)
649.25 (4.316744627703696e-25,-1.263929370535095e-25)
649.5 (-3.336726770518358e-25,-2.662859470579254e-25)
649.75 (1.554973435749314e-25,4.674870411811249e-25)
650 (-1.361068912392887e-25,-3.582560472114227e-25)
650.25 (2.246194286726344e-25,6.040558161664374e-26)
650.5 (-2.096803763799386e-25,2.104221229708311e-25)
650.75 (3.041282845406167e-26,-3.167905621245425e-25)
651 (1.629777063988089e-25,2.570819501282969e-25)
651.25 (-2.300268399145657e-25,-1.168844060343621e-25)
651.5 (1.973768822796113e-25,-8.161038154686495e-27)
651.75 (-1.668021410652122e-25,6.103389579124181e-26)
652 (1.675507224551144e-25,-3.146047747721019e-26)
652.25 (-1.671869132954797e-25,-5.696620426672274e-26)
652.5 (1.612115444344731e-25,1.59133398751436e-25)
652.75 (-1.651787241511976e-25,-2.231741378319863e-25)
653 (1.498555877856628e-25,2.189795583952888e-25)
653.25 (-7.116263869526076e-26,-1.600242523991944e-25)
653.5 (-4.465599849290822e-26,8.394120116270668e-26)
653.75 (1.311202769443092e-25,-1.207435110207702e-26)
654 (-1.997854579050652e-25,-4.543016659074115e-26)
654.25 (3.271436262374135e-25,4.036393629293557e-26)
654.5 (-4.844942057133703e-25,1.020988689408451e-25)
654.75 (4.895250230996566e-25,-3.629848223782487e-25)
655 (-2.323438696929749e-25,5.482248151185374e-25)
655.25 (-1.102173721731897e-25,-4.325829735992482e-25)
655.5 (2.244843131924382e-25,4.39173657809097e-26)
655.75 (-3.574881584016198e-26,2.610823639059839e-25)
656 (-1.892527361854255e-25,-1.164514797105376e-25)
656.25 (1.78645381609159e-25,-4.31983928659655e-25)
656.5 (-3.658182404056926e-28,8.987482749553492e-25)
656.75 (-3.704253670444488e-26,-8.183829645583561e-25)
657 (-2.062050177244667e-25,2.218891341129819e-25)
657.25 (5.100874487770315e-25,3.851748123530402e-25)
657.5 (-5.477619239568369e-25,-5.146684015893887e-25)
657.75 (2.514768200099272e-25,1.356175744784286e-25)
658 (1.341392808359861e-25,3.583912389442748e-25)
658.25 (-3.230160151365753e-25,-5.526237580837163e-25)
658.5 (2.4335027870096e-25,3.526733455055943e-25)
658.75 (-3.331915360687492e-26,1.517242651036297e-26)
659 (-1.400459291014995e-25,-2.564608514376808e-25)
659.25 (2.110807302269446e-25,2.467142920386039e-25)
659.5 (-2.028656955002923e-25,-8.310071146691265e-26)
659.75 (1.585694627641886e-25,-3.856965724540134e-26)
660 (-1.163438200077994e-25,-3.032526863004329e-27)
660.25 (1.188957408803145e-25,1.675930798803912e-25)
660.5 (-1.949572213640365e-25,-3.109338743647175e-25)
660.75 (3.135301121390259e-25,3.203821274654329e-25)
661 (-3.827374126110247e-25,-1.943800997737363e-25)
661.25 (3.270749141973719e-25,1.08192889691342e-26)
661.5 (-1.718916822026729e-25,1.407337729080199e-25)
661.75 (3.604066115037235e-26,-1.799827966198451e-25)
662 (-2.860145497822692e-26,4.068733825847561e-26)
662.25 (1.471166920486426e-25,2.705275259470766e-25)
662.5 (-2.669297831552566e-25,-6.076807031561168e-25)
662.75 (2.260460118011911e-25,7.423425553941984e-25)
663 (4.934004305541432e-26,-5.525415940950407e-25)
663.25 (-4.480642128390928e-25,1.602342885098763e-25)
663.5 (6.867233183541635e-25,1.509558151761394e-25)
663.75 (-4.869820221661315e-25,-1.747351766454921e-25)
664 (-1.620796211481346e-25,-5.102037032512094e-26)
664.25 (8.941656812665474e-25,2.932880761374623e-25)
664.5 (-1.193721769882638e-24,-3.234536780181934e-25)
664.75 (8.264403224667156e-25,9.341419650122803e-26)
665 (-6.59374412913867e-26,2.380413781310128e-25)
665.25 (-5.428422118097557e-25,-4.358114618878832e-25)
665.5 (6.682757322751683e-25,3.723776192479104e-25)
665.75 (-4.365893016200241e-25,-1.16710554640629e-25)
666 (2.15640403788696e-25,-1.455462537757214e-25)
666.25 (-2.210242813190828e-25,2.792282759768817e-25)
666.5 (3.750693151803493e-25,-2.91952705012019e-25)
666.75 (-4.976156800555312e-25,2.788482468063687e-25)
667 (5.247072457708683e-25,-3.013944010201218e-25)
667.25 (-4.975458655188919e-25,3.278096333362712e-25)
667.5 (4.171776085367772e-25,-2.774556459864242e-25)
667.75 (-2.255365523614003e-25,1.129751639123227e-25)
668 (-4.591182081384068e-26,1.066367580290473e-25)
668.25 (1.915242960562031e-25,-2.644357887437284e-25)
668.5 (1.420626356538161e-26,2.887395768611915e-25)
668.75 (-5.611822123158379e-25,-2.163231506688587e-25)
669 (1.143169210087437e-24,1.331551334422519e-25)
669.25 (-1.387494607870157e-24,-5.746265918523767e-26)
669.5 (1.155655561402086e-24,-7.091235789108271e-26)
669.75 (-6.310840410349889e-25,2.576842802539004e-25)
670 (1.4052115550488e-25,-3.640749644064659e-25)
670.25 (9.967384829512091e-26,2.338605174910051e-25)
670.5 (-9.965481232939435e-26,8.137381761820211e-26)
670.75 (2.149571456573238e-26,-3.035163079753448e-25)
671 (-1.015030050229731e-26,1.94599064795471e-25)
671.25 (6.81901819534823e-26,1.884229012623371e-25)
671.5 (-7.024719432127892e-26,-5.595021720468373e-25)
671.75 (-8.692079998865082e-26,7.023502111662609e-25)
672 (3.326481432034149e-25,-6.337601308427669e-25)
672.25 (-4.470731254197951e-25,4.720063113056095e-25)
672.5 (2.833906365218731e-25,-2.503895313441683e-25)
672.75 (3.811193069994094e-26,-4.967147629286528e-26)
673 (-2.156780414557109e-25,3.316202470831693e-25)
673.25 (7.830929237531651e-26,-3.891434644835238e-25)
673.5 (2.254816407215305e-25,1.413200259229939e-25)
673.75 (-3.948779119994351e-25,2.100906155720907e-25)
674 (3.034604557347917e-25,-3.515424067689176e-25)
674.25 (-9.475338745983448e-26,1.808205904180529e-25)
674.5 (-3.849741290201582e-26,1.052234543976426e-25)
674.75 (7.718833542358724e-26,-2.505403714149276e-25)
675 (-1.266894644701445e-25,2.018485052688818e-25)
675.25 (2.193594429105e-25,-1.060674421629134e-25)
675.5 (-2.77431988081546e-25,1.135272541831402e-25)
675.75 (2.739653224514744e-25,-2.475063669417485e-25)
676 (-3.192560641976588e-25,4.315021006483136e-25)
676.25 (5.078462292709922e-25,-5.57355628116667e-25)
676.5 (-7.275148866864196e-25,5.13936839039792e-25)
676.75 (7.228929554626244e-25,-2.317697753061377e-25)
677 (-3.799119361540688e-25,-2.277035512369281e-25)
677.25 (-1.059988678567822e-25,6.412431169793331e-25)
677.5 (3.888241806041809e-25,-7.451871271351936e-25)
677.75 (-2.823540015191773e-25,4.333894919655694e-25)
678 (-1.086236658385572e-25,1.457345456051435e-25)
678.25 (5.283809625047933e-25,-6.779311747149342e-25)
678.5 (-7.784351393322204e-25,8.805022596136957e-25)
678.75 (7.925969446292423e-25,-6.655346255317768e-25)
679 (-5.997275834095636e-25,1.748505043350383e-25)
679.25 (2.972417577127071e-25,3.182629228812161e-25)
679.5 (-3.803067593830542e-26,-5.728160451285637e-25)
679.75 (-5.680725654474545e-26,5.138952484869375e-25)
680 (2.04631303188475e-26,-2.64955976297388e-25)
680.25 (-1.809938752857276e-26,5.845308428349845e-26)
680.5 (1.368797154016009e-25,-6.387963123961772e-26)
680.75 (-2.349738682175863e-25,2.435124677947942e-25)
681 (9.329076146124924e-26,-3.785805755634754e-25)
681.25 (2.738738981460109e-25,2.910848923774539e-25)
681.5 (-5.594140142135485e-25,-5.49141890824553e-26)
681.75 (4.81287996758737e-25,-7.040010888632593e-26)
682 (-1.007008562037415e-25,-4.793107997106841e-26)
682.25 (-2.594553098590833e-25,2.365519060282233e-25)
682.5 (3.780807165817093e-25,-2.356215467442956e-25)
682.75 (-3.158855354190204e-25,5.866075208493408e-26)
683 (2.406298655931261e-25,7.334977117528075e-27)
683.25 (-2.088544069470783e-25,1.92697412469305e-25)
683.5 (1.942145798894237e-25,-4.133750382416574e-25)
683.75 (-2.241931855086768e-25,2.951477391873773e-25)
684 (3.447885800849279e-25,1.249129735161049e-25)
684.25 (-4.733273464432826e-25,-3.745962132950874e-25)
684.5 (4.375135282013193e-25,1.013542889236029e-25)
684.75 (-2.183346749864978e-25,4.584854159602143e-25)
685 (4.444120693364009e-26,-7.201235291357838e-25)
685.25 (-1.36118482003296e-25,4.377646382287679e-25)
685.5 (3.96999781180692e-25,6.385928264030258e-27)
685.75 (-4.785637665560033e-25,-7.200175568905636e-26)
686 (1.832537855752339e-25,-2.924468418840854e-25)
686.25 (2.709277604272823e-25,6.135620079223954e-25)
686.5 (-4.548152265539543e-25,-4.836750904029044e-25)
686.75 (1.889776007057135e-25,3.572490831708701e-26)
687 (2.446380760638578e-25,2.536005874018659e-25)
687.25 (-3.836571495334362e-25,-1.433348684286001e-25)
687.5 (8.165300804026755e-26,-1.280226991470275e-25)
687.75 (3.093647353229434e-25,1.850458569009788e-25)
688 (-3.107994898487749e-25,2.315653883118026e-26)
688.25 (-1.149261581016113e-25,-1.997542226363747e-25)
688.5 (4.531172627682715e-25,9.936043764180485e-26)
688.75 (-1.942257785496548e-25,1.605485932761627e-25)
689 (-5.257892234120442e-25,-2.434100763599092e-25)
689.25 (9.899717210778027e-25,7.556640418416256e-27)
689.5 (-6.767977189415779e-25,3.033724655698444e-25)
689.75 (-1.406642997945287e-25,-3.23728090611196e-25)
690 (7.057224706303026e-25,-1.236778932303937e-26)
690.25 (-6.293655252968153e-25,3.801320075729929e-25)
690.5 (2.479019061623952e-25,-4.205998744740903e-25)
690.75 (-1.000667749382286e-25,1.334105222819339e-25)
691 (2.490795804237307e-25,1.546487212771717e-25)
691.25 (-3.01411147064458e-25,-1.915804092695654e-25)
691.5 (8.299614838579301e-27,7.080845767024429e-26)
691.75 (3.912024173420243e-25,-5.831059356975891e-26)
692 (-4.989063689747173e-25,2.343049906955279e-25)
692.25 (2.637768868980422e-25,-4.059772247446514e-25)
692.5 (-8.918472940226454e-27,3.555159577818817e-25)
692.75 (1.085620974900618e-26,-8.189401921624515e-26)
693 (-2.030536019469469e-25,-2.165791402744575e-25)
693.25 (3.215660925767516e-25,3.243665448036072e-25)
693.5 (-2.317040552480402e-25,-1.576200333470784e-25)
693.75 (3.734654352110804e-26,-1.734469534908637e-25)
694 (7.93396657346907e-26,3.925964922738466e-25)
694.25 (-4.91535806002132e-26,-2.385624041617249e-25)
694.5 (-4.54419767807824e-26,-2.582799130968401e-25)
694.75 (7.072044469574778e-26,6.974185065283871e-25)
695 (2.747181465418342e-26,-6.325265607393382e-25)
695.25 (-1.682738159032449e-25,3.183938535057558e-26)
695.5 (2.158924612455097e-25,6.456808600613799e-25)
695.75 (-1.383488197823186e-25,-8.854953395690212e-25)
696 (6.743786270325727e-26,5.980854605014425e-25)
696.25 (-1.532452134818954e-25,-1.422523469256217e-25)
696.5 (3.640362684023221e-25,-6.96396166857001e-26)
696.75 (-4.962043045098566e-25,-7.339389323346505e-26)
697 (4.135949965438699e-25,3.734519555898117e-25)
697.25 (-2.224015402063881e-25,-5.623621807840782e-25)
697.5 (1.52834412039406e-25,5.191135296775646e-25)
697.75 (-2.999911763231741e-25,-3.25275586552963e-25)
698 (5.490658215908572e-25,1.696429671678072e-25)
698.25 (-7.389747733622844e-25,-1.77085172665405e-25)
698.5 (8.065564048933246e-25,2.819838845338422e-25)
698.75 (-7.430930323797254e-25,-2.734308180343637e-25)
699 (5.135238606602963e-25,7.34285104175733e-27)
699.25 (-1.28272998360462e-25,4.116067780790204e-25)
699.5 (-2.396598945614382e-25,-6.855281158993208e-25)
699.75 (3.47680360550177e-25,5.86307965461373e-25)
700 (-1.595938981111079e-25,-1.667399745976719e-25)
700.25 (-4.878516801081118e-26,-2.888626167050025e-25)
700.5 (-3.664508936166817e-26,5.093897949816282e-25)
700.75 (3.927181779533047e-25,-4.271624723416971e-25)
701 (-6.42213729720139e-25,1.574898640531277e-25)
701.25 (4.52887614864279e-25,1.534419731871387e-25)
701.5 (9.215286115627474e-26,-4.27756237465979e-25)
701.75 (-5.67787192116249e-25,6.278891814243497e-25)
702 (6.255417988579208e-25,-6.889776151538063e-25)
702.25 (-2.978265646237098e-25,5.256081982003181e-25)
702.5 (-8.752327582530684e-26,-1.20714192890965e-25)
702.75 (2.239822751552206e-25,-3.9342894037179e-25)
703 (-5.158277487348931e-26,7.550279890615121e-25)
703.25 (-2.460749338472905e-25,-7.184865902673428e-25)
703.5 (3.990212599344202e-25,2.548899200185344e-25)
703.75 (-2.491710886627886e-25,3.528255290556222e-25)
704 (-1.106113811655282e-25,-6.669654023718834e-25)
704.25 (3.782508248592782e-25,4.511723914283582e-25)
704.5 (-2.991817192718789e-25,8.303750687388042e-26)
704.75 (-7.021018837551012e-26,-4.364394797972894e-25)
705 (3.992852206316811e-25,2.994851811985406e-25)
705.25 (-4.296072701004169e-25,1.277493834158385e-25)
705.5 (2.421212688906951e-25,-3.397671752884942e-25)
705.75 (-1.122404001871795e-25,6.346872613883154e-26)
706 (1.376614283844123e-25,4.462339795877987e-25)
706.25 (-1.327592864897579e-25,-6.727634286087742e-25)
706.5 (-6.970060374405106e-26,3.692330675459244e-25)
706.75 (3.318210051901961e-25,2.120823325602786e-25)
707 (-3.536702796086495e-25,-5.967235298971293e-25)
707.25 (7.232056378693658e-26,5.314206903452045e-25)
707.5 (2.221224012638175e-25,-1.398541844670427e-25)
707.75 (-2.253508809304916e-25,-2.842298891686446e-25)
708 (-1.753856908533873e-26,5.438855235776224e-25)
708.25 (1.809922820200421e-25,-6.001124232974509e-25)
708.5 (-5.510028149033608e-26,4.78241847919728e-25)
708.75 (-2.288823082101608e-25,-2.247863342520266e-25)
709 (3.842241027361081e-25,-4.61227532063132e-26)
709.25 (-2.954707509911738e-25,1.685224312353517e-25)
709.5 (1.061549902376346e-25,-6.967858659023255e-26)
709.75 (-2.793420315287853e-26,-1.216510928662478e-25)
710 (1.264708537473481e-25,1.853535336867098e-25)
710.25 (-2.830507640008375e-25,-5.377115782900695e-26)
710.5 (3.150781162111502e-25,-9.372863194900768e-26)
710.75 (-1.3670591874956e-25,1.654778344851017e-26)
711 (-1.506917087456994e-25,3.154852978752906e-25)
711.25 (3.239860397963007e-25,-6.632305791459446e-25)
711.5 (-2.494351933101149e-25,7.420324296352798e-25)
711.75 (4.70425145899607e-26,-5.042846566076888e-25)
712 (1.669831391797249e-26,1.97337933249908e-25)
712.25 (1.57388566993019e-25,-1.27812693631348e-25)
712.5 (-3.557262226608256e-25,3.51641396527226e-25)
712.75 (3.038523616728486e-25,-6.066384082972262e-25)
713 (-3.348393939109351e-26,5.812663776935146e-25)
713.25 (-1.187177753196127e-25,-2.472330571087579e-25)
713.5 (-8.273177316891643e-26,-1.193036503949745e-25)
713.75 (4.615320236070827e-25,2.584656978407834e-25)
714 (-6.098096510695386e-25,-2.010627507681106e-25)
714.25 (3.364257534380477e-25,1.636083121256538e-25)
714.5 (1.491667012917615e-25,-2.275489947527613e-25)
714.75 (-4.823579497209612e-25,2.47832982512572e-25)
715 (4.807777728616509e-25,-1.035820723486205e-25)
715.25 (-2.28507017377351e-25,-8.425851423025633e-26)
715.5 (-6.854226169042065e-26,9.30878585748745e-26)
715.75 (2.340642323992098e-25,9.60096234755853e-26)
716 (-1.872275291683333e-25,-2.618577136927025e-25)
716.25 (-3.242402213933538e-26,2.324240343895869e-25)
716.5 (2.797786678735178e-25,-1.014494633140579e-25)
716.75 (-3.989936301583225e-25,7.683173643113065e-26)
717 (3.405968268127499e-25,-1.680113549052995e-25)
717.25 (-1.754773999421853e-25,1.354558976727911e-25)
717.5 (-7.37312045461973e-28,2.118073785212316e-25)
717.75 (1.370875706030975e-25,-7.218938131009176e-25)
718 (-1.963218606149262e-25,9.687804657251367e-25)
718.25 (1.220140850692955e-25,-6.442501158434344e-25)
718.5 (9.402706547267688e-26,-1.169186223844429e-25)
718.75 (-3.260847580133079e-25,8.140037827174271e-25)
719 (3.75824408207697e-25,-1.002509927206006e-24)
719.25 (-1.67238063619465e-25,6.595941417666275e-25)
719.5 (-1.483677220077783e-25,-1.442439088390966e-25)
719.75 (3.317341346303717e-25,-1.788440897367952e-25)
720 (-2.994551155054712e-25,2.399168460232913e-25)
720.25 (1.883824791052724e-25,-2.010205976174025e-25)
720.5 (-1.677031914505825e-25,1.822916356947398e-25)
720.75 (2.368207140776212e-25,-1.42281605412904e-25)
721 (-2.583745612076928e-25,1.18043378895864e-26)
721.25 (1.683531180368315e-25,1.689095999735773e-25)
721.5 (-8.083390149833413e-26,-3.132668541232798e-25)
721.75 (1.547587554940325e-25,4.220452941900609e-25)
722 (-4.007556654340274e-25,-5.55207989651496e-25)
722.25 (6.599329016500244e-25,6.802742131920611e-25)
722.5 (-7.463078961889349e-25,-6.504073399654538e-25)
722.75 (5.739377458966952e-25,3.860505730822946e-25)
723 (-1.901321668698696e-25,-2.517706633931397e-26)
723.25 (-2.285094445973618e-25,-1.746081436573647e-25)
723.5 (4.241320931377985e-25,8.164340898380333e-26)
723.75 (-2.352878575299826e-25,1.92636783941133e-25)
724 (-1.822510410447021e-25,-4.100575259518339e-25)
724.25 (3.932924056245457e-25,4.07296383853578e-25)
724.5 (-9.189971779261377e-26,-1.961807378758026e-25)
724.75 (-5.080376092731622e-25,-8.339614740264214e-26)
725 (8.152379963419095e-25,2.842121196045438e-25)
725.25 (-4.795782343455199e-25,-3.451326631460951e-25)
725.5 (-1.927410688203542e-25,2.922696000021853e-25)
725.75 (5.394780077547419e-25,-1.715295089205704e-25)
726 (-2.463189260185215e-25,1.669138499405889e-26)
726.25 (-3.346534706099876e-25,9.86452843272815e-26)
726.5 (5.887941178110664e-25,-3.879373716197757e-26)
726.75 (-2.848982060067921e-25,-2.619943374565161e-25)
727 (-2.397335202925044e-25,6.292935657532484e-25)
727.25 (4.977421625007673e-25,-7.177006173857239e-25)
727.5 (-3.673039536412987e-25,3.481853246445179e-25)
727.75 (1.540293479513249e-25,2.553691275208387e-25)
728 (-1.816173866989776e-25,-6.566319318555957e-25)
728.25 (4.002557139755284e-25,6.362351644555707e-25)
728.5 (-4.582260938447987e-25,-3.623365231918857e-25)
728.75 (1.468223612350401e-25,1.384270741026783e-25)
729 (3.135363390813427e-25,-8.279887770182719e-26)
729.25 (-5.06853318880603e-25,1.00185643602303e-25)
729.5 (3.115315070882492e-25,-6.90401049313857e-26)
729.75 (-4.984990872299826e-26,-4.864916097621404e-26)
730 (1.041872886471709e-25,2.343487985841917e-25)
730.25 (-4.709360443835163e-25,-4.225094515660317e-25)
730.5 (7.956713252249244e-25,4.786462393749703e-25)
730.75 (-8.159359068650812e-25,-2.971254216440867e-25)
731 (6.419056085623077e-25,-1.328631240994972e-26)
731.25 (-5.601928437402698e-25,1.436857230138483e-25)
731.5 (6.649833024156992e-25,9.096523128822464e-26)
731.75 (-7.807767322599509e-25,-4.733869805388828e-25)
732 (7.105426527354283e-25,5.690605801895248e-25)
732.25 (-4.602045604253858e-25,-2.426668231923608e-25)
732.5 (2.063664327446567e-25,-1.110368330656247e-25)
732.75 (-1.157044508410313e-25,-3.023839824156049e-26)
733 (2.257540116230509e-25,6.903389041326618e-25)
733.25 (-4.462272268026344e-25,-1.27512803192536e-24)
733.5 (6.282570759227745e-25,1.149543497898636e-24)
733.75 (-6.61138488424044e-25,-3.140114539336924e-25)
734 (5.5349762652146e-25,-5.481133699061378e-25)
734.25 (-4.215719327286863e-25,7.14144382143038e-25)
734.5 (3.696379689447369e-25,-1.010479962374981e-25)
734.75 (-3.820876230058865e-25,-6.849574704285995e-25)
735 (3.541505237651755e-25,9.351480419586601e-25)
735.25 (-2.239281078639176e-25,-4.65243313502887e-25)
735.5 (4.771496329327929e-26,-2.823385762226067e-25)
735.75 (5.889835799021479e-26,6.823332582434002e-25)
736 (-3.610759626007266e-26,-4.631116743960327e-25)
736.25 (-6.126583489580004e-26,-1.236234142792782e-25)
736.5 (9.59956727582001e-26,5.854851617112421e-25)
736.75 (5.390122355166368e-26,-6.271945257215812e-25)
737 (-3.800542704174767e-25,3.534818504532981e-25)
737.25 (6.957977604357966e-25,-8.849231110640893e-26)
737.5 (-7.411178966746549e-25,2.502437907112528e-26)
737.75 (4.029185737907082e-25,-6.760686538665119e-26)
738 (1.444130172142009e-25,1.006673969623644e-26)
738.25 (-5.463413427526742e-25,1.850583010216468e-25)
738.5 (5.524229370740257e-25,-3.394811583903542e-25)
738.75 (-2.145075163144632e-25,2.843691810029871e-25)
739 (-1.80227877000969e-25,-6.780215497689261e-26)
739.25 (3.593754679323077e-25,-1.039589852139109e-25)
739.5 (-2.652075238475615e-25,9.83550292613732e-26)
739.75 (5.381144857017878e-26,2.65897154563208e-26)
740 (6.958613695417968e-26,-1.318176290598464e-25)
740.25 (-2.452101792390813e-26,1.619514187986598e-25)
740.5 (-1.035636326249825e-25,-1.678887735128757e-25)
740.75 (1.79898499596993e-25,2.050911540586695e-25)
741 (-1.711316322250876e-25,-2.667270400071764e-25)
741.25 (1.59616149647928e-25,3.182460681251071e-25)
741.5 (-1.981980881885071e-25,-3.471414325448496e-25)
741.75 (1.949830686765381e-25,3.483937358689055e-25)
742 (-1.119761992307087e-26,-2.932472022009543e-25)
742.25 (-3.247345036724016e-25,1.652208570088994e-25)
742.5 (5.863115417328426e-25,-2.93661185918668e-26)
742.75 (-5.951162923548941e-25,1.061665823085159e-26)
743 (4.430323890521411e-25,-1.589767069368897e-25)
743.25 (-3.675022279187867e-25,3.58230163017234e-25)
743.5 (4.136286538447201e-25,-4.23522179679512e-25)
743.75 (-3.489173582493791e-25,2.98319335932156e-25)
744 (-1.0369259424614e-26,-1.071153097464408e-25)
744.25 (4.810346154610725e-25,-9.307042921070676e-27)
744.5 (-6.60365447132375e-25,5.569075413778596e-26)
744.75 (3.883229654294149e-25,-1.204569957838025e-25)
745 (6.394156973360099e-26,1.918777958730018e-25)
745.25 (-3.188316466416265e-25,-1.446087867214907e-25)
745.5 (3.036056803086707e-25,-5.488315549699072e-26)
745.75 (-2.424839124223871e-25,2.235887521539348e-25)
746 (3.056328322359274e-25,-1.458118857337162e-25)
746.25 (-4.094457844983013e-25,-1.372232343794369e-25)
746.5 (3.853420724867257e-25,3.217087544559588e-25)
746.75 (-2.224401710770062e-25,-1.640032195357877e-25)
747 (5.718738727717451e-26,-2.455534947070048e-25)
747.25 (1.242960974581005e-26,5.725651429459183e-25)
747.5 (1.505694217821696e-28,-5.670426254344458e-25)
747.75 (-6.515584275047509e-26,2.677339419796928e-25)
748 (1.98537338899656e-25,7.548023349353087e-26)
748.25 (-3.886053834328566e-25,-2.131615642552868e-25)
748.5 (5.304593297199716e-25,4.570490609688313e-26)
748.75 (-5.039470262728585e-25,3.436112235324436e-25)
749 (3.0343880866224e-25,-7.420556277639167e-25)
749.25 (-4.429605028834996e-26,9.241436618050081e-25)
749.5 (-1.566400909176221e-25,-7.863787991858536e-25)
749.75 (2.742033286456798e-25,4.097251496923827e-25)
750 (-3.56702718278289e-25,3.299139769780563e-27)
750.25 (4.574711666462621e-25,-2.647819555392904e-25)
750.5 (-5.916552124436144e-25,3.087771881254225e-25)
750.75 (7.195514908924698e-25,-2.096830212504885e-25)
751 (-7.512353401867773e-25,1.130249045228289e-25)
751.25 (6.044300320444769e-25,-1.240365927548572e-25)
751.5 (-2.987049631837416e-25,2.350660052995865e-25)
751.75 (-2.098556229418115e-26,-3.574020986041452e-25)
752 (1.933327027903441e-25,4.206385330784531e-25)
752.25 (-1.777955821504137e-25,-4.197172091397514e-25)
752.5 (6.433164084553485e-26,3.639108448104847e-25)
752.75 (4.040831139632971e-26,-2.309408272705319e-25)
753 (-9.855038117241781e-26,2.265016437568408e-26)
753.25 (1.168100298486298e-25,1.567362564721217e-25)
753.5 (-9.403757275934813e-26,-1.533084189436713e-25)
753.75 (2.902430362632306e-26,-6.930919547925647e-26)
754 (4.761563218146751e-26,3.470689522674209e-25)
754.25 (-8.665041989874087e-26,-4.387260246010451e-25)
754.5 (5.602234534543322e-26,2.373348451156041e-25)
754.75 (5.226199985077487e-26,1.378950135089695e-25)
755 (-2.17709936675288e-25,-4.372941887906743e-25)
755.25 (3.589836503363813e-25,4.642851172770216e-25)
755.5 (-3.512921023220027e-25,-2.063932178275526e-25)
755.75 (1.586492435471965e-25,-1.725406858197162e-25)
756 (6.099099000656821e-26,4.706987044415131e-25)
756.25 (-8.943915054148793e-26,-5.966022557252612e-25)
756.5 (-6.756018151927282e-26,5.809102542625689e-25)
756.75 (1.295512220519085e-25,-4.59957613880835e-25)
757 (1.218861279023762e-25,2.163563812610136e-25)
757.25 (-5.133682108791369e-25,1.182348867954445e-25)
757.5 (6.315019600579498e-25,-3.682753022770217e-25)
757.75 (-3.220116198015809e-25,3.460824142517683e-25)
758 (-9.912083343975544e-26,-1.008913877800334e-25)
758.25 (2.141938060383433e-25,-7.343310290738565e-26)
758.5 (1.637271889483672e-26,-3.458562182023608e-26)
758.75 (-2.658201815002963e-25,2.761995879021438e-25)
759 (2.787268445109988e-25,-2.990590144864019e-25)
759.25 (-1.348576515915653e-25,-1.925865553237158e-26)
759.5 (4.665866226265419e-26,3.943916069258393e-25)
759.75 (-4.883314884122473e-26,-4.43667432670177e-25)
760 (1.258279678498214e-26,1.171578663969117e-25)
760.25 (1.083921548507472e-25,2.407554380267311e-25)
760.5 (-2.033277598623677e-25,-2.431643841927765e-25)
760.75 (1.901801014141285e-25,-1.7101717436218e-25)
761 (-1.47322352329793e-25,7.042973587908715e-25)
761.25 (1.878699121970373e-25,-9.749184669917873e-25)
761.5 (-2.818677846567855e-25,8.087330314117276e-25)
761.75 (2.986035992538015e-25,-3.21946386593693e-25)
762 (-1.928220705758385e-25,-2.04809470644866e-25)
762.25 (5.033250912409432e-26,5.136023872708669e-25)
762.5 (5.540611874964187e-26,-4.90478485258531e-25)
762.75 (-1.522849262626237e-25,1.941274679053978e-25)
763 (2.637703283622744e-25,1.833608814477104e-25)
763.25 (-2.914797622717598e-25,-4.174083530262645e-25)
763.5 (1.057906489303581e-25,3.981353559639829e-25)
763.75 (2.478401230992915e-25,-2.258012056734663e-25)
764 (-5.175721909882144e-25,1.283901084667377e-25)
764.25 (4.71907009608607e-25,-2.307306968277972e-25)
764.5 (-1.368422765645866e-25,4.076550162419497e-25)
764.75 (-2.254664029408892e-25,-4.093526595229211e-25)
765 (3.711601314708495e-25,1.374795425101273e-25)
765.25 (-2.917745369571406e-25,2.462634977834373e-25)
765.5 (1.803014788836681e-25,-4.970964764838358e-25)
765.75 (-1.973414445613817e-25,5.188847451591595e-25)
766 (2.919173653104354e-25,-3.900099526363517e-25)
766.25 (-2.792881741089187e-25,2.27373743189108e-25)
766.5 (9.72257486070792e-26,-1.123216091663401e-25)
766.75 (7.151063182399755e-26,1.199373082130651e-25)
767 (-1.617368657914983e-27,-2.902210838723851e-25)
767.25 (-2.659508097234956e-25,5.15699376872498e-25)
767.5 (4.237313435567052e-25,-5.630648636427272e-25)
767.75 (-2.669970671400073e-25,3.24394654664945e-25)
768 (-1.829329312238487e-26,-7.203325462873484e-27)
768.25 (5.689947789257695e-26,-5.907629193364846e-26)
768.5 (2.404354119302526e-25,-1.734263030765669e-25)
768.75 (-5.356256477141811e-25,3.864322058153903e-25)
769 (4.576847784622418e-25,-2.874624975853993e-25)
769.25 (-4.559865004443523e-26,-1.875732136029426e-26)
769.5 (-3.016529047276462e-25,1.821759551776985e-25)
769.75 (2.766667741936175e-25,-7.908717566314125e-26)
770 (3.671527379350352e-26,-4.30571451751084e-26)
770.25 (-3.096866794441021e-25,-6.454998747954758e-26)
770.5 (3.13534803205024e-25,2.980394319197429e-25)
770.75 (-8.9129075177946e-26,-3.52665187917846e-25)
771 (-1.364523657265258e-25,1.462421487619457e-25)
771.25 (1.345838860777999e-25,8.203602822305496e-26)
771.5 (1.606359960229612e-25,-1.019818880265471e-25)
771.75 (-5.760123544108677e-25,-4.173256811553128e-26)
772 (7.994483816183463e-25,1.728910745347603e-25)
772.25 (-6.469279072401519e-25,-2.594716822160811e-25)
772.5 (2.582272272456146e-25,3.898941463499711e-25)
772.75 (2.917545075049874e-26,-5.218139895729724e-25)
773 (-2.667398802455145e-26,4.437022769612772e-25)
773.25 (-1.369471725893223e-25,-6.373600229651267e-26)
773.5 (2.205490359768801e-25,-3.800179481808263e-25)
773.75 (-1.699859915369866e-25,5.253840399693732e-25)
774 (1.28239649738465e-25,-2.782140114549671e-25)
774.25 (-1.8279644844647e-25,-9.767024620397079e-26)
774.5 (2.267390085067502e-25,2.874126961621719e-25)
774.75 (-1.24004650240984e-25,-2.399276504978013e-25)
775 (-6.71962982752295e-26,1.503676104033891e-25)
775.25 (1.330149317679195e-25,-2.04079350115665e-25)
775.5 (3.916528381799771e-26,3.997781720007525e-25)
775.75 (-3.134690187888525e-25,-5.888301937188322e-25)
776 (4.412735505762665e-25,6.211350776883564e-25)
776.25 (-3.090303319234111e-25,-4.569982184785271e-25)
776.5 (3.299092097958581e-26,1.923478307126945e-25)
776.75 (1.601978023969797e-25,1.189118238516572e-26)
777 (-1.255247775704163e-25,-6.626141911777356e-26)
777.25 (-8.924518659477162e-26,4.013811968351484e-26)
777.5 (2.739910884041872e-25,-8.657921116284865e-26)
777.75 (-2.093847086317028e-25,2.647481230213917e-25)
778 (-1.478567372771785e-25,-4.662142775238428e-25)
778.25 (5.972395499212328e-25,5.379483847946055e-25)
778.5 (-8.382782039016407e-25,-4.45849793064721e-25)
778.75 (7.262975947660775e-25,2.812729463660017e-25)
779 (-3.98300285001811e-25,-1.350198029800111e-25)
779.25 (1.341940973586051e-25,2.65321816765199e-26)
779.5 (-9.184436417413413e-26,3.973273043067125e-26)
779.75 (1.869894661360843e-25,-1.71494165071909e-26)
780 (-2.243535105063171e-25,-1.298268075380799e-25)
780.25 (1.159365880597305e-25,3.365042606670343e-25)
780.5 (4.790161787742887e-26,-4.555736323116974e-25)
780.75 (-1.215900922916901e-25,3.816727168616825e-25)
781 (5.931665423812124e-26,-1.435337328818346e-25)
781.25 (6.086220555106788e-26,-1.266194337777522e-25)
781.5 (-1.32755205704241e-25,2.911538012819994e-25)
781.75 (1.06019891354744e-25,-2.748458310055057e-25)
782 (1.392060842848095e-26,8.487567048784579e-26)
782.25 (-1.970274570954269e-25,1.823960875349763e-25)
782.5 (3.846344590123106e-25,-3.608549993059349e-25)
782.75 (-4.786389015398835e-25,3.088382715391582e-25)
783 (3.89617849784294e-25,-4.185212730726988e-26)
783.25 (-1.201314093662861e-25,-2.425692772925821e-25)
783.5 (-2.185258624526744e-25,3.327361922866663e-25)
783.75 (4.893326878370143e-25,-2.21157814085907e-25)
784 (-6.195104231878992e-25,1.173479246606004e-25)
784.25 (6.095176266386168e-25,-2.042715445434676e-25)
784.5 (-4.984537104159752e-25,4.072221860784771e-25)
784.75 (3.642669668112317e-25,-4.625433818249787e-25)
785 (-3.262132220124124e-25,2.228937181218114e-25)
785.25 (4.575497798195399e-25,1.578488064760442e-25)
785.5 (-6.584940798359715e-25,-3.739505129623002e-25)
785.75 (6.847042218997511e-25,2.70006724907731e-25)
786 (-3.890253604317547e-25,3.346108320375026e-26)
786.25 (-7.255801321102326e-26,-2.779353498357229e-25)
786.5 (3.546385950131874e-25,2.799580746598917e-25)
786.75 (-2.702173362022244e-25,-3.769733288027071e-26)
787 (-3.095849688231419e-26,-2.827202269111233e-25)
787.25 (2.677840438137088e-25,4.35805834451157e-25)
787.5 (-3.507055684514052e-25,-2.526633281258555e-25)
787.75 (4.21256077512795e-25,-1.953255271495863e-25)
788 (-5.955765918736317e-25,5.90517940036672e-25)
788.25 (7.757240819729998e-25,-6.088704918497977e-25)
788.5 (-7.64027247418673e-25,2.220096935420176e-25)
788.75 (5.021975527853435e-25,2.558849907492729e-25)
789 (-1.306552814776246e-25,-4.568157959075093e-25)
789.25 (-1.638193073918619e-25,2.955380445730063e-25)
789.5 (2.988278238844828e-25,-8.867931779165032e-27)
789.75 (-3.064573603997666e-25,-1.169527605575957e-25)
790 (2.600464582282257e-25,1.785235707850682e-26)
790.25 (-2.125982930492218e-25,1.465999081376696e-25)
790.5 (1.674365594897585e-25,-2.049395044318093e-25)
790.75 (-8.896419626269805e-26,1.338529089161572e-25)
791 (-2.917775446197008e-26,-2.165003112376799e-26)
791.25 (1.019520901204554e-25,-5.996167208760771e-26)
791.5 (-1.639795318986191e-26,1.045374144352699e-25)
791.75 (-2.016461860891324e-25,-1.213606218741398e-25)
792 (3.336119723250578e-25,1.008696911712852e-25)
792.25 (-1.630686179977356e-25,-5.157901010603533e-26)
792.5 (-2.663944570953468e-25,3.280903437320636e-26)
792.75 (6.464797233941466e-25,-1.031818658679272e-25)
793 (-6.888031506481617e-25,2.316258488132454e-25)
793.25 (3.915527948280344e-25,-2.916675145726865e-25)
793.5 (-1.276127647658644e-26,1.751773571399552e-25)
793.75 (-1.862066568044396e-25,7.856445825448497e-26)
794 (1.490380130673624e-25,-2.77062699002058e-25)
794.25 (-1.566339021894471e-26,2.252659208387265e-25)
794.5 (-4.473621512624687e-26,8.196806949408536e-26)
794.75 (-7.11228032868559e-27,-4.061211184218482e-25)
795 (5.76808210531814e-26,4.398904297151847e-25)
795.25 (2.91280309959708e-26,-9.0593961338087e-26)
795.5 (-2.482276226065478e-25,-3.961178423633111e-25)
795.75 (4.354121796149078e-25,6.318888180455767e-25)
796 (-4.416515832199705e-25,-4.426835829764237e-25)
796.25 (3.132194488756702e-25,3.185081188377033e-26)
796.5 (-2.49712350640428e-25,2.269078753341616e-25)
796.75 (3.669394990304669e-25,-1.547825534186741e-25)
797 (-5.451452845654568e-25,-8.347290651214992e-26)
797.25 (5.538460393971063e-25,1.801571056247482e-25)
797.5 (-3.076916397930071e-25,-5.148035490552978e-27)
797.75 (-4.795558514367497e-26,-2.766106788042291e-25)
798 (3.037578117748283e-25,3.836636601949017e-25)
798.25 (-3.854007579892986e-25,-2.010879908601457e-25)
798.5 (3.59926782064165e-25,-1.034958922582778e-25)
798.75 (-2.934430074645093e-25,2.401809915272706e-25)
799 (1.790151112849211e-25,-8.58024666143211e-26)
799.25 (-1.845486980007671e-26,-1.807218527071671e-25)
799.5 (-9.490900651689488e-26,2.473219217120593e-25)
799.75 (4.707718956380316e-26,1.577199093866864e-26)
800 (1.516430564258218e-25,-4.205169181754196e-25)
800.25 (-3.563625429827722e-25,6.467767543962322e-25)
800.5 (4.433709271123755e-25,-5.439606151185241e-25)
800.75 (-4.23760973070385e-25,2.40000066462255e-25)
801 (3.632781778433866e-25,9.355071339580173e-27)
801.25 (-2.441747965085853e-25,-3.628646332353212e-26)
801.5 (-2.521428199270887e-27,-1.442454503259785e-25)
801.75 (3.268891844757915e-25,3.74938809240483e-25)
802 (-5.217079206308464e-25,-4.686980735548095e-25)
802.25 (4.259687750054496e-25,3.491886899038757e-25)
802.5 (-1.303144121873771e-25,-1.384128181493399e-25)
802.75 (-9.221559582876717e-26,7.15025708236108e-26)
803 (6.441702033442227e-26,-2.618507287103286e-25)
803.25 (1.28741033917592e-25,5.619440538890275e-25)
803.5 (-2.527084227669872e-25,-7.150876158190352e-25)
803.75 (1.612916675614585e-25,6.38420758765459e-25)
804 (8.107032634191825e-26,-4.828263722000136e-25)
804.25 (-2.676251650198947e-25,3.991145771695762e-25)
804.5 (2.227482903011889e-25,-3.389920709101415e-25)
804.75 (4.536320242396007e-26,1.639154033092741e-25)
805 (-3.276983056000669e-25,1.05554474027097e-25)
805.25 (3.824335820628327e-25,-2.622750411756427e-25)
805.5 (-1.678921512217876e-25,1.503634706967721e-25)
805.75 (-1.043939931668785e-25,1.474520905578932e-25)
806 (1.902795450547661e-25,-3.944112911418015e-25)
806.25 (-7.399145208372084e-26,4.169500102259234e-25)
806.5 (-4.539711803272823e-26,-2.067525007669202e-25)
806.75 (2.865721217954791e-26,-1.258121709661376e-25)
807 (1.880810990549299e-26,4.258610300630507e-25)
807.25 (1.064193087221637e-25,-5.566149385634737e-25)
807.5 (-4.133635621210732e-25,4.859493668786377e-25)
807.75 (6.527699806701457e-25,-3.362900494182691e-25)
808 (-5.708751981557425e-25,2.832384748354087e-25)
808.25 (1.858916731218497e-25,-3.610029778586501e-25)
808.5 (2.243392750008663e-25,4.084397343156281e-25)
808.75 (-3.990529692539415e-25,-2.602297075835545e-25)
809 (3.317329860570994e-25,-2.293549596084468e-26)
809.25 (-2.28936791304324e-25,1.6705807875721e-25)
809.5 (2.549173018752719e-25,5.096059903735972e-26)
809.75 (-3.446595031005638e-25,-5.615256513670313e-25)
810 (2.905973626314035e-25,1.027463263717427e-24)
810.25 (-1.093798503841682e-26,-1.111712694361437e-24)
810.5 (-3.082176781965586e-25,7.484547650680786e-25)
810.75 (3.854813478945071e-25,-1.864698655091634e-25)
811 (-1.584132314838629e-25,-2.311909101454228e-25)
811.25 (-1.290763524912876e-25,3.530333291555114e-25)
811.5 (1.929206763260506e-25,-2.986949317699962e-25)
811.75 (-2.905489067338029e-26,2.62940686700334e-25)
812 (-9.630039321813659e-26,-2.816412130936566e-25)
812.25 (-2.200298923477793e-26,2.410078709668269e-25)
812.5 (2.761138285038191e-25,-9.380277237505516e-26)
812.75 (-3.714265538878277e-25,-3.691175291423276e-26)
813 (1.64855112190188e-25,2.931463682489598e-26)
813.25 (1.891719342669465e-25,3.416070144288322e-26)
813.5 (-4.255482006445202e-25,4.713438962354108e-26)
813.75 (4.326812713639598e-25,-2.960800141631083e-25)
814 (-3.005736388323865e-25,4.608063916806684e-25)
814.25 (1.633732576337017e-25,-2.954165705209572e-25)
814.5 (-6.636880967413971e-26,-1.121913251927365e-25)
814.75 (-1.46615067614813e-26,3.936009809220513e-25)
815 (9.042265008300028e-26,-2.969306727322864e-25)
815.25 (-1.38603977597178e-25,-4.002890954660677e-26)
815.5 (1.449742703013237e-25,2.576374545286329e-25)
815.75 (-1.228660507340771e-25,-1.74802611811755e-25)
816 (8.81385954085075e-26,-3.617319363517817e-26)
816.25 (-4.016515693086919e-26,6.931148857978509e-26)
816.5 (-2.250517197042354e-26,1.719742207734882e-25)
816.75 (8.441717439702246e-26,-4.733717136104077e-25)
817 (-1.245960229345709e-25,5.247796273130315e-25)
817.25 (1.378958323284162e-25,-2.174090207505107e-25)
817.5 (-1.359991935375957e-25,-2.498425284600155e-25)
817.75 (1.376733478478839e-25,5.313882973489052e-25)
818 (-1.720087832132264e-25,-4.209326039315269e-25)
818.25 (2.777423889573816e-25,2.809830531837682e-26)
818.5 (-4.631710893905101e-25,3.108812381217983e-25)
818.75 (6.515104382338714e-25,-3.300697574919226e-25)
819 (-6.974794255129114e-25,7.23590321579276e-26)
819.25 (5.061906219695641e-25,1.757024916076941e-25)
819.5 (-1.511093685196585e-25,-1.968982090196192e-25)
819.75 (-1.506298378180701e-25,6.069807395366441e-26)
820 (2.104042519008272e-25,4.371682769736486e-27)
820.25 (-2.809263250027894e-26,8.218771762040346e-26)
820.5 (-2.155224629555904e-25,-1.596209758222295e-25)
820.75 (3.213920422078702e-25,6.203367420992361e-26)
821 (-2.3443800985247e-25,1.387590086277447e-25)
821.25 (6.676532937216517e-26,-2.159742145162824e-25)
821.5 (2.434914099679055e-26,8.726002553794378e-26)
821.75 (1.282331571909401e-26,7.172217945207908e-26)
822 (-8.697725715383939e-26,-4.964046222915259e-26)
822.25 (8.265560101225073e-26,-1.376745315574988e-25)
822.5 (-1.31537144043246e-26,2.761864770011862e-25)
822.75 (1.771264041679657e-26,-2.128173687961918e-25)
823 (-1.730807682472047e-25,7.237254915391304e-27)
823.25 (3.404439580560075e-25,1.799936422014779e-25)
823.5 (-2.801777149355177e-25,-2.733023424872237e-25)
823.75 (-5.174805662670899e-26,3.038846112566942e-25)
824 (3.882872791967241e-25,-2.891598653768783e-25)
824.25 (-4.096947056658266e-25,1.769306244372745e-25)
824.5 (1.057415383066579e-25,5.555516279809243e-26)
824.75 (1.964719236742221e-25,-2.887421948066845e-25)
825 (-1.950153875493712e-25,3.129689894957045e-25)
825.25 (-5.346714642864756e-26,-2.712120913658491e-26)
825.5 (2.178179657488137e-25,-4.256587286858731e-25)
825.75 (-8.225234845804028e-26,7.516894798404867e-25)
826 (-2.18656348270688e-25,-7.575717514380433e-25)
826.25 (3.710313497381079e-25,5.098764753246226e-25)
826.5 (-2.300953303898207e-25,-2.431842459185966e-25)
826.75 (-5.248115426469719e-26,1.211531547843215e-25)
827 (2.22555556869018e-25,-1.057988470581267e-25)
827.25 (-1.745008852633927e-25,5.728931088481166e-26)
827.5 (-1.101899488530068e-26,7.335199494314248e-26)
827.75 (2.125351572019346e-25,-1.853140873179398e-25)
828 (-3.69755068108681e-25,1.597894390550534e-25)
828.25 (4.454003641764987e-25,-2.009196768124044e-26)
828.5 (-3.794161293786662e-25,-6.719300609120336e-26)
828.75 (1.573163363811823e-25,-4.241259033267049e-26)
829 (1.052119740204037e-25,3.131288308976024e-25)
829.25 (-2.352228347449251e-25,-5.483189981043814e-25)
829.5 (1.910237024699681e-25,5.757307180933231e-25)
829.75 (-1.211350079355486e-25,-4.100790903591779e-25)
830 (1.847595633252084e-25,2.22548354481791e-25)
830.25 (-3.459428310540775e-25,-1.558991965507409e-25)
830.5 (4.102147714355315e-25,1.963748375089778e-25)
830.75 (-2.6495368574521e-25,-2.372524285451892e-25)
831 (2.360861161424996e-26,2.272474462612483e-25)
831.25 (9.49880132683412e-26,-2.00824385037742e-25)
831.5 (8.002952685888571e-27,1.690836904632032e-25)
831.75 (-2.351870330232789e-25,-5.724568547502545e-26)
832 (4.0645108569705e-25,-1.92674708671536e-25)
832.25 (-4.055894861295117e-25,4.880173316459131e-25)
832.5 (2.381961609329064e-25,-6.247906911539664e-25)
832.75 (-8.789667755165016e-27,4.799535978918402e-25)
833 (-1.41890613064475e-25,-1.302136505227865e-25)
833.25 (1.240089377334292e-25,-2.329914091703169e-25)
833.5 (3.495423424629074e-26,4.719670686678437e-25)
833.75 (-2.179187691006466e-25,-5.695649106525176e-25)
834 (3.285304081953276e-25,5.735679099094373e-25)
834.25 (-3.607751422901056e-25,-5.29913423626752e-25)
834.5 (3.530268071890505e-25,4.68621067010017e-25)
834.75 (-3.194242711773929e-25,-4.133127265439715e-25)
835 (2.794679659080625e-25,3.845278072167741e-25)
835.25 (-3.238212031565748e-25,-4.010402017708709e-25)
835.5 (5.441932560773514e-25,4.702821445101175e-25)
835.75 (-8.451149706762842e-25,-5.567396890521729e-25)
836 (9.083192748489461e-25,5.740663076764696e-25)
836.25 (-4.749910692352878e-25,-4.568226694479146e-25)
836.5 (-3.093541358679692e-25,2.558055954488828e-25)
836.75 (9.237262789671062e-25,-1.187434552395426e-25)
837 (-9.270676195234264e-25,1.379829779966165e-25)
837.25 (3.719447652265528e-25,-2.397402846265865e-25)
837.5 (2.758430623170289e-25,2.649257339951373e-25)
837.75 (-5.998245886410577e-25,-1.483259996881148e-25)
838 (5.541380062816826e-25,-2.604517103072927e-26)
838.25 (-3.543926696453416e-25,1.450184365234926e-25)
838.5 (1.785177141432059e-25,-1.861579344228388e-25)
838.75 (-5.913292280760021e-26,1.915733899591656e-25)
839 (4.442464623298775e-28,-1.698532106854107e-25)
839.25 (-5.488346127844619e-26,8.759421838334726e-26)
839.5 (2.297430213627967e-25,3.911096448830217e-26)
839.75 (-3.968691911834175e-25,-1.007268218462279e-25)
840 (3.872663470356355e-25,-8.026302181866568e-27)
840.25 (-1.738140026695711e-25,2.435199428222661e-25)
840.5 (-1.006971250040282e-25,-4.007620451905486e-25)
840.75 (2.936659240609191e-25,2.852638321205625e-25)
841 (-4.090698811370966e-25,8.611381167559481e-26)
841.25 (5.335253726516324e-25,-4.710014166606605e-25)
841.5 (-6.640229040187082e-25,6.121829585387702e-25)
841.75 (6.795211009317977e-25,-4.668388272638027e-25)
842 (-5.096281268311506e-25,2.191771921789517e-25)
842.25 (2.666916804838153e-25,-8.213724051863744e-26)
842.5 (-1.334726106147339e-25,1.188598202818504e-25)
842.75 (1.308032678746575e-25,-2.477918504139102e-25)
843 (-8.284695733156672e-26,3.530289474961473e-25)
843.25 (-1.449142867357468e-25,-3.46566547698234e-25)
843.5 (4.389473581731544e-25,1.811007555918498e-25)
843.75 (-5.516101437680078e-25,1.021429081082146e-25)
844 (4.026876624944786e-25,-3.34583060128466e-25)
844.25 (-1.749144017768194e-25,3.231903651172466e-25)
844.5 (8.226413819177566e-26,-5.420023094980175e-26)
844.75 (-1.244869127483354e-25,-2.471527668315367e-25)
845 (1.40232005819481e-25,3.226622916377859e-25)
845.25 (-5.642508585253032e-26,-1.38958070542348e-25)
845.5 (-9.471975686487939e-27,-9.851312990130536e-26)
845.75 (-9.274332984843626e-26,1.727071202503313e-25)
846 (3.495666222143715e-25,-4.947277393573273e-26)
846.25 (-5.712415767200495e-25,-1.431145787747348e-25)
846.5 (5.417984031094972e-25,2.647821298735584e-25)
846.75 (-1.819620546555207e-25,-2.711008565313247e-25)
847 (-3.685886368363273e-25,2.20742749218128e-25)
847.25 (7.942375651843603e-25,-2.087552062069924e-25)
847.5 (-8.016916213305629e-25,2.619761030660447e-25)
847.75 (3.804084925704096e-25,-2.76463692182989e-25)
848 (1.252032017672772e-25,1.042912197731411e-25)
848.25 (-2.852032016275035e-25,2.473449848424451e-25)
848.5 (-1.405743816885731e-26,-5.434113888352801e-25)
848.75 (4.501899663403829e-25,5.371982690780679e-25)
849 (-5.766559500261415e-25,-2.714574925591712e-25)
849.25 (2.536977060594438e-25,7.556317006347643e-26)
849.5 (2.358461617184477e-25,-1.961936329838464e-25)
849.75 (-4.771151074206155e-25,4.779178910613222e-25)
850 (3.091147615955362e-25,-5.043667191488918e-25)
850.25 (5.730602009658839e-26,7.470639349531735e-26)
850.5 (-2.648908123262653e-25,5.251532423919094e-25)
850.75 (1.433096128509328e-25,-7.761752256032053e-25)
851 (1.546577488362684e-25,4.357945517713608e-25)
851.25 (-3.226229573480458e-25,2.320257223786211e-25)
851.5 (2.037698618065457e-25,-7.186145229368417e-25)
851.75 (6.329508035115897e-26,7.282752689962282e-25)
852 (-1.904515699737804e-25,-3.835813720623778e-25)
852.25 (2.457861798708714e-26,2.983561420397928e-26)
852.5 (3.135426358669505e-25,1.146478424561995e-25)
852.75 (-5.61795435507428e-25,-1.091180482111933e-25)
853 (5.698526904483009e-25,1.317065197183275e-25)
853.25 (-4.146862617617868e-25,-2.277340495505365e-25)
853.5 (2.800589180563027e-25,2.60056472480581e-25)
853.75 (-2.485555895391951e-25,-1.074878527518391e-25)
854 (2.320027089472281e-25,-1.457637182425029e-25)
854.25 (-1.021892736112065e-25,2.829171372642342e-25)
854.5 (-1.385750695557039e-25,-2.132357081299251e-25)
854.75 (3.432447036589476e-25,8.529039788655189e-26)
855 (-3.710981752591951e-25,-9.249105853021522e-26)
855.25 (2.255124558749614e-25,2.12770360646786e-25)
855.5 (-3.192935824164626e-26,-2.320274470217144e-25)
855.75 (-9.408540063433977e-26,3.93242116776417e-26)
856 (1.297475946031575e-25,1.882417473517555e-25)
856.25 (-1.130504156302734e-25,-1.699439080755886e-25)
856.5 (7.291730767902602e-26,-1.36552089905724e-25)
856.75 (-1.052579202353913e-26,4.528807373853297e-25)
857 (-7.088746555905042e-26,-4.562484681613802e-25)
857.25 (1.418299887486861e-25,9.400474899788505e-26)
857.5 (-1.54774876926568e-25,3.890955585576284e-25)
857.75 (7.646120413251124e-26,-6.822263078313467e-25)
858 (7.698958504363625e-26,6.285174959977573e-25)
858.25 (-2.364355566703608e-25,-2.705761008510855e-25)
858.5 (3.305064270761741e-25,-2.200832868898236e-25)
858.75 (-3.466894131588935e-25,6.251506071337353e-25)
859 (3.180769441803194e-25,-7.657456549476115e-25)
859.25 (-2.420689755449869e-25,6.105016816783416e-25)
859.5 (6.405629854201458e-26,-3.324303287445413e-25)
859.75 (2.012015321038091e-25,2.06588496684792e-25)
860 (-3.653486089235748e-25,-3.758480456459532e-25)
860.25 (1.942371087788995e-25,6.88477959686897e-25)
860.5 (3.011768703754237e-25,-7.97774656970481e-25)
860.75 (-7.691021729048875e-25,4.696213768037945e-25)
861 (8.184013505883597e-25,1.886764393408437e-25)
861.25 (-4.334755890630226e-25,-8.081025013233141e-25)
861.5 (2.185353966610744e-26,1.061368728237203e-24)
861.75 (-7.92628493768501e-27,-8.831055983614354e-25)
862 (4.097865207639983e-25,4.293234788429981e-25)
862.25 (-8.477856605180371e-25,9.480560221206689e-26)
862.5 (9.385374895679421e-25,-5.191091895036391e-25)
862.75 (-6.355688025912923e-25,6.913964002808092e-25)
863 (2.050881711974961e-25,-5.152585690117068e-25)
863.25 (5.935564156707174e-26,7.416352511512418e-26)
863.5 (-6.786094071100624e-26,3.408715136691183e-25)
863.75 (-6.215033639813193e-26,-4.290552604550669e-25)
864 (1.562394467672637e-25,1.448116105870863e-25)
864.25 (-1.229601564210982e-25,2.556440933254827e-25)
864.5 (-6.604648937163159e-27,-4.485330760664357e-25)
864.75 (1.279577588031136e-25,3.208617911748967e-25)
865 (-1.45332353328364e-25,-3.284134286546873e-26)
865.25 (3.618091643568383e-26,-1.583584989932207e-25)
865.5 (1.334188727814781e-25,1.27804722882405e-25)
865.75 (-2.50709819312874e-25,2.604525277423119e-26)
866 (2.330538379311081e-25,-8.558152519327768e-26)
866.25 (-8.917567220832973e-26,-7.642038320831848e-26)
866.5 (-8.227995026193703e-26,3.586151191756762e-25)
866.75 (1.581472163475758e-25,-5.031558846708386e-25)
867 (-6.999779019243629e-26,3.375509309694565e-25)
867.25 (-1.572350902998646e-25,3.820685205353843e-26)
867.5 (4.209690518548769e-25,-3.215596973455981e-25)
867.75 (-5.924451126515493e-25,2.878202634489176e-25)
868 (5.837750800871882e-25,-9.518872497379935e-27)
868.25 (-4.03601179859787e-25,-2.080713600145113e-25)
868.5 (1.541683953529031e-25,1.179899015660954e-25)
868.75 (5.117765024726238e-26,2.329770487428448e-25)
869 (-1.816085678705813e-25,-5.539665169133815e-25)
869.25 (2.833468875803718e-25,5.953601028891906e-25)
869.5 (-3.702304957764942e-25,-3.823170104527825e-25)
869.75 (3.539918576236631e-25,1.551951323871926e-25)
870 (-1.354194721020086e-25,-8.52004166003976e-26)
870.25 (-2.295461469987341e-25,9.14612486780779e-26)
870.5 (5.064561444887427e-25,2.050942056181672e-26)
870.75 (-4.748589039156145e-25,-2.667626421218751e-25)
871 (1.446348305877235e-25,4.17313914165519e-25)
871.25 (2.467424713984216e-25,-2.684492298958043e-25)
871.5 (-4.575011311378209e-25,-6.921370781892646e-26)
871.75 (4.41242834325205e-25,2.432997657409807e-25)
872 (-3.214872760140582e-25,-3.759645572749402e-26)
872.25 (2.092845132406109e-25,-3.813711882150683e-25)
872.5 (-1.0044332561314e-25,6.341646740715681e-25)
872.75 (-3.831433966267673e-26,-5.118766514019816e-25)
873 (1.411192193107908e-25,1.508778511401986e-25)
873.25 (-8.013905031581619e-26,1.456934396151959e-25)
873.5 (-1.473211853405122e-25,-1.961036351056039e-25)
873.75 (3.295643137773342e-25,4.485423401025721e-26)
874 (-2.197838600170866e-25,1.480431838663715e-25)
874.25 (-1.782789893327444e-25,-2.591005512976088e-25)
874.5 (5.597923967810335e-25,2.616259567944582e-25)
874.75 (-6.05194782872659e-25,-2.050625665613287e-25)
875 (3.039995363028586e-25,1.718722222553504e-25)
875.25 (4.768973692173681e-26,-2.252218031713418e-25)
875.5 (-1.66344397652445e-25,3.475254679225397e-25)
875.75 (4.887606294350551e-26,-4.188429232504709e-25)
876 (8.868794832308445e-26,2.964874419552425e-25)
876.25 (-7.991752510922208e-26,3.544486745053263e-26)
876.5 (-4.083191424912342e-26,-3.922501241892958e-25)
876.75 (1.292821079658009e-25,5.133816638363356e-25)
877 (-9.725407994580103e-26,-3.145004044468087e-25)
877.25 (-3.547260225025782e-26,1.487544338323868e-26)
877.5 (1.967927863342466e-25,4.092854956422702e-26)
877.75 (-3.097184297968658e-25,2.667343135952847e-25)
878 (2.989033604995025e-25,-6.776885825895558e-25)
878.25 (-1.165408149534071e-25,7.996625395553917e-25)
878.5 (-1.948038420086341e-25,-5.254801273478191e-25)
878.75 (4.755337039250922e-25,1.570067881954953e-25)
879 (-5.238371341261694e-25,-7.034336926319757e-26)
879.25 (2.395214219742945e-25,2.861882462507107e-25)
879.5 (2.708913016460762e-25,-4.472077323883907e-25)
879.75 (-7.274028687376825e-25,2.444202673095094e-25)
880 (8.609148838201196e-25,2.040345786011296e-25)
880.25 (-6.260885493258235e-25,-4.771409223648306e-25)
880.5 (2.391121908942438e-25,3.350661181363333e-25)
880.75 (3.975291287419803e-26,1.518342915398863e-26)
881 (-1.717994214964569e-25,-1.800480218576113e-25)
881.25 (3.32213283263278e-25,3.024644405455551e-26)
881.5 (-6.102008410338641e-25,2.032378037484862e-25)
881.75 (8.084650335743201e-25,-2.60971046749801e-25)
882 (-6.636468557010804e-25,1.5838866187004e-25)
882.25 (2.419138898164229e-25,-9.277722192804558e-26)
882.5 (5.186641660300319e-26,1.342283031337769e-25)
882.75 (5.413994174597954e-26,-1.406239928108027e-25)
883 (-3.410472413492464e-25,-9.385343343964021e-27)
883.25 (3.686768839524237e-25,2.125522176503961e-25)
883.5 (-5.031067620983878e-26,-2.504504513772422e-25)
883.75 (-2.383175535417931e-25,5.509531210004457e-26)
884 (1.706930447616855e-25,2.214933887300733e-25)
884.25 (1.004692598384488e-25,-3.983481798101724e-25)
884.5 (-1.824169958579722e-25,4.435358446479777e-25)
884.75 (9.033456500703339e-28,-4.275444952923038e-25)
885 (1.066224621703605e-25,3.676645375780794e-25)
885.25 (1.20779685080297e-25,-2.029978778473596e-25)
885.5 (-4.859175257507803e-25,-7.489738933486915e-26)
885.75 (5.706969516081034e-25,3.353273122728845e-25)
886 (-2.542560323625492e-25,-4.034753426867468e-25)
886.25 (-1.555859513863135e-25,2.372777377256132e-25)
886.5 (2.872291388396358e-25,1.453899731512811e-26)
886.75 (-7.596354058497437e-26,-1.37677875529383e-25)
887 (-2.463766553358493e-25,3.533778801967524e-26)
887.25 (4.198616043721564e-25,1.988029202346835e-25)
887.5 (-3.531500624434601e-25,-3.708111370870383e-25)
887.75 (1.26942225887664e-25,3.51681805452875e-25)
888 (1.061379529166397e-25,-1.767051561949379e-25)
888.25 (-2.307205779115621e-25,-3.355933774234041e-28)
888.5 (2.379055538518325e-25,5.368195016036299e-26)
888.75 (-2.063995188982768e-25,4.050103045563384e-27)
889 (2.017751983476249e-25,-5.893180402324071e-26)
889.25 (-2.02410547854874e-25,4.646238526197858e-26)
889.5 (1.443943387382667e-25,-4.561786500241113e-26)
889.75 (-2.585737075308639e-26,1.827824016287972e-25)
890 (-6.652857071511747e-26,-4.298352048679571e-25)
890.25 (4.228136194214928e-26,5.499499860585666e-25)
890.5 (9.258019579128526e-26,-3.207987042725084e-25)
890.75 (-2.159609129878095e-25,-1.740543032090262e-25)
891 (1.721610746114951e-25,5.465983853173101e-25)
891.25 (8.385467890466801e-26,-4.679390515693972e-25)
891.5 (-3.86501770669585e-25,1.948600631596138e-26)
891.75 (4.449306161889562e-25,3.787049343067386e-25)
892 (-1.156583189482629e-25,-3.972816573395618e-25)
892.25 (-3.955942760948325e-25,9.625747468512692e-26)
892.5 (6.845679396027211e-25,2.251911077329197e-25)
892.75 (-5.530474566858254e-25,-3.93810522381002e-25)
893 (2.119777627622318e-25,4.830256832142482e-25)
893.25 (-2.39107932540814e-26,-5.963381668677497e-25)
893.5 (9.199437952079112e-26,6.586813606927619e-25)
893.75 (-1.935483454577557e-25,-5.001340636500001e-25)
894 (1.014623850180239e-25,9.611697034889185e-26)
894.25 (1.439781051371862e-25,3.579835118931447e-25)
894.5 (-3.236217982703806e-25,-6.102058358972338e-25)
894.75 (3.036235134995294e-25,5.398763499658733e-25)
895 (-1.296796607626419e-25,-1.968785976939298e-25)
895.25 (-8.254839120136979e-26,-2.634998088647667e-25)
895.5 (2.409354861881921e-25,6.468952296426746e-25)
895.75 (-2.672406561807007e-25,-7.865121191641186e-25)
896 (1.076637818236492e-25,6.328649736407805e-25)
896.25 (1.836200177923078e-25,-2.97233123196694e-25)
896.5 (-4.248672224865815e-25,-2.633584762038891e-26)
896.75 (4.442903216655044e-25,1.98856368306348e-25)
897 (-2.449152381821907e-25,-1.98574566591355e-25)
897.25 (1.011605635966861e-26,8.024067940022284e-26)
897.5 (5.392350249787475e-26,7.733977388516194e-26)
897.75 (1.135252520127186e-25,-1.887668508905922e-25)
898 (-3.735802478686836e-25,1.936768469624093e-25)
898.25 (4.800172967833212e-25,-1.119789089112569e-25)
898.5 (-2.825725229959289e-25,3.422114186544441e-26)
898.75 (-9.53535866501596e-26,-1.495226669636497e-26)
899 (3.116452116148592e-25,1.903902444105146e-28)
899.25 (-1.267250150850785e-25,8.60481894844357e-26)
899.5 (-3.192974078557851e-25,-1.946401221363819e-25)
899.75 (6.323623365652137e-25,1.652727401432472e-25)
900 (-5.983092610519688e-25,7.443888316112958e-26)
900.25 (4.04704554994952e-25,-3.72414896794489e-25)
900.5 (-3.628642925422143e-25,4.823735862460045e-25)
900.75 (4.931514252301827e-25,-3.344710257428577e-25)
901 (-5.221174099328275e-25,1.274414939659876e-25)
901.25 (2.78950898559229e-25,-1.203833771704065e-25)
901.5 (5.769745990702302e-26,3.477854711832769e-25)
901.75 (-1.84030742062736e-25,-5.684707481794848e-25)
902 (4.213823786303499e-26,5.037292911511671e-25)
902.25 (1.473457353531208e-25,-1.161414365034435e-25)
902.5 (-1.835684780223024e-25,-3.535919402493928e-25)
902.75 (9.360535411421579e-26,6.189311363570477e-25)
903 (-2.25551926605973e-26,-6.031715596370719e-25)
903.25 (2.033761962605491e-26,4.649106464532964e-25)
903.5 (-1.522934036361303e-26,-3.96468479969446e-25)
903.75 (-4.137716016537217e-26,4.309928740942464e-25)
904 (8.699603882997264e-26,-4.493966934932433e-25)
904.25 (-2.58371245572374e-26,3.367700323866428e-25)
904.5 (-1.424734632723044e-25,-9.820921187444491e-26)
904.75 (3.053929225934231e-25,-1.622598619131524e-25)
905 (-3.562433035614686e-25,3.357401916836411e-25)
905.25 (3.224193406675632e-25,-3.769475880377384e-25)
905.5 (-3.515599219297592e-25,3.160092276461132e-25)
905.75 (5.407454768116545e-25,-2.279028157830025e-25)
906 (-7.814061844708205e-25,1.794137145681583e-25)
906.25 (8.185796692942651e-25,-1.872537822651266e-25)
906.5 (-5.02860109975039e-25,2.215412827714864e-25)
906.75 (-2.668687863805889e-26,-2.414398229116663e-25)
907 (4.399683514924561e-25,2.173109954002838e-25)
907.25 (-4.968533290277408e-25,-1.365383628746957e-25)
907.5 (2.235278054396468e-25,2.688629305167641e-26)
907.75 (1.560837156313861e-25,2.761964250437059e-26)
908 (-4.071537230367437e-25,4.621261511106518e-26)
908.25 (4.067745929476035e-25,-1.900865652270136e-25)
908.5 (-1.698016274950375e-25,2.106781933366648e-25)
908.75 (-1.627765203820948e-25,2.559844433460131e-26)
909 (3.7274749291065e-25,-3.948845959927333e-25)
909.25 (-2.900623107674371e-25,5.856398810811638e-25)
909.5 (-6.279102998427541e-26,-4.085525718494327e-25)
909.75 (4.567427504852704e-25,9.668415353740112e-27)
910 (-6.310674186270134e-25,2.578259681715826e-25)
910.25 (5.134466499963163e-25,-1.692384380940309e-25)
910.5 (-2.717301231699047e-25,-1.634229837061254e-25)
910.75 (1.465610901017128e-25,3.871604096854214e-25)
911 (-2.331095958815573e-25,-2.088874046963315e-25)
911.25 (4.17377976690713e-25,-3.371120199522833e-25)
911.5 (-5.019328331322257e-25,8.704115731221927e-25)
911.75 (3.763795762730723e-25,-9.523048963632936e-25)
912 (-8.131330557097342e-26,4.764077356668362e-25)
912.25 (-2.50637395204659e-25,2.043795862640434e-25)
912.5 (4.888381445458724e-25,-5.791281961952681e-25)
912.75 (-5.619777370985082e-25,4.260321911835863e-25)
913 (4.724937984226126e-25,4.89652399612587e-26)
913.25 (-2.849869460970354e-25,-4.812017642789617e-25)
913.5 (9.560403003941963e-26,6.747437416646625e-25)
913.75 (5.674541963328836e-27,-6.5799426243137e-25)
914 (3.732876756805519e-26,5.318466042035608e-25)
914.25 (-2.236801031826703e-25,-3.732209756535361e-25)
914.5 (4.645086731391684e-25,2.561808331777016e-25)
914.75 (-5.857864416378149e-25,-2.459485815041017e-25)
915 (4.33270354376357e-25,3.211549628657361e-25)
915.25 (-4.089544452691946e-26,-3.603171393003047e-25)
915.5 (-3.223190527363634e-25,2.595708257767462e-25)
915.75 (3.53767310714657e-25,-4.403182613331846e-26)
916 (-1.217502540923963e-26,-1.665740531598974e-25)
916.25 (-4.174930411896555e-25,2.766604755277201e-25)
916.5 (5.922982085724035e-25,-2.677444453562825e-25)
916.75 (-4.30335739950848e-25,1.665841810007281e-25)
917 (1.355207849946171e-25,-2.159419710176806e-26)
917.25 (6.225337366288532e-26,-9.032486722908893e-26)
917.5 (-1.243342698142872e-25,9.743925048592873e-26)
917.75 (1.605268190861567e-25,-1.252306654452423e-26)
918 (-2.529029029939819e-25,-4.99667879621559e-26)
918.25 (3.824834818978162e-25,-2.172658271289298e-26)
918.5 (-4.898418296153736e-25,2.135913662149167e-25)
918.75 (5.336070283435496e-25,-3.868863079206612e-25)
919 (-4.926908135271887e-25,4.024720157607834e-25)
919.25 (3.792494701736289e-25,-2.354496184591336e-25)
919.5 (-2.684359634534357e-25,-1.798050041389179e-26)
919.75 (2.52047460639133e-25,2.178782524029041e-25)
920 (-3.18164185478894e-25,-2.655377642954679e-25)
920.25 (3.235752153641726e-25,1.503637306084997e-25)
920.5 (-1.519998961295835e-25,5.372874123452568e-26)
920.75 (-1.150145149537818e-25,-2.396164206272399e-25)
921 (2.509154182112521e-25,3.329493812481913e-25)
921.25 (-1.205433401495892e-25,-3.181864882395177e-25)
921.5 (-1.818884625869505e-25,2.121789118009569e-25)
921.75 (4.404670579548646e-25,-3.938096718531345e-26)
922 (-5.11148049179091e-25,-1.513521567050781e-25)
922.25 (3.918502969974904e-25,2.748856438888592e-25)
922.5 (-1.762843199775854e-25,-2.645133432664458e-25)
922.75 (9.942983960312463e-27,1.470046321156503e-25)
923 (-4.317227026729763e-26,-2.389914892572678e-26)
923.25 (3.086741302177641e-25,-4.105835425121185e-26)
923.5 (-6.130542901543772e-25,7.62788419632693e-26)
923.75 (6.441470776681294e-25,-1.105288492435196e-25)
924 (-2.766096022533616e-25,7.538728442288542e-26)
924.25 (-2.510596412428545e-25,1.138176600889965e-25)
924.5 (5.410505466615155e-25,-3.775699526700534e-25)
924.75 (-4.328748431819389e-25,4.754536014486449e-25)
925 (1.475510345884984e-25,-2.655142485782342e-25)
925.25 (-2.001378067611243e-26,-9.333672565377398e-26)
925.5 (1.414076846406426e-25,2.992812426466407e-25)
925.75 (-3.146788060923758e-25,-2.652728112228045e-25)
926 (3.301554742405949e-25,2.173335042672141e-25)
926.25 (-2.006776843365127e-25,-3.907340708587904e-25)
926.5 (9.10947224142456e-26,7.120993376389508e-25)
926.75 (-7.704760374034855e-26,-8.76094594807151e-25)
927 (6.337650326421691e-26,7.062835029561234e-25)
927.25 (4.123441955667509e-26,-3.399408578290072e-25)
927.5 (-1.449515907067427e-25,4.474868854763736e-26)
927.75 (5.324684510732994e-26,5.010658897431697e-26)
928 (2.714757367974895e-25,1.142535368068608e-26)
928.25 (-6.110932864040452e-25,-1.551520750792383e-25)
928.5 (7.126300434436813e-25,3.306724138364768e-25)
928.75 (-5.74784826669094e-25,-4.310886356334308e-25)
929 (4.385371687853884e-25,2.941214703852053e-25)
929.25 (-4.842502329033558e-25,1.154984197141305e-25)
929.5 (6.163549833956983e-25,-5.63123022308802e-25)
929.75 (-6.084505014004765e-25,6.943893618943062e-25)
930 (4.158122645543378e-25,-3.825153851847237e-25)
930.25 (-2.468265807479449e-25,-1.092987325511301e-25)
930.5 (3.009878500430896e-25,3.648226272447059e-25)
930.75 (-5.101805563097178e-25,-2.212422053165913e-25)
931 (6.083209497601593e-25,-8.489620103996345e-26)
931.25 (-4.376776207886929e-25,1.840767167629946e-25)
931.5 (1.203668562227615e-25,3.832238224720144e-26)
931.75 (9.384501292959298e-26,-3.43604931211957e-25)
932 (-1.099949993009772e-25,4.186906926134427e-25)
932.25 (8.041205123824066e-26,-2.14240394049026e-25)
932.5 (-2.151756813055172e-25,-2.556568372460024e-26)
932.75 (5.169119316519508e-25,5.505591678386949e-26)
933 (-7.217090904165655e-25,1.057230163065669e-25)
933.25 (5.348006339470571e-25,-2.322100925401195e-25)
933.5 (4.020714061978562e-26,1.893659249588457e-25)
933.75 (-6.145809103655356e-25,-8.168632606696057e-26)
934 (7.196047199712704e-25,7.199300515199446e-26)
934.25 (-2.568582357327529e-25,-1.194014474413734e-25)
934.5 (-3.655293138888535e-25,9.299013745384228e-27)
934.75 (6.004210747545279e-25,3.335577601331063e-25)
935 (-2.894112417482422e-25,-6.634803721768509e-25)
935.25 (-1.995940678571827e-25,6.473225772875886e-25)
935.5 (3.733875567873889e-25,-2.556601903621805e-25)
935.75 (-1.15628009718217e-25,-1.876784319502684e-25)
936 (-2.468436389808343e-25,3.817462924130096e-25)
936.25 (3.494728627216983e-25,-3.797795965594248e-25)
936.5 (-1.854885322175947e-25,4.531573570413509e-25)
936.75 (5.986760121410333e-26,-6.75842038406267e-25)
937 (-1.96666446958156e-25,7.884515416525928e-25)
937.25 (4.73303342796168e-25,-5.333696808853746e-25)
937.5 (-5.740842788965165e-25,2.546979183287911e-26)
937.75 (3.616211522212861e-25,3.353650478003674e-25)
938 (-3.526099724291291e-26,-3.149262073332217e-25)
938.25 (-8.701059585643185e-26,9.475577380005502e-26)
938.5 (-9.681811364826491e-26,-1.244802892999728e-26)
938.75 (3.819850316909136e-25,1.2834920357907e-25)
939 (-4.769219244919095e-25,-1.687153336018794e-25)
939.25 (2.78893447962888e-25,-8.517267043720903e-26)
939.5 (6.314489262267982e-26,4.590858711855943e-25)
939.75 (-3.175191461136587e-25,-5.437588800646056e-25)
940 (3.753907793567745e-25,1.853083920346674e-25)
940.25 (-3.062900161533106e-25,2.783404037667358e-25)
940.5 (2.449279891816441e-25,-3.450908230704414e-25)
940.75 (-2.429466240222036e-25,-1.040614497787053e-25)
941 (2.363179155138578e-25,6.496176312542726e-25)
941.25 (-1.542267183481376e-25,-7.535822800713703e-25)
941.5 (3.838506747123965e-26,3.076572643314609e-25)
941.75 (-1.850262081172887e-26,2.682250093542328e-25)
942 (1.533890315198867e-25,-4.645430145760919e-25)
942.25 (-3.259868999767534e-25,1.874853932710354e-25)
942.5 (3.429020759341484e-25,1.821773428561038e-25)
942.75 (-1.49208940049545e-25,-2.099808171092393e-25)
943 (-8.750865949803049e-26,-1.427289727583376e-25)
943.25 (1.363468637176276e-25,4.985209221820614e-25)
943.5 (5.971271027869786e-26,-4.748675353430301e-25)
943.75 (-3.281107671016307e-25,8.288774078355416e-26)
944 (4.521808201853949e-25,3.045288422082481e-25)
944.25 (-3.916161768160304e-25,-3.614436794265284e-25)
944.5 (2.956702921397635e-25,1.338309437622154e-25)
944.75 (-2.995515079838672e-25,6.223052740662398e-26)
945 (3.425156848988902e-25,-9.823681531950956e-27)
945.25 (-2.295160544664799e-25,-2.144106828708241e-25)
945.5 (-1.219667147414606e-25,3.98175865799959e-25)
945.75 (5.393603094611554e-25,-4.398076180713197e-25)
946 (-7.405922720792729e-25,3.766490996224384e-25)
946.25 (6.139691505459368e-25,-2.472141392171338e-25)
946.5 (-3.175540381311375e-25,5.289686238406588e-26)
946.75 (1.026806156932452e-25,1.336196545030015e-25)
947 (-8.357090417856319e-26,-1.437826212443139e-25)
947.25 (1.927483506995349e-25,-1.100894853676727e-25)
947.5 (-3.01049377188568e-25,4.768363976717085e-25)
947.75 (3.189061769187504e-25,-6.790795848565225e-25)
948 (-2.09830652543753e-25,5.923803439455331e-25)
948.25 (-2.827860154975584e-27,-3.486322607053333e-25)
948.5 (2.089667490378356e-25,1.484511467530506e-25)
948.75 (-2.606633803357719e-25,-4.201389449890479e-26)
949 (1.226112087304915e-25,-5.35553185186627e-26)
949.25 (4.452533769569004e-26,1.720659770479665e-25)
949.5 (-2.902821358270225e-26,-2.266249241118448e-25)
949.75 (-1.762639384465243e-25,1.380856640457636e-25)
950 (3.221385782158142e-25,3.057241732796415e-26)
950.25 (-1.718078612968581e-25,-1.259047170673801e-25)
950.5 (-1.934466853875992e-25,7.855181131742015e-26)
950.75 (4.146593879270608e-25,1.953303445750573e-26)
951 (-2.427418055687979e-25,-2.719537889171062e-26)
951.25 (-1.629243072850859e-25,-8.367923334278217e-26)
951.5 (3.987217853974673e-25,2.037726325211639e-25)
951.75 (-2.747299677284929e-25,-2.132709201090142e-25)
952 (1.875267958791456e-26,1.013659850036773e-25)
952.25 (2.933272712302799e-26,4.809784201942354e-26)
952.5 (1.500548099884712e-25,-1.565764369493498e-25)
952.75 (-2.508334590669013e-25,2.029157760266062e-25)
953 (6.635381054220366e-26,-1.911027904715356e-25)
953.25 (2.1957015353826e-25,1.172243823120188e-25)
953.5 (-2.635972658510674e-25,7.521590431456805e-27)
953.75 (7.162881801327844e-27,-1.296756153527013e-25)
954 (2.538642739765621e-25,1.843499844133889e-25)
954.25 (-2.526938847648491e-25,-1.513473427532329e-25)
954.5 (7.131426794427452e-26,6.657215912915346e-26)
954.75 (5.717600601187134e-27,9.930838327150475e-27)
955 (1.253620056260786e-25,-2.259860283178208e-26)
955.25 (-2.764698854744783e-25,-5.38691902612984e-26)
955.5 (2.381417647661719e-25,1.723704113405895e-25)
955.75 (-4.840877603300196e-26,-2.103081353896176e-25)
956 (-7.341619254842674e-26,7.596670192523315e-26)
956.25 (9.556799198207131e-27,1.541769976009658e-25)
956.5 (1.168836794461394e-25,-2.585110285745924e-25)
956.75 (-9.145612670828103e-26,8.773255755462062e-26)
957 (-1.448918848167843e-25,2.582426900112056e-25)
957.25 (4.165481312477961e-25,-5.191654716949335e-25)
957.5 (-4.693342539153228e-25,5.327693758603517e-25)
957.75 (2.113063041703561e-25,-3.57846655316262e-25)
958 (1.763381553814194e-25,1.462779778241326e-25)
958.25 (-3.69384819829518e-25,3.470117723694946e-26)
958.5 (1.852869823549108e-25,-2.079532026343873e-25)
958.75 (2.238324985565672e-25,3.593209404875051e-25)
959 (-4.779064456132916e-25,-3.833889535649088e-25)
959.25 (3.181235389865814e-25,1.877540349193349e-25)
959.5 (1.251672792307131e-25,1.660760029773298e-25)
959.75 (-4.324820604107077e-25,-4.529756817598383e-25)
960 (2.9068066750859e-25,4.448480026658927e-25)
960.25 (2.065676317194401e-25,-1.177008810740602e-25)
960.5 (-6.566859844586972e-25,-2.898495952159673e-25)
960.75 (7.329619461544048e-25,4.631132490011845e-25)
961 (-4.589511589809839e-25,-3.009987420133615e-25)
961.25 (1.246000575762943e-25,1.162941355056356e-26)
961.5 (1.63670783801171e-26,1.166900888899178e-25)
961.75 (5.768766876174475e-26,-2.700631743672461e-26)
962 (-1.977924711589662e-25,-8.025527158804587e-26)
962.25 (2.7162766375287e-25,3.69428971920114e-26)
962.5 (-2.653858699011495e-25,6.20404166092158e-26)
962.75 (2.373275356247906e-25,8.486088000431909e-27)
963 (-2.269429373449428e-25,-2.800012868297402e-25)
963.25 (2.364299372689331e-25,5.041035563558857e-25)
963.5 (-2.782876100728594e-25,-4.264818486922136e-25)
963.75 (3.821871396834588e-25,8.307871740700818e-26)
964 (-5.116909136081016e-25,2.36429580426549e-25)
964.25 (5.062591821507973e-25,-2.943011493728483e-25)
964.5 (-2.033911259436316e-25,1.148136643890294e-25)
964.75 (-3.233654299987668e-25,1.069159431071027e-25)
965 (7.139454439129046e-25,-2.385830100159296e-25)
965.25 (-6.328147982308478e-25,3.051348101201273e-25)
965.5 (1.603857101193983e-25,-3.707951901641975e-25)
965.75 (2.227127496534533e-25,3.897123514393794e-25)
966 (-1.269457080990217e-25,-2.290502106244459e-25)
966.25 (-3.075918509709941e-25,-1.426377739962768e-25)
966.5 (5.474147355684253e-25,5.248646715781549e-25)
966.75 (-2.397583338826391e-25,-6.133813522903397e-25)
967 (-4.144442506427023e-25,3.072817427249334e-25)
967.25 (8.673892313486633e-25,1.373796053124139e-25)
967.5 (-7.401160679819254e-25,-3.296256356101697e-25)
967.75 (1.220924052253264e-25,1.429170400728121e-25)
968 (5.52258313697061e-25,1.531242356667184e-25)
968.25 (-8.564874993892426e-25,-1.966614922169765e-25)
968.5 (6.637852830798573e-25,-6.713155550721928e-26)
968.75 (-2.055961499936291e-25,3.479648864855742e-25)
969 (-1.293240686305485e-25,-3.603603022092188e-25)
969.25 (1.196424792938609e-25,1.430463172186255e-25)
969.5 (1.106421805481923e-25,5.683834168032467e-27)
969.75 (-2.430754282353947e-25,1.233858374720419e-25)
970 (1.01269546480903e-25,-4.120940092457079e-25)
970.25 (1.801313061631132e-25,5.316864660335428e-25)
970.5 (-3.173021241389498e-25,-2.854840972578089e-25)
970.75 (1.641307493470258e-25,-1.700642957368032e-25)
971 (1.779764533810259e-25,4.588669905075258e-25)
971.25 (-4.825930417723284e-25,-3.611764593626545e-25)
971.5 (5.750308307941613e-25,4.890945899230385e-26)
971.75 (-4.157881780774324e-25,9.513269748660372e-26)
972 (9.378408448817055e-26,9.93317855512136e-26)
972.25 (2.248851511015143e-25,-4.038756713437879e-25)
972.5 (-3.887917610014939e-25,4.665746242457321e-25)
972.75 (3.672072909400506e-25,-2.148813946268328e-25)
973 (-2.754565338004632e-25,-9.80889341009284e-26)
973.25 (2.618511371238308e-25,2.176322023663348e-25)
973.5 (-3.514702986040434e-25,-1.34821325945638e-25)
973.75 (4.202592411543764e-25,-2.23591893407305e-26)
974 (-3.423888170034188e-25,2.114671675785799e-25)
974.25 (1.469449306581308e-25,-4.546005972338609e-25)
974.5 (5.217860979456123e-27,6.450071005407139e-25)
974.75 (-3.941376181300218e-27,-5.523949001966125e-25)
975 (-8.597728776828187e-26,1.061783072433762e-25)
975.25 (1.08065606222553e-25,4.19027959777297e-25)
975.5 (6.159477502745775e-28,-6.259904339461818e-25)
975.75 (-1.443061286589452e-25,4.083936788391322e-25)
976 (1.8147693014016e-25,-6.406490160683379e-26)
976.25 (-6.223697166354496e-26,-3.064112608511885e-26)
976.5 (-1.51131635776405e-25,-1.962698892779969e-25)
976.75 (3.506288206803051e-25,4.897301766669812e-25)
977 (-4.388515281096528e-25,-5.720292769169842e-25)
977.25 (3.622532167822518e-25,3.937070879714805e-25)
977.5 (-1.504593032068818e-25,-9.561765045253344e-26)
977.75 (-7.834392756425611e-26,-1.76298682244299e-25)
978 (1.990919631890363e-25,3.5129309970135e-25)
978.25 (-1.845592781156403e-25,-3.85300056898814e-25)
978.5 (1.087279905417319e-25,2.464133944432936e-25)
978.75 (-5.087408477587381e-26,1.331498498635963e-26)
979 (3.303579429392292e-26,-2.394319363788965e-25)
979.25 (-5.041162115748949e-26,2.988094492337261e-25)
979.5 (1.036215680310502e-25,-2.121299163859599e-25)
979.75 (-1.680257374966908e-25,1.195694557034723e-25)
980 (1.808458948081345e-25,-1.219909153516434e-25)
980.25 (-1.162524761734935e-25,1.982547554816412e-25)
980.5 (4.879000519939296e-26,-2.730679623522398e-25)
980.75 (-7.899486964326153e-26,3.063234335626283e-25)
981 (1.996675560460419e-25,-2.917371792367215e-25)
981.25 (-2.979096604323768e-25,2.202411996362937e-25)
981.5 (2.9992486814844e-25,-9.660029812925245e-26)
981.75 (-2.468249783619496e-25,-2.940585783396049e-26)
982 (1.940875825330402e-25,9.871606441622992e-26)
982.25 (-1.075209174257936e-25,-1.082244582028479e-25)
982.5 (-6.027991872462199e-26,1.027728802677108e-25)
982.75 (2.261820391597782e-25,-1.032880221149505e-25)
983 (-2.24122995722596e-25,8.353708059134996e-26)
983.25 (3.476395755897e-26,-2.571144850585233e-26)
983.5 (1.236698760522194e-25,-4.487567202522993e-26)
983.75 (-3.202503103761519e-26,1.048649862595492e-25)
984 (-2.268800762847752e-25,-1.753924957795106e-25)
984.25 (3.129815794758676e-25,2.779967852709569e-25)
984.5 (-2.799265831068609e-26,-3.654567197509325e-25)
984.75 (-4.001767470533558e-25,3.456821047199603e-25)
985 (5.268210871985435e-25,-1.877474201558053e-25)
985.25 (-1.836517541036192e-25,-2.332825498256218e-26)
985.5 (-3.19753722341365e-25,1.564196171230624e-25)
985.75 (5.300376072166541e-25,-1.518654082631237e-25)
986 (-3.297094803921329e-25,6.542505732256562e-26)
986.25 (1.605326019668421e-26,-6.175160982490986e-27)
986.5 (6.950431764350356e-26,3.436605872723493e-26)
986.75 (1.036331426292865e-25,-1.087386508787829e-25)
987 (-2.965919606083406e-25,1.288188953334283e-25)
987.25 (3.108724789264698e-25,-3.787084140575815e-26)
987.5 (-1.721530580296285e-25,-1.136718478217978e-25)
987.75 (3.266980917997768e-26,2.185094726687596e-25)
988 (1.549745644873281e-26,-2.266512670953099e-25)
988.25 (1.973037211734956e-27,1.882079838201936e-25)
988.5 (-1.31995555526848e-26,-1.71302823953872e-25)
988.75 (-2.045328603773414e-26,1.646815408461289e-25)
989 (7.760873588879267e-26,-9.954412561389896e-26)
989.25 (-9.728103159348574e-26,-3.536320558927811e-26)
989.5 (4.085367635088789e-26,1.441191502509838e-25)
989.75 (4.190505991745738e-26,-1.170626044631653e-25)
990 (-3.605240549528066e-26,-4.512134398076685e-26)
990.25 (-1.030722806776849e-25,2.320287832395615e-25)
990.5 (2.534100403938552e-25,-3.432662115701121e-25)
990.75 (-2.322661544563822e-25,3.731688047792415e-25)
991 (1.711853313290629e-26,-3.650423352937754e-25)
991.25 (2.028321725785282e-25,3.202053416390047e-25)
991.5 (-2.436983245292393e-25,-2.033382970527679e-25)
991.75 (1.467530435105914e-25,3.929535752275772e-26)
992 (-1.05047979787165e-25,5.325973733737209e-26)
992.25 (1.905378901061585e-25,1.884000309980177e-26)
992.5 (-2.57692617404492e-25,-1.781901484045999e-25)
992.75 (1.604790136233294e-25,2.138195980070643e-25)
993 (2.268585515896395e-26,-8.449930614495396e-27)
993.25 (-8.046411232896548e-26,-2.943018881372136e-25)
993.5 (-4.178191691006e-26,4.096232928387327e-25)
993.75 (1.562836069175883e-25,-2.214996307483397e-25)
994 (-7.510694320854991e-26,-6.413875408568231e-26)
994.25 (-1.462955896217215e-25,1.226894152415273e-25)
994.5 (2.882815341454239e-25,1.332473600705713e-25)
994.75 (-2.524107884587044e-25,-4.408756532992394e-25)
995 (1.704835233309094e-25,4.552813841050801e-25)
995.25 (-2.078761268061719e-25,-1.157667013993118e-25)
995.5 (3.351955971930691e-25,-2.807740169067843e-25)
995.75 (-3.620089566374285e-25,3.719840730089442e-25)
996 (1.756056410779553e-25,-7.869232288200677e-26)
996.25 (1.167625473220441e-25,-3.342208192873634e-25)
996.5 (-3.006217578453244e-25,5.153467334099026e-25)
996.75 (2.725739443825251e-25,-3.315283911132504e-25)
997 (-1.169615046099211e-25,-4.943720491604289e-26)
997.25 (-1.889133424066986e-26,3.277844317716353e-25)
997.5 (8.329246026547302e-26,-3.174445970776424e-25)
997.75 (-1.28475699396217e-25,7.769106094857229e-26)
998 (1.810388139655745e-25,1.470209909643139e-25)
998.25 (-1.660189462194482e-25,-1.284310357589121e-25)
998.5 (1.36705271979767e-26,-1.480271639964758e-25)
998.75 (1.771556631938866e-25,4.541943608854542e-25)
999 (-1.735125689439458e-25,-5.082054420229807e-25)
999.25 (-1.237928007955874e-25,2.281652485349771e-25)
999.5 (4.844672640781952e-25,1.910752347454738e-25)
999.75 (-5.269402596119155e-25,-4.542374603985797e-25)
1000 (1.388549195432496e-25,4.106083745654505e-25)
1000.25 (3.445986354209043e-25,-1.328502586294543e-25)
1000.5 (-4.632639271193938e-25,-1.935947069395425e-25)
1000.75 (1.238491847620403e-25,4.04180815456625e-25)
1001 (3.008405304787971e-25,-4.036595370902438e-25)
1001.25 (-3.826454425056865e-25,1.83169373969096e-25)
1001.5 (8.661606006317577e-26,1.419831952724343e-25)
1001.75 (2.35847310733738e-25,-3.558217079961944e-25)
1002 (-2.549765135738738e-25,3.007992835288403e-25)
1002.25 (-1.641306172871927e-26,-4.62666217066034e-26)
1002.5 (3.094397751739119e-25,-1.534458694573351e-25)
1002.75 (-4.165315361483806e-25,1.14893892315499e-25)
1003 (3.540554786659254e-25,7.938472447417978e-26)
1003.25 (-2.485934180937686e-25,-1.771294568981497e-25)
1003.5 (1.636751668028353e-25,3.636808179744513e-26)
1003.75 (-8.495888782650345e-26,2.282052323143214e-25)
1004 (1.848092614683856e-26,-3.79693600957486e-25)
1004.25 (-1.564735361847458e-26,3.02818398930273e-25)
1004.5 (8.50065395242358e-26,-9.597156414742075e-26)
1004.75 (-1.419892782315268e-25,-5.436533670187486e-26)
1005 (1.004146001656942e-25,6.19826566373857e-26)
1005.25 (5.566749294785565e-27,-6.944669298997648e-27)
1005.5 (-4.707050314109292e-26,3.197173061375339e-26)
1005.75 (-4.032082984631095e-26,-1.788046032418116e-25)
1006 (1.679559629613802e-25,3.282896121222648e-25)
1006.25 (-1.978213662910143e-25,-3.15381634225773e-25)
1006.5 (1.082635154967872e-25,1.135365514772485e-25)
1006.75 (-1.116945171219258e-26,1.099747999684261e-25)
1007 (7.677836255159682e-27,-1.482347270918876e-25)
1007.25 (-7.332531530563657e-26,-3.103516145454713e-26)
1007.5 (1.074396013705511e-25,2.412701042020731e-25)
1007.75 (-6.2228545499899e-26,-2.556517078119858e-25)
1008 (-1.672172622445802e-26,2.407466327214062e-26)
1008.25 (6.918845130345289e-26,2.849280746017208e-25)
1008.5 (-9.803199365743381e-26,-4.39928782426522e-25)
1008.75 (1.492061508512617e-25,3.399763588917144e-25)
1009 (-2.33302361533645e-25,-8.194027322150991e-26)
1009.25 (2.944892932435029e-25,-1.330260815029174e-25)
1009.5 (-2.674623130920073e-25,1.659744739141284e-25)
1009.75 (1.57636291625823e-25,-4.722088752948757e-26)
1010 (-4.884039355674224e-26,-6.534197326987487e-26)
1010.25 (1.849526793982273e-26,4.693975692153619e-26)
1010.5 (-5.096691917641182e-26,6.530632996455012e-26)
1010.75 (5.875655620850169e-26,-1.164445538936887e-25)
1011 (1.726249705620681e-27,1.532005890827137e-26)
1011.25 (-6.586641774444565e-26,1.479250143853338e-25)
1011.5 (4.621492125518794e-26,-1.926132707343731e-25)
1011.75 (3.531318173977291e-26,4.93210105850675e-26)
1012 (-5.615765522983729e-26,1.616689366780738e-25)
1012.25 (-4.954961141235714e-26,-2.638561048103098e-25)
1012.5 (1.926599946117583e-25,2.066162647002788e-25)
1012.75 (-2.32063868096084e-25,-8.782840782440372e-26)
1013 (1.466291017332125e-25,1.572426092481188e-26)
1013.25 (-4.685710447737586e-26,5.808643304984553e-27)
1013.5 (2.199566376354473e-26,-4.286751347079987e-26)
1013.75 (-4.164228017124691e-26,1.209335128287044e-25)
1014 (3.47055144774339e-26,-1.862790190289683e-25)
1014.25 (-6.996284699346498e-27,1.709508894558489e-25)
1014.5 (1.851988499016444e-26,-6.443005720905672e-26)
1014.75 (-6.702161173178684e-26,-8.717547418771304e-26)
1015 (6.890530739688824e-26,2.284425919041112e-25)
1015.25 (1.932645516519498e-26,-3.228780160275423e-25)
1015.5 (-1.119405610051657e-25,3.50228750981063e-25)
1015.75 (7.773067125378224e-26,-3.058106872609947e-25)
1016 (9.763613764869247e-26,2.106600171746024e-25)
1016.25 (-2.768687203039917e-25,-1.061712888764505e-25)
1016.5 (3.116205462058788e-25,2.605279552947959e-26)
1016.75 (-1.911742406982142e-25,2.145314248382626e-26)
1017 (3.215743910478594e-26,-3.951670922185446e-26)
1017.25 (6.005189898203816e-26,2.644088156182985e-26)
1017.5 (-8.807350052196521e-26,7.606589293915178e-27)
1017.75 (1.224724546256787e-25,-1.733107307639793e-26)
1018 (-1.997263877730142e-25,-4.710861172652877e-26)
1018.25 (2.831525926455226e-25,1.656786402579402e-25)
1018.5 (-3.093649475996719e-25,-2.315557056557731e-25)
1018.75 (2.461689934962788e-25,1.523155865688882e-25)
1019 (-1.084497672071778e-25,2.912649472155362e-26)
1019.25 (-5.342768668794421e-26,-1.558978771365157e-25)
1019.5 (1.717946038808718e-25,1.233359063075148e-25)
1019.75 (-1.959972046087151e-25,6.962662537193405e-27)
1020 (1.332323755231186e-25,-9.622095099928019e-26)
1020.25 (-4.464400599985012e-26,1.080156582981419e-25)
1020.5 (-1.765530701756852e-26,-1.360278117353714e-25)
1020.75 (5.705038443725315e-26,2.407926079826037e-25)
1021 (-9.30520000137119e-26,-3.267774025409556e-25)
1021.25 (9.340573952676969e-26,2.464148559959149e-25)
1021.5 (3.591717016903947e-27,-4.739444542861198e-27)
1021.75 (-1.83670546188374e-25,-2.119299904239751e-25)
1022 (3.214834765182923e-25,2.334960117685888e-25)
1022.25 (-3.000108626944276e-25,-8.402243954442901e-26)
1022.5 (1.506394364622995e-25,-7.321662751529938e-26)
1022.75 (-2.395590474014315e-26,1.329569994734525e-25)
1023 (1.343158840237858e-26,-1.337241364153331e-25)
1023.25 (-5.518598803569663e-26,1.519467587294032e-25)
1023.5 (3.201068036485202e-26,-1.759299727302874e-25)
1023.75 (6.168068559364043e-26,1.303948793591487e-25)
1024 (0,0)
