domain units: Hz
measurement data type: Positive<double>
segment length (sec): 8
sampling rate (Hz): 2048
domain bounds (Hz): [0, 1024.125)
support bounds (Hz): [22, 1024)support indexes: [176, 8192)
---------------
domainValue measuredValue
0 1
0.125 1
0.25 1
0.375 1
0.5 1
0.625 1
0.75 1
0.875 1
1 1
1.125 1
1.25 1
1.375 1
1.5 1
1.625 1
1.75 1
1.875 1
2 1
2.125 1
2.25 1
2.375 1
2.5 1
2.625 1
2.75 1
2.875 1
3 1
3.125 1
3.25 1
3.375 1
3.5 1
3.625 1
3.75 1
3.875 1
4 1
4.125 1
4.25 1
4.375 1
4.5 1
4.625 1
4.75 1
4.875 1
5 1
5.125 1
5.25 1
5.375 1
5.5 1
5.625 1
5.75 1
5.875 1
6 1
6.125 1
6.25 1
6.375 1
6.5 1
6.625 1
6.75 1
6.875 1
7 1
7.125 1
7.25 1
7.375 1
7.5 1
7.625 1
7.75 1
7.875 1
8 1
8.125 1
8.25 1
8.375 1
8.5 1
8.625 1
8.75 1
8.875 1
9 1
9.125 1
9.25 1
9.375 1
9.5 1
9.625 1
9.75 1
9.875 1
10 1
10.125 1
10.25 1
10.375 1
10.5 1
10.625 1
10.75 1
10.875 1
11 1
11.125 1
11.25 1
11.375 1
11.5 1
11.625 1
11.75 1
11.875 1
12 1
12.125 1
12.25 1
12.375 1
12.5 1
12.625 1
12.75 1
12.875 1
13 1
13.125 1
13.25 1
13.375 1
13.5 1
13.625 1
13.75 1
13.875 1
14 1
14.125 1
14.25 1
14.375 1
14.5 1
14.625 1
14.75 1
14.875 1
15 1
15.125 1
15.25 1
15.375 1
15.5 1
15.625 1
15.75 1
15.875 1
16 1
16.125 1
16.25 1
16.375 1
16.5 1
16.625 1
16.75 1
16.875 1
17 1
17.125 1
17.25 1
17.375 1
17.5 1
17.625 1
17.75 1
17.875 1
18 1
18.125 1
18.25 1
18.375 1
18.5 1
18.625 1
18.75 1
18.875 1
19 1
19.125 1
19.25 1
19.375 1
19.5 1
19.625 1
19.75 1
19.875 1
20 1
20.125 1
20.25 1
20.375 1
20.5 1
20.625 1
20.75 1
20.875 1
21 1
21.125 1
21.25 1
21.375 1
21.5 1
21.625 1
21.75 1
21.875 1
22 2.5849453125e-44
22.125 2.445632812500001e-44
22.25 2.3142440625e-44
22.375 2.190440625e-44
22.5 2.07448125e-44
22.625 1.9647984375e-44
22.75 1.860916875e-44
22.875 1.7642184375e-44
23 1.67345625e-44
23.125 1.5885421875e-44
23.25 1.5080671875e-44
23.375 1.432246875e-44
23.5 1.361055e-44
23.625 1.2943640625e-44
23.75 1.231078125e-44
23.875 1.1715515625e-44
24 1.1154421875e-44
24.125 1.0628925e-44
24.25 1.01313e-44
24.375 9.660656250000002e-45
24.5 9.214875000000002e-45
24.625 8.795250000000001e-45
24.75 8.395007812500001e-45
24.875 8.0166796875e-45
25 7.6606640625e-45
25.125 7.3244765625e-45
25.25 7.005117187500001e-45
25.375 6.703781250000001e-45
25.5 6.420023437500001e-45
25.625 6.154429687500001e-45
25.75 5.903414062500001e-45
25.875 5.661445312500001e-45
26 5.430234375e-45
26.125 5.210460937500001e-45
26.25 5.0010234375e-45
26.375 4.8007265625e-45
26.5 4.6101328125e-45
26.625 4.430554687500001e-45
26.75 4.260304687500001e-45
26.875 4.096359375e-45
27 3.9380390625e-45
27.125 3.789468750000001e-45
27.25 3.6480703125e-45
27.375 3.512203125e-45
27.5 3.382898437500001e-45
27.625 3.2600390625e-45
27.75 3.141328125000001e-45
27.875 3.026625e-45
28 2.914500000000001e-45
28.125 2.809031250000001e-45
28.25 2.7073125e-45
28.375 2.6101640625e-45
28.5 2.518828125e-45
28.625 2.432484375e-45
28.75 2.349375e-45
28.875 2.27093625e-45
29 2.1965746875e-45
29.125 2.1256153125e-45
29.25 2.05839375e-45
29.375 1.994146875e-45
29.5 1.9322671875e-45
29.625 1.8730921875e-45
29.75 1.8154359375e-45
29.875 1.7606625e-45
30 1.7079234375e-45
30.125 1.657820625e-45
30.25 1.609591875e-45
30.375 1.5634846875e-45
30.5 1.519378125e-45
30.625 1.4768109375e-45
30.75 1.4367984375e-45
30.875 1.3976746875e-45
31 1.360575e-45
31.125 1.324816875e-45
31.25 1.2905296875e-45
31.375 1.257658125e-45
31.5 1.2259715625e-45
31.625 1.19560125e-45
31.75 1.16634375e-45
31.875 1.137705e-45
32 1.1099015625e-45
32.125 1.08342375e-45
32.25 1.0577203125e-45
32.375 1.033145625e-45
32.5 1.00936125e-45
32.625 9.865331250000002e-46
32.75 9.645234375000002e-46
32.875 9.441656250000002e-46
33 9.326671875000002e-46
33.125 9.1550625e-46
33.25 9.006117187500001e-46
33.375 8.873531250000001e-46
33.5 8.769000000000001e-46
33.625 8.705718750000001e-46
33.75 8.671500000000002e-46
33.875 8.7062578125e-46
34 8.820375000000002e-46
34.125 9.0635625e-46
34.25 9.509671875000002e-46
34.375 1.0221028125e-45
34.5 1.1268065625e-45
34.625 1.297291875e-45
34.75 1.5684309375e-45
34.875 2.0113059375e-45
35 2.7559921875e-45
35.125 4.05759375e-45
35.25 6.115828125e-45
35.375 9.344531250000001e-45
35.5 1.606929375e-44
35.625 3.637921875000001e-44
35.75 1.45506375e-43
35.875 3.6199453125e-42
36 4.841929687500001e-43
36.125 8.6754375e-44
36.25 6.657234375000001e-44
36.375 1.41163125e-43
36.5 4.891335937500001e-43
36.625 5.032710937500001e-42
36.75 3.776671875000001e-42
36.875 4.3471171875e-43
37 1.1723325e-43
37.125 3.897304687500001e-44
37.25 1.5002503125e-44
37.375 6.3964453125e-45
37.5 2.8753359375e-45
37.625 9.469734375000001e-46
37.75 6.992085937500001e-46
37.875 6.168796875000001e-46
38 5.568351562500001e-46
38.125 5.228062500000001e-46
38.25 5.024812500000001e-46
38.375 4.885968750000001e-46
38.5 4.784390625e-46
38.625 4.684265625e-46
38.75 4.500960937500001e-46
38.875 4.447218750000001e-46
39 4.406109375e-46
39.125 4.3828359375e-46
39.25 4.374093750000001e-46
39.375 4.3960078125e-46
39.5 4.4510390625e-46
39.625 4.557914062500001e-46
39.75 4.747171875000001e-46
39.875 5.043421875000001e-46
40 5.517890625000001e-46
40.125 6.267750000000001e-46
40.25 7.2183046875e-46
40.375 8.78221875e-46
40.5 1.1784e-45
40.625 1.858479375e-45
40.75 3.891281250000001e-45
40.875 1.343671875e-44
41 1.902609375e-44
41.125 4.597078125000001e-45
41.25 2.0673215625e-45
41.375 1.2513328125e-45
41.5 8.9058984375e-46
41.625 7.032609375e-46
41.75 5.907375000000001e-46
41.875 5.054296875000001e-46
42 4.471640625000001e-46
42.125 4.083140625000001e-46
42.25 3.797765625e-46
42.375 3.602882812500001e-46
42.5 3.4628203125e-46
42.625 3.3568125e-46
42.75 3.276890625000001e-46
42.875 3.2126953125e-46
43 3.1603828125e-46
43.125 3.1164609375e-46
43.25 3.0777890625e-46
43.375 3.04415625e-46
43.5 3.013921875e-46
43.625 2.986359375e-46
43.75 2.9597109375e-46
43.875 2.935171875000001e-46
44 2.9113828125e-46
44.125 2.886750000000001e-46
44.25 2.8622578125e-46
44.375 2.840156250000001e-46
44.5 2.8210546875e-46
44.625 2.8021171875e-46
44.75 2.7834375e-46
44.875 2.7653203125e-46
45 2.7470625e-46
45.125 2.7293203125e-46
45.25 2.7123046875e-46
45.375 2.69503125e-46
45.5 2.6775703125e-46
45.625 2.661187500000001e-46
45.75 2.6443359375e-46
45.875 2.6282109375e-46
46 2.612671875e-46
46.125 2.5968984375e-46
46.25 2.581406250000001e-46
46.375 2.566125e-46
46.5 2.5509140625e-46
46.625 2.5359609375e-46
46.75 2.5214765625e-46
46.875 2.5067578125e-46
47 2.4924140625e-46
47.125 2.47790625e-46
47.25 2.4632109375e-46
47.375 2.4488203125e-46
47.5 2.4345703125e-46
47.625 2.4205546875e-46
47.75 2.40609375e-46
47.875 2.392078125e-46
48 2.3784140625e-46
48.125 2.36465625e-46
48.25 2.3513203125e-46
48.375 2.3381034375e-46
48.5 2.32493625e-46
48.625 2.3120465625e-46
48.75 2.2986234375e-46
48.875 2.285570625e-46
49 2.2721925e-46
49.125 2.2590253125e-46
49.25 2.245725e-46
49.375 2.233171875e-46
49.5 2.220346875e-46
49.625 2.207784375e-46
49.75 2.1958546875e-46
49.875 2.183758125e-46
50 2.172234375e-46
50.125 2.160421875e-46
50.25 2.1486796875e-46
50.375 2.1373659375e-46
50.5 2.125835625e-46
50.625 2.114716875e-46
50.75 2.1035015625e-46
50.875 2.092501875e-46
51 2.0815265625e-46
51.125 2.0709121875e-46
51.25 2.0599190625e-46
51.375 2.049375e-46
51.5 2.0388675e-46
51.625 2.0284546875e-46
51.75 2.0180925e-46
51.875 2.0080809375e-46
52 1.997814375e-46
52.125 1.98769875e-46
52.25 1.9779234375e-46
52.375 1.968046875e-46
52.5 1.958203125e-46
52.625 1.9485234375e-46
52.75 1.9388315625e-46
52.875 1.9297565625e-46
53 1.9200140625e-46
53.125 1.91071875e-46
53.25 1.9012265625e-46
53.375 1.89204375e-46
53.5 1.8829125e-46
53.625 1.873783125e-46
53.75 1.8645234375e-46
53.875 1.8557090625e-46
54 1.8468234375e-46
54.125 1.83808125e-46
54.25 1.8292453125e-46
54.375 1.8204703125e-46
54.5 1.811671875e-46
54.625 1.80302625e-46
54.75 1.7943871875e-46
54.875 1.785560625e-46
55 1.7800265625e-46
55.125 1.773496875e-46
55.25 1.766416875e-46
55.375 1.7595075e-46
55.5 1.7529375e-46
55.625 1.746721875e-46
55.75 1.7412703125e-46
55.875 1.736229375e-46
56 1.73199375e-46
56.125 1.7286375e-46
56.25 1.72655625e-46
56.375 1.725795e-46
56.5 1.7257753125e-46
56.625 1.727083125e-46
56.75 1.731245625e-46
56.875 1.7374734375e-46
57 1.74616875e-46
57.125 1.760023125e-46
57.25 1.7787375e-46
57.375 1.8039721875e-46
57.5 1.83797625e-46
57.625 1.8824625e-46
57.75 1.9399621875e-46
57.875 2.02479375e-46
58 2.1377953125e-46
58.125 2.288931562500001e-46
58.25 2.4924140625e-46
58.375 2.76740625e-46
58.5 3.151101562500001e-46
58.625 3.68878125e-46
58.75 4.444640625000001e-46
58.875 5.382562500000001e-46
59 6.49640625e-46
59.125 8.099578125000002e-46
59.25 1.0550278125e-45
59.375 1.454615625e-45
59.5 2.20215e-45
59.625 3.8100234375e-45
59.75 8.680546875000001e-45
59.875 3.663351562500001e-44
60 1.2073434375e-42
60.125 2.744156250000001e-44
60.25 7.6793203125e-45
60.375 3.5454375e-45
60.5 2.0545125e-45
60.625 1.3726125e-45
60.75 9.951656250000002e-46
60.875 7.632796875e-46
61 6.112429687500001e-46
61.125 5.0427421875e-46
61.25 4.125937500000001e-46
61.375 3.406007812500001e-46
61.5 2.901140625e-46
61.625 2.529046875e-46
61.75 2.2605346875e-46
61.875 2.059715625e-46
62 1.90760625e-46
62.125 1.7889328125e-46
62.25 1.696884375e-46
62.375 1.6259625e-46
62.5 1.57179375e-46
62.625 1.5283546875e-46
62.75 1.49271375e-46
62.875 1.462741875e-46
63 1.4376375e-46
63.125 1.4167078125e-46
63.25 1.399171875e-46
63.375 1.38346125e-46
63.5 1.3699453125e-46
63.625 1.3575825e-46
63.75 1.3469278125e-46
63.875 1.3375715625e-46
64 1.3288471875e-46
64.125 1.3206496875e-46
64.25 1.31333625e-46
64.375 1.3062496875e-46
64.5 1.299845625e-46
64.625 1.2936796875e-46
64.75 1.285183125e-46
64.875 1.279359375e-46
65 1.2747075e-46
65.125 1.2701184375e-46
65.25 1.26561375e-46
65.375 1.2611859375e-46
65.5 1.2566484375e-46
65.625 1.252284375e-46
65.75 1.24771875e-46
65.875 1.2433171875e-46
66 1.2390346875e-46
66.125 1.2347784375e-46
66.25 1.230485625e-46
66.375 1.2260840625e-46
66.5 1.221795e-46
66.625 1.217615625e-46
66.75 1.213415625e-46
66.875 1.209178125e-46
67 1.2049940625e-46
67.125 1.2009815625e-46
67.25 1.196859375e-46
67.375 1.192809375e-46
67.5 1.1886609375e-46
67.625 1.18467e-46
67.75 1.18065e-46
67.875 1.17661125e-46
68 1.172625e-46
68.125 1.16867625e-46
68.25 1.1646703125e-46
68.375 1.1607e-46
68.5 1.156820625e-46
68.625 1.1529e-46
68.75 1.149215625e-46
68.875 1.14541875e-46
69 1.1415721875e-46
69.125 1.1378175e-46
69.25 1.133953125e-46
69.375 1.1302359375e-46
69.5 1.1266171875e-46
69.625 1.1229121875e-46
69.75 1.119298125e-46
69.875 1.1157628125e-46
70 1.11218625e-46
70.125 1.108678125e-46
70.25 1.1051325e-46
70.375 1.1016703125e-46
70.5 1.0981078125e-46
70.625 1.0947609375e-46
70.75 1.0912171875e-46
70.875 1.0879246875e-46
71 1.08455625e-46
71.125 1.0812984375e-46
71.25 1.0780125e-46
71.375 1.074703125e-46
71.5 1.071421875e-46
71.625 1.0681734375e-46
71.75 1.064915625e-46
71.875 1.0616859375e-46
72 1.0585753125e-46
72.125 1.0559184375e-46
72.25 1.0536984375e-46
72.375 1.0512215625e-46
72.5 1.04855625e-46
72.625 1.04583e-46
72.75 1.0431121875e-46
72.875 1.0404815625e-46
73 1.0379175e-46
73.125 1.03557375e-46
73.25 1.033126875e-46
73.375 1.0308065625e-46
73.5 1.0287028125e-46
73.625 1.026691875e-46
73.75 1.0249171875e-46
73.875 1.0232878125e-46
74 1.021884375e-46
74.125 1.0207096875e-46
74.25 1.019810625e-46
74.375 1.019221875e-46
74.5 1.01889375e-46
74.625 1.0188609375e-46
74.75 1.0197328125e-46
74.875 1.020965625e-46
75 1.0229503125e-46
75.125 1.025821875e-46
75.25 1.0294246875e-46
75.375 1.034465625e-46
75.5 1.041001875e-46
75.625 1.049345625e-46
75.75 1.059590625e-46
75.875 1.072546875e-46
76 1.0879528125e-46
76.125 1.106026875e-46
76.25 1.1284425e-46
76.375 1.1556028125e-46
76.5 1.1888765625e-46
76.625 1.231453125e-46
76.75 1.284245625e-46
76.875 1.3543575e-46
77 1.4424684375e-46
77.125 1.5402965625e-46
77.25 1.64536875e-46
77.375 1.765891875e-46
77.5 1.919746875e-46
77.625 2.114934375e-46
77.75 2.370703125000001e-46
77.875 2.710125000000001e-46
78 3.13509375e-46
78.125 3.695531250000001e-46
78.25 4.403296875000001e-46
78.375 5.305289062500001e-46
78.5 6.288773437500001e-46
78.625 7.033757812500001e-46
78.75 7.172953125e-46
78.875 6.230976562500001e-46
79 5.1373828125e-46
79.125 4.255406250000001e-46
79.25 3.5349375e-46
79.375 2.9856328125e-46
79.5 2.5722421875e-46
79.625 2.2450265625e-46
79.75 2.000595e-46
79.875 1.810845e-46
80 1.6647140625e-46
80.125 1.546828125e-46
80.25 1.4398246875e-46
80.375 1.34266125e-46
80.5 1.25895e-46
80.625 1.192040625e-46
80.75 1.1393015625e-46
80.875 1.09606875e-46
81 1.060573125e-46
81.125 1.0311215625e-46
81.25 1.0061578125e-46
81.375 9.84579375e-47
81.5 9.656925e-47
81.625 9.49370625e-47
81.75 9.3516796875e-47
81.875 9.231890625000001e-47
82 9.1265390625e-47
82.125 9.033328125e-47
82.25 8.951437500000001e-47
82.375 8.882273437500002e-47
82.5 8.822671875000001e-47
82.625 8.769164062500002e-47
82.75 8.721070312500001e-47
82.875 8.677289062500002e-47
83 8.636554687500001e-47
83.125 8.598539062500001e-47
83.25 8.564437500000002e-47
83.375 8.533453125e-47
83.5 8.504109375000001e-47
83.625 8.476265625000001e-47
83.75 8.450601562500001e-47
83.875 8.425710937500002e-47
84 8.4020625e-47
84.125 8.380031250000002e-47
84.25 8.3584453125e-47
84.375 8.337351562500001e-47
84.5 8.317593750000001e-47
84.625 8.298093750000001e-47
84.75 8.277843750000001e-47
84.875 8.254898437500001e-47
85 8.227734375000001e-47
85.125 8.207671875e-47
85.25 8.191781250000001e-47
85.375 8.176828125000001e-47
85.5 8.161031250000001e-47
85.625 8.145539062500001e-47
85.75 8.130796875000002e-47
85.875 8.115843750000001e-47
86 8.100843750000002e-47
86.125 8.086875000000001e-47
86.25 8.072039062500001e-47
86.375 8.057789062500001e-47
86.5 8.043984375000001e-47
86.625 8.029851562500001e-47
86.75 8.015156250000001e-47
86.875 8.000859375e-47
87 7.986492187500001e-47
87.125 7.972546875e-47
87.25 7.959562500000001e-47
87.375 7.945687500000001e-47
87.5 7.9332890625e-47
87.625 7.919203125000001e-47
87.75 7.90575e-47
87.875 7.892132812500001e-47
88 7.879054687500001e-47
88.125 7.865906250000001e-47
88.25 7.852992187500001e-47
88.375 7.839304687500002e-47
88.5 7.827375000000001e-47
88.625 7.814671875000001e-47
88.75 7.802039062500001e-47
88.875 7.789640625000001e-47
89 7.777687500000001e-47
89.125 7.765171875000001e-47
89.25 7.754226562500001e-47
89.375 7.741734375000001e-47
89.5 7.729382812500001e-47
89.625 7.717500000000001e-47
89.75 7.705429687500001e-47
89.875 7.693125e-47
90 7.681476562500001e-47
90.125 7.670062500000001e-47
90.25 7.658203125000001e-47
90.375 7.646859375000001e-47
90.5 7.635328125000001e-47
90.625 7.623585937500001e-47
90.75 7.611960937500001e-47
90.875 7.599960937500001e-47
91 7.589718750000001e-47
91.125 7.578656250000001e-47
91.25 7.5679453125e-47
91.375 7.557164062500001e-47
91.5 7.545656250000001e-47
91.625 7.5347109375e-47
91.75 7.524070312500001e-47
91.875 7.514226562500002e-47
92 7.504195312500001e-47
92.125 7.493437500000001e-47
92.25 7.482656250000001e-47
92.375 7.471593750000001e-47
92.5 7.4616796875e-47
92.625 7.4514609375e-47
92.75 7.441031250000001e-47
92.875 7.430343750000001e-47
93 7.419843750000001e-47
93.125 7.409671875000001e-47
93.25 7.399500000000001e-47
93.375 7.389351562500001e-47
93.5 7.379765625000001e-47
93.625 7.370484375e-47
93.75 7.360781250000001e-47
93.875 7.351125000000001e-47
94 7.341468750000001e-47
94.125 7.331812500000001e-47
94.25 7.3222265625e-47
94.375 7.312945312500001e-47
94.5 7.3030546875e-47
94.625 7.293140625000001e-47
94.75 7.283179687500001e-47
94.875 7.274062500000002e-47
95 7.264640625000001e-47
95.125 7.255453125e-47
95.25 7.246359375000002e-47
95.375 7.236890625e-47
95.5 7.227421875000001e-47
95.625 7.218585937500001e-47
95.75 7.2094921875e-47
95.875 7.200117187500001e-47
96 7.191421875000001e-47
96.125 7.182726562500001e-47
96.25 7.17384375e-47
96.375 7.165195312500001e-47
96.5 7.156734375e-47
96.625 7.147851562500001e-47
96.75 7.138898437500001e-47
96.875 7.130109375e-47
97 7.121554687500001e-47
97.125 7.112625000000002e-47
97.25 7.104093750000001e-47
97.375 7.095890625e-47
97.5 7.087453125000001e-47
97.625 7.07915625e-47
97.75 7.070765625000001e-47
97.875 7.063054687500001e-47
98 7.055132812500001e-47
98.125 7.046906250000001e-47
98.25 7.038375000000001e-47
98.375 7.030007812500001e-47
98.5 7.021851562500002e-47
98.625 7.013320312500001e-47
98.75 7.005210937500001e-47
98.875 6.997007812500001e-47
99 6.989296875000001e-47
99.125 6.9810703125e-47
99.25 6.973054687500001e-47
99.375 6.965296875000002e-47
99.5 6.957210937500001e-47
99.625 6.948796875000001e-47
99.75 6.940921875000001e-47
99.875 6.9331875e-47
100 6.925664062500001e-47
100.125 6.917671875000001e-47
100.25 6.9101953125e-47
100.375 6.902789062500001e-47
100.5 6.895171875e-47
100.625 6.887601562500001e-47
100.75 6.8792578125e-47
100.875 6.872273437500001e-47
101 6.864703125000001e-47
101.125 6.856921875e-47
101.25 6.849257812500001e-47
101.375 6.841664062500001e-47
101.5 6.834257812500001e-47
101.625 6.826968750000001e-47
101.75 6.819843750000001e-47
101.875 6.812390625000001e-47
102 6.8052421875e-47
102.125 6.798234375000001e-47
102.25 6.791085937500001e-47
102.375 6.784031250000001e-47
102.5 6.7772578125e-47
102.625 6.769734375000001e-47
102.75 6.762046875000001e-47
102.875 6.755062500000001e-47
103 6.748429687500001e-47
103.125 6.741351562500001e-47
103.25 6.733664062500001e-47
103.375 6.727523437500001e-47
103.5 6.720937500000001e-47
103.625 6.714281250000001e-47
103.75 6.707460937500001e-47
103.875 6.700523437500001e-47
104 6.693796875000001e-47
104.125 6.686812500000001e-47
104.25 6.679992187500001e-47
104.375 6.674156250000001e-47
104.5 6.667781250000001e-47
104.625 6.661875e-47
104.75 6.655734375000001e-47
104.875 6.649429687500001e-47
105 6.6428203125e-47
105.125 6.635929687500001e-47
105.25 6.628851562500001e-47
105.375 6.621890625000001e-47
105.5 6.615843750000001e-47
105.625 6.609070312500001e-47
105.75 6.602554687500001e-47
105.875 6.596789062500001e-47
106 6.5908359375e-47
106.125 6.584953125e-47
106.25 6.579468750000001e-47
106.375 6.573e-47
106.5 6.5670703125e-47
106.625 6.56053125e-47
106.75 6.5546484375e-47
106.875 6.548367187500001e-47
107 6.542695312500001e-47
107.125 6.537468750000001e-47
107.25 6.5324765625e-47
107.375 6.526734375000001e-47
107.5 6.521460937500001e-47
107.625 6.515390625e-47
107.75 6.509578125000001e-47
107.875 6.503671875000001e-47
108 6.498000000000001e-47
108.125 6.492679687500001e-47
108.25 6.4868671875e-47
108.375 6.481359375e-47
108.5 6.475781250000001e-47
108.625 6.470132812500001e-47
108.75 6.4646953125e-47
108.875 6.459117187500001e-47
109 6.453445312500001e-47
109.125 6.448195312500001e-47
109.25 6.4430625e-47
109.375 6.43753125e-47
109.5 6.431718750000001e-47
109.625 6.426234375e-47
109.75 6.421007812500001e-47
109.875 6.416015625e-47
110 6.410414062500001e-47
110.125 6.404929687500001e-47
110.25 6.399656250000001e-47
110.375 6.394242187500001e-47
110.5 6.3888046875e-47
110.625 6.383390625000001e-47
110.75 6.377765625000001e-47
110.875 6.372562500000001e-47
111 6.367242187500001e-47
111.125 6.362109375000001e-47
111.25 6.357046875e-47
111.375 6.351796875000001e-47
111.5 6.3466171875e-47
111.625 6.341648437500001e-47
111.75 6.33646875e-47
111.875 6.33159375e-47
112 6.326437500000001e-47
112.125 6.3211640625e-47
112.25 6.3163125e-47
112.375 6.3117421875e-47
112.5 6.306890625000001e-47
112.625 6.3020625e-47
112.75 6.297070312500001e-47
112.875 6.292078125000001e-47
113 6.287203125000001e-47
113.125 6.282421875e-47
113.25 6.277921875000001e-47
113.375 6.273445312500001e-47
113.5 6.2686875e-47
113.625 6.2638125e-47
113.75 6.259078125e-47
113.875 6.254320312500001e-47
114 6.249820312500001e-47
114.125 6.245132812500001e-47
114.25 6.240609375e-47
114.375 6.235757812500001e-47
114.5 6.231164062500001e-47
114.625 6.226804687500001e-47
114.75 6.222046875000001e-47
114.875 6.217476562500001e-47
115 6.213000000000001e-47
115.125 6.20859375e-47
115.25 6.204281250000001e-47
115.375 6.199664062500001e-47
115.5 6.195257812500002e-47
115.625 6.191179687500002e-47
115.75 6.186609375e-47
115.875 6.1821796875e-47
116 6.178078125e-47
116.125 6.173859375e-47
116.25 6.169898437500001e-47
116.375 6.165656250000001e-47
116.5 6.161484375000001e-47
116.625 6.157546875e-47
116.75 6.152976562500001e-47
116.875 6.148734375000001e-47
117 6.145171875000001e-47
117.125 6.141164062500001e-47
117.25 6.136875000000001e-47
117.375 6.1331015625e-47
117.5 6.129539062500001e-47
117.625 6.1257890625e-47
117.75 6.121593750000001e-47
117.875 6.117750000000001e-47
118 6.113976562500001e-47
118.125 6.110648437500001e-47
118.25 6.107179687500001e-47
118.375 6.104203125000001e-47
118.5 6.101203125000001e-47
118.625 6.0980859375e-47
118.75 6.095109375000001e-47
118.875 6.093304687500001e-47
119 6.091312500000001e-47
119.125 6.0889453125e-47
119.25 6.0863203125e-47
119.375 6.0834140625e-47
119.5 6.080062500000001e-47
119.625 6.076523437500001e-47
119.75 6.073453125000001e-47
119.875 6.082593750000001e-47
120 1.2896878125e-44
120.125 6.063562500000001e-47
120.25 6.059367187500001e-47
120.375 6.054867187500001e-47
120.5 6.0510234375e-47
120.625 6.046921875000001e-47
120.75 6.042632812500001e-47
120.875 6.037945312500001e-47
121 6.033867187500001e-47
121.125 6.029226562500001e-47
121.25 6.023859375000002e-47
121.375 6.019429687500001e-47
121.5 6.014882812500001e-47
121.625 6.0103125e-47
121.75 6.006773437500001e-47
121.875 6.003398437500001e-47
122 5.999671875000001e-47
122.125 5.996320312500001e-47
122.25 5.992968750000001e-47
122.375 5.990156250000001e-47
122.5 5.986359375e-47
122.625 5.983078125e-47
122.75 5.979585937500001e-47
122.875 5.9765390625e-47
123 5.973046875000001e-47
123.125 5.969929687500001e-47
123.25 5.966906250000001e-47
123.375 5.963648437500001e-47
123.5 5.960625000000001e-47
123.625 5.9576484375e-47
123.75 5.954625000000001e-47
123.875 5.951648437500001e-47
124 5.948296875000001e-47
124.125 5.9452265625e-47
124.25 5.94234375e-47
124.375 5.939203125000001e-47
124.5 5.9360859375e-47
124.625 5.933273437500001e-47
124.75 5.930320312500001e-47
124.875 5.9275078125e-47
125 5.92425e-47
125.125 5.921320312500001e-47
125.25 5.9185546875e-47
125.375 5.915601562500001e-47
125.5 5.912718750000001e-47
125.625 5.909695312500001e-47
125.75 5.906835937500001e-47
125.875 5.904117187500001e-47
126 5.901375000000001e-47
126.125 5.898562500000001e-47
126.25 5.8959140625e-47
126.375 5.8933125e-47
126.5 5.890617187500001e-47
126.625 5.887898437500001e-47
126.75 5.885015625e-47
126.875 5.882460937500001e-47
127 5.87971875e-47
127.125 5.877210937500001e-47
127.25 5.874421875e-47
127.375 5.872054687500001e-47
127.5 5.869359375000001e-47
127.625 5.866617187500001e-47
127.75 5.86378125e-47
127.875 5.861437500000001e-47
128 5.8584609375e-47
128.125 5.855859375000001e-47
128.25 5.853304687500001e-47
128.375 5.8509375e-47
128.5 5.848429687500001e-47
128.625 5.845945312500001e-47
128.75 5.8435078125e-47
128.875 5.841093750000001e-47
129 5.838492187500001e-47
129.125 5.836031250000001e-47
129.25 5.833734375e-47
129.375 5.831437500000001e-47
129.5 5.829187500000001e-47
129.625 5.826492187500001e-47
129.75 5.8240546875e-47
129.875 5.821687500000001e-47
130 5.8194609375e-47
130.125 5.817281250000001e-47
130.25 5.814820312500001e-47
130.375 5.8123359375e-47
130.5 5.8102265625e-47
130.625 5.808187500000001e-47
130.75 5.805890625000001e-47
130.875 5.803406250000001e-47
131 5.800992187500001e-47
131.125 5.798835937500001e-47
131.25 5.796421875000001e-47
131.375 5.793960937500001e-47
131.5 5.791687500000001e-47
131.625 5.789648437500001e-47
131.75 5.7876796875e-47
131.875 5.785523437500001e-47
132 5.783273437500001e-47
132.125 5.7813515625e-47
132.25 5.779242187500001e-47
132.375 5.777203125000001e-47
132.5 5.775257812500001e-47
132.625 5.773429687500001e-47
132.75 5.771156250000001e-47
132.875 5.769187500000001e-47
133 5.767031250000001e-47
133.125 5.764851562500001e-47
133.25 5.763000000000001e-47
133.375 5.761054687500001e-47
133.5 5.759109375000001e-47
133.625 5.7573984375e-47
133.75 5.755546875e-47
133.875 5.753437500000001e-47
134 5.751375000000001e-47
134.125 5.749734375000001e-47
134.25 5.748023437500001e-47
134.375 5.746289062500001e-47
134.5 5.7443671875e-47
134.625 5.742210937500001e-47
134.75 5.740218750000001e-47
134.875 5.738296875000001e-47
135 5.736468750000001e-47
135.125 5.734804687500001e-47
135.25 5.733046875000001e-47
135.375 5.731195312500001e-47
135.5 5.729132812500001e-47
135.625 5.727234375e-47
135.75 5.725523437500001e-47
135.875 5.723718750000001e-47
136 5.7217265625e-47
136.125 5.7198984375e-47
136.25 5.718351562500001e-47
136.375 5.716804687500001e-47
136.5 5.715140625000001e-47
136.625 5.713289062500001e-47
136.75 5.711414062500001e-47
136.875 5.709375000000001e-47
137 5.7076875e-47
137.125 5.70590625e-47
137.25 5.7040546875e-47
137.375 5.7024375e-47
137.5 5.7007265625e-47
137.625 5.699203125000001e-47
137.75 5.69746875e-47
137.875 5.695757812500001e-47
138 5.694187500000001e-47
138.125 5.692359375000001e-47
138.25 5.6906015625e-47
138.375 5.688984375e-47
138.5 5.687109375000001e-47
138.625 5.685843750000001e-47
138.75 5.684132812500001e-47
138.875 5.6826328125e-47
139 5.6811796875e-47
139.125 5.679750000000001e-47
139.25 5.6782265625e-47
139.375 5.676679687500001e-47
139.5 5.675179687500001e-47
139.625 5.67346875e-47
139.75 5.671968750000001e-47
139.875 5.670468750000001e-47
140 5.66925e-47
140.125 5.667515625000001e-47
140.25 5.6658046875e-47
140.375 5.664304687500001e-47
140.5 5.662781250000002e-47
140.625 5.661820312500001e-47
140.75 5.660062500000001e-47
140.875 5.658867187500001e-47
141 5.657437500000001e-47
141.125 5.656335937500001e-47
141.25 5.654367187500001e-47
141.375 5.652890625000001e-47
141.5 5.651578125000001e-47
141.625 5.650453125000001e-47
141.75 5.648976562500001e-47
141.875 5.6476875e-47
142 5.646187500000001e-47
142.125 5.644570312500001e-47
142.25 5.643234375000001e-47
142.375 5.641617187500001e-47
142.5 5.6402578125e-47
142.625 5.638945312500001e-47
142.75 5.637609375000001e-47
142.875 5.636554687500001e-47
143 5.6350078125e-47
143.125 5.633460937500001e-47
143.25 5.632148437500001e-47
143.375 5.631046875000001e-47
143.5 5.629710937500001e-47
143.625 5.628515625e-47
143.75 5.6268984375e-47
143.875 5.625750000000001e-47
144 5.6242734375e-47
144.125 5.622960937500001e-47
144.25 5.621625e-47
144.375 5.620289062500001e-47
144.5 5.619117187500001e-47
144.625 5.6177578125e-47
144.75 5.616398437500001e-47
144.875 5.615179687500001e-47
145 5.613820312500001e-47
145.125 5.612203125e-47
145.25 5.611007812500001e-47
145.375 5.609648437500001e-47
145.5 5.60840625e-47
145.625 5.609460937500001e-47
145.75 5.605453125000001e-47
145.875 5.604140625000001e-47
146 5.602945312500001e-47
146.125 5.601492187500001e-47
146.25 5.600156250000001e-47
146.375 5.59884375e-47
146.5 5.59771875e-47
146.625 5.596453125e-47
146.75 5.5951171875e-47
146.875 5.593992187500001e-47
147 5.592960937500001e-47
147.125 5.5916953125e-47
147.25 5.590734375000001e-47
147.375 5.5893984375e-47
147.5 5.588484375000001e-47
147.625 5.587382812500001e-47
147.75 5.586234375000001e-47
147.875 5.5851796875e-47
148 5.584007812500001e-47
148.125 5.582765625000001e-47
148.25 5.581640625000001e-47
148.375 5.580656250000001e-47
148.5 5.579695312500001e-47
148.625 5.578710937500001e-47
148.75 5.577585937500001e-47
148.875 5.576273437500001e-47
149 5.575359375000001e-47
149.125 5.574164062500001e-47
149.25 5.573226562500001e-47
149.375 5.5721484375e-47
149.5 5.571257812500001e-47
149.625 5.570156250000001e-47
149.75 5.569335937500001e-47
149.875 5.5683046875e-47
150 5.567132812500001e-47
150.125 5.566101562500001e-47
150.25 5.5648359375e-47
150.375 5.563828125e-47
150.5 5.562843750000001e-47
150.625 5.561835937500001e-47
150.75 5.560781250000001e-47
150.875 5.559796875000001e-47
151 5.558671875000001e-47
151.125 5.557546875000001e-47
151.25 5.556562500000001e-47
151.375 5.555531250000001e-47
151.5 5.554593750000001e-47
151.625 5.553703125000001e-47
151.75 5.552648437500001e-47
151.875 5.551664062500001e-47
152 5.550609375000001e-47
152.125 5.549882812500001e-47
152.25 5.5487578125e-47
152.375 5.547914062500001e-47
152.5 5.546789062500001e-47
152.625 5.5458984375e-47
152.75 5.544796875e-47
152.875 5.543695312500001e-47
153 5.542898437500001e-47
153.125 5.542289062500001e-47
153.25 5.541398437500001e-47
153.375 5.540601562500001e-47
153.5 5.5397578125e-47
153.625 5.53875e-47
153.75 5.537976562500001e-47
153.875 5.537296875e-47
154 5.5362890625e-47
154.125 5.535585937500001e-47
154.25 5.534789062500001e-47
154.375 5.534062500000001e-47
154.5 5.533265625000001e-47
154.625 5.5325625e-47
154.75 5.531578125e-47
154.875 5.5306171875e-47
155 5.529867187500001e-47
155.125 5.528835937500001e-47
155.25 5.528015625000001e-47
155.375 5.527265625000001e-47
155.5 5.526421875000001e-47
155.625 5.52553125e-47
155.75 5.524593750000001e-47
155.875 5.523867187500001e-47
156 5.522953125000001e-47
156.125 5.522132812500001e-47
156.25 5.521523437500001e-47
156.375 5.520914062500001e-47
156.5 5.520281250000001e-47
156.625 5.5194609375e-47
156.75 5.518312500000001e-47
156.875 5.5175859375e-47
157 5.516976562500001e-47
157.125 5.5161796875e-47
157.25 5.515453125000001e-47
157.375 5.514539062500001e-47
157.5 5.513859375000001e-47
157.625 5.512804687500001e-47
157.75 5.5120546875e-47
157.875 5.511328125000001e-47
158 5.5106953125e-47
158.125 5.510460937500001e-47
158.25 5.5098515625e-47
158.375 5.508609375e-47
158.5 5.507906250000001e-47
158.625 5.507203125000001e-47
158.75 5.506546875000001e-47
158.875 5.5058203125e-47
159 5.5049765625e-47
159.125 5.5045546875e-47
159.25 5.50396875e-47
159.375 5.503265625000001e-47
159.5 5.5024453125e-47
159.625 5.50171875e-47
159.75 5.500851562500001e-47
159.875 5.500242187500001e-47
160 5.499703125000001e-47
160.125 5.499070312500001e-47
160.25 5.498437500000001e-47
160.375 5.497734375000001e-47
160.5 5.4968671875e-47
160.625 5.496140625000001e-47
160.75 5.495484375000001e-47
160.875 5.494664062500001e-47
161 5.494125e-47
161.125 5.493609375e-47
161.25 5.492953125e-47
161.375 5.492390625e-47
161.5 5.4913125e-47
161.625 5.49075e-47
161.75 5.4901171875e-47
161.875 5.489414062500001e-47
162 5.488804687500001e-47
162.125 5.488171875000001e-47
162.25 5.4874453125e-47
162.375 5.486859375e-47
162.5 5.4864375e-47
162.625 5.485945312500001e-47
162.75 5.4853359375e-47
162.875 5.484890625000001e-47
163 5.484328125e-47
163.125 5.4836015625e-47
163.25 5.483015625e-47
163.375 5.482664062500001e-47
163.5 5.4821953125e-47
163.625 5.481679687500001e-47
163.75 5.4813515625e-47
163.875 5.4807421875e-47
164 5.480203125000001e-47
164.125 5.479617187500001e-47
164.25 5.4789140625e-47
164.375 5.478515625000001e-47
164.5 5.477953125000001e-47
164.625 5.4773203125e-47
164.75 5.476945312500001e-47
164.875 5.476453125e-47
165 5.475890625000001e-47
165.125 5.4753984375e-47
165.25 5.474929687500001e-47
165.375 5.474812500000001e-47
165.5 5.474437500000001e-47
165.625 5.47425e-47
165.75 5.473804687500001e-47
165.875 5.473265625000001e-47
166 5.472679687500001e-47
166.125 5.472328125000001e-47
166.25 5.471835937500001e-47
166.375 5.4713203125e-47
166.5 5.4706640625e-47
166.625 5.470242187500001e-47
166.75 5.470054687500001e-47
166.875 5.469562500000001e-47
167 5.4691640625e-47
167.125 5.468742187500001e-47
167.25 5.46834375e-47
167.375 5.4681328125e-47
167.5 5.467851562500001e-47
167.625 5.4675e-47
167.75 5.467195312500001e-47
167.875 5.4668671875e-47
168 5.466609375000001e-47
168.125 5.466492187500001e-47
168.25 5.465835937500001e-47
168.375 5.465390625000001e-47
168.5 5.465109375e-47
168.625 5.4648046875e-47
168.75 5.4644296875e-47
168.875 5.464195312500001e-47
169 5.463703125000001e-47
169.125 5.463351562500001e-47
169.25 5.4631640625e-47
169.375 5.462742187500001e-47
169.5 5.4624609375e-47
169.625 5.462039062500001e-47
169.75 5.4617109375e-47
169.875 5.461570312500001e-47
170 5.461570312500001e-47
170.125 5.4615234375e-47
170.25 5.461406250000001e-47
170.375 5.4611953125e-47
170.5 5.46103125e-47
170.625 5.461054687500001e-47
170.75 5.460984375e-47
170.875 5.460937500000001e-47
171 5.461054687500001e-47
171.125 5.461453125000001e-47
171.25 5.461500000000001e-47
171.375 5.461945312500001e-47
171.5 5.462203125000001e-47
171.625 5.462578125000001e-47
171.75 5.4628125e-47
171.875 5.46328125e-47
172 5.4638203125e-47
172.125 5.464335937500001e-47
172.25 5.4650625e-47
172.375 5.465812500000001e-47
172.5 5.466585937500001e-47
172.625 5.4673125e-47
172.75 5.46815625e-47
172.875 5.469187500000001e-47
173 5.470289062500001e-47
173.125 5.4717890625e-47
173.25 5.473101562500001e-47
173.375 5.4742265625e-47
173.5 5.475585937500001e-47
173.625 5.477531250000001e-47
173.75 5.479148437500001e-47
173.875 5.4812578125e-47
174 5.483273437500001e-47
174.125 5.485734375000001e-47
174.25 5.4885234375e-47
174.375 5.491101562500001e-47
174.5 5.4946171875e-47
174.625 5.497875e-47
174.75 5.5014609375e-47
174.875 5.506265625000001e-47
175 5.5114921875e-47
175.125 5.517046875000001e-47
175.25 5.523187500000001e-47
175.375 5.530546875000001e-47
175.5 5.538796875000001e-47
175.625 5.547820312500001e-47
175.75 5.558039062500001e-47
175.875 5.568937500000001e-47
176 5.5809140625e-47
176.125 5.5941328125e-47
176.25 5.608828125000001e-47
176.375 5.624929687500001e-47
176.5 5.6400703125e-47
176.625 5.654859375000001e-47
176.75 5.6716875e-47
176.875 5.6911171875e-47
177 5.711507812500001e-47
177.125 5.735812500000001e-47
177.25 5.763843750000001e-47
177.375 5.795437500000001e-47
177.5 5.831578125000001e-47
177.625 5.873953125000001e-47
177.75 5.921742187500001e-47
177.875 5.980851562500001e-47
178 6.050296875e-47
178.125 6.132351562500001e-47
178.25 6.234421875000001e-47
178.375 6.354984375000001e-47
178.5 6.514453125000001e-47
178.625 6.7228125e-47
178.75 6.998109375000001e-47
178.875 7.369523437500001e-47
179 7.892507812500001e-47
179.125 8.673093750000001e-47
179.25 9.879731250000001e-47
179.375 1.1903859375e-46
179.5 1.568045625e-46
179.625 2.39475e-46
179.75 4.8135234375e-46
179.875 1.7354015625e-45
180 7.154671875000002e-45
180.125 9.683296875000002e-46
180.25 3.540421875e-46
180.375 1.9927875e-46
180.5 1.387685625e-46
180.625 1.094925e-46
180.75 9.308671875e-47
180.875 8.3043046875e-47
181 7.642335937500001e-47
181.125 7.185328125000001e-47
181.25 6.862804687500001e-47
181.375 6.621914062500001e-47
181.5 6.436757812500001e-47
181.625 6.2943046875e-47
181.75 6.181031250000001e-47
181.875 6.089765625e-47
182 6.012984375000001e-47
182.125 5.950359375000001e-47
182.25 5.8957265625e-47
182.375 5.850703125000001e-47
182.5 5.809523437500001e-47
182.625 5.774320312500001e-47
182.75 5.745093750000001e-47
182.875 5.719148437500001e-47
183 5.695875000000001e-47
183.125 5.676632812500001e-47
183.25 5.659078125e-47
183.375 5.642460937500001e-47
183.5 5.627601562500001e-47
183.625 5.611921875000001e-47
183.75 5.596453125e-47
183.875 5.582835937500001e-47
184 5.569382812500001e-47
184.125 5.5584609375e-47
184.25 5.548007812500001e-47
184.375 5.538398437500001e-47
184.5 5.530078125000001e-47
184.625 5.522484375e-47
184.75 5.516507812500001e-47
184.875 5.510531250000001e-47
185 5.504812500000001e-47
185.125 5.500359375000001e-47
185.25 5.495460937500001e-47
185.375 5.491078125000001e-47
185.5 5.487351562500001e-47
185.625 5.484046875000001e-47
185.75 5.4811875e-47
185.875 5.478960937500001e-47
186 5.476359375000001e-47
186.125 5.474507812500001e-47
186.25 5.472609375e-47
186.375 5.470640625000001e-47
186.5 5.469023437500001e-47
186.625 5.4675e-47
186.75 5.465953125000001e-47
186.875 5.464851562500001e-47
187 5.463984375e-47
187.125 5.463375000000001e-47
187.25 5.462507812500001e-47
187.375 5.461757812500001e-47
187.5 5.461171875e-47
187.625 5.460656250000001e-47
187.75 5.460257812500001e-47
187.875 5.459882812500001e-47
188 5.45953125e-47
188.125 5.460117187500001e-47
188.25 5.460140625000001e-47
188.375 5.46e-47
188.5 5.459859375000001e-47
188.625 5.459578125e-47
188.75 5.4593671875e-47
188.875 5.458453125e-47
189 5.458031250000001e-47
189.125 5.4575625e-47
189.25 5.457398437500001e-47
189.375 5.457398437500001e-47
189.5 5.457328125000001e-47
189.625 5.457187500000001e-47
189.75 5.457257812500001e-47
189.875 5.457328125000001e-47
190 5.457398437500001e-47
190.125 5.457585937500001e-47
190.25 5.457984375000001e-47
190.375 5.457890625000001e-47
190.5 5.458218750000001e-47
190.625 5.458406250000001e-47
190.75 5.458640625000001e-47
190.875 5.459015625000001e-47
191 5.458945312500001e-47
191.125 5.459273437500001e-47
191.25 5.459625000000001e-47
191.375 5.459859375000001e-47
191.5 5.460304687500001e-47
191.625 5.460585937500001e-47
191.75 5.460984375e-47
191.875 5.461265625000001e-47
192 5.461640625e-47
192.125 5.461898437500001e-47
192.25 5.462132812500001e-47
192.375 5.462320312500001e-47
192.5 5.4626484375e-47
192.625 5.4630703125e-47
192.75 5.463398437500001e-47
192.875 5.463937500000001e-47
193 5.464265625e-47
193.125 5.464593750000001e-47
193.25 5.464851562500001e-47
193.375 5.46525e-47
193.5 5.465554687500001e-47
193.625 5.4658828125e-47
193.75 5.466304687500001e-47
193.875 5.466585937500001e-47
194 5.467031250000001e-47
194.125 5.467359375000001e-47
194.25 5.4676875e-47
194.375 5.467921875000001e-47
194.5 5.46834375e-47
194.625 5.468578125000001e-47
194.75 5.469046875000001e-47
194.875 5.469656250000001e-47
195 5.470101562500001e-47
195.125 5.47040625e-47
195.25 5.4709921875e-47
195.375 5.471437500000001e-47
195.5 5.471859375000001e-47
195.625 5.472632812500001e-47
195.75 5.473078125000001e-47
195.875 5.473617187500001e-47
196 5.474273437500001e-47
196.125 5.474531250000001e-47
196.25 5.475000000000001e-47
196.375 5.47546875e-47
196.5 5.47603125e-47
196.625 5.476546875000001e-47
196.75 5.477109375e-47
196.875 5.477625000000001e-47
197 5.478257812500001e-47
197.125 5.479031250000001e-47
197.25 5.479570312500001e-47
197.375 5.480156250000001e-47
197.5 5.480507812500001e-47
197.625 5.480882812500001e-47
197.75 5.4813984375e-47
197.875 5.482078125e-47
198 5.482546875e-47
198.125 5.48296875e-47
198.25 5.483578125000001e-47
198.375 5.484046875000001e-47
198.5 5.484562500000001e-47
198.625 5.4852421875e-47
198.75 5.485945312500001e-47
198.875 5.486554687500001e-47
199 5.487164062500001e-47
199.125 5.487539062500001e-47
199.25 5.488171875000001e-47
199.375 5.488453125000001e-47
199.5 5.488968750000001e-47
199.625 5.48953125e-47
199.75 5.4902109375e-47
199.875 5.49084375e-47
200 5.491218750000001e-47
200.125 5.4916640625e-47
200.25 5.492296875e-47
200.375 5.492718750000001e-47
200.5 5.493328125000001e-47
200.625 5.494078125000001e-47
200.75 5.49459375e-47
200.875 5.495273437500001e-47
201 5.4960234375e-47
201.125 5.4965625e-47
201.25 5.4970078125e-47
201.375 5.497617187500001e-47
201.5 5.498414062500001e-47
201.625 5.4990234375e-47
201.75 5.499679687500001e-47
201.875 5.500218750000001e-47
202 5.500921875e-47
202.125 5.50190625e-47
202.25 5.502585937500001e-47
202.375 5.503218750000001e-47
202.5 5.503734375e-47
202.625 5.5045078125e-47
202.75 5.5051640625e-47
202.875 5.505843750000001e-47
203 5.506453125000001e-47
203.125 5.507343750000001e-47
203.25 5.508046875e-47
203.375 5.508656250000001e-47
203.5 5.509500000000001e-47
203.625 5.510507812500001e-47
203.75 5.5113046875e-47
203.875 5.512125e-47
204 5.5128515625e-47
204.125 5.513765625000001e-47
204.25 5.514093750000001e-47
204.375 5.51446875e-47
204.5 5.515218750000001e-47
204.625 5.516156250000001e-47
204.75 5.516671875000001e-47
204.875 5.517281250000001e-47
205 5.517960937500001e-47
205.125 5.518757812500001e-47
205.25 5.519273437500001e-47
205.375 5.520234375000001e-47
205.5 5.520914062500001e-47
205.625 5.521921875000001e-47
205.75 5.5222734375e-47
205.875 5.523328125e-47
206 5.524078125e-47
206.125 5.525039062500001e-47
206.25 5.525835937500001e-47
206.375 5.526468750000001e-47
206.5 5.527242187500001e-47
206.625 5.5279453125e-47
206.75 5.528531250000001e-47
206.875 5.5294921875e-47
207 5.530476562500001e-47
207.125 5.531343750000001e-47
207.25 5.531976562500001e-47
207.375 5.5325625e-47
207.5 5.5332890625e-47
207.625 5.533968750000001e-47
207.75 5.534578125000001e-47
207.875 5.535164062500001e-47
208 5.53584375e-47
208.125 5.536171875000001e-47
208.25 5.5370859375e-47
208.375 5.5377421875e-47
208.5 5.538492187500001e-47
208.625 5.539218750000001e-47
208.75 5.5398984375e-47
208.875 5.540859375000001e-47
209 5.541679687500001e-47
209.125 5.542593750000001e-47
209.25 5.5434375e-47
209.375 5.544351562500001e-47
209.5 5.544937500000001e-47
209.625 5.5456875e-47
209.75 5.5466015625e-47
209.875 5.547632812500001e-47
210 5.548617187500001e-47
210.125 5.5495078125e-47
210.25 5.5503046875e-47
210.375 5.5513828125e-47
210.5 5.552109375e-47
210.625 5.552859375000001e-47
210.75 5.553679687500001e-47
210.875 5.554476562500001e-47
211 5.5555546875e-47
211.125 5.5560234375e-47
211.25 5.556937500000001e-47
211.375 5.557570312500001e-47
211.5 5.558671875000001e-47
211.625 5.559492187500001e-47
211.75 5.560242187500001e-47
211.875 5.5613671875e-47
212 5.562210937500001e-47
212.125 5.563031250000001e-47
212.25 5.563828125e-47
212.375 5.564718750000001e-47
212.5 5.5656328125e-47
212.625 5.566687500000001e-47
212.75 5.567625000000001e-47
212.875 5.568421875e-47
213 5.569453125000001e-47
213.125 5.570460937500001e-47
213.25 5.571515625e-47
213.375 5.572687500000001e-47
213.5 5.5733203125e-47
213.625 5.573976562500001e-47
213.75 5.5750078125e-47
213.875 5.576203125e-47
214 5.577093750000001e-47
214.125 5.577960937500001e-47
214.25 5.578828125e-47
214.375 5.5802578125e-47
214.5 5.581125e-47
214.625 5.581804687500001e-47
214.75 5.582648437500001e-47
214.875 5.583656250000001e-47
215 5.584546875e-47
215.125 5.585484375000001e-47
215.25 5.586468750000001e-47
215.375 5.587476562500001e-47
215.5 5.588484375000001e-47
215.625 5.5894453125e-47
215.75 5.590453125000001e-47
215.875 5.591414062500001e-47
216 5.592257812500001e-47
216.125 5.5932890625e-47
216.25 5.594109375e-47
216.375 5.595046875000001e-47
216.5 5.596078125000001e-47
216.625 5.597296875000001e-47
216.75 5.598140625000001e-47
216.875 5.599078125000001e-47
217 5.599968750000001e-47
217.125 5.600882812500001e-47
217.25 5.601867187500001e-47
217.375 5.603015625000001e-47
217.5 5.6039296875e-47
217.625 5.604773437500001e-47
217.75 5.605781250000001e-47
217.875 5.6066953125e-47
218 5.607445312500001e-47
218.125 5.608429687500001e-47
218.25 5.609343750000001e-47
218.375 5.610421875e-47
218.5 5.611335937500001e-47
218.625 5.612531250000001e-47
218.75 5.613773437500001e-47
218.875 5.614781250000001e-47
219 5.615695312500001e-47
219.125 5.616867187500001e-47
219.25 5.617781250000001e-47
219.375 5.61890625e-47
219.5 5.619984375e-47
219.625 5.621203125e-47
219.75 5.622257812500001e-47
219.875 5.623500000000001e-47
220 5.624507812500001e-47
220.125 5.625398437500001e-47
220.25 5.626382812500001e-47
220.375 5.6276953125e-47
220.5 5.628609375000001e-47
220.625 5.630015625000001e-47
220.75 5.631e-47
220.875 5.632148437500001e-47
221 5.633320312500001e-47
221.125 5.634632812500001e-47
221.25 5.635781250000001e-47
221.375 5.63690625e-47
221.5 5.637984375000001e-47
221.625 5.638945312500001e-47
221.75 5.6401640625e-47
221.875 5.641125000000001e-47
222 5.642226562500001e-47
222.125 5.643328125e-47
222.25 5.644476562500001e-47
222.375 5.645531250000001e-47
222.5 5.646609375e-47
222.625 5.647992187500001e-47
222.75 5.649187500000001e-47
222.875 5.6503359375e-47
223 5.651625000000001e-47
223.125 5.652679687500001e-47
223.25 5.653875000000001e-47
223.375 5.6549296875e-47
223.5 5.656171875000001e-47
223.625 5.657132812500001e-47
223.75 5.658164062500001e-47
223.875 5.6595e-47
224 5.660835937500001e-47
224.125 5.662125000000001e-47
224.25 5.663390625000001e-47
224.375 5.664867187500001e-47
224.5 5.665945312500001e-47
224.625 5.667e-47
224.75 5.6682421875e-47
224.875 5.669390625000001e-47
225 5.670703125000001e-47
225.125 5.671921875000001e-47
225.25 5.673000000000001e-47
225.375 5.6741484375e-47
225.5 5.675437500000001e-47
225.625 5.6767734375e-47
225.75 5.678132812500001e-47
225.875 5.679375e-47
226 5.680546875000001e-47
226.125 5.6819765625e-47
226.25 5.683054687500001e-47
226.375 5.684390625000001e-47
226.5 5.685750000000001e-47
226.625 5.687203125000001e-47
226.75 5.688539062500001e-47
226.875 5.689734375000001e-47
227 5.691257812500001e-47
227.125 5.692500000000001e-47
227.25 5.6936953125e-47
227.375 5.695078125000001e-47
227.5 5.696625000000001e-47
227.625 5.697328125000001e-47
227.75 5.69878125e-47
227.875 5.700140625000001e-47
228 5.701570312500001e-47
228.125 5.703023437500001e-47
228.25 5.704312500000001e-47
228.375 5.705484375000001e-47
228.5 5.706984375000001e-47
228.625 5.708437500000001e-47
228.75 5.709726562500001e-47
228.875 5.711367187500001e-47
229 5.712726562500001e-47
229.125 5.714296875000001e-47
229.25 5.715796875000001e-47
229.375 5.717156250000001e-47
229.5 5.718398437500001e-47
229.625 5.719781250000001e-47
229.75 5.721140625000001e-47
229.875 5.722617187500001e-47
230 5.724046875000002e-47
230.125 5.725523437500001e-47
230.25 5.726929687500001e-47
230.375 5.728523437500001e-47
230.5 5.729976562500001e-47
230.625 5.731640625000001e-47
230.75 5.734007812500001e-47
230.875 5.7345703125e-47
231 5.7360234375e-47
231.125 5.737523437500001e-47
231.25 5.739046875000001e-47
231.375 5.740664062500001e-47
231.5 5.742140625000001e-47
231.625 5.743757812500001e-47
231.75 5.745257812500001e-47
231.875 5.746851562500002e-47
232 5.748843750000001e-47
232.125 5.7504140625e-47
232.25 5.751632812500001e-47
232.375 5.753062500000001e-47
232.5 5.754539062500001e-47
232.625 5.756062500000001e-47
232.75 5.757515625000001e-47
232.875 5.759015625e-47
233 5.760492187500001e-47
233.125 5.762179687500001e-47
233.25 5.7639140625e-47
233.375 5.7655078125e-47
233.5 5.766984375000001e-47
233.625 5.768625000000001e-47
233.75 5.770335937500001e-47
233.875 5.771484375000001e-47
234 5.77284375e-47
234.125 5.774531250000001e-47
234.25 5.775937500000001e-47
234.375 5.777625000000001e-47
234.5 5.779171875e-47
234.625 5.78053125e-47
234.75 5.781937500000001e-47
234.875 5.7834609375e-47
235 5.7850546875e-47
235.125 5.786835937500001e-47
235.25 5.788171875000001e-47
235.375 5.7895078125e-47
235.5 5.7909609375e-47
235.625 5.792554687500001e-47
235.75 5.793960937500001e-47
235.875 5.7955546875e-47
236 5.79703125e-47
236.125 5.79871875e-47
236.25 5.800171875000001e-47
236.375 5.8017421875e-47
236.5 5.803406250000001e-47
236.625 5.8049765625e-47
236.75 5.806734375000001e-47
236.875 5.8082578125e-47
237 5.809757812500001e-47
237.125 5.811421875000001e-47
237.25 5.812921875e-47
237.375 5.8143984375e-47
237.5 5.815898437500001e-47
237.625 5.817351562500001e-47
237.75 5.818757812500001e-47
237.875 5.820515625000002e-47
238 5.822039062500001e-47
238.125 5.823445312500001e-47
238.25 5.8251796875e-47
238.375 5.8269609375e-47
238.5 5.828695312500001e-47
238.625 5.830007812500001e-47
238.75 5.8318828125e-47
238.875 5.8332890625e-47
239 5.834812500000001e-47
239.125 5.836640625000001e-47
239.25 5.838257812500001e-47
239.375 5.840062500000002e-47
239.5 5.8416328125e-47
239.625 5.843226562500001e-47
239.75 5.845078125e-47
239.875 5.8468828125e-47
240 5.848875000000001e-47
240.125 5.850562500000001e-47
240.25 5.852203125e-47
240.375 5.85403125e-47
240.5 5.855812500000001e-47
240.625 5.857406250000001e-47
240.75 5.859187500000001e-47
240.875 5.861062500000001e-47
241 5.8628203125e-47
241.125 5.864742187500001e-47
241.25 5.8664296875e-47
241.375 5.868234375e-47
241.5 5.870039062500001e-47
241.625 5.8719375e-47
241.75 5.873695312500001e-47
241.875 5.875734375000001e-47
242 5.877539062500001e-47
242.125 5.879414062500001e-47
242.25 5.881078125e-47
242.375 5.882859375000001e-47
242.5 5.8845234375e-47
242.625 5.886468750000001e-47
242.75 5.888179687500001e-47
242.875 5.890289062500001e-47
243 5.892070312500001e-47
243.125 5.893898437500001e-47
243.25 5.895703125000001e-47
243.375 5.8973671875e-47
243.5 5.899125000000001e-47
243.625 5.901046875000001e-47
243.75 5.902687500000001e-47
243.875 5.9047265625e-47
244 5.906460937500001e-47
244.125 5.908359375000001e-47
244.25 5.910421875e-47
244.375 5.912437500000001e-47
244.5 5.914453125000001e-47
244.625 5.916820312500001e-47
244.75 5.918578125e-47
244.875 5.920242187500001e-47
245 5.921882812500001e-47
245.125 5.9234296875e-47
245.25 5.925140625000001e-47
245.375 5.9270390625e-47
245.5 5.929078125000001e-47
245.625 5.9312109375e-47
245.75 5.933367187500001e-47
245.875 5.9348671875e-47
246 5.9368125e-47
246.125 5.9387578125e-47
246.25 5.940656250000001e-47
246.375 5.942460937500001e-47
246.5 5.9442421875e-47
246.625 5.946187500000001e-47
246.75 5.9480390625e-47
246.875 5.950171875000001e-47
247 5.952257812500001e-47
247.125 5.954460937500001e-47
247.25 5.9563828125e-47
247.375 5.95846875e-47
247.5 5.960062500000001e-47
247.625 5.962125000000001e-47
247.75 5.964093750000001e-47
247.875 5.9661328125e-47
248 5.9678671875e-47
248.125 5.969953125000001e-47
248.25 5.971992187500001e-47
248.375 5.973867187500001e-47
248.5 5.97590625e-47
248.625 5.977734375000001e-47
248.75 5.979960937500001e-47
248.875 5.981507812500001e-47
249 5.983593750000001e-47
249.125 5.9857734375e-47
249.25 5.987742187500001e-47
249.375 5.9899453125e-47
249.5 5.991914062500002e-47
249.625 5.994210937500001e-47
249.75 5.996250000000001e-47
249.875 5.998523437500001e-47
250 6.000609375e-47
250.125 6.002625e-47
250.25 6.004570312500001e-47
250.375 6.006445312500001e-47
250.5 6.008695312500001e-47
250.625 6.010898437500001e-47
250.75 6.01303125e-47
250.875 6.015445312500001e-47
251 6.017835937500001e-47
251.125 6.019664062500001e-47
251.25 6.021656250000001e-47
251.375 6.023859375000002e-47
251.5 6.026015625000001e-47
251.625 6.0280546875e-47
251.75 6.030328125e-47
251.875 6.032765625e-47
252 6.034992187500001e-47
252.125 6.037125000000001e-47
252.25 6.0392578125e-47
252.375 6.04125e-47
252.5 6.043546875e-47
252.625 6.045679687500001e-47
252.75 6.047859375e-47
252.875 6.050156250000001e-47
253 6.0523359375e-47
253.125 6.054328125000001e-47
253.25 6.056882812500001e-47
253.375 6.059015625e-47
253.5 6.061031250000001e-47
253.625 6.0629296875e-47
253.75 6.0653203125e-47
253.875 6.067523437500001e-47
254 6.069679687500001e-47
254.125 6.071976562500001e-47
254.25 6.0742734375e-47
254.375 6.076664062500001e-47
254.5 6.0789140625e-47
254.625 6.081093750000001e-47
254.75 6.083484375000001e-47
254.875 6.085734375000001e-47
255 6.087890625000001e-47
255.125 6.090421875000001e-47
255.25 6.092882812500001e-47
255.375 6.095414062500001e-47
255.5 6.0974765625e-47
255.625 6.100195312500001e-47
255.75 6.102890625000001e-47
255.875 6.105679687500001e-47
256 6.109429687500001e-47
256.125 6.110484375e-47
256.25 6.112125e-47
256.375 6.113976562500001e-47
256.5 6.1161796875e-47
256.625 6.118312500000001e-47
256.75 6.1202578125e-47
256.875 6.122578125000001e-47
257 6.124875000000001e-47
257.125 6.1272421875e-47
257.25 6.12965625e-47
257.375 6.131906250000001e-47
257.5 6.134156250000001e-47
257.625 6.136171875e-47
257.75 6.1384453125e-47
257.875 6.140859375000001e-47
258 6.142992187500001e-47
258.125 6.145406250000001e-47
258.25 6.147820312500001e-47
258.375 6.150351562500001e-47
258.5 6.152953125000001e-47
258.625 6.1553203125e-47
258.75 6.1577109375e-47
258.875 6.1601953125e-47
259 6.162726562500001e-47
259.125 6.1652578125e-47
259.25 6.167812500000001e-47
259.375 6.170203125000001e-47
259.5 6.172945312500001e-47
259.625 6.175148437500001e-47
259.75 6.177375000000001e-47
259.875 6.179859375000001e-47
260 6.182226562500002e-47
260.125 6.184664062500002e-47
260.25 6.186984375000001e-47
260.375 6.189656250000001e-47
260.5 6.192679687500001e-47
260.625 6.195257812500002e-47
260.75 6.197437500000001e-47
260.875 6.1996171875e-47
261 6.202054687500001e-47
261.125 6.204492187500001e-47
261.25 6.207187500000001e-47
261.375 6.209742187500001e-47
261.5 6.212343750000001e-47
261.625 6.214804687500002e-47
261.75 6.217476562500001e-47
261.875 6.220054687500001e-47
262 6.222164062500001e-47
262.125 6.224578125000001e-47
262.25 6.227039062500001e-47
262.375 6.22978125e-47
262.5 6.232335937500001e-47
262.625 6.234890625000001e-47
262.75 6.237656250000001e-47
262.875 6.240656250000001e-47
263 6.243023437500001e-47
263.125 6.2458828125e-47
263.25 6.248765625e-47
263.375 6.251906250000001e-47
263.5 6.254484375000001e-47
263.625 6.2569921875e-47
263.75 6.259218750000001e-47
263.875 6.261820312500001e-47
264 6.264281250000001e-47
264.125 6.266859375e-47
264.25 6.269460937500001e-47
264.375 6.271617187500001e-47
264.5 6.273960937500001e-47
264.625 6.276492187500001e-47
264.75 6.278531250000001e-47
264.875 6.281039062500001e-47
265 6.283500000000001e-47
265.125 6.286078125000001e-47
265.25 6.288351562500001e-47
265.375 6.291070312500001e-47
265.5 6.293695312500001e-47
265.625 6.296578125e-47
265.75 6.298757812500001e-47
265.875 6.301335937500001e-47
266 6.303937500000002e-47
266.125 6.3066796875e-47
266.25 6.309257812500001e-47
266.375 6.311531250000001e-47
266.5 6.314250000000001e-47
266.625 6.317179687500001e-47
266.75 6.319664062500001e-47
266.875 6.3221484375e-47
267 6.324304687500002e-47
267.125 6.327187500000001e-47
267.25 6.329882812500001e-47
267.375 6.332226562500001e-47
267.5 6.3350390625e-47
267.625 6.337593750000001e-47
267.75 6.340382812500001e-47
267.875 6.342750000000001e-47
268 6.345515625000001e-47
268.125 6.347765625000001e-47
268.25 6.350343750000001e-47
268.375 6.353062500000001e-47
268.5 6.355968750000001e-47
268.625 6.358898437500001e-47
268.75 6.361617187500001e-47
268.875 6.3643359375e-47
269 6.366914062500001e-47
269.125 6.369562500000001e-47
269.25 6.372539062500002e-47
269.375 6.375210937500001e-47
269.5 6.377882812500001e-47
269.625 6.380625e-47
269.75 6.383460937500001e-47
269.875 6.386226562500001e-47
270 6.38896875e-47
270.125 6.391289062500001e-47
270.25 6.3941953125e-47
270.375 6.397125e-47
270.5 6.399820312500001e-47
270.625 6.402210937500001e-47
270.75 6.4048828125e-47
270.875 6.4078828125e-47
271 6.410414062500001e-47
271.125 6.413343750000001e-47
271.25 6.4158515625e-47
271.375 6.4186171875e-47
271.5 6.421054687500001e-47
271.625 6.423585937500001e-47
271.75 6.426351562500001e-47
271.875 6.429046875e-47
272 6.431718750000001e-47
272.125 6.434695312500001e-47
272.25 6.437929687500001e-47
272.375 6.440625e-47
272.5 6.443414062500001e-47
272.625 6.4463203125e-47
272.75 6.4492265625e-47
272.875 6.4510546875e-47
273 6.453562500000001e-47
273.125 6.45590625e-47
273.25 6.458484375000001e-47
273.375 6.461179687500001e-47
273.5 6.463828125000001e-47
273.625 6.4665e-47
273.75 6.469289062500001e-47
273.875 6.471984375000001e-47
274 6.474515625000001e-47
274.125 6.477328125000001e-47
274.25 6.480210937500001e-47
274.375 6.483328125000001e-47
274.5 6.4866796875e-47
274.625 6.489210937500001e-47
274.75 6.492023437500001e-47
274.875 6.495e-47
275 6.497835937500001e-47
275.125 6.500671875000001e-47
275.25 6.503296875000001e-47
275.375 6.505476562500001e-47
275.5 6.5085703125e-47
275.625 6.511640625000001e-47
275.75 6.5139375e-47
275.875 6.516375e-47
276 6.519539062500001e-47
276.125 6.522187500000001e-47
276.25 6.524648437500001e-47
276.375 6.526992187500001e-47
276.5 6.530203125e-47
276.625 6.532570312500001e-47
276.75 6.535429687500001e-47
276.875 6.5381953125e-47
277 6.540867187500002e-47
277.125 6.543140625000001e-47
277.25 6.546046875e-47
277.375 6.548718750000001e-47
277.5 6.551671875000001e-47
277.625 6.554296875000001e-47
277.75 6.556828125000001e-47
277.875 6.559500000000001e-47
278 6.562265625000001e-47
278.125 6.565148437500001e-47
278.25 6.56784375e-47
278.375 6.571078125000001e-47
278.5 6.574171875000001e-47
278.625 6.576773437500001e-47
278.75 6.579890625e-47
278.875 6.583289062500001e-47
279 6.586078125000001e-47
279.125 6.589898437500001e-47
279.25 6.594656250000001e-47
279.375 6.598125000000001e-47
279.5 6.601078125e-47
279.625 6.603187500000001e-47
279.75 6.604781250000001e-47
279.875 6.60759375e-47
280 6.611273437500001e-47
280.125 6.614156250000001e-47
280.25 6.617601562500002e-47
280.375 6.6206015625e-47
280.5 6.623671875000001e-47
280.625 6.626812500000001e-47
280.75 6.630421875000001e-47
280.875 6.633914062500001e-47
281 6.637218750000001e-47
281.125 6.640546875e-47
281.25 6.6440390625e-47
281.375 6.647437500000001e-47
281.5 6.651421875000001e-47
281.625 6.654843750000001e-47
281.75 6.658171875000001e-47
281.875 6.661851562500001e-47
282 6.664851562500001e-47
282.125 6.6680625e-47
282.25 6.671273437500001e-47
282.375 6.674601562500001e-47
282.5 6.678375000000001e-47
282.625 6.682148437500001e-47
282.75 6.685593750000001e-47
282.875 6.689203125e-47
283 6.692882812500001e-47
283.125 6.696679687500001e-47
283.25 6.700570312500001e-47
283.375 6.7040625e-47
283.5 6.707835937500001e-47
283.625 6.711539062500001e-47
283.75 6.715453125e-47
283.875 6.719789062500001e-47
284 6.723328125e-47
284.125 6.726703125000001e-47
284.25 6.730265625000001e-47
284.375 6.734507812500001e-47
284.5 6.738585937500001e-47
284.625 6.742617187500001e-47
284.75 6.746929687500001e-47
284.875 6.751054687500001e-47
285 6.754921875e-47
285.125 6.758882812500001e-47
285.25 6.762890625e-47
285.375 6.766828125000001e-47
285.5 6.770929687500001e-47
285.625 6.774773437500001e-47
285.75 6.778687500000001e-47
285.875 6.782648437500001e-47
286 6.786445312500001e-47
286.125 6.790687500000001e-47
286.25 6.793898437500002e-47
286.375 6.798140625000001e-47
286.5 6.8026171875e-47
286.625 6.8064140625e-47
286.75 6.810421875000001e-47
286.875 6.814031250000001e-47
287 6.818132812500001e-47
287.125 6.821906250000001e-47
287.25 6.825914062500001e-47
287.375 6.829945312500001e-47
287.5 6.8341171875e-47
287.625 6.8384296875e-47
287.75 6.843093750000001e-47
287.875 6.847687500000001e-47
288 6.851695312500001e-47
288.125 6.855867187500001e-47
288.25 6.860132812500001e-47
288.375 6.864796875000001e-47
288.5 6.869085937500001e-47
288.625 6.874148437500001e-47
288.75 6.87825e-47
288.875 6.883171875000001e-47
289 6.8878828125e-47
289.125 6.891703125000001e-47
289.25 6.896601562500001e-47
289.375 6.9013359375e-47
289.5 6.9062109375e-47
289.625 6.910992187500001e-47
289.75 6.915164062500001e-47
289.875 6.919664062500001e-47
290 6.923976562500001e-47
290.125 6.928148437500001e-47
290.25 6.932484375000001e-47
290.375 6.936562500000001e-47
290.5 6.94115625e-47
290.625 6.946289062500001e-47
290.75 6.951070312500001e-47
290.875 6.956390625000001e-47
291 6.961312500000001e-47
291.125 6.965742187500001e-47
291.25 6.9701015625e-47
291.375 6.975257812500001e-47
291.5 6.979734375000001e-47
291.625 6.984796875000001e-47
291.75 6.988500000000001e-47
291.875 6.993328125000001e-47
292 6.998085937500001e-47
292.125 7.002937500000002e-47
292.25 7.007507812500001e-47
292.375 7.012265625000001e-47
292.5 7.017632812500001e-47
292.625 7.022484375000002e-47
292.75 7.0273125e-47
292.875 7.032304687500001e-47
293 7.036710937500001e-47
293.125 7.0418671875e-47
293.25 7.04625e-47
293.375 7.0509140625e-47
293.5 7.055742187500001e-47
293.625 7.060289062500001e-47
293.75 7.0654921875e-47
293.875 7.069265625000001e-47
294 7.073367187500001e-47
294.125 7.078054687500002e-47
294.25 7.083421875000001e-47
294.375 7.090664062500001e-47
294.5 7.096992187500001e-47
294.625 7.103203125000001e-47
294.75 7.109671875000001e-47
294.875 7.115859375000001e-47
295 7.121648437500001e-47
295.125 7.128632812500001e-47
295.25 7.135523437500001e-47
295.375 7.143234375000001e-47
295.5 7.151718750000002e-47
295.625 7.161328125000001e-47
295.75 7.17121875e-47
295.875 7.183640625000001e-47
296 7.19728125e-47
296.125 7.210125000000001e-47
296.25 7.224585937500001e-47
296.375 7.239937500000001e-47
296.5 7.257679687500001e-47
296.625 7.279406250000001e-47
296.75 7.300335937500001e-47
296.875 7.320937500000001e-47
297 7.345007812500001e-47
297.125 7.370414062500001e-47
297.25 7.397109375000001e-47
297.375 7.427156250000001e-47
297.5 7.462078125e-47
297.625 7.502718750000001e-47
297.75 7.553132812500001e-47
297.875 7.6082109375e-47
298 7.680773437500001e-47
298.125 7.763203125000002e-47
298.25 7.8691875e-47
298.375 7.993007812500001e-47
298.5 8.153648437500001e-47
298.625 8.375625000000001e-47
298.75 8.720882812500002e-47
298.875 9.258539062500002e-47
299 1.02109875e-46
299.125 1.199390625e-46
299.25 1.5723721875e-46
299.375 2.5068046875e-46
299.5 5.755265625000001e-46
299.625 3.521507812500001e-45
299.75 4.4253984375e-45
299.875 6.371039062500001e-46
300 2.6899921875e-46
300.125 1.659796875e-46
300.25 1.258678125e-46
300.375 1.0703953125e-46
300.5 9.755409375e-47
300.625 9.223757812500001e-47
300.75 8.9316796875e-47
300.875 8.777296875000002e-47
301 8.6885859375e-47
301.125 8.6344921875e-47
301.25 8.609250000000001e-47
301.375 8.608476562500001e-47
301.5 8.620664062500001e-47
301.625 8.650664062500001e-47
301.75 8.699109375000002e-47
301.875 8.760351562500001e-47
302 8.847375000000002e-47
302.125 8.949960937500002e-47
302.25 9.084960937500001e-47
302.375 9.257625000000002e-47
302.5 9.495843750000002e-47
302.625 9.871734375000001e-47
302.75 1.050673125e-46
302.875 1.1997609375e-46
303 1.5958828125e-46
303.125 3.176296875e-46
303.25 2.6253515625e-45
303.375 1.82990625e-45
303.5 2.929710937500001e-46
303.625 1.5667125e-46
303.75 1.232458125e-46
303.875 1.114003125e-46
304 1.0640503125e-46
304.125 1.0417003125e-46
304.25 1.03262625e-46
304.375 1.0280128125e-46
304.5 1.0282153125e-46
304.625 1.03100625e-46
304.75 1.035815625e-46
304.875 1.0418484375e-46
305 1.04900625e-46
305.125 1.0576546875e-46
305.25 1.0666640625e-46
305.375 1.07671875e-46
305.5 1.0870940625e-46
305.625 1.0982015625e-46
305.75 1.1095659375e-46
305.875 1.1216015625e-46
306 1.1341753125e-46
306.125 1.1474184375e-46
306.25 1.1611059375e-46
306.375 1.1754065625e-46
306.5 1.190296875e-46
306.625 1.2054421875e-46
306.75 1.2213515625e-46
306.875 1.2375065625e-46
307 1.25412375e-46
307.125 1.27159875e-46
307.25 1.28971875e-46
307.375 1.308675e-46
307.5 1.3281234375e-46
307.625 1.34833125e-46
307.75 1.369134375e-46
307.875 1.390246875e-46
308 1.41214875e-46
308.125 1.4354109375e-46
308.25 1.4587921875e-46
308.375 1.4828090625e-46
308.5 1.507434375e-46
308.625 1.5327159375e-46
308.75 1.5589734375e-46
308.875 1.5863315625e-46
309 1.6146796875e-46
309.125 1.6442503125e-46
309.25 1.675003125e-46
309.375 1.7080471875e-46
309.5 1.7414371875e-46
309.625 1.7755171875e-46
309.75 1.810028437500001e-46
309.875 1.846209375e-46
310 1.8831403125e-46
310.125 1.921659375e-46
310.25 1.9617890625e-46
310.375 2.00417625e-46
310.5 2.04676875e-46
310.625 2.0913075e-46
310.75 2.13692625e-46
310.875 2.1844903125e-46
311 2.2331596875e-46
311.125 2.2821403125e-46
311.25 2.33424375e-46
311.375 2.3875546875e-46
311.5 2.4413671875e-46
311.625 2.495507812500001e-46
311.75 2.551078125e-46
311.875 2.6062265625e-46
312 2.6631328125e-46
312.125 2.721375e-46
312.25 2.7820078125e-46
312.375 2.843203125e-46
312.5 2.9039296875e-46
312.625 2.965453125e-46
312.75 3.028640625000001e-46
312.875 3.0915e-46
313 3.1554375e-46
313.125 3.219609375e-46
313.25 3.284203125000001e-46
313.375 3.3467109375e-46
313.5 3.4112578125e-46
313.625 3.472921875e-46
313.75 3.536320312500001e-46
313.875 3.599156250000001e-46
314 3.657890625e-46
314.125 3.716578125e-46
314.25 3.7784765625e-46
314.375 3.8375390625e-46
314.5 3.898078125e-46
314.625 3.954773437500001e-46
314.75 4.007484375e-46
314.875 4.0622578125e-46
315 4.11178125e-46
315.125 4.1597578125e-46
315.25 4.206726562500001e-46
315.375 4.252476562500001e-46
315.5 4.297289062500001e-46
315.625 4.340203125000001e-46
315.75 4.380515625e-46
315.875 4.4186015625e-46
316 4.453757812500001e-46
316.125 4.486546875e-46
316.25 4.516875e-46
316.375 4.5431953125e-46
316.5 4.566609375000001e-46
316.625 4.5885234375e-46
316.75 4.609406250000001e-46
316.875 4.626421875000001e-46
317 4.640625e-46
317.125 4.648593750000001e-46
317.25 4.655250000000001e-46
317.375 4.660195312500001e-46
317.5 4.664789062500001e-46
317.625 4.663992187500001e-46
317.75 4.657312500000001e-46
317.875 4.6482421875e-46
318 4.636429687500001e-46
318.125 4.617070312500001e-46
318.25 4.594804687500001e-46
318.375 4.571460937500001e-46
318.5 4.5461015625e-46
318.625 4.515375000000001e-46
318.75 4.482046875000001e-46
318.875 4.445671875e-46
319 4.404445312500001e-46
319.125 4.360898437500001e-46
319.25 4.315945312500001e-46
319.375 4.2675703125e-46
319.5 4.215351562500001e-46
319.625 4.159312500000001e-46
319.75 4.101984375000001e-46
319.875 4.041281250000001e-46
320 3.980109375e-46
320.125 3.91828125e-46
320.25 3.853125e-46
320.375 3.7873125e-46
320.5 3.721171875000001e-46
320.625 3.653859375e-46
320.75 3.58509375e-46
320.875 3.515601562500001e-46
321 3.445335937500001e-46
321.125 3.375796875000001e-46
321.25 3.305625000000001e-46
321.375 3.232921875e-46
321.5 3.1598203125e-46
321.625 3.08896875e-46
321.75 3.019054687500001e-46
321.875 2.950734375e-46
322 2.8812890625e-46
322.125 2.8126875e-46
322.25 2.7441796875e-46
322.375 2.67721875e-46
322.5 2.6109375e-46
322.625 2.5448671875e-46
322.75 2.480132812500001e-46
322.875 2.418046875e-46
323 2.3568046875e-46
323.125 2.29648875e-46
323.25 2.237803125e-46
323.375 2.18068125e-46
323.5 2.1238171875e-46
323.625 2.067601875e-46
323.75 2.012960625e-46
323.875 1.959871875e-46
324 1.90828875e-46
324.125 1.857973125e-46
324.25 1.8098325e-46
324.375 1.7635359375e-46
324.5 1.718278125e-46
324.625 1.6736015625e-46
324.75 1.6300546875e-46
324.875 1.5883078125e-46
325 1.5476765625e-46
325.125 1.507423125e-46
325.25 1.468275e-46
325.375 1.4311453125e-46
325.5 1.3947159375e-46
325.625 1.3589296875e-46
325.75 1.3251796875e-46
325.875 1.2933515625e-46
326 1.2621890625e-46
326.125 1.2319921875e-46
326.25 1.2033121875e-46
326.375 1.17561375e-46
326.5 1.14897375e-46
326.625 1.1238234375e-46
326.75 1.1000503125e-46
326.875 1.077309375e-46
327 1.0556765625e-46
327.125 1.0355296875e-46
327.25 1.0169015625e-46
327.375 9.99883125e-47
327.5 9.845484375000002e-47
327.625 9.711140625e-47
327.75 9.594309375000001e-47
327.875 9.495609375000001e-47
328 9.424781250000001e-47
328.125 9.38353125e-47
328.25 9.364617187500001e-47
328.375 9.364171875000001e-47
328.5 9.392409375000003e-47
328.625 9.466246875000002e-47
328.75 9.57159375e-47
328.875 9.719671875000002e-47
329 9.931987500000002e-47
329.125 1.0222078125e-46
329.25 1.0593403125e-46
329.375 1.106266875e-46
329.5 1.164984375e-46
329.625 1.2406078125e-46
329.75 1.336329375e-46
329.875 1.453275e-46
330 1.6011965625e-46
330.125 1.791560625e-46
330.25 2.035779375e-46
330.375 2.3456015625e-46
330.5 2.7530625e-46
330.625 3.2785546875e-46
330.75 3.997593750000001e-46
330.875 4.989375e-46
331 6.4210546875e-46
331.125 8.527171875000002e-46
331.25 1.1874440625e-45
331.375 1.7754346875e-45
331.5 2.975554687500001e-45
331.625 6.0550546875e-45
331.75 1.8500765625e-44
331.875 3.094546875e-43
332 6.104320312500002e-44
332.125 1.0717753125e-44
332.25 4.302585937500001e-45
332.375 2.324925e-45
332.5 1.464703125e-45
332.625 1.011571875e-45
332.75 7.428445312500001e-46
332.875 5.679539062500001e-46
333 4.4563828125e-46
333.125 3.5979140625e-46
333.25 2.9803125e-46
333.375 2.5015078125e-46
333.5 2.141247187500001e-46
333.625 1.86253875e-46
333.75 1.6452e-46
333.875 1.4741953125e-46
334 1.3335159375e-46
334.125 1.22136375e-46
334.25 1.1310965625e-46
334.375 1.06171875e-46
334.5 1.0074440625e-46
334.625 9.632718750000002e-47
334.75 9.2731875e-47
334.875 9.011578125000001e-47
335 8.812242187500002e-47
335.125 8.680781250000002e-47
335.25 8.585132812500001e-47
335.375 8.5314609375e-47
335.5 8.499445312500001e-47
335.625 8.477039062500001e-47
335.75 8.4861328125e-47
335.875 8.530570312500002e-47
336 8.587148437500001e-47
336.125 8.673960937500002e-47
336.25 8.780273437500001e-47
336.375 8.909929687500001e-47
336.5 9.050484375e-47
336.625 9.192375000000001e-47
336.75 9.3529921875e-47
336.875 9.531046875000001e-47
337 9.724171875e-47
337.125 9.922875e-47
337.25 1.01403e-46
337.375 1.036734375e-46
337.5 1.0609265625e-46
337.625 1.0863984375e-46
337.75 1.1130825e-46
337.875 1.14028875e-46
338 1.1678184375e-46
338.125 1.19637e-46
338.25 1.22630625e-46
338.375 1.2565096875e-46
338.5 1.287665625e-46
338.625 1.31933625e-46
338.75 1.3513809375e-46
338.875 1.3841390625e-46
339 1.417978125e-46
339.125 1.4519625e-46
339.25 1.48695e-46
339.375 1.5226715625e-46
339.5 1.5587578125e-46
339.625 1.595701875e-46
339.75 1.6328953125e-46
339.875 1.6714940625e-46
340 1.710601875e-46
340.125 1.74965625e-46
340.25 1.7859984375e-46
340.375 1.8220059375e-46
340.5 1.8566596875e-46
340.625 1.8919753125e-46
340.75 1.9262090625e-46
340.875 1.960605e-46
341 1.9963875e-46
341.125 2.032471875e-46
341.25 2.0668471875e-46
341.375 2.0989828125e-46
341.5 2.1299559375e-46
341.625 2.1586903125e-46
341.75 2.187534375e-46
341.875 2.21436375e-46
342 2.240634375e-46
342.125 2.26653e-46
342.25 2.28999375e-46
342.375 2.3111765625e-46
342.5 2.3328965625e-46
342.625 2.35246875e-46
342.75 2.3694609375e-46
342.875 2.3859140625e-46
343 2.3993671875e-46
343.125 2.410992187500001e-46
343.25 2.4211640625e-46
343.375 2.429882812500001e-46
343.5 2.4371953125e-46
343.625 2.442843750000001e-46
343.75 2.446875e-46
343.875 2.450015625e-46
344 2.4518671875e-46
344.125 2.45259375e-46
344.25 2.4519140625e-46
344.375 2.450296875e-46
344.5 2.4471796875e-46
344.625 2.4429375e-46
344.75 2.4372421875e-46
344.875 2.4304921875e-46
345 2.4229921875e-46
345.125 2.41434375e-46
345.25 2.4046875e-46
345.375 2.393906250000001e-46
345.5 2.382609375e-46
345.625 2.370421875e-46
345.75 2.357484375e-46
345.875 2.343796875e-46
346 2.3290828125e-46
346.125 2.314303125e-46
346.25 2.298975e-46
346.375 2.28319875e-46
346.5 2.266839375e-46
346.625 2.24967e-46
346.75 2.2323309375e-46
346.875 2.21443125e-46
347 2.1963121875e-46
347.125 2.1776746875e-46
347.25 2.159120625e-46
347.375 2.1403125e-46
347.5 2.1211734375e-46
347.625 2.10208125e-46
347.75 2.082654375e-46
347.875 2.063465625e-46
348 2.0442046875e-46
348.125 2.0250421875e-46
348.25 2.006004375e-46
348.375 1.9871953125e-46
348.5 1.9684940625e-46
348.625 1.9501828125e-46
348.75 1.931739375e-46
348.875 1.9130578125e-46
349 1.894621875e-46
349.125 1.8761315625e-46
349.25 1.858378125e-46
349.375 1.8411346875e-46
349.5 1.8233296875e-46
349.625 1.806271875e-46
349.75 1.789305e-46
349.875 1.772578125e-46
350 1.756284375e-46
350.125 1.740204375e-46
350.25 1.724325e-46
350.375 1.708940625e-46
350.5 1.69374375e-46
350.625 1.678603125e-46
350.75 1.6638140625e-46
350.875 1.6496840625e-46
351 1.6355484375e-46
351.125 1.62204375e-46
351.25 1.6085278125e-46
351.375 1.595491875e-46
351.5 1.5826378125e-46
351.625 1.570085625e-46
351.75 1.5578015625e-46
351.875 1.545504375e-46
352 1.533076875e-46
352.125 1.520971875e-46
352.25 1.5093028125e-46
352.375 1.49769375e-46
352.5 1.486059375e-46
352.625 1.474651875e-46
352.75 1.4633690625e-46
352.875 1.4520515625e-46
353 1.441190625e-46
353.125 1.430551875e-46
353.25 1.4197809375e-46
353.375 1.409345625e-46
353.5 1.3990096875e-46
353.625 1.3890065625e-46
353.75 1.379154375e-46
353.875 1.3692796875e-46
354 1.3596721875e-46
354.125 1.3502484375e-46
354.25 1.341129375e-46
354.375 1.331998125e-46
354.5 1.3231059375e-46
354.625 1.31436375e-46
354.75 1.305714375e-46
354.875 1.2971278125e-46
355 1.2887034375e-46
355.125 1.280409375e-46
355.25 1.272391875e-46
355.375 1.264455e-46
355.5 1.2564965625e-46
355.625 1.248675e-46
355.75 1.2411328125e-46
355.875 1.2337003125e-46
356 1.22626875e-46
356.125 1.2190153125e-46
356.25 1.211840625e-46
356.375 1.20483e-46
356.5 1.197714375e-46
356.625 1.1907984375e-46
356.75 1.1840859375e-46
356.875 1.1775046875e-46
357 1.1709871875e-46
357.125 1.164534375e-46
357.25 1.1581003125e-46
357.375 1.1520234375e-46
357.5 1.145915625e-46
357.625 1.13998875e-46
357.75 1.134076875e-46
357.875 1.1281425e-46
358 1.1223815625e-46
358.125 1.1166984375e-46
358.25 1.111115625e-46
358.375 1.1057109375e-46
358.5 1.100491875e-46
358.625 1.095395625e-46
358.75 1.090408125e-46
358.875 1.085458125e-46
359 1.08062625e-46
359.125 1.075835625e-46
359.25 1.0712325e-46
359.375 1.066603125e-46
359.5 1.062133125e-46
359.625 1.0576659375e-46
359.75 1.0533075e-46
359.875 1.048978125e-46
360 1.0448175e-46
360.125 1.04058e-46
360.25 1.0366340625e-46
360.375 1.0325465625e-46
360.5 1.0286859375e-46
360.625 1.0247409375e-46
360.75 1.0208840625e-46
360.875 1.017075e-46
361 1.013360625e-46
361.125 1.0097465625e-46
361.25 1.0062e-46
361.375 1.002766875e-46
361.5 9.993215625000001e-47
361.625 9.959015625000002e-47
361.75 9.92551875e-47
361.875 9.8926125e-47
362 9.859875000000002e-47
362.125 9.827250000000002e-47
362.25 9.795534375000001e-47
362.375 9.764746875000002e-47
362.5 9.73404375e-47
362.625 9.704090625000002e-47
362.75 9.674746875000002e-47
362.875 9.646190625000001e-47
363 9.617971875000001e-47
363.125 9.589828125000002e-47
363.25 9.562453125000001e-47
363.375 9.536559375000001e-47
363.5 9.509231250000001e-47
363.625 9.482953125000001e-47
363.75 9.457565625000001e-47
363.875 9.432656250000002e-47
364 9.408890625000001e-47
364.125 9.385078125000002e-47
364.25 9.361125e-47
364.375 9.338203125000002e-47
364.5 9.315070312500002e-47
364.625 9.292757812500002e-47
364.75 9.271265625000003e-47
364.875 9.2499609375e-47
365 9.2284453125e-47
365.125 9.207984375e-47
365.25 9.187781250000001e-47
365.375 9.167718750000002e-47
365.5 9.148125000000002e-47
365.625 9.128765625000001e-47
365.75 9.110085937500001e-47
365.875 9.091921875000002e-47
366 9.074812500000002e-47
366.125 9.057375e-47
366.25 9.040476562500001e-47
366.375 9.024257812500001e-47
366.5 9.008296875000003e-47
366.625 8.992875000000001e-47
366.75 8.977125000000002e-47
366.875 8.962148437500002e-47
367 8.9475e-47
367.125 8.933039062500001e-47
367.25 8.918742187500001e-47
367.375 8.905031250000001e-47
367.5 8.891976562500001e-47
367.625 8.879320312500001e-47
367.75 8.86678125e-47
367.875 8.854453125000001e-47
368 8.842429687500002e-47
368.125 8.830687500000002e-47
368.25 8.819132812500001e-47
368.375 8.807179687500001e-47
368.5 8.795929687500001e-47
368.625 8.785101562500002e-47
368.75 8.775023437500001e-47
368.875 8.764687500000002e-47
369 8.754867187500002e-47
369.125 8.744976562500002e-47
369.25 8.735132812500001e-47
369.375 8.725921875e-47
369.5 8.716992187500002e-47
369.625 8.708578125000001e-47
369.75 8.699812500000001e-47
369.875 8.691140625000001e-47
370 8.6833359375e-47
370.125 8.675578125000002e-47
370.25 8.6679140625e-47
370.375 8.660671875000001e-47
370.5 8.653851562500001e-47
370.625 8.647125e-47
370.75 8.640703125000002e-47
370.875 8.6344453125e-47
371 8.628351562500002e-47
371.125 8.622187500000002e-47
371.25 8.616679687500002e-47
371.375 8.611242187500001e-47
371.5 8.606250000000002e-47
371.625 8.601023437500002e-47
371.75 8.596359375e-47
371.875 8.591695312500001e-47
372 8.587054687500001e-47
372.125 8.582882812500001e-47
372.25 8.578828125000002e-47
372.375 8.574562500000002e-47
372.5 8.5709296875e-47
372.625 8.567085937500002e-47
372.75 8.5636640625e-47
372.875 8.560382812500001e-47
373 8.557125000000001e-47
373.125 8.553960937500001e-47
373.25 8.551078125000001e-47
373.375 8.548875000000002e-47
373.5 8.546953125000001e-47
373.625 8.545031250000001e-47
373.75 8.543296875000001e-47
373.875 8.541421875000001e-47
374 8.5393359375e-47
374.125 8.537835937500001e-47
374.25 8.536875000000001e-47
374.375 8.536031250000001e-47
374.5 8.534835937500002e-47
374.625 8.534179687500001e-47
374.75 8.533593750000002e-47
374.875 8.532984375000001e-47
375 8.5324921875e-47
375.125 8.532539062500001e-47
375.25 8.5323515625e-47
375.375 8.532328125000001e-47
375.5 8.532210937500002e-47
375.625 8.532140625e-47
375.75 8.532046875000001e-47
375.875 8.532375000000001e-47
376 8.532843750000002e-47
376.125 8.533289062500001e-47
376.25 8.533687500000001e-47
376.375 8.534226562500002e-47
376.5 8.535046875000001e-47
376.625 8.535914062500001e-47
376.75 8.537085937500002e-47
376.875 8.538187500000001e-47
377 8.539406250000001e-47
377.125 8.540507812500001e-47
377.25 8.541539062500001e-47
377.375 8.543156250000001e-47
377.5 8.544773437500001e-47
377.625 8.546437500000001e-47
377.75 8.548148437500002e-47
377.875 8.5497421875e-47
378 8.551476562500001e-47
378.125 8.553117187500001e-47
378.25 8.555109375000001e-47
378.375 8.557218750000001e-47
378.5 8.559234375000002e-47
378.625 8.561296875000002e-47
378.75 8.563359375000001e-47
378.875 8.565609375000001e-47
379 8.567484375000001e-47
379.125 8.56959375e-47
379.25 8.5722421875e-47
379.375 8.574914062500002e-47
379.5 8.578804687500002e-47
379.625 8.579765625000001e-47
379.75 8.582250000000001e-47
379.875 8.584781250000001e-47
380 8.587781250000001e-47
380.125 8.5891875e-47
380.25 8.592000000000001e-47
380.375 8.594460937500002e-47
380.5 8.597132812500002e-47
380.625 8.599359375000002e-47
380.75 8.601515625e-47
380.875 8.603718750000001e-47
381 8.606039062500001e-47
381.125 8.6083828125e-47
381.25 8.611687500000002e-47
381.375 8.614921875e-47
381.5 8.618039062500001e-47
381.625 8.621226562500001e-47
381.75 8.624015625000001e-47
381.875 8.62659375e-47
382 8.629406250000001e-47
382.125 8.632007812500001e-47
382.25 8.634703125e-47
382.375 8.637257812500001e-47
382.5 8.639671875000001e-47
382.625 8.64225e-47
382.75 8.644359375000002e-47
382.875 8.646703125000001e-47
383 8.649351562500001e-47
383.125 8.651906250000001e-47
383.25 8.654601562500001e-47
383.375 8.657320312500001e-47
383.5 8.659851562500001e-47
383.625 8.662523437500002e-47
383.75 8.664843750000001e-47
383.875 8.667375e-47
384 8.670117187500001e-47
384.125 8.672882812500001e-47
384.25 8.675460937500001e-47
384.375 8.678039062500001e-47
384.5 8.680593750000001e-47
384.625 8.682843750000001e-47
384.75 8.685140625000001e-47
384.875 8.687343750000002e-47
385 8.689687500000001e-47
385.125 8.692031250000001e-47
385.25 8.694375e-47
385.375 8.696812500000001e-47
385.5 8.699437500000001e-47
385.625 8.701757812500001e-47
385.75 8.704382812500001e-47
385.875 8.707289062500001e-47
386 8.710171875000001e-47
386.125 8.712984375e-47
386.25 8.715750000000001e-47
386.375 8.718445312500001e-47
386.5 8.720859375000002e-47
386.625 8.723203125000001e-47
386.75 8.725757812500002e-47
386.875 8.728546875e-47
387 8.731382812500001e-47
387.125 8.734171875e-47
387.25 8.737453125e-47
387.375 8.7399609375e-47
387.5 8.742562500000001e-47
387.625 8.745234375e-47
387.75 8.748398437500001e-47
387.875 8.750437500000001e-47
388 8.752734375e-47
388.125 8.755359375e-47
388.25 8.757750000000002e-47
388.375 8.760093750000001e-47
388.5 8.762812500000001e-47
388.625 8.7654609375e-47
388.75 8.7683203125e-47
388.875 8.77125e-47
389 8.773781250000001e-47
389.125 8.776312500000001e-47
389.25 8.779148437500001e-47
389.375 8.7817734375e-47
389.5 8.784726562500002e-47
389.625 8.787257812500001e-47
389.75 8.789789062500001e-47
389.875 8.7924609375e-47
390 8.795226562500002e-47
390.125 8.797898437500001e-47
390.25 8.800523437500002e-47
390.375 8.803218750000001e-47
390.5 8.805937500000003e-47
390.625 8.8086796875e-47
390.75 8.811398437499999e-47
390.875 8.814117187500001e-47
391 8.816789062500002e-47
391.125 8.819156250000002e-47
391.25 8.821500000000001e-47
391.375 8.824218750000002e-47
391.5 8.826890625000002e-47
391.625 8.829703125000001e-47
391.75 8.8322109375e-47
391.875 8.834929687500001e-47
392 8.837671875e-47
392.125 8.840882812500002e-47
392.25 8.843671875e-47
392.375 8.846437500000002e-47
392.5 8.8494140625e-47
392.625 8.851945312500001e-47
392.75 8.854593750000002e-47
392.875 8.857406250000001e-47
393 8.860007812500002e-47
393.125 8.862656250000001e-47
393.25 8.865445312500001e-47
393.375 8.8680703125e-47
393.5 8.870929687500002e-47
393.625 8.873578125000001e-47
393.75 8.876414062500001e-47
393.875 8.879062500000002e-47
394 8.881570312500002e-47
394.125 8.8844296875e-47
394.25 8.886937500000001e-47
394.375 8.889562500000001e-47
394.5 8.8921875e-47
394.625 8.895140625000001e-47
394.75 8.898070312500001e-47
394.875 8.900484375000001e-47
395 8.903226562500001e-47
395.125 8.906039062500002e-47
395.25 8.908617187500001e-47
395.375 8.911406250000001e-47
395.5 8.913960937500001e-47
395.625 8.916445312500001e-47
395.75 8.919070312500002e-47
395.875 8.922070312500001e-47
396 8.9250703125e-47
396.125 8.927695312500001e-47
396.25 8.930460937500002e-47
396.375 8.933367187500003e-47
396.5 8.936015625000002e-47
396.625 8.938804687500001e-47
396.75 8.941617187500001e-47
396.875 8.944500000000001e-47
397 8.947289062500001e-47
397.125 8.950195312500001e-47
397.25 8.953031250000001e-47
397.375 8.955750000000001e-47
397.5 8.958351562500001e-47
397.625 8.961187500000001e-47
397.75 8.963929687500001e-47
397.875 8.966578125000002e-47
398 8.969367187500001e-47
398.125 8.972250000000002e-47
398.25 8.975414062500001e-47
398.375 8.978132812500001e-47
398.5 8.980757812500001e-47
398.625 8.983500000000001e-47
398.75 8.986289062500001e-47
398.875 8.989242187500001e-47
399 8.991960937500001e-47
399.125 8.994914062500001e-47
399.25 8.99765625e-47
399.375 9.000375e-47
399.5 9.0032578125e-47
399.625 9.006023437500002e-47
399.75 9.009023437500002e-47
399.875 9.011695312500001e-47
400 9.0146484375e-47
400.125 9.017367187499999e-47
400.25 9.020156250000001e-47
400.375 9.022710937500002e-47
400.5 9.0251953125e-47
400.625 9.027867187500001e-47
400.75 9.030773437500001e-47
400.875 9.033726562500002e-47
401 9.036632812500002e-47
401.125 9.039234375000003e-47
401.25 9.041671875000001e-47
401.375 9.044648437500001e-47
401.5 9.047507812500001e-47
401.625 9.050226562500001e-47
401.75 9.053015625e-47
401.875 9.055851562500002e-47
402 9.058593750000002e-47
402.125 9.061359374999999e-47
402.25 9.064335937500002e-47
402.375 9.067171875e-47
402.5 9.070125000000001e-47
402.625 9.0729609375e-47
402.75 9.075632812500002e-47
402.875 9.07865625e-47
403 9.081515625e-47
403.125 9.084375000000001e-47
403.25 9.087468750000002e-47
403.375 9.090492187500001e-47
403.5 9.092953125000001e-47
403.625 9.095882812500001e-47
403.75 9.098859375e-47
403.875 9.101859375000002e-47
404 9.104531250000002e-47
404.125 9.107273437500001e-47
404.25 9.1104140625e-47
404.375 9.113390625000001e-47
404.5 9.116296875000001e-47
404.625 9.119062500000001e-47
404.75 9.12215625e-47
404.875 9.124968750000002e-47
405 9.1278046875e-47
405.125 9.1307109375e-47
405.25 9.133476562500002e-47
405.375 9.136406250000002e-47
405.5 9.1391953125e-47
405.625 9.142054687500002e-47
405.75 9.145171875000001e-47
405.875 9.147750000000002e-47
406 9.150562500000002e-47
406.125 9.153445312500002e-47
406.25 9.156375e-47
406.375 9.1592578125e-47
406.5 9.162281250000001e-47
406.625 9.165093750000001e-47
406.75 9.168117187500002e-47
406.875 9.170882812500001e-47
407 9.173859375000002e-47
407.125 9.176554687500001e-47
407.25 9.179367187500001e-47
407.375 9.182320312500002e-47
407.5 9.185109375000001e-47
407.625 9.187828125000003e-47
407.75 9.190804687500001e-47
407.875 9.193570312500001e-47
408 9.19659375e-47
408.125 9.199335937500001e-47
408.25 9.202101562500001e-47
408.375 9.205031250000001e-47
408.5 9.207914062500001e-47
408.625 9.2109140625e-47
408.75 9.213890625000001e-47
408.875 9.216796875000001e-47
409 9.219609375000001e-47
409.125 9.222726562500002e-47
409.25 9.225726562500001e-47
409.375 9.228257812500001e-47
409.5 9.2311640625e-47
409.625 9.2340703125e-47
409.75 9.236765625000001e-47
409.875 9.239484375000001e-47
410 9.242296875000002e-47
410.125 9.245179687500002e-47
410.25 9.248179687500001e-47
410.375 9.2512265625e-47
410.5 9.253992187500002e-47
410.625 9.2568984375e-47
410.75 9.259898437500001e-47
410.875 9.262851562500001e-47
411 9.265945312500001e-47
411.125 9.269085937500002e-47
411.25 9.271968750000002e-47
411.375 9.274828125e-47
411.5 9.277898437500001e-47
411.625 9.281062500000003e-47
411.75 9.283734375000002e-47
411.875 9.286804687500001e-47
412 9.289875000000002e-47
412.125 9.292570312500001e-47
412.25 9.295476562500002e-47
412.375 9.298382812500002e-47
412.5 9.301429687500001e-47
412.625 9.304359375000001e-47
412.75 9.307218750000001e-47
412.875 9.310148437500002e-47
413 9.3134765625e-47
413.125 9.31640625e-47
413.25 9.319406250000001e-47
413.375 9.322078125e-47
413.5 9.325031250000003e-47
413.625 9.327984375000001e-47
413.75 9.330843750000001e-47
413.875 9.333726562500002e-47
414 9.336820312500001e-47
414.125 9.339609375e-47
414.25 9.342632812500001e-47
414.375 9.345796875000001e-47
414.5 9.348820312500002e-47
414.625 9.351585937500001e-47
414.75 9.354304687500001e-47
414.875 9.357421875000002e-47
415 9.360468750000001e-47
415.125 9.363421875000001e-47
415.25 9.366539062500001e-47
415.375 9.3696328125e-47
415.5 9.372421875000002e-47
415.625 9.375590625e-47
415.75 9.378721875000001e-47
415.875 9.381703125000001e-47
416 9.384628125000002e-47
416.125 9.3876375e-47
416.25 9.390721875e-47
416.375 9.393496875e-47
416.5 9.3965625e-47
416.625 9.399731250000001e-47
416.75 9.402637499999999e-47
416.875 9.405637500000002e-47
417 9.408721875000003e-47
417.125 9.4118625e-47
417.25 9.414815625000001e-47
417.375 9.417703125000002e-47
417.5 9.420965625000001e-47
417.625 9.423703125e-47
417.75 9.426609375e-47
417.875 9.429515625e-47
418 9.432590625e-47
418.125 9.435768750000002e-47
418.25 9.438675e-47
418.375 9.441825000000002e-47
418.5 9.445012500000001e-47
418.625 9.44791875e-47
418.75 9.450871875000002e-47
418.875 9.4539375e-47
419 9.456984375000001e-47
419.125 9.460012500000001e-47
419.25 9.462890625000002e-47
419.375 9.465675000000001e-47
419.5 9.468496875000003e-47
419.625 9.471375000000002e-47
419.75 9.474075000000002e-47
419.875 9.477328125000001e-47
420 9.480703125000002e-47
420.125 9.48365625e-47
420.25 9.486656250000003e-47
420.375 9.489637500000001e-47
420.5 9.492703125000001e-47
420.625 9.495825000000001e-47
420.75 9.498890625000001e-47
420.875 9.5018625e-47
421 9.504768750000001e-47
421.125 9.507750000000001e-47
421.25 9.510721875000002e-47
421.375 9.513450000000002e-47
421.5 9.5161875e-47
421.625 9.518953125000002e-47
421.75 9.521934375000001e-47
421.875 9.524906250000001e-47
422 9.527671875e-47
422.125 9.530878125000001e-47
422.25 9.533981250000003e-47
422.375 9.537018750000001e-47
422.5 9.539953125000001e-47
422.625 9.543375000000002e-47
422.75 9.546703125000002e-47
422.875 9.549421875000001e-47
423 9.552656250000001e-47
423.125 9.555778125e-47
423.25 9.558684375e-47
423.375 9.561862500000001e-47
423.5 9.564890625000001e-47
423.625 9.568078125000001e-47
423.75 9.571031249999999e-47
423.875 9.574078125000002e-47
424 9.57721875e-47
424.125 9.580246875000002e-47
424.25 9.583078125000001e-47
424.375 9.586218750000002e-47
424.5 9.589284375000002e-47
424.625 9.59240625e-47
424.75 9.595359375000001e-47
424.875 9.598218750000001e-47
425 9.601284375000001e-47
425.125 9.604284375000002e-47
425.25 9.607246875000001e-47
425.375 9.610378125e-47
425.5 9.613500000000002e-47
425.625 9.616659375000002e-47
425.75 9.619621875000001e-47
425.875 9.622734375000001e-47
426 9.625828125000003e-47
426.125 9.629625000000001e-47
426.25 9.632437500000001e-47
426.375 9.635203125000001e-47
426.5 9.638390625e-47
426.625 9.641343750000001e-47
426.75 9.644465625000001e-47
426.875 9.647484375000001e-47
427 9.650325000000002e-47
427.125 9.652950000000001e-47
427.25 9.655940625000001e-47
427.375 9.658809375000002e-47
427.5 9.661828125000001e-47
427.625 9.665043750000002e-47
427.75 9.668109375e-47
427.875 9.671015625000001e-47
428 9.674221875000001e-47
428.125 9.677371875000001e-47
428.25 9.680531249999999e-47
428.375 9.683456250000002e-47
428.5 9.686625000000001e-47
428.625 9.689643750000001e-47
428.75 9.692718750000001e-47
428.875 9.695671875000002e-47
429 9.698643750000001e-47
429.125 9.701746875000001e-47
429.25 9.704671875000002e-47
429.375 9.707718750000001e-47
429.5 9.710625000000001e-47
429.625 9.713690625000001e-47
429.75 9.716690625000002e-47
429.875 9.719859375000001e-47
430 9.723000000000002e-47
430.125 9.726187500000002e-47
430.25 9.729375000000001e-47
430.375 9.732750000000002e-47
430.5 9.735965625000001e-47
430.625 9.739012500000002e-47
430.75 9.742078125e-47
430.875 9.745050000000001e-47
431 9.748078125000001e-47
431.125 9.751031250000002e-47
431.25 9.754171875000001e-47
431.375 9.757331250000001e-47
431.5 9.760565625000001e-47
431.625 9.763809375000002e-47
431.75 9.766968750000002e-47
431.875 9.770184375000001e-47
432 9.773362500000002e-47
432.125 9.776296875e-47
432.25 9.779296875000003e-47
432.375 9.782700000000002e-47
432.5 9.785971875e-47
432.625 9.789075e-47
432.75 9.791953125000001e-47
432.875 9.795028125000001e-47
433 9.7981125e-47
433.125 9.801234375000002e-47
433.25 9.804281250000001e-47
433.375 9.807234375e-47
433.5 9.810468750000002e-47
433.625 9.813515625000003e-47
433.75 9.816543750000003e-47
433.875 9.819750000000001e-47
434 9.822937500000001e-47
434.125 9.826031250000002e-47
434.25 9.829031250000001e-47
434.375 9.832171875000002e-47
434.5 9.835406250000002e-47
434.625 9.845343750000001e-47
434.75 9.841687500000001e-47
434.875 9.844968750000001e-47
435 9.848137500000002e-47
435.125 9.851390625000001e-47
435.25 9.854550000000001e-47
435.375 9.857690625000001e-47
435.5 9.861e-47
435.625 9.864168750000001e-47
435.75 9.867328125000001e-47
435.875 9.870440625000001e-47
436 9.873440625000002e-47
436.125 9.876750000000001e-47
436.25 9.880031250000001e-47
436.375 9.883059375000002e-47
436.5 9.88605e-47
436.625 9.889265625000001e-47
436.75 9.892265625000002e-47
436.875 9.895500000000001e-47
437 9.898425000000001e-47
437.125 9.901331250000001e-47
437.25 9.904546875000002e-47
437.375 9.907659375000002e-47
437.5 9.910800000000001e-47
437.625 9.913781250000001e-47
437.75 9.916875000000002e-47
437.875 9.919968750000002e-47
438 9.923268750000003e-47
438.125 9.926418750000001e-47
438.25 9.929671875000001e-47
438.375 9.932971875e-47
438.5 9.935971875000001e-47
438.625 9.939159375000001e-47
438.75 9.942281250000001e-47
438.875 9.945421875000001e-47
439 9.948796875000001e-47
439.125 9.951956250000002e-47
439.25 9.954909375000002e-47
439.375 9.957965625000002e-47
439.5 9.961125000000002e-47
439.625 9.964125000000003e-47
439.75 9.9673125e-47
439.875 9.970593750000002e-47
440 9.973734375e-47
440.125 9.976828125000001e-47
440.25 9.979856250000001e-47
440.375 9.982921875000001e-47
440.5 9.985950000000001e-47
440.625 9.989015625000001e-47
440.75 9.992437500000002e-47
440.875 9.995437500000002e-47
441 9.998606250000001e-47
441.125 1.0001559375e-46
441.25 1.0004671875e-46
441.375 1.0008253125e-46
441.5 1.0011075e-46
441.625 1.0014309375e-46
441.75 1.001709375e-46
441.875 1.002016875e-46
442 1.0023328125e-46
442.125 1.00264875e-46
442.25 1.0029684375e-46
442.375 1.0032721875e-46
442.5 1.003595625e-46
442.625 1.0039153125e-46
442.75 1.004251875e-46
442.875 1.00456875e-46
443 1.00485e-46
443.125 1.0051734375e-46
443.25 1.005459375e-46
443.375 1.0057753125e-46
443.5 1.0060921875e-46
443.625 1.006415625e-46
443.75 1.0067371875e-46
443.875 1.0070653125e-46
444 1.00738125e-46
444.125 1.007709375e-46
444.25 1.00801875e-46
444.375 1.00833e-46
444.5 1.0086440625e-46
444.625 1.0089440625e-46
444.75 1.009246875e-46
444.875 1.0095703125e-46
445 1.0098778125e-46
445.125 1.010176875e-46
445.25 1.0104815625e-46
445.375 1.010805e-46
445.5 1.01112375e-46
445.625 1.0114453125e-46
445.75 1.011740625e-46
445.875 1.0120575e-46
446 1.0123940625e-46
446.125 1.0126996875e-46
446.25 1.013025e-46
446.375 1.01333625e-46
446.5 1.013660625e-46
446.625 1.0139765625e-46
446.75 1.014290625e-46
446.875 1.0146159375e-46
447 1.01491875e-46
447.125 1.0152346875e-46
447.25 1.015573125e-46
447.375 1.015873125e-46
447.5 1.0161815625e-46
447.625 1.016476875e-46
447.75 1.0168125e-46
447.875 1.0171284375e-46
448 1.01745e-46
448.125 1.0177875e-46
448.25 1.0180940625e-46
448.375 1.0184203125e-46
448.5 1.018741875e-46
448.625 1.0190784375e-46
448.75 1.0193934375e-46
448.875 1.0197075e-46
449 1.02003e-46
449.125 1.0203421875e-46
449.25 1.02064875e-46
449.375 1.0209515625e-46
449.5 1.0212628125e-46
449.625 1.02158625e-46
449.75 1.021903125e-46
449.875 1.0222246875e-46
450 1.0225359375e-46
450.125 1.02285e-46
450.25 1.0231715625e-46
450.375 1.0234846875e-46
450.5 1.0238184375e-46
450.625 1.024134375e-46
450.75 1.0244325e-46
450.875 1.0247653125e-46
451 1.0250840625e-46
451.125 1.0253971875e-46
451.25 1.0257253125e-46
451.375 1.026058125e-46
451.5 1.0263703125e-46
451.625 1.026665625e-46
451.75 1.0269890625e-46
451.875 1.027314375e-46
452 1.0276190625e-46
452.125 1.027940625e-46
452.25 1.02827625e-46
452.375 1.02859875e-46
452.5 1.0289128125e-46
452.625 1.029223125e-46
452.75 1.0295484375e-46
452.875 1.029864375e-46
453 1.0301925e-46
453.125 1.030520625e-46
453.25 1.0308515625e-46
453.375 1.031191875e-46
453.5 1.0315284375e-46
453.625 1.0318453125e-46
453.75 1.0321734375e-46
453.875 1.0324809375e-46
454 1.032778125e-46
454.125 1.033096875e-46
454.25 1.03340625e-46
454.375 1.033708125e-46
454.5 1.0340559375e-46
454.625 1.0343671875e-46
454.75 1.0346746875e-46
454.875 1.035009375e-46
455 1.0353496875e-46
455.125 1.035646875e-46
455.25 1.0359825e-46
455.375 1.03630125e-46
455.5 1.036614375e-46
455.625 1.036940625e-46
455.75 1.0372921875e-46
455.875 1.03760625e-46
456 1.037908125e-46
456.125 1.038225e-46
456.25 1.038564375e-46
456.375 1.0388746875e-46
456.5 1.0392046875e-46
456.625 1.03952625e-46
456.75 1.03985625e-46
456.875 1.040184375e-46
457 1.040514375e-46
457.125 1.040851875e-46
457.25 1.0411753125e-46
457.375 1.04149875e-46
457.5 1.0418625e-46
457.625 1.042160625e-46
457.75 1.0424934375e-46
457.875 1.042828125e-46
458 1.0431534375e-46
458.125 1.043475e-46
458.25 1.04379375e-46
458.375 1.04413125e-46
458.5 1.04446125e-46
458.625 1.0447715625e-46
458.75 1.045096875e-46
458.875 1.0454409375e-46
459 1.04575125e-46
459.125 1.04605125e-46
459.25 1.0463625e-46
459.375 1.0466859375e-46
459.5 1.0470140625e-46
459.625 1.0473346875e-46
459.75 1.047684375e-46
459.875 1.0480171875e-46
460 1.0483621875e-46
460.125 1.048726875e-46
460.25 1.049064375e-46
460.375 1.0493953125e-46
460.5 1.0497215625e-46
460.625 1.05002625e-46
460.75 1.0503609375e-46
460.875 1.0506796875e-46
461 1.0510171875e-46
461.125 1.0513078125e-46
461.25 1.05162e-46
461.375 1.0519125e-46
461.5 1.0522359375e-46
461.625 1.052551875e-46
461.75 1.0528621875e-46
461.875 1.0531875e-46
462 1.0535109375e-46
462.125 1.0538409375e-46
462.25 1.0541653125e-46
462.375 1.054471875e-46
462.5 1.0547925e-46
462.625 1.0551159375e-46
462.75 1.055439375e-46
462.875 1.0557675e-46
463 1.0560796875e-46
463.125 1.05639375e-46
463.25 1.0567265625e-46
463.375 1.05705e-46
463.5 1.0573903125e-46
463.625 1.0577184375e-46
463.75 1.058041875e-46
463.875 1.0583765625e-46
464 1.0587065625e-46
464.125 1.0590403125e-46
464.25 1.0593796875e-46
464.375 1.0597078125e-46
464.5 1.060033125e-46
464.625 1.0603640625e-46
464.75 1.06069875e-46
464.875 1.0610325e-46
465 1.0613503125e-46
465.125 1.0616953125e-46
465.25 1.0621125e-46
465.375 1.0624734375e-46
465.5 1.0627621875e-46
465.625 1.0629890625e-46
465.75 1.0633265625e-46
465.875 1.06366125e-46
466 1.063995e-46
466.125 1.0643296875e-46
466.25 1.0646625e-46
466.375 1.0649953125e-46
466.5 1.0653328125e-46
466.625 1.065665625e-46
466.75 1.06599375e-46
466.875 1.06633125e-46
467 1.06666875e-46
467.125 1.066995e-46
467.25 1.0673409375e-46
467.375 1.0676859375e-46
467.5 1.0680328125e-46
467.625 1.068391875e-46
467.75 1.0687453125e-46
467.875 1.069085625e-46
468 1.06941375e-46
468.125 1.0697390625e-46
468.25 1.0700625e-46
468.375 1.07038125e-46
468.5 1.0707140625e-46
468.625 1.07105625e-46
468.75 1.071391875e-46
468.875 1.07172e-46
469 1.07206125e-46
469.125 1.0724109375e-46
469.25 1.0727390625e-46
469.375 1.0730625e-46
469.5 1.0733840625e-46
469.625 1.0737075e-46
469.75 1.0740534375e-46
469.875 1.0743890625e-46
470 1.0747125e-46
470.125 1.0750828125e-46
470.25 1.07536875e-46
470.375 1.0757109375e-46
470.5 1.076060625e-46
470.625 1.0764065625e-46
470.75 1.076735625e-46
470.875 1.077084375e-46
471 1.07743125e-46
471.125 1.0777659375e-46
471.25 1.0780921875e-46
471.375 1.0784128125e-46
471.5 1.07874375e-46
471.625 1.07907375e-46
471.75 1.0794140625e-46
471.875 1.079745e-46
472 1.080073125e-46
472.125 1.080421875e-46
472.25 1.0807575e-46
472.375 1.0811015625e-46
472.5 1.0814371875e-46
472.625 1.081753125e-46
472.75 1.0820934375e-46
472.875 1.0824328125e-46
473 1.08276375e-46
473.125 1.08309375e-46
473.25 1.08342e-46
473.375 1.08376125e-46
473.5 1.0841015625e-46
473.625 1.08444375e-46
473.75 1.084790625e-46
473.875 1.0851253125e-46
474 1.0854515625e-46
474.125 1.085784375e-46
474.25 1.0861359375e-46
474.375 1.0864734375e-46
474.5 1.0868315625e-46
474.625 1.0871596875e-46
474.75 1.0875046875e-46
474.875 1.0878496875e-46
475 1.0881984375e-46
475.125 1.0885434375e-46
475.25 1.0888715625e-46
475.375 1.089196875e-46
475.5 1.089526875e-46
475.625 1.0898746875e-46
475.75 1.090209375e-46
475.875 1.0905515625e-46
476 1.0908984375e-46
476.125 1.091233125e-46
476.25 1.09157625e-46
476.375 1.0919175e-46
476.5 1.092253125e-46
476.625 1.0925953125e-46
476.75 1.0929684375e-46
476.875 1.09330125e-46
477 1.093603125e-46
477.125 1.093933125e-46
477.25 1.0942846875e-46
477.375 1.0946278125e-46
477.5 1.0949859375e-46
477.625 1.09531875e-46
477.75 1.095665625e-46
477.875 1.0959984375e-46
478 1.09635e-46
478.125 1.09669875e-46
478.25 1.097055e-46
478.375 1.09738125e-46
478.5 1.0977065625e-46
478.625 1.0980496875e-46
478.75 1.0983909375e-46
478.875 1.09872375e-46
479 1.09906875e-46
479.125 1.099423125e-46
479.25 1.0997671875e-46
479.375 1.1000971875e-46
479.5 1.1004403125e-46
479.625 1.1007796875e-46
479.75 1.1011125e-46
479.875 1.1014565625e-46
480 1.1017996875e-46
480.125 1.1021671875e-46
480.25 1.102528125e-46
480.375 1.1028825e-46
480.5 1.103229375e-46
480.625 1.103578125e-46
480.75 1.1039296875e-46
480.875 1.1042878125e-46
481 1.10464875e-46
481.125 1.1050246875e-46
481.25 1.105378125e-46
481.375 1.105741875e-46
481.5 1.1060953125e-46
481.625 1.106446875e-46
481.75 1.106791875e-46
481.875 1.1071284375e-46
482 1.10748e-46
482.125 1.107871875e-46
482.25 1.108160625e-46
482.375 1.108528125e-46
482.5 1.10890125e-46
482.625 1.109259375e-46
482.75 1.1096409375e-46
482.875 1.1100140625e-46
483 1.110375e-46
483.125 1.1107246875e-46
483.25 1.111085625e-46
483.375 1.1114390625e-46
483.5 1.1117925e-46
483.625 1.11214875e-46
483.75 1.112505e-46
483.875 1.112859375e-46
484 1.113226875e-46
484.125 1.1135671875e-46
484.25 1.1139215625e-46
484.375 1.114275e-46
484.5 1.1146565625e-46
484.625 1.1150296875e-46
484.75 1.1154309375e-46
484.875 1.115784375e-46
485 1.11613875e-46
485.125 1.1164921875e-46
485.25 1.11685125e-46
485.375 1.117216875e-46
485.5 1.11758625e-46
485.625 1.11796875e-46
485.75 1.118334375e-46
485.875 1.1187075e-46
486 1.1190703125e-46
486.125 1.1194453125e-46
486.25 1.119825e-46
486.375 1.1202346875e-46
486.5 1.1206078125e-46
486.625 1.1209996875e-46
486.75 1.12135125e-46
486.875 1.1217121875e-46
487 1.12210125e-46
487.125 1.1224996875e-46
487.25 1.1229e-46
487.375 1.12328625e-46
487.5 1.1237128125e-46
487.625 1.124128125e-46
487.75 1.124495625e-46
487.875 1.12486875e-46
488 1.125253125e-46
488.125 1.1256515625e-46
488.25 1.1260434375e-46
488.375 1.126434375e-46
488.5 1.1268440625e-46
488.625 1.1272546875e-46
488.75 1.1276578125e-46
488.875 1.1280796875e-46
489 1.12850625e-46
489.125 1.12891875e-46
489.25 1.1293434375e-46
489.375 1.1297409375e-46
489.5 1.1301515625e-46
489.625 1.1305715625e-46
489.75 1.130990625e-46
489.875 1.1314078125e-46
490 1.131834375e-46
490.125 1.132265625e-46
490.25 1.132695e-46
490.375 1.133090625e-46
490.5 1.133551875e-46
490.625 1.133960625e-46
490.75 1.1344078125e-46
490.875 1.13487e-46
491 1.1353425e-46
491.125 1.1357953125e-46
491.25 1.13626125e-46
491.375 1.136735625e-46
491.5 1.1372203125e-46
491.625 1.1377125e-46
491.75 1.138190625e-46
491.875 1.1386903125e-46
492 1.1391909375e-46
492.125 1.139683125e-46
492.25 1.1401734375e-46
492.375 1.1406628125e-46
492.5 1.141190625e-46
492.625 1.1417390625e-46
492.75 1.142266875e-46
492.875 1.14283125e-46
493 1.1433909375e-46
493.125 1.143958125e-46
493.25 1.1445609375e-46
493.375 1.14511875e-46
493.5 1.14567375e-46
493.625 1.1462596875e-46
493.75 1.1469234375e-46
493.875 1.1475046875e-46
494 1.148109375e-46
494.125 1.1486934375e-46
494.25 1.1493121875e-46
494.375 1.1499421875e-46
494.5 1.150610625e-46
494.625 1.1512921875e-46
494.75 1.152045e-46
494.875 1.1528409375e-46
495 1.153565625e-46
495.125 1.154360625e-46
495.25 1.1551546875e-46
495.375 1.156021875e-46
495.5 1.156875e-46
495.625 1.1578284375e-46
495.75 1.1587575e-46
495.875 1.1597503125e-46
496 1.1606934375e-46
496.125 1.161703125e-46
496.25 1.1626940625e-46
496.375 1.1637628125e-46
496.5 1.164785625e-46
496.625 1.1658421875e-46
496.75 1.16695125e-46
496.875 1.1681484375e-46
497 1.1694140625e-46
497.125 1.1706609375e-46
497.25 1.17208875e-46
497.375 1.1735953125e-46
497.5 1.17543e-46
497.625 1.177010625e-46
497.75 1.1793440625e-46
497.875 1.181829375e-46
498 1.185339375e-46
498.125 1.18989375e-46
498.25 1.1955628125e-46
498.375 1.2001809375e-46
498.5 1.2077221875e-46
498.625 1.2168534375e-46
498.75 1.23919875e-46
498.875 1.3365421875e-46
499 1.409934375e-46
499.125 1.486183125e-46
499.25 1.584114375e-46
499.375 1.7100140625e-46
499.5 1.881946875e-46
499.625 2.1140175e-46
499.75 2.4328359375e-46
499.875 2.87803125e-46
500 3.499828125000001e-46
500.125 4.374421875000001e-46
500.25 5.62865625e-46
500.375 7.46878125e-46
500.5 1.0204171875e-45
500.625 1.4290190625e-45
500.75 2.0667965625e-45
500.875 3.079242187500001e-45
501 4.683515625000001e-45
501.125 7.335375000000001e-45
501.25 1.1673159375e-44
501.375 1.97071875e-44
501.5 4.018968750000001e-44
501.625 1.2224671875e-43
501.75 1.76259375e-42
501.875 5.276109375000001e-43
502 8.089359375000001e-44
502.125 3.139148437500001e-44
502.25 1.664090625e-44
502.375 1.0130390625e-44
502.5 6.3721875e-45
502.625 4.09378125e-45
502.75 2.708625000000001e-45
502.875 1.845945e-45
503 1.2991640625e-45
503.125 9.430828125000001e-46
503.25 7.101820312500001e-46
503.375 5.566898437500001e-46
503.5 4.5603046875e-46
503.625 3.9346875e-46
503.75 3.589687500000001e-46
503.875 3.45815625e-46
504 3.5428125e-46
504.125 3.925968750000001e-46
504.25 4.804781250000001e-46
504.375 6.809367187500001e-46
504.5 1.19488125e-45
504.625 3.15234375e-45
504.75 2.789765625e-44
504.875 1.413195e-44
505 2.4233671875e-45
505.125 1.0184746875e-45
505.25 5.975554687500001e-46
505.375 4.2010546875e-46
505.5 3.3154921875e-46
505.625 2.820515625e-46
505.75 2.5291875e-46
505.875 2.364046875e-46
506 2.27717625e-46
506.125 2.2504621875e-46
506.25 2.2798921875e-46
506.375 2.3691328125e-46
506.5 2.549625e-46
506.625 2.897671875e-46
506.75 3.56090625e-46
506.875 5.06446875e-46
507 9.259101562500001e-46
507.125 2.771109375e-45
507.25 6.298171875000001e-45
507.375 1.5204065625e-45
507.5 7.465664062500001e-46
507.625 5.779054687500001e-46
507.75 5.625656250000001e-46
507.875 6.375234375000001e-46
508 8.2069921875e-46
508.125 1.2514875e-45
508.25 2.3173078125e-45
508.375 5.597953125000001e-45
508.5 2.605898437500001e-44
508.625 1.575729375e-44
508.75 4.0856015625e-45
508.875 1.750066875e-45
509 9.900281250000001e-46
509.125 6.479671875e-46
509.25 4.687828125000001e-46
509.375 3.6847265625e-46
509.5 3.056812500000001e-46
509.625 2.6454609375e-46
509.75 2.34909375e-46
509.875 2.1375121875e-46
510 1.9773309375e-46
510.125 1.854480000000001e-46
510.25 1.7571159375e-46
510.375 1.6808484375e-46
510.5 1.6183996875e-46
510.625 1.56765e-46
510.75 1.5252534375e-46
510.875 1.48899375e-46
511 1.4585109375e-46
511.125 1.43229375e-46
511.25 1.409728125e-46
511.375 1.3902440625e-46
511.5 1.3731140625e-46
511.625 1.358098125e-46
511.75 1.345021875e-46
511.875 1.3334278125e-46
512 1.3228546875e-46
512.125 1.3136859375e-46
512.25 1.305346875e-46
512.375 1.297940625e-46
512.5 1.2914784375e-46
512.625 1.2857765625e-46
512.75 1.2806465625e-46
512.875 1.27605e-46
513 1.2715809375e-46
513.125 1.2676284375e-46
513.25 1.263984375e-46
513.375 1.2608578125e-46
513.5 1.257808125e-46
513.625 1.2553125e-46
513.75 1.2528075e-46
513.875 1.250529375e-46
514 1.248489375e-46
514.125 1.24655625e-46
514.25 1.244615625e-46
514.375 1.2428390625e-46
514.5 1.24127625e-46
514.625 1.23984375e-46
514.75 1.23853875e-46
514.875 1.237340625e-46
515 1.2362409375e-46
515.125 1.2351628125e-46
515.25 1.2342159375e-46
515.375 1.233260625e-46
515.5 1.2323746875e-46
515.625 1.231614375e-46
515.75 1.2308625e-46
515.875 1.2301734375e-46
516 1.2296503125e-46
516.125 1.22907375e-46
516.25 1.228565625e-46
516.375 1.2281015625e-46
516.5 1.2275971875e-46
516.625 1.2271828125e-46
516.75 1.226758125e-46
516.875 1.226364375e-46
517 1.2260765625e-46
517.125 1.2257653125e-46
517.25 1.225509375e-46
517.375 1.2252496875e-46
517.5 1.225048125e-46
517.625 1.224834375e-46
517.75 1.2246421875e-46
517.875 1.2244425e-46
518 1.2243159375e-46
518.125 1.2241921875e-46
518.25 1.2241096875e-46
518.375 1.2240909375e-46
518.5 1.22398125e-46
518.625 1.2239203125e-46
518.75 1.22382375e-46
518.875 1.2236746875e-46
519 1.22356875e-46
519.125 1.2233953125e-46
519.25 1.223323125e-46
519.375 1.2232575e-46
519.5 1.223229375e-46
519.625 1.2232171875e-46
519.75 1.22329875e-46
519.875 1.22334375e-46
520 1.2233578125e-46
520.125 1.223409375e-46
520.25 1.223428125e-46
520.375 1.2234871875e-46
520.5 1.223559375e-46
520.625 1.22367e-46
520.75 1.223775e-46
520.875 1.2239109375e-46
521 1.2240075e-46
521.125 1.22416875e-46
521.25 1.2243159375e-46
521.375 1.2244734375e-46
521.5 1.224628125e-46
521.625 1.224778125e-46
521.75 1.224939375e-46
521.875 1.225125e-46
522 1.2252778125e-46
522.125 1.2254653125e-46
522.25 1.2256640625e-46
522.375 1.22589375e-46
522.5 1.226090625e-46
522.625 1.22629875e-46
522.75 1.2265528125e-46
522.875 1.2267890625e-46
523 1.2270421875e-46
523.125 1.2272653125e-46
523.25 1.227523125e-46
523.375 1.227770625e-46
523.5 1.22803875e-46
523.625 1.2282909375e-46
523.75 1.228546875e-46
523.875 1.228760625e-46
524 1.228996875e-46
524.125 1.2292434375e-46
524.25 1.2295265625e-46
524.375 1.2297778125e-46
524.5 1.2300309375e-46
524.625 1.230309375e-46
524.75 1.2306065625e-46
524.875 1.2309075e-46
525 1.2311925e-46
525.125 1.231483125e-46
525.25 1.23181125e-46
525.375 1.2321e-46
525.5 1.232379375e-46
525.625 1.232655e-46
525.75 1.2329390625e-46
525.875 1.23325125e-46
526 1.233553125e-46
526.125 1.233853125e-46
526.25 1.2341859375e-46
526.375 1.2345028125e-46
526.5 1.234816875e-46
526.625 1.23513e-46
526.75 1.23545625e-46
526.875 1.2357684375e-46
527 1.2360703125e-46
527.125 1.236376875e-46
527.25 1.2367265625e-46
527.375 1.2370359375e-46
527.5 1.2373621875e-46
527.625 1.2376828125e-46
527.75 1.237996875e-46
527.875 1.2383221875e-46
528 1.238655e-46
528.125 1.238983125e-46
528.25 1.239328125e-46
528.375 1.239645e-46
528.5 1.2399815625e-46
528.625 1.240303125e-46
528.75 1.240629375e-46
528.875 1.24099875e-46
529 1.2413203125e-46
529.125 1.2416625e-46
529.25 1.2420065625e-46
529.375 1.2423328125e-46
529.5 1.2426703125e-46
529.625 1.2430171875e-46
529.75 1.24338e-46
529.875 1.2437184375e-46
530 1.2440625e-46
530.125 1.2444028125e-46
530.25 1.244735625e-46
530.375 1.245075e-46
530.5 1.2454434375e-46
530.625 1.245789375e-46
530.75 1.2461409375e-46
530.875 1.24647375e-46
531 1.2468121875e-46
531.125 1.2471609375e-46
531.25 1.247503125e-46
531.375 1.2478640625e-46
531.5 1.248196875e-46
531.625 1.2485503125e-46
531.75 1.2489234375e-46
531.875 1.2492984375e-46
532 1.2496734375e-46
532.125 1.250015625e-46
532.25 1.250345625e-46
532.375 1.2506953125e-46
532.5 1.2510721875e-46
532.625 1.2514434375e-46
532.75 1.251804375e-46
532.875 1.2521784375e-46
533 1.252554375e-46
533.125 1.252951875e-46
533.25 1.253315625e-46
533.375 1.2536559375e-46
533.5 1.2539953125e-46
533.625 1.2543328125e-46
533.75 1.2546984375e-46
533.875 1.2550575e-46
534 1.2554296875e-46
534.125 1.25578125e-46
534.25 1.2561403125e-46
534.375 1.256476875e-46
534.5 1.2568425e-46
534.625 1.2572221875e-46
534.75 1.2575765625e-46
534.875 1.25794875e-46
535 1.2583284375e-46
535.125 1.258704375e-46
535.25 1.259053125e-46
535.375 1.2594215625e-46
535.5 1.259795625e-46
535.625 1.2601659375e-46
535.75 1.2605175e-46
535.875 1.2608671875e-46
536 1.261239375e-46
536.125 1.2616003125e-46
536.25 1.2619715625e-46
536.375 1.262360625e-46
536.5 1.262746875e-46
536.625 1.2631078125e-46
536.75 1.26346875e-46
536.875 1.2638484375e-46
537 1.2642065625e-46
537.125 1.2645628125e-46
537.25 1.26492375e-46
537.375 1.265296875e-46
537.5 1.2656596875e-46
537.625 1.2660121875e-46
537.75 1.26635625e-46
537.875 1.266721875e-46
538 1.2670940625e-46
538.125 1.2674625e-46
538.25 1.2678309375e-46
538.375 1.2681871875e-46
538.5 1.26856875e-46
538.625 1.2689221875e-46
538.75 1.2692934375e-46
538.875 1.2696590625e-46
539 1.270003125e-46
539.125 1.2703715625e-46
539.25 1.2707390625e-46
539.375 1.2711e-46
539.5 1.271458125e-46
539.625 1.27183125e-46
539.75 1.272204375e-46
539.875 1.27258125e-46
540 1.2729628125e-46
540.125 1.273321875e-46
540.25 1.273696875e-46
540.375 1.2740559375e-46
540.5 1.2744234375e-46
540.625 1.2747984375e-46
540.75 1.275166875e-46
540.875 1.2755296875e-46
541 1.2758971875e-46
541.125 1.276258125e-46
541.25 1.2766096875e-46
541.375 1.276970625e-46
541.5 1.2773184375e-46
541.625 1.277683125e-46
541.75 1.2780421875e-46
541.875 1.278421875e-46
542 1.2788034375e-46
542.125 1.2791625e-46
542.25 1.2795421875e-46
542.375 1.2799153125e-46
542.5 1.28027625e-46
542.625 1.2806578125e-46
542.75 1.281020625e-46
542.875 1.2813965625e-46
543 1.281778125e-46
543.125 1.282153125e-46
543.25 1.28251875e-46
543.375 1.282903125e-46
543.5 1.2832809375e-46
543.625 1.2836578125e-46
543.75 1.28404875e-46
543.875 1.284403125e-46
544 1.28480625e-46
544.125 1.28521125e-46
544.25 1.2855590625e-46
544.375 1.2859125e-46
544.5 1.286304375e-46
544.625 1.286671875e-46
544.75 1.2870515625e-46
544.875 1.2874434375e-46
545 1.287796875e-46
545.125 1.2881653125e-46
545.25 1.288554375e-46
545.375 1.2889359375e-46
545.5 1.289315625e-46
545.625 1.2897028125e-46
545.75 1.2900675e-46
545.875 1.2904659375e-46
546 1.29080625e-46
546.125 1.2911878125e-46
546.25 1.2915590625e-46
546.375 1.2919453125e-46
546.5 1.292334375e-46
546.625 1.29271875e-46
546.75 1.2931003125e-46
546.875 1.29347625e-46
547 1.293841875e-46
547.125 1.2942046875e-46
547.25 1.2945703125e-46
547.375 1.294948125e-46
547.5 1.2953221875e-46
547.625 1.2956784375e-46
547.75 1.2960703125e-46
547.875 1.296448125e-46
548 1.2967940625e-46
548.125 1.29717375e-46
548.25 1.29755625e-46
548.375 1.29792375e-46
548.5 1.2983015625e-46
548.625 1.2986625e-46
548.75 1.299046875e-46
548.875 1.2994171875e-46
549 1.2997875e-46
549.125 1.3001671875e-46
549.25 1.3005515625e-46
549.375 1.3009265625e-46
549.5 1.301308125e-46
549.625 1.3017046875e-46
549.75 1.3020890625e-46
549.875 1.3024546875e-46
550 1.3028653125e-46
550.125 1.3032421875e-46
550.25 1.303659375e-46
550.375 1.30404375e-46
550.5 1.304409375e-46
550.625 1.3047871875e-46
550.75 1.3051809375e-46
550.875 1.3055503125e-46
551 1.3059328125e-46
551.125 1.3063125e-46
551.25 1.3066921875e-46
551.375 1.30708125e-46
551.5 1.3074515625e-46
551.625 1.307840625e-46
551.75 1.308225e-46
551.875 1.3086234375e-46
552 1.3090096875e-46
552.125 1.3093575e-46
552.25 1.309734375e-46
552.375 1.31012625e-46
552.5 1.310505e-46
552.625 1.310870625e-46
552.75 1.311255e-46
552.875 1.3116309375e-46
553 1.3120003125e-46
553.125 1.3123875e-46
553.25 1.312779375e-46
553.375 1.3131609375e-46
553.5 1.313540625e-46
553.625 1.3138875e-46
553.75 1.3142625e-46
553.875 1.31464875e-46
554 1.315033125e-46
554.125 1.315404375e-46
554.25 1.3157784375e-46
554.375 1.3161703125e-46
554.5 1.3165546875e-46
554.625 1.3169203125e-46
554.75 1.317328125e-46
554.875 1.3177125e-46
555 1.31810625e-46
555.125 1.318490625e-46
555.25 1.31886375e-46
555.375 1.3192453125e-46
555.5 1.31963625e-46
555.625 1.320020625e-46
555.75 1.3203984375e-46
555.875 1.3207809375e-46
556 1.3211690625e-46
556.125 1.32154875e-46
556.25 1.321940625e-46
556.375 1.3223671875e-46
556.5 1.3227140625e-46
556.625 1.3230909375e-46
556.75 1.3234903125e-46
556.875 1.323871875e-46
557 1.3242628125e-46
557.125 1.324640625e-46
557.25 1.325023125e-46
557.375 1.3254215625e-46
557.5 1.32580125e-46
557.625 1.3261996875e-46
557.75 1.3265859375e-46
557.875 1.326975e-46
558 1.327366875e-46
558.125 1.327760625e-46
558.25 1.3281703125e-46
558.375 1.3285715625e-46
558.5 1.328971875e-46
558.625 1.3293440625e-46
558.75 1.3297640625e-46
558.875 1.3301765625e-46
559 1.33056375e-46
559.125 1.330970625e-46
559.25 1.3313596875e-46
559.375 1.3317815625e-46
559.5 1.3321921875e-46
559.625 1.3325971875e-46
559.75 1.3329909375e-46
559.875 1.3333734375e-46
560 1.333771875e-46
560.125 1.3341496875e-46
560.25 1.3345434375e-46
560.375 1.334945625e-46
560.5 1.33532625e-46
560.625 1.3357153125e-46
560.75 1.336104375e-46
560.875 1.33648875e-46
561 1.3368796875e-46
561.125 1.337259375e-46
561.25 1.3376325e-46
561.375 1.338e-46
561.5 1.3383825e-46
561.625 1.338759375e-46
561.75 1.339115625e-46
561.875 1.3394784375e-46
562 1.3398234375e-46
562.125 1.34018625e-46
562.25 1.3405565625e-46
562.375 1.3409278125e-46
562.5 1.3412278125e-46
562.625 1.34158125e-46
562.75 1.34194875e-46
562.875 1.3423378125e-46
563 1.34273625e-46
563.125 1.3431140625e-46
563.25 1.343465625e-46
563.375 1.3438171875e-46
563.5 1.3441940625e-46
563.625 1.3445625e-46
563.75 1.3449515625e-46
563.875 1.3453378125e-46
564 1.34573625e-46
564.125 1.3460953125e-46
564.25 1.34650125e-46
564.375 1.3468546875e-46
564.5 1.3472090625e-46
564.625 1.3475925e-46
564.75 1.3479815625e-46
564.875 1.3483575e-46
565 1.3487390625e-46
565.125 1.3491140625e-46
565.25 1.3494815625e-46
565.375 1.3498640625e-46
565.5 1.3502596875e-46
565.625 1.35066375e-46
565.75 1.35106875e-46
565.875 1.3514559375e-46
566 1.3518496875e-46
566.125 1.3522265625e-46
566.25 1.352595e-46
566.375 1.352971875e-46
566.5 1.353358125e-46
566.625 1.3537171875e-46
566.75 1.3540903125e-46
566.875 1.3544465625e-46
567 1.354828125e-46
567.125 1.355203125e-46
567.25 1.355578125e-46
567.375 1.3559484375e-46
567.5 1.35631875e-46
567.625 1.3567171875e-46
567.75 1.3571015625e-46
567.875 1.357490625e-46
568 1.3578815625e-46
568.125 1.358259375e-46
568.25 1.358653125e-46
568.375 1.3590496875e-46
568.5 1.3594265625e-46
568.625 1.359823125e-46
568.75 1.360201875e-46
568.875 1.3605890625e-46
569 1.36098e-46
569.125 1.361371875e-46
569.25 1.3617675e-46
569.375 1.36215e-46
569.5 1.3625175e-46
569.625 1.3628859375e-46
569.75 1.3632675e-46
569.875 1.3636434375e-46
570 1.3640559375e-46
570.125 1.36445625e-46
570.25 1.3648359375e-46
570.375 1.3652390625e-46
570.5 1.3656421875e-46
570.625 1.366021875e-46
570.75 1.3664015625e-46
570.875 1.366783125e-46
571 1.3671703125e-46
571.125 1.36756875e-46
571.25 1.367971875e-46
571.375 1.36836375e-46
571.5 1.368740625e-46
571.625 1.3691465625e-46
571.75 1.369520625e-46
571.875 1.3699078125e-46
572 1.370295e-46
572.125 1.370653125e-46
572.25 1.3710309375e-46
572.375 1.3713984375e-46
572.5 1.3717809375e-46
572.625 1.372179375e-46
572.75 1.3725534375e-46
572.875 1.3729340625e-46
573 1.3733109375e-46
573.125 1.3737121875e-46
573.25 1.374140625e-46
573.375 1.3745203125e-46
573.5 1.374916875e-46
573.625 1.375303125e-46
573.75 1.375666875e-46
573.875 1.3760315625e-46
574 1.3764328125e-46
574.125 1.3768190625e-46
574.25 1.377204375e-46
574.375 1.3775953125e-46
574.5 1.3779796875e-46
574.625 1.3783715625e-46
574.75 1.3787390625e-46
574.875 1.3791121875e-46
575 1.379484375e-46
575.125 1.379895e-46
575.25 1.38031875e-46
575.375 1.380710625e-46
575.5 1.381104375e-46
575.625 1.3814653125e-46
575.75 1.38185625e-46
575.875 1.3822359375e-46
576 1.382634375e-46
576.125 1.3830215625e-46
576.25 1.38342e-46
576.375 1.383804375e-46
576.5 1.3841953125e-46
576.625 1.38460125e-46
576.75 1.3849753125e-46
576.875 1.3853765625e-46
577 1.3857703125e-46
577.125 1.386170625e-46
577.25 1.3865746875e-46
577.375 1.386975e-46
577.5 1.3873753125e-46
577.625 1.387760625e-46
577.75 1.3881421875e-46
577.875 1.3885340625e-46
578 1.388923125e-46
578.125 1.3893140625e-46
578.25 1.3896984375e-46
578.375 1.3900921875e-46
578.5 1.390509375e-46
578.625 1.39089375e-46
578.75 1.3912875e-46
578.875 1.3916765625e-46
579 1.3920703125e-46
579.125 1.39246125e-46
579.25 1.39284375e-46
579.375 1.3932440625e-46
579.5 1.3936284375e-46
579.625 1.394034375e-46
579.75 1.3944253125e-46
579.875 1.3948340625e-46
580 1.3952559375e-46
580.125 1.3956534375e-46
580.25 1.39603125e-46
580.375 1.3964128125e-46
580.5 1.3967690625e-46
580.625 1.397158125e-46
580.75 1.39755e-46
580.875 1.3979184375e-46
581 1.398309375e-46
581.125 1.398703125e-46
581.25 1.399095e-46
581.375 1.3994859375e-46
581.5 1.399875e-46
581.625 1.4002828125e-46
581.75 1.4006934375e-46
581.875 1.4010890625e-46
582 1.4014715625e-46
582.125 1.4018625e-46
582.25 1.4022721875e-46
582.375 1.40266875e-46
582.5 1.4030671875e-46
582.625 1.4034609375e-46
582.75 1.403859375e-46
582.875 1.4042484375e-46
583 1.40461125e-46
583.125 1.4050125e-46
583.25 1.4054296875e-46
583.375 1.405828125e-46
583.5 1.406240625e-46
583.625 1.406653125e-46
583.75 1.407045e-46
583.875 1.4074284375e-46
584 1.4078203125e-46
584.125 1.40823e-46
584.25 1.4086190625e-46
584.375 1.4090175e-46
584.5 1.4094140625e-46
584.625 1.4098078125e-46
584.75 1.4102203125e-46
584.875 1.4106309375e-46
585 1.411033125e-46
585.125 1.4114390625e-46
585.25 1.4118403125e-46
585.375 1.4122575e-46
585.5 1.41261375e-46
585.625 1.4129859375e-46
585.75 1.41339375e-46
585.875 1.413778125e-46
586 1.4141690625e-46
586.125 1.414573125e-46
586.25 1.414978125e-46
586.375 1.415364375e-46
586.5 1.4157778125e-46
586.625 1.416159375e-46
586.75 1.416571875e-46
586.875 1.416991875e-46
587 1.4173875e-46
587.125 1.4177746875e-46
587.25 1.418165625e-46
587.375 1.4185734375e-46
587.5 1.418979375e-46
587.625 1.419421875e-46
587.75 1.4197528125e-46
587.875 1.420153125e-46
588 1.4205421875e-46
588.125 1.420929375e-46
588.25 1.4213203125e-46
588.375 1.4217028125e-46
588.5 1.4221171875e-46
588.625 1.422496875e-46
588.75 1.4228578125e-46
588.875 1.423275e-46
589 1.4236546875e-46
589.125 1.424053125e-46
589.25 1.4244609375e-46
589.375 1.424840625e-46
589.5 1.4252503125e-46
589.625 1.4256496875e-46
589.75 1.4260453125e-46
589.875 1.42644375e-46
590 1.42684875e-46
590.125 1.4272528125e-46
590.25 1.4276765625e-46
590.375 1.4280703125e-46
590.5 1.428478125e-46
590.625 1.428871875e-46
590.75 1.4292684375e-46
590.875 1.429666875e-46
591 1.4300859375e-46
591.125 1.4304909375e-46
591.25 1.430904375e-46
591.375 1.43131875e-46
591.5 1.4317359375e-46
591.625 1.4321296875e-46
591.75 1.43252625e-46
591.875 1.4329453125e-46
592 1.433341875e-46
592.125 1.4337609375e-46
592.25 1.4341621875e-46
592.375 1.4345596875e-46
592.5 1.4349534375e-46
592.625 1.4353828125e-46
592.75 1.435771875e-46
592.875 1.4361825e-46
593 1.4366109375e-46
593.125 1.437046875e-46
593.25 1.4374734375e-46
593.375 1.4379e-46
593.5 1.438314375e-46
593.625 1.4387296875e-46
593.75 1.439146875e-46
593.875 1.43956875e-46
594 1.43998875e-46
594.125 1.4403675e-46
594.25 1.4408203125e-46
594.375 1.44129375e-46
594.5 1.441715625e-46
594.625 1.4421375e-46
594.75 1.4426128125e-46
594.875 1.443103125e-46
595 1.44355125e-46
595.125 1.443973125e-46
595.25 1.4444015625e-46
595.375 1.4448703125e-46
595.5 1.4453371875e-46
595.625 1.4457871875e-46
595.75 1.4462925e-46
595.875 1.4467846875e-46
596 1.447305e-46
596.125 1.4477840625e-46
596.25 1.4482875e-46
596.375 1.4487871875e-46
596.5 1.4493075e-46
596.625 1.4498390625e-46
596.75 1.450453125e-46
596.875 1.45101375e-46
597 1.451625e-46
597.125 1.4522203125e-46
597.25 1.4527753125e-46
597.375 1.4533378125e-46
597.5 1.4538909375e-46
597.625 1.45458e-46
597.75 1.455279375e-46
597.875 1.456014375e-46
598 1.4566846875e-46
598.125 1.4573559375e-46
598.25 1.4580984375e-46
598.375 1.4587575e-46
598.5 1.45935e-46
598.625 1.4599434375e-46
598.75 1.460559375e-46
598.875 1.4610825e-46
599 1.4614846875e-46
599.125 1.46191875e-46
599.25 1.46232e-46
599.375 1.4627221875e-46
599.5 1.4631309375e-46
599.625 1.4633971875e-46
599.75 1.46367375e-46
599.875 1.463955e-46
600 1.46420625e-46
600.125 1.4644546875e-46
600.25 1.464478125e-46
600.375 1.4645371875e-46
600.5 1.46464875e-46
600.625 1.4647528125e-46
600.75 1.46488875e-46
600.875 1.4650125e-46
601 1.4651390625e-46
601.125 1.465385625e-46
601.25 1.46554875e-46
601.375 1.465790625e-46
601.5 1.4659546875e-46
601.625 1.466165625e-46
601.75 1.4664421875e-46
601.875 1.4666840625e-46
602 1.4669465625e-46
602.125 1.4672325e-46
602.25 1.467545625e-46
602.375 1.467785625e-46
602.5 1.4681390625e-46
602.625 1.4684371875e-46
602.75 1.4686846875e-46
602.875 1.468978125e-46
603 1.4693465625e-46
603.125 1.4696971875e-46
603.25 1.470073125e-46
603.375 1.4704078125e-46
603.5 1.4707753125e-46
603.625 1.4711484375e-46
603.75 1.4715253125e-46
603.875 1.4719828125e-46
604 1.4725125e-46
604.125 1.473020625e-46
604.25 1.473609375e-46
604.375 1.4744203125e-46
604.5 1.475090625e-46
604.625 1.4750765625e-46
604.75 1.47499875e-46
604.875 1.4751703125e-46
605 1.4753034375e-46
605.125 1.475484375e-46
605.25 1.4757609375e-46
605.375 1.476084375e-46
605.5 1.476376875e-46
605.625 1.4767378125e-46
605.75 1.4771296875e-46
605.875 1.4774371875e-46
606 1.477783125e-46
606.125 1.478146875e-46
606.25 1.478465625e-46
606.375 1.47883875e-46
606.5 1.479196875e-46
606.625 1.479564375e-46
606.75 1.4799703125e-46
606.875 1.4803734375e-46
607 1.4807765625e-46
607.125 1.481158125e-46
607.25 1.48156875e-46
607.375 1.481955e-46
607.5 1.4823375e-46
607.625 1.48275e-46
607.75 1.483115625e-46
607.875 1.4835215625e-46
608 1.4839125e-46
608.125 1.484296875e-46
608.25 1.484698125e-46
608.375 1.485103125e-46
608.5 1.485515625e-46
608.625 1.4859121875e-46
608.75 1.4863246875e-46
608.875 1.486725e-46
609 1.487128125e-46
609.125 1.4875340625e-46
609.25 1.4879034375e-46
609.375 1.4882971875e-46
609.5 1.488684375e-46
609.625 1.4890828125e-46
609.75 1.4894934375e-46
609.875 1.489875e-46
610 1.4902734375e-46
610.125 1.4906390625e-46
610.25 1.49102625e-46
610.375 1.4914265625e-46
610.5 1.4918390625e-46
610.625 1.492235625e-46
610.75 1.49262e-46
610.875 1.49301375e-46
611 1.4934234375e-46
611.125 1.493805e-46
611.25 1.4942034375e-46
611.375 1.4946140625e-46
611.5 1.4950265625e-46
611.625 1.4954315625e-46
611.75 1.495845e-46
611.875 1.49626125e-46
612 1.4966325e-46
612.125 1.4970215625e-46
612.25 1.49742375e-46
612.375 1.4978175e-46
612.5 1.4982e-46
612.625 1.4985984375e-46
612.75 1.4989921875e-46
612.875 1.499383125e-46
613 1.499791875e-46
613.125 1.500189375e-46
613.25 1.5006159375e-46
613.375 1.501029375e-46
613.5 1.501426875e-46
613.625 1.5018328125e-46
613.75 1.50222375e-46
613.875 1.5026128125e-46
614 1.5030065625e-46
614.125 1.503410625e-46
614.25 1.5037921875e-46
614.375 1.50417375e-46
614.5 1.5045628125e-46
614.625 1.5049828125e-46
614.75 1.50538125e-46
614.875 1.505791875e-46
615 1.5061734375e-46
615.125 1.506560625e-46
615.25 1.506965625e-46
615.375 1.50736875e-46
615.5 1.5077503125e-46
615.625 1.5081515625e-46
615.75 1.5085546875e-46
615.875 1.5089578125e-46
616 1.509328125e-46
616.125 1.509721875e-46
616.25 1.5101465625e-46
616.375 1.5105075e-46
616.5 1.51092375e-46
616.625 1.511308125e-46
616.75 1.5117140625e-46
616.875 1.512095625e-46
617 1.512515625e-46
617.125 1.5129375e-46
617.25 1.5133078125e-46
617.375 1.5137109375e-46
617.5 1.51411875e-46
617.625 1.5145171875e-46
617.75 1.51491375e-46
617.875 1.5152953125e-46
618 1.5156965625e-46
618.125 1.5161015625e-46
618.25 1.5164859375e-46
618.375 1.5168890625e-46
618.5 1.51731375e-46
618.625 1.517720625e-46
618.75 1.5181434375e-46
618.875 1.5185390625e-46
619 1.51892625e-46
619.125 1.5193265625e-46
619.25 1.5197109375e-46
619.375 1.52011125e-46
619.5 1.520533125e-46
619.625 1.520941875e-46
619.75 1.5213515625e-46
619.875 1.5217453125e-46
620 1.522134375e-46
620.125 1.5225328125e-46
620.25 1.5229425e-46
620.375 1.5233671875e-46
620.5 1.523758125e-46
620.625 1.524151875e-46
620.75 1.524534375e-46
620.875 1.524928125e-46
621 1.5253359375e-46
621.125 1.5257278125e-46
621.25 1.526139375e-46
621.375 1.52655e-46
621.5 1.5269296875e-46
621.625 1.5273515625e-46
621.75 1.52775e-46
621.875 1.5281484375e-46
622 1.5285234375e-46
622.125 1.5289125e-46
622.25 1.529315625e-46
622.375 1.5297121875e-46
622.5 1.530140625e-46
622.625 1.530515625e-46
622.75 1.530916875e-46
622.875 1.5313190625e-46
623 1.531715625e-46
623.125 1.5321234375e-46
623.25 1.5325284375e-46
623.375 1.5329559375e-46
623.5 1.5333796875e-46
623.625 1.5337828125e-46
623.75 1.5341390625e-46
623.875 1.5345515625e-46
624 1.5349528125e-46
624.125 1.5353484375e-46
624.25 1.535775e-46
624.375 1.5361875e-46
624.5 1.536590625e-46
624.625 1.5369965625e-46
624.75 1.537415625e-46
624.875 1.5378140625e-46
625 1.538203125e-46
625.125 1.5386090625e-46
625.25 1.53901125e-46
625.375 1.53943125e-46
625.5 1.5398390625e-46
625.625 1.540265625e-46
625.75 1.5406546875e-46
625.875 1.541041875e-46
626 1.5414309375e-46
626.125 1.5418528125e-46
626.25 1.542223125e-46
626.375 1.542628125e-46
626.5 1.543029375e-46
626.625 1.543423125e-46
626.75 1.543873125e-46
626.875 1.5442715625e-46
627 1.5446653125e-46
627.125 1.5450590625e-46
627.25 1.545459375e-46
627.375 1.5458503125e-46
627.5 1.5462590625e-46
627.625 1.54666875e-46
627.75 1.547090625e-46
627.875 1.547491875e-46
628 1.54789875e-46
628.125 1.548316875e-46
628.25 1.54873875e-46
628.375 1.5491296875e-46
628.5 1.5495065625e-46
628.625 1.5499284375e-46
628.75 1.55034375e-46
628.875 1.5507675e-46
629 1.5511875e-46
629.125 1.5516159375e-46
629.25 1.5520575e-46
629.375 1.55248125e-46
629.5 1.552895625e-46
629.625 1.553323125e-46
629.75 1.5537140625e-46
629.875 1.5541003125e-46
630 1.554489375e-46
630.125 1.5548859375e-46
630.25 1.555239375e-46
630.375 1.5556171875e-46
630.5 1.556041875e-46
630.625 1.5564346875e-46
630.75 1.55682e-46
630.875 1.5572221875e-46
631 1.5576328125e-46
631.125 1.5580246875e-46
631.25 1.5584390625e-46
631.375 1.558875e-46
631.5 1.5592921875e-46
631.625 1.55968875e-46
631.75 1.56009375e-46
631.875 1.5604996875e-46
632 1.5608953125e-46
632.125 1.561284375e-46
632.25 1.5616921875e-46
632.375 1.56208125e-46
632.5 1.5624890625e-46
632.625 1.56290625e-46
632.75 1.5633046875e-46
632.875 1.563703125e-46
633 1.5641034375e-46
633.125 1.5645121875e-46
633.25 1.564921875e-46
633.375 1.5653278125e-46
633.5 1.565745e-46
633.625 1.5661471875e-46
633.75 1.5665296875e-46
633.875 1.5669140625e-46
634 1.5673265625e-46
634.125 1.5677128125e-46
634.25 1.56811875e-46
634.375 1.5685125e-46
634.5 1.5689203125e-46
634.625 1.56932625e-46
634.75 1.56973125e-46
634.875 1.5701315625e-46
635 1.570573125e-46
635.125 1.57096875e-46
635.25 1.5713971875e-46
635.375 1.571784375e-46
635.5 1.572208125e-46
635.625 1.5726046875e-46
635.75 1.5730171875e-46
635.875 1.57344375e-46
636 1.5738703125e-46
636.125 1.5742575e-46
636.25 1.57464375e-46
636.375 1.57504875e-46
636.5 1.57546875e-46
636.625 1.575901875e-46
636.75 1.5762890625e-46
636.875 1.57670625e-46
637 1.577109375e-46
637.125 1.5775453125e-46
637.25 1.5779325e-46
637.375 1.5783375e-46
637.5 1.57876125e-46
637.625 1.5791625e-46
637.75 1.579565625e-46
637.875 1.5799621875e-46
638 1.5803596875e-46
638.125 1.58075625e-46
638.25 1.5811621875e-46
638.375 1.5815690625e-46
638.5 1.58195625e-46
638.625 1.5823565625e-46
638.75 1.582760625e-46
638.875 1.5831825e-46
639 1.5835921875e-46
639.125 1.583998125e-46
639.25 1.58445e-46
639.375 1.5849534375e-46
639.5 1.585351875e-46
639.625 1.5857671875e-46
639.75 1.5861609375e-46
639.875 1.5864403125e-46
640 1.5867403125e-46
640.125 1.5871575e-46
640.25 1.5875971875e-46
640.375 1.58799375e-46
640.5 1.5883875e-46
640.625 1.58878875e-46
640.75 1.5892078125e-46
640.875 1.5896015625e-46
641 1.5899625e-46
641.125 1.5903609375e-46
641.25 1.5907734375e-46
641.375 1.59117e-46
641.5 1.5915825e-46
641.625 1.59196875e-46
641.75 1.59237e-46
641.875 1.592784375e-46
642 1.593226875e-46
642.125 1.5936403125e-46
642.25 1.5940340625e-46
642.375 1.594453125e-46
642.5 1.594845e-46
642.625 1.5952359375e-46
642.75 1.5956175e-46
642.875 1.5960515625e-46
643 1.5964921875e-46
643.125 1.59687e-46
643.25 1.59725625e-46
643.375 1.597640625e-46
643.5 1.598055e-46
643.625 1.5984609375e-46
643.75 1.598859375e-46
643.875 1.5992690625e-46
644 1.5996778125e-46
644.125 1.600108125e-46
644.25 1.6005121875e-46
644.375 1.6009125e-46
644.5 1.6013203125e-46
644.625 1.6017496875e-46
644.75 1.6021659375e-46
644.875 1.6025503125e-46
645 1.602954375e-46
645.125 1.6033284375e-46
645.25 1.6037484375e-46
645.375 1.604173125e-46
645.5 1.6045425e-46
645.625 1.604934375e-46
645.75 1.6053421875e-46
645.875 1.6057453125e-46
646 1.6061953125e-46
646.125 1.60662375e-46
646.25 1.607045625e-46
646.375 1.607446875e-46
646.5 1.607833125e-46
646.625 1.6082221875e-46
646.75 1.6086234375e-46
646.875 1.60903125e-46
647 1.609455e-46
647.125 1.6098703125e-46
647.25 1.6102903125e-46
647.375 1.610716875e-46
647.5 1.6110890625e-46
647.625 1.6115015625e-46
647.75 1.61191125e-46
647.875 1.612340625e-46
648 1.6127503125e-46
648.125 1.6131815625e-46
648.25 1.613578125e-46
648.375 1.6139671875e-46
648.5 1.6143796875e-46
648.625 1.6148034375e-46
648.75 1.6152121875e-46
648.875 1.6156284375e-46
649 1.616034375e-46
649.125 1.6164328125e-46
649.25 1.61685e-46
649.375 1.6172746875e-46
649.5 1.617675e-46
649.625 1.6180640625e-46
649.75 1.6184503125e-46
649.875 1.6188159375e-46
650 1.6192125e-46
650.125 1.6196184375e-46
650.25 1.620028125e-46
650.375 1.6204546875e-46
650.5 1.62085125e-46
650.625 1.6212609375e-46
650.75 1.621659375e-46
650.875 1.6220559375e-46
651 1.6224609375e-46
651.125 1.62288e-46
651.25 1.62328875e-46
651.375 1.623665625e-46
651.5 1.62406875e-46
651.625 1.6244878125e-46
651.75 1.624884375e-46
651.875 1.62526875e-46
652 1.6256765625e-46
652.125 1.62609375e-46
652.25 1.6264921875e-46
652.375 1.6268925e-46
652.5 1.6272815625e-46
652.625 1.627695e-46
652.75 1.6281e-46
652.875 1.6284890625e-46
653 1.62888e-46
653.125 1.6292690625e-46
653.25 1.6296778125e-46
653.375 1.6300921875e-46
653.5 1.6305046875e-46
653.625 1.6309171875e-46
653.75 1.63131375e-46
653.875 1.6317309375e-46
654 1.6321359375e-46
654.125 1.6325390625e-46
654.25 1.6329534375e-46
654.375 1.6333828125e-46
654.5 1.6337953125e-46
654.625 1.6342078125e-46
654.75 1.6346325e-46
654.875 1.6350375e-46
655 1.6354359375e-46
655.125 1.6358671875e-46
655.25 1.6362703125e-46
655.375 1.6366546875e-46
655.5 1.6370390625e-46
655.625 1.63745625e-46
655.75 1.6378734375e-46
655.875 1.638264375e-46
656 1.638740625e-46
656.125 1.639066875e-46
656.25 1.6394559375e-46
656.375 1.6398628125e-46
656.5 1.6402846875e-46
656.625 1.6406784375e-46
656.75 1.6410871875e-46
656.875 1.6414809375e-46
657 1.64188125e-46
657.125 1.6422909375e-46
657.25 1.642695e-46
657.375 1.643090625e-46
657.5 1.6435078125e-46
657.625 1.64390625e-46
657.75 1.6443159375e-46
657.875 1.644729375e-46
658 1.6451371875e-46
658.125 1.6455375e-46
658.25 1.6459359375e-46
658.375 1.646325e-46
658.5 1.64673e-46
658.625 1.6471265625e-46
658.75 1.647555e-46
658.875 1.647984375e-46
659 1.6483921875e-46
659.125 1.64882625e-46
659.25 1.6492125e-46
659.375 1.649653125e-46
659.5 1.65006375e-46
659.625 1.650489375e-46
659.75 1.6508878125e-46
659.875 1.65128625e-46
660 1.6516875e-46
660.125 1.6521e-46
660.25 1.652503125e-46
660.375 1.6529203125e-46
660.5 1.653328125e-46
660.625 1.6537265625e-46
660.75 1.654134375e-46
660.875 1.6545515625e-46
661 1.6549575e-46
661.125 1.6553925e-46
661.25 1.6557909375e-46
661.375 1.656195e-46
661.5 1.6566140625e-46
661.625 1.6570125e-46
661.75 1.6573875e-46
661.875 1.657783125e-46
662 1.658184375e-46
662.125 1.658578125e-46
662.25 1.658964375e-46
662.375 1.6593403125e-46
662.5 1.659740625e-46
662.625 1.6601653125e-46
662.75 1.6605796875e-46
662.875 1.660989375e-46
663 1.6613953125e-46
663.125 1.6617984375e-46
663.25 1.66220625e-46
663.375 1.66261125e-46
663.5 1.663021875e-46
663.625 1.6634484375e-46
663.75 1.6638609375e-46
663.875 1.6642734375e-46
664 1.6646925e-46
664.125 1.665095625e-46
664.25 1.6655034375e-46
664.375 1.6659215625e-46
664.5 1.66633125e-46
664.625 1.6667390625e-46
664.75 1.667165625e-46
664.875 1.6675640625e-46
665 1.6679859375e-46
665.125 1.6684096875e-46
665.25 1.668808125e-46
665.375 1.669235625e-46
665.5 1.6696153125e-46
665.625 1.6700184375e-46
665.75 1.6704421875e-46
665.875 1.67083125e-46
666 1.671234375e-46
666.125 1.6716675e-46
666.25 1.6720734375e-46
666.375 1.672490625e-46
666.5 1.672873125e-46
666.625 1.673296875e-46
666.75 1.673690625e-46
666.875 1.67408625e-46
667 1.674478125e-46
667.125 1.674909375e-46
667.25 1.675303125e-46
667.375 1.675695e-46
667.5 1.67608875e-46
667.625 1.6765078125e-46
667.75 1.676925e-46
667.875 1.6773440625e-46
668 1.6777715625e-46
668.125 1.678179375e-46
668.25 1.67859375e-46
668.375 1.67898e-46
668.5 1.6794075e-46
668.625 1.679803125e-46
668.75 1.680226875e-46
668.875 1.6806403125e-46
669 1.6810546875e-46
669.125 1.681471875e-46
669.25 1.681873125e-46
669.375 1.6822940625e-46
669.5 1.682683125e-46
669.625 1.6830721875e-46
669.75 1.6834734375e-46
669.875 1.6838765625e-46
670 1.6842965625e-46
670.125 1.6847034375e-46
670.25 1.68511125e-46
670.375 1.6855246875e-46
670.5 1.68593625e-46
670.625 1.68635625e-46
670.75 1.6867621875e-46
670.875 1.687171875e-46
671 1.6875721875e-46
671.125 1.6879921875e-46
671.25 1.6884075e-46
671.375 1.688803125e-46
671.5 1.6892015625e-46
671.625 1.6896215625e-46
671.75 1.690059375e-46
671.875 1.6904578125e-46
672 1.690875e-46
672.125 1.691259375e-46
672.25 1.6916765625e-46
672.375 1.692103125e-46
672.5 1.6925221875e-46
672.625 1.6929234375e-46
672.75 1.6933359375e-46
672.875 1.693734375e-46
673 1.6941421875e-46
673.125 1.6945425e-46
673.25 1.6949578125e-46
673.375 1.6953825e-46
673.5 1.69580625e-46
673.625 1.6962140625e-46
673.75 1.6966265625e-46
673.875 1.6970390625e-46
674 1.6974721875e-46
674.125 1.69790625e-46
674.25 1.698309375e-46
674.375 1.6987359375e-46
674.5 1.6991690625e-46
674.625 1.6995675e-46
674.75 1.699951875e-46
674.875 1.7003840625e-46
675 1.70079375e-46
675.125 1.7011875e-46
675.25 1.7015578125e-46
675.375 1.701946875e-46
675.5 1.70233125e-46
675.625 1.7027596875e-46
675.75 1.7031984375e-46
675.875 1.7036034375e-46
676 1.7039953125e-46
676.125 1.7044078125e-46
676.25 1.704825e-46
676.375 1.7052328125e-46
676.5 1.7056528125e-46
676.625 1.7060390625e-46
676.75 1.70645625e-46
676.875 1.70686875e-46
677 1.707255e-46
677.125 1.7076609375e-46
677.25 1.708078125e-46
677.375 1.7084746875e-46
677.5 1.708873125e-46
677.625 1.70928e-46
677.75 1.7097046875e-46
677.875 1.7101059375e-46
678 1.7104903125e-46
678.125 1.71088875e-46
678.25 1.7113003125e-46
678.375 1.7117034375e-46
678.5 1.7120953125e-46
678.625 1.712503125e-46
678.75 1.7129203125e-46
678.875 1.71333e-46
679 1.71373125e-46
679.125 1.71415125e-46
679.25 1.7145515625e-46
679.375 1.7149809375e-46
679.5 1.7154253125e-46
679.625 1.7157909375e-46
679.75 1.71616875e-46
679.875 1.7165784375e-46
680 1.7169721875e-46
680.125 1.71736875e-46
680.25 1.7177953125e-46
680.375 1.718221875e-46
680.5 1.7186465625e-46
680.625 1.7190421875e-46
680.75 1.71943125e-46
680.875 1.71983625e-46
681 1.720265625e-46
681.125 1.720678125e-46
681.25 1.721083125e-46
681.375 1.72150125e-46
681.5 1.7218921875e-46
681.625 1.7223046875e-46
681.75 1.722721875e-46
681.875 1.7231484375e-46
682 1.7235515625e-46
682.125 1.723966875e-46
682.25 1.72438125e-46
682.375 1.7248096875e-46
682.5 1.7252203125e-46
682.625 1.7256375e-46
682.75 1.72605e-46
682.875 1.72647e-46
683 1.72689375e-46
683.125 1.72730625e-46
683.25 1.727709375e-46
683.375 1.7281265625e-46
683.5 1.7285325e-46
683.625 1.7289496875e-46
683.75 1.7293640625e-46
683.875 1.7298159375e-46
684 1.7302340625e-46
684.125 1.730641875e-46
684.25 1.73104875e-46
684.375 1.7314378125e-46
684.5 1.7318559375e-46
684.625 1.732275e-46
684.75 1.7326921875e-46
684.875 1.7331e-46
685 1.7335378125e-46
685.125 1.73397e-46
685.25 1.7343965625e-46
685.375 1.7348109375e-46
685.5 1.7352346875e-46
685.625 1.7356528125e-46
685.75 1.7360484375e-46
685.875 1.7364609375e-46
686 1.736885625e-46
686.125 1.7373e-46
686.25 1.7377125e-46
686.375 1.73811375e-46
686.5 1.738539375e-46
686.625 1.738966875e-46
686.75 1.7393971875e-46
686.875 1.7398125e-46
687 1.740196875e-46
687.125 1.740590625e-46
687.25 1.7410059375e-46
687.375 1.741385625e-46
687.5 1.7418328125e-46
687.625 1.7422434375e-46
687.75 1.7426690625e-46
687.875 1.7430871875e-46
688 1.7434828125e-46
688.125 1.7438784375e-46
688.25 1.74429375e-46
688.375 1.74471375e-46
688.5 1.7451234375e-46
688.625 1.7455528125e-46
688.75 1.7459578125e-46
688.875 1.7463815625e-46
689 1.7467903125e-46
689.125 1.747179375e-46
689.25 1.7476003125e-46
689.375 1.7480296875e-46
689.5 1.748416875e-46
689.625 1.7488059375e-46
689.75 1.7491921875e-46
689.875 1.7496028125e-46
690 1.75002375e-46
690.125 1.7504484375e-46
690.25 1.75082625e-46
690.375 1.751205e-46
690.5 1.7516325e-46
690.625 1.75204875e-46
690.75 1.752466875e-46
690.875 1.7528784375e-46
691 1.7532609375e-46
691.125 1.7536546875e-46
691.25 1.754045625e-46
691.375 1.754458125e-46
691.5 1.754878125e-46
691.625 1.75528125e-46
691.75 1.7556984375e-46
691.875 1.756078125e-46
692 1.7564859375e-46
692.125 1.756884375e-46
692.25 1.7573371875e-46
692.375 1.7577159375e-46
692.5 1.758103125e-46
692.625 1.7585015625e-46
692.75 1.7589215625e-46
692.875 1.7593284375e-46
693 1.759734375e-46
693.125 1.7601515625e-46
693.25 1.76052375e-46
693.375 1.7609465625e-46
693.5 1.761391875e-46
693.625 1.761796875e-46
693.75 1.7621625e-46
693.875 1.762605e-46
694 1.763023125e-46
694.125 1.7634234375e-46
694.25 1.7638378125e-46
694.375 1.76425125e-46
694.5 1.7646515625e-46
694.625 1.765040625e-46
694.75 1.7654596875e-46
694.875 1.765865625e-46
695 1.7663578125e-46
695.125 1.7667496875e-46
695.25 1.7671265625e-46
695.375 1.7675109375e-46
695.5 1.7679028125e-46
695.625 1.7683190625e-46
695.75 1.7687175e-46
695.875 1.769145e-46
696 1.7695846875e-46
696.125 1.7699953125e-46
696.25 1.770391875e-46
696.375 1.7707809375e-46
696.5 1.77114375e-46
696.625 1.771573125e-46
696.75 1.77198e-46
696.875 1.772371875e-46
697 1.7727609375e-46
697.125 1.77316875e-46
697.25 1.773555e-46
697.375 1.7739515625e-46
697.5 1.77436875e-46
697.625 1.7747653125e-46
697.75 1.775146875e-46
697.875 1.775585625e-46
698 1.7759840625e-46
698.125 1.776358125e-46
698.25 1.77676875e-46
698.375 1.7771878125e-46
698.5 1.77762e-46
698.625 1.77804375e-46
698.75 1.778473125e-46
698.875 1.7788640625e-46
699 1.7792878125e-46
699.125 1.7796965625e-46
699.25 1.7801090625e-46
699.375 1.7804953125e-46
699.5 1.780891875e-46
699.625 1.78130625e-46
699.75 1.7817796875e-46
699.875 1.7821425e-46
700 1.78253625e-46
700.125 1.78296375e-46
700.25 1.7833434375e-46
700.375 1.7837784375e-46
700.5 1.78418625e-46
700.625 1.7845875e-46
700.75 1.785001875e-46
700.875 1.785391875e-46
701 1.7857734375e-46
701.125 1.7862140625e-46
701.25 1.7866378125e-46
701.375 1.78703625e-46
701.5 1.78745625e-46
701.625 1.787866875e-46
701.75 1.7882765625e-46
701.875 1.7886721875e-46
702 1.78906875e-46
702.125 1.789479375e-46
702.25 1.789884375e-46
702.375 1.7902875e-46
702.5 1.7906859375e-46
702.625 1.791075e-46
702.75 1.79146125e-46
702.875 1.79188875e-46
703 1.792314375e-46
703.125 1.79270625e-46
703.25 1.793109375e-46
703.375 1.7935246875e-46
703.5 1.793923125e-46
703.625 1.7943075e-46
703.75 1.79470125e-46
703.875 1.795115625e-46
704 1.795520625e-46
704.125 1.795914375e-46
704.25 1.7963203125e-46
704.375 1.7967215625e-46
704.5 1.797121875e-46
704.625 1.7975175e-46
704.75 1.7979328125e-46
704.875 1.7983528125e-46
705 1.7987625e-46
705.125 1.7991628125e-46
705.25 1.7995659375e-46
705.375 1.7999840625e-46
705.5 1.8004125e-46
705.625 1.8007921875e-46
705.75 1.8012075e-46
705.875 1.80159375e-46
706 1.802004375e-46
706.125 1.8024065625e-46
706.25 1.80283875e-46
706.375 1.8032765625e-46
706.5 1.80369375e-46
706.625 1.8041128125e-46
706.75 1.8045309375e-46
706.875 1.804970625e-46
707 1.8053746875e-46
707.125 1.805775e-46
707.25 1.8061921875e-46
707.375 1.8066121875e-46
707.5 1.80702e-46
707.625 1.807425e-46
707.75 1.8078375e-46
707.875 1.808233125e-46
708 1.8086371875e-46
708.125 1.8090215625e-46
708.25 1.8094340625e-46
708.375 1.8098484375e-46
708.5 1.8102346875e-46
708.625 1.8106425e-46
708.75 1.811060625e-46
708.875 1.8114628125e-46
709 1.8118903125e-46
709.125 1.812290625e-46
709.25 1.81270125e-46
709.375 1.8131015625e-46
709.5 1.813509375e-46
709.625 1.8139471875e-46
709.75 1.8143671875e-46
709.875 1.814795625e-46
710 1.81520625e-46
710.125 1.8155878125e-46
710.25 1.8159965625e-46
710.375 1.8164015625e-46
710.5 1.81681875e-46
710.625 1.8172171875e-46
710.75 1.817608125e-46
710.875 1.81801125e-46
711 1.81842e-46
711.125 1.8188315625e-46
711.25 1.81925625e-46
711.375 1.8196546875e-46
711.5 1.820071875e-46
711.625 1.82050125e-46
711.75 1.820895e-46
711.875 1.82131125e-46
712 1.8217190625e-46
712.125 1.8221278125e-46
712.25 1.8225421875e-46
712.375 1.822959375e-46
712.5 1.82338125e-46
712.625 1.823773125e-46
712.75 1.8241734375e-46
712.875 1.824598125e-46
713 1.8249965625e-46
713.125 1.8253903125e-46
713.25 1.82581125e-46
713.375 1.82626125e-46
713.5 1.8266503125e-46
713.625 1.8270534375e-46
713.75 1.8274875e-46
713.875 1.827901875e-46
714 1.82833125e-46
714.125 1.8287409375e-46
714.25 1.82916375e-46
714.375 1.829559375e-46
714.5 1.8299671875e-46
714.625 1.830365625e-46
714.75 1.8307546875e-46
714.875 1.831171875e-46
715 1.8315965625e-46
715.125 1.83200625e-46
715.25 1.832416875e-46
715.375 1.8328078125e-46
715.5 1.8331875e-46
715.625 1.83357375e-46
715.75 1.833976875e-46
715.875 1.834382812500001e-46
716 1.8347934375e-46
716.125 1.835203125e-46
716.25 1.835610937500001e-46
716.375 1.8360121875e-46
716.5 1.836451875e-46
716.625 1.8368484375e-46
716.75 1.8372703125e-46
716.875 1.8376875e-46
717 1.8380859375e-46
717.125 1.8384825e-46
717.25 1.8389175e-46
717.375 1.8393421875e-46
717.5 1.8397734375e-46
717.625 1.8401671875e-46
717.75 1.8405890625e-46
717.875 1.8409809375e-46
718 1.8413784375e-46
718.125 1.8417984375e-46
718.25 1.842178125e-46
718.375 1.8425765625e-46
718.5 1.8430284375e-46
718.625 1.8434221875e-46
718.75 1.8437925e-46
718.875 1.84418625e-46
719 1.844566875e-46
719.125 1.844971875e-46
719.25 1.8453890625e-46
719.375 1.8457996875e-46
719.5 1.8462065625e-46
719.625 1.8465825e-46
719.75 1.8469875e-46
719.875 1.8474046875e-46
720 1.847821875e-46
720.125 1.848234375e-46
720.25 1.8486515625e-46
720.375 1.84905e-46
720.5 1.849498125e-46
720.625 1.8498890625e-46
720.75 1.850304375e-46
720.875 1.850690625e-46
721 1.8511003125e-46
721.125 1.851515625e-46
721.25 1.85192625e-46
721.375 1.8523621875e-46
721.5 1.8527625e-46
721.625 1.8532153125e-46
721.75 1.8536203125e-46
721.875 1.8539859375e-46
722 1.8544125e-46
722.125 1.8548109375e-46
722.25 1.8552234375e-46
722.375 1.855614375e-46
722.5 1.8560109375e-46
722.625 1.8564046875e-46
722.75 1.856810625e-46
722.875 1.8572296875e-46
723 1.857620625e-46
723.125 1.8580171875e-46
723.25 1.858423125e-46
723.375 1.858858125e-46
723.5 1.8592425e-46
723.625 1.8596315625e-46
723.75 1.86006375e-46
723.875 1.8604734375e-46
724 1.860883125e-46
724.125 1.861275e-46
724.25 1.8616903125e-46
724.375 1.8621159375e-46
724.5 1.862521875e-46
724.625 1.862934375e-46
724.75 1.863335625e-46
724.875 1.8637809375e-46
725 1.864201875e-46
725.125 1.864539375e-46
725.25 1.864903125e-46
725.375 1.865308125e-46
725.5 1.8656878125e-46
725.625 1.8660703125e-46
725.75 1.8664621875e-46
725.875 1.866916875e-46
726 1.86735e-46
726.125 1.8677296875e-46
726.25 1.86811875e-46
726.375 1.868495625e-46
726.5 1.868896875e-46
726.625 1.8692925e-46
726.75 1.86972e-46
726.875 1.8701221875e-46
727 1.8705253125e-46
727.125 1.87093125e-46
727.25 1.8713953125e-46
727.375 1.8718265625e-46
727.5 1.872234375e-46
727.625 1.8726375e-46
727.75 1.8730078125e-46
727.875 1.873378125e-46
728 1.8737859375e-46
728.125 1.87420125e-46
728.25 1.874615625e-46
728.375 1.8750346875e-46
728.5 1.8754434375e-46
728.625 1.8758625e-46
728.75 1.8762609375e-46
728.875 1.8766378125e-46
729 1.8770184375e-46
729.125 1.8773953125e-46
729.25 1.8777721875e-46
729.375 1.87816875e-46
729.5 1.8785746875e-46
729.625 1.8789684375e-46
729.75 1.8794090625e-46
729.875 1.8797465625e-46
730 1.8801721875e-46
730.125 1.880596875e-46
730.25 1.8809953125e-46
730.375 1.881405e-46
730.5 1.8818015625e-46
730.625 1.88218125e-46
730.75 1.8825796875e-46
730.875 1.882989375e-46
731 1.883364375e-46
731.125 1.8837965625e-46
731.25 1.884208125e-46
731.375 1.884628125000001e-46
731.5 1.8850003125e-46
731.625 1.8854015625e-46
731.75 1.885809375e-46
731.875 1.8862265625e-46
732 1.886634375e-46
732.125 1.8870253125e-46
732.25 1.8874078125e-46
732.375 1.8878109375e-46
732.5 1.8882309375e-46
732.625 1.8886715625e-46
732.75 1.8890578125e-46
732.875 1.889454375e-46
733 1.8898734375e-46
733.125 1.890283125e-46
733.25 1.8906675e-46
733.375 1.8910903125e-46
733.5 1.8914859375e-46
733.625 1.8918796875e-46
733.75 1.89231375e-46
733.875 1.89274875e-46
734 1.89315e-46
734.125 1.8935671875e-46
734.25 1.89402e-46
734.375 1.8944090625e-46
734.5 1.8948328125e-46
734.625 1.8952528125e-46
734.75 1.895653125e-46
734.875 1.8960328125e-46
735 1.89645e-46
735.125 1.896834375e-46
735.25 1.89722625e-46
735.375 1.8976809375e-46
735.5 1.898128125e-46
735.625 1.8985425e-46
735.75 1.8989109375e-46
735.875 1.899328125e-46
736 1.8997359375e-46
736.125 1.9001578125e-46
736.25 1.900558125e-46
736.375 1.900985625e-46
736.5 1.9014140625e-46
736.625 1.9018171875e-46
736.75 1.90220625e-46
736.875 1.90262625e-46
737 1.903040625e-46
737.125 1.903445625e-46
737.25 1.9038496875e-46
737.375 1.904266875e-46
737.5 1.904775e-46
737.625 1.9051078125e-46
737.75 1.9054734375e-46
737.875 1.9058934375e-46
738 1.90629375e-46
738.125 1.9066921875e-46
738.25 1.907071875e-46
738.375 1.9074909375e-46
738.5 1.907895e-46
738.625 1.90833e-46
738.75 1.9087434375e-46
738.875 1.909129687500001e-46
739 1.9095534375e-46
739.125 1.90995e-46
739.25 1.910323125e-46
739.375 1.9107703125e-46
739.5 1.9112034375e-46
739.625 1.9115878125e-46
739.75 1.9119984375e-46
739.875 1.9123828125e-46
740 1.912771875e-46
740.125 1.9131684375e-46
740.25 1.913559375e-46
740.375 1.91397e-46
740.5 1.91436375e-46
740.625 1.9147359375e-46
740.75 1.91515125e-46
740.875 1.91555625e-46
741 1.9159715625e-46
741.125 1.91638875e-46
741.25 1.9167890625e-46
741.375 1.9172015625e-46
741.5 1.917604687500001e-46
741.625 1.91805e-46
741.75 1.9184484375e-46
741.875 1.918846875e-46
742 1.919259375e-46
742.125 1.9196690625e-46
742.25 1.9200703125e-46
742.375 1.92045e-46
742.5 1.920855e-46
742.625 1.9212815625e-46
742.75 1.9216875e-46
742.875 1.9220690625e-46
743 1.9224721875e-46
743.125 1.922895e-46
743.25 1.923345e-46
743.375 1.9237434375e-46
743.5 1.9241765625e-46
743.625 1.9245965625e-46
743.75 1.9250296875e-46
743.875 1.92545625e-46
744 1.9259578125e-46
744.125 1.9263515625e-46
744.25 1.9267171875e-46
744.375 1.9271296875e-46
744.5 1.927584375e-46
744.625 1.927995e-46
744.75 1.9283925e-46
744.875 1.928805e-46
745 1.929264375e-46
745.125 1.929675e-46
745.25 1.9301034375e-46
745.375 1.9304925e-46
745.5 1.9308984375e-46
745.625 1.9313184375e-46
745.75 1.9317253125e-46
745.875 1.93212375e-46
746 1.9325784375e-46
746.125 1.933010625e-46
746.25 1.9334765625e-46
746.375 1.9339940625e-46
746.5 1.934445e-46
746.625 1.9348903125e-46
746.75 1.9354621875e-46
746.875 1.9360078125e-46
747 1.93652625e-46
747.125 1.93711875e-46
747.25 1.93764375e-46
747.375 1.9382953125e-46
747.5 1.938853125000001e-46
747.625 1.939689375e-46
747.75 1.9403925e-46
747.875 1.9411171875e-46
748 1.941853125e-46
748.125 1.9427296875e-46
748.25 1.9437890625e-46
748.375 1.9448465625e-46
748.5 1.945790625e-46
748.625 1.9467159375e-46
748.75 1.9477921875e-46
748.875 1.9485684375e-46
749 1.9492809375e-46
749.125 1.94975625e-46
749.25 1.9501659375e-46
749.375 1.95057375e-46
749.5 1.9508465625e-46
749.625 1.9508296875e-46
749.75 1.950581250000001e-46
749.875 1.950525e-46
750 1.9502925e-46
750.125 1.9501190625e-46
750.25 1.949896875e-46
750.375 1.9498359375e-46
750.5 1.9497984375e-46
750.625 1.950016875e-46
750.75 1.950009375e-46
750.875 1.9500825e-46
751 1.9501875e-46
751.125 1.95043125e-46
751.25 1.9506609375e-46
751.375 1.9507996875e-46
751.5 1.950979687500001e-46
751.625 1.9512403125e-46
751.75 1.951483125e-46
751.875 1.9517653125e-46
752 1.952055e-46
752.125 1.9523315625e-46
752.25 1.952701875e-46
752.375 1.9530534375e-46
752.5 1.9534734375e-46
752.625 1.953770625e-46
752.75 1.95410625e-46
752.875 1.9543546875e-46
753 1.9547203125e-46
753.125 1.9551075e-46
753.25 1.9555096875e-46
753.375 1.9558471875e-46
753.5 1.9562315625e-46
753.625 1.9566046875e-46
753.75 1.9569890625e-46
753.875 1.95739875e-46
754 1.957790625e-46
754.125 1.9581815625e-46
754.25 1.9585284375e-46
754.375 1.9589175e-46
754.5 1.9593534375e-46
754.625 1.9597546875e-46
754.75 1.960115625e-46
754.875 1.9605028125e-46
755 1.9609078125e-46
755.125 1.961278125e-46
755.25 1.96168125e-46
755.375 1.96208625e-46
755.5 1.962448125e-46
755.625 1.96284375e-46
755.75 1.963209375e-46
755.875 1.9636171875e-46
756 1.9640278125e-46
756.125 1.964416875e-46
756.25 1.964810625e-46
756.375 1.965234375e-46
756.5 1.965601875e-46
756.625 1.9659871875e-46
756.75 1.9664034375e-46
756.875 1.9667878125e-46
757 1.967176875e-46
757.125 1.9675434375e-46
757.25 1.9679503125e-46
757.375 1.9683534375e-46
757.5 1.9687171875e-46
757.625 1.96910625e-46
757.75 1.9695328125e-46
757.875 1.969914375e-46
758 1.9703325e-46
758.125 1.9707065625e-46
758.25 1.9710684375e-46
758.375 1.971496875e-46
758.5 1.97184375e-46
758.625 1.97221875e-46
758.75 1.9726246875e-46
758.875 1.9730015625e-46
759 1.973383125e-46
759.125 1.973784375000001e-46
759.25 1.9741471875e-46
759.375 1.97454375e-46
759.5 1.97496375e-46
759.625 1.9753453125e-46
759.75 1.9757109375e-46
759.875 1.9761675e-46
760 1.9765359375e-46
760.125 1.976934375e-46
760.25 1.9773440625e-46
760.375 1.9777575e-46
760.5 1.9781296875e-46
760.625 1.9785065625e-46
760.75 1.9788890625e-46
760.875 1.979266875e-46
761 1.979648437500001e-46
761.125 1.9800346875e-46
761.25 1.9804265625e-46
761.375 1.980815625e-46
761.5 1.9812309375e-46
761.625 1.9816453125e-46
761.75 1.98201375e-46
761.875 1.9824028125e-46
762 1.9827871875e-46
762.125 1.9831875e-46
762.25 1.983553125e-46
762.375 1.983973125e-46
762.5 1.9843434375e-46
762.625 1.984708125e-46
762.75 1.9851046875e-46
762.875 1.9855003125e-46
763 1.985859375e-46
763.125 1.98628125e-46
763.25 1.986676875e-46
763.375 1.987078125e-46
763.5 1.9874746875e-46
763.625 1.9878825e-46
763.75 1.988264062500001e-46
763.875 1.9886578125e-46
764 1.989054375e-46
764.125 1.989487500000001e-46
764.25 1.989853125e-46
764.375 1.9902628125e-46
764.5 1.99066875e-46
764.625 1.991079375e-46
764.75 1.9915078125e-46
764.875 1.991904375e-46
765 1.992298125e-46
765.125 1.992684375e-46
765.25 1.993108125e-46
765.375 1.99348125e-46
765.5 1.9939003125e-46
765.625 1.994315625e-46
765.75 1.9947140625e-46
765.875 1.9950675e-46
766 1.9954903125e-46
766.125 1.9958671875e-46
766.25 1.99622625e-46
766.375 1.99663125e-46
766.5 1.996982812500001e-46
766.625 1.99741875e-46
766.75 1.997791875e-46
766.875 1.9981734375e-46
767 1.9985925e-46
767.125 1.9989796875e-46
767.25 1.99938e-46
767.375 1.999753125e-46
767.5 2.0001234375e-46
767.625 2.0005003125e-46
767.75 2.000904375e-46
767.875 2.0012840625e-46
768 2.001675e-46
768.125 2.0020125e-46
768.25 2.0023996875e-46
768.375 2.0027578125e-46
768.5 2.0031721875e-46
768.625 2.003559375e-46
768.75 2.0040046875e-46
768.875 2.004354375e-46
769 2.004766875e-46
769.125 2.0051953125e-46
769.25 2.0056284375e-46
769.375 2.006015625e-46
769.5 2.0063840625e-46
769.625 2.0067703125e-46
769.75 2.007166875e-46
769.875 2.007571875e-46
770 2.0079721875e-46
770.125 2.00838e-46
770.25 2.0087503125e-46
770.375 2.0091234375e-46
770.5 2.0094909375e-46
770.625 2.009878125e-46
770.75 2.0102296875e-46
770.875 2.0106121875e-46
771 2.0109815625e-46
771.125 2.01136875e-46
771.25 2.011755e-46
771.375 2.012165625e-46
771.5 2.012551875e-46
771.625 2.01295125e-46
771.75 2.013342187500001e-46
771.875 2.0136778125e-46
772 2.0140715625e-46
772.125 2.0144653125e-46
772.25 2.0148684375e-46
772.375 2.0152621875e-46
772.5 2.0156671875e-46
772.625 2.0160403125e-46
772.75 2.016440625e-46
772.875 2.0168625e-46
773 2.01726375e-46
773.125 2.0176190625e-46
773.25 2.018041875e-46
773.375 2.01841875e-46
773.5 2.018795625e-46
773.625 2.019196875e-46
773.75 2.0196140625e-46
773.875 2.0199965625e-46
774 2.0203921875e-46
774.125 2.020790625e-46
774.25 2.021158125e-46
774.375 2.0215471875e-46
774.5 2.0219653125e-46
774.625 2.0223609375e-46
774.75 2.0227546875e-46
774.875 2.0231278125e-46
775 2.0234953125e-46
775.125 2.023854375e-46
775.25 2.0242265625e-46
775.375 2.0246203125e-46
775.5 2.0249878125e-46
775.625 2.025384375e-46
775.75 2.0257246875e-46
775.875 2.02609875e-46
776 2.026471875e-46
776.125 2.0268515625e-46
776.25 2.0272078125e-46
776.375 2.02757625e-46
776.5 2.0279484375e-46
776.625 2.028328125e-46
776.75 2.0287190625e-46
776.875 2.0291109375e-46
777 2.0295309375e-46
777.125 2.029921875e-46
777.25 2.030296875e-46
777.375 2.0306953125e-46
777.5 2.031084375e-46
777.625 2.0314715625e-46
777.75 2.031825e-46
777.875 2.0322046875e-46
778 2.0325778125e-46
778.125 2.03295e-46
778.25 2.0333625e-46
778.375 2.033746875e-46
778.5 2.0341096875e-46
778.625 2.0344903125e-46
778.75 2.0348878125e-46
778.875 2.03532e-46
779 2.0356575e-46
779.125 2.036041875e-46
779.25 2.0364703125e-46
779.375 2.0368453125e-46
779.5 2.037204375e-46
779.625 2.037598125e-46
779.75 2.0379890625e-46
779.875 2.0383875e-46
780 2.0387765625e-46
780.125 2.0391590625e-46
780.25 2.0395715625e-46
780.375 2.0399878125e-46
780.5 2.0403675e-46
780.625 2.040751875e-46
780.75 2.0411578125e-46
780.875 2.0415215625e-46
781 2.0418965625e-46
781.125 2.0423015625e-46
781.25 2.0426746875e-46
781.375 2.043046875e-46
781.5 2.0434715625e-46
781.625 2.04383625e-46
781.75 2.0441934375e-46
781.875 2.044575e-46
782 2.0449734375e-46
782.125 2.045326875e-46
782.25 2.0456840625e-46
782.375 2.0460796875e-46
782.5 2.0464640625e-46
782.625 2.0468175e-46
782.75 2.0471746875e-46
782.875 2.0475375e-46
783 2.0479528125e-46
783.125 2.04834375e-46
783.25 2.0487140625e-46
783.375 2.0491265625e-46
783.5 2.049525e-46
783.625 2.0498953125e-46
783.75 2.050245e-46
783.875 2.050584375e-46
784 2.050959375000001e-46
784.125 2.051341875e-46
784.25 2.0517609375e-46
784.375 2.052121875e-46
784.5 2.0525503125e-46
784.625 2.05294875e-46
784.75 2.0533171875e-46
784.875 2.053717500000001e-46
785 2.05408875e-46
785.125 2.054484375e-46
785.25 2.054885625e-46
785.375 2.05525125e-46
785.5 2.0556590625e-46
785.625 2.056014375e-46
785.75 2.056398750000001e-46
785.875 2.0568140625e-46
786 2.0571403125e-46
786.125 2.0575265625e-46
786.25 2.0579175e-46
786.375 2.0583328125e-46
786.5 2.0587425e-46
786.625 2.059115625e-46
786.75 2.05948125e-46
786.875 2.05984875e-46
787 2.06022e-46
787.125 2.06056875e-46
787.25 2.0609465625e-46
787.375 2.06125125e-46
787.5 2.0616590625e-46
787.625 2.062029375e-46
787.75 2.062389375e-46
787.875 2.0627671875e-46
788 2.0631253125e-46
788.125 2.0634871875e-46
788.25 2.0638921875e-46
788.375 2.0642784375e-46
788.5 2.06466375e-46
788.625 2.0650546875e-46
788.75 2.0654203125e-46
788.875 2.0658e-46
789 2.066221875e-46
789.125 2.0665996875e-46
789.25 2.066955e-46
789.375 2.0673871875e-46
789.5 2.0677565625e-46
789.625 2.068171875e-46
789.75 2.06855625e-46
789.875 2.0689434375e-46
790 2.06934375e-46
790.125 2.0697375e-46
790.25 2.0701246875e-46
790.375 2.0704659375e-46
790.5 2.0708325e-46
790.625 2.0712215625e-46
790.75 2.0715515625e-46
790.875 2.0719190625e-46
791 2.0723128125e-46
791.125 2.072716875e-46
791.25 2.073095625e-46
791.375 2.0735203125e-46
791.5 2.073898125e-46
791.625 2.074276875e-46
791.75 2.0746921875e-46
791.875 2.075090625e-46
792 2.07546375e-46
792.125 2.0758940625e-46
792.25 2.0762859375e-46
792.375 2.076676875e-46
792.5 2.0770640625e-46
792.625 2.077464375e-46
792.75 2.0778140625e-46
792.875 2.078184375e-46
793 2.0785171875e-46
793.125 2.078945625e-46
793.25 2.079178125e-46
793.375 2.0795409375e-46
793.5 2.079928125e-46
793.625 2.0802984375e-46
793.75 2.0806828125e-46
793.875 2.081079375e-46
794 2.08146375e-46
794.125 2.08185e-46
794.25 2.0822296875e-46
794.375 2.082628125000001e-46
794.5 2.0829890625e-46
794.625 2.083404375e-46
794.75 2.0837765625e-46
794.875 2.0841515625e-46
795 2.084512500000001e-46
795.125 2.084945625e-46
795.25 2.0853421875e-46
795.375 2.0857453125e-46
795.5 2.0861296875e-46
795.625 2.08651125e-46
795.75 2.086865625000001e-46
795.875 2.08723125e-46
796 2.08757625e-46
796.125 2.08794375e-46
796.25 2.0883046875e-46
796.375 2.0886815625e-46
796.5 2.0890659375e-46
796.625 2.0894184375e-46
796.75 2.0898346875e-46
796.875 2.09020125e-46
797 2.090595e-46
797.125 2.090915625e-46
797.25 2.0913e-46
797.375 2.091691875e-46
797.5 2.092078125000001e-46
797.625 2.092481250000001e-46
797.75 2.0928825e-46
797.875 2.093284687500001e-46
798 2.0936690625e-46
798.125 2.0940159375e-46
798.25 2.0943825e-46
798.375 2.094789375e-46
798.5 2.0951559375e-46
798.625 2.0954840625e-46
798.75 2.0958890625e-46
798.875 2.09622375e-46
799 2.0966671875e-46
799.125 2.097009375e-46
799.25 2.0973909375e-46
799.375 2.09776875e-46
799.5 2.098141875e-46
799.625 2.098501875e-46
799.75 2.0989265625e-46
799.875 2.0993090625e-46
800 2.0997075e-46
800.125 2.1000965625e-46
800.25 2.100478125e-46
800.375 2.1008390625e-46
800.5 2.101198125e-46
800.625 2.101558125e-46
800.75 2.10193875e-46
800.875 2.10228e-46
801 2.1026671875e-46
801.125 2.103075e-46
801.25 2.1034546875e-46
801.375 2.103815625e-46
801.5 2.1041690625e-46
801.625 2.104535625e-46
801.75 2.1049096875e-46
801.875 2.1052528125e-46
802 2.1056109375e-46
802.125 2.1059390625e-46
802.25 2.106290625e-46
802.375 2.1066328125e-46
802.5 2.106975e-46
802.625 2.1073453125e-46
802.75 2.107708125e-46
802.875 2.10807e-46
803 2.108435625e-46
803.125 2.1087909375e-46
803.25 2.1091265625e-46
803.375 2.109478125e-46
803.5 2.109879375e-46
803.625 2.1102375e-46
803.75 2.1105965625e-46
803.875 2.1109903125e-46
804 2.111353125e-46
804.125 2.111739375e-46
804.25 2.112075e-46
804.375 2.112403125e-46
804.5 2.1128090625e-46
804.625 2.1131465625e-46
804.75 2.11355625e-46
804.875 2.1139246875e-46
805 2.1143409375e-46
805.125 2.1147253125e-46
805.25 2.1151190625e-46
805.375 2.115496875e-46
805.5 2.115871875e-46
805.625 2.11626375e-46
805.75 2.1166453125e-46
805.875 2.117015625e-46
806 2.11741125e-46
806.125 2.1177703125e-46
806.25 2.118133125e-46
806.375 2.1184734375e-46
806.5 2.118826875e-46
806.625 2.119198125e-46
806.75 2.1195703125e-46
806.875 2.11996125e-46
807 2.1203203125e-46
807.125 2.1206671875e-46
807.25 2.1210534375e-46
807.375 2.12143125e-46
807.5 2.121801562500001e-46
807.625 2.12218875e-46
807.75 2.1225796875e-46
807.875 2.1229903125e-46
808 2.12338125e-46
808.125 2.123754375e-46
808.25 2.1241078125e-46
808.375 2.1244378125e-46
808.5 2.1248109375e-46
808.625 2.1252028125e-46
808.75 2.1255778125e-46
808.875 2.12596125e-46
809 2.1263484375e-46
809.125 2.1266840625e-46
809.25 2.1270234375e-46
809.375 2.1273909375e-46
809.5 2.127804375e-46
809.625 2.128155e-46
809.75 2.128528125e-46
809.875 2.1288815625e-46
810 2.129229375e-46
810.125 2.1295940625e-46
810.25 2.1299484375e-46
810.375 2.1303403125e-46
810.5 2.13069375e-46
810.625 2.13107625e-46
810.75 2.1315e-46
810.875 2.1318609375e-46
811 2.13222e-46
811.125 2.132578125e-46
811.25 2.1329175e-46
811.375 2.13327e-46
811.5 2.13358875e-46
811.625 2.133890625e-46
811.75 2.13425625e-46
811.875 2.13463125e-46
812 2.1350128125e-46
812.125 2.1353315625e-46
812.25 2.13571875e-46
812.375 2.1361003125e-46
812.5 2.136421875e-46
812.625 2.13685125e-46
812.75 2.13721875e-46
812.875 2.13754875e-46
813 2.1379059375e-46
813.125 2.1382875e-46
813.25 2.13873e-46
813.375 2.139095625e-46
813.5 2.13947625e-46
813.625 2.139860625e-46
813.75 2.1401578125e-46
813.875 2.1404671875e-46
814 2.1409875e-46
814.125 2.1411815625e-46
814.25 2.1415621875e-46
814.375 2.14195125e-46
814.5 2.1423421875e-46
814.625 2.14269375e-46
814.75 2.143070625e-46
814.875 2.143441875e-46
815 2.1438e-46
815.125 2.144195625e-46
815.25 2.1445734375e-46
815.375 2.144929687500001e-46
815.5 2.1453159375e-46
815.625 2.1456421875e-46
815.75 2.145991875e-46
815.875 2.1463875e-46
816 2.146771875e-46
816.125 2.147210625e-46
816.25 2.1475753125e-46
816.375 2.147915625e-46
816.5 2.1482840625e-46
816.625 2.148639375e-46
816.75 2.1490434375e-46
816.875 2.1494109375e-46
817 2.1497390625e-46
817.125 2.150090625e-46
817.25 2.150473125e-46
817.375 2.150868750000001e-46
817.5 2.1512315625e-46
817.625 2.1516046875e-46
817.75 2.1519534375e-46
817.875 2.1523265625e-46
818 2.1526903125e-46
818.125 2.153045625000001e-46
818.25 2.1534515625e-46
818.375 2.15378625e-46
818.5 2.154121875000001e-46
818.625 2.15449875e-46
818.75 2.1548690625e-46
818.875 2.155246875e-46
819 2.1556546875e-46
819.125 2.15601375e-46
819.25 2.1563653125e-46
819.375 2.15680125e-46
819.5 2.157131250000001e-46
819.625 2.157523125e-46
819.75 2.15787375e-46
819.875 2.1582703125e-46
820 2.158640625e-46
820.125 2.159025e-46
820.25 2.1593953125e-46
820.375 2.159735625e-46
820.5 2.16008625e-46
820.625 2.1604715625e-46
820.75 2.1608325e-46
820.875 2.161179375e-46
821 2.1615046875e-46
821.125 2.1618984375e-46
821.25 2.16225e-46
821.375 2.162655e-46
821.5 2.1630515625e-46
821.625 2.1633825e-46
821.75 2.163759375e-46
821.875 2.1641184375e-46
822 2.164455e-46
822.125 2.1648234375e-46
822.25 2.1652078125e-46
822.375 2.1655171875e-46
822.5 2.1658359375e-46
822.625 2.1661546875e-46
822.75 2.1665109375e-46
822.875 2.1668278125e-46
823 2.1672159375e-46
823.125 2.167575e-46
823.25 2.1679846875e-46
823.375 2.168371875e-46
823.5 2.1687515625e-46
823.625 2.169054375e-46
823.75 2.169409687500001e-46
823.875 2.1697903125e-46
824 2.170190625e-46
824.125 2.170528125e-46
824.25 2.170835625e-46
824.375 2.1711253125e-46
824.5 2.171473125e-46
824.625 2.171789062500001e-46
824.75 2.172129375e-46
824.875 2.172459375e-46
825 2.1728015625e-46
825.125 2.173201875e-46
825.25 2.17356375e-46
825.375 2.1739453125e-46
825.5 2.174341875e-46
825.625 2.1746746875e-46
825.75 2.174964375e-46
825.875 2.1753328125e-46
826 2.175710625e-46
826.125 2.176017187500001e-46
826.25 2.1764015625e-46
826.375 2.1767690625e-46
826.5 2.1770653125e-46
826.625 2.17752e-46
826.75 2.1777609375e-46
826.875 2.1781659375e-46
827 2.17846125e-46
827.125 2.178885937500001e-46
827.25 2.179284375000001e-46
827.375 2.179640625e-46
827.5 2.1800090625e-46
827.625 2.1804e-46
827.75 2.18074875e-46
827.875 2.181045e-46
828 2.181346875e-46
828.125 2.1816796875e-46
828.25 2.182051875e-46
828.375 2.18244375e-46
828.5 2.182809375e-46
828.625 2.1831534375e-46
828.75 2.183495625e-46
828.875 2.18386875e-46
829 2.18425125e-46
829.125 2.1845296875e-46
829.25 2.1848484375e-46
829.375 2.18517e-46
829.5 2.1855253125e-46
829.625 2.1858796875e-46
829.75 2.1862059375e-46
829.875 2.1865340625e-46
830 2.18689875e-46
830.125 2.1872203125e-46
830.25 2.1875840625e-46
830.375 2.18796375e-46
830.5 2.188305000000001e-46
830.625 2.1886875e-46
830.75 2.1891140625e-46
830.875 2.189446875e-46
831 2.1898575e-46
831.125 2.1901903125e-46
831.25 2.1905746875e-46
831.375 2.1909684375e-46
831.5 2.1913340625e-46
831.625 2.191666875e-46
831.75 2.1920315625e-46
831.875 2.192390625e-46
832 2.1927534375e-46
832.125 2.193076875e-46
832.25 2.19343125e-46
832.375 2.19378e-46
832.5 2.19410625e-46
832.625 2.194520625e-46
832.75 2.1948703125e-46
832.875 2.19525e-46
833 2.1956690625e-46
833.125 2.1960609375e-46
833.25 2.196370312500001e-46
833.375 2.196703125e-46
833.5 2.19706875e-46
833.625 2.19736125e-46
833.75 2.19767625e-46
833.875 2.1980465625e-46
834 2.1984046875e-46
834.125 2.1987028125e-46
834.25 2.199046875e-46
834.375 2.1993796875e-46
834.5 2.1997359375e-46
834.625 2.200059375e-46
834.75 2.2004184375e-46
834.875 2.2007934375e-46
835 2.2011703125e-46
835.125 2.2014496875e-46
835.25 2.201795625e-46
835.375 2.2021359375e-46
835.5 2.2025128125e-46
835.625 2.202823125e-46
835.75 2.20315125e-46
835.875 2.2034878125e-46
836 2.203875e-46
836.125 2.2042640625e-46
836.25 2.20459875e-46
836.375 2.2049953125e-46
836.5 2.205315937500001e-46
836.625 2.2057078125e-46
836.75 2.2060546875e-46
836.875 2.2063996875e-46
837 2.2067296875e-46
837.125 2.20707e-46
837.25 2.20741125e-46
837.375 2.207770312500001e-46
837.5 2.2080815625e-46
837.625 2.2084359375e-46
837.75 2.208745312500001e-46
837.875 2.2091034375e-46
838 2.2094090625e-46
838.125 2.2097484375e-46
838.25 2.210090625e-46
838.375 2.210409375e-46
838.5 2.2107684375e-46
838.625 2.2111921875e-46
838.75 2.211541875e-46
838.875 2.2118971875e-46
839 2.212260937500001e-46
839.125 2.212546875e-46
839.25 2.2129171875e-46
839.375 2.21326875e-46
839.5 2.21365125e-46
839.625 2.21398125e-46
839.75 2.2143421875e-46
839.875 2.2146965625e-46
840 2.215051875e-46
840.125 2.21535e-46
840.25 2.2156734375e-46
840.375 2.21607375e-46
840.5 2.216428125e-46
840.625 2.2167825e-46
840.75 2.2171575e-46
840.875 2.2174565625e-46
841 2.217714375e-46
841.125 2.2180125e-46
841.25 2.218359375e-46
841.375 2.21869875e-46
841.5 2.2190953125e-46
841.625 2.219454375e-46
841.75 2.2197984375e-46
841.875 2.2200984375e-46
842 2.22036375e-46
842.125 2.22076125e-46
842.25 2.2211128125e-46
842.375 2.221434375e-46
842.5 2.221745625e-46
842.625 2.222053125e-46
842.75 2.2224065625e-46
842.875 2.2227159375e-46
843 2.223058125e-46
843.125 2.2233515625e-46
843.25 2.2236890625e-46
843.375 2.223965625e-46
843.5 2.2243434375e-46
843.625 2.22466875e-46
843.75 2.2250128125e-46
843.875 2.2253953125e-46
844 2.225784375e-46
844.125 2.22609375e-46
844.25 2.226451875e-46
844.375 2.2267846875e-46
844.5 2.2271184375e-46
844.625 2.22748125e-46
844.75 2.227820625e-46
844.875 2.22814875e-46
845 2.2284815625e-46
845.125 2.2287684375e-46
845.25 2.2290309375e-46
845.375 2.2293609375e-46
845.5 2.229740625e-46
845.625 2.2300575e-46
845.75 2.230453125e-46
845.875 2.2308e-46
846 2.231125312500001e-46
846.125 2.2314215625e-46
846.25 2.231746875e-46
846.375 2.2320825e-46
846.5 2.2324378125e-46
846.625 2.2327734375e-46
846.75 2.2331034375e-46
846.875 2.233403437500001e-46
847 2.2337109375e-46
847.125 2.234025e-46
847.25 2.23433625e-46
847.375 2.2347046875e-46
847.5 2.23504875e-46
847.625 2.2354125e-46
847.75 2.2357753125e-46
847.875 2.2361296875e-46
848 2.2364625e-46
848.125 2.236865625e-46
848.25 2.237023125e-46
848.375 2.237387812500001e-46
848.5 2.2377496875e-46
848.625 2.2381640625e-46
848.75 2.238534375e-46
848.875 2.238834375e-46
849 2.2391690625e-46
849.125 2.2395234375e-46
849.25 2.2397925e-46
849.375 2.240090625000001e-46
849.5 2.240383125e-46
849.625 2.24073e-46
849.75 2.2411190625e-46
849.875 2.2414575e-46
850 2.2417921875e-46
850.125 2.2421203125e-46
850.25 2.2425215625e-46
850.375 2.242858125e-46
850.5 2.2431609375e-46
850.625 2.243473125e-46
850.75 2.243885625e-46
850.875 2.24449875e-46
851 2.2444471875e-46
851.125 2.244770625e-46
851.25 2.2450434375e-46
851.375 2.245385625e-46
851.5 2.2456640625e-46
851.625 2.2460184375e-46
851.75 2.246326875e-46
851.875 2.2466765625e-46
852 2.2469953125e-46
852.125 2.2472746875e-46
852.25 2.247609375e-46
852.375 2.2479965625e-46
852.5 2.24837625e-46
852.625 2.24868e-46
852.75 2.2489715625e-46
852.875 2.249270625e-46
853 2.2496503125e-46
853.125 2.249953125e-46
853.25 2.25031875e-46
853.375 2.2506075e-46
853.5 2.25099375e-46
853.625 2.2513809375e-46
853.75 2.2517203125e-46
853.875 2.252055e-46
854 2.2523925e-46
854.125 2.2527065625e-46
854.25 2.253196875e-46
854.375 2.2534940625e-46
854.5 2.2537246875e-46
854.625 2.2540621875e-46
854.75 2.2545328125e-46
854.875 2.2546875e-46
855 2.254959375e-46
855.125 2.2552875e-46
855.25 2.2555284375e-46
855.375 2.2558575e-46
855.5 2.25613875e-46
855.625 2.2564378125e-46
855.75 2.25676125e-46
855.875 2.256975e-46
856 2.257303125e-46
856.125 2.257629375e-46
856.25 2.25795e-46
856.375 2.2583203125e-46
856.5 2.2586315625e-46
856.625 2.25898125e-46
856.75 2.2592765625e-46
856.875 2.2595503125e-46
857 2.25991875e-46
857.125 2.26021875e-46
857.25 2.2605590625e-46
857.375 2.2609059375e-46
857.5 2.261247187500001e-46
857.625 2.2615828125e-46
857.75 2.2619859375e-46
857.875 2.2623e-46
858 2.262576562500001e-46
858.125 2.26291875e-46
858.25 2.2632328125e-46
858.375 2.2635609375e-46
858.5 2.263945312500001e-46
858.625 2.2642125e-46
858.75 2.2645246875e-46
858.875 2.2649203125e-46
859 2.265309375e-46
859.125 2.265656250000001e-46
859.25 2.2659909375e-46
859.375 2.266333125e-46
859.5 2.2666171875e-46
859.625 2.26698e-46
859.75 2.2672828125e-46
859.875 2.267615625e-46
860 2.2679203125e-46
860.125 2.2682175e-46
860.25 2.2685278125e-46
860.375 2.2688325e-46
860.5 2.2691184375e-46
860.625 2.2693715625e-46
860.75 2.2696996875e-46
860.875 2.2701675e-46
861 2.2705246875e-46
861.125 2.2708640625e-46
861.25 2.271065625e-46
861.375 2.2713234375e-46
861.5 2.2715578125e-46
861.625 2.2718390625e-46
861.75 2.2721015625e-46
861.875 2.2724184375e-46
862 2.2727578125e-46
862.125 2.2730953125e-46
862.25 2.2733625e-46
862.375 2.27363625e-46
862.5 2.273964375e-46
862.625 2.2743534375e-46
862.75 2.2746234375e-46
862.875 2.274898125e-46
863 2.275265625e-46
863.125 2.2756125e-46
863.25 2.275865625e-46
863.375 2.276176875e-46
863.5 2.276409375e-46
863.625 2.276728125000001e-46
863.75 2.277028125e-46
863.875 2.277226875e-46
864 2.2775203125e-46
864.125 2.2778034375e-46
864.25 2.2781109375e-46
864.375 2.2784184375e-46
864.5 2.2788328125e-46
864.625 2.27900625e-46
864.75 2.2793296875e-46
864.875 2.279592187500001e-46
865 2.279934375e-46
865.125 2.280178125e-46
865.25 2.2804265625e-46
865.375 2.2806965625e-46
865.5 2.28098625e-46
865.625 2.2813190625e-46
865.75 2.28162e-46
865.875 2.281945312500001e-46
866 2.28220125e-46
866.125 2.2824796875e-46
866.25 2.282784375e-46
866.375 2.282971875e-46
866.5 2.2832390625e-46
866.625 2.2835578125e-46
866.75 2.2839159375e-46
866.875 2.284134375e-46
867 2.284415625e-46
867.125 2.28475125e-46
867.25 2.2850765625e-46
867.375 2.285495625e-46
867.5 2.2858284375e-46
867.625 2.286028125e-46
867.75 2.28616875e-46
867.875 2.286525e-46
868 2.2866984375e-46
868.125 2.286928125e-46
868.25 2.2871878125e-46
868.375 2.2874278125e-46
868.5 2.287651875e-46
868.625 2.2879434375e-46
868.75 2.2882715625e-46
868.875 2.2883625e-46
869 2.2886653125e-46
869.125 2.28894375e-46
869.25 2.2893028125e-46
869.375 2.2895559375e-46
869.5 2.289764062500001e-46
869.625 2.2899984375e-46
869.75 2.2902628125e-46
869.875 2.29048125e-46
870 2.29074375e-46
870.125 2.290959375e-46
870.25 2.2911515625e-46
870.375 2.2913184375e-46
870.5 2.2915265625e-46
870.625 2.291758125e-46
870.75 2.2919390625e-46
870.875 2.292140625e-46
871 2.292346875e-46
871.125 2.2925625e-46
871.25 2.292825e-46
871.375 2.2930715625e-46
871.5 2.293183125e-46
871.625 2.2933940625e-46
871.75 2.293621875e-46
871.875 2.2938703125e-46
872 2.2940559375e-46
872.125 2.2942546875e-46
872.25 2.294409375e-46
872.375 2.2945246875e-46
872.5 2.29468125e-46
872.625 2.29486875e-46
872.75 2.2950065625e-46
872.875 2.295196875e-46
873 2.295405e-46
873.125 2.295646875e-46
873.25 2.2959065625e-46
873.375 2.2961371875e-46
873.5 2.296370625e-46
873.625 2.2964765625e-46
873.75 2.29665e-46
873.875 2.2967953125e-46
874 2.29696125e-46
874.125 2.297071875e-46
874.25 2.2971515625e-46
874.375 2.297233125e-46
874.5 2.297278125e-46
874.625 2.29726875e-46
874.75 2.2973690625e-46
874.875 2.2973625e-46
875 2.29753125e-46
875.125 2.29767375e-46
875.25 2.297758125e-46
875.375 2.297859375e-46
875.5 2.298215625e-46
875.625 2.324664375e-46
875.75 2.32918875e-46
875.875 2.329573125e-46
876 2.330428125e-46
876.125 2.3311078125e-46
876.25 2.33127e-46
876.375 2.3316028125e-46
876.5 2.3317828125e-46
876.625 2.332159687500001e-46
876.75 2.332426875e-46
876.875 2.3326190625e-46
877 2.3328609375e-46
877.125 2.3329059375e-46
877.25 2.333154375e-46
877.375 2.3334721875e-46
877.5 2.333640937500001e-46
877.625 2.333821875e-46
877.75 2.334070312500001e-46
877.875 2.3342184375e-46
878 2.3343984375e-46
878.125 2.3345175e-46
878.25 2.334804375e-46
878.375 2.3351034375e-46
878.5 2.3351765625e-46
878.625 2.33535e-46
878.75 2.33562375e-46
878.875 2.335665937500001e-46
879 2.3358140625e-46
879.125 2.335820625e-46
879.25 2.33581875e-46
879.375 2.335828125e-46
879.5 2.33578875e-46
879.625 2.3356734375e-46
879.75 2.3355375e-46
879.875 2.3355684375e-46
880 2.335584375e-46
880.125 2.335605e-46
880.25 2.3355375e-46
880.375 2.335378125e-46
880.5 2.3352328125e-46
880.625 2.335171875e-46
880.75 2.33505e-46
880.875 2.3350753125e-46
881 2.33506875e-46
881.125 2.33458875e-46
881.25 2.334375e-46
881.375 2.3342409375e-46
881.5 2.33402625e-46
881.625 2.33368875e-46
881.75 2.3333109375e-46
881.875 2.3329359375e-46
882 2.3326171875e-46
882.125 2.3322684375e-46
882.25 2.33188125e-46
882.375 2.3314246875e-46
882.5 2.331034687500001e-46
882.625 2.330559375000001e-46
882.75 2.3300203125e-46
882.875 2.329516875e-46
883 2.3290528125e-46
883.125 2.328616875e-46
883.25 2.328114375e-46
883.375 2.3274628125e-46
883.5 2.32699875e-46
883.625 2.3265309375e-46
883.75 2.325958125e-46
883.875 2.3252765625e-46
884 2.324615625000001e-46
884.125 2.3237953125e-46
884.25 2.32310625e-46
884.375 2.322311250000001e-46
884.5 2.32159875e-46
884.625 2.3208675e-46
884.75 2.3201625e-46
884.875 2.3192690625e-46
885 2.31831375e-46
885.125 2.31748125e-46
885.25 2.316639375e-46
885.375 2.3157909375e-46
885.5 2.31493125e-46
885.625 2.31398625e-46
885.75 2.312962500000001e-46
885.875 2.31186375e-46
886 2.310855e-46
886.125 2.309773125e-46
886.25 2.3087109375e-46
886.375 2.3076309375e-46
886.5 2.3064e-46
886.625 2.305198125e-46
886.75 2.303990625e-46
886.875 2.302720312500001e-46
887 2.301495e-46
887.125 2.300116875e-46
887.25 2.298748125e-46
887.375 2.2973325e-46
887.5 2.2958296875e-46
887.625 2.2944984375e-46
887.75 2.293051875e-46
887.875 2.2917046875e-46
888 2.2900425e-46
888.125 2.2884815625e-46
888.25 2.2869e-46
888.375 2.2851815625e-46
888.5 2.283440625e-46
888.625 2.281696875e-46
888.75 2.279896875e-46
888.875 2.27810625e-46
889 2.27638875e-46
889.125 2.2744734375e-46
889.25 2.2725075e-46
889.375 2.2707065625e-46
889.5 2.2689075e-46
889.625 2.2670109375e-46
889.75 2.265105e-46
889.875 2.262946875e-46
890 2.26096875e-46
890.125 2.2586503125e-46
890.25 2.2565625e-46
890.375 2.254276875e-46
890.5 2.252203125e-46
890.625 2.2499371875e-46
890.75 2.2474940625e-46
890.875 2.2452234375e-46
891 2.2430390625e-46
891.125 2.240664375e-46
891.25 2.238367500000001e-46
891.375 2.2359140625e-46
891.5 2.23329375e-46
891.625 2.230828125e-46
891.75 2.228259375e-46
891.875 2.22560625e-46
892 2.2230965625e-46
892.125 2.220525e-46
892.25 2.2177190625e-46
892.375 2.2149496875e-46
892.5 2.21240625e-46
892.625 2.209895625e-46
892.75 2.2069809375e-46
892.875 2.204139375e-46
893 2.201345625e-46
893.125 2.1985003125e-46
893.25 2.195728125e-46
893.375 2.192634375e-46
893.5 2.18968125e-46
893.625 2.186559375e-46
893.75 2.1833840625e-46
893.875 2.1802425e-46
894 2.177090625e-46
894.125 2.1738609375e-46
894.25 2.170554375e-46
894.375 2.167284375e-46
894.5 2.164096875e-46
894.625 2.160815625e-46
894.75 2.157579375e-46
894.875 2.154046875e-46
895 2.1506934375e-46
895.125 2.14726125e-46
895.25 2.1437203125e-46
895.375 2.1402e-46
895.5 2.1368765625e-46
895.625 2.133276562500001e-46
895.75 2.1295425e-46
895.875 2.1261534375e-46
896 2.12265e-46
896.125 2.118673125e-46
896.25 2.115046875e-46
896.375 2.11114875e-46
896.5 2.1070425e-46
896.625 2.102953125e-46
896.75 2.0989546875e-46
896.875 2.094906562500001e-46
897 2.0908171875e-46
897.125 2.08681875e-46
897.25 2.0827265625e-46
897.375 2.078648437500001e-46
897.5 2.0745403125e-46
897.625 2.0702784375e-46
897.75 2.0659265625e-46
897.875 2.06176125e-46
898 2.0576671875e-46
898.125 2.0533921875e-46
898.25 2.0490515625e-46
898.375 2.0446359375e-46
898.5 2.040084375e-46
898.625 2.0356453125e-46
898.75 2.0312596875e-46
898.875 2.026715625e-46
899 2.0226028125e-46
899.125 2.01759375e-46
899.25 2.0131171875e-46
899.375 2.0085721875e-46
899.5 2.0040721875e-46
899.625 1.999633125e-46
899.75 1.995084375e-46
899.875 1.9905234375e-46
900 1.9856390625e-46
900.125 1.9810078125e-46
900.25 1.97638875e-46
900.375 1.9716515625e-46
900.5 1.966846875e-46
900.625 1.9621153125e-46
900.75 1.9575140625e-46
900.875 1.95282e-46
901 1.9482046875e-46
901.125 1.9435265625e-46
901.25 1.9385859375e-46
901.375 1.9337184375e-46
901.5 1.9289859375e-46
901.625 1.9240828125e-46
901.75 1.9190128125e-46
901.875 1.914110625e-46
902 1.9091015625e-46
902.125 1.9043390625e-46
902.25 1.8997078125e-46
902.375 1.89483e-46
902.5 1.8902465625e-46
902.625 1.8853640625e-46
902.75 1.880475e-46
902.875 1.875571875e-46
903 1.87084875e-46
903.125 1.865941875e-46
903.25 1.8612721875e-46
903.375 1.8563953125e-46
903.5 1.8515371875e-46
903.625 1.8467559375e-46
903.75 1.842084375e-46
903.875 1.8370528125e-46
904 1.8319828125e-46
904.125 1.8272109375e-46
904.25 1.82252625e-46
904.375 1.817476875e-46
904.5 1.8126675e-46
904.625 1.807846875000001e-46
904.75 1.802859375e-46
904.875 1.7980903125e-46
905 1.7931721875e-46
905.125 1.78839375e-46
905.25 1.7837784375e-46
905.375 1.77905625e-46
905.5 1.7742421875e-46
905.625 1.7694984375e-46
905.75 1.764672187500001e-46
905.875 1.7597671875e-46
906 1.7548171875e-46
906.125 1.7499796875e-46
906.25 1.7452171875e-46
906.375 1.74057375e-46
906.5 1.73562375e-46
906.625 1.7309925e-46
906.75 1.7262684375e-46
906.875 1.7214065625e-46
907 1.7165315625e-46
907.125 1.711820625e-46
907.25 1.707133125e-46
907.375 1.702340625e-46
907.5 1.697896875e-46
907.625 1.69333875e-46
907.75 1.6885828125e-46
907.875 1.6838371875e-46
908 1.6794346875e-46
908.125 1.6750003125e-46
908.25 1.6706653125e-46
908.375 1.6662234375e-46
908.5 1.6611253125e-46
908.625 1.6568203125e-46
908.75 1.6525096875e-46
908.875 1.647804375e-46
909 1.6434e-46
909.125 1.639089375e-46
909.25 1.6351903125e-46
909.375 1.6306471875e-46
909.5 1.6264575e-46
909.625 1.6221328125e-46
909.75 1.6179421875e-46
909.875 1.613878125e-46
910 1.6099359375e-46
910.125 1.6056590625e-46
910.25 1.6018171875e-46
910.375 1.597755e-46
910.5 1.593825e-46
910.625 1.59006375e-46
910.75 1.58648625e-46
910.875 1.582696875e-46
911 1.5791090625e-46
911.125 1.57545e-46
911.25 1.5719484375e-46
911.375 1.5686034375e-46
911.5 1.56493875e-46
911.625 1.5617175e-46
911.75 1.5585909375e-46
911.875 1.5554625e-46
912 1.55253e-46
912.125 1.55028e-46
912.25 1.5468234375e-46
912.375 1.5434315625e-46
912.5 1.540415625e-46
912.625 1.5372965625e-46
912.75 1.534659375e-46
912.875 1.5321328125e-46
913 1.5292659375e-46
913.125 1.526758125e-46
913.25 1.52409375e-46
913.375 1.5215690625e-46
913.5 1.5191484375e-46
913.625 1.5170203125e-46
913.75 1.51491375e-46
913.875 1.512628125e-46
914 1.5102346875e-46
914.125 1.507989375e-46
914.25 1.5063159375e-46
914.375 1.5042675e-46
914.5 1.5023653125e-46
914.625 1.500226875e-46
914.75 1.4984625e-46
914.875 1.4966859375e-46
915 1.494946875e-46
915.125 1.4931909375e-46
915.25 1.4911246875e-46
915.375 1.4893734375e-46
915.5 1.487641875e-46
915.625 1.4861746875e-46
915.75 1.484908125e-46
915.875 1.4837859375e-46
916 1.482658125e-46
916.125 1.4816465625e-46
916.25 1.4806096875e-46
916.375 1.4796909375e-46
916.5 1.4788828125e-46
916.625 1.4780765625e-46
916.75 1.477359375e-46
916.875 1.4769496875e-46
917 1.4763871875e-46
917.125 1.4761621875e-46
917.25 1.475859375e-46
917.375 1.475510625e-46
917.5 1.47527625e-46
917.625 1.4748796875e-46
917.75 1.47493125e-46
917.875 1.474498125e-46
918 1.4745703125e-46
918.125 1.4747390625e-46
918.25 1.4750296875e-46
918.375 1.47538875e-46
918.5 1.475641875e-46
918.625 1.4761715625e-46
918.75 1.4766609375e-46
918.875 1.47721875e-46
919 1.4780765625e-46
919.125 1.4788734375e-46
919.25 1.479365625e-46
919.375 1.480404375e-46
919.5 1.4814121875e-46
919.625 1.48253625e-46
919.75 1.483846875e-46
919.875 1.485264375e-46
920 1.4866378125e-46
920.125 1.4878996875e-46
920.25 1.48963125e-46
920.375 1.491264375e-46
920.5 1.49307e-46
920.625 1.495115625e-46
920.75 1.4975465625e-46
920.875 1.499754375e-46
921 1.50189375e-46
921.125 1.50441375e-46
921.25 1.5066534375e-46
921.375 1.50927e-46
921.5 1.5117871875e-46
921.625 1.5146625e-46
921.75 1.517491875e-46
921.875 1.5205378125e-46
922 1.523746875e-46
922.125 1.5270796875e-46
922.25 1.53035625e-46
922.375 1.5337434375e-46
922.5 1.5373059375e-46
922.625 1.5411703125e-46
922.75 1.5448246875e-46
922.875 1.54869375e-46
923 1.5526875e-46
923.125 1.55685e-46
923.25 1.5614765625e-46
923.375 1.56613125e-46
923.5 1.5707221875e-46
923.625 1.5755840625e-46
923.75 1.580445e-46
923.875 1.5855871875e-46
924 1.59091875e-46
924.125 1.5963046875e-46
924.25 1.601934375e-46
924.375 1.6076278125e-46
924.5 1.6136315625e-46
924.625 1.61952375e-46
924.75 1.6256109375e-46
924.875 1.63188e-46
925 1.638478125e-46
925.125 1.6452375e-46
925.25 1.6516003125e-46
925.375 1.6583371875e-46
925.5 1.6650328125e-46
925.625 1.67205e-46
925.75 1.6794421875e-46
925.875 1.6868465625e-46
926 1.6944684375e-46
926.125 1.7019796875e-46
926.25 1.7095359375e-46
926.375 1.7173246875e-46
926.5 1.7254546875e-46
926.625 1.733908125e-46
926.75 1.7423784375e-46
926.875 1.7510015625e-46
927 1.7596921875e-46
927.125 1.7685796875e-46
927.25 1.777828125e-46
927.375 1.78682625e-46
927.5 1.795959375e-46
927.625 1.80515625e-46
927.75 1.81467375e-46
927.875 1.8244715625e-46
928 1.8341371875e-46
928.125 1.844071875e-46
928.25 1.85401875e-46
928.375 1.86406125e-46
928.5 1.8745903125e-46
928.625 1.88488125e-46
928.75 1.8954909375e-46
928.875 1.906098750000001e-46
929 1.9169109375e-46
929.125 1.9280015625e-46
929.25 1.938946875e-46
929.375 1.9499390625e-46
929.5 1.9615359375e-46
929.625 1.9732546875e-46
929.75 1.9849359375e-46
929.875 1.9967390625e-46
930 2.0088703125e-46
930.125 2.0208815625e-46
930.25 2.03290125e-46
930.375 2.0453409375e-46
930.5 2.057983125e-46
930.625 2.070733125000001e-46
930.75 2.083935937500001e-46
930.875 2.09698875e-46
931 2.110153125e-46
931.125 2.123671875e-46
931.25 2.1370453125e-46
931.375 2.1504215625e-46
931.5 2.164298437500001e-46
931.625 2.178151875e-46
931.75 2.192381250000001e-46
931.875 2.20695e-46
932 2.2214390625e-46
932.125 2.2360434375e-46
932.25 2.2506590625e-46
932.375 2.2654575e-46
932.5 2.280637500000001e-46
932.625 2.2959140625e-46
932.75 2.3112825e-46
932.875 2.3263471875e-46
933 2.332123125e-46
933.125 2.33511375e-46
933.25 2.3373515625e-46
933.375 2.339315625e-46
933.5 2.3410434375e-46
933.625 2.3427909375e-46
933.75 2.3445234375e-46
933.875 2.346187500000001e-46
934 2.347734375e-46
934.125 2.3495859375e-46
934.25 2.3514140625e-46
934.375 2.353265625e-46
934.5 2.355140625e-46
934.625 2.3570859375e-46
934.75 2.3591015625e-46
934.875 2.3611640625e-46
935 2.363203125000001e-46
935.125 2.365078125e-46
935.25 2.3670234375e-46
935.375 2.3688515625e-46
935.5 2.37084375e-46
935.625 2.372859375e-46
935.75 2.3746875e-46
935.875 2.37684375e-46
936 2.3786484375e-46
936.125 2.3805234375e-46
936.25 2.382609375e-46
936.375 2.3844609375e-46
936.5 2.3865703125e-46
936.625 2.3887265625e-46
936.75 2.3904375e-46
936.875 2.392593750000001e-46
937 2.3948671875e-46
937.125 2.3968828125e-46
937.25 2.398875e-46
937.375 2.4007734375e-46
937.5 2.4028359375e-46
937.625 2.4047578125e-46
937.75 2.40703125e-46
937.875 2.409281250000001e-46
938 2.41134375e-46
938.125 2.413453125000001e-46
938.25 2.4153984375e-46
938.375 2.4174140625e-46
938.5 2.4193125e-46
938.625 2.42109375e-46
938.75 2.42315625e-46
938.875 2.425125e-46
939 2.4270234375e-46
939.125 2.4290859375e-46
939.25 2.431078125e-46
939.375 2.43290625e-46
939.5 2.4348984375e-46
939.625 2.4369375e-46
939.75 2.4388828125e-46
939.875 2.44078125e-46
940 2.4427265625e-46
940.125 2.4446953125e-46
940.25 2.4466171875e-46
940.375 2.448515625e-46
940.5 2.4504609375e-46
940.625 2.45240625e-46
940.75 2.454375e-46
940.875 2.456296875e-46
941 2.45803125e-46
941.125 2.4598125e-46
941.25 2.461640625e-46
941.375 2.463515625000001e-46
941.5 2.4654140625e-46
941.625 2.46721875e-46
941.75 2.4689296875e-46
941.875 2.4705e-46
942 2.4721640625e-46
942.125 2.4738046875e-46
942.25 2.475375e-46
942.375 2.4769921875e-46
942.5 2.4786328125e-46
942.625 2.4799921875e-46
942.75 2.4816328125e-46
942.875 2.4830390625e-46
943 2.4844921875e-46
943.125 2.4858046875e-46
943.25 2.48709375e-46
943.375 2.4885234375e-46
943.5 2.4898828125e-46
943.625 2.491171875e-46
943.75 2.492484375e-46
943.875 2.4939140625e-46
944 2.495109375e-46
944.125 2.496375e-46
944.25 2.4976640625e-46
944.375 2.49871875e-46
944.5 2.4999609375e-46
944.625 2.5010859375e-46
944.75 2.502234375e-46
944.875 2.5033828125e-46
945 2.5044140625e-46
945.125 2.5053984375e-46
945.25 2.5065234375e-46
945.375 2.5075546875e-46
945.5 2.5084453125e-46
945.625 2.5094296875e-46
945.75 2.5102734375e-46
945.875 2.511e-46
946 2.511796875000001e-46
946.125 2.5126640625e-46
946.25 2.5134609375e-46
946.375 2.5143046875e-46
946.5 2.5150078125e-46
946.625 2.5156875e-46
946.75 2.5162734375e-46
946.875 2.5170234375e-46
947 2.5175625e-46
947.125 2.5181484375e-46
947.25 2.518710937500001e-46
947.375 2.5193203125e-46
947.5 2.5198828125e-46
947.625 2.5203046875e-46
947.75 2.5207265625e-46
947.875 2.5212890625e-46
948 2.5216640625e-46
948.125 2.521921875e-46
948.25 2.5221796875e-46
948.375 2.522390625e-46
948.5 2.522578125e-46
948.625 2.52271875e-46
948.75 2.5227421875e-46
948.875 2.52271875e-46
949 2.5227890625e-46
949.125 2.5227890625e-46
949.25 2.5227421875e-46
949.375 2.522578125e-46
949.5 2.52253125e-46
949.625 2.5224140625e-46
949.75 2.5223203125e-46
949.875 2.5221796875e-46
950 2.5220390625e-46
950.125 2.52178125e-46
950.25 2.521453125e-46
950.375 2.5210546875e-46
950.5 2.520609375e-46
950.625 2.520140625e-46
950.75 2.519695312500001e-46
950.875 2.519203125e-46
951 2.518640625000001e-46
951.125 2.517984375e-46
951.25 2.5173046875e-46
951.375 2.5166015625e-46
951.5 2.5158984375e-46
951.625 2.5151953125e-46
951.75 2.514421875e-46
951.875 2.5135546875e-46
952 2.512781250000001e-46
952.125 2.5119140625e-46
952.25 2.511e-46
952.375 2.50996875e-46
952.5 2.508937500000001e-46
952.625 2.5079296875e-46
952.75 2.5068984375e-46
952.875 2.5058203125e-46
953 2.5047421875e-46
953.125 2.503640625e-46
953.25 2.5023984375e-46
953.375 2.501109375e-46
953.5 2.499820312500001e-46
953.625 2.4986015625e-46
953.75 2.4972421875e-46
953.875 2.495859375e-46
954 2.4944765625e-46
954.125 2.4930703125e-46
954.25 2.4914765625e-46
954.375 2.4899296875e-46
954.5 2.4883828125e-46
954.625 2.4867421875e-46
954.75 2.48503125e-46
954.875 2.48325e-46
955 2.481515625e-46
955.125 2.4797578125e-46
955.25 2.477953125e-46
955.375 2.4760546875e-46
955.5 2.47415625e-46
955.625 2.4722109375e-46
955.75 2.4701953125e-46
955.875 2.46825e-46
956 2.4662109375e-46
956.125 2.4641015625e-46
956.25 2.4619921875e-46
956.375 2.4598359375e-46
956.5 2.457609375e-46
956.625 2.45521875e-46
956.75 2.4530390625e-46
956.875 2.4507890625e-46
957 2.4484921875e-46
957.125 2.44603125e-46
957.25 2.443312500000001e-46
957.375 2.44078125e-46
957.5 2.43825e-46
957.625 2.4356953125e-46
957.75 2.4331640625e-46
957.875 2.4305859375e-46
958 2.4280078125e-46
958.125 2.4253125e-46
958.25 2.422734375e-46
958.375 2.420015625e-46
958.5 2.4172265625e-46
958.625 2.41453125e-46
958.75 2.411625e-46
958.875 2.4088125e-46
959 2.406046875e-46
959.125 2.4031875e-46
959.25 2.40028125e-46
959.375 2.39746875e-46
959.5 2.3945625e-46
959.625 2.391421875e-46
959.75 2.3884453125e-46
959.875 2.3853046875e-46
960 2.3820703125e-46
960.125 2.3788125e-46
960.25 2.3756015625e-46
960.375 2.372578125e-46
960.5 2.3693671875e-46
960.625 2.3660859375e-46
960.75 2.3627109375e-46
960.875 2.3593359375e-46
961 2.3559140625e-46
961.125 2.352515625e-46
961.25 2.3491640625e-46
961.375 2.345765625e-46
961.5 2.342139375e-46
961.625 2.3387296875e-46
961.75 2.335120312500001e-46
961.875 2.33138625e-46
962 2.3277253125e-46
962.125 2.3239546875e-46
962.25 2.3202140625e-46
962.375 2.3165034375e-46
962.5 2.31290625e-46
962.625 2.3091609375e-46
962.75 2.30536875e-46
962.875 2.3015765625e-46
963 2.297923125e-46
963.125 2.294191875e-46
963.25 2.290415625000001e-46
963.375 2.2867575e-46
963.5 2.2828846875e-46
963.625 2.2789340625e-46
963.75 2.2749984375e-46
963.875 2.2709859375e-46
964 2.26700625e-46
964.125 2.2629871875e-46
964.25 2.2590121875e-46
964.375 2.2549190625e-46
964.5 2.2506890625e-46
964.625 2.2466296875e-46
964.75 2.2425515625e-46
964.875 2.238541875e-46
965 2.234360625e-46
965.125 2.230242187500001e-46
965.25 2.2262109375e-46
965.375 2.2221534375e-46
965.5 2.2181034375e-46
965.625 2.21383125e-46
965.75 2.2098703125e-46
965.875 2.205890625e-46
966 2.2018003125e-46
966.125 2.19777375e-46
966.25 2.1936e-46
966.375 2.189446875e-46
966.5 2.1853921875e-46
966.625 2.1810909375e-46
966.75 2.1769453125e-46
966.875 2.172654375e-46
967 2.168398125e-46
967.125 2.1639796875e-46
967.25 2.1596503125e-46
967.375 2.1554484375e-46
967.5 2.151316875e-46
967.625 2.1472340625e-46
967.75 2.14273875e-46
967.875 2.1383015625e-46
968 2.133609375e-46
968.125 2.1291703125e-46
968.25 2.1247828125e-46
968.375 2.1203840625e-46
968.5 2.1159309375e-46
968.625 2.1115640625e-46
968.75 2.1073565625e-46
968.875 2.1029925e-46
969 2.09858625e-46
969.125 2.0943253125e-46
969.25 2.0899453125e-46
969.375 2.0857378125e-46
969.5 2.0814075e-46
969.625 2.07703875e-46
969.75 2.0726390625e-46
969.875 2.0682703125e-46
970 2.063735625e-46
970.125 2.0592234375e-46
970.25 2.054570625e-46
970.375 2.0501278125e-46
970.5 2.04567e-46
970.625 2.041321875e-46
970.75 2.0369559375e-46
970.875 2.0325825e-46
971 2.025320625e-46
971.125 2.0098846875e-46
971.25 1.99336875e-46
971.375 1.9770984375e-46
971.5 1.960498125e-46
971.625 1.94373e-46
971.75 1.9267659375e-46
971.875 1.9101421875e-46
972 1.8937171875e-46
972.125 1.877308125e-46
972.25 1.8611953125e-46
972.375 1.8451265625e-46
972.5 1.8292190625e-46
972.625 1.813575e-46
972.75 1.7981390625e-46
972.875 1.7828034375e-46
973 1.7674190625e-46
973.125 1.7525671875e-46
973.25 1.7376121875e-46
973.375 1.722871875e-46
973.5 1.708340625e-46
973.625 1.6937221875e-46
973.75 1.6794e-46
973.875 1.6652221875e-46
974 1.651155e-46
974.125 1.6372715625e-46
974.25 1.6234171875e-46
974.375 1.6095121875e-46
974.5 1.59593625e-46
974.625 1.5825796875e-46
974.75 1.5695278125e-46
974.875 1.55637375e-46
975 1.5434315625e-46
975.125 1.530684375e-46
975.25 1.517709375e-46
975.375 1.5054309375e-46
975.5 1.4929809375e-46
975.625 1.4806340625e-46
975.75 1.4685234375e-46
975.875 1.4567371875e-46
976 1.4447859375e-46
976.125 1.4331346875e-46
976.25 1.4215078125e-46
976.375 1.41035625e-46
976.5 1.3990078125e-46
976.625 1.387685625e-46
976.75 1.377028125e-46
976.875 1.36591875e-46
977 1.3550109375e-46
977.125 1.344628125e-46
977.25 1.33403625e-46
977.375 1.323721875e-46
977.5 1.31365125e-46
977.625 1.303528125e-46
977.75 1.2934875e-46
977.875 1.2840515625e-46
978 1.274559375e-46
978.125 1.2653203125e-46
978.25 1.25638125e-46
978.375 1.247514375e-46
978.5 1.2387703125e-46
978.625 1.2303346875e-46
978.75 1.221740625e-46
978.875 1.2134746875e-46
979 1.2053278125e-46
979.125 1.197555e-46
979.25 1.1902715625e-46
979.375 1.1825925e-46
979.5 1.175308125e-46
979.625 1.168123125e-46
979.75 1.16117625e-46
979.875 1.1543578125e-46
980 1.14792375e-46
980.125 1.14125625e-46
980.25 1.1345484375e-46
980.375 1.12815e-46
980.5 1.122073125e-46
980.625 1.1164171875e-46
980.75 1.1107640625e-46
980.875 1.1057015625e-46
981 1.1007046875e-46
981.125 1.0956121875e-46
981.25 1.091079375e-46
981.375 1.0871578125e-46
981.5 1.0834828125e-46
981.625 1.080354375e-46
981.75 1.07856375e-46
981.875 1.0757175e-46
982 1.07188875e-46
982.125 1.068825e-46
982.25 1.066378125e-46
982.375 1.064653125e-46
982.5 1.0633565625e-46
982.625 1.0626309375e-46
982.75 1.0620796875e-46
982.875 1.061859375e-46
983 1.0623253125e-46
983.125 1.0630246875e-46
983.25 1.064716875e-46
983.375 1.0665796875e-46
983.5 1.0689890625e-46
983.625 1.0717809375e-46
983.75 1.0750378125e-46
983.875 1.0788440625e-46
984 1.083609375e-46
984.125 1.0895109375e-46
984.25 1.0960921875e-46
984.375 1.1032565625e-46
984.5 1.1113265625e-46
984.625 1.1199628125e-46
984.75 1.1296125e-46
984.875 1.1398265625e-46
985 1.1505703125e-46
985.125 1.1623565625e-46
985.25 1.1767078125e-46
985.375 1.191489375e-46
985.5 1.2063328125e-46
985.625 1.223191875e-46
985.75 1.2417984375e-46
985.875 1.261696875e-46
986 1.2836296875e-46
986.125 1.30684875e-46
986.25 1.3313109375e-46
986.375 1.3586934375e-46
986.5 1.389555e-46
986.625 1.4235028125e-46
986.75 1.45815e-46
986.875 1.4956265625e-46
987 1.5371296875e-46
987.125 1.5821090625e-46
987.25 1.6308346875e-46
987.375 1.6805503125e-46
987.5 1.7365284375e-46
987.625 1.7962528125e-46
987.75 1.859660625e-46
987.875 1.9275515625e-46
988 2.0036109375e-46
988.125 2.08929375e-46
988.25 2.190208125e-46
988.375 2.318641875e-46
988.5 2.496421875000001e-46
988.625 2.877046875000001e-46
988.75 3.247898437500001e-46
988.875 3.8256796875e-46
989 4.3665703125e-46
989.125 5.692125000000001e-46
989.25 1.13473125e-45
989.375 1.926496875e-45
989.5 3.261632812500001e-45
989.625 4.757390625e-45
989.75 6.496031250000001e-45
989.875 8.630578125000002e-45
990 1.157915625e-44
990.125 1.559015625e-44
990.25 2.1247153125e-44
990.375 2.9280234375e-44
990.5 4.057101562500001e-44
990.625 5.7288515625e-44
990.75 8.229140625000001e-44
990.875 1.2173503125e-43
991 1.8527221875e-43
991.125 2.8092890625e-43
991.25 4.389445312500001e-43
991.375 7.589062500000001e-43
991.5 1.632105e-42
991.625 6.084796875e-42
991.75 1.0854815625e-40
991.875 4.3698984375e-42
992 2.857195312500001e-42
992.125 2.534671875e-42
992.25 3.1675546875e-42
992.375 5.858531250000001e-42
992.5 1.7711390625e-41
992.625 1.1938096875e-40
992.75 3.834281250000001e-41
992.875 7.927546875000002e-42
993 3.216328125e-42
993.125 1.7376890625e-42
993.25 1.089795e-42
993.375 7.58896875e-43
993.5 5.769351562500001e-43
993.625 5.12090625e-43
993.75 5.739046875e-43
993.875 9.614578125e-43
994 2.1831421875e-42
994.125 6.048375000000001e-42
994.25 2.2281984375e-41
994.375 2.249925e-40
994.5 1.6038159375e-40
994.625 1.8441e-41
994.75 5.187515625000001e-42
994.875 1.9362496875e-42
995 9.754668750000003e-43
995.125 7.3423828125e-43
995.25 8.773570312500001e-43
995.375 1.580259375e-42
995.5 4.791867187500001e-42
995.625 1.02816375e-40
995.75 1.1837671875e-41
995.875 2.2973765625e-42
996 9.67070625e-43
996.125 5.627859375000001e-43
996.25 4.94015625e-43
996.375 9.427359375000001e-43
996.5 9.851700000000001e-42
996.625 7.094882812500002e-43
996.75 2.2510453125e-43
996.875 1.2394996875e-43
997 8.737875000000002e-44
997.125 7.324781250000001e-44
997.25 8.001000000000001e-44
997.375 1.324059375e-43
997.5 3.0781875e-43
997.625 1.029159375e-42
997.75 6.619054687500001e-42
997.875 4.6204921875e-41
998 2.1221128125e-42
998.125 5.971757812500001e-43
998.25 3.661734375e-43
998.375 5.188710937500001e-43
998.5 1.262165625e-42
998.625 3.723445312500001e-42
998.75 3.949453125000001e-41
998.875 2.497640625e-41
999 3.12740625e-42
999.125 1.0676653125e-42
999.25 3.791015625e-43
999.375 1.5537075e-43
999.5 7.152117187500001e-44
999.625 3.579140625e-44
999.75 1.9273565625e-44
999.875 1.0658015625e-44
1000 2.878757812500001e-45
1000.125 2.306786625e-45
1000.25 2.151920625e-45
1000.375 2.04783375e-45
1000.5 1.9570078125e-45
1000.625 1.87683046875e-45
1000.75 1.8054046875e-45
1000.875 1.730535375e-45
1001 1.6578684375e-45
1001.125 1.58260359375e-45
1001.25 1.5178096875e-45
1001.375 1.45862821875e-45
1001.5 1.3990921875e-45
1001.625 1.34525109375e-45
1001.75 1.2995371875e-45
1001.875 1.25644828125e-45
1002 1.214514375e-45
1002.125 1.18098834375e-45
1002.25 1.159048125e-45
1002.375 1.18241709375e-45
1002.5 1.2909140625e-45
1002.625 1.52590453125e-45
1002.75 1.7731575e-45
1002.875 2.1382993125e-45
1003 2.7828515625e-45
1003.125 3.8817286875e-45
1003.25 5.5518984375e-45
1003.375 8.399847656250001e-45
1003.5 1.371909375e-44
1003.625 2.39702521875e-44
1003.75 4.195664062500001e-44
1003.875 7.996415250000001e-44
1004 1.676484375e-43
1004.125 3.565603687500001e-43
1004.25 9.093e-43
1004.375 7.2553456875e-42
1004.5 9.98784375e-42
1004.625 1.00684434375e-42
1004.75 3.69984375e-43
1004.875 1.89393028125e-43
1005 8.864390625000001e-44
1005.125 4.46528184375e-44
1005.25 2.486976562500001e-44
1005.375 1.47788671875e-44
1005.5 8.671804687500001e-45
1005.625 5.340683250000001e-45
1005.75 3.496828125000001e-45
1005.875 2.37714665625e-45
1006 1.599e-45
1006.125 1.0419069375e-45
1006.25 3.7165078125e-46
1006.375 3.07398225e-46
1006.5 2.8121484375e-46
1006.625 2.6074029375e-46
1006.75 2.459859375000001e-46
1006.875 2.34024703125e-46
1007 2.2208484375e-46
1007.125 2.11275609375e-46
1007.25 2.020516875e-46
1007.375 1.93197271875e-46
1007.5 1.8463425e-46
1007.625 1.76654625e-46
1007.75 1.6966565625e-46
1007.875 1.63424521875e-46
1008 1.5731221875e-46
1008.125 1.52563125e-46
1008.25 1.49450625e-46
1008.375 1.46274571875e-46
1008.5 1.430015625e-46
1008.625 1.40802225e-46
1008.75 1.3992421875e-46
1008.875 1.4046373125e-46
1009 1.44031875e-46
1009.125 1.5463351875e-46
1009.25 1.7878875e-46
1009.375 2.499684375e-46
1009.5 5.5096640625e-46
1009.625 3.840664406250001e-45
1009.75 2.985984375e-45
1009.875 5.911721718750001e-46
1010 2.2088390625e-46
1010.125 1.449107625e-46
1010.25 1.1512828125e-46
1010.375 9.872248125e-47
1010.5 8.715164062500001e-47
1010.625 7.919637656250001e-47
1010.75 7.334015625000001e-47
1010.875 6.836058937500001e-47
1011 6.390820312500001e-47
1011.125 5.996673656250001e-47
1011.25 5.694375e-47
1011.375 5.4122911875e-47
1011.5 5.143968750000001e-47
1011.625 4.89630825e-47
1011.75 4.687804687500001e-47
1011.875 4.49597775e-47
1012 4.308304687500001e-47
1012.125 4.134814875000001e-47
1012.25 3.987023437500001e-47
1012.375 3.85045490625e-47
1012.5 3.713953125000001e-47
1012.625 3.585676968750001e-47
1012.75 3.4725234375e-47
1012.875 3.366175781250001e-47
1013 3.2583515625e-47
1013.125 3.155500593750001e-47
1013.25 3.064500000000001e-47
1013.375 2.97724040625e-47
1013.5 2.8887890625e-47
1013.625 2.805402e-47
1013.75 2.733421875e-47
1013.875 2.664506625e-47
1014 2.596687500000001e-47
1014.125 2.53090115625e-47
1014.25 2.471789062500001e-47
1014.375 2.415922218750001e-47
1014.5 2.359828125e-47
1014.625 2.30622346875e-47
1014.75 2.2610296875e-47
1014.875 2.21829046875e-47
1015 2.1734090625e-47
1015.125 2.130797531250001e-47
1015.25 2.0946028125e-47
1015.375 2.06138465625e-47
1015.5 2.0249184375e-47
1015.625 1.99165471875e-47
1015.75 1.9638515625e-47
1015.875 1.9382055e-47
1016 1.91258625e-47
1016.125 1.88938471875e-47
1016.25 1.8683765625e-47
1016.375 1.85124196875e-47
1016.5 1.83426375e-47
1016.625 1.8199828125e-47
1016.75 1.8071625e-47
1016.875 1.79707809375e-47
1017 1.7861015625e-47
1017.125 1.7774660625e-47
1017.25 1.7699859375e-47
1017.375 1.7624255625e-47
1017.5 1.7572753125e-47
1017.625 1.7526298125e-47
1017.75 1.7501409375e-47
1017.875 1.74813525e-47
1018 1.7467059375e-47
1018.125 1.745913375e-47
1018.25 1.7469121875e-47
1018.375 1.748074125e-47
1018.5 1.7495203125e-47
1018.625 1.7548288125e-47
1018.75 1.7603465625e-47
1018.875 1.765461375e-47
1019 1.7742140625e-47
1019.125 1.783537875e-47
1019.25 1.7949609375e-47
1019.375 1.80807515625e-47
1019.5 1.82454375e-47
1019.625 1.8447943125e-47
1019.75 1.8651984375e-47
1019.875 1.88662753125e-47
1020 1.9116890625e-47
1020.125 1.93896440625e-47
1020.25 1.9694484375e-47
1020.375 2.002681875e-47
1020.5 2.0417109375e-47
1020.625 2.07941025e-47
1020.75 2.1169715625e-47
1020.875 2.15393521875e-47
1021 2.194891875e-47
1021.125 2.237004187500001e-47
1021.25 2.275554375e-47
1021.375 2.31663675e-47
1021.5 2.3616796875e-47
1021.625 2.4116285625e-47
1021.75 2.4609375e-47
1021.875 2.51042671875e-47
1022 2.567578125e-47
1022.125 2.62639096875e-47
1022.25 2.6822578125e-47
1022.375 2.739364218750001e-47
1022.5 2.805796875e-47
1022.625 2.87726409375e-47
1022.75 2.9465625e-47
1022.875 3.021990656250001e-47
1023 3.105820312500001e-47
1023.125 3.1924209375e-47
1023.25 3.2761875e-47
1023.375 3.37000509375e-47
1023.5 3.472828125000001e-47
1023.625 3.5761875e-47
1023.75 3.676382812500001e-47
1023.875 3.775609031250001e-47
1024 1
